[0.000000] (-) TimerEvent: {}
[0.001140] (px4_msgs) JobQueued: {'identifier': 'px4_msgs', 'dependencies': OrderedDict()}
[0.001192] (control) JobQueued: {'identifier': 'control', 'dependencies': OrderedDict({'px4_msgs': '/home/carlos/ros2_ws/install/px4_msgs'})}
[0.001236] (px4_ros_com) JobQueued: {'identifier': 'px4_ros_com', 'dependencies': OrderedDict({'px4_msgs': '/home/carlos/ros2_ws/install/px4_msgs'})}
[0.001259] (px4_msgs) JobStarted: {'identifier': 'px4_msgs'}
[0.014180] (px4_msgs) JobProgress: {'identifier': 'px4_msgs', 'progress': 'cmake'}
[0.015173] (px4_msgs) JobProgress: {'identifier': 'px4_msgs', 'progress': 'build'}
[0.016598] (px4_msgs) Command: {'cmd': ['/usr/bin/cmake', '--build', '/home/carlos/ros2_ws/build/px4_msgs', '--', '-j16', '-l16'], 'cwd': '/home/carlos/ros2_ws/build/px4_msgs', 'env': OrderedDict({'GJS_DEBUG_TOPICS': 'JS ERROR;JS LOG', 'XDG_ACTIVATION_TOKEN': 'gnome-shell/Terminator/2840-1-carlos-Lenovo-Slim-Pro-7-14ARP8_TIME53349', 'LESSOPEN': '| /usr/bin/lesspipe %s', 'USER': 'carlos', 'XDG_SESSION_TYPE': 'x11', 'CLUTTER_DISABLE_MIPMAPPED_TEXT': '1', 'SHLVL': '1', 'LD_LIBRARY_PATH': '/home/carlos/ros2_ws/install/px4_ros_com/lib:/home/carlos/ros2_ws/install/px4_msgs/lib:/opt/ros/jazzy/opt/zenoh_cpp_vendor/lib:/opt/ros/jazzy/opt/rviz_ogre_vendor/lib:/opt/ros/jazzy/lib/x86_64-linux-gnu:/opt/ros/jazzy/opt/gz_math_vendor/lib:/opt/ros/jazzy/opt/gz_utils_vendor/lib:/opt/ros/jazzy/opt/gz_cmake_vendor/lib:/opt/ros/jazzy/lib', 'HOME': '/home/carlos', 'OLDPWD': '/home/carlos', 'DESKTOP_SESSION': 'ubuntu', 'GIO_LAUNCHED_DESKTOP_FILE': '/usr/share/applications/terminator.desktop', 'ROS_PYTHON_VERSION': '3', 'GNOME_SHELL_SESSION_MODE': 'ubuntu', 'GTK_MODULES': 'gail:atk-bridge', 'MANAGERPID': '2380', 'SYSTEMD_EXEC_PID': '2840', 'GSM_SKIP_SSH_AGENT_WORKAROUND': 'true', 'DBUS_SESSION_BUS_ADDRESS': 'unix:path=/run/user/1000/bus', 'COLORTERM': 'truecolor', 'TERMINATOR_DBUS_NAME': 'net.tenshu.Terminator23558193cd9818af7fe4d2c2f5bd9d00f', 'GIO_LAUNCHED_DESKTOP_FILE_PID': '4862', 'DEBUGINFOD_URLS': 'https://debuginfod.ubuntu.com', 'COLCON_PREFIX_PATH': '/home/carlos/ros2_ws/install', 'ROS_DISTRO': 'jazzy', 'LOGNAME': 'carlos', 'JOURNAL_STREAM': '9:25986', '_': '/usr/bin/colcon', 'ROS_VERSION': '2', 'MEMORY_PRESSURE_WATCH': '/sys/fs/cgroup/user.slice/user-1000.slice/user@1000.service/session.slice/org.gnome.Shell@x11.service/memory.pressure', 'XDG_SESSION_CLASS': 'user', 'USERNAME': 'carlos', 'TERM': 'xterm-256color', 'GNOME_DESKTOP_SESSION_ID': 'this-is-deprecated', 'WINDOWPATH': '2', 'PATH': '/opt/ros/jazzy/bin:/home/carlos/.local/bin:/usr/local/sbin:/usr/local/bin:/usr/sbin:/usr/bin:/sbin:/bin:/usr/games:/usr/local/games:/snap/bin:/snap/bin:/opt/xtensa-esp-elf/bin/', 'SESSION_MANAGER': 'local/carlos-Lenovo-Slim-Pro-7-14ARP8:@/tmp/.ICE-unix/2796,unix/carlos-Lenovo-Slim-Pro-7-14ARP8:/tmp/.ICE-unix/2796', 'INVOCATION_ID': 'f475dcf9eb7e4a02b43f1a7347585d2f', 'XDG_MENU_PREFIX': 'gnome-', 'XDG_RUNTIME_DIR': '/run/user/1000', 'DISPLAY': ':1', 'TERMINATOR_DBUS_PATH': '/net/tenshu/Terminator2', 'LANG': 'en_US.UTF-8', 'XDG_CURRENT_DESKTOP': 'ubuntu:GNOME', 'XMODIFIERS': '@im=ibus', 'XDG_SESSION_DESKTOP': 'ubuntu', 'XAUTHORITY': '/run/user/1000/gdm/Xauthority', 'LS_COLORS': 'rs=0:di=01;34:ln=01;36:mh=00:pi=40;33:so=01;35:do=01;35:bd=40;33;01:cd=40;33;01:or=40;31;01:mi=00:su=37;41:sg=30;43:ca=00:tw=30;42:ow=34;42:st=37;44:ex=01;32:*.tar=01;31:*.tgz=01;31:*.arc=01;31:*.arj=01;31:*.taz=01;31:*.lha=01;31:*.lz4=01;31:*.lzh=01;31:*.lzma=01;31:*.tlz=01;31:*.txz=01;31:*.tzo=01;31:*.t7z=01;31:*.zip=01;31:*.z=01;31:*.dz=01;31:*.gz=01;31:*.lrz=01;31:*.lz=01;31:*.lzo=01;31:*.xz=01;31:*.zst=01;31:*.tzst=01;31:*.bz2=01;31:*.bz=01;31:*.tbz=01;31:*.tbz2=01;31:*.tz=01;31:*.deb=01;31:*.rpm=01;31:*.jar=01;31:*.war=01;31:*.ear=01;31:*.sar=01;31:*.rar=01;31:*.alz=01;31:*.ace=01;31:*.zoo=01;31:*.cpio=01;31:*.7z=01;31:*.rz=01;31:*.cab=01;31:*.wim=01;31:*.swm=01;31:*.dwm=01;31:*.esd=01;31:*.avif=01;35:*.jpg=01;35:*.jpeg=01;35:*.mjpg=01;35:*.mjpeg=01;35:*.gif=01;35:*.bmp=01;35:*.pbm=01;35:*.pgm=01;35:*.ppm=01;35:*.tga=01;35:*.xbm=01;35:*.xpm=01;35:*.tif=01;35:*.tiff=01;35:*.png=01;35:*.svg=01;35:*.svgz=01;35:*.mng=01;35:*.pcx=01;35:*.mov=01;35:*.mpg=01;35:*.mpeg=01;35:*.m2v=01;35:*.mkv=01;35:*.webm=01;35:*.webp=01;35:*.ogm=01;35:*.mp4=01;35:*.m4v=01;35:*.mp4v=01;35:*.vob=01;35:*.qt=01;35:*.nuv=01;35:*.wmv=01;35:*.asf=01;35:*.rm=01;35:*.rmvb=01;35:*.flc=01;35:*.avi=01;35:*.fli=01;35:*.flv=01;35:*.gl=01;35:*.dl=01;35:*.xcf=01;35:*.xwd=01;35:*.yuv=01;35:*.cgm=01;35:*.emf=01;35:*.ogv=01;35:*.ogx=01;35:*.aac=00;36:*.au=00;36:*.flac=00;36:*.m4a=00;36:*.mid=00;36:*.midi=00;36:*.mka=00;36:*.mp3=00;36:*.mpc=00;36:*.ogg=00;36:*.ra=00;36:*.wav=00;36:*.oga=00;36:*.opus=00;36:*.spx=00;36:*.xspf=00;36:*~=00;90:*#=00;90:*.bak=00;90:*.crdownload=00;90:*.dpkg-dist=00;90:*.dpkg-new=00;90:*.dpkg-old=00;90:*.dpkg-tmp=00;90:*.old=00;90:*.orig=00;90:*.part=00;90:*.rej=00;90:*.rpmnew=00;90:*.rpmorig=00;90:*.rpmsave=00;90:*.swp=00;90:*.tmp=00;90:*.ucf-dist=00;90:*.ucf-new=00;90:*.ucf-old=00;90:', 'SSH_AUTH_SOCK': '/run/user/1000/keyring/ssh', 'AMENT_PREFIX_PATH': '/home/carlos/ros2_ws/install/px4_ros_com:/home/carlos/ros2_ws/install/control:/home/carlos/ros2_ws/install/px4_msgs:/opt/ros/jazzy', 'SHELL': '/bin/bash', 'TERMINATOR_UUID': 'urn:uuid:822a4f88-cac2-4c93-a703-7e4bb3f076d0', 'QT_ACCESSIBILITY': '1', 'GDMSESSION': 'ubuntu', 'LESSCLOSE': '/usr/bin/lesspipe %s %s', 'GPG_AGENT_INFO': '/run/user/1000/gnupg/S.gpg-agent:0:1', 'GJS_DEBUG_OUTPUT': 'stderr', 'ROS_AUTOMATIC_DISCOVERY_RANGE': 'SUBNET', 'QT_IM_MODULE': 'ibus', 'PWD': '/home/carlos/ros2_ws/build/px4_msgs', 'XDG_CONFIG_DIRS': '/etc/xdg/xdg-ubuntu:/etc/xdg', 'XDG_DATA_DIRS': '/usr/share/ubuntu:/usr/share/gnome:/usr/local/share/:/usr/share/:/var/lib/snapd/desktop', 'PYTHONPATH': '/home/carlos/ros2_ws/install/px4_ros_com/lib/python3.12/site-packages:/home/carlos/ros2_ws/install/px4_msgs/lib/python3.12/site-packages:/opt/ros/jazzy/lib/python3.12/site-packages', 'COLCON': '1', 'MEMORY_PRESSURE_WRITE': 'c29tZSAyMDAwMDAgMjAwMDAwMAA=', 'VTE_VERSION': '7600', 'CMAKE_PREFIX_PATH': '/home/carlos/ros2_ws/install/px4_ros_com:/home/carlos/ros2_ws/install/control:/home/carlos/ros2_ws/install/px4_msgs:/opt/ros/jazzy/opt/gz_math_vendor:/opt/ros/jazzy/opt/gz_utils_vendor:/opt/ros/jazzy/opt/gz_cmake_vendor:/opt/ros/jazzy'}), 'shell': False}
[0.099228] (-) TimerEvent: {}
[0.199688] (-) TimerEvent: {}
[0.300114] (-) TimerEvent: {}
[0.400474] (-) TimerEvent: {}
[0.500817] (-) TimerEvent: {}
[0.601211] (-) TimerEvent: {}
[0.701534] (-) TimerEvent: {}
[0.801859] (-) TimerEvent: {}
[0.902300] (-) TimerEvent: {}
[1.002632] (-) TimerEvent: {}
[1.103025] (-) TimerEvent: {}
[1.203382] (-) TimerEvent: {}
[1.303720] (-) TimerEvent: {}
[1.404115] (-) TimerEvent: {}
[1.504449] (-) TimerEvent: {}
[1.604829] (-) TimerEvent: {}
[1.678864] (px4_msgs) StdoutLine: {'line': b'[  0%] Built target px4_msgs__rosidl_generator_type_description\n'}
[1.682496] (px4_msgs) StdoutLine: {'line': b'[  0%] Built target ament_cmake_python_symlink_px4_msgs\n'}
[1.705000] (-) TimerEvent: {}
[1.772690] (px4_msgs) StdoutLine: {'line': b'[  0%] Built target px4_msgs__cpp\n'}
[1.805186] (-) TimerEvent: {}
[1.905644] (-) TimerEvent: {}
[2.000534] (px4_msgs) StdoutLine: {'line': b'[ 29%] Built target px4_msgs__rosidl_generator_c\n'}
[2.005747] (-) TimerEvent: {}
[2.021384] (px4_msgs) StdoutLine: {'line': b'running egg_info\n'}
[2.053839] (px4_msgs) StdoutLine: {'line': b'writing px4_msgs.egg-info/PKG-INFO\n'}
[2.054313] (px4_msgs) StdoutLine: {'line': b'writing dependency_links to px4_msgs.egg-info/dependency_links.txt\n'}
[2.055067] (px4_msgs) StdoutLine: {'line': b'writing top-level names to px4_msgs.egg-info/top_level.txt\n'}
[2.105936] (-) TimerEvent: {}
[2.140022] (px4_msgs) StdoutLine: {'line': b'[ 39%] Built target px4_msgs__rosidl_typesupport_c\n'}
[2.150603] (px4_msgs) StdoutLine: {'line': b'[ 49%] Built target px4_msgs__rosidl_typesupport_introspection_c\n'}
[2.156839] (px4_msgs) StdoutLine: {'line': b"reading manifest file 'px4_msgs.egg-info/SOURCES.txt'\n"}
[2.163012] (px4_msgs) StdoutLine: {'line': b"writing manifest file 'px4_msgs.egg-info/SOURCES.txt'\n"}
[2.204212] (px4_msgs) StdoutLine: {'line': b'[ 59%] Built target px4_msgs__rosidl_typesupport_cpp\n'}
[2.206038] (-) TimerEvent: {}
[2.214773] (px4_msgs) StdoutLine: {'line': b'[ 59%] Built target ament_cmake_python_build_px4_msgs_egg\n'}
[2.224531] (px4_msgs) StdoutLine: {'line': b'[ 69%] Built target px4_msgs__rosidl_typesupport_introspection_cpp\n'}
[2.235366] (px4_msgs) StdoutLine: {'line': b'[ 79%] Built target px4_msgs__rosidl_typesupport_fastrtps_c\n'}
[2.245601] (px4_msgs) StdoutLine: {'line': b'[ 89%] Built target px4_msgs__rosidl_typesupport_fastrtps_cpp\n'}
[2.278207] (px4_msgs) StdoutLine: {'line': b'[ 89%] Built target px4_msgs\n'}
[2.306192] (-) TimerEvent: {}
[2.318598] (px4_msgs) StdoutLine: {'line': b'[ 89%] Built target px4_msgs__py\n'}
[2.406389] (-) TimerEvent: {}
[2.428089] (px4_msgs) StdoutLine: {'line': b'[ 99%] Built target px4_msgs__rosidl_generator_py\n'}
[2.457630] (px4_msgs) StdoutLine: {'line': b'[ 99%] Built target px4_msgs_s__rosidl_typesupport_fastrtps_c\n'}
[2.457934] (px4_msgs) StdoutLine: {'line': b'[ 99%] Built target px4_msgs_s__rosidl_typesupport_c\n'}
[2.458139] (px4_msgs) StdoutLine: {'line': b'[100%] Built target px4_msgs_s__rosidl_typesupport_introspection_c\n'}
[2.471246] (px4_msgs) CommandEnded: {'returncode': 0}
[2.472038] (px4_msgs) JobProgress: {'identifier': 'px4_msgs', 'progress': 'install'}
[2.483358] (px4_msgs) Command: {'cmd': ['/usr/bin/cmake', '--install', '/home/carlos/ros2_ws/build/px4_msgs'], 'cwd': '/home/carlos/ros2_ws/build/px4_msgs', 'env': OrderedDict({'GJS_DEBUG_TOPICS': 'JS ERROR;JS LOG', 'XDG_ACTIVATION_TOKEN': 'gnome-shell/Terminator/2840-1-carlos-Lenovo-Slim-Pro-7-14ARP8_TIME53349', 'LESSOPEN': '| /usr/bin/lesspipe %s', 'USER': 'carlos', 'XDG_SESSION_TYPE': 'x11', 'CLUTTER_DISABLE_MIPMAPPED_TEXT': '1', 'SHLVL': '1', 'LD_LIBRARY_PATH': '/home/carlos/ros2_ws/install/px4_ros_com/lib:/home/carlos/ros2_ws/install/px4_msgs/lib:/opt/ros/jazzy/opt/zenoh_cpp_vendor/lib:/opt/ros/jazzy/opt/rviz_ogre_vendor/lib:/opt/ros/jazzy/lib/x86_64-linux-gnu:/opt/ros/jazzy/opt/gz_math_vendor/lib:/opt/ros/jazzy/opt/gz_utils_vendor/lib:/opt/ros/jazzy/opt/gz_cmake_vendor/lib:/opt/ros/jazzy/lib', 'HOME': '/home/carlos', 'OLDPWD': '/home/carlos', 'DESKTOP_SESSION': 'ubuntu', 'GIO_LAUNCHED_DESKTOP_FILE': '/usr/share/applications/terminator.desktop', 'ROS_PYTHON_VERSION': '3', 'GNOME_SHELL_SESSION_MODE': 'ubuntu', 'GTK_MODULES': 'gail:atk-bridge', 'MANAGERPID': '2380', 'SYSTEMD_EXEC_PID': '2840', 'GSM_SKIP_SSH_AGENT_WORKAROUND': 'true', 'DBUS_SESSION_BUS_ADDRESS': 'unix:path=/run/user/1000/bus', 'COLORTERM': 'truecolor', 'TERMINATOR_DBUS_NAME': 'net.tenshu.Terminator23558193cd9818af7fe4d2c2f5bd9d00f', 'GIO_LAUNCHED_DESKTOP_FILE_PID': '4862', 'DEBUGINFOD_URLS': 'https://debuginfod.ubuntu.com', 'COLCON_PREFIX_PATH': '/home/carlos/ros2_ws/install', 'ROS_DISTRO': 'jazzy', 'LOGNAME': 'carlos', 'JOURNAL_STREAM': '9:25986', '_': '/usr/bin/colcon', 'ROS_VERSION': '2', 'MEMORY_PRESSURE_WATCH': '/sys/fs/cgroup/user.slice/user-1000.slice/user@1000.service/session.slice/org.gnome.Shell@x11.service/memory.pressure', 'XDG_SESSION_CLASS': 'user', 'USERNAME': 'carlos', 'TERM': 'xterm-256color', 'GNOME_DESKTOP_SESSION_ID': 'this-is-deprecated', 'WINDOWPATH': '2', 'PATH': '/opt/ros/jazzy/bin:/home/carlos/.local/bin:/usr/local/sbin:/usr/local/bin:/usr/sbin:/usr/bin:/sbin:/bin:/usr/games:/usr/local/games:/snap/bin:/snap/bin:/opt/xtensa-esp-elf/bin/', 'SESSION_MANAGER': 'local/carlos-Lenovo-Slim-Pro-7-14ARP8:@/tmp/.ICE-unix/2796,unix/carlos-Lenovo-Slim-Pro-7-14ARP8:/tmp/.ICE-unix/2796', 'INVOCATION_ID': 'f475dcf9eb7e4a02b43f1a7347585d2f', 'XDG_MENU_PREFIX': 'gnome-', 'XDG_RUNTIME_DIR': '/run/user/1000', 'DISPLAY': ':1', 'TERMINATOR_DBUS_PATH': '/net/tenshu/Terminator2', 'LANG': 'en_US.UTF-8', 'XDG_CURRENT_DESKTOP': 'ubuntu:GNOME', 'XMODIFIERS': '@im=ibus', 'XDG_SESSION_DESKTOP': 'ubuntu', 'XAUTHORITY': '/run/user/1000/gdm/Xauthority', 'LS_COLORS': 'rs=0:di=01;34:ln=01;36:mh=00:pi=40;33:so=01;35:do=01;35:bd=40;33;01:cd=40;33;01:or=40;31;01:mi=00:su=37;41:sg=30;43:ca=00:tw=30;42:ow=34;42:st=37;44:ex=01;32:*.tar=01;31:*.tgz=01;31:*.arc=01;31:*.arj=01;31:*.taz=01;31:*.lha=01;31:*.lz4=01;31:*.lzh=01;31:*.lzma=01;31:*.tlz=01;31:*.txz=01;31:*.tzo=01;31:*.t7z=01;31:*.zip=01;31:*.z=01;31:*.dz=01;31:*.gz=01;31:*.lrz=01;31:*.lz=01;31:*.lzo=01;31:*.xz=01;31:*.zst=01;31:*.tzst=01;31:*.bz2=01;31:*.bz=01;31:*.tbz=01;31:*.tbz2=01;31:*.tz=01;31:*.deb=01;31:*.rpm=01;31:*.jar=01;31:*.war=01;31:*.ear=01;31:*.sar=01;31:*.rar=01;31:*.alz=01;31:*.ace=01;31:*.zoo=01;31:*.cpio=01;31:*.7z=01;31:*.rz=01;31:*.cab=01;31:*.wim=01;31:*.swm=01;31:*.dwm=01;31:*.esd=01;31:*.avif=01;35:*.jpg=01;35:*.jpeg=01;35:*.mjpg=01;35:*.mjpeg=01;35:*.gif=01;35:*.bmp=01;35:*.pbm=01;35:*.pgm=01;35:*.ppm=01;35:*.tga=01;35:*.xbm=01;35:*.xpm=01;35:*.tif=01;35:*.tiff=01;35:*.png=01;35:*.svg=01;35:*.svgz=01;35:*.mng=01;35:*.pcx=01;35:*.mov=01;35:*.mpg=01;35:*.mpeg=01;35:*.m2v=01;35:*.mkv=01;35:*.webm=01;35:*.webp=01;35:*.ogm=01;35:*.mp4=01;35:*.m4v=01;35:*.mp4v=01;35:*.vob=01;35:*.qt=01;35:*.nuv=01;35:*.wmv=01;35:*.asf=01;35:*.rm=01;35:*.rmvb=01;35:*.flc=01;35:*.avi=01;35:*.fli=01;35:*.flv=01;35:*.gl=01;35:*.dl=01;35:*.xcf=01;35:*.xwd=01;35:*.yuv=01;35:*.cgm=01;35:*.emf=01;35:*.ogv=01;35:*.ogx=01;35:*.aac=00;36:*.au=00;36:*.flac=00;36:*.m4a=00;36:*.mid=00;36:*.midi=00;36:*.mka=00;36:*.mp3=00;36:*.mpc=00;36:*.ogg=00;36:*.ra=00;36:*.wav=00;36:*.oga=00;36:*.opus=00;36:*.spx=00;36:*.xspf=00;36:*~=00;90:*#=00;90:*.bak=00;90:*.crdownload=00;90:*.dpkg-dist=00;90:*.dpkg-new=00;90:*.dpkg-old=00;90:*.dpkg-tmp=00;90:*.old=00;90:*.orig=00;90:*.part=00;90:*.rej=00;90:*.rpmnew=00;90:*.rpmorig=00;90:*.rpmsave=00;90:*.swp=00;90:*.tmp=00;90:*.ucf-dist=00;90:*.ucf-new=00;90:*.ucf-old=00;90:', 'SSH_AUTH_SOCK': '/run/user/1000/keyring/ssh', 'AMENT_PREFIX_PATH': '/home/carlos/ros2_ws/install/px4_ros_com:/home/carlos/ros2_ws/install/control:/home/carlos/ros2_ws/install/px4_msgs:/opt/ros/jazzy', 'SHELL': '/bin/bash', 'TERMINATOR_UUID': 'urn:uuid:822a4f88-cac2-4c93-a703-7e4bb3f076d0', 'QT_ACCESSIBILITY': '1', 'GDMSESSION': 'ubuntu', 'LESSCLOSE': '/usr/bin/lesspipe %s %s', 'GPG_AGENT_INFO': '/run/user/1000/gnupg/S.gpg-agent:0:1', 'GJS_DEBUG_OUTPUT': 'stderr', 'ROS_AUTOMATIC_DISCOVERY_RANGE': 'SUBNET', 'QT_IM_MODULE': 'ibus', 'PWD': '/home/carlos/ros2_ws/build/px4_msgs', 'XDG_CONFIG_DIRS': '/etc/xdg/xdg-ubuntu:/etc/xdg', 'XDG_DATA_DIRS': '/usr/share/ubuntu:/usr/share/gnome:/usr/local/share/:/usr/share/:/var/lib/snapd/desktop', 'PYTHONPATH': '/home/carlos/ros2_ws/install/px4_ros_com/lib/python3.12/site-packages:/home/carlos/ros2_ws/install/px4_msgs/lib/python3.12/site-packages:/opt/ros/jazzy/lib/python3.12/site-packages', 'COLCON': '1', 'MEMORY_PRESSURE_WRITE': 'c29tZSAyMDAwMDAgMjAwMDAwMAA=', 'VTE_VERSION': '7600', 'CMAKE_PREFIX_PATH': '/home/carlos/ros2_ws/install/px4_ros_com:/home/carlos/ros2_ws/install/control:/home/carlos/ros2_ws/install/px4_msgs:/opt/ros/jazzy/opt/gz_math_vendor:/opt/ros/jazzy/opt/gz_utils_vendor:/opt/ros/jazzy/opt/gz_cmake_vendor:/opt/ros/jazzy'}), 'shell': False}
[2.490330] (px4_msgs) StdoutLine: {'line': b'-- Install configuration: ""\n'}
[2.492923] (px4_msgs) StdoutLine: {'line': b'-- Execute custom install script\n'}
[2.493205] (px4_msgs) StdoutLine: {'line': b'-- Up-to-date symlink: /home/carlos/ros2_ws/install/px4_msgs/share/ament_index/resource_index/rosidl_interfaces/px4_msgs\n'}
[2.493375] (px4_msgs) StdoutLine: {'line': b'-- Up-to-date symlink: /home/carlos/ros2_ws/install/px4_msgs/share/px4_msgs/msg/ActionRequest.json\n'}
[2.493587] (px4_msgs) StdoutLine: {'line': b'-- Up-to-date symlink: /home/carlos/ros2_ws/install/px4_msgs/share/px4_msgs/msg/ActuatorArmed.json\n'}
[2.493710] (px4_msgs) StdoutLine: {'line': b'-- Up-to-date symlink: /home/carlos/ros2_ws/install/px4_msgs/share/px4_msgs/msg/ActuatorControlsStatus.json\n'}
[2.493816] (px4_msgs) StdoutLine: {'line': b'-- Up-to-date symlink: /home/carlos/ros2_ws/install/px4_msgs/share/px4_msgs/msg/ActuatorMotors.json\n'}
[2.493964] (px4_msgs) StdoutLine: {'line': b'-- Up-to-date symlink: /home/carlos/ros2_ws/install/px4_msgs/share/px4_msgs/msg/ActuatorOutputs.json\n'}
[2.494110] (px4_msgs) StdoutLine: {'line': b'-- Up-to-date symlink: /home/carlos/ros2_ws/install/px4_msgs/share/px4_msgs/msg/ActuatorServos.json\n'}
[2.494254] (px4_msgs) StdoutLine: {'line': b'-- Up-to-date symlink: /home/carlos/ros2_ws/install/px4_msgs/share/px4_msgs/msg/ActuatorServosTrim.json\n'}
[2.494360] (px4_msgs) StdoutLine: {'line': b'-- Up-to-date symlink: /home/carlos/ros2_ws/install/px4_msgs/share/px4_msgs/msg/ActuatorTest.json\n'}
[2.494439] (px4_msgs) StdoutLine: {'line': b'-- Up-to-date symlink: /home/carlos/ros2_ws/install/px4_msgs/share/px4_msgs/msg/AdcReport.json\n'}
[2.494484] (px4_msgs) StdoutLine: {'line': b'-- Up-to-date symlink: /home/carlos/ros2_ws/install/px4_msgs/share/px4_msgs/msg/Airspeed.json\n'}
[2.494546] (px4_msgs) StdoutLine: {'line': b'-- Up-to-date symlink: /home/carlos/ros2_ws/install/px4_msgs/share/px4_msgs/msg/AirspeedValidated.json\n'}
[2.494595] (px4_msgs) StdoutLine: {'line': b'-- Up-to-date symlink: /home/carlos/ros2_ws/install/px4_msgs/share/px4_msgs/msg/AirspeedWind.json\n'}
[2.494635] (px4_msgs) StdoutLine: {'line': b'-- Up-to-date symlink: /home/carlos/ros2_ws/install/px4_msgs/share/px4_msgs/msg/ArmingCheckReply.json\n'}
[2.494692] (px4_msgs) StdoutLine: {'line': b'-- Up-to-date symlink: /home/carlos/ros2_ws/install/px4_msgs/share/px4_msgs/msg/ArmingCheckRequest.json\n'}
[2.494747] (px4_msgs) StdoutLine: {'line': b'-- Up-to-date symlink: /home/carlos/ros2_ws/install/px4_msgs/share/px4_msgs/msg/AutotuneAttitudeControlStatus.json\n'}
[2.494825] (px4_msgs) StdoutLine: {'line': b'-- Up-to-date symlink: /home/carlos/ros2_ws/install/px4_msgs/share/px4_msgs/msg/BatteryInfo.json\n'}
[2.494928] (px4_msgs) StdoutLine: {'line': b'-- Up-to-date symlink: /home/carlos/ros2_ws/install/px4_msgs/share/px4_msgs/msg/BatteryStatus.json\n'}
[2.495030] (px4_msgs) StdoutLine: {'line': b'-- Up-to-date symlink: /home/carlos/ros2_ws/install/px4_msgs/share/px4_msgs/msg/ButtonEvent.json\n'}
[2.495177] (px4_msgs) StdoutLine: {'line': b'-- Up-to-date symlink: /home/carlos/ros2_ws/install/px4_msgs/share/px4_msgs/msg/CameraCapture.json\n'}
[2.495284] (px4_msgs) StdoutLine: {'line': b'-- Up-to-date symlink: /home/carlos/ros2_ws/install/px4_msgs/share/px4_msgs/msg/CameraStatus.json\n'}
[2.495391] (px4_msgs) StdoutLine: {'line': b'-- Up-to-date symlink: /home/carlos/ros2_ws/install/px4_msgs/share/px4_msgs/msg/CameraTrigger.json\n'}
[2.495499] (px4_msgs) StdoutLine: {'line': b'-- Up-to-date symlink: /home/carlos/ros2_ws/install/px4_msgs/share/px4_msgs/msg/CanInterfaceStatus.json\n'}
[2.495605] (px4_msgs) StdoutLine: {'line': b'-- Up-to-date symlink: /home/carlos/ros2_ws/install/px4_msgs/share/px4_msgs/msg/CellularStatus.json\n'}
[2.495741] (px4_msgs) StdoutLine: {'line': b'-- Up-to-date symlink: /home/carlos/ros2_ws/install/px4_msgs/share/px4_msgs/msg/CollisionConstraints.json\n'}
[2.495836] (px4_msgs) StdoutLine: {'line': b'-- Up-to-date symlink: /home/carlos/ros2_ws/install/px4_msgs/share/px4_msgs/msg/ConfigOverrides.json\n'}
[2.495908] (px4_msgs) StdoutLine: {'line': b'-- Up-to-date symlink: /home/carlos/ros2_ws/install/px4_msgs/share/px4_msgs/msg/ControlAllocatorStatus.json\n'}
[2.496030] (px4_msgs) StdoutLine: {'line': b'-- Up-to-date symlink: /home/carlos/ros2_ws/install/px4_msgs/share/px4_msgs/msg/Cpuload.json\n'}
[2.496157] (px4_msgs) StdoutLine: {'line': b'-- Up-to-date symlink: /home/carlos/ros2_ws/install/px4_msgs/share/px4_msgs/msg/DatamanRequest.json\n'}
[2.496229] (px4_msgs) StdoutLine: {'line': b'-- Up-to-date symlink: /home/carlos/ros2_ws/install/px4_msgs/share/px4_msgs/msg/DatamanResponse.json\n'}
[2.496330] (px4_msgs) StdoutLine: {'line': b'-- Up-to-date symlink: /home/carlos/ros2_ws/install/px4_msgs/share/px4_msgs/msg/DebugArray.json\n'}
[2.496433] (px4_msgs) StdoutLine: {'line': b'-- Up-to-date symlink: /home/carlos/ros2_ws/install/px4_msgs/share/px4_msgs/msg/DebugKeyValue.json\n'}
[2.496535] (px4_msgs) StdoutLine: {'line': b'-- Up-to-date symlink: /home/carlos/ros2_ws/install/px4_msgs/share/px4_msgs/msg/DebugValue.json\n'}
[2.496637] (px4_msgs) StdoutLine: {'line': b'-- Up-to-date symlink: /home/carlos/ros2_ws/install/px4_msgs/share/px4_msgs/msg/DebugVect.json\n'}
[2.496740] (px4_msgs) StdoutLine: {'line': b'-- Up-to-date symlink: /home/carlos/ros2_ws/install/px4_msgs/share/px4_msgs/msg/DifferentialPressure.json\n'}
[2.496843] (px4_msgs) StdoutLine: {'line': b'-- Up-to-date symlink: /home/carlos/ros2_ws/install/px4_msgs/share/px4_msgs/msg/DistanceSensor.json\n'}
[2.496945] (px4_msgs) StdoutLine: {'line': b'-- Up-to-date symlink: /home/carlos/ros2_ws/install/px4_msgs/share/px4_msgs/msg/DistanceSensorModeChangeRequest.json\n'}
[2.497074] (px4_msgs) StdoutLine: {'line': b'-- Up-to-date symlink: /home/carlos/ros2_ws/install/px4_msgs/share/px4_msgs/msg/DronecanNodeStatus.json\n'}
[2.497170] (px4_msgs) StdoutLine: {'line': b'-- Up-to-date symlink: /home/carlos/ros2_ws/install/px4_msgs/share/px4_msgs/msg/Ekf2Timestamps.json\n'}
[2.497294] (px4_msgs) StdoutLine: {'line': b'-- Up-to-date symlink: /home/carlos/ros2_ws/install/px4_msgs/share/px4_msgs/msg/EscReport.json\n'}
[2.497386] (px4_msgs) StdoutLine: {'line': b'-- Up-to-date symlink: /home/carlos/ros2_ws/install/px4_msgs/share/px4_msgs/msg/EscStatus.json\n'}
[2.497478] (px4_msgs) StdoutLine: {'line': b'-- Up-to-date symlink: /home/carlos/ros2_ws/install/px4_msgs/share/px4_msgs/msg/EstimatorAidSource1d.json\n'}
[2.497579] (px4_msgs) StdoutLine: {'line': b'-- Up-to-date symlink: /home/carlos/ros2_ws/install/px4_msgs/share/px4_msgs/msg/EstimatorAidSource2d.json\n'}
[2.497682] (px4_msgs) StdoutLine: {'line': b'-- Up-to-date symlink: /home/carlos/ros2_ws/install/px4_msgs/share/px4_msgs/msg/EstimatorAidSource3d.json\n'}
[2.497785] (px4_msgs) StdoutLine: {'line': b'-- Up-to-date symlink: /home/carlos/ros2_ws/install/px4_msgs/share/px4_msgs/msg/EstimatorBias.json\n'}
[2.497887] (px4_msgs) StdoutLine: {'line': b'-- Up-to-date symlink: /home/carlos/ros2_ws/install/px4_msgs/share/px4_msgs/msg/EstimatorBias3d.json\n'}
[2.497990] (px4_msgs) StdoutLine: {'line': b'-- Up-to-date symlink: /home/carlos/ros2_ws/install/px4_msgs/share/px4_msgs/msg/EstimatorEventFlags.json\n'}
[2.498121] (px4_msgs) StdoutLine: {'line': b'-- Up-to-date symlink: /home/carlos/ros2_ws/install/px4_msgs/share/px4_msgs/msg/EstimatorGpsStatus.json\n'}
[2.498220] (px4_msgs) StdoutLine: {'line': b'-- Up-to-date symlink: /home/carlos/ros2_ws/install/px4_msgs/share/px4_msgs/msg/EstimatorInnovations.json\n'}
[2.498322] (px4_msgs) StdoutLine: {'line': b'-- Up-to-date symlink: /home/carlos/ros2_ws/install/px4_msgs/share/px4_msgs/msg/EstimatorSelectorStatus.json\n'}
[2.498448] (px4_msgs) StdoutLine: {'line': b'-- Up-to-date symlink: /home/carlos/ros2_ws/install/px4_msgs/share/px4_msgs/msg/EstimatorSensorBias.json\n'}
[2.498540] (px4_msgs) StdoutLine: {'line': b'-- Up-to-date symlink: /home/carlos/ros2_ws/install/px4_msgs/share/px4_msgs/msg/EstimatorStates.json\n'}
[2.498644] (px4_msgs) StdoutLine: {'line': b'-- Up-to-date symlink: /home/carlos/ros2_ws/install/px4_msgs/share/px4_msgs/msg/EstimatorStatus.json\n'}
[2.498748] (px4_msgs) StdoutLine: {'line': b'-- Up-to-date symlink: /home/carlos/ros2_ws/install/px4_msgs/share/px4_msgs/msg/EstimatorStatusFlags.json\n'}
[2.498853] (px4_msgs) StdoutLine: {'line': b'-- Up-to-date symlink: /home/carlos/ros2_ws/install/px4_msgs/share/px4_msgs/msg/Event.json\n'}
[2.498956] (px4_msgs) StdoutLine: {'line': b'-- Up-to-date symlink: /home/carlos/ros2_ws/install/px4_msgs/share/px4_msgs/msg/FailsafeFlags.json\n'}
[2.499173] (px4_msgs) StdoutLine: {'line': b'-- Up-to-date symlink: /home/carlos/ros2_ws/install/px4_msgs/share/px4_msgs/msg/FailureDetectorStatus.json\n'}
[2.499374] (px4_msgs) StdoutLine: {'line': b'-- Up-to-date symlink: /home/carlos/ros2_ws/install/px4_msgs/share/px4_msgs/msg/FigureEightStatus.json\n'}
[2.499508] (px4_msgs) StdoutLine: {'line': b'-- Up-to-date symlink: /home/carlos/ros2_ws/install/px4_msgs/share/px4_msgs/msg/FixedWingLateralGuidanceStatus.json\n'}
[2.499627] (px4_msgs) StdoutLine: {'line': b'-- Up-to-date symlink: /home/carlos/ros2_ws/install/px4_msgs/share/px4_msgs/msg/FixedWingLateralSetpoint.json\n'}
[2.499750] (px4_msgs) StdoutLine: {'line': b'-- Up-to-date symlink: /home/carlos/ros2_ws/install/px4_msgs/share/px4_msgs/msg/FixedWingLateralStatus.json\n'}
[2.499859] (px4_msgs) StdoutLine: {'line': b'-- Up-to-date symlink: /home/carlos/ros2_ws/install/px4_msgs/share/px4_msgs/msg/FixedWingLongitudinalSetpoint.json\n'}
[2.499955] (px4_msgs) StdoutLine: {'line': b'-- Up-to-date symlink: /home/carlos/ros2_ws/install/px4_msgs/share/px4_msgs/msg/FixedWingRunwayControl.json\n'}
[2.500122] (px4_msgs) StdoutLine: {'line': b'-- Up-to-date symlink: /home/carlos/ros2_ws/install/px4_msgs/share/px4_msgs/msg/FlightPhaseEstimation.json\n'}
[2.500212] (px4_msgs) StdoutLine: {'line': b'-- Up-to-date symlink: /home/carlos/ros2_ws/install/px4_msgs/share/px4_msgs/msg/FollowTarget.json\n'}
[2.500320] (px4_msgs) StdoutLine: {'line': b'-- Up-to-date symlink: /home/carlos/ros2_ws/install/px4_msgs/share/px4_msgs/msg/FollowTargetEstimator.json\n'}
[2.500414] (px4_msgs) StdoutLine: {'line': b'-- Up-to-date symlink: /home/carlos/ros2_ws/install/px4_msgs/share/px4_msgs/msg/FollowTargetStatus.json\n'}
[2.500461] (px4_msgs) StdoutLine: {'line': b'-- Up-to-date symlink: /home/carlos/ros2_ws/install/px4_msgs/share/px4_msgs/msg/FuelTankStatus.json\n'}
[2.500510] (px4_msgs) StdoutLine: {'line': b'-- Up-to-date symlink: /home/carlos/ros2_ws/install/px4_msgs/share/px4_msgs/msg/GeneratorStatus.json\n'}
[2.500578] (px4_msgs) StdoutLine: {'line': b'-- Up-to-date symlink: /home/carlos/ros2_ws/install/px4_msgs/share/px4_msgs/msg/GeofenceResult.json\n'}
[2.500654] (px4_msgs) StdoutLine: {'line': b'-- Up-to-date symlink: /home/carlos/ros2_ws/install/px4_msgs/share/px4_msgs/msg/GeofenceStatus.json\n'}
[2.500733] (px4_msgs) StdoutLine: {'line': b'-- Up-to-date symlink: /home/carlos/ros2_ws/install/px4_msgs/share/px4_msgs/msg/GimbalControls.json\n'}
[2.500820] (px4_msgs) StdoutLine: {'line': b'-- Up-to-date symlink: /home/carlos/ros2_ws/install/px4_msgs/share/px4_msgs/msg/GimbalDeviceAttitudeStatus.json\n'}
[2.500921] (px4_msgs) StdoutLine: {'line': b'-- Up-to-date symlink: /home/carlos/ros2_ws/install/px4_msgs/share/px4_msgs/msg/GimbalDeviceInformation.json\n'}
[2.501023] (px4_msgs) StdoutLine: {'line': b'-- Up-to-date symlink: /home/carlos/ros2_ws/install/px4_msgs/share/px4_msgs/msg/GimbalDeviceSetAttitude.json\n'}
[2.501136] (px4_msgs) StdoutLine: {'line': b'-- Up-to-date symlink: /home/carlos/ros2_ws/install/px4_msgs/share/px4_msgs/msg/GimbalManagerInformation.json\n'}
[2.501238] (px4_msgs) StdoutLine: {'line': b'-- Up-to-date symlink: /home/carlos/ros2_ws/install/px4_msgs/share/px4_msgs/msg/GimbalManagerSetAttitude.json\n'}
[2.501341] (px4_msgs) StdoutLine: {'line': b'-- Up-to-date symlink: /home/carlos/ros2_ws/install/px4_msgs/share/px4_msgs/msg/GimbalManagerSetManualControl.json\n'}
[2.501444] (px4_msgs) StdoutLine: {'line': b'-- Up-to-date symlink: /home/carlos/ros2_ws/install/px4_msgs/share/px4_msgs/msg/GimbalManagerStatus.json\n'}
[2.501547] (px4_msgs) StdoutLine: {'line': b'-- Up-to-date symlink: /home/carlos/ros2_ws/install/px4_msgs/share/px4_msgs/msg/GotoSetpoint.json\n'}
[2.501653] (px4_msgs) StdoutLine: {'line': b'-- Up-to-date symlink: /home/carlos/ros2_ws/install/px4_msgs/share/px4_msgs/msg/GpioConfig.json\n'}
[2.501756] (px4_msgs) StdoutLine: {'line': b'-- Up-to-date symlink: /home/carlos/ros2_ws/install/px4_msgs/share/px4_msgs/msg/GpioIn.json\n'}
[2.501859] (px4_msgs) StdoutLine: {'line': b'-- Up-to-date symlink: /home/carlos/ros2_ws/install/px4_msgs/share/px4_msgs/msg/GpioOut.json\n'}
[2.501962] (px4_msgs) StdoutLine: {'line': b'-- Up-to-date symlink: /home/carlos/ros2_ws/install/px4_msgs/share/px4_msgs/msg/GpioRequest.json\n'}
[2.502081] (px4_msgs) StdoutLine: {'line': b'-- Up-to-date symlink: /home/carlos/ros2_ws/install/px4_msgs/share/px4_msgs/msg/GpsDump.json\n'}
[2.502203] (px4_msgs) StdoutLine: {'line': b'-- Up-to-date symlink: /home/carlos/ros2_ws/install/px4_msgs/share/px4_msgs/msg/GpsInjectData.json\n'}
[2.502319] (px4_msgs) StdoutLine: {'line': b'-- Up-to-date symlink: /home/carlos/ros2_ws/install/px4_msgs/share/px4_msgs/msg/Gripper.json\n'}
[2.502434] (px4_msgs) StdoutLine: {'line': b'-- Up-to-date symlink: /home/carlos/ros2_ws/install/px4_msgs/share/px4_msgs/msg/HealthReport.json\n'}
[2.502550] (px4_msgs) StdoutLine: {'line': b'-- Up-to-date symlink: /home/carlos/ros2_ws/install/px4_msgs/share/px4_msgs/msg/HeaterStatus.json\n'}
[2.502661] (px4_msgs) StdoutLine: {'line': b'-- Up-to-date symlink: /home/carlos/ros2_ws/install/px4_msgs/share/px4_msgs/msg/HomePosition.json\n'}
[2.502773] (px4_msgs) StdoutLine: {'line': b'-- Up-to-date symlink: /home/carlos/ros2_ws/install/px4_msgs/share/px4_msgs/msg/HoverThrustEstimate.json\n'}
[2.502894] (px4_msgs) StdoutLine: {'line': b'-- Up-to-date symlink: /home/carlos/ros2_ws/install/px4_msgs/share/px4_msgs/msg/InputRc.json\n'}
[2.503009] (px4_msgs) StdoutLine: {'line': b'-- Up-to-date symlink: /home/carlos/ros2_ws/install/px4_msgs/share/px4_msgs/msg/InternalCombustionEngineControl.json\n'}
[2.503290] (px4_msgs) StdoutLine: {'line': b'-- Up-to-date symlink: /home/carlos/ros2_ws/install/px4_msgs/share/px4_msgs/msg/InternalCombustionEngineStatus.json\n'}
[2.503408] (px4_msgs) StdoutLine: {'line': b'-- Up-to-date symlink: /home/carlos/ros2_ws/install/px4_msgs/share/px4_msgs/msg/IridiumsbdStatus.json\n'}
[2.503521] (px4_msgs) StdoutLine: {'line': b'-- Up-to-date symlink: /home/carlos/ros2_ws/install/px4_msgs/share/px4_msgs/msg/IrlockReport.json\n'}
[2.503633] (px4_msgs) StdoutLine: {'line': b'-- Up-to-date symlink: /home/carlos/ros2_ws/install/px4_msgs/share/px4_msgs/msg/LandingGear.json\n'}
[2.503743] (px4_msgs) StdoutLine: {'line': b'-- Up-to-date symlink: /home/carlos/ros2_ws/install/px4_msgs/share/px4_msgs/msg/LandingGearWheel.json\n'}
[2.503854] (px4_msgs) StdoutLine: {'line': b'-- Up-to-date symlink: /home/carlos/ros2_ws/install/px4_msgs/share/px4_msgs/msg/LandingTargetInnovations.json\n'}
[2.503964] (px4_msgs) StdoutLine: {'line': b'-- Up-to-date symlink: /home/carlos/ros2_ws/install/px4_msgs/share/px4_msgs/msg/LandingTargetPose.json\n'}
[2.504097] (px4_msgs) StdoutLine: {'line': b'-- Up-to-date symlink: /home/carlos/ros2_ws/install/px4_msgs/share/px4_msgs/msg/LateralControlConfiguration.json\n'}
[2.504200] (px4_msgs) StdoutLine: {'line': b'-- Up-to-date symlink: /home/carlos/ros2_ws/install/px4_msgs/share/px4_msgs/msg/LaunchDetectionStatus.json\n'}
[2.504312] (px4_msgs) StdoutLine: {'line': b'-- Up-to-date symlink: /home/carlos/ros2_ws/install/px4_msgs/share/px4_msgs/msg/LedControl.json\n'}
[2.504429] (px4_msgs) StdoutLine: {'line': b'-- Up-to-date symlink: /home/carlos/ros2_ws/install/px4_msgs/share/px4_msgs/msg/LogMessage.json\n'}
[2.504543] (px4_msgs) StdoutLine: {'line': b'-- Up-to-date symlink: /home/carlos/ros2_ws/install/px4_msgs/share/px4_msgs/msg/LoggerStatus.json\n'}
[2.504655] (px4_msgs) StdoutLine: {'line': b'-- Up-to-date symlink: /home/carlos/ros2_ws/install/px4_msgs/share/px4_msgs/msg/LongitudinalControlConfiguration.json\n'}
[2.504766] (px4_msgs) StdoutLine: {'line': b'-- Up-to-date symlink: /home/carlos/ros2_ws/install/px4_msgs/share/px4_msgs/msg/MagWorkerData.json\n'}
[2.504878] (px4_msgs) StdoutLine: {'line': b'-- Up-to-date symlink: /home/carlos/ros2_ws/install/px4_msgs/share/px4_msgs/msg/MagnetometerBiasEstimate.json\n'}
[2.504990] (px4_msgs) StdoutLine: {'line': b'-- Up-to-date symlink: /home/carlos/ros2_ws/install/px4_msgs/share/px4_msgs/msg/ManualControlSetpoint.json\n'}
[2.505109] (px4_msgs) StdoutLine: {'line': b'-- Up-to-date symlink: /home/carlos/ros2_ws/install/px4_msgs/share/px4_msgs/msg/ManualControlSwitches.json\n'}
[2.505225] (px4_msgs) StdoutLine: {'line': b'-- Up-to-date symlink: /home/carlos/ros2_ws/install/px4_msgs/share/px4_msgs/msg/MavlinkLog.json\n'}
[2.505341] (px4_msgs) StdoutLine: {'line': b'-- Up-to-date symlink: /home/carlos/ros2_ws/install/px4_msgs/share/px4_msgs/msg/MavlinkTunnel.json\n'}
[2.505454] (px4_msgs) StdoutLine: {'line': b'-- Up-to-date symlink: /home/carlos/ros2_ws/install/px4_msgs/share/px4_msgs/msg/MessageFormatRequest.json\n'}
[2.505564] (px4_msgs) StdoutLine: {'line': b'-- Up-to-date symlink: /home/carlos/ros2_ws/install/px4_msgs/share/px4_msgs/msg/MessageFormatResponse.json\n'}
[2.505674] (px4_msgs) StdoutLine: {'line': b'-- Up-to-date symlink: /home/carlos/ros2_ws/install/px4_msgs/share/px4_msgs/msg/Mission.json\n'}
[2.505785] (px4_msgs) StdoutLine: {'line': b'-- Up-to-date symlink: /home/carlos/ros2_ws/install/px4_msgs/share/px4_msgs/msg/MissionResult.json\n'}
[2.505895] (px4_msgs) StdoutLine: {'line': b'-- Up-to-date symlink: /home/carlos/ros2_ws/install/px4_msgs/share/px4_msgs/msg/ModeCompleted.json\n'}
[2.506005] (px4_msgs) StdoutLine: {'line': b'-- Up-to-date symlink: /home/carlos/ros2_ws/install/px4_msgs/share/px4_msgs/msg/MountOrientation.json\n'}
[2.506130] (px4_msgs) StdoutLine: {'line': b'-- Up-to-date symlink: /home/carlos/ros2_ws/install/px4_msgs/share/px4_msgs/msg/NavigatorMissionItem.json\n'}
[2.506240] (px4_msgs) StdoutLine: {'line': b'-- Up-to-date symlink: /home/carlos/ros2_ws/install/px4_msgs/share/px4_msgs/msg/NavigatorStatus.json\n'}
[2.506349] (px4_msgs) StdoutLine: {'line': b'-- Up-to-date symlink: /home/carlos/ros2_ws/install/px4_msgs/share/px4_msgs/msg/NeuralControl.json\n'}
[2.506395] (-) TimerEvent: {}
[2.506479] (px4_msgs) StdoutLine: {'line': b'-- Up-to-date symlink: /home/carlos/ros2_ws/install/px4_msgs/share/px4_msgs/msg/NormalizedUnsignedSetpoint.json\n'}
[2.506573] (px4_msgs) StdoutLine: {'line': b'-- Up-to-date symlink: /home/carlos/ros2_ws/install/px4_msgs/share/px4_msgs/msg/ObstacleDistance.json\n'}
[2.506678] (px4_msgs) StdoutLine: {'line': b'-- Up-to-date symlink: /home/carlos/ros2_ws/install/px4_msgs/share/px4_msgs/msg/OffboardControlMode.json\n'}
[2.506791] (px4_msgs) StdoutLine: {'line': b'-- Up-to-date symlink: /home/carlos/ros2_ws/install/px4_msgs/share/px4_msgs/msg/OnboardComputerStatus.json\n'}
[2.506910] (px4_msgs) StdoutLine: {'line': b'-- Up-to-date symlink: /home/carlos/ros2_ws/install/px4_msgs/share/px4_msgs/msg/OpenDroneIdArmStatus.json\n'}
[2.507021] (px4_msgs) StdoutLine: {'line': b'-- Up-to-date symlink: /home/carlos/ros2_ws/install/px4_msgs/share/px4_msgs/msg/OpenDroneIdOperatorId.json\n'}
[2.507154] (px4_msgs) StdoutLine: {'line': b'-- Up-to-date symlink: /home/carlos/ros2_ws/install/px4_msgs/share/px4_msgs/msg/OpenDroneIdSelfId.json\n'}
[2.507263] (px4_msgs) StdoutLine: {'line': b'-- Up-to-date symlink: /home/carlos/ros2_ws/install/px4_msgs/share/px4_msgs/msg/OpenDroneIdSystem.json\n'}
[2.507376] (px4_msgs) StdoutLine: {'line': b'-- Up-to-date symlink: /home/carlos/ros2_ws/install/px4_msgs/share/px4_msgs/msg/OrbTest.json\n'}
[2.507485] (px4_msgs) StdoutLine: {'line': b'-- Up-to-date symlink: /home/carlos/ros2_ws/install/px4_msgs/share/px4_msgs/msg/OrbTestLarge.json\n'}
[2.507597] (px4_msgs) StdoutLine: {'line': b'-- Up-to-date symlink: /home/carlos/ros2_ws/install/px4_msgs/share/px4_msgs/msg/OrbTestMedium.json\n'}
[2.507714] (px4_msgs) StdoutLine: {'line': b'-- Up-to-date symlink: /home/carlos/ros2_ws/install/px4_msgs/share/px4_msgs/msg/OrbitStatus.json\n'}
[2.507834] (px4_msgs) StdoutLine: {'line': b'-- Up-to-date symlink: /home/carlos/ros2_ws/install/px4_msgs/share/px4_msgs/msg/ParameterResetRequest.json\n'}
[2.507942] (px4_msgs) StdoutLine: {'line': b'-- Up-to-date symlink: /home/carlos/ros2_ws/install/px4_msgs/share/px4_msgs/msg/ParameterSetUsedRequest.json\n'}
[2.508081] (px4_msgs) StdoutLine: {'line': b'-- Up-to-date symlink: /home/carlos/ros2_ws/install/px4_msgs/share/px4_msgs/msg/ParameterSetValueRequest.json\n'}
[2.508197] (px4_msgs) StdoutLine: {'line': b'-- Up-to-date symlink: /home/carlos/ros2_ws/install/px4_msgs/share/px4_msgs/msg/ParameterSetValueResponse.json\n'}
[2.508312] (px4_msgs) StdoutLine: {'line': b'-- Up-to-date symlink: /home/carlos/ros2_ws/install/px4_msgs/share/px4_msgs/msg/ParameterUpdate.json\n'}
[2.508425] (px4_msgs) StdoutLine: {'line': b'-- Up-to-date symlink: /home/carlos/ros2_ws/install/px4_msgs/share/px4_msgs/msg/Ping.json\n'}
[2.508542] (px4_msgs) StdoutLine: {'line': b'-- Up-to-date symlink: /home/carlos/ros2_ws/install/px4_msgs/share/px4_msgs/msg/PositionControllerLandingStatus.json\n'}
[2.508652] (px4_msgs) StdoutLine: {'line': b'-- Up-to-date symlink: /home/carlos/ros2_ws/install/px4_msgs/share/px4_msgs/msg/PositionControllerStatus.json\n'}
[2.508765] (px4_msgs) StdoutLine: {'line': b'-- Up-to-date symlink: /home/carlos/ros2_ws/install/px4_msgs/share/px4_msgs/msg/PositionSetpoint.json\n'}
[2.508898] (px4_msgs) StdoutLine: {'line': b'-- Up-to-date symlink: /home/carlos/ros2_ws/install/px4_msgs/share/px4_msgs/msg/PositionSetpointTriplet.json\n'}
[2.509008] (px4_msgs) StdoutLine: {'line': b'-- Up-to-date symlink: /home/carlos/ros2_ws/install/px4_msgs/share/px4_msgs/msg/PowerButtonState.json\n'}
[2.509133] (px4_msgs) StdoutLine: {'line': b'-- Up-to-date symlink: /home/carlos/ros2_ws/install/px4_msgs/share/px4_msgs/msg/PowerMonitor.json\n'}
[2.509248] (px4_msgs) StdoutLine: {'line': b'-- Up-to-date symlink: /home/carlos/ros2_ws/install/px4_msgs/share/px4_msgs/msg/PpsCapture.json\n'}
[2.509363] (px4_msgs) StdoutLine: {'line': b'-- Up-to-date symlink: /home/carlos/ros2_ws/install/px4_msgs/share/px4_msgs/msg/PurePursuitStatus.json\n'}
[2.509486] (px4_msgs) StdoutLine: {'line': b'-- Up-to-date symlink: /home/carlos/ros2_ws/install/px4_msgs/share/px4_msgs/msg/PwmInput.json\n'}
[2.509600] (px4_msgs) StdoutLine: {'line': b'-- Up-to-date symlink: /home/carlos/ros2_ws/install/px4_msgs/share/px4_msgs/msg/Px4ioStatus.json\n'}
[2.509744] (px4_msgs) StdoutLine: {'line': b'-- Up-to-date symlink: /home/carlos/ros2_ws/install/px4_msgs/share/px4_msgs/msg/QshellReq.json\n'}
[2.509869] (px4_msgs) StdoutLine: {'line': b'-- Up-to-date symlink: /home/carlos/ros2_ws/install/px4_msgs/share/px4_msgs/msg/QshellRetval.json\n'}
[2.510009] (px4_msgs) StdoutLine: {'line': b'-- Up-to-date symlink: /home/carlos/ros2_ws/install/px4_msgs/share/px4_msgs/msg/RadioStatus.json\n'}
[2.510140] (px4_msgs) StdoutLine: {'line': b'-- Up-to-date symlink: /home/carlos/ros2_ws/install/px4_msgs/share/px4_msgs/msg/RateCtrlStatus.json\n'}
[2.510263] (px4_msgs) StdoutLine: {'line': b'-- Up-to-date symlink: /home/carlos/ros2_ws/install/px4_msgs/share/px4_msgs/msg/RcChannels.json\n'}
[2.510383] (px4_msgs) StdoutLine: {'line': b'-- Up-to-date symlink: /home/carlos/ros2_ws/install/px4_msgs/share/px4_msgs/msg/RcParameterMap.json\n'}
[2.510499] (px4_msgs) StdoutLine: {'line': b'-- Up-to-date symlink: /home/carlos/ros2_ws/install/px4_msgs/share/px4_msgs/msg/RegisterExtComponentReply.json\n'}
[2.510606] (px4_msgs) StdoutLine: {'line': b'-- Up-to-date symlink: /home/carlos/ros2_ws/install/px4_msgs/share/px4_msgs/msg/RegisterExtComponentRequest.json\n'}
[2.510783] (px4_msgs) StdoutLine: {'line': b'-- Up-to-date symlink: /home/carlos/ros2_ws/install/px4_msgs/share/px4_msgs/msg/RoverAttitudeSetpoint.json\n'}
[2.510904] (px4_msgs) StdoutLine: {'line': b'-- Up-to-date symlink: /home/carlos/ros2_ws/install/px4_msgs/share/px4_msgs/msg/RoverAttitudeStatus.json\n'}
[2.511019] (px4_msgs) StdoutLine: {'line': b'-- Up-to-date symlink: /home/carlos/ros2_ws/install/px4_msgs/share/px4_msgs/msg/RoverPositionSetpoint.json\n'}
[2.511127] (px4_msgs) StdoutLine: {'line': b'-- Up-to-date symlink: /home/carlos/ros2_ws/install/px4_msgs/share/px4_msgs/msg/RoverRateSetpoint.json\n'}
[2.511262] (px4_msgs) StdoutLine: {'line': b'-- Up-to-date symlink: /home/carlos/ros2_ws/install/px4_msgs/share/px4_msgs/msg/RoverRateStatus.json\n'}
[2.511374] (px4_msgs) StdoutLine: {'line': b'-- Up-to-date symlink: /home/carlos/ros2_ws/install/px4_msgs/share/px4_msgs/msg/RoverSpeedSetpoint.json\n'}
[2.511468] (px4_msgs) StdoutLine: {'line': b'-- Up-to-date symlink: /home/carlos/ros2_ws/install/px4_msgs/share/px4_msgs/msg/RoverSpeedStatus.json\n'}
[2.511594] (px4_msgs) StdoutLine: {'line': b'-- Up-to-date symlink: /home/carlos/ros2_ws/install/px4_msgs/share/px4_msgs/msg/RoverSteeringSetpoint.json\n'}
[2.511703] (px4_msgs) StdoutLine: {'line': b'-- Up-to-date symlink: /home/carlos/ros2_ws/install/px4_msgs/share/px4_msgs/msg/RoverThrottleSetpoint.json\n'}
[2.511815] (px4_msgs) StdoutLine: {'line': b'-- Up-to-date symlink: /home/carlos/ros2_ws/install/px4_msgs/share/px4_msgs/msg/Rpm.json\n'}
[2.511925] (px4_msgs) StdoutLine: {'line': b'-- Up-to-date symlink: /home/carlos/ros2_ws/install/px4_msgs/share/px4_msgs/msg/RtlStatus.json\n'}
[2.512030] (px4_msgs) StdoutLine: {'line': b'-- Up-to-date symlink: /home/carlos/ros2_ws/install/px4_msgs/share/px4_msgs/msg/RtlTimeEstimate.json\n'}
[2.512138] (px4_msgs) StdoutLine: {'line': b'-- Up-to-date symlink: /home/carlos/ros2_ws/install/px4_msgs/share/px4_msgs/msg/SatelliteInfo.json\n'}
[2.512239] (px4_msgs) StdoutLine: {'line': b'-- Up-to-date symlink: /home/carlos/ros2_ws/install/px4_msgs/share/px4_msgs/msg/SensorAccel.json\n'}
[2.512342] (px4_msgs) StdoutLine: {'line': b'-- Up-to-date symlink: /home/carlos/ros2_ws/install/px4_msgs/share/px4_msgs/msg/SensorAccelFifo.json\n'}
[2.512449] (px4_msgs) StdoutLine: {'line': b'-- Up-to-date symlink: /home/carlos/ros2_ws/install/px4_msgs/share/px4_msgs/msg/SensorAirflow.json\n'}
[2.512553] (px4_msgs) StdoutLine: {'line': b'-- Up-to-date symlink: /home/carlos/ros2_ws/install/px4_msgs/share/px4_msgs/msg/SensorBaro.json\n'}
[2.512651] (px4_msgs) StdoutLine: {'line': b'-- Up-to-date symlink: /home/carlos/ros2_ws/install/px4_msgs/share/px4_msgs/msg/SensorCombined.json\n'}
[2.512756] (px4_msgs) StdoutLine: {'line': b'-- Up-to-date symlink: /home/carlos/ros2_ws/install/px4_msgs/share/px4_msgs/msg/SensorCorrection.json\n'}
[2.512860] (px4_msgs) StdoutLine: {'line': b'-- Up-to-date symlink: /home/carlos/ros2_ws/install/px4_msgs/share/px4_msgs/msg/SensorGnssRelative.json\n'}
[2.512966] (px4_msgs) StdoutLine: {'line': b'-- Up-to-date symlink: /home/carlos/ros2_ws/install/px4_msgs/share/px4_msgs/msg/SensorGnssStatus.json\n'}
[2.513095] (px4_msgs) StdoutLine: {'line': b'-- Up-to-date symlink: /home/carlos/ros2_ws/install/px4_msgs/share/px4_msgs/msg/SensorGps.json\n'}
[2.513196] (px4_msgs) StdoutLine: {'line': b'-- Up-to-date symlink: /home/carlos/ros2_ws/install/px4_msgs/share/px4_msgs/msg/SensorGyro.json\n'}
[2.513303] (px4_msgs) StdoutLine: {'line': b'-- Up-to-date symlink: /home/carlos/ros2_ws/install/px4_msgs/share/px4_msgs/msg/SensorGyroFft.json\n'}
[2.513407] (px4_msgs) StdoutLine: {'line': b'-- Up-to-date symlink: /home/carlos/ros2_ws/install/px4_msgs/share/px4_msgs/msg/SensorGyroFifo.json\n'}
[2.513513] (px4_msgs) StdoutLine: {'line': b'-- Up-to-date symlink: /home/carlos/ros2_ws/install/px4_msgs/share/px4_msgs/msg/SensorHygrometer.json\n'}
[2.513619] (px4_msgs) StdoutLine: {'line': b'-- Up-to-date symlink: /home/carlos/ros2_ws/install/px4_msgs/share/px4_msgs/msg/SensorMag.json\n'}
[2.513722] (px4_msgs) StdoutLine: {'line': b'-- Up-to-date symlink: /home/carlos/ros2_ws/install/px4_msgs/share/px4_msgs/msg/SensorOpticalFlow.json\n'}
[2.513835] (px4_msgs) StdoutLine: {'line': b'-- Up-to-date symlink: /home/carlos/ros2_ws/install/px4_msgs/share/px4_msgs/msg/SensorPreflightMag.json\n'}
[2.513944] (px4_msgs) StdoutLine: {'line': b'-- Up-to-date symlink: /home/carlos/ros2_ws/install/px4_msgs/share/px4_msgs/msg/SensorSelection.json\n'}
[2.514058] (px4_msgs) StdoutLine: {'line': b'-- Up-to-date symlink: /home/carlos/ros2_ws/install/px4_msgs/share/px4_msgs/msg/SensorUwb.json\n'}
[2.514173] (px4_msgs) StdoutLine: {'line': b'-- Up-to-date symlink: /home/carlos/ros2_ws/install/px4_msgs/share/px4_msgs/msg/SensorsStatus.json\n'}
[2.514281] (px4_msgs) StdoutLine: {'line': b'-- Up-to-date symlink: /home/carlos/ros2_ws/install/px4_msgs/share/px4_msgs/msg/SensorsStatusImu.json\n'}
[2.514386] (px4_msgs) StdoutLine: {'line': b'-- Up-to-date symlink: /home/carlos/ros2_ws/install/px4_msgs/share/px4_msgs/msg/SystemPower.json\n'}
[2.514493] (px4_msgs) StdoutLine: {'line': b'-- Up-to-date symlink: /home/carlos/ros2_ws/install/px4_msgs/share/px4_msgs/msg/TakeoffStatus.json\n'}
[2.514597] (px4_msgs) StdoutLine: {'line': b'-- Up-to-date symlink: /home/carlos/ros2_ws/install/px4_msgs/share/px4_msgs/msg/TaskStackInfo.json\n'}
[2.514703] (px4_msgs) StdoutLine: {'line': b'-- Up-to-date symlink: /home/carlos/ros2_ws/install/px4_msgs/share/px4_msgs/msg/TecsStatus.json\n'}
[2.514812] (px4_msgs) StdoutLine: {'line': b'-- Up-to-date symlink: /home/carlos/ros2_ws/install/px4_msgs/share/px4_msgs/msg/TelemetryStatus.json\n'}
[2.514916] (px4_msgs) StdoutLine: {'line': b'-- Up-to-date symlink: /home/carlos/ros2_ws/install/px4_msgs/share/px4_msgs/msg/TiltrotorExtraControls.json\n'}
[2.515022] (px4_msgs) StdoutLine: {'line': b'-- Up-to-date symlink: /home/carlos/ros2_ws/install/px4_msgs/share/px4_msgs/msg/TimesyncStatus.json\n'}
[2.515135] (px4_msgs) StdoutLine: {'line': b'-- Up-to-date symlink: /home/carlos/ros2_ws/install/px4_msgs/share/px4_msgs/msg/TrajectorySetpoint.json\n'}
[2.515243] (px4_msgs) StdoutLine: {'line': b'-- Up-to-date symlink: /home/carlos/ros2_ws/install/px4_msgs/share/px4_msgs/msg/TrajectorySetpoint6dof.json\n'}
[2.515369] (px4_msgs) StdoutLine: {'line': b'-- Up-to-date symlink: /home/carlos/ros2_ws/install/px4_msgs/share/px4_msgs/msg/TransponderReport.json\n'}
[2.515486] (px4_msgs) StdoutLine: {'line': b'-- Up-to-date symlink: /home/carlos/ros2_ws/install/px4_msgs/share/px4_msgs/msg/TuneControl.json\n'}
[2.515599] (px4_msgs) StdoutLine: {'line': b'-- Up-to-date symlink: /home/carlos/ros2_ws/install/px4_msgs/share/px4_msgs/msg/UavcanParameterRequest.json\n'}
[2.515704] (px4_msgs) StdoutLine: {'line': b'-- Up-to-date symlink: /home/carlos/ros2_ws/install/px4_msgs/share/px4_msgs/msg/UavcanParameterValue.json\n'}
[2.515808] (px4_msgs) StdoutLine: {'line': b'-- Up-to-date symlink: /home/carlos/ros2_ws/install/px4_msgs/share/px4_msgs/msg/UlogStream.json\n'}
[2.515912] (px4_msgs) StdoutLine: {'line': b'-- Up-to-date symlink: /home/carlos/ros2_ws/install/px4_msgs/share/px4_msgs/msg/UlogStreamAck.json\n'}
[2.516015] (px4_msgs) StdoutLine: {'line': b'-- Up-to-date symlink: /home/carlos/ros2_ws/install/px4_msgs/share/px4_msgs/msg/UnregisterExtComponent.json\n'}
[2.516141] (px4_msgs) StdoutLine: {'line': b'-- Up-to-date symlink: /home/carlos/ros2_ws/install/px4_msgs/share/px4_msgs/msg/VehicleAcceleration.json\n'}
[2.516243] (px4_msgs) StdoutLine: {'line': b'-- Up-to-date symlink: /home/carlos/ros2_ws/install/px4_msgs/share/px4_msgs/msg/VehicleAirData.json\n'}
[2.516350] (px4_msgs) StdoutLine: {'line': b'-- Up-to-date symlink: /home/carlos/ros2_ws/install/px4_msgs/share/px4_msgs/msg/VehicleAngularAccelerationSetpoint.json\n'}
[2.516469] (px4_msgs) StdoutLine: {'line': b'-- Up-to-date symlink: /home/carlos/ros2_ws/install/px4_msgs/share/px4_msgs/msg/VehicleAngularVelocity.json\n'}
[2.516584] (px4_msgs) StdoutLine: {'line': b'-- Up-to-date symlink: /home/carlos/ros2_ws/install/px4_msgs/share/px4_msgs/msg/VehicleAttitude.json\n'}
[2.516691] (px4_msgs) StdoutLine: {'line': b'-- Up-to-date symlink: /home/carlos/ros2_ws/install/px4_msgs/share/px4_msgs/msg/VehicleAttitudeSetpoint.json\n'}
[2.516797] (px4_msgs) StdoutLine: {'line': b'-- Up-to-date symlink: /home/carlos/ros2_ws/install/px4_msgs/share/px4_msgs/msg/VehicleCommand.json\n'}
[2.516903] (px4_msgs) StdoutLine: {'line': b'-- Up-to-date symlink: /home/carlos/ros2_ws/install/px4_msgs/share/px4_msgs/msg/VehicleCommandAck.json\n'}
[2.517007] (px4_msgs) StdoutLine: {'line': b'-- Up-to-date symlink: /home/carlos/ros2_ws/install/px4_msgs/share/px4_msgs/msg/VehicleConstraints.json\n'}
[2.517119] (px4_msgs) StdoutLine: {'line': b'-- Up-to-date symlink: /home/carlos/ros2_ws/install/px4_msgs/share/px4_msgs/msg/VehicleControlMode.json\n'}
[2.517225] (px4_msgs) StdoutLine: {'line': b'-- Up-to-date symlink: /home/carlos/ros2_ws/install/px4_msgs/share/px4_msgs/msg/VehicleGlobalPosition.json\n'}
[2.517337] (px4_msgs) StdoutLine: {'line': b'-- Up-to-date symlink: /home/carlos/ros2_ws/install/px4_msgs/share/px4_msgs/msg/VehicleImu.json\n'}
[2.517442] (px4_msgs) StdoutLine: {'line': b'-- Up-to-date symlink: /home/carlos/ros2_ws/install/px4_msgs/share/px4_msgs/msg/VehicleImuStatus.json\n'}
[2.517546] (px4_msgs) StdoutLine: {'line': b'-- Up-to-date symlink: /home/carlos/ros2_ws/install/px4_msgs/share/px4_msgs/msg/VehicleLandDetected.json\n'}
[2.517652] (px4_msgs) StdoutLine: {'line': b'-- Up-to-date symlink: /home/carlos/ros2_ws/install/px4_msgs/share/px4_msgs/msg/VehicleLocalPosition.json\n'}
[2.517758] (px4_msgs) StdoutLine: {'line': b'-- Up-to-date symlink: /home/carlos/ros2_ws/install/px4_msgs/share/px4_msgs/msg/VehicleLocalPositionSetpoint.json\n'}
[2.517863] (px4_msgs) StdoutLine: {'line': b'-- Up-to-date symlink: /home/carlos/ros2_ws/install/px4_msgs/share/px4_msgs/msg/VehicleMagnetometer.json\n'}
[2.517967] (px4_msgs) StdoutLine: {'line': b'-- Up-to-date symlink: /home/carlos/ros2_ws/install/px4_msgs/share/px4_msgs/msg/VehicleOdometry.json\n'}
[2.518081] (px4_msgs) StdoutLine: {'line': b'-- Up-to-date symlink: /home/carlos/ros2_ws/install/px4_msgs/share/px4_msgs/msg/VehicleOpticalFlow.json\n'}
[2.518191] (px4_msgs) StdoutLine: {'line': b'-- Up-to-date symlink: /home/carlos/ros2_ws/install/px4_msgs/share/px4_msgs/msg/VehicleOpticalFlowVel.json\n'}
[2.518296] (px4_msgs) StdoutLine: {'line': b'-- Up-to-date symlink: /home/carlos/ros2_ws/install/px4_msgs/share/px4_msgs/msg/VehicleRatesSetpoint.json\n'}
[2.518401] (px4_msgs) StdoutLine: {'line': b'-- Up-to-date symlink: /home/carlos/ros2_ws/install/px4_msgs/share/px4_msgs/msg/VehicleRoi.json\n'}
[2.518508] (px4_msgs) StdoutLine: {'line': b'-- Up-to-date symlink: /home/carlos/ros2_ws/install/px4_msgs/share/px4_msgs/msg/VehicleStatus.json\n'}
[2.518612] (px4_msgs) StdoutLine: {'line': b'-- Up-to-date symlink: /home/carlos/ros2_ws/install/px4_msgs/share/px4_msgs/msg/VehicleThrustSetpoint.json\n'}
[2.518718] (px4_msgs) StdoutLine: {'line': b'-- Up-to-date symlink: /home/carlos/ros2_ws/install/px4_msgs/share/px4_msgs/msg/VehicleTorqueSetpoint.json\n'}
[2.518821] (px4_msgs) StdoutLine: {'line': b'-- Up-to-date symlink: /home/carlos/ros2_ws/install/px4_msgs/share/px4_msgs/msg/VelocityLimits.json\n'}
[2.518927] (px4_msgs) StdoutLine: {'line': b'-- Up-to-date symlink: /home/carlos/ros2_ws/install/px4_msgs/share/px4_msgs/msg/VtolVehicleStatus.json\n'}
[2.519032] (px4_msgs) StdoutLine: {'line': b'-- Up-to-date symlink: /home/carlos/ros2_ws/install/px4_msgs/share/px4_msgs/msg/WheelEncoders.json\n'}
[2.519143] (px4_msgs) StdoutLine: {'line': b'-- Up-to-date symlink: /home/carlos/ros2_ws/install/px4_msgs/share/px4_msgs/msg/Wind.json\n'}
[2.519249] (px4_msgs) StdoutLine: {'line': b'-- Up-to-date symlink: /home/carlos/ros2_ws/install/px4_msgs/share/px4_msgs/msg/YawEstimatorStatus.json\n'}
[2.519355] (px4_msgs) StdoutLine: {'line': b'-- Up-to-date symlink: /home/carlos/ros2_ws/install/px4_msgs/share/px4_msgs/srv/VehicleCommand.json\n'}
[2.529821] (px4_msgs) StdoutLine: {'line': b'-- Up-to-date symlink: /home/carlos/ros2_ws/install/px4_msgs/include/px4_msgs/px4_msgs/msg/action_request.h\n'}
[2.530087] (px4_msgs) StdoutLine: {'line': b'-- Up-to-date symlink: /home/carlos/ros2_ws/install/px4_msgs/include/px4_msgs/px4_msgs/msg/actuator_armed.h\n'}
[2.530284] (px4_msgs) StdoutLine: {'line': b'-- Up-to-date symlink: /home/carlos/ros2_ws/install/px4_msgs/include/px4_msgs/px4_msgs/msg/actuator_controls_status.h\n'}
[2.530415] (px4_msgs) StdoutLine: {'line': b'-- Up-to-date symlink: /home/carlos/ros2_ws/install/px4_msgs/include/px4_msgs/px4_msgs/msg/actuator_motors.h\n'}
[2.530490] (px4_msgs) StdoutLine: {'line': b'-- Up-to-date symlink: /home/carlos/ros2_ws/install/px4_msgs/include/px4_msgs/px4_msgs/msg/actuator_outputs.h\n'}
[2.530537] (px4_msgs) StdoutLine: {'line': b'-- Up-to-date symlink: /home/carlos/ros2_ws/install/px4_msgs/include/px4_msgs/px4_msgs/msg/actuator_servos.h\n'}
[2.530577] (px4_msgs) StdoutLine: {'line': b'-- Up-to-date symlink: /home/carlos/ros2_ws/install/px4_msgs/include/px4_msgs/px4_msgs/msg/actuator_servos_trim.h\n'}
[2.530647] (px4_msgs) StdoutLine: {'line': b'-- Up-to-date symlink: /home/carlos/ros2_ws/install/px4_msgs/include/px4_msgs/px4_msgs/msg/actuator_test.h\n'}
[2.530697] (px4_msgs) StdoutLine: {'line': b'-- Up-to-date symlink: /home/carlos/ros2_ws/install/px4_msgs/include/px4_msgs/px4_msgs/msg/adc_report.h\n'}
[2.530737] (px4_msgs) StdoutLine: {'line': b'-- Up-to-date symlink: /home/carlos/ros2_ws/install/px4_msgs/include/px4_msgs/px4_msgs/msg/airspeed.h\n'}
[2.530781] (px4_msgs) StdoutLine: {'line': b'-- Up-to-date symlink: /home/carlos/ros2_ws/install/px4_msgs/include/px4_msgs/px4_msgs/msg/airspeed_validated.h\n'}
[2.530846] (px4_msgs) StdoutLine: {'line': b'-- Up-to-date symlink: /home/carlos/ros2_ws/install/px4_msgs/include/px4_msgs/px4_msgs/msg/airspeed_wind.h\n'}
[2.530905] (px4_msgs) StdoutLine: {'line': b'-- Up-to-date symlink: /home/carlos/ros2_ws/install/px4_msgs/include/px4_msgs/px4_msgs/msg/arming_check_reply.h\n'}
[2.530955] (px4_msgs) StdoutLine: {'line': b'-- Up-to-date symlink: /home/carlos/ros2_ws/install/px4_msgs/include/px4_msgs/px4_msgs/msg/arming_check_request.h\n'}
[2.531009] (px4_msgs) StdoutLine: {'line': b'-- Up-to-date symlink: /home/carlos/ros2_ws/install/px4_msgs/include/px4_msgs/px4_msgs/msg/autotune_attitude_control_status.h\n'}
[2.531077] (px4_msgs) StdoutLine: {'line': b'-- Up-to-date symlink: /home/carlos/ros2_ws/install/px4_msgs/include/px4_msgs/px4_msgs/msg/battery_info.h\n'}
[2.531166] (px4_msgs) StdoutLine: {'line': b'-- Up-to-date symlink: /home/carlos/ros2_ws/install/px4_msgs/include/px4_msgs/px4_msgs/msg/battery_status.h\n'}
[2.531281] (px4_msgs) StdoutLine: {'line': b'-- Up-to-date symlink: /home/carlos/ros2_ws/install/px4_msgs/include/px4_msgs/px4_msgs/msg/button_event.h\n'}
[2.531368] (px4_msgs) StdoutLine: {'line': b'-- Up-to-date symlink: /home/carlos/ros2_ws/install/px4_msgs/include/px4_msgs/px4_msgs/msg/camera_capture.h\n'}
[2.531463] (px4_msgs) StdoutLine: {'line': b'-- Up-to-date symlink: /home/carlos/ros2_ws/install/px4_msgs/include/px4_msgs/px4_msgs/msg/camera_status.h\n'}
[2.531551] (px4_msgs) StdoutLine: {'line': b'-- Up-to-date symlink: /home/carlos/ros2_ws/install/px4_msgs/include/px4_msgs/px4_msgs/msg/camera_trigger.h\n'}
[2.531640] (px4_msgs) StdoutLine: {'line': b'-- Up-to-date symlink: /home/carlos/ros2_ws/install/px4_msgs/include/px4_msgs/px4_msgs/msg/can_interface_status.h\n'}
[2.531730] (px4_msgs) StdoutLine: {'line': b'-- Up-to-date symlink: /home/carlos/ros2_ws/install/px4_msgs/include/px4_msgs/px4_msgs/msg/cellular_status.h\n'}
[2.531818] (px4_msgs) StdoutLine: {'line': b'-- Up-to-date symlink: /home/carlos/ros2_ws/install/px4_msgs/include/px4_msgs/px4_msgs/msg/collision_constraints.h\n'}
[2.531906] (px4_msgs) StdoutLine: {'line': b'-- Up-to-date symlink: /home/carlos/ros2_ws/install/px4_msgs/include/px4_msgs/px4_msgs/msg/config_overrides.h\n'}
[2.531995] (px4_msgs) StdoutLine: {'line': b'-- Up-to-date symlink: /home/carlos/ros2_ws/install/px4_msgs/include/px4_msgs/px4_msgs/msg/control_allocator_status.h\n'}
[2.532081] (px4_msgs) StdoutLine: {'line': b'-- Up-to-date symlink: /home/carlos/ros2_ws/install/px4_msgs/include/px4_msgs/px4_msgs/msg/cpuload.h\n'}
[2.532179] (px4_msgs) StdoutLine: {'line': b'-- Up-to-date symlink: /home/carlos/ros2_ws/install/px4_msgs/include/px4_msgs/px4_msgs/msg/dataman_request.h\n'}
[2.532265] (px4_msgs) StdoutLine: {'line': b'-- Up-to-date symlink: /home/carlos/ros2_ws/install/px4_msgs/include/px4_msgs/px4_msgs/msg/dataman_response.h\n'}
[2.532330] (px4_msgs) StdoutLine: {'line': b'-- Up-to-date symlink: /home/carlos/ros2_ws/install/px4_msgs/include/px4_msgs/px4_msgs/msg/debug_array.h\n'}
[2.532410] (px4_msgs) StdoutLine: {'line': b'-- Up-to-date symlink: /home/carlos/ros2_ws/install/px4_msgs/include/px4_msgs/px4_msgs/msg/debug_key_value.h\n'}
[2.532495] (px4_msgs) StdoutLine: {'line': b'-- Up-to-date symlink: /home/carlos/ros2_ws/install/px4_msgs/include/px4_msgs/px4_msgs/msg/debug_value.h\n'}
[2.532579] (px4_msgs) StdoutLine: {'line': b'-- Up-to-date symlink: /home/carlos/ros2_ws/install/px4_msgs/include/px4_msgs/px4_msgs/msg/debug_vect.h\n'}
[2.532670] (px4_msgs) StdoutLine: {'line': b'-- Up-to-date symlink: /home/carlos/ros2_ws/install/px4_msgs/include/px4_msgs/px4_msgs/msg/detail/action_request__functions.h\n'}
[2.532760] (px4_msgs) StdoutLine: {'line': b'-- Up-to-date symlink: /home/carlos/ros2_ws/install/px4_msgs/include/px4_msgs/px4_msgs/msg/detail/action_request__struct.h\n'}
[2.532851] (px4_msgs) StdoutLine: {'line': b'-- Up-to-date symlink: /home/carlos/ros2_ws/install/px4_msgs/include/px4_msgs/px4_msgs/msg/detail/action_request__type_support.h\n'}
[2.532941] (px4_msgs) StdoutLine: {'line': b'-- Up-to-date symlink: /home/carlos/ros2_ws/install/px4_msgs/include/px4_msgs/px4_msgs/msg/detail/actuator_armed__functions.h\n'}
[2.533031] (px4_msgs) StdoutLine: {'line': b'-- Up-to-date symlink: /home/carlos/ros2_ws/install/px4_msgs/include/px4_msgs/px4_msgs/msg/detail/actuator_armed__struct.h\n'}
[2.533129] (px4_msgs) StdoutLine: {'line': b'-- Up-to-date symlink: /home/carlos/ros2_ws/install/px4_msgs/include/px4_msgs/px4_msgs/msg/detail/actuator_armed__type_support.h\n'}
[2.533220] (px4_msgs) StdoutLine: {'line': b'-- Up-to-date symlink: /home/carlos/ros2_ws/install/px4_msgs/include/px4_msgs/px4_msgs/msg/detail/actuator_controls_status__functions.h\n'}
[2.533310] (px4_msgs) StdoutLine: {'line': b'-- Up-to-date symlink: /home/carlos/ros2_ws/install/px4_msgs/include/px4_msgs/px4_msgs/msg/detail/actuator_controls_status__struct.h\n'}
[2.533399] (px4_msgs) StdoutLine: {'line': b'-- Up-to-date symlink: /home/carlos/ros2_ws/install/px4_msgs/include/px4_msgs/px4_msgs/msg/detail/actuator_controls_status__type_support.h\n'}
[2.533489] (px4_msgs) StdoutLine: {'line': b'-- Up-to-date symlink: /home/carlos/ros2_ws/install/px4_msgs/include/px4_msgs/px4_msgs/msg/detail/actuator_motors__functions.h\n'}
[2.533579] (px4_msgs) StdoutLine: {'line': b'-- Up-to-date symlink: /home/carlos/ros2_ws/install/px4_msgs/include/px4_msgs/px4_msgs/msg/detail/actuator_motors__struct.h\n'}
[2.533669] (px4_msgs) StdoutLine: {'line': b'-- Up-to-date symlink: /home/carlos/ros2_ws/install/px4_msgs/include/px4_msgs/px4_msgs/msg/detail/actuator_motors__type_support.h\n'}
[2.533758] (px4_msgs) StdoutLine: {'line': b'-- Up-to-date symlink: /home/carlos/ros2_ws/install/px4_msgs/include/px4_msgs/px4_msgs/msg/detail/actuator_outputs__functions.h\n'}
[2.533847] (px4_msgs) StdoutLine: {'line': b'-- Up-to-date symlink: /home/carlos/ros2_ws/install/px4_msgs/include/px4_msgs/px4_msgs/msg/detail/actuator_outputs__struct.h\n'}
[2.533938] (px4_msgs) StdoutLine: {'line': b'-- Up-to-date symlink: /home/carlos/ros2_ws/install/px4_msgs/include/px4_msgs/px4_msgs/msg/detail/actuator_outputs__type_support.h\n'}
[2.534028] (px4_msgs) StdoutLine: {'line': b'-- Up-to-date symlink: /home/carlos/ros2_ws/install/px4_msgs/include/px4_msgs/px4_msgs/msg/detail/actuator_servos__functions.h\n'}
[2.534136] (px4_msgs) StdoutLine: {'line': b'-- Up-to-date symlink: /home/carlos/ros2_ws/install/px4_msgs/include/px4_msgs/px4_msgs/msg/detail/actuator_servos__struct.h\n'}
[2.534227] (px4_msgs) StdoutLine: {'line': b'-- Up-to-date symlink: /home/carlos/ros2_ws/install/px4_msgs/include/px4_msgs/px4_msgs/msg/detail/actuator_servos__type_support.h\n'}
[2.534317] (px4_msgs) StdoutLine: {'line': b'-- Up-to-date symlink: /home/carlos/ros2_ws/install/px4_msgs/include/px4_msgs/px4_msgs/msg/detail/actuator_servos_trim__functions.h\n'}
[2.534406] (px4_msgs) StdoutLine: {'line': b'-- Up-to-date symlink: /home/carlos/ros2_ws/install/px4_msgs/include/px4_msgs/px4_msgs/msg/detail/actuator_servos_trim__struct.h\n'}
[2.534496] (px4_msgs) StdoutLine: {'line': b'-- Up-to-date symlink: /home/carlos/ros2_ws/install/px4_msgs/include/px4_msgs/px4_msgs/msg/detail/actuator_servos_trim__type_support.h\n'}
[2.534585] (px4_msgs) StdoutLine: {'line': b'-- Up-to-date symlink: /home/carlos/ros2_ws/install/px4_msgs/include/px4_msgs/px4_msgs/msg/detail/actuator_test__functions.h\n'}
[2.534675] (px4_msgs) StdoutLine: {'line': b'-- Up-to-date symlink: /home/carlos/ros2_ws/install/px4_msgs/include/px4_msgs/px4_msgs/msg/detail/actuator_test__struct.h\n'}
[2.534765] (px4_msgs) StdoutLine: {'line': b'-- Up-to-date symlink: /home/carlos/ros2_ws/install/px4_msgs/include/px4_msgs/px4_msgs/msg/detail/actuator_test__type_support.h\n'}
[2.534855] (px4_msgs) StdoutLine: {'line': b'-- Up-to-date symlink: /home/carlos/ros2_ws/install/px4_msgs/include/px4_msgs/px4_msgs/msg/detail/adc_report__functions.h\n'}
[2.534945] (px4_msgs) StdoutLine: {'line': b'-- Up-to-date symlink: /home/carlos/ros2_ws/install/px4_msgs/include/px4_msgs/px4_msgs/msg/detail/adc_report__struct.h\n'}
[2.535034] (px4_msgs) StdoutLine: {'line': b'-- Up-to-date symlink: /home/carlos/ros2_ws/install/px4_msgs/include/px4_msgs/px4_msgs/msg/detail/adc_report__type_support.h\n'}
[2.535141] (px4_msgs) StdoutLine: {'line': b'-- Up-to-date symlink: /home/carlos/ros2_ws/install/px4_msgs/include/px4_msgs/px4_msgs/msg/detail/airspeed__functions.h\n'}
[2.535232] (px4_msgs) StdoutLine: {'line': b'-- Up-to-date symlink: /home/carlos/ros2_ws/install/px4_msgs/include/px4_msgs/px4_msgs/msg/detail/airspeed__struct.h\n'}
[2.535318] (px4_msgs) StdoutLine: {'line': b'-- Up-to-date symlink: /home/carlos/ros2_ws/install/px4_msgs/include/px4_msgs/px4_msgs/msg/detail/airspeed__type_support.h\n'}
[2.535407] (px4_msgs) StdoutLine: {'line': b'-- Up-to-date symlink: /home/carlos/ros2_ws/install/px4_msgs/include/px4_msgs/px4_msgs/msg/detail/airspeed_validated__functions.h\n'}
[2.535497] (px4_msgs) StdoutLine: {'line': b'-- Up-to-date symlink: /home/carlos/ros2_ws/install/px4_msgs/include/px4_msgs/px4_msgs/msg/detail/airspeed_validated__struct.h\n'}
[2.535588] (px4_msgs) StdoutLine: {'line': b'-- Up-to-date symlink: /home/carlos/ros2_ws/install/px4_msgs/include/px4_msgs/px4_msgs/msg/detail/airspeed_validated__type_support.h\n'}
[2.535678] (px4_msgs) StdoutLine: {'line': b'-- Up-to-date symlink: /home/carlos/ros2_ws/install/px4_msgs/include/px4_msgs/px4_msgs/msg/detail/airspeed_wind__functions.h\n'}
[2.535768] (px4_msgs) StdoutLine: {'line': b'-- Up-to-date symlink: /home/carlos/ros2_ws/install/px4_msgs/include/px4_msgs/px4_msgs/msg/detail/airspeed_wind__struct.h\n'}
[2.535858] (px4_msgs) StdoutLine: {'line': b'-- Up-to-date symlink: /home/carlos/ros2_ws/install/px4_msgs/include/px4_msgs/px4_msgs/msg/detail/airspeed_wind__type_support.h\n'}
[2.535948] (px4_msgs) StdoutLine: {'line': b'-- Up-to-date symlink: /home/carlos/ros2_ws/install/px4_msgs/include/px4_msgs/px4_msgs/msg/detail/arming_check_reply__functions.h\n'}
[2.536037] (px4_msgs) StdoutLine: {'line': b'-- Up-to-date symlink: /home/carlos/ros2_ws/install/px4_msgs/include/px4_msgs/px4_msgs/msg/detail/arming_check_reply__struct.h\n'}
[2.536133] (px4_msgs) StdoutLine: {'line': b'-- Up-to-date symlink: /home/carlos/ros2_ws/install/px4_msgs/include/px4_msgs/px4_msgs/msg/detail/arming_check_reply__type_support.h\n'}
[2.536223] (px4_msgs) StdoutLine: {'line': b'-- Up-to-date symlink: /home/carlos/ros2_ws/install/px4_msgs/include/px4_msgs/px4_msgs/msg/detail/arming_check_request__functions.h\n'}
[2.536314] (px4_msgs) StdoutLine: {'line': b'-- Up-to-date symlink: /home/carlos/ros2_ws/install/px4_msgs/include/px4_msgs/px4_msgs/msg/detail/arming_check_request__struct.h\n'}
[2.536403] (px4_msgs) StdoutLine: {'line': b'-- Up-to-date symlink: /home/carlos/ros2_ws/install/px4_msgs/include/px4_msgs/px4_msgs/msg/detail/arming_check_request__type_support.h\n'}
[2.536501] (px4_msgs) StdoutLine: {'line': b'-- Up-to-date symlink: /home/carlos/ros2_ws/install/px4_msgs/include/px4_msgs/px4_msgs/msg/detail/autotune_attitude_control_status__functions.h\n'}
[2.536591] (px4_msgs) StdoutLine: {'line': b'-- Up-to-date symlink: /home/carlos/ros2_ws/install/px4_msgs/include/px4_msgs/px4_msgs/msg/detail/autotune_attitude_control_status__struct.h\n'}
[2.536682] (px4_msgs) StdoutLine: {'line': b'-- Up-to-date symlink: /home/carlos/ros2_ws/install/px4_msgs/include/px4_msgs/px4_msgs/msg/detail/autotune_attitude_control_status__type_support.h\n'}
[2.536774] (px4_msgs) StdoutLine: {'line': b'-- Up-to-date symlink: /home/carlos/ros2_ws/install/px4_msgs/include/px4_msgs/px4_msgs/msg/detail/battery_info__functions.h\n'}
[2.536864] (px4_msgs) StdoutLine: {'line': b'-- Up-to-date symlink: /home/carlos/ros2_ws/install/px4_msgs/include/px4_msgs/px4_msgs/msg/detail/battery_info__struct.h\n'}
[2.536953] (px4_msgs) StdoutLine: {'line': b'-- Up-to-date symlink: /home/carlos/ros2_ws/install/px4_msgs/include/px4_msgs/px4_msgs/msg/detail/battery_info__type_support.h\n'}
[2.537047] (px4_msgs) StdoutLine: {'line': b'-- Up-to-date symlink: /home/carlos/ros2_ws/install/px4_msgs/include/px4_msgs/px4_msgs/msg/detail/battery_status__functions.h\n'}
[2.537140] (px4_msgs) StdoutLine: {'line': b'-- Up-to-date symlink: /home/carlos/ros2_ws/install/px4_msgs/include/px4_msgs/px4_msgs/msg/detail/battery_status__struct.h\n'}
[2.537230] (px4_msgs) StdoutLine: {'line': b'-- Up-to-date symlink: /home/carlos/ros2_ws/install/px4_msgs/include/px4_msgs/px4_msgs/msg/detail/battery_status__type_support.h\n'}
[2.537321] (px4_msgs) StdoutLine: {'line': b'-- Up-to-date symlink: /home/carlos/ros2_ws/install/px4_msgs/include/px4_msgs/px4_msgs/msg/detail/button_event__functions.h\n'}
[2.537411] (px4_msgs) StdoutLine: {'line': b'-- Up-to-date symlink: /home/carlos/ros2_ws/install/px4_msgs/include/px4_msgs/px4_msgs/msg/detail/button_event__struct.h\n'}
[2.537502] (px4_msgs) StdoutLine: {'line': b'-- Up-to-date symlink: /home/carlos/ros2_ws/install/px4_msgs/include/px4_msgs/px4_msgs/msg/detail/button_event__type_support.h\n'}
[2.537592] (px4_msgs) StdoutLine: {'line': b'-- Up-to-date symlink: /home/carlos/ros2_ws/install/px4_msgs/include/px4_msgs/px4_msgs/msg/detail/camera_capture__functions.h\n'}
[2.537681] (px4_msgs) StdoutLine: {'line': b'-- Up-to-date symlink: /home/carlos/ros2_ws/install/px4_msgs/include/px4_msgs/px4_msgs/msg/detail/camera_capture__struct.h\n'}
[2.537767] (px4_msgs) StdoutLine: {'line': b'-- Up-to-date symlink: /home/carlos/ros2_ws/install/px4_msgs/include/px4_msgs/px4_msgs/msg/detail/camera_capture__type_support.h\n'}
[2.537857] (px4_msgs) StdoutLine: {'line': b'-- Up-to-date symlink: /home/carlos/ros2_ws/install/px4_msgs/include/px4_msgs/px4_msgs/msg/detail/camera_status__functions.h\n'}
[2.537948] (px4_msgs) StdoutLine: {'line': b'-- Up-to-date symlink: /home/carlos/ros2_ws/install/px4_msgs/include/px4_msgs/px4_msgs/msg/detail/camera_status__struct.h\n'}
[2.538038] (px4_msgs) StdoutLine: {'line': b'-- Up-to-date symlink: /home/carlos/ros2_ws/install/px4_msgs/include/px4_msgs/px4_msgs/msg/detail/camera_status__type_support.h\n'}
[2.538138] (px4_msgs) StdoutLine: {'line': b'-- Up-to-date symlink: /home/carlos/ros2_ws/install/px4_msgs/include/px4_msgs/px4_msgs/msg/detail/camera_trigger__functions.h\n'}
[2.538229] (px4_msgs) StdoutLine: {'line': b'-- Up-to-date symlink: /home/carlos/ros2_ws/install/px4_msgs/include/px4_msgs/px4_msgs/msg/detail/camera_trigger__struct.h\n'}
[2.538320] (px4_msgs) StdoutLine: {'line': b'-- Up-to-date symlink: /home/carlos/ros2_ws/install/px4_msgs/include/px4_msgs/px4_msgs/msg/detail/camera_trigger__type_support.h\n'}
[2.538411] (px4_msgs) StdoutLine: {'line': b'-- Up-to-date symlink: /home/carlos/ros2_ws/install/px4_msgs/include/px4_msgs/px4_msgs/msg/detail/can_interface_status__functions.h\n'}
[2.538501] (px4_msgs) StdoutLine: {'line': b'-- Up-to-date symlink: /home/carlos/ros2_ws/install/px4_msgs/include/px4_msgs/px4_msgs/msg/detail/can_interface_status__struct.h\n'}
[2.538591] (px4_msgs) StdoutLine: {'line': b'-- Up-to-date symlink: /home/carlos/ros2_ws/install/px4_msgs/include/px4_msgs/px4_msgs/msg/detail/can_interface_status__type_support.h\n'}
[2.538687] (px4_msgs) StdoutLine: {'line': b'-- Up-to-date symlink: /home/carlos/ros2_ws/install/px4_msgs/include/px4_msgs/px4_msgs/msg/detail/cellular_status__functions.h\n'}
[2.538778] (px4_msgs) StdoutLine: {'line': b'-- Up-to-date symlink: /home/carlos/ros2_ws/install/px4_msgs/include/px4_msgs/px4_msgs/msg/detail/cellular_status__struct.h\n'}
[2.538869] (px4_msgs) StdoutLine: {'line': b'-- Up-to-date symlink: /home/carlos/ros2_ws/install/px4_msgs/include/px4_msgs/px4_msgs/msg/detail/cellular_status__type_support.h\n'}
[2.538966] (px4_msgs) StdoutLine: {'line': b'-- Up-to-date symlink: /home/carlos/ros2_ws/install/px4_msgs/include/px4_msgs/px4_msgs/msg/detail/collision_constraints__functions.h\n'}
[2.539063] (px4_msgs) StdoutLine: {'line': b'-- Up-to-date symlink: /home/carlos/ros2_ws/install/px4_msgs/include/px4_msgs/px4_msgs/msg/detail/collision_constraints__struct.h\n'}
[2.539253] (px4_msgs) StdoutLine: {'line': b'-- Up-to-date symlink: /home/carlos/ros2_ws/install/px4_msgs/include/px4_msgs/px4_msgs/msg/detail/collision_constraints__type_support.h\n'}
[2.539416] (px4_msgs) StdoutLine: {'line': b'-- Up-to-date symlink: /home/carlos/ros2_ws/install/px4_msgs/include/px4_msgs/px4_msgs/msg/detail/config_overrides__functions.h\n'}
[2.539537] (px4_msgs) StdoutLine: {'line': b'-- Up-to-date symlink: /home/carlos/ros2_ws/install/px4_msgs/include/px4_msgs/px4_msgs/msg/detail/config_overrides__struct.h\n'}
[2.539691] (px4_msgs) StdoutLine: {'line': b'-- Up-to-date symlink: /home/carlos/ros2_ws/install/px4_msgs/include/px4_msgs/px4_msgs/msg/detail/config_overrides__type_support.h\n'}
[2.539834] (px4_msgs) StdoutLine: {'line': b'-- Up-to-date symlink: /home/carlos/ros2_ws/install/px4_msgs/include/px4_msgs/px4_msgs/msg/detail/control_allocator_status__functions.h\n'}
[2.539939] (px4_msgs) StdoutLine: {'line': b'-- Up-to-date symlink: /home/carlos/ros2_ws/install/px4_msgs/include/px4_msgs/px4_msgs/msg/detail/control_allocator_status__struct.h\n'}
[2.540039] (px4_msgs) StdoutLine: {'line': b'-- Up-to-date symlink: /home/carlos/ros2_ws/install/px4_msgs/include/px4_msgs/px4_msgs/msg/detail/control_allocator_status__type_support.h\n'}
[2.540107] (px4_msgs) StdoutLine: {'line': b'-- Up-to-date symlink: /home/carlos/ros2_ws/install/px4_msgs/include/px4_msgs/px4_msgs/msg/detail/cpuload__functions.h\n'}
[2.540181] (px4_msgs) StdoutLine: {'line': b'-- Up-to-date symlink: /home/carlos/ros2_ws/install/px4_msgs/include/px4_msgs/px4_msgs/msg/detail/cpuload__struct.h\n'}
[2.540233] (px4_msgs) StdoutLine: {'line': b'-- Up-to-date symlink: /home/carlos/ros2_ws/install/px4_msgs/include/px4_msgs/px4_msgs/msg/detail/cpuload__type_support.h\n'}
[2.540279] (px4_msgs) StdoutLine: {'line': b'-- Up-to-date symlink: /home/carlos/ros2_ws/install/px4_msgs/include/px4_msgs/px4_msgs/msg/detail/dataman_request__functions.h\n'}
[2.540322] (px4_msgs) StdoutLine: {'line': b'-- Up-to-date symlink: /home/carlos/ros2_ws/install/px4_msgs/include/px4_msgs/px4_msgs/msg/detail/dataman_request__struct.h\n'}
[2.540388] (px4_msgs) StdoutLine: {'line': b'-- Up-to-date symlink: /home/carlos/ros2_ws/install/px4_msgs/include/px4_msgs/px4_msgs/msg/detail/dataman_request__type_support.h\n'}
[2.540439] (px4_msgs) StdoutLine: {'line': b'-- Up-to-date symlink: /home/carlos/ros2_ws/install/px4_msgs/include/px4_msgs/px4_msgs/msg/detail/dataman_response__functions.h\n'}
[2.540501] (px4_msgs) StdoutLine: {'line': b'-- Up-to-date symlink: /home/carlos/ros2_ws/install/px4_msgs/include/px4_msgs/px4_msgs/msg/detail/dataman_response__struct.h\n'}
[2.540563] (px4_msgs) StdoutLine: {'line': b'-- Up-to-date symlink: /home/carlos/ros2_ws/install/px4_msgs/include/px4_msgs/px4_msgs/msg/detail/dataman_response__type_support.h\n'}
[2.540624] (px4_msgs) StdoutLine: {'line': b'-- Up-to-date symlink: /home/carlos/ros2_ws/install/px4_msgs/include/px4_msgs/px4_msgs/msg/detail/debug_array__functions.h\n'}
[2.540686] (px4_msgs) StdoutLine: {'line': b'-- Up-to-date symlink: /home/carlos/ros2_ws/install/px4_msgs/include/px4_msgs/px4_msgs/msg/detail/debug_array__struct.h\n'}
[2.540776] (px4_msgs) StdoutLine: {'line': b'-- Up-to-date symlink: /home/carlos/ros2_ws/install/px4_msgs/include/px4_msgs/px4_msgs/msg/detail/debug_array__type_support.h\n'}
[2.540865] (px4_msgs) StdoutLine: {'line': b'-- Up-to-date symlink: /home/carlos/ros2_ws/install/px4_msgs/include/px4_msgs/px4_msgs/msg/detail/debug_key_value__functions.h\n'}
[2.540956] (px4_msgs) StdoutLine: {'line': b'-- Up-to-date symlink: /home/carlos/ros2_ws/install/px4_msgs/include/px4_msgs/px4_msgs/msg/detail/debug_key_value__struct.h\n'}
[2.541053] (px4_msgs) StdoutLine: {'line': b'-- Up-to-date symlink: /home/carlos/ros2_ws/install/px4_msgs/include/px4_msgs/px4_msgs/msg/detail/debug_key_value__type_support.h\n'}
[2.541143] (px4_msgs) StdoutLine: {'line': b'-- Up-to-date symlink: /home/carlos/ros2_ws/install/px4_msgs/include/px4_msgs/px4_msgs/msg/detail/debug_value__functions.h\n'}
[2.541232] (px4_msgs) StdoutLine: {'line': b'-- Up-to-date symlink: /home/carlos/ros2_ws/install/px4_msgs/include/px4_msgs/px4_msgs/msg/detail/debug_value__struct.h\n'}
[2.541321] (px4_msgs) StdoutLine: {'line': b'-- Up-to-date symlink: /home/carlos/ros2_ws/install/px4_msgs/include/px4_msgs/px4_msgs/msg/detail/debug_value__type_support.h\n'}
[2.541410] (px4_msgs) StdoutLine: {'line': b'-- Up-to-date symlink: /home/carlos/ros2_ws/install/px4_msgs/include/px4_msgs/px4_msgs/msg/detail/debug_vect__functions.h\n'}
[2.541499] (px4_msgs) StdoutLine: {'line': b'-- Up-to-date symlink: /home/carlos/ros2_ws/install/px4_msgs/include/px4_msgs/px4_msgs/msg/detail/debug_vect__struct.h\n'}
[2.541588] (px4_msgs) StdoutLine: {'line': b'-- Up-to-date symlink: /home/carlos/ros2_ws/install/px4_msgs/include/px4_msgs/px4_msgs/msg/detail/debug_vect__type_support.h\n'}
[2.541677] (px4_msgs) StdoutLine: {'line': b'-- Up-to-date symlink: /home/carlos/ros2_ws/install/px4_msgs/include/px4_msgs/px4_msgs/msg/detail/differential_pressure__functions.h\n'}
[2.541766] (px4_msgs) StdoutLine: {'line': b'-- Up-to-date symlink: /home/carlos/ros2_ws/install/px4_msgs/include/px4_msgs/px4_msgs/msg/detail/differential_pressure__struct.h\n'}
[2.541855] (px4_msgs) StdoutLine: {'line': b'-- Up-to-date symlink: /home/carlos/ros2_ws/install/px4_msgs/include/px4_msgs/px4_msgs/msg/detail/differential_pressure__type_support.h\n'}
[2.541944] (px4_msgs) StdoutLine: {'line': b'-- Up-to-date symlink: /home/carlos/ros2_ws/install/px4_msgs/include/px4_msgs/px4_msgs/msg/detail/distance_sensor__functions.h\n'}
[2.542033] (px4_msgs) StdoutLine: {'line': b'-- Up-to-date symlink: /home/carlos/ros2_ws/install/px4_msgs/include/px4_msgs/px4_msgs/msg/detail/distance_sensor__struct.h\n'}
[2.542130] (px4_msgs) StdoutLine: {'line': b'-- Up-to-date symlink: /home/carlos/ros2_ws/install/px4_msgs/include/px4_msgs/px4_msgs/msg/detail/distance_sensor__type_support.h\n'}
[2.542221] (px4_msgs) StdoutLine: {'line': b'-- Up-to-date symlink: /home/carlos/ros2_ws/install/px4_msgs/include/px4_msgs/px4_msgs/msg/detail/distance_sensor_mode_change_request__functions.h\n'}
[2.542315] (px4_msgs) StdoutLine: {'line': b'-- Up-to-date symlink: /home/carlos/ros2_ws/install/px4_msgs/include/px4_msgs/px4_msgs/msg/detail/distance_sensor_mode_change_request__struct.h\n'}
[2.542406] (px4_msgs) StdoutLine: {'line': b'-- Up-to-date symlink: /home/carlos/ros2_ws/install/px4_msgs/include/px4_msgs/px4_msgs/msg/detail/distance_sensor_mode_change_request__type_support.h\n'}
[2.542501] (px4_msgs) StdoutLine: {'line': b'-- Up-to-date symlink: /home/carlos/ros2_ws/install/px4_msgs/include/px4_msgs/px4_msgs/msg/detail/dronecan_node_status__functions.h\n'}
[2.542590] (px4_msgs) StdoutLine: {'line': b'-- Up-to-date symlink: /home/carlos/ros2_ws/install/px4_msgs/include/px4_msgs/px4_msgs/msg/detail/dronecan_node_status__struct.h\n'}
[2.542680] (px4_msgs) StdoutLine: {'line': b'-- Up-to-date symlink: /home/carlos/ros2_ws/install/px4_msgs/include/px4_msgs/px4_msgs/msg/detail/dronecan_node_status__type_support.h\n'}
[2.542768] (px4_msgs) StdoutLine: {'line': b'-- Up-to-date symlink: /home/carlos/ros2_ws/install/px4_msgs/include/px4_msgs/px4_msgs/msg/detail/ekf2_timestamps__functions.h\n'}
[2.542857] (px4_msgs) StdoutLine: {'line': b'-- Up-to-date symlink: /home/carlos/ros2_ws/install/px4_msgs/include/px4_msgs/px4_msgs/msg/detail/ekf2_timestamps__struct.h\n'}
[2.542947] (px4_msgs) StdoutLine: {'line': b'-- Up-to-date symlink: /home/carlos/ros2_ws/install/px4_msgs/include/px4_msgs/px4_msgs/msg/detail/ekf2_timestamps__type_support.h\n'}
[2.543036] (px4_msgs) StdoutLine: {'line': b'-- Up-to-date symlink: /home/carlos/ros2_ws/install/px4_msgs/include/px4_msgs/px4_msgs/msg/detail/esc_report__functions.h\n'}
[2.543132] (px4_msgs) StdoutLine: {'line': b'-- Up-to-date symlink: /home/carlos/ros2_ws/install/px4_msgs/include/px4_msgs/px4_msgs/msg/detail/esc_report__struct.h\n'}
[2.543221] (px4_msgs) StdoutLine: {'line': b'-- Up-to-date symlink: /home/carlos/ros2_ws/install/px4_msgs/include/px4_msgs/px4_msgs/msg/detail/esc_report__type_support.h\n'}
[2.543310] (px4_msgs) StdoutLine: {'line': b'-- Up-to-date symlink: /home/carlos/ros2_ws/install/px4_msgs/include/px4_msgs/px4_msgs/msg/detail/esc_status__functions.h\n'}
[2.543400] (px4_msgs) StdoutLine: {'line': b'-- Up-to-date symlink: /home/carlos/ros2_ws/install/px4_msgs/include/px4_msgs/px4_msgs/msg/detail/esc_status__struct.h\n'}
[2.543489] (px4_msgs) StdoutLine: {'line': b'-- Up-to-date symlink: /home/carlos/ros2_ws/install/px4_msgs/include/px4_msgs/px4_msgs/msg/detail/esc_status__type_support.h\n'}
[2.543580] (px4_msgs) StdoutLine: {'line': b'-- Up-to-date symlink: /home/carlos/ros2_ws/install/px4_msgs/include/px4_msgs/px4_msgs/msg/detail/estimator_aid_source1d__functions.h\n'}
[2.543670] (px4_msgs) StdoutLine: {'line': b'-- Up-to-date symlink: /home/carlos/ros2_ws/install/px4_msgs/include/px4_msgs/px4_msgs/msg/detail/estimator_aid_source1d__struct.h\n'}
[2.543754] (px4_msgs) StdoutLine: {'line': b'-- Up-to-date symlink: /home/carlos/ros2_ws/install/px4_msgs/include/px4_msgs/px4_msgs/msg/detail/estimator_aid_source1d__type_support.h\n'}
[2.543843] (px4_msgs) StdoutLine: {'line': b'-- Up-to-date symlink: /home/carlos/ros2_ws/install/px4_msgs/include/px4_msgs/px4_msgs/msg/detail/estimator_aid_source2d__functions.h\n'}
[2.543932] (px4_msgs) StdoutLine: {'line': b'-- Up-to-date symlink: /home/carlos/ros2_ws/install/px4_msgs/include/px4_msgs/px4_msgs/msg/detail/estimator_aid_source2d__struct.h\n'}
[2.544020] (px4_msgs) StdoutLine: {'line': b'-- Up-to-date symlink: /home/carlos/ros2_ws/install/px4_msgs/include/px4_msgs/px4_msgs/msg/detail/estimator_aid_source2d__type_support.h\n'}
[2.544119] (px4_msgs) StdoutLine: {'line': b'-- Up-to-date symlink: /home/carlos/ros2_ws/install/px4_msgs/include/px4_msgs/px4_msgs/msg/detail/estimator_aid_source3d__functions.h\n'}
[2.544208] (px4_msgs) StdoutLine: {'line': b'-- Up-to-date symlink: /home/carlos/ros2_ws/install/px4_msgs/include/px4_msgs/px4_msgs/msg/detail/estimator_aid_source3d__struct.h\n'}
[2.544297] (px4_msgs) StdoutLine: {'line': b'-- Up-to-date symlink: /home/carlos/ros2_ws/install/px4_msgs/include/px4_msgs/px4_msgs/msg/detail/estimator_aid_source3d__type_support.h\n'}
[2.544387] (px4_msgs) StdoutLine: {'line': b'-- Up-to-date symlink: /home/carlos/ros2_ws/install/px4_msgs/include/px4_msgs/px4_msgs/msg/detail/estimator_bias3d__functions.h\n'}
[2.544477] (px4_msgs) StdoutLine: {'line': b'-- Up-to-date symlink: /home/carlos/ros2_ws/install/px4_msgs/include/px4_msgs/px4_msgs/msg/detail/estimator_bias3d__struct.h\n'}
[2.544567] (px4_msgs) StdoutLine: {'line': b'-- Up-to-date symlink: /home/carlos/ros2_ws/install/px4_msgs/include/px4_msgs/px4_msgs/msg/detail/estimator_bias3d__type_support.h\n'}
[2.544657] (px4_msgs) StdoutLine: {'line': b'-- Up-to-date symlink: /home/carlos/ros2_ws/install/px4_msgs/include/px4_msgs/px4_msgs/msg/detail/estimator_bias__functions.h\n'}
[2.544747] (px4_msgs) StdoutLine: {'line': b'-- Up-to-date symlink: /home/carlos/ros2_ws/install/px4_msgs/include/px4_msgs/px4_msgs/msg/detail/estimator_bias__struct.h\n'}
[2.544837] (px4_msgs) StdoutLine: {'line': b'-- Up-to-date symlink: /home/carlos/ros2_ws/install/px4_msgs/include/px4_msgs/px4_msgs/msg/detail/estimator_bias__type_support.h\n'}
[2.544927] (px4_msgs) StdoutLine: {'line': b'-- Up-to-date symlink: /home/carlos/ros2_ws/install/px4_msgs/include/px4_msgs/px4_msgs/msg/detail/estimator_event_flags__functions.h\n'}
[2.545017] (px4_msgs) StdoutLine: {'line': b'-- Up-to-date symlink: /home/carlos/ros2_ws/install/px4_msgs/include/px4_msgs/px4_msgs/msg/detail/estimator_event_flags__struct.h\n'}
[2.545115] (px4_msgs) StdoutLine: {'line': b'-- Up-to-date symlink: /home/carlos/ros2_ws/install/px4_msgs/include/px4_msgs/px4_msgs/msg/detail/estimator_event_flags__type_support.h\n'}
[2.545205] (px4_msgs) StdoutLine: {'line': b'-- Up-to-date symlink: /home/carlos/ros2_ws/install/px4_msgs/include/px4_msgs/px4_msgs/msg/detail/estimator_gps_status__functions.h\n'}
[2.545295] (px4_msgs) StdoutLine: {'line': b'-- Up-to-date symlink: /home/carlos/ros2_ws/install/px4_msgs/include/px4_msgs/px4_msgs/msg/detail/estimator_gps_status__struct.h\n'}
[2.545384] (px4_msgs) StdoutLine: {'line': b'-- Up-to-date symlink: /home/carlos/ros2_ws/install/px4_msgs/include/px4_msgs/px4_msgs/msg/detail/estimator_gps_status__type_support.h\n'}
[2.545473] (px4_msgs) StdoutLine: {'line': b'-- Up-to-date symlink: /home/carlos/ros2_ws/install/px4_msgs/include/px4_msgs/px4_msgs/msg/detail/estimator_innovations__functions.h\n'}
[2.545563] (px4_msgs) StdoutLine: {'line': b'-- Up-to-date symlink: /home/carlos/ros2_ws/install/px4_msgs/include/px4_msgs/px4_msgs/msg/detail/estimator_innovations__struct.h\n'}
[2.545652] (px4_msgs) StdoutLine: {'line': b'-- Up-to-date symlink: /home/carlos/ros2_ws/install/px4_msgs/include/px4_msgs/px4_msgs/msg/detail/estimator_innovations__type_support.h\n'}
[2.545747] (px4_msgs) StdoutLine: {'line': b'-- Up-to-date symlink: /home/carlos/ros2_ws/install/px4_msgs/include/px4_msgs/px4_msgs/msg/detail/estimator_selector_status__functions.h\n'}
[2.545836] (px4_msgs) StdoutLine: {'line': b'-- Up-to-date symlink: /home/carlos/ros2_ws/install/px4_msgs/include/px4_msgs/px4_msgs/msg/detail/estimator_selector_status__struct.h\n'}
[2.545926] (px4_msgs) StdoutLine: {'line': b'-- Up-to-date symlink: /home/carlos/ros2_ws/install/px4_msgs/include/px4_msgs/px4_msgs/msg/detail/estimator_selector_status__type_support.h\n'}
[2.546015] (px4_msgs) StdoutLine: {'line': b'-- Up-to-date symlink: /home/carlos/ros2_ws/install/px4_msgs/include/px4_msgs/px4_msgs/msg/detail/estimator_sensor_bias__functions.h\n'}
[2.546117] (px4_msgs) StdoutLine: {'line': b'-- Up-to-date symlink: /home/carlos/ros2_ws/install/px4_msgs/include/px4_msgs/px4_msgs/msg/detail/estimator_sensor_bias__struct.h\n'}
[2.546207] (px4_msgs) StdoutLine: {'line': b'-- Up-to-date symlink: /home/carlos/ros2_ws/install/px4_msgs/include/px4_msgs/px4_msgs/msg/detail/estimator_sensor_bias__type_support.h\n'}
[2.546295] (px4_msgs) StdoutLine: {'line': b'-- Up-to-date symlink: /home/carlos/ros2_ws/install/px4_msgs/include/px4_msgs/px4_msgs/msg/detail/estimator_states__functions.h\n'}
[2.546384] (px4_msgs) StdoutLine: {'line': b'-- Up-to-date symlink: /home/carlos/ros2_ws/install/px4_msgs/include/px4_msgs/px4_msgs/msg/detail/estimator_states__struct.h\n'}
[2.546473] (px4_msgs) StdoutLine: {'line': b'-- Up-to-date symlink: /home/carlos/ros2_ws/install/px4_msgs/include/px4_msgs/px4_msgs/msg/detail/estimator_states__type_support.h\n'}
[2.546561] (px4_msgs) StdoutLine: {'line': b'-- Up-to-date symlink: /home/carlos/ros2_ws/install/px4_msgs/include/px4_msgs/px4_msgs/msg/detail/estimator_status__functions.h\n'}
[2.546650] (px4_msgs) StdoutLine: {'line': b'-- Up-to-date symlink: /home/carlos/ros2_ws/install/px4_msgs/include/px4_msgs/px4_msgs/msg/detail/estimator_status__struct.h\n'}
[2.546739] (px4_msgs) StdoutLine: {'line': b'-- Up-to-date symlink: /home/carlos/ros2_ws/install/px4_msgs/include/px4_msgs/px4_msgs/msg/detail/estimator_status__type_support.h\n'}
[2.546829] (px4_msgs) StdoutLine: {'line': b'-- Up-to-date symlink: /home/carlos/ros2_ws/install/px4_msgs/include/px4_msgs/px4_msgs/msg/detail/estimator_status_flags__functions.h\n'}
[2.546917] (px4_msgs) StdoutLine: {'line': b'-- Up-to-date symlink: /home/carlos/ros2_ws/install/px4_msgs/include/px4_msgs/px4_msgs/msg/detail/estimator_status_flags__struct.h\n'}
[2.547007] (px4_msgs) StdoutLine: {'line': b'-- Up-to-date symlink: /home/carlos/ros2_ws/install/px4_msgs/include/px4_msgs/px4_msgs/msg/detail/estimator_status_flags__type_support.h\n'}
[2.547109] (px4_msgs) StdoutLine: {'line': b'-- Up-to-date symlink: /home/carlos/ros2_ws/install/px4_msgs/include/px4_msgs/px4_msgs/msg/detail/event__functions.h\n'}
[2.547199] (px4_msgs) StdoutLine: {'line': b'-- Up-to-date symlink: /home/carlos/ros2_ws/install/px4_msgs/include/px4_msgs/px4_msgs/msg/detail/event__struct.h\n'}
[2.547282] (px4_msgs) StdoutLine: {'line': b'-- Up-to-date symlink: /home/carlos/ros2_ws/install/px4_msgs/include/px4_msgs/px4_msgs/msg/detail/event__type_support.h\n'}
[2.547372] (px4_msgs) StdoutLine: {'line': b'-- Up-to-date symlink: /home/carlos/ros2_ws/install/px4_msgs/include/px4_msgs/px4_msgs/msg/detail/failsafe_flags__functions.h\n'}
[2.547461] (px4_msgs) StdoutLine: {'line': b'-- Up-to-date symlink: /home/carlos/ros2_ws/install/px4_msgs/include/px4_msgs/px4_msgs/msg/detail/failsafe_flags__struct.h\n'}
[2.547551] (px4_msgs) StdoutLine: {'line': b'-- Up-to-date symlink: /home/carlos/ros2_ws/install/px4_msgs/include/px4_msgs/px4_msgs/msg/detail/failsafe_flags__type_support.h\n'}
[2.547640] (px4_msgs) StdoutLine: {'line': b'-- Up-to-date symlink: /home/carlos/ros2_ws/install/px4_msgs/include/px4_msgs/px4_msgs/msg/detail/failure_detector_status__functions.h\n'}
[2.547730] (px4_msgs) StdoutLine: {'line': b'-- Up-to-date symlink: /home/carlos/ros2_ws/install/px4_msgs/include/px4_msgs/px4_msgs/msg/detail/failure_detector_status__struct.h\n'}
[2.547820] (px4_msgs) StdoutLine: {'line': b'-- Up-to-date symlink: /home/carlos/ros2_ws/install/px4_msgs/include/px4_msgs/px4_msgs/msg/detail/failure_detector_status__type_support.h\n'}
[2.547908] (px4_msgs) StdoutLine: {'line': b'-- Up-to-date symlink: /home/carlos/ros2_ws/install/px4_msgs/include/px4_msgs/px4_msgs/msg/detail/figure_eight_status__functions.h\n'}
[2.547997] (px4_msgs) StdoutLine: {'line': b'-- Up-to-date symlink: /home/carlos/ros2_ws/install/px4_msgs/include/px4_msgs/px4_msgs/msg/detail/figure_eight_status__struct.h\n'}
[2.548093] (px4_msgs) StdoutLine: {'line': b'-- Up-to-date symlink: /home/carlos/ros2_ws/install/px4_msgs/include/px4_msgs/px4_msgs/msg/detail/figure_eight_status__type_support.h\n'}
[2.548184] (px4_msgs) StdoutLine: {'line': b'-- Up-to-date symlink: /home/carlos/ros2_ws/install/px4_msgs/include/px4_msgs/px4_msgs/msg/detail/fixed_wing_lateral_guidance_status__functions.h\n'}
[2.548274] (px4_msgs) StdoutLine: {'line': b'-- Up-to-date symlink: /home/carlos/ros2_ws/install/px4_msgs/include/px4_msgs/px4_msgs/msg/detail/fixed_wing_lateral_guidance_status__struct.h\n'}
[2.548365] (px4_msgs) StdoutLine: {'line': b'-- Up-to-date symlink: /home/carlos/ros2_ws/install/px4_msgs/include/px4_msgs/px4_msgs/msg/detail/fixed_wing_lateral_guidance_status__type_support.h\n'}
[2.548456] (px4_msgs) StdoutLine: {'line': b'-- Up-to-date symlink: /home/carlos/ros2_ws/install/px4_msgs/include/px4_msgs/px4_msgs/msg/detail/fixed_wing_lateral_setpoint__functions.h\n'}
[2.548552] (px4_msgs) StdoutLine: {'line': b'-- Up-to-date symlink: /home/carlos/ros2_ws/install/px4_msgs/include/px4_msgs/px4_msgs/msg/detail/fixed_wing_lateral_setpoint__struct.h\n'}
[2.548646] (px4_msgs) StdoutLine: {'line': b'-- Up-to-date symlink: /home/carlos/ros2_ws/install/px4_msgs/include/px4_msgs/px4_msgs/msg/detail/fixed_wing_lateral_setpoint__type_support.h\n'}
[2.548736] (px4_msgs) StdoutLine: {'line': b'-- Up-to-date symlink: /home/carlos/ros2_ws/install/px4_msgs/include/px4_msgs/px4_msgs/msg/detail/fixed_wing_lateral_status__functions.h\n'}
[2.548825] (px4_msgs) StdoutLine: {'line': b'-- Up-to-date symlink: /home/carlos/ros2_ws/install/px4_msgs/include/px4_msgs/px4_msgs/msg/detail/fixed_wing_lateral_status__struct.h\n'}
[2.548916] (px4_msgs) StdoutLine: {'line': b'-- Up-to-date symlink: /home/carlos/ros2_ws/install/px4_msgs/include/px4_msgs/px4_msgs/msg/detail/fixed_wing_lateral_status__type_support.h\n'}
[2.549006] (px4_msgs) StdoutLine: {'line': b'-- Up-to-date symlink: /home/carlos/ros2_ws/install/px4_msgs/include/px4_msgs/px4_msgs/msg/detail/fixed_wing_longitudinal_setpoint__functions.h\n'}
[2.549108] (px4_msgs) StdoutLine: {'line': b'-- Up-to-date symlink: /home/carlos/ros2_ws/install/px4_msgs/include/px4_msgs/px4_msgs/msg/detail/fixed_wing_longitudinal_setpoint__struct.h\n'}
[2.549200] (px4_msgs) StdoutLine: {'line': b'-- Up-to-date symlink: /home/carlos/ros2_ws/install/px4_msgs/include/px4_msgs/px4_msgs/msg/detail/fixed_wing_longitudinal_setpoint__type_support.h\n'}
[2.549290] (px4_msgs) StdoutLine: {'line': b'-- Up-to-date symlink: /home/carlos/ros2_ws/install/px4_msgs/include/px4_msgs/px4_msgs/msg/detail/fixed_wing_runway_control__functions.h\n'}
[2.549381] (px4_msgs) StdoutLine: {'line': b'-- Up-to-date symlink: /home/carlos/ros2_ws/install/px4_msgs/include/px4_msgs/px4_msgs/msg/detail/fixed_wing_runway_control__struct.h\n'}
[2.549472] (px4_msgs) StdoutLine: {'line': b'-- Up-to-date symlink: /home/carlos/ros2_ws/install/px4_msgs/include/px4_msgs/px4_msgs/msg/detail/fixed_wing_runway_control__type_support.h\n'}
[2.549563] (px4_msgs) StdoutLine: {'line': b'-- Up-to-date symlink: /home/carlos/ros2_ws/install/px4_msgs/include/px4_msgs/px4_msgs/msg/detail/flight_phase_estimation__functions.h\n'}
[2.549653] (px4_msgs) StdoutLine: {'line': b'-- Up-to-date symlink: /home/carlos/ros2_ws/install/px4_msgs/include/px4_msgs/px4_msgs/msg/detail/flight_phase_estimation__struct.h\n'}
[2.549737] (px4_msgs) StdoutLine: {'line': b'-- Up-to-date symlink: /home/carlos/ros2_ws/install/px4_msgs/include/px4_msgs/px4_msgs/msg/detail/flight_phase_estimation__type_support.h\n'}
[2.549828] (px4_msgs) StdoutLine: {'line': b'-- Up-to-date symlink: /home/carlos/ros2_ws/install/px4_msgs/include/px4_msgs/px4_msgs/msg/detail/follow_target__functions.h\n'}
[2.549918] (px4_msgs) StdoutLine: {'line': b'-- Up-to-date symlink: /home/carlos/ros2_ws/install/px4_msgs/include/px4_msgs/px4_msgs/msg/detail/follow_target__struct.h\n'}
[2.550008] (px4_msgs) StdoutLine: {'line': b'-- Up-to-date symlink: /home/carlos/ros2_ws/install/px4_msgs/include/px4_msgs/px4_msgs/msg/detail/follow_target__type_support.h\n'}
[2.550105] (px4_msgs) StdoutLine: {'line': b'-- Up-to-date symlink: /home/carlos/ros2_ws/install/px4_msgs/include/px4_msgs/px4_msgs/msg/detail/follow_target_estimator__functions.h\n'}
[2.550195] (px4_msgs) StdoutLine: {'line': b'-- Up-to-date symlink: /home/carlos/ros2_ws/install/px4_msgs/include/px4_msgs/px4_msgs/msg/detail/follow_target_estimator__struct.h\n'}
[2.550286] (px4_msgs) StdoutLine: {'line': b'-- Up-to-date symlink: /home/carlos/ros2_ws/install/px4_msgs/include/px4_msgs/px4_msgs/msg/detail/follow_target_estimator__type_support.h\n'}
[2.550375] (px4_msgs) StdoutLine: {'line': b'-- Up-to-date symlink: /home/carlos/ros2_ws/install/px4_msgs/include/px4_msgs/px4_msgs/msg/detail/follow_target_status__functions.h\n'}
[2.550465] (px4_msgs) StdoutLine: {'line': b'-- Up-to-date symlink: /home/carlos/ros2_ws/install/px4_msgs/include/px4_msgs/px4_msgs/msg/detail/follow_target_status__struct.h\n'}
[2.550555] (px4_msgs) StdoutLine: {'line': b'-- Up-to-date symlink: /home/carlos/ros2_ws/install/px4_msgs/include/px4_msgs/px4_msgs/msg/detail/follow_target_status__type_support.h\n'}
[2.550645] (px4_msgs) StdoutLine: {'line': b'-- Up-to-date symlink: /home/carlos/ros2_ws/install/px4_msgs/include/px4_msgs/px4_msgs/msg/detail/fuel_tank_status__functions.h\n'}
[2.550735] (px4_msgs) StdoutLine: {'line': b'-- Up-to-date symlink: /home/carlos/ros2_ws/install/px4_msgs/include/px4_msgs/px4_msgs/msg/detail/fuel_tank_status__struct.h\n'}
[2.550826] (px4_msgs) StdoutLine: {'line': b'-- Up-to-date symlink: /home/carlos/ros2_ws/install/px4_msgs/include/px4_msgs/px4_msgs/msg/detail/fuel_tank_status__type_support.h\n'}
[2.550921] (px4_msgs) StdoutLine: {'line': b'-- Up-to-date symlink: /home/carlos/ros2_ws/install/px4_msgs/include/px4_msgs/px4_msgs/msg/detail/generator_status__functions.h\n'}
[2.551012] (px4_msgs) StdoutLine: {'line': b'-- Up-to-date symlink: /home/carlos/ros2_ws/install/px4_msgs/include/px4_msgs/px4_msgs/msg/detail/generator_status__struct.h\n'}
[2.551108] (px4_msgs) StdoutLine: {'line': b'-- Up-to-date symlink: /home/carlos/ros2_ws/install/px4_msgs/include/px4_msgs/px4_msgs/msg/detail/generator_status__type_support.h\n'}
[2.551199] (px4_msgs) StdoutLine: {'line': b'-- Up-to-date symlink: /home/carlos/ros2_ws/install/px4_msgs/include/px4_msgs/px4_msgs/msg/detail/geofence_result__functions.h\n'}
[2.551289] (px4_msgs) StdoutLine: {'line': b'-- Up-to-date symlink: /home/carlos/ros2_ws/install/px4_msgs/include/px4_msgs/px4_msgs/msg/detail/geofence_result__struct.h\n'}
[2.551378] (px4_msgs) StdoutLine: {'line': b'-- Up-to-date symlink: /home/carlos/ros2_ws/install/px4_msgs/include/px4_msgs/px4_msgs/msg/detail/geofence_result__type_support.h\n'}
[2.551468] (px4_msgs) StdoutLine: {'line': b'-- Up-to-date symlink: /home/carlos/ros2_ws/install/px4_msgs/include/px4_msgs/px4_msgs/msg/detail/geofence_status__functions.h\n'}
[2.551558] (px4_msgs) StdoutLine: {'line': b'-- Up-to-date symlink: /home/carlos/ros2_ws/install/px4_msgs/include/px4_msgs/px4_msgs/msg/detail/geofence_status__struct.h\n'}
[2.551648] (px4_msgs) StdoutLine: {'line': b'-- Up-to-date symlink: /home/carlos/ros2_ws/install/px4_msgs/include/px4_msgs/px4_msgs/msg/detail/geofence_status__type_support.h\n'}
[2.551737] (px4_msgs) StdoutLine: {'line': b'-- Up-to-date symlink: /home/carlos/ros2_ws/install/px4_msgs/include/px4_msgs/px4_msgs/msg/detail/gimbal_controls__functions.h\n'}
[2.551826] (px4_msgs) StdoutLine: {'line': b'-- Up-to-date symlink: /home/carlos/ros2_ws/install/px4_msgs/include/px4_msgs/px4_msgs/msg/detail/gimbal_controls__struct.h\n'}
[2.551916] (px4_msgs) StdoutLine: {'line': b'-- Up-to-date symlink: /home/carlos/ros2_ws/install/px4_msgs/include/px4_msgs/px4_msgs/msg/detail/gimbal_controls__type_support.h\n'}
[2.552006] (px4_msgs) StdoutLine: {'line': b'-- Up-to-date symlink: /home/carlos/ros2_ws/install/px4_msgs/include/px4_msgs/px4_msgs/msg/detail/gimbal_device_attitude_status__functions.h\n'}
[2.552097] (px4_msgs) StdoutLine: {'line': b'-- Up-to-date symlink: /home/carlos/ros2_ws/install/px4_msgs/include/px4_msgs/px4_msgs/msg/detail/gimbal_device_attitude_status__struct.h\n'}
[2.552189] (px4_msgs) StdoutLine: {'line': b'-- Up-to-date symlink: /home/carlos/ros2_ws/install/px4_msgs/include/px4_msgs/px4_msgs/msg/detail/gimbal_device_attitude_status__type_support.h\n'}
[2.552281] (px4_msgs) StdoutLine: {'line': b'-- Up-to-date symlink: /home/carlos/ros2_ws/install/px4_msgs/include/px4_msgs/px4_msgs/msg/detail/gimbal_device_information__functions.h\n'}
[2.552371] (px4_msgs) StdoutLine: {'line': b'-- Up-to-date symlink: /home/carlos/ros2_ws/install/px4_msgs/include/px4_msgs/px4_msgs/msg/detail/gimbal_device_information__struct.h\n'}
[2.552468] (px4_msgs) StdoutLine: {'line': b'-- Up-to-date symlink: /home/carlos/ros2_ws/install/px4_msgs/include/px4_msgs/px4_msgs/msg/detail/gimbal_device_information__type_support.h\n'}
[2.552557] (px4_msgs) StdoutLine: {'line': b'-- Up-to-date symlink: /home/carlos/ros2_ws/install/px4_msgs/include/px4_msgs/px4_msgs/msg/detail/gimbal_device_set_attitude__functions.h\n'}
[2.552647] (px4_msgs) StdoutLine: {'line': b'-- Up-to-date symlink: /home/carlos/ros2_ws/install/px4_msgs/include/px4_msgs/px4_msgs/msg/detail/gimbal_device_set_attitude__struct.h\n'}
[2.552736] (px4_msgs) StdoutLine: {'line': b'-- Up-to-date symlink: /home/carlos/ros2_ws/install/px4_msgs/include/px4_msgs/px4_msgs/msg/detail/gimbal_device_set_attitude__type_support.h\n'}
[2.552840] (px4_msgs) StdoutLine: {'line': b'-- Up-to-date symlink: /home/carlos/ros2_ws/install/px4_msgs/include/px4_msgs/px4_msgs/msg/detail/gimbal_manager_information__functions.h\n'}
[2.552928] (px4_msgs) StdoutLine: {'line': b'-- Up-to-date symlink: /home/carlos/ros2_ws/install/px4_msgs/include/px4_msgs/px4_msgs/msg/detail/gimbal_manager_information__struct.h\n'}
[2.553018] (px4_msgs) StdoutLine: {'line': b'-- Up-to-date symlink: /home/carlos/ros2_ws/install/px4_msgs/include/px4_msgs/px4_msgs/msg/detail/gimbal_manager_information__type_support.h\n'}
[2.553120] (px4_msgs) StdoutLine: {'line': b'-- Up-to-date symlink: /home/carlos/ros2_ws/install/px4_msgs/include/px4_msgs/px4_msgs/msg/detail/gimbal_manager_set_attitude__functions.h\n'}
[2.553238] (px4_msgs) StdoutLine: {'line': b'-- Up-to-date symlink: /home/carlos/ros2_ws/install/px4_msgs/include/px4_msgs/px4_msgs/msg/detail/gimbal_manager_set_attitude__struct.h\n'}
[2.553334] (px4_msgs) StdoutLine: {'line': b'-- Up-to-date symlink: /home/carlos/ros2_ws/install/px4_msgs/include/px4_msgs/px4_msgs/msg/detail/gimbal_manager_set_attitude__type_support.h\n'}
[2.553457] (px4_msgs) StdoutLine: {'line': b'-- Up-to-date symlink: /home/carlos/ros2_ws/install/px4_msgs/include/px4_msgs/px4_msgs/msg/detail/gimbal_manager_set_manual_control__functions.h\n'}
[2.553566] (px4_msgs) StdoutLine: {'line': b'-- Up-to-date symlink: /home/carlos/ros2_ws/install/px4_msgs/include/px4_msgs/px4_msgs/msg/detail/gimbal_manager_set_manual_control__struct.h\n'}
[2.553654] (px4_msgs) StdoutLine: {'line': b'-- Up-to-date symlink: /home/carlos/ros2_ws/install/px4_msgs/include/px4_msgs/px4_msgs/msg/detail/gimbal_manager_set_manual_control__type_support.h\n'}
[2.553750] (px4_msgs) StdoutLine: {'line': b'-- Up-to-date symlink: /home/carlos/ros2_ws/install/px4_msgs/include/px4_msgs/px4_msgs/msg/detail/gimbal_manager_status__functions.h\n'}
[2.553840] (px4_msgs) StdoutLine: {'line': b'-- Up-to-date symlink: /home/carlos/ros2_ws/install/px4_msgs/include/px4_msgs/px4_msgs/msg/detail/gimbal_manager_status__struct.h\n'}
[2.553975] (px4_msgs) StdoutLine: {'line': b'-- Up-to-date symlink: /home/carlos/ros2_ws/install/px4_msgs/include/px4_msgs/px4_msgs/msg/detail/gimbal_manager_status__type_support.h\n'}
[2.554067] (px4_msgs) StdoutLine: {'line': b'-- Up-to-date symlink: /home/carlos/ros2_ws/install/px4_msgs/include/px4_msgs/px4_msgs/msg/detail/goto_setpoint__functions.h\n'}
[2.554156] (px4_msgs) StdoutLine: {'line': b'-- Up-to-date symlink: /home/carlos/ros2_ws/install/px4_msgs/include/px4_msgs/px4_msgs/msg/detail/goto_setpoint__struct.h\n'}
[2.554246] (px4_msgs) StdoutLine: {'line': b'-- Up-to-date symlink: /home/carlos/ros2_ws/install/px4_msgs/include/px4_msgs/px4_msgs/msg/detail/goto_setpoint__type_support.h\n'}
[2.554366] (px4_msgs) StdoutLine: {'line': b'-- Up-to-date symlink: /home/carlos/ros2_ws/install/px4_msgs/include/px4_msgs/px4_msgs/msg/detail/gpio_config__functions.h\n'}
[2.554452] (px4_msgs) StdoutLine: {'line': b'-- Up-to-date symlink: /home/carlos/ros2_ws/install/px4_msgs/include/px4_msgs/px4_msgs/msg/detail/gpio_config__struct.h\n'}
[2.554529] (px4_msgs) StdoutLine: {'line': b'-- Up-to-date symlink: /home/carlos/ros2_ws/install/px4_msgs/include/px4_msgs/px4_msgs/msg/detail/gpio_config__type_support.h\n'}
[2.554610] (px4_msgs) StdoutLine: {'line': b'-- Up-to-date symlink: /home/carlos/ros2_ws/install/px4_msgs/include/px4_msgs/px4_msgs/msg/detail/gpio_in__functions.h\n'}
[2.554717] (px4_msgs) StdoutLine: {'line': b'-- Up-to-date symlink: /home/carlos/ros2_ws/install/px4_msgs/include/px4_msgs/px4_msgs/msg/detail/gpio_in__struct.h\n'}
[2.554793] (px4_msgs) StdoutLine: {'line': b'-- Up-to-date symlink: /home/carlos/ros2_ws/install/px4_msgs/include/px4_msgs/px4_msgs/msg/detail/gpio_in__type_support.h\n'}
[2.554929] (px4_msgs) StdoutLine: {'line': b'-- Up-to-date symlink: /home/carlos/ros2_ws/install/px4_msgs/include/px4_msgs/px4_msgs/msg/detail/gpio_out__functions.h\n'}
[2.555015] (px4_msgs) StdoutLine: {'line': b'-- Up-to-date symlink: /home/carlos/ros2_ws/install/px4_msgs/include/px4_msgs/px4_msgs/msg/detail/gpio_out__struct.h\n'}
[2.555144] (px4_msgs) StdoutLine: {'line': b'-- Up-to-date symlink: /home/carlos/ros2_ws/install/px4_msgs/include/px4_msgs/px4_msgs/msg/detail/gpio_out__type_support.h\n'}
[2.555225] (px4_msgs) StdoutLine: {'line': b'-- Up-to-date symlink: /home/carlos/ros2_ws/install/px4_msgs/include/px4_msgs/px4_msgs/msg/detail/gpio_request__functions.h\n'}
[2.555308] (px4_msgs) StdoutLine: {'line': b'-- Up-to-date symlink: /home/carlos/ros2_ws/install/px4_msgs/include/px4_msgs/px4_msgs/msg/detail/gpio_request__struct.h\n'}
[2.555373] (px4_msgs) StdoutLine: {'line': b'-- Up-to-date symlink: /home/carlos/ros2_ws/install/px4_msgs/include/px4_msgs/px4_msgs/msg/detail/gpio_request__type_support.h\n'}
[2.555462] (px4_msgs) StdoutLine: {'line': b'-- Up-to-date symlink: /home/carlos/ros2_ws/install/px4_msgs/include/px4_msgs/px4_msgs/msg/detail/gps_dump__functions.h\n'}
[2.555543] (px4_msgs) StdoutLine: {'line': b'-- Up-to-date symlink: /home/carlos/ros2_ws/install/px4_msgs/include/px4_msgs/px4_msgs/msg/detail/gps_dump__struct.h\n'}
[2.555615] (px4_msgs) StdoutLine: {'line': b'-- Up-to-date symlink: /home/carlos/ros2_ws/install/px4_msgs/include/px4_msgs/px4_msgs/msg/detail/gps_dump__type_support.h\n'}
[2.555694] (px4_msgs) StdoutLine: {'line': b'-- Up-to-date symlink: /home/carlos/ros2_ws/install/px4_msgs/include/px4_msgs/px4_msgs/msg/detail/gps_inject_data__functions.h\n'}
[2.555778] (px4_msgs) StdoutLine: {'line': b'-- Up-to-date symlink: /home/carlos/ros2_ws/install/px4_msgs/include/px4_msgs/px4_msgs/msg/detail/gps_inject_data__struct.h\n'}
[2.555861] (px4_msgs) StdoutLine: {'line': b'-- Up-to-date symlink: /home/carlos/ros2_ws/install/px4_msgs/include/px4_msgs/px4_msgs/msg/detail/gps_inject_data__type_support.h\n'}
[2.555944] (px4_msgs) StdoutLine: {'line': b'-- Up-to-date symlink: /home/carlos/ros2_ws/install/px4_msgs/include/px4_msgs/px4_msgs/msg/detail/gripper__functions.h\n'}
[2.556027] (px4_msgs) StdoutLine: {'line': b'-- Up-to-date symlink: /home/carlos/ros2_ws/install/px4_msgs/include/px4_msgs/px4_msgs/msg/detail/gripper__struct.h\n'}
[2.556126] (px4_msgs) StdoutLine: {'line': b'-- Up-to-date symlink: /home/carlos/ros2_ws/install/px4_msgs/include/px4_msgs/px4_msgs/msg/detail/gripper__type_support.h\n'}
[2.556212] (px4_msgs) StdoutLine: {'line': b'-- Up-to-date symlink: /home/carlos/ros2_ws/install/px4_msgs/include/px4_msgs/px4_msgs/msg/detail/health_report__functions.h\n'}
[2.556294] (px4_msgs) StdoutLine: {'line': b'-- Up-to-date symlink: /home/carlos/ros2_ws/install/px4_msgs/include/px4_msgs/px4_msgs/msg/detail/health_report__struct.h\n'}
[2.556378] (px4_msgs) StdoutLine: {'line': b'-- Up-to-date symlink: /home/carlos/ros2_ws/install/px4_msgs/include/px4_msgs/px4_msgs/msg/detail/health_report__type_support.h\n'}
[2.556461] (px4_msgs) StdoutLine: {'line': b'-- Up-to-date symlink: /home/carlos/ros2_ws/install/px4_msgs/include/px4_msgs/px4_msgs/msg/detail/heater_status__functions.h\n'}
[2.556545] (px4_msgs) StdoutLine: {'line': b'-- Up-to-date symlink: /home/carlos/ros2_ws/install/px4_msgs/include/px4_msgs/px4_msgs/msg/detail/heater_status__struct.h\n'}
[2.556628] (px4_msgs) StdoutLine: {'line': b'-- Up-to-date symlink: /home/carlos/ros2_ws/install/px4_msgs/include/px4_msgs/px4_msgs/msg/detail/heater_status__type_support.h\n'}
[2.556711] (px4_msgs) StdoutLine: {'line': b'-- Up-to-date symlink: /home/carlos/ros2_ws/install/px4_msgs/include/px4_msgs/px4_msgs/msg/detail/home_position__functions.h\n'}
[2.556793] (px4_msgs) StdoutLine: {'line': b'-- Up-to-date symlink: /home/carlos/ros2_ws/install/px4_msgs/include/px4_msgs/px4_msgs/msg/detail/home_position__struct.h\n'}
[2.556876] (px4_msgs) StdoutLine: {'line': b'-- Up-to-date symlink: /home/carlos/ros2_ws/install/px4_msgs/include/px4_msgs/px4_msgs/msg/detail/home_position__type_support.h\n'}
[2.556959] (px4_msgs) StdoutLine: {'line': b'-- Up-to-date symlink: /home/carlos/ros2_ws/install/px4_msgs/include/px4_msgs/px4_msgs/msg/detail/hover_thrust_estimate__functions.h\n'}
[2.557058] (px4_msgs) StdoutLine: {'line': b'-- Up-to-date symlink: /home/carlos/ros2_ws/install/px4_msgs/include/px4_msgs/px4_msgs/msg/detail/hover_thrust_estimate__struct.h\n'}
[2.557156] (px4_msgs) StdoutLine: {'line': b'-- Up-to-date symlink: /home/carlos/ros2_ws/install/px4_msgs/include/px4_msgs/px4_msgs/msg/detail/hover_thrust_estimate__type_support.h\n'}
[2.557239] (px4_msgs) StdoutLine: {'line': b'-- Up-to-date symlink: /home/carlos/ros2_ws/install/px4_msgs/include/px4_msgs/px4_msgs/msg/detail/input_rc__functions.h\n'}
[2.557321] (px4_msgs) StdoutLine: {'line': b'-- Up-to-date symlink: /home/carlos/ros2_ws/install/px4_msgs/include/px4_msgs/px4_msgs/msg/detail/input_rc__struct.h\n'}
[2.557403] (px4_msgs) StdoutLine: {'line': b'-- Up-to-date symlink: /home/carlos/ros2_ws/install/px4_msgs/include/px4_msgs/px4_msgs/msg/detail/input_rc__type_support.h\n'}
[2.557486] (px4_msgs) StdoutLine: {'line': b'-- Up-to-date symlink: /home/carlos/ros2_ws/install/px4_msgs/include/px4_msgs/px4_msgs/msg/detail/internal_combustion_engine_control__functions.h\n'}
[2.557569] (px4_msgs) StdoutLine: {'line': b'-- Up-to-date symlink: /home/carlos/ros2_ws/install/px4_msgs/include/px4_msgs/px4_msgs/msg/detail/internal_combustion_engine_control__struct.h\n'}
[2.557653] (px4_msgs) StdoutLine: {'line': b'-- Up-to-date symlink: /home/carlos/ros2_ws/install/px4_msgs/include/px4_msgs/px4_msgs/msg/detail/internal_combustion_engine_control__type_support.h\n'}
[2.557735] (px4_msgs) StdoutLine: {'line': b'-- Up-to-date symlink: /home/carlos/ros2_ws/install/px4_msgs/include/px4_msgs/px4_msgs/msg/detail/internal_combustion_engine_status__functions.h\n'}
[2.557820] (px4_msgs) StdoutLine: {'line': b'-- Up-to-date symlink: /home/carlos/ros2_ws/install/px4_msgs/include/px4_msgs/px4_msgs/msg/detail/internal_combustion_engine_status__struct.h\n'}
[2.557903] (px4_msgs) StdoutLine: {'line': b'-- Up-to-date symlink: /home/carlos/ros2_ws/install/px4_msgs/include/px4_msgs/px4_msgs/msg/detail/internal_combustion_engine_status__type_support.h\n'}
[2.557988] (px4_msgs) StdoutLine: {'line': b'-- Up-to-date symlink: /home/carlos/ros2_ws/install/px4_msgs/include/px4_msgs/px4_msgs/msg/detail/iridiumsbd_status__functions.h\n'}
[2.558081] (px4_msgs) StdoutLine: {'line': b'-- Up-to-date symlink: /home/carlos/ros2_ws/install/px4_msgs/include/px4_msgs/px4_msgs/msg/detail/iridiumsbd_status__struct.h\n'}
[2.558177] (px4_msgs) StdoutLine: {'line': b'-- Up-to-date symlink: /home/carlos/ros2_ws/install/px4_msgs/include/px4_msgs/px4_msgs/msg/detail/iridiumsbd_status__type_support.h\n'}
[2.558258] (px4_msgs) StdoutLine: {'line': b'-- Up-to-date symlink: /home/carlos/ros2_ws/install/px4_msgs/include/px4_msgs/px4_msgs/msg/detail/irlock_report__functions.h\n'}
[2.558336] (px4_msgs) StdoutLine: {'line': b'-- Up-to-date symlink: /home/carlos/ros2_ws/install/px4_msgs/include/px4_msgs/px4_msgs/msg/detail/irlock_report__struct.h\n'}
[2.558418] (px4_msgs) StdoutLine: {'line': b'-- Up-to-date symlink: /home/carlos/ros2_ws/install/px4_msgs/include/px4_msgs/px4_msgs/msg/detail/irlock_report__type_support.h\n'}
[2.558501] (px4_msgs) StdoutLine: {'line': b'-- Up-to-date symlink: /home/carlos/ros2_ws/install/px4_msgs/include/px4_msgs/px4_msgs/msg/detail/landing_gear__functions.h\n'}
[2.558582] (px4_msgs) StdoutLine: {'line': b'-- Up-to-date symlink: /home/carlos/ros2_ws/install/px4_msgs/include/px4_msgs/px4_msgs/msg/detail/landing_gear__struct.h\n'}
[2.558664] (px4_msgs) StdoutLine: {'line': b'-- Up-to-date symlink: /home/carlos/ros2_ws/install/px4_msgs/include/px4_msgs/px4_msgs/msg/detail/landing_gear__type_support.h\n'}
[2.558747] (px4_msgs) StdoutLine: {'line': b'-- Up-to-date symlink: /home/carlos/ros2_ws/install/px4_msgs/include/px4_msgs/px4_msgs/msg/detail/landing_gear_wheel__functions.h\n'}
[2.558830] (px4_msgs) StdoutLine: {'line': b'-- Up-to-date symlink: /home/carlos/ros2_ws/install/px4_msgs/include/px4_msgs/px4_msgs/msg/detail/landing_gear_wheel__struct.h\n'}
[2.558913] (px4_msgs) StdoutLine: {'line': b'-- Up-to-date symlink: /home/carlos/ros2_ws/install/px4_msgs/include/px4_msgs/px4_msgs/msg/detail/landing_gear_wheel__type_support.h\n'}
[2.558995] (px4_msgs) StdoutLine: {'line': b'-- Up-to-date symlink: /home/carlos/ros2_ws/install/px4_msgs/include/px4_msgs/px4_msgs/msg/detail/landing_target_innovations__functions.h\n'}
[2.559085] (px4_msgs) StdoutLine: {'line': b'-- Up-to-date symlink: /home/carlos/ros2_ws/install/px4_msgs/include/px4_msgs/px4_msgs/msg/detail/landing_target_innovations__struct.h\n'}
[2.559176] (px4_msgs) StdoutLine: {'line': b'-- Up-to-date symlink: /home/carlos/ros2_ws/install/px4_msgs/include/px4_msgs/px4_msgs/msg/detail/landing_target_innovations__type_support.h\n'}
[2.559257] (px4_msgs) StdoutLine: {'line': b'-- Up-to-date symlink: /home/carlos/ros2_ws/install/px4_msgs/include/px4_msgs/px4_msgs/msg/detail/landing_target_pose__functions.h\n'}
[2.559345] (px4_msgs) StdoutLine: {'line': b'-- Up-to-date symlink: /home/carlos/ros2_ws/install/px4_msgs/include/px4_msgs/px4_msgs/msg/detail/landing_target_pose__struct.h\n'}
[2.559428] (px4_msgs) StdoutLine: {'line': b'-- Up-to-date symlink: /home/carlos/ros2_ws/install/px4_msgs/include/px4_msgs/px4_msgs/msg/detail/landing_target_pose__type_support.h\n'}
[2.559510] (px4_msgs) StdoutLine: {'line': b'-- Up-to-date symlink: /home/carlos/ros2_ws/install/px4_msgs/include/px4_msgs/px4_msgs/msg/detail/lateral_control_configuration__functions.h\n'}
[2.559592] (px4_msgs) StdoutLine: {'line': b'-- Up-to-date symlink: /home/carlos/ros2_ws/install/px4_msgs/include/px4_msgs/px4_msgs/msg/detail/lateral_control_configuration__struct.h\n'}
[2.559674] (px4_msgs) StdoutLine: {'line': b'-- Up-to-date symlink: /home/carlos/ros2_ws/install/px4_msgs/include/px4_msgs/px4_msgs/msg/detail/lateral_control_configuration__type_support.h\n'}
[2.559757] (px4_msgs) StdoutLine: {'line': b'-- Up-to-date symlink: /home/carlos/ros2_ws/install/px4_msgs/include/px4_msgs/px4_msgs/msg/detail/launch_detection_status__functions.h\n'}
[2.559861] (px4_msgs) StdoutLine: {'line': b'-- Up-to-date symlink: /home/carlos/ros2_ws/install/px4_msgs/include/px4_msgs/px4_msgs/msg/detail/launch_detection_status__struct.h\n'}
[2.559958] (px4_msgs) StdoutLine: {'line': b'-- Up-to-date symlink: /home/carlos/ros2_ws/install/px4_msgs/include/px4_msgs/px4_msgs/msg/detail/launch_detection_status__type_support.h\n'}
[2.560055] (px4_msgs) StdoutLine: {'line': b'-- Up-to-date symlink: /home/carlos/ros2_ws/install/px4_msgs/include/px4_msgs/px4_msgs/msg/detail/led_control__functions.h\n'}
[2.560144] (px4_msgs) StdoutLine: {'line': b'-- Up-to-date symlink: /home/carlos/ros2_ws/install/px4_msgs/include/px4_msgs/px4_msgs/msg/detail/led_control__struct.h\n'}
[2.560226] (px4_msgs) StdoutLine: {'line': b'-- Up-to-date symlink: /home/carlos/ros2_ws/install/px4_msgs/include/px4_msgs/px4_msgs/msg/detail/led_control__type_support.h\n'}
[2.560307] (px4_msgs) StdoutLine: {'line': b'-- Up-to-date symlink: /home/carlos/ros2_ws/install/px4_msgs/include/px4_msgs/px4_msgs/msg/detail/log_message__functions.h\n'}
[2.560388] (px4_msgs) StdoutLine: {'line': b'-- Up-to-date symlink: /home/carlos/ros2_ws/install/px4_msgs/include/px4_msgs/px4_msgs/msg/detail/log_message__struct.h\n'}
[2.560470] (px4_msgs) StdoutLine: {'line': b'-- Up-to-date symlink: /home/carlos/ros2_ws/install/px4_msgs/include/px4_msgs/px4_msgs/msg/detail/log_message__type_support.h\n'}
[2.560557] (px4_msgs) StdoutLine: {'line': b'-- Up-to-date symlink: /home/carlos/ros2_ws/install/px4_msgs/include/px4_msgs/px4_msgs/msg/detail/logger_status__functions.h\n'}
[2.560638] (px4_msgs) StdoutLine: {'line': b'-- Up-to-date symlink: /home/carlos/ros2_ws/install/px4_msgs/include/px4_msgs/px4_msgs/msg/detail/logger_status__struct.h\n'}
[2.560720] (px4_msgs) StdoutLine: {'line': b'-- Up-to-date symlink: /home/carlos/ros2_ws/install/px4_msgs/include/px4_msgs/px4_msgs/msg/detail/logger_status__type_support.h\n'}
[2.560802] (px4_msgs) StdoutLine: {'line': b'-- Up-to-date symlink: /home/carlos/ros2_ws/install/px4_msgs/include/px4_msgs/px4_msgs/msg/detail/longitudinal_control_configuration__functions.h\n'}
[2.560884] (px4_msgs) StdoutLine: {'line': b'-- Up-to-date symlink: /home/carlos/ros2_ws/install/px4_msgs/include/px4_msgs/px4_msgs/msg/detail/longitudinal_control_configuration__struct.h\n'}
[2.560967] (px4_msgs) StdoutLine: {'line': b'-- Up-to-date symlink: /home/carlos/ros2_ws/install/px4_msgs/include/px4_msgs/px4_msgs/msg/detail/longitudinal_control_configuration__type_support.h\n'}
[2.561073] (px4_msgs) StdoutLine: {'line': b'-- Up-to-date symlink: /home/carlos/ros2_ws/install/px4_msgs/include/px4_msgs/px4_msgs/msg/detail/mag_worker_data__functions.h\n'}
[2.561163] (px4_msgs) StdoutLine: {'line': b'-- Up-to-date symlink: /home/carlos/ros2_ws/install/px4_msgs/include/px4_msgs/px4_msgs/msg/detail/mag_worker_data__struct.h\n'}
[2.561246] (px4_msgs) StdoutLine: {'line': b'-- Up-to-date symlink: /home/carlos/ros2_ws/install/px4_msgs/include/px4_msgs/px4_msgs/msg/detail/mag_worker_data__type_support.h\n'}
[2.561329] (px4_msgs) StdoutLine: {'line': b'-- Up-to-date symlink: /home/carlos/ros2_ws/install/px4_msgs/include/px4_msgs/px4_msgs/msg/detail/magnetometer_bias_estimate__functions.h\n'}
[2.561412] (px4_msgs) StdoutLine: {'line': b'-- Up-to-date symlink: /home/carlos/ros2_ws/install/px4_msgs/include/px4_msgs/px4_msgs/msg/detail/magnetometer_bias_estimate__struct.h\n'}
[2.561496] (px4_msgs) StdoutLine: {'line': b'-- Up-to-date symlink: /home/carlos/ros2_ws/install/px4_msgs/include/px4_msgs/px4_msgs/msg/detail/magnetometer_bias_estimate__type_support.h\n'}
[2.561578] (px4_msgs) StdoutLine: {'line': b'-- Up-to-date symlink: /home/carlos/ros2_ws/install/px4_msgs/include/px4_msgs/px4_msgs/msg/detail/manual_control_setpoint__functions.h\n'}
[2.561660] (px4_msgs) StdoutLine: {'line': b'-- Up-to-date symlink: /home/carlos/ros2_ws/install/px4_msgs/include/px4_msgs/px4_msgs/msg/detail/manual_control_setpoint__struct.h\n'}
[2.561737] (px4_msgs) StdoutLine: {'line': b'-- Up-to-date symlink: /home/carlos/ros2_ws/install/px4_msgs/include/px4_msgs/px4_msgs/msg/detail/manual_control_setpoint__type_support.h\n'}
[2.561819] (px4_msgs) StdoutLine: {'line': b'-- Up-to-date symlink: /home/carlos/ros2_ws/install/px4_msgs/include/px4_msgs/px4_msgs/msg/detail/manual_control_switches__functions.h\n'}
[2.561901] (px4_msgs) StdoutLine: {'line': b'-- Up-to-date symlink: /home/carlos/ros2_ws/install/px4_msgs/include/px4_msgs/px4_msgs/msg/detail/manual_control_switches__struct.h\n'}
[2.561984] (px4_msgs) StdoutLine: {'line': b'-- Up-to-date symlink: /home/carlos/ros2_ws/install/px4_msgs/include/px4_msgs/px4_msgs/msg/detail/manual_control_switches__type_support.h\n'}
[2.562075] (px4_msgs) StdoutLine: {'line': b'-- Up-to-date symlink: /home/carlos/ros2_ws/install/px4_msgs/include/px4_msgs/px4_msgs/msg/detail/mavlink_log__functions.h\n'}
[2.562161] (px4_msgs) StdoutLine: {'line': b'-- Up-to-date symlink: /home/carlos/ros2_ws/install/px4_msgs/include/px4_msgs/px4_msgs/msg/detail/mavlink_log__struct.h\n'}
[2.562243] (px4_msgs) StdoutLine: {'line': b'-- Up-to-date symlink: /home/carlos/ros2_ws/install/px4_msgs/include/px4_msgs/px4_msgs/msg/detail/mavlink_log__type_support.h\n'}
[2.562325] (px4_msgs) StdoutLine: {'line': b'-- Up-to-date symlink: /home/carlos/ros2_ws/install/px4_msgs/include/px4_msgs/px4_msgs/msg/detail/mavlink_tunnel__functions.h\n'}
[2.562407] (px4_msgs) StdoutLine: {'line': b'-- Up-to-date symlink: /home/carlos/ros2_ws/install/px4_msgs/include/px4_msgs/px4_msgs/msg/detail/mavlink_tunnel__struct.h\n'}
[2.562493] (px4_msgs) StdoutLine: {'line': b'-- Up-to-date symlink: /home/carlos/ros2_ws/install/px4_msgs/include/px4_msgs/px4_msgs/msg/detail/mavlink_tunnel__type_support.h\n'}
[2.562581] (px4_msgs) StdoutLine: {'line': b'-- Up-to-date symlink: /home/carlos/ros2_ws/install/px4_msgs/include/px4_msgs/px4_msgs/msg/detail/message_format_request__functions.h\n'}
[2.562663] (px4_msgs) StdoutLine: {'line': b'-- Up-to-date symlink: /home/carlos/ros2_ws/install/px4_msgs/include/px4_msgs/px4_msgs/msg/detail/message_format_request__struct.h\n'}
[2.562745] (px4_msgs) StdoutLine: {'line': b'-- Up-to-date symlink: /home/carlos/ros2_ws/install/px4_msgs/include/px4_msgs/px4_msgs/msg/detail/message_format_request__type_support.h\n'}
[2.562827] (px4_msgs) StdoutLine: {'line': b'-- Up-to-date symlink: /home/carlos/ros2_ws/install/px4_msgs/include/px4_msgs/px4_msgs/msg/detail/message_format_response__functions.h\n'}
[2.562915] (px4_msgs) StdoutLine: {'line': b'-- Up-to-date symlink: /home/carlos/ros2_ws/install/px4_msgs/include/px4_msgs/px4_msgs/msg/detail/message_format_response__struct.h\n'}
[2.562997] (px4_msgs) StdoutLine: {'line': b'-- Up-to-date symlink: /home/carlos/ros2_ws/install/px4_msgs/include/px4_msgs/px4_msgs/msg/detail/message_format_response__type_support.h\n'}
[2.563087] (px4_msgs) StdoutLine: {'line': b'-- Up-to-date symlink: /home/carlos/ros2_ws/install/px4_msgs/include/px4_msgs/px4_msgs/msg/detail/mission__functions.h\n'}
[2.563174] (px4_msgs) StdoutLine: {'line': b'-- Up-to-date symlink: /home/carlos/ros2_ws/install/px4_msgs/include/px4_msgs/px4_msgs/msg/detail/mission__struct.h\n'}
[2.563256] (px4_msgs) StdoutLine: {'line': b'-- Up-to-date symlink: /home/carlos/ros2_ws/install/px4_msgs/include/px4_msgs/px4_msgs/msg/detail/mission__type_support.h\n'}
[2.563338] (px4_msgs) StdoutLine: {'line': b'-- Up-to-date symlink: /home/carlos/ros2_ws/install/px4_msgs/include/px4_msgs/px4_msgs/msg/detail/mission_result__functions.h\n'}
[2.563421] (px4_msgs) StdoutLine: {'line': b'-- Up-to-date symlink: /home/carlos/ros2_ws/install/px4_msgs/include/px4_msgs/px4_msgs/msg/detail/mission_result__struct.h\n'}
[2.563503] (px4_msgs) StdoutLine: {'line': b'-- Up-to-date symlink: /home/carlos/ros2_ws/install/px4_msgs/include/px4_msgs/px4_msgs/msg/detail/mission_result__type_support.h\n'}
[2.563586] (px4_msgs) StdoutLine: {'line': b'-- Up-to-date symlink: /home/carlos/ros2_ws/install/px4_msgs/include/px4_msgs/px4_msgs/msg/detail/mode_completed__functions.h\n'}
[2.563669] (px4_msgs) StdoutLine: {'line': b'-- Up-to-date symlink: /home/carlos/ros2_ws/install/px4_msgs/include/px4_msgs/px4_msgs/msg/detail/mode_completed__struct.h\n'}
[2.563751] (px4_msgs) StdoutLine: {'line': b'-- Up-to-date symlink: /home/carlos/ros2_ws/install/px4_msgs/include/px4_msgs/px4_msgs/msg/detail/mode_completed__type_support.h\n'}
[2.563833] (px4_msgs) StdoutLine: {'line': b'-- Up-to-date symlink: /home/carlos/ros2_ws/install/px4_msgs/include/px4_msgs/px4_msgs/msg/detail/mount_orientation__functions.h\n'}
[2.563915] (px4_msgs) StdoutLine: {'line': b'-- Up-to-date symlink: /home/carlos/ros2_ws/install/px4_msgs/include/px4_msgs/px4_msgs/msg/detail/mount_orientation__struct.h\n'}
[2.563997] (px4_msgs) StdoutLine: {'line': b'-- Up-to-date symlink: /home/carlos/ros2_ws/install/px4_msgs/include/px4_msgs/px4_msgs/msg/detail/mount_orientation__type_support.h\n'}
[2.564085] (px4_msgs) StdoutLine: {'line': b'-- Up-to-date symlink: /home/carlos/ros2_ws/install/px4_msgs/include/px4_msgs/px4_msgs/msg/detail/navigator_mission_item__functions.h\n'}
[2.564165] (px4_msgs) StdoutLine: {'line': b'-- Up-to-date symlink: /home/carlos/ros2_ws/install/px4_msgs/include/px4_msgs/px4_msgs/msg/detail/navigator_mission_item__struct.h\n'}
[2.564247] (px4_msgs) StdoutLine: {'line': b'-- Up-to-date symlink: /home/carlos/ros2_ws/install/px4_msgs/include/px4_msgs/px4_msgs/msg/detail/navigator_mission_item__type_support.h\n'}
[2.564329] (px4_msgs) StdoutLine: {'line': b'-- Up-to-date symlink: /home/carlos/ros2_ws/install/px4_msgs/include/px4_msgs/px4_msgs/msg/detail/navigator_status__functions.h\n'}
[2.564411] (px4_msgs) StdoutLine: {'line': b'-- Up-to-date symlink: /home/carlos/ros2_ws/install/px4_msgs/include/px4_msgs/px4_msgs/msg/detail/navigator_status__struct.h\n'}
[2.564492] (px4_msgs) StdoutLine: {'line': b'-- Up-to-date symlink: /home/carlos/ros2_ws/install/px4_msgs/include/px4_msgs/px4_msgs/msg/detail/navigator_status__type_support.h\n'}
[2.564574] (px4_msgs) StdoutLine: {'line': b'-- Up-to-date symlink: /home/carlos/ros2_ws/install/px4_msgs/include/px4_msgs/px4_msgs/msg/detail/neural_control__functions.h\n'}
[2.564656] (px4_msgs) StdoutLine: {'line': b'-- Up-to-date symlink: /home/carlos/ros2_ws/install/px4_msgs/include/px4_msgs/px4_msgs/msg/detail/neural_control__struct.h\n'}
[2.564739] (px4_msgs) StdoutLine: {'line': b'-- Up-to-date symlink: /home/carlos/ros2_ws/install/px4_msgs/include/px4_msgs/px4_msgs/msg/detail/neural_control__type_support.h\n'}
[2.564822] (px4_msgs) StdoutLine: {'line': b'-- Up-to-date symlink: /home/carlos/ros2_ws/install/px4_msgs/include/px4_msgs/px4_msgs/msg/detail/normalized_unsigned_setpoint__functions.h\n'}
[2.564904] (px4_msgs) StdoutLine: {'line': b'-- Up-to-date symlink: /home/carlos/ros2_ws/install/px4_msgs/include/px4_msgs/px4_msgs/msg/detail/normalized_unsigned_setpoint__struct.h\n'}
[2.564986] (px4_msgs) StdoutLine: {'line': b'-- Up-to-date symlink: /home/carlos/ros2_ws/install/px4_msgs/include/px4_msgs/px4_msgs/msg/detail/normalized_unsigned_setpoint__type_support.h\n'}
[2.565073] (px4_msgs) StdoutLine: {'line': b'-- Up-to-date symlink: /home/carlos/ros2_ws/install/px4_msgs/include/px4_msgs/px4_msgs/msg/detail/obstacle_distance__functions.h\n'}
[2.565156] (px4_msgs) StdoutLine: {'line': b'-- Up-to-date symlink: /home/carlos/ros2_ws/install/px4_msgs/include/px4_msgs/px4_msgs/msg/detail/obstacle_distance__struct.h\n'}
[2.565238] (px4_msgs) StdoutLine: {'line': b'-- Up-to-date symlink: /home/carlos/ros2_ws/install/px4_msgs/include/px4_msgs/px4_msgs/msg/detail/obstacle_distance__type_support.h\n'}
[2.565326] (px4_msgs) StdoutLine: {'line': b'-- Up-to-date symlink: /home/carlos/ros2_ws/install/px4_msgs/include/px4_msgs/px4_msgs/msg/detail/offboard_control_mode__functions.h\n'}
[2.565407] (px4_msgs) StdoutLine: {'line': b'-- Up-to-date symlink: /home/carlos/ros2_ws/install/px4_msgs/include/px4_msgs/px4_msgs/msg/detail/offboard_control_mode__struct.h\n'}
[2.565489] (px4_msgs) StdoutLine: {'line': b'-- Up-to-date symlink: /home/carlos/ros2_ws/install/px4_msgs/include/px4_msgs/px4_msgs/msg/detail/offboard_control_mode__type_support.h\n'}
[2.565571] (px4_msgs) StdoutLine: {'line': b'-- Up-to-date symlink: /home/carlos/ros2_ws/install/px4_msgs/include/px4_msgs/px4_msgs/msg/detail/onboard_computer_status__functions.h\n'}
[2.565653] (px4_msgs) StdoutLine: {'line': b'-- Up-to-date symlink: /home/carlos/ros2_ws/install/px4_msgs/include/px4_msgs/px4_msgs/msg/detail/onboard_computer_status__struct.h\n'}
[2.565739] (px4_msgs) StdoutLine: {'line': b'-- Up-to-date symlink: /home/carlos/ros2_ws/install/px4_msgs/include/px4_msgs/px4_msgs/msg/detail/onboard_computer_status__type_support.h\n'}
[2.565822] (px4_msgs) StdoutLine: {'line': b'-- Up-to-date symlink: /home/carlos/ros2_ws/install/px4_msgs/include/px4_msgs/px4_msgs/msg/detail/open_drone_id_arm_status__functions.h\n'}
[2.565904] (px4_msgs) StdoutLine: {'line': b'-- Up-to-date symlink: /home/carlos/ros2_ws/install/px4_msgs/include/px4_msgs/px4_msgs/msg/detail/open_drone_id_arm_status__struct.h\n'}
[2.565986] (px4_msgs) StdoutLine: {'line': b'-- Up-to-date symlink: /home/carlos/ros2_ws/install/px4_msgs/include/px4_msgs/px4_msgs/msg/detail/open_drone_id_arm_status__type_support.h\n'}
[2.566081] (px4_msgs) StdoutLine: {'line': b'-- Up-to-date symlink: /home/carlos/ros2_ws/install/px4_msgs/include/px4_msgs/px4_msgs/msg/detail/open_drone_id_operator_id__functions.h\n'}
[2.566160] (px4_msgs) StdoutLine: {'line': b'-- Up-to-date symlink: /home/carlos/ros2_ws/install/px4_msgs/include/px4_msgs/px4_msgs/msg/detail/open_drone_id_operator_id__struct.h\n'}
[2.566243] (px4_msgs) StdoutLine: {'line': b'-- Up-to-date symlink: /home/carlos/ros2_ws/install/px4_msgs/include/px4_msgs/px4_msgs/msg/detail/open_drone_id_operator_id__type_support.h\n'}
[2.566324] (px4_msgs) StdoutLine: {'line': b'-- Up-to-date symlink: /home/carlos/ros2_ws/install/px4_msgs/include/px4_msgs/px4_msgs/msg/detail/open_drone_id_self_id__functions.h\n'}
[2.566405] (px4_msgs) StdoutLine: {'line': b'-- Up-to-date symlink: /home/carlos/ros2_ws/install/px4_msgs/include/px4_msgs/px4_msgs/msg/detail/open_drone_id_self_id__struct.h\n'}
[2.566487] (px4_msgs) StdoutLine: {'line': b'-- Up-to-date symlink: /home/carlos/ros2_ws/install/px4_msgs/include/px4_msgs/px4_msgs/msg/detail/open_drone_id_self_id__type_support.h\n'}
[2.566569] (px4_msgs) StdoutLine: {'line': b'-- Up-to-date symlink: /home/carlos/ros2_ws/install/px4_msgs/include/px4_msgs/px4_msgs/msg/detail/open_drone_id_system__functions.h\n'}
[2.566644] (px4_msgs) StdoutLine: {'line': b'-- Up-to-date symlink: /home/carlos/ros2_ws/install/px4_msgs/include/px4_msgs/px4_msgs/msg/detail/open_drone_id_system__struct.h\n'}
[2.566727] (px4_msgs) StdoutLine: {'line': b'-- Up-to-date symlink: /home/carlos/ros2_ws/install/px4_msgs/include/px4_msgs/px4_msgs/msg/detail/open_drone_id_system__type_support.h\n'}
[2.566808] (px4_msgs) StdoutLine: {'line': b'-- Up-to-date symlink: /home/carlos/ros2_ws/install/px4_msgs/include/px4_msgs/px4_msgs/msg/detail/orb_test__functions.h\n'}
[2.566889] (px4_msgs) StdoutLine: {'line': b'-- Up-to-date symlink: /home/carlos/ros2_ws/install/px4_msgs/include/px4_msgs/px4_msgs/msg/detail/orb_test__struct.h\n'}
[2.566970] (px4_msgs) StdoutLine: {'line': b'-- Up-to-date symlink: /home/carlos/ros2_ws/install/px4_msgs/include/px4_msgs/px4_msgs/msg/detail/orb_test__type_support.h\n'}
[2.567054] (px4_msgs) StdoutLine: {'line': b'-- Up-to-date symlink: /home/carlos/ros2_ws/install/px4_msgs/include/px4_msgs/px4_msgs/msg/detail/orb_test_large__functions.h\n'}
[2.567140] (px4_msgs) StdoutLine: {'line': b'-- Up-to-date symlink: /home/carlos/ros2_ws/install/px4_msgs/include/px4_msgs/px4_msgs/msg/detail/orb_test_large__struct.h\n'}
[2.567222] (px4_msgs) StdoutLine: {'line': b'-- Up-to-date symlink: /home/carlos/ros2_ws/install/px4_msgs/include/px4_msgs/px4_msgs/msg/detail/orb_test_large__type_support.h\n'}
[2.567302] (px4_msgs) StdoutLine: {'line': b'-- Up-to-date symlink: /home/carlos/ros2_ws/install/px4_msgs/include/px4_msgs/px4_msgs/msg/detail/orb_test_medium__functions.h\n'}
[2.567383] (px4_msgs) StdoutLine: {'line': b'-- Up-to-date symlink: /home/carlos/ros2_ws/install/px4_msgs/include/px4_msgs/px4_msgs/msg/detail/orb_test_medium__struct.h\n'}
[2.567464] (px4_msgs) StdoutLine: {'line': b'-- Up-to-date symlink: /home/carlos/ros2_ws/install/px4_msgs/include/px4_msgs/px4_msgs/msg/detail/orb_test_medium__type_support.h\n'}
[2.567544] (px4_msgs) StdoutLine: {'line': b'-- Up-to-date symlink: /home/carlos/ros2_ws/install/px4_msgs/include/px4_msgs/px4_msgs/msg/detail/orbit_status__functions.h\n'}
[2.567625] (px4_msgs) StdoutLine: {'line': b'-- Up-to-date symlink: /home/carlos/ros2_ws/install/px4_msgs/include/px4_msgs/px4_msgs/msg/detail/orbit_status__struct.h\n'}
[2.567705] (px4_msgs) StdoutLine: {'line': b'-- Up-to-date symlink: /home/carlos/ros2_ws/install/px4_msgs/include/px4_msgs/px4_msgs/msg/detail/orbit_status__type_support.h\n'}
[2.567786] (px4_msgs) StdoutLine: {'line': b'-- Up-to-date symlink: /home/carlos/ros2_ws/install/px4_msgs/include/px4_msgs/px4_msgs/msg/detail/parameter_reset_request__functions.h\n'}
[2.567866] (px4_msgs) StdoutLine: {'line': b'-- Up-to-date symlink: /home/carlos/ros2_ws/install/px4_msgs/include/px4_msgs/px4_msgs/msg/detail/parameter_reset_request__struct.h\n'}
[2.567948] (px4_msgs) StdoutLine: {'line': b'-- Up-to-date symlink: /home/carlos/ros2_ws/install/px4_msgs/include/px4_msgs/px4_msgs/msg/detail/parameter_reset_request__type_support.h\n'}
[2.568028] (px4_msgs) StdoutLine: {'line': b'-- Up-to-date symlink: /home/carlos/ros2_ws/install/px4_msgs/include/px4_msgs/px4_msgs/msg/detail/parameter_set_used_request__functions.h\n'}
[2.568117] (px4_msgs) StdoutLine: {'line': b'-- Up-to-date symlink: /home/carlos/ros2_ws/install/px4_msgs/include/px4_msgs/px4_msgs/msg/detail/parameter_set_used_request__struct.h\n'}
[2.568202] (px4_msgs) StdoutLine: {'line': b'-- Up-to-date symlink: /home/carlos/ros2_ws/install/px4_msgs/include/px4_msgs/px4_msgs/msg/detail/parameter_set_used_request__type_support.h\n'}
[2.568282] (px4_msgs) StdoutLine: {'line': b'-- Up-to-date symlink: /home/carlos/ros2_ws/install/px4_msgs/include/px4_msgs/px4_msgs/msg/detail/parameter_set_value_request__functions.h\n'}
[2.568363] (px4_msgs) StdoutLine: {'line': b'-- Up-to-date symlink: /home/carlos/ros2_ws/install/px4_msgs/include/px4_msgs/px4_msgs/msg/detail/parameter_set_value_request__struct.h\n'}
[2.568444] (px4_msgs) StdoutLine: {'line': b'-- Up-to-date symlink: /home/carlos/ros2_ws/install/px4_msgs/include/px4_msgs/px4_msgs/msg/detail/parameter_set_value_request__type_support.h\n'}
[2.568525] (px4_msgs) StdoutLine: {'line': b'-- Up-to-date symlink: /home/carlos/ros2_ws/install/px4_msgs/include/px4_msgs/px4_msgs/msg/detail/parameter_set_value_response__functions.h\n'}
[2.568606] (px4_msgs) StdoutLine: {'line': b'-- Up-to-date symlink: /home/carlos/ros2_ws/install/px4_msgs/include/px4_msgs/px4_msgs/msg/detail/parameter_set_value_response__struct.h\n'}
[2.568687] (px4_msgs) StdoutLine: {'line': b'-- Up-to-date symlink: /home/carlos/ros2_ws/install/px4_msgs/include/px4_msgs/px4_msgs/msg/detail/parameter_set_value_response__type_support.h\n'}
[2.568767] (px4_msgs) StdoutLine: {'line': b'-- Up-to-date symlink: /home/carlos/ros2_ws/install/px4_msgs/include/px4_msgs/px4_msgs/msg/detail/parameter_update__functions.h\n'}
[2.568859] (px4_msgs) StdoutLine: {'line': b'-- Up-to-date symlink: /home/carlos/ros2_ws/install/px4_msgs/include/px4_msgs/px4_msgs/msg/detail/parameter_update__struct.h\n'}
[2.568940] (px4_msgs) StdoutLine: {'line': b'-- Up-to-date symlink: /home/carlos/ros2_ws/install/px4_msgs/include/px4_msgs/px4_msgs/msg/detail/parameter_update__type_support.h\n'}
[2.569022] (px4_msgs) StdoutLine: {'line': b'-- Up-to-date symlink: /home/carlos/ros2_ws/install/px4_msgs/include/px4_msgs/px4_msgs/msg/detail/ping__functions.h\n'}
[2.569108] (px4_msgs) StdoutLine: {'line': b'-- Up-to-date symlink: /home/carlos/ros2_ws/install/px4_msgs/include/px4_msgs/px4_msgs/msg/detail/ping__struct.h\n'}
[2.569190] (px4_msgs) StdoutLine: {'line': b'-- Up-to-date symlink: /home/carlos/ros2_ws/install/px4_msgs/include/px4_msgs/px4_msgs/msg/detail/ping__type_support.h\n'}
[2.569272] (px4_msgs) StdoutLine: {'line': b'-- Up-to-date symlink: /home/carlos/ros2_ws/install/px4_msgs/include/px4_msgs/px4_msgs/msg/detail/position_controller_landing_status__functions.h\n'}
[2.569353] (px4_msgs) StdoutLine: {'line': b'-- Up-to-date symlink: /home/carlos/ros2_ws/install/px4_msgs/include/px4_msgs/px4_msgs/msg/detail/position_controller_landing_status__struct.h\n'}
[2.569435] (px4_msgs) StdoutLine: {'line': b'-- Up-to-date symlink: /home/carlos/ros2_ws/install/px4_msgs/include/px4_msgs/px4_msgs/msg/detail/position_controller_landing_status__type_support.h\n'}
[2.569517] (px4_msgs) StdoutLine: {'line': b'-- Up-to-date symlink: /home/carlos/ros2_ws/install/px4_msgs/include/px4_msgs/px4_msgs/msg/detail/position_controller_status__functions.h\n'}
[2.569598] (px4_msgs) StdoutLine: {'line': b'-- Up-to-date symlink: /home/carlos/ros2_ws/install/px4_msgs/include/px4_msgs/px4_msgs/msg/detail/position_controller_status__struct.h\n'}
[2.569679] (px4_msgs) StdoutLine: {'line': b'-- Up-to-date symlink: /home/carlos/ros2_ws/install/px4_msgs/include/px4_msgs/px4_msgs/msg/detail/position_controller_status__type_support.h\n'}
[2.569760] (px4_msgs) StdoutLine: {'line': b'-- Up-to-date symlink: /home/carlos/ros2_ws/install/px4_msgs/include/px4_msgs/px4_msgs/msg/detail/position_setpoint__functions.h\n'}
[2.569841] (px4_msgs) StdoutLine: {'line': b'-- Up-to-date symlink: /home/carlos/ros2_ws/install/px4_msgs/include/px4_msgs/px4_msgs/msg/detail/position_setpoint__struct.h\n'}
[2.569922] (px4_msgs) StdoutLine: {'line': b'-- Up-to-date symlink: /home/carlos/ros2_ws/install/px4_msgs/include/px4_msgs/px4_msgs/msg/detail/position_setpoint__type_support.h\n'}
[2.570003] (px4_msgs) StdoutLine: {'line': b'-- Up-to-date symlink: /home/carlos/ros2_ws/install/px4_msgs/include/px4_msgs/px4_msgs/msg/detail/position_setpoint_triplet__functions.h\n'}
[2.570090] (px4_msgs) StdoutLine: {'line': b'-- Up-to-date symlink: /home/carlos/ros2_ws/install/px4_msgs/include/px4_msgs/px4_msgs/msg/detail/position_setpoint_triplet__struct.h\n'}
[2.570169] (px4_msgs) StdoutLine: {'line': b'-- Up-to-date symlink: /home/carlos/ros2_ws/install/px4_msgs/include/px4_msgs/px4_msgs/msg/detail/position_setpoint_triplet__type_support.h\n'}
[2.570250] (px4_msgs) StdoutLine: {'line': b'-- Up-to-date symlink: /home/carlos/ros2_ws/install/px4_msgs/include/px4_msgs/px4_msgs/msg/detail/power_button_state__functions.h\n'}
[2.570331] (px4_msgs) StdoutLine: {'line': b'-- Up-to-date symlink: /home/carlos/ros2_ws/install/px4_msgs/include/px4_msgs/px4_msgs/msg/detail/power_button_state__struct.h\n'}
[2.570412] (px4_msgs) StdoutLine: {'line': b'-- Up-to-date symlink: /home/carlos/ros2_ws/install/px4_msgs/include/px4_msgs/px4_msgs/msg/detail/power_button_state__type_support.h\n'}
[2.570494] (px4_msgs) StdoutLine: {'line': b'-- Up-to-date symlink: /home/carlos/ros2_ws/install/px4_msgs/include/px4_msgs/px4_msgs/msg/detail/power_monitor__functions.h\n'}
[2.570576] (px4_msgs) StdoutLine: {'line': b'-- Up-to-date symlink: /home/carlos/ros2_ws/install/px4_msgs/include/px4_msgs/px4_msgs/msg/detail/power_monitor__struct.h\n'}
[2.570657] (px4_msgs) StdoutLine: {'line': b'-- Up-to-date symlink: /home/carlos/ros2_ws/install/px4_msgs/include/px4_msgs/px4_msgs/msg/detail/power_monitor__type_support.h\n'}
[2.570739] (px4_msgs) StdoutLine: {'line': b'-- Up-to-date symlink: /home/carlos/ros2_ws/install/px4_msgs/include/px4_msgs/px4_msgs/msg/detail/pps_capture__functions.h\n'}
[2.570820] (px4_msgs) StdoutLine: {'line': b'-- Up-to-date symlink: /home/carlos/ros2_ws/install/px4_msgs/include/px4_msgs/px4_msgs/msg/detail/pps_capture__struct.h\n'}
[2.570910] (px4_msgs) StdoutLine: {'line': b'-- Up-to-date symlink: /home/carlos/ros2_ws/install/px4_msgs/include/px4_msgs/px4_msgs/msg/detail/pps_capture__type_support.h\n'}
[2.571016] (px4_msgs) StdoutLine: {'line': b'-- Up-to-date symlink: /home/carlos/ros2_ws/install/px4_msgs/include/px4_msgs/px4_msgs/msg/detail/pure_pursuit_status__functions.h\n'}
[2.571114] (px4_msgs) StdoutLine: {'line': b'-- Up-to-date symlink: /home/carlos/ros2_ws/install/px4_msgs/include/px4_msgs/px4_msgs/msg/detail/pure_pursuit_status__struct.h\n'}
[2.571204] (px4_msgs) StdoutLine: {'line': b'-- Up-to-date symlink: /home/carlos/ros2_ws/install/px4_msgs/include/px4_msgs/px4_msgs/msg/detail/pure_pursuit_status__type_support.h\n'}
[2.571296] (px4_msgs) StdoutLine: {'line': b'-- Up-to-date symlink: /home/carlos/ros2_ws/install/px4_msgs/include/px4_msgs/px4_msgs/msg/detail/pwm_input__functions.h\n'}
[2.571385] (px4_msgs) StdoutLine: {'line': b'-- Up-to-date symlink: /home/carlos/ros2_ws/install/px4_msgs/include/px4_msgs/px4_msgs/msg/detail/pwm_input__struct.h\n'}
[2.571474] (px4_msgs) StdoutLine: {'line': b'-- Up-to-date symlink: /home/carlos/ros2_ws/install/px4_msgs/include/px4_msgs/px4_msgs/msg/detail/pwm_input__type_support.h\n'}
[2.571562] (px4_msgs) StdoutLine: {'line': b'-- Up-to-date symlink: /home/carlos/ros2_ws/install/px4_msgs/include/px4_msgs/px4_msgs/msg/detail/px4io_status__functions.h\n'}
[2.571650] (px4_msgs) StdoutLine: {'line': b'-- Up-to-date symlink: /home/carlos/ros2_ws/install/px4_msgs/include/px4_msgs/px4_msgs/msg/detail/px4io_status__struct.h\n'}
[2.571739] (px4_msgs) StdoutLine: {'line': b'-- Up-to-date symlink: /home/carlos/ros2_ws/install/px4_msgs/include/px4_msgs/px4_msgs/msg/detail/px4io_status__type_support.h\n'}
[2.571827] (px4_msgs) StdoutLine: {'line': b'-- Up-to-date symlink: /home/carlos/ros2_ws/install/px4_msgs/include/px4_msgs/px4_msgs/msg/detail/qshell_req__functions.h\n'}
[2.571915] (px4_msgs) StdoutLine: {'line': b'-- Up-to-date symlink: /home/carlos/ros2_ws/install/px4_msgs/include/px4_msgs/px4_msgs/msg/detail/qshell_req__struct.h\n'}
[2.572005] (px4_msgs) StdoutLine: {'line': b'-- Up-to-date symlink: /home/carlos/ros2_ws/install/px4_msgs/include/px4_msgs/px4_msgs/msg/detail/qshell_req__type_support.h\n'}
[2.572104] (px4_msgs) StdoutLine: {'line': b'-- Up-to-date symlink: /home/carlos/ros2_ws/install/px4_msgs/include/px4_msgs/px4_msgs/msg/detail/qshell_retval__functions.h\n'}
[2.572198] (px4_msgs) StdoutLine: {'line': b'-- Up-to-date symlink: /home/carlos/ros2_ws/install/px4_msgs/include/px4_msgs/px4_msgs/msg/detail/qshell_retval__struct.h\n'}
[2.572288] (px4_msgs) StdoutLine: {'line': b'-- Up-to-date symlink: /home/carlos/ros2_ws/install/px4_msgs/include/px4_msgs/px4_msgs/msg/detail/qshell_retval__type_support.h\n'}
[2.572377] (px4_msgs) StdoutLine: {'line': b'-- Up-to-date symlink: /home/carlos/ros2_ws/install/px4_msgs/include/px4_msgs/px4_msgs/msg/detail/radio_status__functions.h\n'}
[2.572465] (px4_msgs) StdoutLine: {'line': b'-- Up-to-date symlink: /home/carlos/ros2_ws/install/px4_msgs/include/px4_msgs/px4_msgs/msg/detail/radio_status__struct.h\n'}
[2.572559] (px4_msgs) StdoutLine: {'line': b'-- Up-to-date symlink: /home/carlos/ros2_ws/install/px4_msgs/include/px4_msgs/px4_msgs/msg/detail/radio_status__type_support.h\n'}
[2.572648] (px4_msgs) StdoutLine: {'line': b'-- Up-to-date symlink: /home/carlos/ros2_ws/install/px4_msgs/include/px4_msgs/px4_msgs/msg/detail/rate_ctrl_status__functions.h\n'}
[2.572736] (px4_msgs) StdoutLine: {'line': b'-- Up-to-date symlink: /home/carlos/ros2_ws/install/px4_msgs/include/px4_msgs/px4_msgs/msg/detail/rate_ctrl_status__struct.h\n'}
[2.572824] (px4_msgs) StdoutLine: {'line': b'-- Up-to-date symlink: /home/carlos/ros2_ws/install/px4_msgs/include/px4_msgs/px4_msgs/msg/detail/rate_ctrl_status__type_support.h\n'}
[2.572913] (px4_msgs) StdoutLine: {'line': b'-- Up-to-date symlink: /home/carlos/ros2_ws/install/px4_msgs/include/px4_msgs/px4_msgs/msg/detail/rc_channels__functions.h\n'}
[2.573002] (px4_msgs) StdoutLine: {'line': b'-- Up-to-date symlink: /home/carlos/ros2_ws/install/px4_msgs/include/px4_msgs/px4_msgs/msg/detail/rc_channels__struct.h\n'}
[2.573105] (px4_msgs) StdoutLine: {'line': b'-- Up-to-date symlink: /home/carlos/ros2_ws/install/px4_msgs/include/px4_msgs/px4_msgs/msg/detail/rc_channels__type_support.h\n'}
[2.573193] (px4_msgs) StdoutLine: {'line': b'-- Up-to-date symlink: /home/carlos/ros2_ws/install/px4_msgs/include/px4_msgs/px4_msgs/msg/detail/rc_parameter_map__functions.h\n'}
[2.573281] (px4_msgs) StdoutLine: {'line': b'-- Up-to-date symlink: /home/carlos/ros2_ws/install/px4_msgs/include/px4_msgs/px4_msgs/msg/detail/rc_parameter_map__struct.h\n'}
[2.573370] (px4_msgs) StdoutLine: {'line': b'-- Up-to-date symlink: /home/carlos/ros2_ws/install/px4_msgs/include/px4_msgs/px4_msgs/msg/detail/rc_parameter_map__type_support.h\n'}
[2.573459] (px4_msgs) StdoutLine: {'line': b'-- Up-to-date symlink: /home/carlos/ros2_ws/install/px4_msgs/include/px4_msgs/px4_msgs/msg/detail/register_ext_component_reply__functions.h\n'}
[2.573548] (px4_msgs) StdoutLine: {'line': b'-- Up-to-date symlink: /home/carlos/ros2_ws/install/px4_msgs/include/px4_msgs/px4_msgs/msg/detail/register_ext_component_reply__struct.h\n'}
[2.573637] (px4_msgs) StdoutLine: {'line': b'-- Up-to-date symlink: /home/carlos/ros2_ws/install/px4_msgs/include/px4_msgs/px4_msgs/msg/detail/register_ext_component_reply__type_support.h\n'}
[2.573720] (px4_msgs) StdoutLine: {'line': b'-- Up-to-date symlink: /home/carlos/ros2_ws/install/px4_msgs/include/px4_msgs/px4_msgs/msg/detail/register_ext_component_request__functions.h\n'}
[2.573808] (px4_msgs) StdoutLine: {'line': b'-- Up-to-date symlink: /home/carlos/ros2_ws/install/px4_msgs/include/px4_msgs/px4_msgs/msg/detail/register_ext_component_request__struct.h\n'}
[2.573897] (px4_msgs) StdoutLine: {'line': b'-- Up-to-date symlink: /home/carlos/ros2_ws/install/px4_msgs/include/px4_msgs/px4_msgs/msg/detail/register_ext_component_request__type_support.h\n'}
[2.573986] (px4_msgs) StdoutLine: {'line': b'-- Up-to-date symlink: /home/carlos/ros2_ws/install/px4_msgs/include/px4_msgs/px4_msgs/msg/detail/rover_attitude_setpoint__functions.h\n'}
[2.574087] (px4_msgs) StdoutLine: {'line': b'-- Up-to-date symlink: /home/carlos/ros2_ws/install/px4_msgs/include/px4_msgs/px4_msgs/msg/detail/rover_attitude_setpoint__struct.h\n'}
[2.574181] (px4_msgs) StdoutLine: {'line': b'-- Up-to-date symlink: /home/carlos/ros2_ws/install/px4_msgs/include/px4_msgs/px4_msgs/msg/detail/rover_attitude_setpoint__type_support.h\n'}
[2.574270] (px4_msgs) StdoutLine: {'line': b'-- Up-to-date symlink: /home/carlos/ros2_ws/install/px4_msgs/include/px4_msgs/px4_msgs/msg/detail/rover_attitude_status__functions.h\n'}
[2.574358] (px4_msgs) StdoutLine: {'line': b'-- Up-to-date symlink: /home/carlos/ros2_ws/install/px4_msgs/include/px4_msgs/px4_msgs/msg/detail/rover_attitude_status__struct.h\n'}
[2.574446] (px4_msgs) StdoutLine: {'line': b'-- Up-to-date symlink: /home/carlos/ros2_ws/install/px4_msgs/include/px4_msgs/px4_msgs/msg/detail/rover_attitude_status__type_support.h\n'}
[2.574535] (px4_msgs) StdoutLine: {'line': b'-- Up-to-date symlink: /home/carlos/ros2_ws/install/px4_msgs/include/px4_msgs/px4_msgs/msg/detail/rover_position_setpoint__functions.h\n'}
[2.574623] (px4_msgs) StdoutLine: {'line': b'-- Up-to-date symlink: /home/carlos/ros2_ws/install/px4_msgs/include/px4_msgs/px4_msgs/msg/detail/rover_position_setpoint__struct.h\n'}
[2.574715] (px4_msgs) StdoutLine: {'line': b'-- Up-to-date symlink: /home/carlos/ros2_ws/install/px4_msgs/include/px4_msgs/px4_msgs/msg/detail/rover_position_setpoint__type_support.h\n'}
[2.574803] (px4_msgs) StdoutLine: {'line': b'-- Up-to-date symlink: /home/carlos/ros2_ws/install/px4_msgs/include/px4_msgs/px4_msgs/msg/detail/rover_rate_setpoint__functions.h\n'}
[2.574897] (px4_msgs) StdoutLine: {'line': b'-- Up-to-date symlink: /home/carlos/ros2_ws/install/px4_msgs/include/px4_msgs/px4_msgs/msg/detail/rover_rate_setpoint__struct.h\n'}
[2.574985] (px4_msgs) StdoutLine: {'line': b'-- Up-to-date symlink: /home/carlos/ros2_ws/install/px4_msgs/include/px4_msgs/px4_msgs/msg/detail/rover_rate_setpoint__type_support.h\n'}
[2.575081] (px4_msgs) StdoutLine: {'line': b'-- Up-to-date symlink: /home/carlos/ros2_ws/install/px4_msgs/include/px4_msgs/px4_msgs/msg/detail/rover_rate_status__functions.h\n'}
[2.575174] (px4_msgs) StdoutLine: {'line': b'-- Up-to-date symlink: /home/carlos/ros2_ws/install/px4_msgs/include/px4_msgs/px4_msgs/msg/detail/rover_rate_status__struct.h\n'}
[2.575263] (px4_msgs) StdoutLine: {'line': b'-- Up-to-date symlink: /home/carlos/ros2_ws/install/px4_msgs/include/px4_msgs/px4_msgs/msg/detail/rover_rate_status__type_support.h\n'}
[2.575351] (px4_msgs) StdoutLine: {'line': b'-- Up-to-date symlink: /home/carlos/ros2_ws/install/px4_msgs/include/px4_msgs/px4_msgs/msg/detail/rover_speed_setpoint__functions.h\n'}
[2.575440] (px4_msgs) StdoutLine: {'line': b'-- Up-to-date symlink: /home/carlos/ros2_ws/install/px4_msgs/include/px4_msgs/px4_msgs/msg/detail/rover_speed_setpoint__struct.h\n'}
[2.575533] (px4_msgs) StdoutLine: {'line': b'-- Up-to-date symlink: /home/carlos/ros2_ws/install/px4_msgs/include/px4_msgs/px4_msgs/msg/detail/rover_speed_setpoint__type_support.h\n'}
[2.575621] (px4_msgs) StdoutLine: {'line': b'-- Up-to-date symlink: /home/carlos/ros2_ws/install/px4_msgs/include/px4_msgs/px4_msgs/msg/detail/rover_speed_status__functions.h\n'}
[2.575711] (px4_msgs) StdoutLine: {'line': b'-- Up-to-date symlink: /home/carlos/ros2_ws/install/px4_msgs/include/px4_msgs/px4_msgs/msg/detail/rover_speed_status__struct.h\n'}
[2.575799] (px4_msgs) StdoutLine: {'line': b'-- Up-to-date symlink: /home/carlos/ros2_ws/install/px4_msgs/include/px4_msgs/px4_msgs/msg/detail/rover_speed_status__type_support.h\n'}
[2.575888] (px4_msgs) StdoutLine: {'line': b'-- Up-to-date symlink: /home/carlos/ros2_ws/install/px4_msgs/include/px4_msgs/px4_msgs/msg/detail/rover_steering_setpoint__functions.h\n'}
[2.575975] (px4_msgs) StdoutLine: {'line': b'-- Up-to-date symlink: /home/carlos/ros2_ws/install/px4_msgs/include/px4_msgs/px4_msgs/msg/detail/rover_steering_setpoint__struct.h\n'}
[2.576067] (px4_msgs) StdoutLine: {'line': b'-- Up-to-date symlink: /home/carlos/ros2_ws/install/px4_msgs/include/px4_msgs/px4_msgs/msg/detail/rover_steering_setpoint__type_support.h\n'}
[2.576154] (px4_msgs) StdoutLine: {'line': b'-- Up-to-date symlink: /home/carlos/ros2_ws/install/px4_msgs/include/px4_msgs/px4_msgs/msg/detail/rover_throttle_setpoint__functions.h\n'}
[2.576242] (px4_msgs) StdoutLine: {'line': b'-- Up-to-date symlink: /home/carlos/ros2_ws/install/px4_msgs/include/px4_msgs/px4_msgs/msg/detail/rover_throttle_setpoint__struct.h\n'}
[2.576330] (px4_msgs) StdoutLine: {'line': b'-- Up-to-date symlink: /home/carlos/ros2_ws/install/px4_msgs/include/px4_msgs/px4_msgs/msg/detail/rover_throttle_setpoint__type_support.h\n'}
[2.576419] (px4_msgs) StdoutLine: {'line': b'-- Up-to-date symlink: /home/carlos/ros2_ws/install/px4_msgs/include/px4_msgs/px4_msgs/msg/detail/rpm__functions.h\n'}
[2.576508] (px4_msgs) StdoutLine: {'line': b'-- Up-to-date symlink: /home/carlos/ros2_ws/install/px4_msgs/include/px4_msgs/px4_msgs/msg/detail/rpm__struct.h\n'}
[2.576596] (px4_msgs) StdoutLine: {'line': b'-- Up-to-date symlink: /home/carlos/ros2_ws/install/px4_msgs/include/px4_msgs/px4_msgs/msg/detail/rpm__type_support.h\n'}
[2.576684] (px4_msgs) StdoutLine: {'line': b'-- Up-to-date symlink: /home/carlos/ros2_ws/install/px4_msgs/include/px4_msgs/px4_msgs/msg/detail/rtl_status__functions.h\n'}
[2.576773] (px4_msgs) StdoutLine: {'line': b'-- Up-to-date symlink: /home/carlos/ros2_ws/install/px4_msgs/include/px4_msgs/px4_msgs/msg/detail/rtl_status__struct.h\n'}
[2.576861] (px4_msgs) StdoutLine: {'line': b'-- Up-to-date symlink: /home/carlos/ros2_ws/install/px4_msgs/include/px4_msgs/px4_msgs/msg/detail/rtl_status__type_support.h\n'}
[2.576950] (px4_msgs) StdoutLine: {'line': b'-- Up-to-date symlink: /home/carlos/ros2_ws/install/px4_msgs/include/px4_msgs/px4_msgs/msg/detail/rtl_time_estimate__functions.h\n'}
[2.577038] (px4_msgs) StdoutLine: {'line': b'-- Up-to-date symlink: /home/carlos/ros2_ws/install/px4_msgs/include/px4_msgs/px4_msgs/msg/detail/rtl_time_estimate__struct.h\n'}
[2.577134] (px4_msgs) StdoutLine: {'line': b'-- Up-to-date symlink: /home/carlos/ros2_ws/install/px4_msgs/include/px4_msgs/px4_msgs/msg/detail/rtl_time_estimate__type_support.h\n'}
[2.577222] (px4_msgs) StdoutLine: {'line': b'-- Up-to-date symlink: /home/carlos/ros2_ws/install/px4_msgs/include/px4_msgs/px4_msgs/msg/detail/satellite_info__functions.h\n'}
[2.577315] (px4_msgs) StdoutLine: {'line': b'-- Up-to-date symlink: /home/carlos/ros2_ws/install/px4_msgs/include/px4_msgs/px4_msgs/msg/detail/satellite_info__struct.h\n'}
[2.577404] (px4_msgs) StdoutLine: {'line': b'-- Up-to-date symlink: /home/carlos/ros2_ws/install/px4_msgs/include/px4_msgs/px4_msgs/msg/detail/satellite_info__type_support.h\n'}
[2.577493] (px4_msgs) StdoutLine: {'line': b'-- Up-to-date symlink: /home/carlos/ros2_ws/install/px4_msgs/include/px4_msgs/px4_msgs/msg/detail/sensor_accel__functions.h\n'}
[2.577582] (px4_msgs) StdoutLine: {'line': b'-- Up-to-date symlink: /home/carlos/ros2_ws/install/px4_msgs/include/px4_msgs/px4_msgs/msg/detail/sensor_accel__struct.h\n'}
[2.577671] (px4_msgs) StdoutLine: {'line': b'-- Up-to-date symlink: /home/carlos/ros2_ws/install/px4_msgs/include/px4_msgs/px4_msgs/msg/detail/sensor_accel__type_support.h\n'}
[2.577761] (px4_msgs) StdoutLine: {'line': b'-- Up-to-date symlink: /home/carlos/ros2_ws/install/px4_msgs/include/px4_msgs/px4_msgs/msg/detail/sensor_accel_fifo__functions.h\n'}
[2.577849] (px4_msgs) StdoutLine: {'line': b'-- Up-to-date symlink: /home/carlos/ros2_ws/install/px4_msgs/include/px4_msgs/px4_msgs/msg/detail/sensor_accel_fifo__struct.h\n'}
[2.577938] (px4_msgs) StdoutLine: {'line': b'-- Up-to-date symlink: /home/carlos/ros2_ws/install/px4_msgs/include/px4_msgs/px4_msgs/msg/detail/sensor_accel_fifo__type_support.h\n'}
[2.578026] (px4_msgs) StdoutLine: {'line': b'-- Up-to-date symlink: /home/carlos/ros2_ws/install/px4_msgs/include/px4_msgs/px4_msgs/msg/detail/sensor_airflow__functions.h\n'}
[2.578127] (px4_msgs) StdoutLine: {'line': b'-- Up-to-date symlink: /home/carlos/ros2_ws/install/px4_msgs/include/px4_msgs/px4_msgs/msg/detail/sensor_airflow__struct.h\n'}
[2.578217] (px4_msgs) StdoutLine: {'line': b'-- Up-to-date symlink: /home/carlos/ros2_ws/install/px4_msgs/include/px4_msgs/px4_msgs/msg/detail/sensor_airflow__type_support.h\n'}
[2.578305] (px4_msgs) StdoutLine: {'line': b'-- Up-to-date symlink: /home/carlos/ros2_ws/install/px4_msgs/include/px4_msgs/px4_msgs/msg/detail/sensor_baro__functions.h\n'}
[2.578394] (px4_msgs) StdoutLine: {'line': b'-- Up-to-date symlink: /home/carlos/ros2_ws/install/px4_msgs/include/px4_msgs/px4_msgs/msg/detail/sensor_baro__struct.h\n'}
[2.578483] (px4_msgs) StdoutLine: {'line': b'-- Up-to-date symlink: /home/carlos/ros2_ws/install/px4_msgs/include/px4_msgs/px4_msgs/msg/detail/sensor_baro__type_support.h\n'}
[2.578566] (px4_msgs) StdoutLine: {'line': b'-- Up-to-date symlink: /home/carlos/ros2_ws/install/px4_msgs/include/px4_msgs/px4_msgs/msg/detail/sensor_combined__functions.h\n'}
[2.578654] (px4_msgs) StdoutLine: {'line': b'-- Up-to-date symlink: /home/carlos/ros2_ws/install/px4_msgs/include/px4_msgs/px4_msgs/msg/detail/sensor_combined__struct.h\n'}
[2.578743] (px4_msgs) StdoutLine: {'line': b'-- Up-to-date symlink: /home/carlos/ros2_ws/install/px4_msgs/include/px4_msgs/px4_msgs/msg/detail/sensor_combined__type_support.h\n'}
[2.578830] (px4_msgs) StdoutLine: {'line': b'-- Up-to-date symlink: /home/carlos/ros2_ws/install/px4_msgs/include/px4_msgs/px4_msgs/msg/detail/sensor_correction__functions.h\n'}
[2.578918] (px4_msgs) StdoutLine: {'line': b'-- Up-to-date symlink: /home/carlos/ros2_ws/install/px4_msgs/include/px4_msgs/px4_msgs/msg/detail/sensor_correction__struct.h\n'}
[2.579007] (px4_msgs) StdoutLine: {'line': b'-- Up-to-date symlink: /home/carlos/ros2_ws/install/px4_msgs/include/px4_msgs/px4_msgs/msg/detail/sensor_correction__type_support.h\n'}
[2.579112] (px4_msgs) StdoutLine: {'line': b'-- Up-to-date symlink: /home/carlos/ros2_ws/install/px4_msgs/include/px4_msgs/px4_msgs/msg/detail/sensor_gnss_relative__functions.h\n'}
[2.579199] (px4_msgs) StdoutLine: {'line': b'-- Up-to-date symlink: /home/carlos/ros2_ws/install/px4_msgs/include/px4_msgs/px4_msgs/msg/detail/sensor_gnss_relative__struct.h\n'}
[2.579288] (px4_msgs) StdoutLine: {'line': b'-- Up-to-date symlink: /home/carlos/ros2_ws/install/px4_msgs/include/px4_msgs/px4_msgs/msg/detail/sensor_gnss_relative__type_support.h\n'}
[2.579376] (px4_msgs) StdoutLine: {'line': b'-- Up-to-date symlink: /home/carlos/ros2_ws/install/px4_msgs/include/px4_msgs/px4_msgs/msg/detail/sensor_gnss_status__functions.h\n'}
[2.579465] (px4_msgs) StdoutLine: {'line': b'-- Up-to-date symlink: /home/carlos/ros2_ws/install/px4_msgs/include/px4_msgs/px4_msgs/msg/detail/sensor_gnss_status__struct.h\n'}
[2.579554] (px4_msgs) StdoutLine: {'line': b'-- Up-to-date symlink: /home/carlos/ros2_ws/install/px4_msgs/include/px4_msgs/px4_msgs/msg/detail/sensor_gnss_status__type_support.h\n'}
[2.579643] (px4_msgs) StdoutLine: {'line': b'-- Up-to-date symlink: /home/carlos/ros2_ws/install/px4_msgs/include/px4_msgs/px4_msgs/msg/detail/sensor_gps__functions.h\n'}
[2.579738] (px4_msgs) StdoutLine: {'line': b'-- Up-to-date symlink: /home/carlos/ros2_ws/install/px4_msgs/include/px4_msgs/px4_msgs/msg/detail/sensor_gps__struct.h\n'}
[2.579838] (px4_msgs) StdoutLine: {'line': b'-- Up-to-date symlink: /home/carlos/ros2_ws/install/px4_msgs/include/px4_msgs/px4_msgs/msg/detail/sensor_gps__type_support.h\n'}
[2.579927] (px4_msgs) StdoutLine: {'line': b'-- Up-to-date symlink: /home/carlos/ros2_ws/install/px4_msgs/include/px4_msgs/px4_msgs/msg/detail/sensor_gyro__functions.h\n'}
[2.580015] (px4_msgs) StdoutLine: {'line': b'-- Up-to-date symlink: /home/carlos/ros2_ws/install/px4_msgs/include/px4_msgs/px4_msgs/msg/detail/sensor_gyro__struct.h\n'}
[2.580111] (px4_msgs) StdoutLine: {'line': b'-- Up-to-date symlink: /home/carlos/ros2_ws/install/px4_msgs/include/px4_msgs/px4_msgs/msg/detail/sensor_gyro__type_support.h\n'}
[2.580201] (px4_msgs) StdoutLine: {'line': b'-- Up-to-date symlink: /home/carlos/ros2_ws/install/px4_msgs/include/px4_msgs/px4_msgs/msg/detail/sensor_gyro_fft__functions.h\n'}
[2.580289] (px4_msgs) StdoutLine: {'line': b'-- Up-to-date symlink: /home/carlos/ros2_ws/install/px4_msgs/include/px4_msgs/px4_msgs/msg/detail/sensor_gyro_fft__struct.h\n'}
[2.580378] (px4_msgs) StdoutLine: {'line': b'-- Up-to-date symlink: /home/carlos/ros2_ws/install/px4_msgs/include/px4_msgs/px4_msgs/msg/detail/sensor_gyro_fft__type_support.h\n'}
[2.580466] (px4_msgs) StdoutLine: {'line': b'-- Up-to-date symlink: /home/carlos/ros2_ws/install/px4_msgs/include/px4_msgs/px4_msgs/msg/detail/sensor_gyro_fifo__functions.h\n'}
[2.580555] (px4_msgs) StdoutLine: {'line': b'-- Up-to-date symlink: /home/carlos/ros2_ws/install/px4_msgs/include/px4_msgs/px4_msgs/msg/detail/sensor_gyro_fifo__struct.h\n'}
[2.580644] (px4_msgs) StdoutLine: {'line': b'-- Up-to-date symlink: /home/carlos/ros2_ws/install/px4_msgs/include/px4_msgs/px4_msgs/msg/detail/sensor_gyro_fifo__type_support.h\n'}
[2.580732] (px4_msgs) StdoutLine: {'line': b'-- Up-to-date symlink: /home/carlos/ros2_ws/install/px4_msgs/include/px4_msgs/px4_msgs/msg/detail/sensor_hygrometer__functions.h\n'}
[2.580820] (px4_msgs) StdoutLine: {'line': b'-- Up-to-date symlink: /home/carlos/ros2_ws/install/px4_msgs/include/px4_msgs/px4_msgs/msg/detail/sensor_hygrometer__struct.h\n'}
[2.580904] (px4_msgs) StdoutLine: {'line': b'-- Up-to-date symlink: /home/carlos/ros2_ws/install/px4_msgs/include/px4_msgs/px4_msgs/msg/detail/sensor_hygrometer__type_support.h\n'}
[2.580992] (px4_msgs) StdoutLine: {'line': b'-- Up-to-date symlink: /home/carlos/ros2_ws/install/px4_msgs/include/px4_msgs/px4_msgs/msg/detail/sensor_mag__functions.h\n'}
[2.581086] (px4_msgs) StdoutLine: {'line': b'-- Up-to-date symlink: /home/carlos/ros2_ws/install/px4_msgs/include/px4_msgs/px4_msgs/msg/detail/sensor_mag__struct.h\n'}
[2.581175] (px4_msgs) StdoutLine: {'line': b'-- Up-to-date symlink: /home/carlos/ros2_ws/install/px4_msgs/include/px4_msgs/px4_msgs/msg/detail/sensor_mag__type_support.h\n'}
[2.581264] (px4_msgs) StdoutLine: {'line': b'-- Up-to-date symlink: /home/carlos/ros2_ws/install/px4_msgs/include/px4_msgs/px4_msgs/msg/detail/sensor_optical_flow__functions.h\n'}
[2.581353] (px4_msgs) StdoutLine: {'line': b'-- Up-to-date symlink: /home/carlos/ros2_ws/install/px4_msgs/include/px4_msgs/px4_msgs/msg/detail/sensor_optical_flow__struct.h\n'}
[2.581442] (px4_msgs) StdoutLine: {'line': b'-- Up-to-date symlink: /home/carlos/ros2_ws/install/px4_msgs/include/px4_msgs/px4_msgs/msg/detail/sensor_optical_flow__type_support.h\n'}
[2.581530] (px4_msgs) StdoutLine: {'line': b'-- Up-to-date symlink: /home/carlos/ros2_ws/install/px4_msgs/include/px4_msgs/px4_msgs/msg/detail/sensor_preflight_mag__functions.h\n'}
[2.581617] (px4_msgs) StdoutLine: {'line': b'-- Up-to-date symlink: /home/carlos/ros2_ws/install/px4_msgs/include/px4_msgs/px4_msgs/msg/detail/sensor_preflight_mag__struct.h\n'}
[2.581705] (px4_msgs) StdoutLine: {'line': b'-- Up-to-date symlink: /home/carlos/ros2_ws/install/px4_msgs/include/px4_msgs/px4_msgs/msg/detail/sensor_preflight_mag__type_support.h\n'}
[2.581793] (px4_msgs) StdoutLine: {'line': b'-- Up-to-date symlink: /home/carlos/ros2_ws/install/px4_msgs/include/px4_msgs/px4_msgs/msg/detail/sensor_selection__functions.h\n'}
[2.581882] (px4_msgs) StdoutLine: {'line': b'-- Up-to-date symlink: /home/carlos/ros2_ws/install/px4_msgs/include/px4_msgs/px4_msgs/msg/detail/sensor_selection__struct.h\n'}
[2.581971] (px4_msgs) StdoutLine: {'line': b'-- Up-to-date symlink: /home/carlos/ros2_ws/install/px4_msgs/include/px4_msgs/px4_msgs/msg/detail/sensor_selection__type_support.h\n'}
[2.582068] (px4_msgs) StdoutLine: {'line': b'-- Up-to-date symlink: /home/carlos/ros2_ws/install/px4_msgs/include/px4_msgs/px4_msgs/msg/detail/sensor_uwb__functions.h\n'}
[2.582169] (px4_msgs) StdoutLine: {'line': b'-- Up-to-date symlink: /home/carlos/ros2_ws/install/px4_msgs/include/px4_msgs/px4_msgs/msg/detail/sensor_uwb__struct.h\n'}
[2.582257] (px4_msgs) StdoutLine: {'line': b'-- Up-to-date symlink: /home/carlos/ros2_ws/install/px4_msgs/include/px4_msgs/px4_msgs/msg/detail/sensor_uwb__type_support.h\n'}
[2.582346] (px4_msgs) StdoutLine: {'line': b'-- Up-to-date symlink: /home/carlos/ros2_ws/install/px4_msgs/include/px4_msgs/px4_msgs/msg/detail/sensors_status__functions.h\n'}
[2.582436] (px4_msgs) StdoutLine: {'line': b'-- Up-to-date symlink: /home/carlos/ros2_ws/install/px4_msgs/include/px4_msgs/px4_msgs/msg/detail/sensors_status__struct.h\n'}
[2.582525] (px4_msgs) StdoutLine: {'line': b'-- Up-to-date symlink: /home/carlos/ros2_ws/install/px4_msgs/include/px4_msgs/px4_msgs/msg/detail/sensors_status__type_support.h\n'}
[2.582619] (px4_msgs) StdoutLine: {'line': b'-- Up-to-date symlink: /home/carlos/ros2_ws/install/px4_msgs/include/px4_msgs/px4_msgs/msg/detail/sensors_status_imu__functions.h\n'}
[2.582708] (px4_msgs) StdoutLine: {'line': b'-- Up-to-date symlink: /home/carlos/ros2_ws/install/px4_msgs/include/px4_msgs/px4_msgs/msg/detail/sensors_status_imu__struct.h\n'}
[2.582798] (px4_msgs) StdoutLine: {'line': b'-- Up-to-date symlink: /home/carlos/ros2_ws/install/px4_msgs/include/px4_msgs/px4_msgs/msg/detail/sensors_status_imu__type_support.h\n'}
[2.582886] (px4_msgs) StdoutLine: {'line': b'-- Up-to-date symlink: /home/carlos/ros2_ws/install/px4_msgs/include/px4_msgs/px4_msgs/msg/detail/system_power__functions.h\n'}
[2.582975] (px4_msgs) StdoutLine: {'line': b'-- Up-to-date symlink: /home/carlos/ros2_ws/install/px4_msgs/include/px4_msgs/px4_msgs/msg/detail/system_power__struct.h\n'}
[2.583067] (px4_msgs) StdoutLine: {'line': b'-- Up-to-date symlink: /home/carlos/ros2_ws/install/px4_msgs/include/px4_msgs/px4_msgs/msg/detail/system_power__type_support.h\n'}
[2.583161] (px4_msgs) StdoutLine: {'line': b'-- Up-to-date symlink: /home/carlos/ros2_ws/install/px4_msgs/include/px4_msgs/px4_msgs/msg/detail/takeoff_status__functions.h\n'}
[2.583249] (px4_msgs) StdoutLine: {'line': b'-- Up-to-date symlink: /home/carlos/ros2_ws/install/px4_msgs/include/px4_msgs/px4_msgs/msg/detail/takeoff_status__struct.h\n'}
[2.583332] (px4_msgs) StdoutLine: {'line': b'-- Up-to-date symlink: /home/carlos/ros2_ws/install/px4_msgs/include/px4_msgs/px4_msgs/msg/detail/takeoff_status__type_support.h\n'}
[2.583421] (px4_msgs) StdoutLine: {'line': b'-- Up-to-date symlink: /home/carlos/ros2_ws/install/px4_msgs/include/px4_msgs/px4_msgs/msg/detail/task_stack_info__functions.h\n'}
[2.583510] (px4_msgs) StdoutLine: {'line': b'-- Up-to-date symlink: /home/carlos/ros2_ws/install/px4_msgs/include/px4_msgs/px4_msgs/msg/detail/task_stack_info__struct.h\n'}
[2.583598] (px4_msgs) StdoutLine: {'line': b'-- Up-to-date symlink: /home/carlos/ros2_ws/install/px4_msgs/include/px4_msgs/px4_msgs/msg/detail/task_stack_info__type_support.h\n'}
[2.583687] (px4_msgs) StdoutLine: {'line': b'-- Up-to-date symlink: /home/carlos/ros2_ws/install/px4_msgs/include/px4_msgs/px4_msgs/msg/detail/tecs_status__functions.h\n'}
[2.583775] (px4_msgs) StdoutLine: {'line': b'-- Up-to-date symlink: /home/carlos/ros2_ws/install/px4_msgs/include/px4_msgs/px4_msgs/msg/detail/tecs_status__struct.h\n'}
[2.583864] (px4_msgs) StdoutLine: {'line': b'-- Up-to-date symlink: /home/carlos/ros2_ws/install/px4_msgs/include/px4_msgs/px4_msgs/msg/detail/tecs_status__type_support.h\n'}
[2.583952] (px4_msgs) StdoutLine: {'line': b'-- Up-to-date symlink: /home/carlos/ros2_ws/install/px4_msgs/include/px4_msgs/px4_msgs/msg/detail/telemetry_status__functions.h\n'}
[2.584045] (px4_msgs) StdoutLine: {'line': b'-- Up-to-date symlink: /home/carlos/ros2_ws/install/px4_msgs/include/px4_msgs/px4_msgs/msg/detail/telemetry_status__struct.h\n'}
[2.584140] (px4_msgs) StdoutLine: {'line': b'-- Up-to-date symlink: /home/carlos/ros2_ws/install/px4_msgs/include/px4_msgs/px4_msgs/msg/detail/telemetry_status__type_support.h\n'}
[2.584228] (px4_msgs) StdoutLine: {'line': b'-- Up-to-date symlink: /home/carlos/ros2_ws/install/px4_msgs/include/px4_msgs/px4_msgs/msg/detail/tiltrotor_extra_controls__functions.h\n'}
[2.584317] (px4_msgs) StdoutLine: {'line': b'-- Up-to-date symlink: /home/carlos/ros2_ws/install/px4_msgs/include/px4_msgs/px4_msgs/msg/detail/tiltrotor_extra_controls__struct.h\n'}
[2.584405] (px4_msgs) StdoutLine: {'line': b'-- Up-to-date symlink: /home/carlos/ros2_ws/install/px4_msgs/include/px4_msgs/px4_msgs/msg/detail/tiltrotor_extra_controls__type_support.h\n'}
[2.584500] (px4_msgs) StdoutLine: {'line': b'-- Up-to-date symlink: /home/carlos/ros2_ws/install/px4_msgs/include/px4_msgs/px4_msgs/msg/detail/timesync_status__functions.h\n'}
[2.584589] (px4_msgs) StdoutLine: {'line': b'-- Up-to-date symlink: /home/carlos/ros2_ws/install/px4_msgs/include/px4_msgs/px4_msgs/msg/detail/timesync_status__struct.h\n'}
[2.584677] (px4_msgs) StdoutLine: {'line': b'-- Up-to-date symlink: /home/carlos/ros2_ws/install/px4_msgs/include/px4_msgs/px4_msgs/msg/detail/timesync_status__type_support.h\n'}
[2.584766] (px4_msgs) StdoutLine: {'line': b'-- Up-to-date symlink: /home/carlos/ros2_ws/install/px4_msgs/include/px4_msgs/px4_msgs/msg/detail/trajectory_setpoint6dof__functions.h\n'}
[2.584854] (px4_msgs) StdoutLine: {'line': b'-- Up-to-date symlink: /home/carlos/ros2_ws/install/px4_msgs/include/px4_msgs/px4_msgs/msg/detail/trajectory_setpoint6dof__struct.h\n'}
[2.584942] (px4_msgs) StdoutLine: {'line': b'-- Up-to-date symlink: /home/carlos/ros2_ws/install/px4_msgs/include/px4_msgs/px4_msgs/msg/detail/trajectory_setpoint6dof__type_support.h\n'}
[2.585045] (px4_msgs) StdoutLine: {'line': b'-- Up-to-date symlink: /home/carlos/ros2_ws/install/px4_msgs/include/px4_msgs/px4_msgs/msg/detail/trajectory_setpoint__functions.h\n'}
[2.585149] (px4_msgs) StdoutLine: {'line': b'-- Up-to-date symlink: /home/carlos/ros2_ws/install/px4_msgs/include/px4_msgs/px4_msgs/msg/detail/trajectory_setpoint__struct.h\n'}
[2.585253] (px4_msgs) StdoutLine: {'line': b'-- Up-to-date symlink: /home/carlos/ros2_ws/install/px4_msgs/include/px4_msgs/px4_msgs/msg/detail/trajectory_setpoint__type_support.h\n'}
[2.585327] (px4_msgs) StdoutLine: {'line': b'-- Up-to-date symlink: /home/carlos/ros2_ws/install/px4_msgs/include/px4_msgs/px4_msgs/msg/detail/transponder_report__functions.h\n'}
[2.585438] (px4_msgs) StdoutLine: {'line': b'-- Up-to-date symlink: /home/carlos/ros2_ws/install/px4_msgs/include/px4_msgs/px4_msgs/msg/detail/transponder_report__struct.h\n'}
[2.585522] (px4_msgs) StdoutLine: {'line': b'-- Up-to-date symlink: /home/carlos/ros2_ws/install/px4_msgs/include/px4_msgs/px4_msgs/msg/detail/transponder_report__type_support.h\n'}
[2.585611] (px4_msgs) StdoutLine: {'line': b'-- Up-to-date symlink: /home/carlos/ros2_ws/install/px4_msgs/include/px4_msgs/px4_msgs/msg/detail/tune_control__functions.h\n'}
[2.585693] (px4_msgs) StdoutLine: {'line': b'-- Up-to-date symlink: /home/carlos/ros2_ws/install/px4_msgs/include/px4_msgs/px4_msgs/msg/detail/tune_control__struct.h\n'}
[2.585781] (px4_msgs) StdoutLine: {'line': b'-- Up-to-date symlink: /home/carlos/ros2_ws/install/px4_msgs/include/px4_msgs/px4_msgs/msg/detail/tune_control__type_support.h\n'}
[2.585870] (px4_msgs) StdoutLine: {'line': b'-- Up-to-date symlink: /home/carlos/ros2_ws/install/px4_msgs/include/px4_msgs/px4_msgs/msg/detail/uavcan_parameter_request__functions.h\n'}
[2.585960] (px4_msgs) StdoutLine: {'line': b'-- Up-to-date symlink: /home/carlos/ros2_ws/install/px4_msgs/include/px4_msgs/px4_msgs/msg/detail/uavcan_parameter_request__struct.h\n'}
[2.586051] (px4_msgs) StdoutLine: {'line': b'-- Up-to-date symlink: /home/carlos/ros2_ws/install/px4_msgs/include/px4_msgs/px4_msgs/msg/detail/uavcan_parameter_request__type_support.h\n'}
[2.586155] (px4_msgs) StdoutLine: {'line': b'-- Up-to-date symlink: /home/carlos/ros2_ws/install/px4_msgs/include/px4_msgs/px4_msgs/msg/detail/uavcan_parameter_value__functions.h\n'}
[2.586244] (px4_msgs) StdoutLine: {'line': b'-- Up-to-date symlink: /home/carlos/ros2_ws/install/px4_msgs/include/px4_msgs/px4_msgs/msg/detail/uavcan_parameter_value__struct.h\n'}
[2.586332] (px4_msgs) StdoutLine: {'line': b'-- Up-to-date symlink: /home/carlos/ros2_ws/install/px4_msgs/include/px4_msgs/px4_msgs/msg/detail/uavcan_parameter_value__type_support.h\n'}
[2.586421] (px4_msgs) StdoutLine: {'line': b'-- Up-to-date symlink: /home/carlos/ros2_ws/install/px4_msgs/include/px4_msgs/px4_msgs/msg/detail/ulog_stream__functions.h\n'}
[2.586509] (px4_msgs) StdoutLine: {'line': b'-- Up-to-date symlink: /home/carlos/ros2_ws/install/px4_msgs/include/px4_msgs/px4_msgs/msg/detail/ulog_stream__struct.h\n'}
[2.586597] (px4_msgs) StdoutLine: {'line': b'-- Up-to-date symlink: /home/carlos/ros2_ws/install/px4_msgs/include/px4_msgs/px4_msgs/msg/detail/ulog_stream__type_support.h\n'}
[2.586686] (px4_msgs) StdoutLine: {'line': b'-- Up-to-date symlink: /home/carlos/ros2_ws/install/px4_msgs/include/px4_msgs/px4_msgs/msg/detail/ulog_stream_ack__functions.h\n'}
[2.586774] (px4_msgs) StdoutLine: {'line': b'-- Up-to-date symlink: /home/carlos/ros2_ws/install/px4_msgs/include/px4_msgs/px4_msgs/msg/detail/ulog_stream_ack__struct.h\n'}
[2.586869] (px4_msgs) StdoutLine: {'line': b'-- Up-to-date symlink: /home/carlos/ros2_ws/install/px4_msgs/include/px4_msgs/px4_msgs/msg/detail/ulog_stream_ack__type_support.h\n'}
[2.586957] (px4_msgs) StdoutLine: {'line': b'-- Up-to-date symlink: /home/carlos/ros2_ws/install/px4_msgs/include/px4_msgs/px4_msgs/msg/detail/unregister_ext_component__functions.h\n'}
[2.587049] (px4_msgs) StdoutLine: {'line': b'-- Up-to-date symlink: /home/carlos/ros2_ws/install/px4_msgs/include/px4_msgs/px4_msgs/msg/detail/unregister_ext_component__struct.h\n'}
[2.587202] (px4_msgs) StdoutLine: {'line': b'-- Up-to-date symlink: /home/carlos/ros2_ws/install/px4_msgs/include/px4_msgs/px4_msgs/msg/detail/unregister_ext_component__type_support.h\n'}
[2.587266] (px4_msgs) StdoutLine: {'line': b'-- Up-to-date symlink: /home/carlos/ros2_ws/install/px4_msgs/include/px4_msgs/px4_msgs/msg/detail/vehicle_acceleration__functions.h\n'}
[2.587395] (px4_msgs) StdoutLine: {'line': b'-- Up-to-date symlink: /home/carlos/ros2_ws/install/px4_msgs/include/px4_msgs/px4_msgs/msg/detail/vehicle_acceleration__struct.h\n'}
[2.587462] (px4_msgs) StdoutLine: {'line': b'-- Up-to-date symlink: /home/carlos/ros2_ws/install/px4_msgs/include/px4_msgs/px4_msgs/msg/detail/vehicle_acceleration__type_support.h\n'}
[2.587574] (px4_msgs) StdoutLine: {'line': b'-- Up-to-date symlink: /home/carlos/ros2_ws/install/px4_msgs/include/px4_msgs/px4_msgs/msg/detail/vehicle_air_data__functions.h\n'}
[2.587639] (px4_msgs) StdoutLine: {'line': b'-- Up-to-date symlink: /home/carlos/ros2_ws/install/px4_msgs/include/px4_msgs/px4_msgs/msg/detail/vehicle_air_data__struct.h\n'}
[2.587705] (px4_msgs) StdoutLine: {'line': b'-- Up-to-date symlink: /home/carlos/ros2_ws/install/px4_msgs/include/px4_msgs/px4_msgs/msg/detail/vehicle_air_data__type_support.h\n'}
[2.587793] (px4_msgs) StdoutLine: {'line': b'-- Up-to-date symlink: /home/carlos/ros2_ws/install/px4_msgs/include/px4_msgs/px4_msgs/msg/detail/vehicle_angular_acceleration_setpoint__functions.h\n'}
[2.587881] (px4_msgs) StdoutLine: {'line': b'-- Up-to-date symlink: /home/carlos/ros2_ws/install/px4_msgs/include/px4_msgs/px4_msgs/msg/detail/vehicle_angular_acceleration_setpoint__struct.h\n'}
[2.587971] (px4_msgs) StdoutLine: {'line': b'-- Up-to-date symlink: /home/carlos/ros2_ws/install/px4_msgs/include/px4_msgs/px4_msgs/msg/detail/vehicle_angular_acceleration_setpoint__type_support.h\n'}
[2.588090] (px4_msgs) StdoutLine: {'line': b'-- Up-to-date symlink: /home/carlos/ros2_ws/install/px4_msgs/include/px4_msgs/px4_msgs/msg/detail/vehicle_angular_velocity__functions.h\n'}
[2.588220] (px4_msgs) StdoutLine: {'line': b'-- Up-to-date symlink: /home/carlos/ros2_ws/install/px4_msgs/include/px4_msgs/px4_msgs/msg/detail/vehicle_angular_velocity__struct.h\n'}
[2.588320] (px4_msgs) StdoutLine: {'line': b'-- Up-to-date symlink: /home/carlos/ros2_ws/install/px4_msgs/include/px4_msgs/px4_msgs/msg/detail/vehicle_angular_velocity__type_support.h\n'}
[2.588420] (px4_msgs) StdoutLine: {'line': b'-- Up-to-date symlink: /home/carlos/ros2_ws/install/px4_msgs/include/px4_msgs/px4_msgs/msg/detail/vehicle_attitude__functions.h\n'}
[2.588525] (px4_msgs) StdoutLine: {'line': b'-- Up-to-date symlink: /home/carlos/ros2_ws/install/px4_msgs/include/px4_msgs/px4_msgs/msg/detail/vehicle_attitude__struct.h\n'}
[2.588625] (px4_msgs) StdoutLine: {'line': b'-- Up-to-date symlink: /home/carlos/ros2_ws/install/px4_msgs/include/px4_msgs/px4_msgs/msg/detail/vehicle_attitude__type_support.h\n'}
[2.588689] (px4_msgs) StdoutLine: {'line': b'-- Up-to-date symlink: /home/carlos/ros2_ws/install/px4_msgs/include/px4_msgs/px4_msgs/msg/detail/vehicle_attitude_setpoint__functions.h\n'}
[2.588755] (px4_msgs) StdoutLine: {'line': b'-- Up-to-date symlink: /home/carlos/ros2_ws/install/px4_msgs/include/px4_msgs/px4_msgs/msg/detail/vehicle_attitude_setpoint__struct.h\n'}
[2.588843] (px4_msgs) StdoutLine: {'line': b'-- Up-to-date symlink: /home/carlos/ros2_ws/install/px4_msgs/include/px4_msgs/px4_msgs/msg/detail/vehicle_attitude_setpoint__type_support.h\n'}
[2.588932] (px4_msgs) StdoutLine: {'line': b'-- Up-to-date symlink: /home/carlos/ros2_ws/install/px4_msgs/include/px4_msgs/px4_msgs/msg/detail/vehicle_command__functions.h\n'}
[2.589087] (px4_msgs) StdoutLine: {'line': b'-- Up-to-date symlink: /home/carlos/ros2_ws/install/px4_msgs/include/px4_msgs/px4_msgs/msg/detail/vehicle_command__struct.h\n'}
[2.589190] (px4_msgs) StdoutLine: {'line': b'-- Up-to-date symlink: /home/carlos/ros2_ws/install/px4_msgs/include/px4_msgs/px4_msgs/msg/detail/vehicle_command__type_support.h\n'}
[2.589285] (px4_msgs) StdoutLine: {'line': b'-- Up-to-date symlink: /home/carlos/ros2_ws/install/px4_msgs/include/px4_msgs/px4_msgs/msg/detail/vehicle_command_ack__functions.h\n'}
[2.589359] (px4_msgs) StdoutLine: {'line': b'-- Up-to-date symlink: /home/carlos/ros2_ws/install/px4_msgs/include/px4_msgs/px4_msgs/msg/detail/vehicle_command_ack__struct.h\n'}
[2.589439] (px4_msgs) StdoutLine: {'line': b'-- Up-to-date symlink: /home/carlos/ros2_ws/install/px4_msgs/include/px4_msgs/px4_msgs/msg/detail/vehicle_command_ack__type_support.h\n'}
[2.589530] (px4_msgs) StdoutLine: {'line': b'-- Up-to-date symlink: /home/carlos/ros2_ws/install/px4_msgs/include/px4_msgs/px4_msgs/msg/detail/vehicle_constraints__functions.h\n'}
[2.589628] (px4_msgs) StdoutLine: {'line': b'-- Up-to-date symlink: /home/carlos/ros2_ws/install/px4_msgs/include/px4_msgs/px4_msgs/msg/detail/vehicle_constraints__struct.h\n'}
[2.589720] (px4_msgs) StdoutLine: {'line': b'-- Up-to-date symlink: /home/carlos/ros2_ws/install/px4_msgs/include/px4_msgs/px4_msgs/msg/detail/vehicle_constraints__type_support.h\n'}
[2.589810] (px4_msgs) StdoutLine: {'line': b'-- Up-to-date symlink: /home/carlos/ros2_ws/install/px4_msgs/include/px4_msgs/px4_msgs/msg/detail/vehicle_control_mode__functions.h\n'}
[2.589901] (px4_msgs) StdoutLine: {'line': b'-- Up-to-date symlink: /home/carlos/ros2_ws/install/px4_msgs/include/px4_msgs/px4_msgs/msg/detail/vehicle_control_mode__struct.h\n'}
[2.589968] (px4_msgs) StdoutLine: {'line': b'-- Up-to-date symlink: /home/carlos/ros2_ws/install/px4_msgs/include/px4_msgs/px4_msgs/msg/detail/vehicle_control_mode__type_support.h\n'}
[2.590059] (px4_msgs) StdoutLine: {'line': b'-- Up-to-date symlink: /home/carlos/ros2_ws/install/px4_msgs/include/px4_msgs/px4_msgs/msg/detail/vehicle_global_position__functions.h\n'}
[2.590157] (px4_msgs) StdoutLine: {'line': b'-- Up-to-date symlink: /home/carlos/ros2_ws/install/px4_msgs/include/px4_msgs/px4_msgs/msg/detail/vehicle_global_position__struct.h\n'}
[2.590245] (px4_msgs) StdoutLine: {'line': b'-- Up-to-date symlink: /home/carlos/ros2_ws/install/px4_msgs/include/px4_msgs/px4_msgs/msg/detail/vehicle_global_position__type_support.h\n'}
[2.590332] (px4_msgs) StdoutLine: {'line': b'-- Up-to-date symlink: /home/carlos/ros2_ws/install/px4_msgs/include/px4_msgs/px4_msgs/msg/detail/vehicle_imu__functions.h\n'}
[2.590420] (px4_msgs) StdoutLine: {'line': b'-- Up-to-date symlink: /home/carlos/ros2_ws/install/px4_msgs/include/px4_msgs/px4_msgs/msg/detail/vehicle_imu__struct.h\n'}
[2.590509] (px4_msgs) StdoutLine: {'line': b'-- Up-to-date symlink: /home/carlos/ros2_ws/install/px4_msgs/include/px4_msgs/px4_msgs/msg/detail/vehicle_imu__type_support.h\n'}
[2.590598] (px4_msgs) StdoutLine: {'line': b'-- Up-to-date symlink: /home/carlos/ros2_ws/install/px4_msgs/include/px4_msgs/px4_msgs/msg/detail/vehicle_imu_status__functions.h\n'}
[2.590686] (px4_msgs) StdoutLine: {'line': b'-- Up-to-date symlink: /home/carlos/ros2_ws/install/px4_msgs/include/px4_msgs/px4_msgs/msg/detail/vehicle_imu_status__struct.h\n'}
[2.590775] (px4_msgs) StdoutLine: {'line': b'-- Up-to-date symlink: /home/carlos/ros2_ws/install/px4_msgs/include/px4_msgs/px4_msgs/msg/detail/vehicle_imu_status__type_support.h\n'}
[2.590864] (px4_msgs) StdoutLine: {'line': b'-- Up-to-date symlink: /home/carlos/ros2_ws/install/px4_msgs/include/px4_msgs/px4_msgs/msg/detail/vehicle_land_detected__functions.h\n'}
[2.590952] (px4_msgs) StdoutLine: {'line': b'-- Up-to-date symlink: /home/carlos/ros2_ws/install/px4_msgs/include/px4_msgs/px4_msgs/msg/detail/vehicle_land_detected__struct.h\n'}
[2.591044] (px4_msgs) StdoutLine: {'line': b'-- Up-to-date symlink: /home/carlos/ros2_ws/install/px4_msgs/include/px4_msgs/px4_msgs/msg/detail/vehicle_land_detected__type_support.h\n'}
[2.591135] (px4_msgs) StdoutLine: {'line': b'-- Up-to-date symlink: /home/carlos/ros2_ws/install/px4_msgs/include/px4_msgs/px4_msgs/msg/detail/vehicle_local_position__functions.h\n'}
[2.591223] (px4_msgs) StdoutLine: {'line': b'-- Up-to-date symlink: /home/carlos/ros2_ws/install/px4_msgs/include/px4_msgs/px4_msgs/msg/detail/vehicle_local_position__struct.h\n'}
[2.591311] (px4_msgs) StdoutLine: {'line': b'-- Up-to-date symlink: /home/carlos/ros2_ws/install/px4_msgs/include/px4_msgs/px4_msgs/msg/detail/vehicle_local_position__type_support.h\n'}
[2.591399] (px4_msgs) StdoutLine: {'line': b'-- Up-to-date symlink: /home/carlos/ros2_ws/install/px4_msgs/include/px4_msgs/px4_msgs/msg/detail/vehicle_local_position_setpoint__functions.h\n'}
[2.591486] (px4_msgs) StdoutLine: {'line': b'-- Up-to-date symlink: /home/carlos/ros2_ws/install/px4_msgs/include/px4_msgs/px4_msgs/msg/detail/vehicle_local_position_setpoint__struct.h\n'}
[2.591575] (px4_msgs) StdoutLine: {'line': b'-- Up-to-date symlink: /home/carlos/ros2_ws/install/px4_msgs/include/px4_msgs/px4_msgs/msg/detail/vehicle_local_position_setpoint__type_support.h\n'}
[2.591670] (px4_msgs) StdoutLine: {'line': b'-- Up-to-date symlink: /home/carlos/ros2_ws/install/px4_msgs/include/px4_msgs/px4_msgs/msg/detail/vehicle_magnetometer__functions.h\n'}
[2.591759] (px4_msgs) StdoutLine: {'line': b'-- Up-to-date symlink: /home/carlos/ros2_ws/install/px4_msgs/include/px4_msgs/px4_msgs/msg/detail/vehicle_magnetometer__struct.h\n'}
[2.591848] (px4_msgs) StdoutLine: {'line': b'-- Up-to-date symlink: /home/carlos/ros2_ws/install/px4_msgs/include/px4_msgs/px4_msgs/msg/detail/vehicle_magnetometer__type_support.h\n'}
[2.591938] (px4_msgs) StdoutLine: {'line': b'-- Up-to-date symlink: /home/carlos/ros2_ws/install/px4_msgs/include/px4_msgs/px4_msgs/msg/detail/vehicle_odometry__functions.h\n'}
[2.592027] (px4_msgs) StdoutLine: {'line': b'-- Up-to-date symlink: /home/carlos/ros2_ws/install/px4_msgs/include/px4_msgs/px4_msgs/msg/detail/vehicle_odometry__struct.h\n'}
[2.592125] (px4_msgs) StdoutLine: {'line': b'-- Up-to-date symlink: /home/carlos/ros2_ws/install/px4_msgs/include/px4_msgs/px4_msgs/msg/detail/vehicle_odometry__type_support.h\n'}
[2.592215] (px4_msgs) StdoutLine: {'line': b'-- Up-to-date symlink: /home/carlos/ros2_ws/install/px4_msgs/include/px4_msgs/px4_msgs/msg/detail/vehicle_optical_flow__functions.h\n'}
[2.592304] (px4_msgs) StdoutLine: {'line': b'-- Up-to-date symlink: /home/carlos/ros2_ws/install/px4_msgs/include/px4_msgs/px4_msgs/msg/detail/vehicle_optical_flow__struct.h\n'}
[2.592392] (px4_msgs) StdoutLine: {'line': b'-- Up-to-date symlink: /home/carlos/ros2_ws/install/px4_msgs/include/px4_msgs/px4_msgs/msg/detail/vehicle_optical_flow__type_support.h\n'}
[2.592481] (px4_msgs) StdoutLine: {'line': b'-- Up-to-date symlink: /home/carlos/ros2_ws/install/px4_msgs/include/px4_msgs/px4_msgs/msg/detail/vehicle_optical_flow_vel__functions.h\n'}
[2.592569] (px4_msgs) StdoutLine: {'line': b'-- Up-to-date symlink: /home/carlos/ros2_ws/install/px4_msgs/include/px4_msgs/px4_msgs/msg/detail/vehicle_optical_flow_vel__struct.h\n'}
[2.592658] (px4_msgs) StdoutLine: {'line': b'-- Up-to-date symlink: /home/carlos/ros2_ws/install/px4_msgs/include/px4_msgs/px4_msgs/msg/detail/vehicle_optical_flow_vel__type_support.h\n'}
[2.592746] (px4_msgs) StdoutLine: {'line': b'-- Up-to-date symlink: /home/carlos/ros2_ws/install/px4_msgs/include/px4_msgs/px4_msgs/msg/detail/vehicle_rates_setpoint__functions.h\n'}
[2.592835] (px4_msgs) StdoutLine: {'line': b'-- Up-to-date symlink: /home/carlos/ros2_ws/install/px4_msgs/include/px4_msgs/px4_msgs/msg/detail/vehicle_rates_setpoint__struct.h\n'}
[2.592917] (px4_msgs) StdoutLine: {'line': b'-- Up-to-date symlink: /home/carlos/ros2_ws/install/px4_msgs/include/px4_msgs/px4_msgs/msg/detail/vehicle_rates_setpoint__type_support.h\n'}
[2.593011] (px4_msgs) StdoutLine: {'line': b'-- Up-to-date symlink: /home/carlos/ros2_ws/install/px4_msgs/include/px4_msgs/px4_msgs/msg/detail/vehicle_roi__functions.h\n'}
[2.593107] (px4_msgs) StdoutLine: {'line': b'-- Up-to-date symlink: /home/carlos/ros2_ws/install/px4_msgs/include/px4_msgs/px4_msgs/msg/detail/vehicle_roi__struct.h\n'}
[2.593200] (px4_msgs) StdoutLine: {'line': b'-- Up-to-date symlink: /home/carlos/ros2_ws/install/px4_msgs/include/px4_msgs/px4_msgs/msg/detail/vehicle_roi__type_support.h\n'}
[2.593288] (px4_msgs) StdoutLine: {'line': b'-- Up-to-date symlink: /home/carlos/ros2_ws/install/px4_msgs/include/px4_msgs/px4_msgs/msg/detail/vehicle_status__functions.h\n'}
[2.593377] (px4_msgs) StdoutLine: {'line': b'-- Up-to-date symlink: /home/carlos/ros2_ws/install/px4_msgs/include/px4_msgs/px4_msgs/msg/detail/vehicle_status__struct.h\n'}
[2.593466] (px4_msgs) StdoutLine: {'line': b'-- Up-to-date symlink: /home/carlos/ros2_ws/install/px4_msgs/include/px4_msgs/px4_msgs/msg/detail/vehicle_status__type_support.h\n'}
[2.593556] (px4_msgs) StdoutLine: {'line': b'-- Up-to-date symlink: /home/carlos/ros2_ws/install/px4_msgs/include/px4_msgs/px4_msgs/msg/detail/vehicle_thrust_setpoint__functions.h\n'}
[2.593645] (px4_msgs) StdoutLine: {'line': b'-- Up-to-date symlink: /home/carlos/ros2_ws/install/px4_msgs/include/px4_msgs/px4_msgs/msg/detail/vehicle_thrust_setpoint__struct.h\n'}
[2.593733] (px4_msgs) StdoutLine: {'line': b'-- Up-to-date symlink: /home/carlos/ros2_ws/install/px4_msgs/include/px4_msgs/px4_msgs/msg/detail/vehicle_thrust_setpoint__type_support.h\n'}
[2.593821] (px4_msgs) StdoutLine: {'line': b'-- Up-to-date symlink: /home/carlos/ros2_ws/install/px4_msgs/include/px4_msgs/px4_msgs/msg/detail/vehicle_torque_setpoint__functions.h\n'}
[2.593909] (px4_msgs) StdoutLine: {'line': b'-- Up-to-date symlink: /home/carlos/ros2_ws/install/px4_msgs/include/px4_msgs/px4_msgs/msg/detail/vehicle_torque_setpoint__struct.h\n'}
[2.593997] (px4_msgs) StdoutLine: {'line': b'-- Up-to-date symlink: /home/carlos/ros2_ws/install/px4_msgs/include/px4_msgs/px4_msgs/msg/detail/vehicle_torque_setpoint__type_support.h\n'}
[2.594100] (px4_msgs) StdoutLine: {'line': b'-- Up-to-date symlink: /home/carlos/ros2_ws/install/px4_msgs/include/px4_msgs/px4_msgs/msg/detail/velocity_limits__functions.h\n'}
[2.594189] (px4_msgs) StdoutLine: {'line': b'-- Up-to-date symlink: /home/carlos/ros2_ws/install/px4_msgs/include/px4_msgs/px4_msgs/msg/detail/velocity_limits__struct.h\n'}
[2.594278] (px4_msgs) StdoutLine: {'line': b'-- Up-to-date symlink: /home/carlos/ros2_ws/install/px4_msgs/include/px4_msgs/px4_msgs/msg/detail/velocity_limits__type_support.h\n'}
[2.594366] (px4_msgs) StdoutLine: {'line': b'-- Up-to-date symlink: /home/carlos/ros2_ws/install/px4_msgs/include/px4_msgs/px4_msgs/msg/detail/vtol_vehicle_status__functions.h\n'}
[2.594454] (px4_msgs) StdoutLine: {'line': b'-- Up-to-date symlink: /home/carlos/ros2_ws/install/px4_msgs/include/px4_msgs/px4_msgs/msg/detail/vtol_vehicle_status__struct.h\n'}
[2.594542] (px4_msgs) StdoutLine: {'line': b'-- Up-to-date symlink: /home/carlos/ros2_ws/install/px4_msgs/include/px4_msgs/px4_msgs/msg/detail/vtol_vehicle_status__type_support.h\n'}
[2.594630] (px4_msgs) StdoutLine: {'line': b'-- Up-to-date symlink: /home/carlos/ros2_ws/install/px4_msgs/include/px4_msgs/px4_msgs/msg/detail/wheel_encoders__functions.h\n'}
[2.594719] (px4_msgs) StdoutLine: {'line': b'-- Up-to-date symlink: /home/carlos/ros2_ws/install/px4_msgs/include/px4_msgs/px4_msgs/msg/detail/wheel_encoders__struct.h\n'}
[2.594808] (px4_msgs) StdoutLine: {'line': b'-- Up-to-date symlink: /home/carlos/ros2_ws/install/px4_msgs/include/px4_msgs/px4_msgs/msg/detail/wheel_encoders__type_support.h\n'}
[2.594896] (px4_msgs) StdoutLine: {'line': b'-- Up-to-date symlink: /home/carlos/ros2_ws/install/px4_msgs/include/px4_msgs/px4_msgs/msg/detail/wind__functions.h\n'}
[2.594984] (px4_msgs) StdoutLine: {'line': b'-- Up-to-date symlink: /home/carlos/ros2_ws/install/px4_msgs/include/px4_msgs/px4_msgs/msg/detail/wind__struct.h\n'}
[2.595085] (px4_msgs) StdoutLine: {'line': b'-- Up-to-date symlink: /home/carlos/ros2_ws/install/px4_msgs/include/px4_msgs/px4_msgs/msg/detail/wind__type_support.h\n'}
[2.595173] (px4_msgs) StdoutLine: {'line': b'-- Up-to-date symlink: /home/carlos/ros2_ws/install/px4_msgs/include/px4_msgs/px4_msgs/msg/detail/yaw_estimator_status__functions.h\n'}
[2.595259] (px4_msgs) StdoutLine: {'line': b'-- Up-to-date symlink: /home/carlos/ros2_ws/install/px4_msgs/include/px4_msgs/px4_msgs/msg/detail/yaw_estimator_status__struct.h\n'}
[2.595344] (px4_msgs) StdoutLine: {'line': b'-- Up-to-date symlink: /home/carlos/ros2_ws/install/px4_msgs/include/px4_msgs/px4_msgs/msg/detail/yaw_estimator_status__type_support.h\n'}
[2.595429] (px4_msgs) StdoutLine: {'line': b'-- Up-to-date symlink: /home/carlos/ros2_ws/install/px4_msgs/include/px4_msgs/px4_msgs/msg/differential_pressure.h\n'}
[2.595515] (px4_msgs) StdoutLine: {'line': b'-- Up-to-date symlink: /home/carlos/ros2_ws/install/px4_msgs/include/px4_msgs/px4_msgs/msg/distance_sensor.h\n'}
[2.595599] (px4_msgs) StdoutLine: {'line': b'-- Up-to-date symlink: /home/carlos/ros2_ws/install/px4_msgs/include/px4_msgs/px4_msgs/msg/distance_sensor_mode_change_request.h\n'}
[2.595684] (px4_msgs) StdoutLine: {'line': b'-- Up-to-date symlink: /home/carlos/ros2_ws/install/px4_msgs/include/px4_msgs/px4_msgs/msg/dronecan_node_status.h\n'}
[2.595769] (px4_msgs) StdoutLine: {'line': b'-- Up-to-date symlink: /home/carlos/ros2_ws/install/px4_msgs/include/px4_msgs/px4_msgs/msg/ekf2_timestamps.h\n'}
[2.595852] (px4_msgs) StdoutLine: {'line': b'-- Up-to-date symlink: /home/carlos/ros2_ws/install/px4_msgs/include/px4_msgs/px4_msgs/msg/esc_report.h\n'}
[2.595937] (px4_msgs) StdoutLine: {'line': b'-- Up-to-date symlink: /home/carlos/ros2_ws/install/px4_msgs/include/px4_msgs/px4_msgs/msg/esc_status.h\n'}
[2.596022] (px4_msgs) StdoutLine: {'line': b'-- Up-to-date symlink: /home/carlos/ros2_ws/install/px4_msgs/include/px4_msgs/px4_msgs/msg/estimator_aid_source1d.h\n'}
[2.596114] (px4_msgs) StdoutLine: {'line': b'-- Up-to-date symlink: /home/carlos/ros2_ws/install/px4_msgs/include/px4_msgs/px4_msgs/msg/estimator_aid_source2d.h\n'}
[2.596199] (px4_msgs) StdoutLine: {'line': b'-- Up-to-date symlink: /home/carlos/ros2_ws/install/px4_msgs/include/px4_msgs/px4_msgs/msg/estimator_aid_source3d.h\n'}
[2.596284] (px4_msgs) StdoutLine: {'line': b'-- Up-to-date symlink: /home/carlos/ros2_ws/install/px4_msgs/include/px4_msgs/px4_msgs/msg/estimator_bias.h\n'}
[2.596368] (px4_msgs) StdoutLine: {'line': b'-- Up-to-date symlink: /home/carlos/ros2_ws/install/px4_msgs/include/px4_msgs/px4_msgs/msg/estimator_bias3d.h\n'}
[2.596453] (px4_msgs) StdoutLine: {'line': b'-- Up-to-date symlink: /home/carlos/ros2_ws/install/px4_msgs/include/px4_msgs/px4_msgs/msg/estimator_event_flags.h\n'}
[2.596537] (px4_msgs) StdoutLine: {'line': b'-- Up-to-date symlink: /home/carlos/ros2_ws/install/px4_msgs/include/px4_msgs/px4_msgs/msg/estimator_gps_status.h\n'}
[2.596629] (px4_msgs) StdoutLine: {'line': b'-- Up-to-date symlink: /home/carlos/ros2_ws/install/px4_msgs/include/px4_msgs/px4_msgs/msg/estimator_innovations.h\n'}
[2.596715] (px4_msgs) StdoutLine: {'line': b'-- Up-to-date symlink: /home/carlos/ros2_ws/install/px4_msgs/include/px4_msgs/px4_msgs/msg/estimator_selector_status.h\n'}
[2.596801] (px4_msgs) StdoutLine: {'line': b'-- Up-to-date symlink: /home/carlos/ros2_ws/install/px4_msgs/include/px4_msgs/px4_msgs/msg/estimator_sensor_bias.h\n'}
[2.596887] (px4_msgs) StdoutLine: {'line': b'-- Up-to-date symlink: /home/carlos/ros2_ws/install/px4_msgs/include/px4_msgs/px4_msgs/msg/estimator_states.h\n'}
[2.596972] (px4_msgs) StdoutLine: {'line': b'-- Up-to-date symlink: /home/carlos/ros2_ws/install/px4_msgs/include/px4_msgs/px4_msgs/msg/estimator_status.h\n'}
[2.597064] (px4_msgs) StdoutLine: {'line': b'-- Up-to-date symlink: /home/carlos/ros2_ws/install/px4_msgs/include/px4_msgs/px4_msgs/msg/estimator_status_flags.h\n'}
[2.597150] (px4_msgs) StdoutLine: {'line': b'-- Up-to-date symlink: /home/carlos/ros2_ws/install/px4_msgs/include/px4_msgs/px4_msgs/msg/event.h\n'}
[2.597235] (px4_msgs) StdoutLine: {'line': b'-- Up-to-date symlink: /home/carlos/ros2_ws/install/px4_msgs/include/px4_msgs/px4_msgs/msg/failsafe_flags.h\n'}
[2.597320] (px4_msgs) StdoutLine: {'line': b'-- Up-to-date symlink: /home/carlos/ros2_ws/install/px4_msgs/include/px4_msgs/px4_msgs/msg/failure_detector_status.h\n'}
[2.597405] (px4_msgs) StdoutLine: {'line': b'-- Up-to-date symlink: /home/carlos/ros2_ws/install/px4_msgs/include/px4_msgs/px4_msgs/msg/figure_eight_status.h\n'}
[2.597492] (px4_msgs) StdoutLine: {'line': b'-- Up-to-date symlink: /home/carlos/ros2_ws/install/px4_msgs/include/px4_msgs/px4_msgs/msg/fixed_wing_lateral_guidance_status.h\n'}
[2.597578] (px4_msgs) StdoutLine: {'line': b'-- Up-to-date symlink: /home/carlos/ros2_ws/install/px4_msgs/include/px4_msgs/px4_msgs/msg/fixed_wing_lateral_setpoint.h\n'}
[2.597669] (px4_msgs) StdoutLine: {'line': b'-- Up-to-date symlink: /home/carlos/ros2_ws/install/px4_msgs/include/px4_msgs/px4_msgs/msg/fixed_wing_lateral_status.h\n'}
[2.597755] (px4_msgs) StdoutLine: {'line': b'-- Up-to-date symlink: /home/carlos/ros2_ws/install/px4_msgs/include/px4_msgs/px4_msgs/msg/fixed_wing_longitudinal_setpoint.h\n'}
[2.597841] (px4_msgs) StdoutLine: {'line': b'-- Up-to-date symlink: /home/carlos/ros2_ws/install/px4_msgs/include/px4_msgs/px4_msgs/msg/fixed_wing_runway_control.h\n'}
[2.597925] (px4_msgs) StdoutLine: {'line': b'-- Up-to-date symlink: /home/carlos/ros2_ws/install/px4_msgs/include/px4_msgs/px4_msgs/msg/flight_phase_estimation.h\n'}
[2.598010] (px4_msgs) StdoutLine: {'line': b'-- Up-to-date symlink: /home/carlos/ros2_ws/install/px4_msgs/include/px4_msgs/px4_msgs/msg/follow_target.h\n'}
[2.598104] (px4_msgs) StdoutLine: {'line': b'-- Up-to-date symlink: /home/carlos/ros2_ws/install/px4_msgs/include/px4_msgs/px4_msgs/msg/follow_target_estimator.h\n'}
[2.598189] (px4_msgs) StdoutLine: {'line': b'-- Up-to-date symlink: /home/carlos/ros2_ws/install/px4_msgs/include/px4_msgs/px4_msgs/msg/follow_target_status.h\n'}
[2.598275] (px4_msgs) StdoutLine: {'line': b'-- Up-to-date symlink: /home/carlos/ros2_ws/install/px4_msgs/include/px4_msgs/px4_msgs/msg/fuel_tank_status.h\n'}
[2.598360] (px4_msgs) StdoutLine: {'line': b'-- Up-to-date symlink: /home/carlos/ros2_ws/install/px4_msgs/include/px4_msgs/px4_msgs/msg/generator_status.h\n'}
[2.598446] (px4_msgs) StdoutLine: {'line': b'-- Up-to-date symlink: /home/carlos/ros2_ws/install/px4_msgs/include/px4_msgs/px4_msgs/msg/geofence_result.h\n'}
[2.598531] (px4_msgs) StdoutLine: {'line': b'-- Up-to-date symlink: /home/carlos/ros2_ws/install/px4_msgs/include/px4_msgs/px4_msgs/msg/geofence_status.h\n'}
[2.598616] (px4_msgs) StdoutLine: {'line': b'-- Up-to-date symlink: /home/carlos/ros2_ws/install/px4_msgs/include/px4_msgs/px4_msgs/msg/gimbal_controls.h\n'}
[2.598702] (px4_msgs) StdoutLine: {'line': b'-- Up-to-date symlink: /home/carlos/ros2_ws/install/px4_msgs/include/px4_msgs/px4_msgs/msg/gimbal_device_attitude_status.h\n'}
[2.598788] (px4_msgs) StdoutLine: {'line': b'-- Up-to-date symlink: /home/carlos/ros2_ws/install/px4_msgs/include/px4_msgs/px4_msgs/msg/gimbal_device_information.h\n'}
[2.598867] (px4_msgs) StdoutLine: {'line': b'-- Up-to-date symlink: /home/carlos/ros2_ws/install/px4_msgs/include/px4_msgs/px4_msgs/msg/gimbal_device_set_attitude.h\n'}
[2.598952] (px4_msgs) StdoutLine: {'line': b'-- Up-to-date symlink: /home/carlos/ros2_ws/install/px4_msgs/include/px4_msgs/px4_msgs/msg/gimbal_manager_information.h\n'}
[2.599037] (px4_msgs) StdoutLine: {'line': b'-- Up-to-date symlink: /home/carlos/ros2_ws/install/px4_msgs/include/px4_msgs/px4_msgs/msg/gimbal_manager_set_attitude.h\n'}
[2.599129] (px4_msgs) StdoutLine: {'line': b'-- Up-to-date symlink: /home/carlos/ros2_ws/install/px4_msgs/include/px4_msgs/px4_msgs/msg/gimbal_manager_set_manual_control.h\n'}
[2.599213] (px4_msgs) StdoutLine: {'line': b'-- Up-to-date symlink: /home/carlos/ros2_ws/install/px4_msgs/include/px4_msgs/px4_msgs/msg/gimbal_manager_status.h\n'}
[2.599299] (px4_msgs) StdoutLine: {'line': b'-- Up-to-date symlink: /home/carlos/ros2_ws/install/px4_msgs/include/px4_msgs/px4_msgs/msg/goto_setpoint.h\n'}
[2.599384] (px4_msgs) StdoutLine: {'line': b'-- Up-to-date symlink: /home/carlos/ros2_ws/install/px4_msgs/include/px4_msgs/px4_msgs/msg/gpio_config.h\n'}
[2.599469] (px4_msgs) StdoutLine: {'line': b'-- Up-to-date symlink: /home/carlos/ros2_ws/install/px4_msgs/include/px4_msgs/px4_msgs/msg/gpio_in.h\n'}
[2.599554] (px4_msgs) StdoutLine: {'line': b'-- Up-to-date symlink: /home/carlos/ros2_ws/install/px4_msgs/include/px4_msgs/px4_msgs/msg/gpio_out.h\n'}
[2.599638] (px4_msgs) StdoutLine: {'line': b'-- Up-to-date symlink: /home/carlos/ros2_ws/install/px4_msgs/include/px4_msgs/px4_msgs/msg/gpio_request.h\n'}
[2.599723] (px4_msgs) StdoutLine: {'line': b'-- Up-to-date symlink: /home/carlos/ros2_ws/install/px4_msgs/include/px4_msgs/px4_msgs/msg/gps_dump.h\n'}
[2.599807] (px4_msgs) StdoutLine: {'line': b'-- Up-to-date symlink: /home/carlos/ros2_ws/install/px4_msgs/include/px4_msgs/px4_msgs/msg/gps_inject_data.h\n'}
[2.599892] (px4_msgs) StdoutLine: {'line': b'-- Up-to-date symlink: /home/carlos/ros2_ws/install/px4_msgs/include/px4_msgs/px4_msgs/msg/gripper.h\n'}
[2.599977] (px4_msgs) StdoutLine: {'line': b'-- Up-to-date symlink: /home/carlos/ros2_ws/install/px4_msgs/include/px4_msgs/px4_msgs/msg/health_report.h\n'}
[2.600066] (px4_msgs) StdoutLine: {'line': b'-- Up-to-date symlink: /home/carlos/ros2_ws/install/px4_msgs/include/px4_msgs/px4_msgs/msg/heater_status.h\n'}
[2.600152] (px4_msgs) StdoutLine: {'line': b'-- Up-to-date symlink: /home/carlos/ros2_ws/install/px4_msgs/include/px4_msgs/px4_msgs/msg/home_position.h\n'}
[2.600238] (px4_msgs) StdoutLine: {'line': b'-- Up-to-date symlink: /home/carlos/ros2_ws/install/px4_msgs/include/px4_msgs/px4_msgs/msg/hover_thrust_estimate.h\n'}
[2.600323] (px4_msgs) StdoutLine: {'line': b'-- Up-to-date symlink: /home/carlos/ros2_ws/install/px4_msgs/include/px4_msgs/px4_msgs/msg/input_rc.h\n'}
[2.600409] (px4_msgs) StdoutLine: {'line': b'-- Up-to-date symlink: /home/carlos/ros2_ws/install/px4_msgs/include/px4_msgs/px4_msgs/msg/internal_combustion_engine_control.h\n'}
[2.600501] (px4_msgs) StdoutLine: {'line': b'-- Up-to-date symlink: /home/carlos/ros2_ws/install/px4_msgs/include/px4_msgs/px4_msgs/msg/internal_combustion_engine_status.h\n'}
[2.600588] (px4_msgs) StdoutLine: {'line': b'-- Up-to-date symlink: /home/carlos/ros2_ws/install/px4_msgs/include/px4_msgs/px4_msgs/msg/iridiumsbd_status.h\n'}
[2.600674] (px4_msgs) StdoutLine: {'line': b'-- Up-to-date symlink: /home/carlos/ros2_ws/install/px4_msgs/include/px4_msgs/px4_msgs/msg/irlock_report.h\n'}
[2.600760] (px4_msgs) StdoutLine: {'line': b'-- Up-to-date symlink: /home/carlos/ros2_ws/install/px4_msgs/include/px4_msgs/px4_msgs/msg/landing_gear.h\n'}
[2.600845] (px4_msgs) StdoutLine: {'line': b'-- Up-to-date symlink: /home/carlos/ros2_ws/install/px4_msgs/include/px4_msgs/px4_msgs/msg/landing_gear_wheel.h\n'}
[2.600931] (px4_msgs) StdoutLine: {'line': b'-- Up-to-date symlink: /home/carlos/ros2_ws/install/px4_msgs/include/px4_msgs/px4_msgs/msg/landing_target_innovations.h\n'}
[2.601016] (px4_msgs) StdoutLine: {'line': b'-- Up-to-date symlink: /home/carlos/ros2_ws/install/px4_msgs/include/px4_msgs/px4_msgs/msg/landing_target_pose.h\n'}
[2.601110] (px4_msgs) StdoutLine: {'line': b'-- Up-to-date symlink: /home/carlos/ros2_ws/install/px4_msgs/include/px4_msgs/px4_msgs/msg/lateral_control_configuration.h\n'}
[2.601194] (px4_msgs) StdoutLine: {'line': b'-- Up-to-date symlink: /home/carlos/ros2_ws/install/px4_msgs/include/px4_msgs/px4_msgs/msg/launch_detection_status.h\n'}
[2.601287] (px4_msgs) StdoutLine: {'line': b'-- Up-to-date symlink: /home/carlos/ros2_ws/install/px4_msgs/include/px4_msgs/px4_msgs/msg/led_control.h\n'}
[2.601372] (px4_msgs) StdoutLine: {'line': b'-- Up-to-date symlink: /home/carlos/ros2_ws/install/px4_msgs/include/px4_msgs/px4_msgs/msg/log_message.h\n'}
[2.601457] (px4_msgs) StdoutLine: {'line': b'-- Up-to-date symlink: /home/carlos/ros2_ws/install/px4_msgs/include/px4_msgs/px4_msgs/msg/logger_status.h\n'}
[2.601543] (px4_msgs) StdoutLine: {'line': b'-- Up-to-date symlink: /home/carlos/ros2_ws/install/px4_msgs/include/px4_msgs/px4_msgs/msg/longitudinal_control_configuration.h\n'}
[2.601630] (px4_msgs) StdoutLine: {'line': b'-- Up-to-date symlink: /home/carlos/ros2_ws/install/px4_msgs/include/px4_msgs/px4_msgs/msg/mag_worker_data.h\n'}
[2.601716] (px4_msgs) StdoutLine: {'line': b'-- Up-to-date symlink: /home/carlos/ros2_ws/install/px4_msgs/include/px4_msgs/px4_msgs/msg/magnetometer_bias_estimate.h\n'}
[2.601802] (px4_msgs) StdoutLine: {'line': b'-- Up-to-date symlink: /home/carlos/ros2_ws/install/px4_msgs/include/px4_msgs/px4_msgs/msg/manual_control_setpoint.h\n'}
[2.601888] (px4_msgs) StdoutLine: {'line': b'-- Up-to-date symlink: /home/carlos/ros2_ws/install/px4_msgs/include/px4_msgs/px4_msgs/msg/manual_control_switches.h\n'}
[2.601973] (px4_msgs) StdoutLine: {'line': b'-- Up-to-date symlink: /home/carlos/ros2_ws/install/px4_msgs/include/px4_msgs/px4_msgs/msg/mavlink_log.h\n'}
[2.602070] (px4_msgs) StdoutLine: {'line': b'-- Up-to-date symlink: /home/carlos/ros2_ws/install/px4_msgs/include/px4_msgs/px4_msgs/msg/mavlink_tunnel.h\n'}
[2.602152] (px4_msgs) StdoutLine: {'line': b'-- Up-to-date symlink: /home/carlos/ros2_ws/install/px4_msgs/include/px4_msgs/px4_msgs/msg/message_format_request.h\n'}
[2.602237] (px4_msgs) StdoutLine: {'line': b'-- Up-to-date symlink: /home/carlos/ros2_ws/install/px4_msgs/include/px4_msgs/px4_msgs/msg/message_format_response.h\n'}
[2.602322] (px4_msgs) StdoutLine: {'line': b'-- Up-to-date symlink: /home/carlos/ros2_ws/install/px4_msgs/include/px4_msgs/px4_msgs/msg/mission.h\n'}
[2.602407] (px4_msgs) StdoutLine: {'line': b'-- Up-to-date symlink: /home/carlos/ros2_ws/install/px4_msgs/include/px4_msgs/px4_msgs/msg/mission_result.h\n'}
[2.602486] (px4_msgs) StdoutLine: {'line': b'-- Up-to-date symlink: /home/carlos/ros2_ws/install/px4_msgs/include/px4_msgs/px4_msgs/msg/mode_completed.h\n'}
[2.602571] (px4_msgs) StdoutLine: {'line': b'-- Up-to-date symlink: /home/carlos/ros2_ws/install/px4_msgs/include/px4_msgs/px4_msgs/msg/mount_orientation.h\n'}
[2.602657] (px4_msgs) StdoutLine: {'line': b'-- Up-to-date symlink: /home/carlos/ros2_ws/install/px4_msgs/include/px4_msgs/px4_msgs/msg/navigator_mission_item.h\n'}
[2.602742] (px4_msgs) StdoutLine: {'line': b'-- Up-to-date symlink: /home/carlos/ros2_ws/install/px4_msgs/include/px4_msgs/px4_msgs/msg/navigator_status.h\n'}
[2.602827] (px4_msgs) StdoutLine: {'line': b'-- Up-to-date symlink: /home/carlos/ros2_ws/install/px4_msgs/include/px4_msgs/px4_msgs/msg/neural_control.h\n'}
[2.602913] (px4_msgs) StdoutLine: {'line': b'-- Up-to-date symlink: /home/carlos/ros2_ws/install/px4_msgs/include/px4_msgs/px4_msgs/msg/normalized_unsigned_setpoint.h\n'}
[2.602998] (px4_msgs) StdoutLine: {'line': b'-- Up-to-date symlink: /home/carlos/ros2_ws/install/px4_msgs/include/px4_msgs/px4_msgs/msg/obstacle_distance.h\n'}
[2.603092] (px4_msgs) StdoutLine: {'line': b'-- Up-to-date symlink: /home/carlos/ros2_ws/install/px4_msgs/include/px4_msgs/px4_msgs/msg/offboard_control_mode.h\n'}
[2.603178] (px4_msgs) StdoutLine: {'line': b'-- Up-to-date symlink: /home/carlos/ros2_ws/install/px4_msgs/include/px4_msgs/px4_msgs/msg/onboard_computer_status.h\n'}
[2.603264] (px4_msgs) StdoutLine: {'line': b'-- Up-to-date symlink: /home/carlos/ros2_ws/install/px4_msgs/include/px4_msgs/px4_msgs/msg/open_drone_id_arm_status.h\n'}
[2.603350] (px4_msgs) StdoutLine: {'line': b'-- Up-to-date symlink: /home/carlos/ros2_ws/install/px4_msgs/include/px4_msgs/px4_msgs/msg/open_drone_id_operator_id.h\n'}
[2.603435] (px4_msgs) StdoutLine: {'line': b'-- Up-to-date symlink: /home/carlos/ros2_ws/install/px4_msgs/include/px4_msgs/px4_msgs/msg/open_drone_id_self_id.h\n'}
[2.603520] (px4_msgs) StdoutLine: {'line': b'-- Up-to-date symlink: /home/carlos/ros2_ws/install/px4_msgs/include/px4_msgs/px4_msgs/msg/open_drone_id_system.h\n'}
[2.603605] (px4_msgs) StdoutLine: {'line': b'-- Up-to-date symlink: /home/carlos/ros2_ws/install/px4_msgs/include/px4_msgs/px4_msgs/msg/orb_test.h\n'}
[2.603690] (px4_msgs) StdoutLine: {'line': b'-- Up-to-date symlink: /home/carlos/ros2_ws/install/px4_msgs/include/px4_msgs/px4_msgs/msg/orb_test_large.h\n'}
[2.603776] (px4_msgs) StdoutLine: {'line': b'-- Up-to-date symlink: /home/carlos/ros2_ws/install/px4_msgs/include/px4_msgs/px4_msgs/msg/orb_test_medium.h\n'}
[2.603861] (px4_msgs) StdoutLine: {'line': b'-- Up-to-date symlink: /home/carlos/ros2_ws/install/px4_msgs/include/px4_msgs/px4_msgs/msg/orbit_status.h\n'}
[2.603946] (px4_msgs) StdoutLine: {'line': b'-- Up-to-date symlink: /home/carlos/ros2_ws/install/px4_msgs/include/px4_msgs/px4_msgs/msg/parameter_reset_request.h\n'}
[2.604032] (px4_msgs) StdoutLine: {'line': b'-- Up-to-date symlink: /home/carlos/ros2_ws/install/px4_msgs/include/px4_msgs/px4_msgs/msg/parameter_set_used_request.h\n'}
[2.604125] (px4_msgs) StdoutLine: {'line': b'-- Up-to-date symlink: /home/carlos/ros2_ws/install/px4_msgs/include/px4_msgs/px4_msgs/msg/parameter_set_value_request.h\n'}
[2.604212] (px4_msgs) StdoutLine: {'line': b'-- Up-to-date symlink: /home/carlos/ros2_ws/install/px4_msgs/include/px4_msgs/px4_msgs/msg/parameter_set_value_response.h\n'}
[2.604300] (px4_msgs) StdoutLine: {'line': b'-- Up-to-date symlink: /home/carlos/ros2_ws/install/px4_msgs/include/px4_msgs/px4_msgs/msg/parameter_update.h\n'}
[2.604386] (px4_msgs) StdoutLine: {'line': b'-- Up-to-date symlink: /home/carlos/ros2_ws/install/px4_msgs/include/px4_msgs/px4_msgs/msg/ping.h\n'}
[2.604477] (px4_msgs) StdoutLine: {'line': b'-- Up-to-date symlink: /home/carlos/ros2_ws/install/px4_msgs/include/px4_msgs/px4_msgs/msg/position_controller_landing_status.h\n'}
[2.604564] (px4_msgs) StdoutLine: {'line': b'-- Up-to-date symlink: /home/carlos/ros2_ws/install/px4_msgs/include/px4_msgs/px4_msgs/msg/position_controller_status.h\n'}
[2.604650] (px4_msgs) StdoutLine: {'line': b'-- Up-to-date symlink: /home/carlos/ros2_ws/install/px4_msgs/include/px4_msgs/px4_msgs/msg/position_setpoint.h\n'}
[2.604735] (px4_msgs) StdoutLine: {'line': b'-- Up-to-date symlink: /home/carlos/ros2_ws/install/px4_msgs/include/px4_msgs/px4_msgs/msg/position_setpoint_triplet.h\n'}
[2.604820] (px4_msgs) StdoutLine: {'line': b'-- Up-to-date symlink: /home/carlos/ros2_ws/install/px4_msgs/include/px4_msgs/px4_msgs/msg/power_button_state.h\n'}
[2.604911] (px4_msgs) StdoutLine: {'line': b'-- Up-to-date symlink: /home/carlos/ros2_ws/install/px4_msgs/include/px4_msgs/px4_msgs/msg/power_monitor.h\n'}
[2.604995] (px4_msgs) StdoutLine: {'line': b'-- Up-to-date symlink: /home/carlos/ros2_ws/install/px4_msgs/include/px4_msgs/px4_msgs/msg/pps_capture.h\n'}
[2.605087] (px4_msgs) StdoutLine: {'line': b'-- Up-to-date symlink: /home/carlos/ros2_ws/install/px4_msgs/include/px4_msgs/px4_msgs/msg/pure_pursuit_status.h\n'}
[2.605172] (px4_msgs) StdoutLine: {'line': b'-- Up-to-date symlink: /home/carlos/ros2_ws/install/px4_msgs/include/px4_msgs/px4_msgs/msg/pwm_input.h\n'}
[2.605256] (px4_msgs) StdoutLine: {'line': b'-- Up-to-date symlink: /home/carlos/ros2_ws/install/px4_msgs/include/px4_msgs/px4_msgs/msg/px4io_status.h\n'}
[2.605340] (px4_msgs) StdoutLine: {'line': b'-- Up-to-date symlink: /home/carlos/ros2_ws/install/px4_msgs/include/px4_msgs/px4_msgs/msg/qshell_req.h\n'}
[2.605425] (px4_msgs) StdoutLine: {'line': b'-- Up-to-date symlink: /home/carlos/ros2_ws/install/px4_msgs/include/px4_msgs/px4_msgs/msg/qshell_retval.h\n'}
[2.605509] (px4_msgs) StdoutLine: {'line': b'-- Up-to-date symlink: /home/carlos/ros2_ws/install/px4_msgs/include/px4_msgs/px4_msgs/msg/radio_status.h\n'}
[2.605594] (px4_msgs) StdoutLine: {'line': b'-- Up-to-date symlink: /home/carlos/ros2_ws/install/px4_msgs/include/px4_msgs/px4_msgs/msg/rate_ctrl_status.h\n'}
[2.605679] (px4_msgs) StdoutLine: {'line': b'-- Up-to-date symlink: /home/carlos/ros2_ws/install/px4_msgs/include/px4_msgs/px4_msgs/msg/rc_channels.h\n'}
[2.605763] (px4_msgs) StdoutLine: {'line': b'-- Up-to-date symlink: /home/carlos/ros2_ws/install/px4_msgs/include/px4_msgs/px4_msgs/msg/rc_parameter_map.h\n'}
[2.605849] (px4_msgs) StdoutLine: {'line': b'-- Up-to-date symlink: /home/carlos/ros2_ws/install/px4_msgs/include/px4_msgs/px4_msgs/msg/register_ext_component_reply.h\n'}
[2.605934] (px4_msgs) StdoutLine: {'line': b'-- Up-to-date symlink: /home/carlos/ros2_ws/install/px4_msgs/include/px4_msgs/px4_msgs/msg/register_ext_component_request.h\n'}
[2.606019] (px4_msgs) StdoutLine: {'line': b'-- Up-to-date symlink: /home/carlos/ros2_ws/install/px4_msgs/include/px4_msgs/px4_msgs/msg/rosidl_generator_c__visibility_control.h\n'}
[2.606105] (px4_msgs) StdoutLine: {'line': b'-- Up-to-date symlink: /home/carlos/ros2_ws/install/px4_msgs/include/px4_msgs/px4_msgs/msg/rover_attitude_setpoint.h\n'}
[2.606190] (px4_msgs) StdoutLine: {'line': b'-- Up-to-date symlink: /home/carlos/ros2_ws/install/px4_msgs/include/px4_msgs/px4_msgs/msg/rover_attitude_status.h\n'}
[2.606275] (px4_msgs) StdoutLine: {'line': b'-- Up-to-date symlink: /home/carlos/ros2_ws/install/px4_msgs/include/px4_msgs/px4_msgs/msg/rover_position_setpoint.h\n'}
[2.606360] (px4_msgs) StdoutLine: {'line': b'-- Up-to-date symlink: /home/carlos/ros2_ws/install/px4_msgs/include/px4_msgs/px4_msgs/msg/rover_rate_setpoint.h\n'}
[2.606404] (-) TimerEvent: {}
[2.606473] (px4_msgs) StdoutLine: {'line': b'-- Up-to-date symlink: /home/carlos/ros2_ws/install/px4_msgs/include/px4_msgs/px4_msgs/msg/rover_rate_status.h\n'}
[2.606552] (px4_msgs) StdoutLine: {'line': b'-- Up-to-date symlink: /home/carlos/ros2_ws/install/px4_msgs/include/px4_msgs/px4_msgs/msg/rover_speed_setpoint.h\n'}
[2.606619] (px4_msgs) StdoutLine: {'line': b'-- Up-to-date symlink: /home/carlos/ros2_ws/install/px4_msgs/include/px4_msgs/px4_msgs/msg/rover_speed_status.h\n'}
[2.606704] (px4_msgs) StdoutLine: {'line': b'-- Up-to-date symlink: /home/carlos/ros2_ws/install/px4_msgs/include/px4_msgs/px4_msgs/msg/rover_steering_setpoint.h\n'}
[2.606788] (px4_msgs) StdoutLine: {'line': b'-- Up-to-date symlink: /home/carlos/ros2_ws/install/px4_msgs/include/px4_msgs/px4_msgs/msg/rover_throttle_setpoint.h\n'}
[2.606873] (px4_msgs) StdoutLine: {'line': b'-- Up-to-date symlink: /home/carlos/ros2_ws/install/px4_msgs/include/px4_msgs/px4_msgs/msg/rpm.h\n'}
[2.606959] (px4_msgs) StdoutLine: {'line': b'-- Up-to-date symlink: /home/carlos/ros2_ws/install/px4_msgs/include/px4_msgs/px4_msgs/msg/rtl_status.h\n'}
[2.607055] (px4_msgs) StdoutLine: {'line': b'-- Up-to-date symlink: /home/carlos/ros2_ws/install/px4_msgs/include/px4_msgs/px4_msgs/msg/rtl_time_estimate.h\n'}
[2.607141] (px4_msgs) StdoutLine: {'line': b'-- Up-to-date symlink: /home/carlos/ros2_ws/install/px4_msgs/include/px4_msgs/px4_msgs/msg/satellite_info.h\n'}
[2.607227] (px4_msgs) StdoutLine: {'line': b'-- Up-to-date symlink: /home/carlos/ros2_ws/install/px4_msgs/include/px4_msgs/px4_msgs/msg/sensor_accel.h\n'}
[2.607311] (px4_msgs) StdoutLine: {'line': b'-- Up-to-date symlink: /home/carlos/ros2_ws/install/px4_msgs/include/px4_msgs/px4_msgs/msg/sensor_accel_fifo.h\n'}
[2.607398] (px4_msgs) StdoutLine: {'line': b'-- Up-to-date symlink: /home/carlos/ros2_ws/install/px4_msgs/include/px4_msgs/px4_msgs/msg/sensor_airflow.h\n'}
[2.607488] (px4_msgs) StdoutLine: {'line': b'-- Up-to-date symlink: /home/carlos/ros2_ws/install/px4_msgs/include/px4_msgs/px4_msgs/msg/sensor_baro.h\n'}
[2.607585] (px4_msgs) StdoutLine: {'line': b'-- Up-to-date symlink: /home/carlos/ros2_ws/install/px4_msgs/include/px4_msgs/px4_msgs/msg/sensor_combined.h\n'}
[2.607670] (px4_msgs) StdoutLine: {'line': b'-- Up-to-date symlink: /home/carlos/ros2_ws/install/px4_msgs/include/px4_msgs/px4_msgs/msg/sensor_correction.h\n'}
[2.607755] (px4_msgs) StdoutLine: {'line': b'-- Up-to-date symlink: /home/carlos/ros2_ws/install/px4_msgs/include/px4_msgs/px4_msgs/msg/sensor_gnss_relative.h\n'}
[2.607840] (px4_msgs) StdoutLine: {'line': b'-- Up-to-date symlink: /home/carlos/ros2_ws/install/px4_msgs/include/px4_msgs/px4_msgs/msg/sensor_gnss_status.h\n'}
[2.607930] (px4_msgs) StdoutLine: {'line': b'-- Up-to-date symlink: /home/carlos/ros2_ws/install/px4_msgs/include/px4_msgs/px4_msgs/msg/sensor_gps.h\n'}
[2.608089] (px4_msgs) StdoutLine: {'line': b'-- Up-to-date symlink: /home/carlos/ros2_ws/install/px4_msgs/include/px4_msgs/px4_msgs/msg/sensor_gyro.h\n'}
[2.608205] (px4_msgs) StdoutLine: {'line': b'-- Up-to-date symlink: /home/carlos/ros2_ws/install/px4_msgs/include/px4_msgs/px4_msgs/msg/sensor_gyro_fft.h\n'}
[2.608288] (px4_msgs) StdoutLine: {'line': b'-- Up-to-date symlink: /home/carlos/ros2_ws/install/px4_msgs/include/px4_msgs/px4_msgs/msg/sensor_gyro_fifo.h\n'}
[2.608358] (px4_msgs) StdoutLine: {'line': b'-- Up-to-date symlink: /home/carlos/ros2_ws/install/px4_msgs/include/px4_msgs/px4_msgs/msg/sensor_hygrometer.h\n'}
[2.608498] (px4_msgs) StdoutLine: {'line': b'-- Up-to-date symlink: /home/carlos/ros2_ws/install/px4_msgs/include/px4_msgs/px4_msgs/msg/sensor_mag.h\n'}
[2.608589] (px4_msgs) StdoutLine: {'line': b'-- Up-to-date symlink: /home/carlos/ros2_ws/install/px4_msgs/include/px4_msgs/px4_msgs/msg/sensor_optical_flow.h\n'}
[2.608668] (px4_msgs) StdoutLine: {'line': b'-- Up-to-date symlink: /home/carlos/ros2_ws/install/px4_msgs/include/px4_msgs/px4_msgs/msg/sensor_preflight_mag.h\n'}
[2.608756] (px4_msgs) StdoutLine: {'line': b'-- Up-to-date symlink: /home/carlos/ros2_ws/install/px4_msgs/include/px4_msgs/px4_msgs/msg/sensor_selection.h\n'}
[2.608857] (px4_msgs) StdoutLine: {'line': b'-- Up-to-date symlink: /home/carlos/ros2_ws/install/px4_msgs/include/px4_msgs/px4_msgs/msg/sensor_uwb.h\n'}
[2.608954] (px4_msgs) StdoutLine: {'line': b'-- Up-to-date symlink: /home/carlos/ros2_ws/install/px4_msgs/include/px4_msgs/px4_msgs/msg/sensors_status.h\n'}
[2.609035] (px4_msgs) StdoutLine: {'line': b'-- Up-to-date symlink: /home/carlos/ros2_ws/install/px4_msgs/include/px4_msgs/px4_msgs/msg/sensors_status_imu.h\n'}
[2.609128] (px4_msgs) StdoutLine: {'line': b'-- Up-to-date symlink: /home/carlos/ros2_ws/install/px4_msgs/include/px4_msgs/px4_msgs/msg/system_power.h\n'}
[2.609199] (px4_msgs) StdoutLine: {'line': b'-- Up-to-date symlink: /home/carlos/ros2_ws/install/px4_msgs/include/px4_msgs/px4_msgs/msg/takeoff_status.h\n'}
[2.609263] (px4_msgs) StdoutLine: {'line': b'-- Up-to-date symlink: /home/carlos/ros2_ws/install/px4_msgs/include/px4_msgs/px4_msgs/msg/task_stack_info.h\n'}
[2.609335] (px4_msgs) StdoutLine: {'line': b'-- Up-to-date symlink: /home/carlos/ros2_ws/install/px4_msgs/include/px4_msgs/px4_msgs/msg/tecs_status.h\n'}
[2.609420] (px4_msgs) StdoutLine: {'line': b'-- Up-to-date symlink: /home/carlos/ros2_ws/install/px4_msgs/include/px4_msgs/px4_msgs/msg/telemetry_status.h\n'}
[2.609501] (px4_msgs) StdoutLine: {'line': b'-- Up-to-date symlink: /home/carlos/ros2_ws/install/px4_msgs/include/px4_msgs/px4_msgs/msg/tiltrotor_extra_controls.h\n'}
[2.609584] (px4_msgs) StdoutLine: {'line': b'-- Up-to-date symlink: /home/carlos/ros2_ws/install/px4_msgs/include/px4_msgs/px4_msgs/msg/timesync_status.h\n'}
[2.609665] (px4_msgs) StdoutLine: {'line': b'-- Up-to-date symlink: /home/carlos/ros2_ws/install/px4_msgs/include/px4_msgs/px4_msgs/msg/trajectory_setpoint.h\n'}
[2.609747] (px4_msgs) StdoutLine: {'line': b'-- Up-to-date symlink: /home/carlos/ros2_ws/install/px4_msgs/include/px4_msgs/px4_msgs/msg/trajectory_setpoint6dof.h\n'}
[2.609827] (px4_msgs) StdoutLine: {'line': b'-- Up-to-date symlink: /home/carlos/ros2_ws/install/px4_msgs/include/px4_msgs/px4_msgs/msg/transponder_report.h\n'}
[2.609910] (px4_msgs) StdoutLine: {'line': b'-- Up-to-date symlink: /home/carlos/ros2_ws/install/px4_msgs/include/px4_msgs/px4_msgs/msg/tune_control.h\n'}
[2.609992] (px4_msgs) StdoutLine: {'line': b'-- Up-to-date symlink: /home/carlos/ros2_ws/install/px4_msgs/include/px4_msgs/px4_msgs/msg/uavcan_parameter_request.h\n'}
[2.610062] (px4_msgs) StdoutLine: {'line': b'-- Up-to-date symlink: /home/carlos/ros2_ws/install/px4_msgs/include/px4_msgs/px4_msgs/msg/uavcan_parameter_value.h\n'}
[2.610177] (px4_msgs) StdoutLine: {'line': b'-- Up-to-date symlink: /home/carlos/ros2_ws/install/px4_msgs/include/px4_msgs/px4_msgs/msg/ulog_stream.h\n'}
[2.610258] (px4_msgs) StdoutLine: {'line': b'-- Up-to-date symlink: /home/carlos/ros2_ws/install/px4_msgs/include/px4_msgs/px4_msgs/msg/ulog_stream_ack.h\n'}
[2.610338] (px4_msgs) StdoutLine: {'line': b'-- Up-to-date symlink: /home/carlos/ros2_ws/install/px4_msgs/include/px4_msgs/px4_msgs/msg/unregister_ext_component.h\n'}
[2.610419] (px4_msgs) StdoutLine: {'line': b'-- Up-to-date symlink: /home/carlos/ros2_ws/install/px4_msgs/include/px4_msgs/px4_msgs/msg/vehicle_acceleration.h\n'}
[2.610499] (px4_msgs) StdoutLine: {'line': b'-- Up-to-date symlink: /home/carlos/ros2_ws/install/px4_msgs/include/px4_msgs/px4_msgs/msg/vehicle_air_data.h\n'}
[2.610579] (px4_msgs) StdoutLine: {'line': b'-- Up-to-date symlink: /home/carlos/ros2_ws/install/px4_msgs/include/px4_msgs/px4_msgs/msg/vehicle_angular_acceleration_setpoint.h\n'}
[2.610642] (px4_msgs) StdoutLine: {'line': b'-- Up-to-date symlink: /home/carlos/ros2_ws/install/px4_msgs/include/px4_msgs/px4_msgs/msg/vehicle_angular_velocity.h\n'}
[2.610720] (px4_msgs) StdoutLine: {'line': b'-- Up-to-date symlink: /home/carlos/ros2_ws/install/px4_msgs/include/px4_msgs/px4_msgs/msg/vehicle_attitude.h\n'}
[2.610797] (px4_msgs) StdoutLine: {'line': b'-- Up-to-date symlink: /home/carlos/ros2_ws/install/px4_msgs/include/px4_msgs/px4_msgs/msg/vehicle_attitude_setpoint.h\n'}
[2.610875] (px4_msgs) StdoutLine: {'line': b'-- Up-to-date symlink: /home/carlos/ros2_ws/install/px4_msgs/include/px4_msgs/px4_msgs/msg/vehicle_command.h\n'}
[2.610952] (px4_msgs) StdoutLine: {'line': b'-- Up-to-date symlink: /home/carlos/ros2_ws/install/px4_msgs/include/px4_msgs/px4_msgs/msg/vehicle_command_ack.h\n'}
[2.611030] (px4_msgs) StdoutLine: {'line': b'-- Up-to-date symlink: /home/carlos/ros2_ws/install/px4_msgs/include/px4_msgs/px4_msgs/msg/vehicle_constraints.h\n'}
[2.611232] (px4_msgs) StdoutLine: {'line': b'-- Up-to-date symlink: /home/carlos/ros2_ws/install/px4_msgs/include/px4_msgs/px4_msgs/msg/vehicle_control_mode.h\n'}
[2.611405] (px4_msgs) StdoutLine: {'line': b'-- Up-to-date symlink: /home/carlos/ros2_ws/install/px4_msgs/include/px4_msgs/px4_msgs/msg/vehicle_global_position.h\n'}
[2.611545] (px4_msgs) StdoutLine: {'line': b'-- Up-to-date symlink: /home/carlos/ros2_ws/install/px4_msgs/include/px4_msgs/px4_msgs/msg/vehicle_imu.h\n'}
[2.611658] (px4_msgs) StdoutLine: {'line': b'-- Up-to-date symlink: /home/carlos/ros2_ws/install/px4_msgs/include/px4_msgs/px4_msgs/msg/vehicle_imu_status.h\n'}
[2.611796] (px4_msgs) StdoutLine: {'line': b'-- Up-to-date symlink: /home/carlos/ros2_ws/install/px4_msgs/include/px4_msgs/px4_msgs/msg/vehicle_land_detected.h\n'}
[2.611934] (px4_msgs) StdoutLine: {'line': b'-- Up-to-date symlink: /home/carlos/ros2_ws/install/px4_msgs/include/px4_msgs/px4_msgs/msg/vehicle_local_position.h\n'}
[2.612064] (px4_msgs) StdoutLine: {'line': b'-- Up-to-date symlink: /home/carlos/ros2_ws/install/px4_msgs/include/px4_msgs/px4_msgs/msg/vehicle_local_position_setpoint.h\n'}
[2.612213] (px4_msgs) StdoutLine: {'line': b'-- Up-to-date symlink: /home/carlos/ros2_ws/install/px4_msgs/include/px4_msgs/px4_msgs/msg/vehicle_magnetometer.h\n'}
[2.612301] (px4_msgs) StdoutLine: {'line': b'-- Up-to-date symlink: /home/carlos/ros2_ws/install/px4_msgs/include/px4_msgs/px4_msgs/msg/vehicle_odometry.h\n'}
[2.612346] (px4_msgs) StdoutLine: {'line': b'-- Up-to-date symlink: /home/carlos/ros2_ws/install/px4_msgs/include/px4_msgs/px4_msgs/msg/vehicle_optical_flow.h\n'}
[2.612390] (px4_msgs) StdoutLine: {'line': b'-- Up-to-date symlink: /home/carlos/ros2_ws/install/px4_msgs/include/px4_msgs/px4_msgs/msg/vehicle_optical_flow_vel.h\n'}
[2.612434] (px4_msgs) StdoutLine: {'line': b'-- Up-to-date symlink: /home/carlos/ros2_ws/install/px4_msgs/include/px4_msgs/px4_msgs/msg/vehicle_rates_setpoint.h\n'}
[2.612478] (px4_msgs) StdoutLine: {'line': b'-- Up-to-date symlink: /home/carlos/ros2_ws/install/px4_msgs/include/px4_msgs/px4_msgs/msg/vehicle_roi.h\n'}
[2.612524] (px4_msgs) StdoutLine: {'line': b'-- Up-to-date symlink: /home/carlos/ros2_ws/install/px4_msgs/include/px4_msgs/px4_msgs/msg/vehicle_status.h\n'}
[2.612565] (px4_msgs) StdoutLine: {'line': b'-- Up-to-date symlink: /home/carlos/ros2_ws/install/px4_msgs/include/px4_msgs/px4_msgs/msg/vehicle_thrust_setpoint.h\n'}
[2.612633] (px4_msgs) StdoutLine: {'line': b'-- Up-to-date symlink: /home/carlos/ros2_ws/install/px4_msgs/include/px4_msgs/px4_msgs/msg/vehicle_torque_setpoint.h\n'}
[2.612682] (px4_msgs) StdoutLine: {'line': b'-- Up-to-date symlink: /home/carlos/ros2_ws/install/px4_msgs/include/px4_msgs/px4_msgs/msg/velocity_limits.h\n'}
[2.612726] (px4_msgs) StdoutLine: {'line': b'-- Up-to-date symlink: /home/carlos/ros2_ws/install/px4_msgs/include/px4_msgs/px4_msgs/msg/vtol_vehicle_status.h\n'}
[2.612771] (px4_msgs) StdoutLine: {'line': b'-- Up-to-date symlink: /home/carlos/ros2_ws/install/px4_msgs/include/px4_msgs/px4_msgs/msg/wheel_encoders.h\n'}
[2.612812] (px4_msgs) StdoutLine: {'line': b'-- Up-to-date symlink: /home/carlos/ros2_ws/install/px4_msgs/include/px4_msgs/px4_msgs/msg/wind.h\n'}
[2.612879] (px4_msgs) StdoutLine: {'line': b'-- Up-to-date symlink: /home/carlos/ros2_ws/install/px4_msgs/include/px4_msgs/px4_msgs/msg/yaw_estimator_status.h\n'}
[2.612926] (px4_msgs) StdoutLine: {'line': b'-- Up-to-date symlink: /home/carlos/ros2_ws/install/px4_msgs/include/px4_msgs/px4_msgs/srv/detail/vehicle_command__functions.h\n'}
[2.612981] (px4_msgs) StdoutLine: {'line': b'-- Up-to-date symlink: /home/carlos/ros2_ws/install/px4_msgs/include/px4_msgs/px4_msgs/srv/detail/vehicle_command__struct.h\n'}
[2.613028] (px4_msgs) StdoutLine: {'line': b'-- Up-to-date symlink: /home/carlos/ros2_ws/install/px4_msgs/include/px4_msgs/px4_msgs/srv/detail/vehicle_command__type_support.h\n'}
[2.613095] (px4_msgs) StdoutLine: {'line': b'-- Up-to-date symlink: /home/carlos/ros2_ws/install/px4_msgs/include/px4_msgs/px4_msgs/srv/vehicle_command.h\n'}
[2.613230] (px4_msgs) StdoutLine: {'line': b'-- Up-to-date symlink: /home/carlos/ros2_ws/install/px4_msgs/share/px4_msgs/environment/library_path.sh\n'}
[2.613327] (px4_msgs) StdoutLine: {'line': b'-- Up-to-date symlink: /home/carlos/ros2_ws/install/px4_msgs/share/px4_msgs/environment/library_path.dsv\n'}
[2.619340] (px4_msgs) StdoutLine: {'line': b'-- Up-to-date symlink: /home/carlos/ros2_ws/install/px4_msgs/include/px4_msgs/px4_msgs/msg/detail/action_request__rosidl_typesupport_fastrtps_c.h\n'}
[2.619624] (px4_msgs) StdoutLine: {'line': b'-- Up-to-date symlink: /home/carlos/ros2_ws/install/px4_msgs/include/px4_msgs/px4_msgs/msg/detail/actuator_armed__rosidl_typesupport_fastrtps_c.h\n'}
[2.619755] (px4_msgs) StdoutLine: {'line': b'-- Up-to-date symlink: /home/carlos/ros2_ws/install/px4_msgs/include/px4_msgs/px4_msgs/msg/detail/actuator_controls_status__rosidl_typesupport_fastrtps_c.h\n'}
[2.619864] (px4_msgs) StdoutLine: {'line': b'-- Up-to-date symlink: /home/carlos/ros2_ws/install/px4_msgs/include/px4_msgs/px4_msgs/msg/detail/actuator_motors__rosidl_typesupport_fastrtps_c.h\n'}
[2.619990] (px4_msgs) StdoutLine: {'line': b'-- Up-to-date symlink: /home/carlos/ros2_ws/install/px4_msgs/include/px4_msgs/px4_msgs/msg/detail/actuator_outputs__rosidl_typesupport_fastrtps_c.h\n'}
[2.620111] (px4_msgs) StdoutLine: {'line': b'-- Up-to-date symlink: /home/carlos/ros2_ws/install/px4_msgs/include/px4_msgs/px4_msgs/msg/detail/actuator_servos__rosidl_typesupport_fastrtps_c.h\n'}
[2.620370] (px4_msgs) StdoutLine: {'line': b'-- Up-to-date symlink: /home/carlos/ros2_ws/install/px4_msgs/include/px4_msgs/px4_msgs/msg/detail/actuator_servos_trim__rosidl_typesupport_fastrtps_c.h\n'}
[2.620502] (px4_msgs) StdoutLine: {'line': b'-- Up-to-date symlink: /home/carlos/ros2_ws/install/px4_msgs/include/px4_msgs/px4_msgs/msg/detail/actuator_test__rosidl_typesupport_fastrtps_c.h\n'}
[2.620588] (px4_msgs) StdoutLine: {'line': b'-- Up-to-date symlink: /home/carlos/ros2_ws/install/px4_msgs/include/px4_msgs/px4_msgs/msg/detail/adc_report__rosidl_typesupport_fastrtps_c.h\n'}
[2.620650] (px4_msgs) StdoutLine: {'line': b'-- Up-to-date symlink: /home/carlos/ros2_ws/install/px4_msgs/include/px4_msgs/px4_msgs/msg/detail/airspeed__rosidl_typesupport_fastrtps_c.h\n'}
[2.620694] (px4_msgs) StdoutLine: {'line': b'-- Up-to-date symlink: /home/carlos/ros2_ws/install/px4_msgs/include/px4_msgs/px4_msgs/msg/detail/airspeed_validated__rosidl_typesupport_fastrtps_c.h\n'}
[2.620740] (px4_msgs) StdoutLine: {'line': b'-- Up-to-date symlink: /home/carlos/ros2_ws/install/px4_msgs/include/px4_msgs/px4_msgs/msg/detail/airspeed_wind__rosidl_typesupport_fastrtps_c.h\n'}
[2.620784] (px4_msgs) StdoutLine: {'line': b'-- Up-to-date symlink: /home/carlos/ros2_ws/install/px4_msgs/include/px4_msgs/px4_msgs/msg/detail/arming_check_reply__rosidl_typesupport_fastrtps_c.h\n'}
[2.620829] (px4_msgs) StdoutLine: {'line': b'-- Up-to-date symlink: /home/carlos/ros2_ws/install/px4_msgs/include/px4_msgs/px4_msgs/msg/detail/arming_check_request__rosidl_typesupport_fastrtps_c.h\n'}
[2.620869] (px4_msgs) StdoutLine: {'line': b'-- Up-to-date symlink: /home/carlos/ros2_ws/install/px4_msgs/include/px4_msgs/px4_msgs/msg/detail/autotune_attitude_control_status__rosidl_typesupport_fastrtps_c.h\n'}
[2.620914] (px4_msgs) StdoutLine: {'line': b'-- Up-to-date symlink: /home/carlos/ros2_ws/install/px4_msgs/include/px4_msgs/px4_msgs/msg/detail/battery_info__rosidl_typesupport_fastrtps_c.h\n'}
[2.620956] (px4_msgs) StdoutLine: {'line': b'-- Up-to-date symlink: /home/carlos/ros2_ws/install/px4_msgs/include/px4_msgs/px4_msgs/msg/detail/battery_status__rosidl_typesupport_fastrtps_c.h\n'}
[2.621022] (px4_msgs) StdoutLine: {'line': b'-- Up-to-date symlink: /home/carlos/ros2_ws/install/px4_msgs/include/px4_msgs/px4_msgs/msg/detail/button_event__rosidl_typesupport_fastrtps_c.h\n'}
[2.621085] (px4_msgs) StdoutLine: {'line': b'-- Up-to-date symlink: /home/carlos/ros2_ws/install/px4_msgs/include/px4_msgs/px4_msgs/msg/detail/camera_capture__rosidl_typesupport_fastrtps_c.h\n'}
[2.621131] (px4_msgs) StdoutLine: {'line': b'-- Up-to-date symlink: /home/carlos/ros2_ws/install/px4_msgs/include/px4_msgs/px4_msgs/msg/detail/camera_status__rosidl_typesupport_fastrtps_c.h\n'}
[2.621174] (px4_msgs) StdoutLine: {'line': b'-- Up-to-date symlink: /home/carlos/ros2_ws/install/px4_msgs/include/px4_msgs/px4_msgs/msg/detail/camera_trigger__rosidl_typesupport_fastrtps_c.h\n'}
[2.621236] (px4_msgs) StdoutLine: {'line': b'-- Up-to-date symlink: /home/carlos/ros2_ws/install/px4_msgs/include/px4_msgs/px4_msgs/msg/detail/can_interface_status__rosidl_typesupport_fastrtps_c.h\n'}
[2.621294] (px4_msgs) StdoutLine: {'line': b'-- Up-to-date symlink: /home/carlos/ros2_ws/install/px4_msgs/include/px4_msgs/px4_msgs/msg/detail/cellular_status__rosidl_typesupport_fastrtps_c.h\n'}
[2.621348] (px4_msgs) StdoutLine: {'line': b'-- Up-to-date symlink: /home/carlos/ros2_ws/install/px4_msgs/include/px4_msgs/px4_msgs/msg/detail/collision_constraints__rosidl_typesupport_fastrtps_c.h\n'}
[2.621395] (px4_msgs) StdoutLine: {'line': b'-- Up-to-date symlink: /home/carlos/ros2_ws/install/px4_msgs/include/px4_msgs/px4_msgs/msg/detail/config_overrides__rosidl_typesupport_fastrtps_c.h\n'}
[2.621453] (px4_msgs) StdoutLine: {'line': b'-- Up-to-date symlink: /home/carlos/ros2_ws/install/px4_msgs/include/px4_msgs/px4_msgs/msg/detail/control_allocator_status__rosidl_typesupport_fastrtps_c.h\n'}
[2.621516] (px4_msgs) StdoutLine: {'line': b'-- Up-to-date symlink: /home/carlos/ros2_ws/install/px4_msgs/include/px4_msgs/px4_msgs/msg/detail/cpuload__rosidl_typesupport_fastrtps_c.h\n'}
[2.621583] (px4_msgs) StdoutLine: {'line': b'-- Up-to-date symlink: /home/carlos/ros2_ws/install/px4_msgs/include/px4_msgs/px4_msgs/msg/detail/dataman_request__rosidl_typesupport_fastrtps_c.h\n'}
[2.621666] (px4_msgs) StdoutLine: {'line': b'-- Up-to-date symlink: /home/carlos/ros2_ws/install/px4_msgs/include/px4_msgs/px4_msgs/msg/detail/dataman_response__rosidl_typesupport_fastrtps_c.h\n'}
[2.621751] (px4_msgs) StdoutLine: {'line': b'-- Up-to-date symlink: /home/carlos/ros2_ws/install/px4_msgs/include/px4_msgs/px4_msgs/msg/detail/debug_array__rosidl_typesupport_fastrtps_c.h\n'}
[2.621811] (px4_msgs) StdoutLine: {'line': b'-- Up-to-date symlink: /home/carlos/ros2_ws/install/px4_msgs/include/px4_msgs/px4_msgs/msg/detail/debug_key_value__rosidl_typesupport_fastrtps_c.h\n'}
[2.621891] (px4_msgs) StdoutLine: {'line': b'-- Up-to-date symlink: /home/carlos/ros2_ws/install/px4_msgs/include/px4_msgs/px4_msgs/msg/detail/debug_value__rosidl_typesupport_fastrtps_c.h\n'}
[2.621973] (px4_msgs) StdoutLine: {'line': b'-- Up-to-date symlink: /home/carlos/ros2_ws/install/px4_msgs/include/px4_msgs/px4_msgs/msg/detail/debug_vect__rosidl_typesupport_fastrtps_c.h\n'}
[2.622068] (px4_msgs) StdoutLine: {'line': b'-- Up-to-date symlink: /home/carlos/ros2_ws/install/px4_msgs/include/px4_msgs/px4_msgs/msg/detail/differential_pressure__rosidl_typesupport_fastrtps_c.h\n'}
[2.622151] (px4_msgs) StdoutLine: {'line': b'-- Up-to-date symlink: /home/carlos/ros2_ws/install/px4_msgs/include/px4_msgs/px4_msgs/msg/detail/distance_sensor__rosidl_typesupport_fastrtps_c.h\n'}
[2.622262] (px4_msgs) StdoutLine: {'line': b'-- Up-to-date symlink: /home/carlos/ros2_ws/install/px4_msgs/include/px4_msgs/px4_msgs/msg/detail/distance_sensor_mode_change_request__rosidl_typesupport_fastrtps_c.h\n'}
[2.622346] (px4_msgs) StdoutLine: {'line': b'-- Up-to-date symlink: /home/carlos/ros2_ws/install/px4_msgs/include/px4_msgs/px4_msgs/msg/detail/dronecan_node_status__rosidl_typesupport_fastrtps_c.h\n'}
[2.622430] (px4_msgs) StdoutLine: {'line': b'-- Up-to-date symlink: /home/carlos/ros2_ws/install/px4_msgs/include/px4_msgs/px4_msgs/msg/detail/ekf2_timestamps__rosidl_typesupport_fastrtps_c.h\n'}
[2.622512] (px4_msgs) StdoutLine: {'line': b'-- Up-to-date symlink: /home/carlos/ros2_ws/install/px4_msgs/include/px4_msgs/px4_msgs/msg/detail/esc_report__rosidl_typesupport_fastrtps_c.h\n'}
[2.622594] (px4_msgs) StdoutLine: {'line': b'-- Up-to-date symlink: /home/carlos/ros2_ws/install/px4_msgs/include/px4_msgs/px4_msgs/msg/detail/esc_status__rosidl_typesupport_fastrtps_c.h\n'}
[2.622655] (px4_msgs) StdoutLine: {'line': b'-- Up-to-date symlink: /home/carlos/ros2_ws/install/px4_msgs/include/px4_msgs/px4_msgs/msg/detail/estimator_aid_source1d__rosidl_typesupport_fastrtps_c.h\n'}
[2.622734] (px4_msgs) StdoutLine: {'line': b'-- Up-to-date symlink: /home/carlos/ros2_ws/install/px4_msgs/include/px4_msgs/px4_msgs/msg/detail/estimator_aid_source2d__rosidl_typesupport_fastrtps_c.h\n'}
[2.622815] (px4_msgs) StdoutLine: {'line': b'-- Up-to-date symlink: /home/carlos/ros2_ws/install/px4_msgs/include/px4_msgs/px4_msgs/msg/detail/estimator_aid_source3d__rosidl_typesupport_fastrtps_c.h\n'}
[2.622897] (px4_msgs) StdoutLine: {'line': b'-- Up-to-date symlink: /home/carlos/ros2_ws/install/px4_msgs/include/px4_msgs/px4_msgs/msg/detail/estimator_bias3d__rosidl_typesupport_fastrtps_c.h\n'}
[2.622979] (px4_msgs) StdoutLine: {'line': b'-- Up-to-date symlink: /home/carlos/ros2_ws/install/px4_msgs/include/px4_msgs/px4_msgs/msg/detail/estimator_bias__rosidl_typesupport_fastrtps_c.h\n'}
[2.623070] (px4_msgs) StdoutLine: {'line': b'-- Up-to-date symlink: /home/carlos/ros2_ws/install/px4_msgs/include/px4_msgs/px4_msgs/msg/detail/estimator_event_flags__rosidl_typesupport_fastrtps_c.h\n'}
[2.623156] (px4_msgs) StdoutLine: {'line': b'-- Up-to-date symlink: /home/carlos/ros2_ws/install/px4_msgs/include/px4_msgs/px4_msgs/msg/detail/estimator_gps_status__rosidl_typesupport_fastrtps_c.h\n'}
[2.623239] (px4_msgs) StdoutLine: {'line': b'-- Up-to-date symlink: /home/carlos/ros2_ws/install/px4_msgs/include/px4_msgs/px4_msgs/msg/detail/estimator_innovations__rosidl_typesupport_fastrtps_c.h\n'}
[2.623322] (px4_msgs) StdoutLine: {'line': b'-- Up-to-date symlink: /home/carlos/ros2_ws/install/px4_msgs/include/px4_msgs/px4_msgs/msg/detail/estimator_selector_status__rosidl_typesupport_fastrtps_c.h\n'}
[2.623403] (px4_msgs) StdoutLine: {'line': b'-- Up-to-date symlink: /home/carlos/ros2_ws/install/px4_msgs/include/px4_msgs/px4_msgs/msg/detail/estimator_sensor_bias__rosidl_typesupport_fastrtps_c.h\n'}
[2.623487] (px4_msgs) StdoutLine: {'line': b'-- Up-to-date symlink: /home/carlos/ros2_ws/install/px4_msgs/include/px4_msgs/px4_msgs/msg/detail/estimator_states__rosidl_typesupport_fastrtps_c.h\n'}
[2.623570] (px4_msgs) StdoutLine: {'line': b'-- Up-to-date symlink: /home/carlos/ros2_ws/install/px4_msgs/include/px4_msgs/px4_msgs/msg/detail/estimator_status__rosidl_typesupport_fastrtps_c.h\n'}
[2.623651] (px4_msgs) StdoutLine: {'line': b'-- Up-to-date symlink: /home/carlos/ros2_ws/install/px4_msgs/include/px4_msgs/px4_msgs/msg/detail/estimator_status_flags__rosidl_typesupport_fastrtps_c.h\n'}
[2.623733] (px4_msgs) StdoutLine: {'line': b'-- Up-to-date symlink: /home/carlos/ros2_ws/install/px4_msgs/include/px4_msgs/px4_msgs/msg/detail/event__rosidl_typesupport_fastrtps_c.h\n'}
[2.623816] (px4_msgs) StdoutLine: {'line': b'-- Up-to-date symlink: /home/carlos/ros2_ws/install/px4_msgs/include/px4_msgs/px4_msgs/msg/detail/failsafe_flags__rosidl_typesupport_fastrtps_c.h\n'}
[2.623897] (px4_msgs) StdoutLine: {'line': b'-- Up-to-date symlink: /home/carlos/ros2_ws/install/px4_msgs/include/px4_msgs/px4_msgs/msg/detail/failure_detector_status__rosidl_typesupport_fastrtps_c.h\n'}
[2.623984] (px4_msgs) StdoutLine: {'line': b'-- Up-to-date symlink: /home/carlos/ros2_ws/install/px4_msgs/include/px4_msgs/px4_msgs/msg/detail/figure_eight_status__rosidl_typesupport_fastrtps_c.h\n'}
[2.624076] (px4_msgs) StdoutLine: {'line': b'-- Up-to-date symlink: /home/carlos/ros2_ws/install/px4_msgs/include/px4_msgs/px4_msgs/msg/detail/fixed_wing_lateral_guidance_status__rosidl_typesupport_fastrtps_c.h\n'}
[2.624167] (px4_msgs) StdoutLine: {'line': b'-- Up-to-date symlink: /home/carlos/ros2_ws/install/px4_msgs/include/px4_msgs/px4_msgs/msg/detail/fixed_wing_lateral_setpoint__rosidl_typesupport_fastrtps_c.h\n'}
[2.624249] (px4_msgs) StdoutLine: {'line': b'-- Up-to-date symlink: /home/carlos/ros2_ws/install/px4_msgs/include/px4_msgs/px4_msgs/msg/detail/fixed_wing_lateral_status__rosidl_typesupport_fastrtps_c.h\n'}
[2.624332] (px4_msgs) StdoutLine: {'line': b'-- Up-to-date symlink: /home/carlos/ros2_ws/install/px4_msgs/include/px4_msgs/px4_msgs/msg/detail/fixed_wing_longitudinal_setpoint__rosidl_typesupport_fastrtps_c.h\n'}
[2.624414] (px4_msgs) StdoutLine: {'line': b'-- Up-to-date symlink: /home/carlos/ros2_ws/install/px4_msgs/include/px4_msgs/px4_msgs/msg/detail/fixed_wing_runway_control__rosidl_typesupport_fastrtps_c.h\n'}
[2.624497] (px4_msgs) StdoutLine: {'line': b'-- Up-to-date symlink: /home/carlos/ros2_ws/install/px4_msgs/include/px4_msgs/px4_msgs/msg/detail/flight_phase_estimation__rosidl_typesupport_fastrtps_c.h\n'}
[2.624581] (px4_msgs) StdoutLine: {'line': b'-- Up-to-date symlink: /home/carlos/ros2_ws/install/px4_msgs/include/px4_msgs/px4_msgs/msg/detail/follow_target__rosidl_typesupport_fastrtps_c.h\n'}
[2.624663] (px4_msgs) StdoutLine: {'line': b'-- Up-to-date symlink: /home/carlos/ros2_ws/install/px4_msgs/include/px4_msgs/px4_msgs/msg/detail/follow_target_estimator__rosidl_typesupport_fastrtps_c.h\n'}
[2.624745] (px4_msgs) StdoutLine: {'line': b'-- Up-to-date symlink: /home/carlos/ros2_ws/install/px4_msgs/include/px4_msgs/px4_msgs/msg/detail/follow_target_status__rosidl_typesupport_fastrtps_c.h\n'}
[2.624828] (px4_msgs) StdoutLine: {'line': b'-- Up-to-date symlink: /home/carlos/ros2_ws/install/px4_msgs/include/px4_msgs/px4_msgs/msg/detail/fuel_tank_status__rosidl_typesupport_fastrtps_c.h\n'}
[2.624911] (px4_msgs) StdoutLine: {'line': b'-- Up-to-date symlink: /home/carlos/ros2_ws/install/px4_msgs/include/px4_msgs/px4_msgs/msg/detail/generator_status__rosidl_typesupport_fastrtps_c.h\n'}
[2.624994] (px4_msgs) StdoutLine: {'line': b'-- Up-to-date symlink: /home/carlos/ros2_ws/install/px4_msgs/include/px4_msgs/px4_msgs/msg/detail/geofence_result__rosidl_typesupport_fastrtps_c.h\n'}
[2.625088] (px4_msgs) StdoutLine: {'line': b'-- Up-to-date symlink: /home/carlos/ros2_ws/install/px4_msgs/include/px4_msgs/px4_msgs/msg/detail/geofence_status__rosidl_typesupport_fastrtps_c.h\n'}
[2.625176] (px4_msgs) StdoutLine: {'line': b'-- Up-to-date symlink: /home/carlos/ros2_ws/install/px4_msgs/include/px4_msgs/px4_msgs/msg/detail/gimbal_controls__rosidl_typesupport_fastrtps_c.h\n'}
[2.625260] (px4_msgs) StdoutLine: {'line': b'-- Up-to-date symlink: /home/carlos/ros2_ws/install/px4_msgs/include/px4_msgs/px4_msgs/msg/detail/gimbal_device_attitude_status__rosidl_typesupport_fastrtps_c.h\n'}
[2.625337] (px4_msgs) StdoutLine: {'line': b'-- Up-to-date symlink: /home/carlos/ros2_ws/install/px4_msgs/include/px4_msgs/px4_msgs/msg/detail/gimbal_device_information__rosidl_typesupport_fastrtps_c.h\n'}
[2.625419] (px4_msgs) StdoutLine: {'line': b'-- Up-to-date symlink: /home/carlos/ros2_ws/install/px4_msgs/include/px4_msgs/px4_msgs/msg/detail/gimbal_device_set_attitude__rosidl_typesupport_fastrtps_c.h\n'}
[2.625502] (px4_msgs) StdoutLine: {'line': b'-- Up-to-date symlink: /home/carlos/ros2_ws/install/px4_msgs/include/px4_msgs/px4_msgs/msg/detail/gimbal_manager_information__rosidl_typesupport_fastrtps_c.h\n'}
[2.625583] (px4_msgs) StdoutLine: {'line': b'-- Up-to-date symlink: /home/carlos/ros2_ws/install/px4_msgs/include/px4_msgs/px4_msgs/msg/detail/gimbal_manager_set_attitude__rosidl_typesupport_fastrtps_c.h\n'}
[2.625665] (px4_msgs) StdoutLine: {'line': b'-- Up-to-date symlink: /home/carlos/ros2_ws/install/px4_msgs/include/px4_msgs/px4_msgs/msg/detail/gimbal_manager_set_manual_control__rosidl_typesupport_fastrtps_c.h\n'}
[2.625748] (px4_msgs) StdoutLine: {'line': b'-- Up-to-date symlink: /home/carlos/ros2_ws/install/px4_msgs/include/px4_msgs/px4_msgs/msg/detail/gimbal_manager_status__rosidl_typesupport_fastrtps_c.h\n'}
[2.625831] (px4_msgs) StdoutLine: {'line': b'-- Up-to-date symlink: /home/carlos/ros2_ws/install/px4_msgs/include/px4_msgs/px4_msgs/msg/detail/goto_setpoint__rosidl_typesupport_fastrtps_c.h\n'}
[2.625913] (px4_msgs) StdoutLine: {'line': b'-- Up-to-date symlink: /home/carlos/ros2_ws/install/px4_msgs/include/px4_msgs/px4_msgs/msg/detail/gpio_config__rosidl_typesupport_fastrtps_c.h\n'}
[2.625996] (px4_msgs) StdoutLine: {'line': b'-- Up-to-date symlink: /home/carlos/ros2_ws/install/px4_msgs/include/px4_msgs/px4_msgs/msg/detail/gpio_in__rosidl_typesupport_fastrtps_c.h\n'}
[2.626090] (px4_msgs) StdoutLine: {'line': b'-- Up-to-date symlink: /home/carlos/ros2_ws/install/px4_msgs/include/px4_msgs/px4_msgs/msg/detail/gpio_out__rosidl_typesupport_fastrtps_c.h\n'}
[2.626173] (px4_msgs) StdoutLine: {'line': b'-- Up-to-date symlink: /home/carlos/ros2_ws/install/px4_msgs/include/px4_msgs/px4_msgs/msg/detail/gpio_request__rosidl_typesupport_fastrtps_c.h\n'}
[2.626255] (px4_msgs) StdoutLine: {'line': b'-- Up-to-date symlink: /home/carlos/ros2_ws/install/px4_msgs/include/px4_msgs/px4_msgs/msg/detail/gps_dump__rosidl_typesupport_fastrtps_c.h\n'}
[2.626338] (px4_msgs) StdoutLine: {'line': b'-- Up-to-date symlink: /home/carlos/ros2_ws/install/px4_msgs/include/px4_msgs/px4_msgs/msg/detail/gps_inject_data__rosidl_typesupport_fastrtps_c.h\n'}
[2.626420] (px4_msgs) StdoutLine: {'line': b'-- Up-to-date symlink: /home/carlos/ros2_ws/install/px4_msgs/include/px4_msgs/px4_msgs/msg/detail/gripper__rosidl_typesupport_fastrtps_c.h\n'}
[2.626510] (px4_msgs) StdoutLine: {'line': b'-- Up-to-date symlink: /home/carlos/ros2_ws/install/px4_msgs/include/px4_msgs/px4_msgs/msg/detail/health_report__rosidl_typesupport_fastrtps_c.h\n'}
[2.626647] (px4_msgs) StdoutLine: {'line': b'-- Up-to-date symlink: /home/carlos/ros2_ws/install/px4_msgs/include/px4_msgs/px4_msgs/msg/detail/heater_status__rosidl_typesupport_fastrtps_c.h\n'}
[2.626740] (px4_msgs) StdoutLine: {'line': b'-- Up-to-date symlink: /home/carlos/ros2_ws/install/px4_msgs/include/px4_msgs/px4_msgs/msg/detail/home_position__rosidl_typesupport_fastrtps_c.h\n'}
[2.626828] (px4_msgs) StdoutLine: {'line': b'-- Up-to-date symlink: /home/carlos/ros2_ws/install/px4_msgs/include/px4_msgs/px4_msgs/msg/detail/hover_thrust_estimate__rosidl_typesupport_fastrtps_c.h\n'}
[2.626914] (px4_msgs) StdoutLine: {'line': b'-- Up-to-date symlink: /home/carlos/ros2_ws/install/px4_msgs/include/px4_msgs/px4_msgs/msg/detail/input_rc__rosidl_typesupport_fastrtps_c.h\n'}
[2.627006] (px4_msgs) StdoutLine: {'line': b'-- Up-to-date symlink: /home/carlos/ros2_ws/install/px4_msgs/include/px4_msgs/px4_msgs/msg/detail/internal_combustion_engine_control__rosidl_typesupport_fastrtps_c.h\n'}
[2.627098] (px4_msgs) StdoutLine: {'line': b'-- Up-to-date symlink: /home/carlos/ros2_ws/install/px4_msgs/include/px4_msgs/px4_msgs/msg/detail/internal_combustion_engine_status__rosidl_typesupport_fastrtps_c.h\n'}
[2.627174] (px4_msgs) StdoutLine: {'line': b'-- Up-to-date symlink: /home/carlos/ros2_ws/install/px4_msgs/include/px4_msgs/px4_msgs/msg/detail/iridiumsbd_status__rosidl_typesupport_fastrtps_c.h\n'}
[2.627233] (px4_msgs) StdoutLine: {'line': b'-- Up-to-date symlink: /home/carlos/ros2_ws/install/px4_msgs/include/px4_msgs/px4_msgs/msg/detail/irlock_report__rosidl_typesupport_fastrtps_c.h\n'}
[2.627320] (px4_msgs) StdoutLine: {'line': b'-- Up-to-date symlink: /home/carlos/ros2_ws/install/px4_msgs/include/px4_msgs/px4_msgs/msg/detail/landing_gear__rosidl_typesupport_fastrtps_c.h\n'}
[2.627434] (px4_msgs) StdoutLine: {'line': b'-- Up-to-date symlink: /home/carlos/ros2_ws/install/px4_msgs/include/px4_msgs/px4_msgs/msg/detail/landing_gear_wheel__rosidl_typesupport_fastrtps_c.h\n'}
[2.627518] (px4_msgs) StdoutLine: {'line': b'-- Up-to-date symlink: /home/carlos/ros2_ws/install/px4_msgs/include/px4_msgs/px4_msgs/msg/detail/landing_target_innovations__rosidl_typesupport_fastrtps_c.h\n'}
[2.627602] (px4_msgs) StdoutLine: {'line': b'-- Up-to-date symlink: /home/carlos/ros2_ws/install/px4_msgs/include/px4_msgs/px4_msgs/msg/detail/landing_target_pose__rosidl_typesupport_fastrtps_c.h\n'}
[2.627687] (px4_msgs) StdoutLine: {'line': b'-- Up-to-date symlink: /home/carlos/ros2_ws/install/px4_msgs/include/px4_msgs/px4_msgs/msg/detail/lateral_control_configuration__rosidl_typesupport_fastrtps_c.h\n'}
[2.627750] (px4_msgs) StdoutLine: {'line': b'-- Up-to-date symlink: /home/carlos/ros2_ws/install/px4_msgs/include/px4_msgs/px4_msgs/msg/detail/launch_detection_status__rosidl_typesupport_fastrtps_c.h\n'}
[2.627834] (px4_msgs) StdoutLine: {'line': b'-- Up-to-date symlink: /home/carlos/ros2_ws/install/px4_msgs/include/px4_msgs/px4_msgs/msg/detail/led_control__rosidl_typesupport_fastrtps_c.h\n'}
[2.627919] (px4_msgs) StdoutLine: {'line': b'-- Up-to-date symlink: /home/carlos/ros2_ws/install/px4_msgs/include/px4_msgs/px4_msgs/msg/detail/log_message__rosidl_typesupport_fastrtps_c.h\n'}
[2.628010] (px4_msgs) StdoutLine: {'line': b'-- Up-to-date symlink: /home/carlos/ros2_ws/install/px4_msgs/include/px4_msgs/px4_msgs/msg/detail/logger_status__rosidl_typesupport_fastrtps_c.h\n'}
[2.628087] (px4_msgs) StdoutLine: {'line': b'-- Up-to-date symlink: /home/carlos/ros2_ws/install/px4_msgs/include/px4_msgs/px4_msgs/msg/detail/longitudinal_control_configuration__rosidl_typesupport_fastrtps_c.h\n'}
[2.628167] (px4_msgs) StdoutLine: {'line': b'-- Up-to-date symlink: /home/carlos/ros2_ws/install/px4_msgs/include/px4_msgs/px4_msgs/msg/detail/mag_worker_data__rosidl_typesupport_fastrtps_c.h\n'}
[2.628249] (px4_msgs) StdoutLine: {'line': b'-- Up-to-date symlink: /home/carlos/ros2_ws/install/px4_msgs/include/px4_msgs/px4_msgs/msg/detail/magnetometer_bias_estimate__rosidl_typesupport_fastrtps_c.h\n'}
[2.628333] (px4_msgs) StdoutLine: {'line': b'-- Up-to-date symlink: /home/carlos/ros2_ws/install/px4_msgs/include/px4_msgs/px4_msgs/msg/detail/manual_control_setpoint__rosidl_typesupport_fastrtps_c.h\n'}
[2.628414] (px4_msgs) StdoutLine: {'line': b'-- Up-to-date symlink: /home/carlos/ros2_ws/install/px4_msgs/include/px4_msgs/px4_msgs/msg/detail/manual_control_switches__rosidl_typesupport_fastrtps_c.h\n'}
[2.628496] (px4_msgs) StdoutLine: {'line': b'-- Up-to-date symlink: /home/carlos/ros2_ws/install/px4_msgs/include/px4_msgs/px4_msgs/msg/detail/mavlink_log__rosidl_typesupport_fastrtps_c.h\n'}
[2.628579] (px4_msgs) StdoutLine: {'line': b'-- Up-to-date symlink: /home/carlos/ros2_ws/install/px4_msgs/include/px4_msgs/px4_msgs/msg/detail/mavlink_tunnel__rosidl_typesupport_fastrtps_c.h\n'}
[2.628661] (px4_msgs) StdoutLine: {'line': b'-- Up-to-date symlink: /home/carlos/ros2_ws/install/px4_msgs/include/px4_msgs/px4_msgs/msg/detail/message_format_request__rosidl_typesupport_fastrtps_c.h\n'}
[2.628744] (px4_msgs) StdoutLine: {'line': b'-- Up-to-date symlink: /home/carlos/ros2_ws/install/px4_msgs/include/px4_msgs/px4_msgs/msg/detail/message_format_response__rosidl_typesupport_fastrtps_c.h\n'}
[2.628826] (px4_msgs) StdoutLine: {'line': b'-- Up-to-date symlink: /home/carlos/ros2_ws/install/px4_msgs/include/px4_msgs/px4_msgs/msg/detail/mission__rosidl_typesupport_fastrtps_c.h\n'}
[2.628912] (px4_msgs) StdoutLine: {'line': b'-- Up-to-date symlink: /home/carlos/ros2_ws/install/px4_msgs/include/px4_msgs/px4_msgs/msg/detail/mission_result__rosidl_typesupport_fastrtps_c.h\n'}
[2.628994] (px4_msgs) StdoutLine: {'line': b'-- Up-to-date symlink: /home/carlos/ros2_ws/install/px4_msgs/include/px4_msgs/px4_msgs/msg/detail/mode_completed__rosidl_typesupport_fastrtps_c.h\n'}
[2.629086] (px4_msgs) StdoutLine: {'line': b'-- Up-to-date symlink: /home/carlos/ros2_ws/install/px4_msgs/include/px4_msgs/px4_msgs/msg/detail/mount_orientation__rosidl_typesupport_fastrtps_c.h\n'}
[2.629175] (px4_msgs) StdoutLine: {'line': b'-- Up-to-date symlink: /home/carlos/ros2_ws/install/px4_msgs/include/px4_msgs/px4_msgs/msg/detail/navigator_mission_item__rosidl_typesupport_fastrtps_c.h\n'}
[2.629258] (px4_msgs) StdoutLine: {'line': b'-- Up-to-date symlink: /home/carlos/ros2_ws/install/px4_msgs/include/px4_msgs/px4_msgs/msg/detail/navigator_status__rosidl_typesupport_fastrtps_c.h\n'}
[2.629340] (px4_msgs) StdoutLine: {'line': b'-- Up-to-date symlink: /home/carlos/ros2_ws/install/px4_msgs/include/px4_msgs/px4_msgs/msg/detail/neural_control__rosidl_typesupport_fastrtps_c.h\n'}
[2.629428] (px4_msgs) StdoutLine: {'line': b'-- Up-to-date symlink: /home/carlos/ros2_ws/install/px4_msgs/include/px4_msgs/px4_msgs/msg/detail/normalized_unsigned_setpoint__rosidl_typesupport_fastrtps_c.h\n'}
[2.629511] (px4_msgs) StdoutLine: {'line': b'-- Up-to-date symlink: /home/carlos/ros2_ws/install/px4_msgs/include/px4_msgs/px4_msgs/msg/detail/obstacle_distance__rosidl_typesupport_fastrtps_c.h\n'}
[2.629594] (px4_msgs) StdoutLine: {'line': b'-- Up-to-date symlink: /home/carlos/ros2_ws/install/px4_msgs/include/px4_msgs/px4_msgs/msg/detail/offboard_control_mode__rosidl_typesupport_fastrtps_c.h\n'}
[2.629676] (px4_msgs) StdoutLine: {'line': b'-- Up-to-date symlink: /home/carlos/ros2_ws/install/px4_msgs/include/px4_msgs/px4_msgs/msg/detail/onboard_computer_status__rosidl_typesupport_fastrtps_c.h\n'}
[2.629757] (px4_msgs) StdoutLine: {'line': b'-- Up-to-date symlink: /home/carlos/ros2_ws/install/px4_msgs/include/px4_msgs/px4_msgs/msg/detail/open_drone_id_arm_status__rosidl_typesupport_fastrtps_c.h\n'}
[2.629839] (px4_msgs) StdoutLine: {'line': b'-- Up-to-date symlink: /home/carlos/ros2_ws/install/px4_msgs/include/px4_msgs/px4_msgs/msg/detail/open_drone_id_operator_id__rosidl_typesupport_fastrtps_c.h\n'}
[2.629920] (px4_msgs) StdoutLine: {'line': b'-- Up-to-date symlink: /home/carlos/ros2_ws/install/px4_msgs/include/px4_msgs/px4_msgs/msg/detail/open_drone_id_self_id__rosidl_typesupport_fastrtps_c.h\n'}
[2.630002] (px4_msgs) StdoutLine: {'line': b'-- Up-to-date symlink: /home/carlos/ros2_ws/install/px4_msgs/include/px4_msgs/px4_msgs/msg/detail/open_drone_id_system__rosidl_typesupport_fastrtps_c.h\n'}
[2.630100] (px4_msgs) StdoutLine: {'line': b'-- Up-to-date symlink: /home/carlos/ros2_ws/install/px4_msgs/include/px4_msgs/px4_msgs/msg/detail/orb_test__rosidl_typesupport_fastrtps_c.h\n'}
[2.630186] (px4_msgs) StdoutLine: {'line': b'-- Up-to-date symlink: /home/carlos/ros2_ws/install/px4_msgs/include/px4_msgs/px4_msgs/msg/detail/orb_test_large__rosidl_typesupport_fastrtps_c.h\n'}
[2.630269] (px4_msgs) StdoutLine: {'line': b'-- Up-to-date symlink: /home/carlos/ros2_ws/install/px4_msgs/include/px4_msgs/px4_msgs/msg/detail/orb_test_medium__rosidl_typesupport_fastrtps_c.h\n'}
[2.630351] (px4_msgs) StdoutLine: {'line': b'-- Up-to-date symlink: /home/carlos/ros2_ws/install/px4_msgs/include/px4_msgs/px4_msgs/msg/detail/orbit_status__rosidl_typesupport_fastrtps_c.h\n'}
[2.630434] (px4_msgs) StdoutLine: {'line': b'-- Up-to-date symlink: /home/carlos/ros2_ws/install/px4_msgs/include/px4_msgs/px4_msgs/msg/detail/parameter_reset_request__rosidl_typesupport_fastrtps_c.h\n'}
[2.630517] (px4_msgs) StdoutLine: {'line': b'-- Up-to-date symlink: /home/carlos/ros2_ws/install/px4_msgs/include/px4_msgs/px4_msgs/msg/detail/parameter_set_used_request__rosidl_typesupport_fastrtps_c.h\n'}
[2.630599] (px4_msgs) StdoutLine: {'line': b'-- Up-to-date symlink: /home/carlos/ros2_ws/install/px4_msgs/include/px4_msgs/px4_msgs/msg/detail/parameter_set_value_request__rosidl_typesupport_fastrtps_c.h\n'}
[2.630682] (px4_msgs) StdoutLine: {'line': b'-- Up-to-date symlink: /home/carlos/ros2_ws/install/px4_msgs/include/px4_msgs/px4_msgs/msg/detail/parameter_set_value_response__rosidl_typesupport_fastrtps_c.h\n'}
[2.630765] (px4_msgs) StdoutLine: {'line': b'-- Up-to-date symlink: /home/carlos/ros2_ws/install/px4_msgs/include/px4_msgs/px4_msgs/msg/detail/parameter_update__rosidl_typesupport_fastrtps_c.h\n'}
[2.630848] (px4_msgs) StdoutLine: {'line': b'-- Up-to-date symlink: /home/carlos/ros2_ws/install/px4_msgs/include/px4_msgs/px4_msgs/msg/detail/ping__rosidl_typesupport_fastrtps_c.h\n'}
[2.630931] (px4_msgs) StdoutLine: {'line': b'-- Up-to-date symlink: /home/carlos/ros2_ws/install/px4_msgs/include/px4_msgs/px4_msgs/msg/detail/position_controller_landing_status__rosidl_typesupport_fastrtps_c.h\n'}
[2.631013] (px4_msgs) StdoutLine: {'line': b'-- Up-to-date symlink: /home/carlos/ros2_ws/install/px4_msgs/include/px4_msgs/px4_msgs/msg/detail/position_controller_status__rosidl_typesupport_fastrtps_c.h\n'}
[2.631104] (px4_msgs) StdoutLine: {'line': b'-- Up-to-date symlink: /home/carlos/ros2_ws/install/px4_msgs/include/px4_msgs/px4_msgs/msg/detail/position_setpoint__rosidl_typesupport_fastrtps_c.h\n'}
[2.631188] (px4_msgs) StdoutLine: {'line': b'-- Up-to-date symlink: /home/carlos/ros2_ws/install/px4_msgs/include/px4_msgs/px4_msgs/msg/detail/position_setpoint_triplet__rosidl_typesupport_fastrtps_c.h\n'}
[2.631270] (px4_msgs) StdoutLine: {'line': b'-- Up-to-date symlink: /home/carlos/ros2_ws/install/px4_msgs/include/px4_msgs/px4_msgs/msg/detail/power_button_state__rosidl_typesupport_fastrtps_c.h\n'}
[2.631348] (px4_msgs) StdoutLine: {'line': b'-- Up-to-date symlink: /home/carlos/ros2_ws/install/px4_msgs/include/px4_msgs/px4_msgs/msg/detail/power_monitor__rosidl_typesupport_fastrtps_c.h\n'}
[2.631430] (px4_msgs) StdoutLine: {'line': b'-- Up-to-date symlink: /home/carlos/ros2_ws/install/px4_msgs/include/px4_msgs/px4_msgs/msg/detail/pps_capture__rosidl_typesupport_fastrtps_c.h\n'}
[2.631512] (px4_msgs) StdoutLine: {'line': b'-- Up-to-date symlink: /home/carlos/ros2_ws/install/px4_msgs/include/px4_msgs/px4_msgs/msg/detail/pure_pursuit_status__rosidl_typesupport_fastrtps_c.h\n'}
[2.631594] (px4_msgs) StdoutLine: {'line': b'-- Up-to-date symlink: /home/carlos/ros2_ws/install/px4_msgs/include/px4_msgs/px4_msgs/msg/detail/pwm_input__rosidl_typesupport_fastrtps_c.h\n'}
[2.631678] (px4_msgs) StdoutLine: {'line': b'-- Up-to-date symlink: /home/carlos/ros2_ws/install/px4_msgs/include/px4_msgs/px4_msgs/msg/detail/px4io_status__rosidl_typesupport_fastrtps_c.h\n'}
[2.631760] (px4_msgs) StdoutLine: {'line': b'-- Up-to-date symlink: /home/carlos/ros2_ws/install/px4_msgs/include/px4_msgs/px4_msgs/msg/detail/qshell_req__rosidl_typesupport_fastrtps_c.h\n'}
[2.631842] (px4_msgs) StdoutLine: {'line': b'-- Up-to-date symlink: /home/carlos/ros2_ws/install/px4_msgs/include/px4_msgs/px4_msgs/msg/detail/qshell_retval__rosidl_typesupport_fastrtps_c.h\n'}
[2.631926] (px4_msgs) StdoutLine: {'line': b'-- Up-to-date symlink: /home/carlos/ros2_ws/install/px4_msgs/include/px4_msgs/px4_msgs/msg/detail/radio_status__rosidl_typesupport_fastrtps_c.h\n'}
[2.632008] (px4_msgs) StdoutLine: {'line': b'-- Up-to-date symlink: /home/carlos/ros2_ws/install/px4_msgs/include/px4_msgs/px4_msgs/msg/detail/rate_ctrl_status__rosidl_typesupport_fastrtps_c.h\n'}
[2.632099] (px4_msgs) StdoutLine: {'line': b'-- Up-to-date symlink: /home/carlos/ros2_ws/install/px4_msgs/include/px4_msgs/px4_msgs/msg/detail/rc_channels__rosidl_typesupport_fastrtps_c.h\n'}
[2.632187] (px4_msgs) StdoutLine: {'line': b'-- Up-to-date symlink: /home/carlos/ros2_ws/install/px4_msgs/include/px4_msgs/px4_msgs/msg/detail/rc_parameter_map__rosidl_typesupport_fastrtps_c.h\n'}
[2.632271] (px4_msgs) StdoutLine: {'line': b'-- Up-to-date symlink: /home/carlos/ros2_ws/install/px4_msgs/include/px4_msgs/px4_msgs/msg/detail/register_ext_component_reply__rosidl_typesupport_fastrtps_c.h\n'}
[2.632353] (px4_msgs) StdoutLine: {'line': b'-- Up-to-date symlink: /home/carlos/ros2_ws/install/px4_msgs/include/px4_msgs/px4_msgs/msg/detail/register_ext_component_request__rosidl_typesupport_fastrtps_c.h\n'}
[2.632435] (px4_msgs) StdoutLine: {'line': b'-- Up-to-date symlink: /home/carlos/ros2_ws/install/px4_msgs/include/px4_msgs/px4_msgs/msg/detail/rover_attitude_setpoint__rosidl_typesupport_fastrtps_c.h\n'}
[2.632523] (px4_msgs) StdoutLine: {'line': b'-- Up-to-date symlink: /home/carlos/ros2_ws/install/px4_msgs/include/px4_msgs/px4_msgs/msg/detail/rover_attitude_status__rosidl_typesupport_fastrtps_c.h\n'}
[2.632605] (px4_msgs) StdoutLine: {'line': b'-- Up-to-date symlink: /home/carlos/ros2_ws/install/px4_msgs/include/px4_msgs/px4_msgs/msg/detail/rover_position_setpoint__rosidl_typesupport_fastrtps_c.h\n'}
[2.632688] (px4_msgs) StdoutLine: {'line': b'-- Up-to-date symlink: /home/carlos/ros2_ws/install/px4_msgs/include/px4_msgs/px4_msgs/msg/detail/rover_rate_setpoint__rosidl_typesupport_fastrtps_c.h\n'}
[2.632774] (px4_msgs) StdoutLine: {'line': b'-- Up-to-date symlink: /home/carlos/ros2_ws/install/px4_msgs/include/px4_msgs/px4_msgs/msg/detail/rover_rate_status__rosidl_typesupport_fastrtps_c.h\n'}
[2.632855] (px4_msgs) StdoutLine: {'line': b'-- Up-to-date symlink: /home/carlos/ros2_ws/install/px4_msgs/include/px4_msgs/px4_msgs/msg/detail/rover_speed_setpoint__rosidl_typesupport_fastrtps_c.h\n'}
[2.632939] (px4_msgs) StdoutLine: {'line': b'-- Up-to-date symlink: /home/carlos/ros2_ws/install/px4_msgs/include/px4_msgs/px4_msgs/msg/detail/rover_speed_status__rosidl_typesupport_fastrtps_c.h\n'}
[2.633021] (px4_msgs) StdoutLine: {'line': b'-- Up-to-date symlink: /home/carlos/ros2_ws/install/px4_msgs/include/px4_msgs/px4_msgs/msg/detail/rover_steering_setpoint__rosidl_typesupport_fastrtps_c.h\n'}
[2.633111] (px4_msgs) StdoutLine: {'line': b'-- Up-to-date symlink: /home/carlos/ros2_ws/install/px4_msgs/include/px4_msgs/px4_msgs/msg/detail/rover_throttle_setpoint__rosidl_typesupport_fastrtps_c.h\n'}
[2.633194] (px4_msgs) StdoutLine: {'line': b'-- Up-to-date symlink: /home/carlos/ros2_ws/install/px4_msgs/include/px4_msgs/px4_msgs/msg/detail/rpm__rosidl_typesupport_fastrtps_c.h\n'}
[2.633276] (px4_msgs) StdoutLine: {'line': b'-- Up-to-date symlink: /home/carlos/ros2_ws/install/px4_msgs/include/px4_msgs/px4_msgs/msg/detail/rtl_status__rosidl_typesupport_fastrtps_c.h\n'}
[2.633358] (px4_msgs) StdoutLine: {'line': b'-- Up-to-date symlink: /home/carlos/ros2_ws/install/px4_msgs/include/px4_msgs/px4_msgs/msg/detail/rtl_time_estimate__rosidl_typesupport_fastrtps_c.h\n'}
[2.633441] (px4_msgs) StdoutLine: {'line': b'-- Up-to-date symlink: /home/carlos/ros2_ws/install/px4_msgs/include/px4_msgs/px4_msgs/msg/detail/satellite_info__rosidl_typesupport_fastrtps_c.h\n'}
[2.633522] (px4_msgs) StdoutLine: {'line': b'-- Up-to-date symlink: /home/carlos/ros2_ws/install/px4_msgs/include/px4_msgs/px4_msgs/msg/detail/sensor_accel__rosidl_typesupport_fastrtps_c.h\n'}
[2.633604] (px4_msgs) StdoutLine: {'line': b'-- Up-to-date symlink: /home/carlos/ros2_ws/install/px4_msgs/include/px4_msgs/px4_msgs/msg/detail/sensor_accel_fifo__rosidl_typesupport_fastrtps_c.h\n'}
[2.633687] (px4_msgs) StdoutLine: {'line': b'-- Up-to-date symlink: /home/carlos/ros2_ws/install/px4_msgs/include/px4_msgs/px4_msgs/msg/detail/sensor_airflow__rosidl_typesupport_fastrtps_c.h\n'}
[2.633763] (px4_msgs) StdoutLine: {'line': b'-- Up-to-date symlink: /home/carlos/ros2_ws/install/px4_msgs/include/px4_msgs/px4_msgs/msg/detail/sensor_baro__rosidl_typesupport_fastrtps_c.h\n'}
[2.633847] (px4_msgs) StdoutLine: {'line': b'-- Up-to-date symlink: /home/carlos/ros2_ws/install/px4_msgs/include/px4_msgs/px4_msgs/msg/detail/sensor_combined__rosidl_typesupport_fastrtps_c.h\n'}
[2.633929] (px4_msgs) StdoutLine: {'line': b'-- Up-to-date symlink: /home/carlos/ros2_ws/install/px4_msgs/include/px4_msgs/px4_msgs/msg/detail/sensor_correction__rosidl_typesupport_fastrtps_c.h\n'}
[2.634011] (px4_msgs) StdoutLine: {'line': b'-- Up-to-date symlink: /home/carlos/ros2_ws/install/px4_msgs/include/px4_msgs/px4_msgs/msg/detail/sensor_gnss_relative__rosidl_typesupport_fastrtps_c.h\n'}
[2.634100] (px4_msgs) StdoutLine: {'line': b'-- Up-to-date symlink: /home/carlos/ros2_ws/install/px4_msgs/include/px4_msgs/px4_msgs/msg/detail/sensor_gnss_status__rosidl_typesupport_fastrtps_c.h\n'}
[2.634185] (px4_msgs) StdoutLine: {'line': b'-- Up-to-date symlink: /home/carlos/ros2_ws/install/px4_msgs/include/px4_msgs/px4_msgs/msg/detail/sensor_gps__rosidl_typesupport_fastrtps_c.h\n'}
[2.634267] (px4_msgs) StdoutLine: {'line': b'-- Up-to-date symlink: /home/carlos/ros2_ws/install/px4_msgs/include/px4_msgs/px4_msgs/msg/detail/sensor_gyro__rosidl_typesupport_fastrtps_c.h\n'}
[2.634350] (px4_msgs) StdoutLine: {'line': b'-- Up-to-date symlink: /home/carlos/ros2_ws/install/px4_msgs/include/px4_msgs/px4_msgs/msg/detail/sensor_gyro_fft__rosidl_typesupport_fastrtps_c.h\n'}
[2.634432] (px4_msgs) StdoutLine: {'line': b'-- Up-to-date symlink: /home/carlos/ros2_ws/install/px4_msgs/include/px4_msgs/px4_msgs/msg/detail/sensor_gyro_fifo__rosidl_typesupport_fastrtps_c.h\n'}
[2.634514] (px4_msgs) StdoutLine: {'line': b'-- Up-to-date symlink: /home/carlos/ros2_ws/install/px4_msgs/include/px4_msgs/px4_msgs/msg/detail/sensor_hygrometer__rosidl_typesupport_fastrtps_c.h\n'}
[2.634597] (px4_msgs) StdoutLine: {'line': b'-- Up-to-date symlink: /home/carlos/ros2_ws/install/px4_msgs/include/px4_msgs/px4_msgs/msg/detail/sensor_mag__rosidl_typesupport_fastrtps_c.h\n'}
[2.634679] (px4_msgs) StdoutLine: {'line': b'-- Up-to-date symlink: /home/carlos/ros2_ws/install/px4_msgs/include/px4_msgs/px4_msgs/msg/detail/sensor_optical_flow__rosidl_typesupport_fastrtps_c.h\n'}
[2.634761] (px4_msgs) StdoutLine: {'line': b'-- Up-to-date symlink: /home/carlos/ros2_ws/install/px4_msgs/include/px4_msgs/px4_msgs/msg/detail/sensor_preflight_mag__rosidl_typesupport_fastrtps_c.h\n'}
[2.634849] (px4_msgs) StdoutLine: {'line': b'-- Up-to-date symlink: /home/carlos/ros2_ws/install/px4_msgs/include/px4_msgs/px4_msgs/msg/detail/sensor_selection__rosidl_typesupport_fastrtps_c.h\n'}
[2.634938] (px4_msgs) StdoutLine: {'line': b'-- Up-to-date symlink: /home/carlos/ros2_ws/install/px4_msgs/include/px4_msgs/px4_msgs/msg/detail/sensor_uwb__rosidl_typesupport_fastrtps_c.h\n'}
[2.635020] (px4_msgs) StdoutLine: {'line': b'-- Up-to-date symlink: /home/carlos/ros2_ws/install/px4_msgs/include/px4_msgs/px4_msgs/msg/detail/sensors_status__rosidl_typesupport_fastrtps_c.h\n'}
[2.635109] (px4_msgs) StdoutLine: {'line': b'-- Up-to-date symlink: /home/carlos/ros2_ws/install/px4_msgs/include/px4_msgs/px4_msgs/msg/detail/sensors_status_imu__rosidl_typesupport_fastrtps_c.h\n'}
[2.635193] (px4_msgs) StdoutLine: {'line': b'-- Up-to-date symlink: /home/carlos/ros2_ws/install/px4_msgs/include/px4_msgs/px4_msgs/msg/detail/system_power__rosidl_typesupport_fastrtps_c.h\n'}
[2.635275] (px4_msgs) StdoutLine: {'line': b'-- Up-to-date symlink: /home/carlos/ros2_ws/install/px4_msgs/include/px4_msgs/px4_msgs/msg/detail/takeoff_status__rosidl_typesupport_fastrtps_c.h\n'}
[2.635358] (px4_msgs) StdoutLine: {'line': b'-- Up-to-date symlink: /home/carlos/ros2_ws/install/px4_msgs/include/px4_msgs/px4_msgs/msg/detail/task_stack_info__rosidl_typesupport_fastrtps_c.h\n'}
[2.635439] (px4_msgs) StdoutLine: {'line': b'-- Up-to-date symlink: /home/carlos/ros2_ws/install/px4_msgs/include/px4_msgs/px4_msgs/msg/detail/tecs_status__rosidl_typesupport_fastrtps_c.h\n'}
[2.635554] (px4_msgs) StdoutLine: {'line': b'-- Up-to-date symlink: /home/carlos/ros2_ws/install/px4_msgs/include/px4_msgs/px4_msgs/msg/detail/telemetry_status__rosidl_typesupport_fastrtps_c.h\n'}
[2.635638] (px4_msgs) StdoutLine: {'line': b'-- Up-to-date symlink: /home/carlos/ros2_ws/install/px4_msgs/include/px4_msgs/px4_msgs/msg/detail/tiltrotor_extra_controls__rosidl_typesupport_fastrtps_c.h\n'}
[2.635723] (px4_msgs) StdoutLine: {'line': b'-- Up-to-date symlink: /home/carlos/ros2_ws/install/px4_msgs/include/px4_msgs/px4_msgs/msg/detail/timesync_status__rosidl_typesupport_fastrtps_c.h\n'}
[2.635809] (px4_msgs) StdoutLine: {'line': b'-- Up-to-date symlink: /home/carlos/ros2_ws/install/px4_msgs/include/px4_msgs/px4_msgs/msg/detail/trajectory_setpoint6dof__rosidl_typesupport_fastrtps_c.h\n'}
[2.635894] (px4_msgs) StdoutLine: {'line': b'-- Up-to-date symlink: /home/carlos/ros2_ws/install/px4_msgs/include/px4_msgs/px4_msgs/msg/detail/trajectory_setpoint__rosidl_typesupport_fastrtps_c.h\n'}
[2.635978] (px4_msgs) StdoutLine: {'line': b'-- Up-to-date symlink: /home/carlos/ros2_ws/install/px4_msgs/include/px4_msgs/px4_msgs/msg/detail/transponder_report__rosidl_typesupport_fastrtps_c.h\n'}
[2.636063] (px4_msgs) StdoutLine: {'line': b'-- Up-to-date symlink: /home/carlos/ros2_ws/install/px4_msgs/include/px4_msgs/px4_msgs/msg/detail/tune_control__rosidl_typesupport_fastrtps_c.h\n'}
[2.636125] (px4_msgs) StdoutLine: {'line': b'-- Up-to-date symlink: /home/carlos/ros2_ws/install/px4_msgs/include/px4_msgs/px4_msgs/msg/detail/uavcan_parameter_request__rosidl_typesupport_fastrtps_c.h\n'}
[2.636202] (px4_msgs) StdoutLine: {'line': b'-- Up-to-date symlink: /home/carlos/ros2_ws/install/px4_msgs/include/px4_msgs/px4_msgs/msg/detail/uavcan_parameter_value__rosidl_typesupport_fastrtps_c.h\n'}
[2.636293] (px4_msgs) StdoutLine: {'line': b'-- Up-to-date symlink: /home/carlos/ros2_ws/install/px4_msgs/include/px4_msgs/px4_msgs/msg/detail/ulog_stream__rosidl_typesupport_fastrtps_c.h\n'}
[2.636401] (px4_msgs) StdoutLine: {'line': b'-- Up-to-date symlink: /home/carlos/ros2_ws/install/px4_msgs/include/px4_msgs/px4_msgs/msg/detail/ulog_stream_ack__rosidl_typesupport_fastrtps_c.h\n'}
[2.636485] (px4_msgs) StdoutLine: {'line': b'-- Up-to-date symlink: /home/carlos/ros2_ws/install/px4_msgs/include/px4_msgs/px4_msgs/msg/detail/unregister_ext_component__rosidl_typesupport_fastrtps_c.h\n'}
[2.636570] (px4_msgs) StdoutLine: {'line': b'-- Up-to-date symlink: /home/carlos/ros2_ws/install/px4_msgs/include/px4_msgs/px4_msgs/msg/detail/vehicle_acceleration__rosidl_typesupport_fastrtps_c.h\n'}
[2.636656] (px4_msgs) StdoutLine: {'line': b'-- Up-to-date symlink: /home/carlos/ros2_ws/install/px4_msgs/include/px4_msgs/px4_msgs/msg/detail/vehicle_air_data__rosidl_typesupport_fastrtps_c.h\n'}
[2.636741] (px4_msgs) StdoutLine: {'line': b'-- Up-to-date symlink: /home/carlos/ros2_ws/install/px4_msgs/include/px4_msgs/px4_msgs/msg/detail/vehicle_angular_acceleration_setpoint__rosidl_typesupport_fastrtps_c.h\n'}
[2.636825] (px4_msgs) StdoutLine: {'line': b'-- Up-to-date symlink: /home/carlos/ros2_ws/install/px4_msgs/include/px4_msgs/px4_msgs/msg/detail/vehicle_angular_velocity__rosidl_typesupport_fastrtps_c.h\n'}
[2.636911] (px4_msgs) StdoutLine: {'line': b'-- Up-to-date symlink: /home/carlos/ros2_ws/install/px4_msgs/include/px4_msgs/px4_msgs/msg/detail/vehicle_attitude__rosidl_typesupport_fastrtps_c.h\n'}
[2.636996] (px4_msgs) StdoutLine: {'line': b'-- Up-to-date symlink: /home/carlos/ros2_ws/install/px4_msgs/include/px4_msgs/px4_msgs/msg/detail/vehicle_attitude_setpoint__rosidl_typesupport_fastrtps_c.h\n'}
[2.637091] (px4_msgs) StdoutLine: {'line': b'-- Up-to-date symlink: /home/carlos/ros2_ws/install/px4_msgs/include/px4_msgs/px4_msgs/msg/detail/vehicle_command__rosidl_typesupport_fastrtps_c.h\n'}
[2.637151] (px4_msgs) StdoutLine: {'line': b'-- Up-to-date symlink: /home/carlos/ros2_ws/install/px4_msgs/include/px4_msgs/px4_msgs/msg/detail/vehicle_command_ack__rosidl_typesupport_fastrtps_c.h\n'}
[2.637233] (px4_msgs) StdoutLine: {'line': b'-- Up-to-date symlink: /home/carlos/ros2_ws/install/px4_msgs/include/px4_msgs/px4_msgs/msg/detail/vehicle_constraints__rosidl_typesupport_fastrtps_c.h\n'}
[2.637316] (px4_msgs) StdoutLine: {'line': b'-- Up-to-date symlink: /home/carlos/ros2_ws/install/px4_msgs/include/px4_msgs/px4_msgs/msg/detail/vehicle_control_mode__rosidl_typesupport_fastrtps_c.h\n'}
[2.637405] (px4_msgs) StdoutLine: {'line': b'-- Up-to-date symlink: /home/carlos/ros2_ws/install/px4_msgs/include/px4_msgs/px4_msgs/msg/detail/vehicle_global_position__rosidl_typesupport_fastrtps_c.h\n'}
[2.637487] (px4_msgs) StdoutLine: {'line': b'-- Up-to-date symlink: /home/carlos/ros2_ws/install/px4_msgs/include/px4_msgs/px4_msgs/msg/detail/vehicle_imu__rosidl_typesupport_fastrtps_c.h\n'}
[2.637577] (px4_msgs) StdoutLine: {'line': b'-- Up-to-date symlink: /home/carlos/ros2_ws/install/px4_msgs/include/px4_msgs/px4_msgs/msg/detail/vehicle_imu_status__rosidl_typesupport_fastrtps_c.h\n'}
[2.637661] (px4_msgs) StdoutLine: {'line': b'-- Up-to-date symlink: /home/carlos/ros2_ws/install/px4_msgs/include/px4_msgs/px4_msgs/msg/detail/vehicle_land_detected__rosidl_typesupport_fastrtps_c.h\n'}
[2.637746] (px4_msgs) StdoutLine: {'line': b'-- Up-to-date symlink: /home/carlos/ros2_ws/install/px4_msgs/include/px4_msgs/px4_msgs/msg/detail/vehicle_local_position__rosidl_typesupport_fastrtps_c.h\n'}
[2.637828] (px4_msgs) StdoutLine: {'line': b'-- Up-to-date symlink: /home/carlos/ros2_ws/install/px4_msgs/include/px4_msgs/px4_msgs/msg/detail/vehicle_local_position_setpoint__rosidl_typesupport_fastrtps_c.h\n'}
[2.637911] (px4_msgs) StdoutLine: {'line': b'-- Up-to-date symlink: /home/carlos/ros2_ws/install/px4_msgs/include/px4_msgs/px4_msgs/msg/detail/vehicle_magnetometer__rosidl_typesupport_fastrtps_c.h\n'}
[2.637995] (px4_msgs) StdoutLine: {'line': b'-- Up-to-date symlink: /home/carlos/ros2_ws/install/px4_msgs/include/px4_msgs/px4_msgs/msg/detail/vehicle_odometry__rosidl_typesupport_fastrtps_c.h\n'}
[2.638085] (px4_msgs) StdoutLine: {'line': b'-- Up-to-date symlink: /home/carlos/ros2_ws/install/px4_msgs/include/px4_msgs/px4_msgs/msg/detail/vehicle_optical_flow__rosidl_typesupport_fastrtps_c.h\n'}
[2.638168] (px4_msgs) StdoutLine: {'line': b'-- Up-to-date symlink: /home/carlos/ros2_ws/install/px4_msgs/include/px4_msgs/px4_msgs/msg/detail/vehicle_optical_flow_vel__rosidl_typesupport_fastrtps_c.h\n'}
[2.638250] (px4_msgs) StdoutLine: {'line': b'-- Up-to-date symlink: /home/carlos/ros2_ws/install/px4_msgs/include/px4_msgs/px4_msgs/msg/detail/vehicle_rates_setpoint__rosidl_typesupport_fastrtps_c.h\n'}
[2.638333] (px4_msgs) StdoutLine: {'line': b'-- Up-to-date symlink: /home/carlos/ros2_ws/install/px4_msgs/include/px4_msgs/px4_msgs/msg/detail/vehicle_roi__rosidl_typesupport_fastrtps_c.h\n'}
[2.638416] (px4_msgs) StdoutLine: {'line': b'-- Up-to-date symlink: /home/carlos/ros2_ws/install/px4_msgs/include/px4_msgs/px4_msgs/msg/detail/vehicle_status__rosidl_typesupport_fastrtps_c.h\n'}
[2.638499] (px4_msgs) StdoutLine: {'line': b'-- Up-to-date symlink: /home/carlos/ros2_ws/install/px4_msgs/include/px4_msgs/px4_msgs/msg/detail/vehicle_thrust_setpoint__rosidl_typesupport_fastrtps_c.h\n'}
[2.638575] (px4_msgs) StdoutLine: {'line': b'-- Up-to-date symlink: /home/carlos/ros2_ws/install/px4_msgs/include/px4_msgs/px4_msgs/msg/detail/vehicle_torque_setpoint__rosidl_typesupport_fastrtps_c.h\n'}
[2.638659] (px4_msgs) StdoutLine: {'line': b'-- Up-to-date symlink: /home/carlos/ros2_ws/install/px4_msgs/include/px4_msgs/px4_msgs/msg/detail/velocity_limits__rosidl_typesupport_fastrtps_c.h\n'}
[2.638741] (px4_msgs) StdoutLine: {'line': b'-- Up-to-date symlink: /home/carlos/ros2_ws/install/px4_msgs/include/px4_msgs/px4_msgs/msg/detail/vtol_vehicle_status__rosidl_typesupport_fastrtps_c.h\n'}
[2.638824] (px4_msgs) StdoutLine: {'line': b'-- Up-to-date symlink: /home/carlos/ros2_ws/install/px4_msgs/include/px4_msgs/px4_msgs/msg/detail/wheel_encoders__rosidl_typesupport_fastrtps_c.h\n'}
[2.638907] (px4_msgs) StdoutLine: {'line': b'-- Up-to-date symlink: /home/carlos/ros2_ws/install/px4_msgs/include/px4_msgs/px4_msgs/msg/detail/wind__rosidl_typesupport_fastrtps_c.h\n'}
[2.638989] (px4_msgs) StdoutLine: {'line': b'-- Up-to-date symlink: /home/carlos/ros2_ws/install/px4_msgs/include/px4_msgs/px4_msgs/msg/detail/yaw_estimator_status__rosidl_typesupport_fastrtps_c.h\n'}
[2.639076] (px4_msgs) StdoutLine: {'line': b'-- Up-to-date symlink: /home/carlos/ros2_ws/install/px4_msgs/include/px4_msgs/px4_msgs/msg/rosidl_typesupport_fastrtps_c__visibility_control.h\n'}
[2.639165] (px4_msgs) StdoutLine: {'line': b'-- Up-to-date symlink: /home/carlos/ros2_ws/install/px4_msgs/include/px4_msgs/px4_msgs/srv/detail/vehicle_command__rosidl_typesupport_fastrtps_c.h\n'}
[2.647216] (px4_msgs) StdoutLine: {'line': b'-- Up-to-date symlink: /home/carlos/ros2_ws/install/px4_msgs/include/px4_msgs/px4_msgs/msg/action_request.hpp\n'}
[2.647470] (px4_msgs) StdoutLine: {'line': b'-- Up-to-date symlink: /home/carlos/ros2_ws/install/px4_msgs/include/px4_msgs/px4_msgs/msg/actuator_armed.hpp\n'}
[2.647664] (px4_msgs) StdoutLine: {'line': b'-- Up-to-date symlink: /home/carlos/ros2_ws/install/px4_msgs/include/px4_msgs/px4_msgs/msg/actuator_controls_status.hpp\n'}
[2.647781] (px4_msgs) StdoutLine: {'line': b'-- Up-to-date symlink: /home/carlos/ros2_ws/install/px4_msgs/include/px4_msgs/px4_msgs/msg/actuator_motors.hpp\n'}
[2.647936] (px4_msgs) StdoutLine: {'line': b'-- Up-to-date symlink: /home/carlos/ros2_ws/install/px4_msgs/include/px4_msgs/px4_msgs/msg/actuator_outputs.hpp\n'}
[2.648121] (px4_msgs) StdoutLine: {'line': b'-- Up-to-date symlink: /home/carlos/ros2_ws/install/px4_msgs/include/px4_msgs/px4_msgs/msg/actuator_servos.hpp\n'}
[2.648187] (px4_msgs) StdoutLine: {'line': b'-- Up-to-date symlink: /home/carlos/ros2_ws/install/px4_msgs/include/px4_msgs/px4_msgs/msg/actuator_servos_trim.hpp\n'}
[2.648232] (px4_msgs) StdoutLine: {'line': b'-- Up-to-date symlink: /home/carlos/ros2_ws/install/px4_msgs/include/px4_msgs/px4_msgs/msg/actuator_test.hpp\n'}
[2.648282] (px4_msgs) StdoutLine: {'line': b'-- Up-to-date symlink: /home/carlos/ros2_ws/install/px4_msgs/include/px4_msgs/px4_msgs/msg/adc_report.hpp\n'}
[2.648333] (px4_msgs) StdoutLine: {'line': b'-- Up-to-date symlink: /home/carlos/ros2_ws/install/px4_msgs/include/px4_msgs/px4_msgs/msg/airspeed.hpp\n'}
[2.648375] (px4_msgs) StdoutLine: {'line': b'-- Up-to-date symlink: /home/carlos/ros2_ws/install/px4_msgs/include/px4_msgs/px4_msgs/msg/airspeed_validated.hpp\n'}
[2.648425] (px4_msgs) StdoutLine: {'line': b'-- Up-to-date symlink: /home/carlos/ros2_ws/install/px4_msgs/include/px4_msgs/px4_msgs/msg/airspeed_wind.hpp\n'}
[2.648465] (px4_msgs) StdoutLine: {'line': b'-- Up-to-date symlink: /home/carlos/ros2_ws/install/px4_msgs/include/px4_msgs/px4_msgs/msg/arming_check_reply.hpp\n'}
[2.648537] (px4_msgs) StdoutLine: {'line': b'-- Up-to-date symlink: /home/carlos/ros2_ws/install/px4_msgs/include/px4_msgs/px4_msgs/msg/arming_check_request.hpp\n'}
[2.648586] (px4_msgs) StdoutLine: {'line': b'-- Up-to-date symlink: /home/carlos/ros2_ws/install/px4_msgs/include/px4_msgs/px4_msgs/msg/autotune_attitude_control_status.hpp\n'}
[2.648629] (px4_msgs) StdoutLine: {'line': b'-- Up-to-date symlink: /home/carlos/ros2_ws/install/px4_msgs/include/px4_msgs/px4_msgs/msg/battery_info.hpp\n'}
[2.648673] (px4_msgs) StdoutLine: {'line': b'-- Up-to-date symlink: /home/carlos/ros2_ws/install/px4_msgs/include/px4_msgs/px4_msgs/msg/battery_status.hpp\n'}
[2.648732] (px4_msgs) StdoutLine: {'line': b'-- Up-to-date symlink: /home/carlos/ros2_ws/install/px4_msgs/include/px4_msgs/px4_msgs/msg/button_event.hpp\n'}
[2.648779] (px4_msgs) StdoutLine: {'line': b'-- Up-to-date symlink: /home/carlos/ros2_ws/install/px4_msgs/include/px4_msgs/px4_msgs/msg/camera_capture.hpp\n'}
[2.648823] (px4_msgs) StdoutLine: {'line': b'-- Up-to-date symlink: /home/carlos/ros2_ws/install/px4_msgs/include/px4_msgs/px4_msgs/msg/camera_status.hpp\n'}
[2.648878] (px4_msgs) StdoutLine: {'line': b'-- Up-to-date symlink: /home/carlos/ros2_ws/install/px4_msgs/include/px4_msgs/px4_msgs/msg/camera_trigger.hpp\n'}
[2.648923] (px4_msgs) StdoutLine: {'line': b'-- Up-to-date symlink: /home/carlos/ros2_ws/install/px4_msgs/include/px4_msgs/px4_msgs/msg/can_interface_status.hpp\n'}
[2.648982] (px4_msgs) StdoutLine: {'line': b'-- Up-to-date symlink: /home/carlos/ros2_ws/install/px4_msgs/include/px4_msgs/px4_msgs/msg/cellular_status.hpp\n'}
[2.649050] (px4_msgs) StdoutLine: {'line': b'-- Up-to-date symlink: /home/carlos/ros2_ws/install/px4_msgs/include/px4_msgs/px4_msgs/msg/collision_constraints.hpp\n'}
[2.649119] (px4_msgs) StdoutLine: {'line': b'-- Up-to-date symlink: /home/carlos/ros2_ws/install/px4_msgs/include/px4_msgs/px4_msgs/msg/config_overrides.hpp\n'}
[2.649178] (px4_msgs) StdoutLine: {'line': b'-- Up-to-date symlink: /home/carlos/ros2_ws/install/px4_msgs/include/px4_msgs/px4_msgs/msg/control_allocator_status.hpp\n'}
[2.649246] (px4_msgs) StdoutLine: {'line': b'-- Up-to-date symlink: /home/carlos/ros2_ws/install/px4_msgs/include/px4_msgs/px4_msgs/msg/cpuload.hpp\n'}
[2.649321] (px4_msgs) StdoutLine: {'line': b'-- Up-to-date symlink: /home/carlos/ros2_ws/install/px4_msgs/include/px4_msgs/px4_msgs/msg/dataman_request.hpp\n'}
[2.649399] (px4_msgs) StdoutLine: {'line': b'-- Up-to-date symlink: /home/carlos/ros2_ws/install/px4_msgs/include/px4_msgs/px4_msgs/msg/dataman_response.hpp\n'}
[2.649507] (px4_msgs) StdoutLine: {'line': b'-- Up-to-date symlink: /home/carlos/ros2_ws/install/px4_msgs/include/px4_msgs/px4_msgs/msg/debug_array.hpp\n'}
[2.649586] (px4_msgs) StdoutLine: {'line': b'-- Up-to-date symlink: /home/carlos/ros2_ws/install/px4_msgs/include/px4_msgs/px4_msgs/msg/debug_key_value.hpp\n'}
[2.649664] (px4_msgs) StdoutLine: {'line': b'-- Up-to-date symlink: /home/carlos/ros2_ws/install/px4_msgs/include/px4_msgs/px4_msgs/msg/debug_value.hpp\n'}
[2.649743] (px4_msgs) StdoutLine: {'line': b'-- Up-to-date symlink: /home/carlos/ros2_ws/install/px4_msgs/include/px4_msgs/px4_msgs/msg/debug_vect.hpp\n'}
[2.649826] (px4_msgs) StdoutLine: {'line': b'-- Up-to-date symlink: /home/carlos/ros2_ws/install/px4_msgs/include/px4_msgs/px4_msgs/msg/detail/action_request__builder.hpp\n'}
[2.649908] (px4_msgs) StdoutLine: {'line': b'-- Up-to-date symlink: /home/carlos/ros2_ws/install/px4_msgs/include/px4_msgs/px4_msgs/msg/detail/action_request__struct.hpp\n'}
[2.649990] (px4_msgs) StdoutLine: {'line': b'-- Up-to-date symlink: /home/carlos/ros2_ws/install/px4_msgs/include/px4_msgs/px4_msgs/msg/detail/action_request__traits.hpp\n'}
[2.650076] (px4_msgs) StdoutLine: {'line': b'-- Up-to-date symlink: /home/carlos/ros2_ws/install/px4_msgs/include/px4_msgs/px4_msgs/msg/detail/action_request__type_support.hpp\n'}
[2.650168] (px4_msgs) StdoutLine: {'line': b'-- Up-to-date symlink: /home/carlos/ros2_ws/install/px4_msgs/include/px4_msgs/px4_msgs/msg/detail/actuator_armed__builder.hpp\n'}
[2.650251] (px4_msgs) StdoutLine: {'line': b'-- Up-to-date symlink: /home/carlos/ros2_ws/install/px4_msgs/include/px4_msgs/px4_msgs/msg/detail/actuator_armed__struct.hpp\n'}
[2.650333] (px4_msgs) StdoutLine: {'line': b'-- Up-to-date symlink: /home/carlos/ros2_ws/install/px4_msgs/include/px4_msgs/px4_msgs/msg/detail/actuator_armed__traits.hpp\n'}
[2.650415] (px4_msgs) StdoutLine: {'line': b'-- Up-to-date symlink: /home/carlos/ros2_ws/install/px4_msgs/include/px4_msgs/px4_msgs/msg/detail/actuator_armed__type_support.hpp\n'}
[2.650484] (px4_msgs) StdoutLine: {'line': b'-- Up-to-date symlink: /home/carlos/ros2_ws/install/px4_msgs/include/px4_msgs/px4_msgs/msg/detail/actuator_controls_status__builder.hpp\n'}
[2.650558] (px4_msgs) StdoutLine: {'line': b'-- Up-to-date symlink: /home/carlos/ros2_ws/install/px4_msgs/include/px4_msgs/px4_msgs/msg/detail/actuator_controls_status__struct.hpp\n'}
[2.650639] (px4_msgs) StdoutLine: {'line': b'-- Up-to-date symlink: /home/carlos/ros2_ws/install/px4_msgs/include/px4_msgs/px4_msgs/msg/detail/actuator_controls_status__traits.hpp\n'}
[2.650721] (px4_msgs) StdoutLine: {'line': b'-- Up-to-date symlink: /home/carlos/ros2_ws/install/px4_msgs/include/px4_msgs/px4_msgs/msg/detail/actuator_controls_status__type_support.hpp\n'}
[2.650803] (px4_msgs) StdoutLine: {'line': b'-- Up-to-date symlink: /home/carlos/ros2_ws/install/px4_msgs/include/px4_msgs/px4_msgs/msg/detail/actuator_motors__builder.hpp\n'}
[2.650883] (px4_msgs) StdoutLine: {'line': b'-- Up-to-date symlink: /home/carlos/ros2_ws/install/px4_msgs/include/px4_msgs/px4_msgs/msg/detail/actuator_motors__struct.hpp\n'}
[2.650966] (px4_msgs) StdoutLine: {'line': b'-- Up-to-date symlink: /home/carlos/ros2_ws/install/px4_msgs/include/px4_msgs/px4_msgs/msg/detail/actuator_motors__traits.hpp\n'}
[2.651058] (px4_msgs) StdoutLine: {'line': b'-- Up-to-date symlink: /home/carlos/ros2_ws/install/px4_msgs/include/px4_msgs/px4_msgs/msg/detail/actuator_motors__type_support.hpp\n'}
[2.651143] (px4_msgs) StdoutLine: {'line': b'-- Up-to-date symlink: /home/carlos/ros2_ws/install/px4_msgs/include/px4_msgs/px4_msgs/msg/detail/actuator_outputs__builder.hpp\n'}
[2.651224] (px4_msgs) StdoutLine: {'line': b'-- Up-to-date symlink: /home/carlos/ros2_ws/install/px4_msgs/include/px4_msgs/px4_msgs/msg/detail/actuator_outputs__struct.hpp\n'}
[2.651306] (px4_msgs) StdoutLine: {'line': b'-- Up-to-date symlink: /home/carlos/ros2_ws/install/px4_msgs/include/px4_msgs/px4_msgs/msg/detail/actuator_outputs__traits.hpp\n'}
[2.651389] (px4_msgs) StdoutLine: {'line': b'-- Up-to-date symlink: /home/carlos/ros2_ws/install/px4_msgs/include/px4_msgs/px4_msgs/msg/detail/actuator_outputs__type_support.hpp\n'}
[2.651471] (px4_msgs) StdoutLine: {'line': b'-- Up-to-date symlink: /home/carlos/ros2_ws/install/px4_msgs/include/px4_msgs/px4_msgs/msg/detail/actuator_servos__builder.hpp\n'}
[2.651553] (px4_msgs) StdoutLine: {'line': b'-- Up-to-date symlink: /home/carlos/ros2_ws/install/px4_msgs/include/px4_msgs/px4_msgs/msg/detail/actuator_servos__struct.hpp\n'}
[2.651635] (px4_msgs) StdoutLine: {'line': b'-- Up-to-date symlink: /home/carlos/ros2_ws/install/px4_msgs/include/px4_msgs/px4_msgs/msg/detail/actuator_servos__traits.hpp\n'}
[2.651717] (px4_msgs) StdoutLine: {'line': b'-- Up-to-date symlink: /home/carlos/ros2_ws/install/px4_msgs/include/px4_msgs/px4_msgs/msg/detail/actuator_servos__type_support.hpp\n'}
[2.651799] (px4_msgs) StdoutLine: {'line': b'-- Up-to-date symlink: /home/carlos/ros2_ws/install/px4_msgs/include/px4_msgs/px4_msgs/msg/detail/actuator_servos_trim__builder.hpp\n'}
[2.651880] (px4_msgs) StdoutLine: {'line': b'-- Up-to-date symlink: /home/carlos/ros2_ws/install/px4_msgs/include/px4_msgs/px4_msgs/msg/detail/actuator_servos_trim__struct.hpp\n'}
[2.651965] (px4_msgs) StdoutLine: {'line': b'-- Up-to-date symlink: /home/carlos/ros2_ws/install/px4_msgs/include/px4_msgs/px4_msgs/msg/detail/actuator_servos_trim__traits.hpp\n'}
[2.652052] (px4_msgs) StdoutLine: {'line': b'-- Up-to-date symlink: /home/carlos/ros2_ws/install/px4_msgs/include/px4_msgs/px4_msgs/msg/detail/actuator_servos_trim__type_support.hpp\n'}
[2.652140] (px4_msgs) StdoutLine: {'line': b'-- Up-to-date symlink: /home/carlos/ros2_ws/install/px4_msgs/include/px4_msgs/px4_msgs/msg/detail/actuator_test__builder.hpp\n'}
[2.652222] (px4_msgs) StdoutLine: {'line': b'-- Up-to-date symlink: /home/carlos/ros2_ws/install/px4_msgs/include/px4_msgs/px4_msgs/msg/detail/actuator_test__struct.hpp\n'}
[2.652304] (px4_msgs) StdoutLine: {'line': b'-- Up-to-date symlink: /home/carlos/ros2_ws/install/px4_msgs/include/px4_msgs/px4_msgs/msg/detail/actuator_test__traits.hpp\n'}
[2.652385] (px4_msgs) StdoutLine: {'line': b'-- Up-to-date symlink: /home/carlos/ros2_ws/install/px4_msgs/include/px4_msgs/px4_msgs/msg/detail/actuator_test__type_support.hpp\n'}
[2.652468] (px4_msgs) StdoutLine: {'line': b'-- Up-to-date symlink: /home/carlos/ros2_ws/install/px4_msgs/include/px4_msgs/px4_msgs/msg/detail/adc_report__builder.hpp\n'}
[2.652549] (px4_msgs) StdoutLine: {'line': b'-- Up-to-date symlink: /home/carlos/ros2_ws/install/px4_msgs/include/px4_msgs/px4_msgs/msg/detail/adc_report__struct.hpp\n'}
[2.652631] (px4_msgs) StdoutLine: {'line': b'-- Up-to-date symlink: /home/carlos/ros2_ws/install/px4_msgs/include/px4_msgs/px4_msgs/msg/detail/adc_report__traits.hpp\n'}
[2.652714] (px4_msgs) StdoutLine: {'line': b'-- Up-to-date symlink: /home/carlos/ros2_ws/install/px4_msgs/include/px4_msgs/px4_msgs/msg/detail/adc_report__type_support.hpp\n'}
[2.652795] (px4_msgs) StdoutLine: {'line': b'-- Up-to-date symlink: /home/carlos/ros2_ws/install/px4_msgs/include/px4_msgs/px4_msgs/msg/detail/airspeed__builder.hpp\n'}
[2.652876] (px4_msgs) StdoutLine: {'line': b'-- Up-to-date symlink: /home/carlos/ros2_ws/install/px4_msgs/include/px4_msgs/px4_msgs/msg/detail/airspeed__struct.hpp\n'}
[2.652962] (px4_msgs) StdoutLine: {'line': b'-- Up-to-date symlink: /home/carlos/ros2_ws/install/px4_msgs/include/px4_msgs/px4_msgs/msg/detail/airspeed__traits.hpp\n'}
[2.653051] (px4_msgs) StdoutLine: {'line': b'-- Up-to-date symlink: /home/carlos/ros2_ws/install/px4_msgs/include/px4_msgs/px4_msgs/msg/detail/airspeed__type_support.hpp\n'}
[2.653134] (px4_msgs) StdoutLine: {'line': b'-- Up-to-date symlink: /home/carlos/ros2_ws/install/px4_msgs/include/px4_msgs/px4_msgs/msg/detail/airspeed_validated__builder.hpp\n'}
[2.653216] (px4_msgs) StdoutLine: {'line': b'-- Up-to-date symlink: /home/carlos/ros2_ws/install/px4_msgs/include/px4_msgs/px4_msgs/msg/detail/airspeed_validated__struct.hpp\n'}
[2.653298] (px4_msgs) StdoutLine: {'line': b'-- Up-to-date symlink: /home/carlos/ros2_ws/install/px4_msgs/include/px4_msgs/px4_msgs/msg/detail/airspeed_validated__traits.hpp\n'}
[2.653379] (px4_msgs) StdoutLine: {'line': b'-- Up-to-date symlink: /home/carlos/ros2_ws/install/px4_msgs/include/px4_msgs/px4_msgs/msg/detail/airspeed_validated__type_support.hpp\n'}
[2.653460] (px4_msgs) StdoutLine: {'line': b'-- Up-to-date symlink: /home/carlos/ros2_ws/install/px4_msgs/include/px4_msgs/px4_msgs/msg/detail/airspeed_wind__builder.hpp\n'}
[2.653542] (px4_msgs) StdoutLine: {'line': b'-- Up-to-date symlink: /home/carlos/ros2_ws/install/px4_msgs/include/px4_msgs/px4_msgs/msg/detail/airspeed_wind__struct.hpp\n'}
[2.653623] (px4_msgs) StdoutLine: {'line': b'-- Up-to-date symlink: /home/carlos/ros2_ws/install/px4_msgs/include/px4_msgs/px4_msgs/msg/detail/airspeed_wind__traits.hpp\n'}
[2.653705] (px4_msgs) StdoutLine: {'line': b'-- Up-to-date symlink: /home/carlos/ros2_ws/install/px4_msgs/include/px4_msgs/px4_msgs/msg/detail/airspeed_wind__type_support.hpp\n'}
[2.653786] (px4_msgs) StdoutLine: {'line': b'-- Up-to-date symlink: /home/carlos/ros2_ws/install/px4_msgs/include/px4_msgs/px4_msgs/msg/detail/arming_check_reply__builder.hpp\n'}
[2.653866] (px4_msgs) StdoutLine: {'line': b'-- Up-to-date symlink: /home/carlos/ros2_ws/install/px4_msgs/include/px4_msgs/px4_msgs/msg/detail/arming_check_reply__struct.hpp\n'}
[2.653947] (px4_msgs) StdoutLine: {'line': b'-- Up-to-date symlink: /home/carlos/ros2_ws/install/px4_msgs/include/px4_msgs/px4_msgs/msg/detail/arming_check_reply__traits.hpp\n'}
[2.654029] (px4_msgs) StdoutLine: {'line': b'-- Up-to-date symlink: /home/carlos/ros2_ws/install/px4_msgs/include/px4_msgs/px4_msgs/msg/detail/arming_check_reply__type_support.hpp\n'}
[2.654115] (px4_msgs) StdoutLine: {'line': b'-- Up-to-date symlink: /home/carlos/ros2_ws/install/px4_msgs/include/px4_msgs/px4_msgs/msg/detail/arming_check_request__builder.hpp\n'}
[2.654192] (px4_msgs) StdoutLine: {'line': b'-- Up-to-date symlink: /home/carlos/ros2_ws/install/px4_msgs/include/px4_msgs/px4_msgs/msg/detail/arming_check_request__struct.hpp\n'}
[2.654274] (px4_msgs) StdoutLine: {'line': b'-- Up-to-date symlink: /home/carlos/ros2_ws/install/px4_msgs/include/px4_msgs/px4_msgs/msg/detail/arming_check_request__traits.hpp\n'}
[2.654355] (px4_msgs) StdoutLine: {'line': b'-- Up-to-date symlink: /home/carlos/ros2_ws/install/px4_msgs/include/px4_msgs/px4_msgs/msg/detail/arming_check_request__type_support.hpp\n'}
[2.654438] (px4_msgs) StdoutLine: {'line': b'-- Up-to-date symlink: /home/carlos/ros2_ws/install/px4_msgs/include/px4_msgs/px4_msgs/msg/detail/autotune_attitude_control_status__builder.hpp\n'}
[2.654521] (px4_msgs) StdoutLine: {'line': b'-- Up-to-date symlink: /home/carlos/ros2_ws/install/px4_msgs/include/px4_msgs/px4_msgs/msg/detail/autotune_attitude_control_status__struct.hpp\n'}
[2.654603] (px4_msgs) StdoutLine: {'line': b'-- Up-to-date symlink: /home/carlos/ros2_ws/install/px4_msgs/include/px4_msgs/px4_msgs/msg/detail/autotune_attitude_control_status__traits.hpp\n'}
[2.654686] (px4_msgs) StdoutLine: {'line': b'-- Up-to-date symlink: /home/carlos/ros2_ws/install/px4_msgs/include/px4_msgs/px4_msgs/msg/detail/autotune_attitude_control_status__type_support.hpp\n'}
[2.654769] (px4_msgs) StdoutLine: {'line': b'-- Up-to-date symlink: /home/carlos/ros2_ws/install/px4_msgs/include/px4_msgs/px4_msgs/msg/detail/battery_info__builder.hpp\n'}
[2.654851] (px4_msgs) StdoutLine: {'line': b'-- Up-to-date symlink: /home/carlos/ros2_ws/install/px4_msgs/include/px4_msgs/px4_msgs/msg/detail/battery_info__struct.hpp\n'}
[2.654931] (px4_msgs) StdoutLine: {'line': b'-- Up-to-date symlink: /home/carlos/ros2_ws/install/px4_msgs/include/px4_msgs/px4_msgs/msg/detail/battery_info__traits.hpp\n'}
[2.655014] (px4_msgs) StdoutLine: {'line': b'-- Up-to-date symlink: /home/carlos/ros2_ws/install/px4_msgs/include/px4_msgs/px4_msgs/msg/detail/battery_info__type_support.hpp\n'}
[2.655177] (px4_msgs) StdoutLine: {'line': b'-- Up-to-date symlink: /home/carlos/ros2_ws/install/px4_msgs/include/px4_msgs/px4_msgs/msg/detail/battery_status__builder.hpp\n'}
[2.655320] (px4_msgs) StdoutLine: {'line': b'-- Up-to-date symlink: /home/carlos/ros2_ws/install/px4_msgs/include/px4_msgs/px4_msgs/msg/detail/battery_status__struct.hpp\n'}
[2.655464] (px4_msgs) StdoutLine: {'line': b'-- Up-to-date symlink: /home/carlos/ros2_ws/install/px4_msgs/include/px4_msgs/px4_msgs/msg/detail/battery_status__traits.hpp\n'}
[2.655593] (px4_msgs) StdoutLine: {'line': b'-- Up-to-date symlink: /home/carlos/ros2_ws/install/px4_msgs/include/px4_msgs/px4_msgs/msg/detail/battery_status__type_support.hpp\n'}
[2.655707] (px4_msgs) StdoutLine: {'line': b'-- Up-to-date symlink: /home/carlos/ros2_ws/install/px4_msgs/include/px4_msgs/px4_msgs/msg/detail/button_event__builder.hpp\n'}
[2.655830] (px4_msgs) StdoutLine: {'line': b'-- Up-to-date symlink: /home/carlos/ros2_ws/install/px4_msgs/include/px4_msgs/px4_msgs/msg/detail/button_event__struct.hpp\n'}
[2.655969] (px4_msgs) StdoutLine: {'line': b'-- Up-to-date symlink: /home/carlos/ros2_ws/install/px4_msgs/include/px4_msgs/px4_msgs/msg/detail/button_event__traits.hpp\n'}
[2.656110] (px4_msgs) StdoutLine: {'line': b'-- Up-to-date symlink: /home/carlos/ros2_ws/install/px4_msgs/include/px4_msgs/px4_msgs/msg/detail/button_event__type_support.hpp\n'}
[2.656236] (px4_msgs) StdoutLine: {'line': b'-- Up-to-date symlink: /home/carlos/ros2_ws/install/px4_msgs/include/px4_msgs/px4_msgs/msg/detail/camera_capture__builder.hpp\n'}
[2.656352] (px4_msgs) StdoutLine: {'line': b'-- Up-to-date symlink: /home/carlos/ros2_ws/install/px4_msgs/include/px4_msgs/px4_msgs/msg/detail/camera_capture__struct.hpp\n'}
[2.656477] (px4_msgs) StdoutLine: {'line': b'-- Up-to-date symlink: /home/carlos/ros2_ws/install/px4_msgs/include/px4_msgs/px4_msgs/msg/detail/camera_capture__traits.hpp\n'}
[2.656521] (px4_msgs) StdoutLine: {'line': b'-- Up-to-date symlink: /home/carlos/ros2_ws/install/px4_msgs/include/px4_msgs/px4_msgs/msg/detail/camera_capture__type_support.hpp\n'}
[2.656566] (px4_msgs) StdoutLine: {'line': b'-- Up-to-date symlink: /home/carlos/ros2_ws/install/px4_msgs/include/px4_msgs/px4_msgs/msg/detail/camera_status__builder.hpp\n'}
[2.656607] (px4_msgs) StdoutLine: {'line': b'-- Up-to-date symlink: /home/carlos/ros2_ws/install/px4_msgs/include/px4_msgs/px4_msgs/msg/detail/camera_status__struct.hpp\n'}
[2.656661] (px4_msgs) StdoutLine: {'line': b'-- Up-to-date symlink: /home/carlos/ros2_ws/install/px4_msgs/include/px4_msgs/px4_msgs/msg/detail/camera_status__traits.hpp\n'}
[2.656704] (px4_msgs) StdoutLine: {'line': b'-- Up-to-date symlink: /home/carlos/ros2_ws/install/px4_msgs/include/px4_msgs/px4_msgs/msg/detail/camera_status__type_support.hpp\n'}
[2.656748] (px4_msgs) StdoutLine: {'line': b'-- Up-to-date symlink: /home/carlos/ros2_ws/install/px4_msgs/include/px4_msgs/px4_msgs/msg/detail/camera_trigger__builder.hpp\n'}
[2.656790] (px4_msgs) StdoutLine: {'line': b'-- Up-to-date symlink: /home/carlos/ros2_ws/install/px4_msgs/include/px4_msgs/px4_msgs/msg/detail/camera_trigger__struct.hpp\n'}
[2.656854] (px4_msgs) StdoutLine: {'line': b'-- Up-to-date symlink: /home/carlos/ros2_ws/install/px4_msgs/include/px4_msgs/px4_msgs/msg/detail/camera_trigger__traits.hpp\n'}
[2.656903] (px4_msgs) StdoutLine: {'line': b'-- Up-to-date symlink: /home/carlos/ros2_ws/install/px4_msgs/include/px4_msgs/px4_msgs/msg/detail/camera_trigger__type_support.hpp\n'}
[2.656952] (px4_msgs) StdoutLine: {'line': b'-- Up-to-date symlink: /home/carlos/ros2_ws/install/px4_msgs/include/px4_msgs/px4_msgs/msg/detail/can_interface_status__builder.hpp\n'}
[2.656995] (px4_msgs) StdoutLine: {'line': b'-- Up-to-date symlink: /home/carlos/ros2_ws/install/px4_msgs/include/px4_msgs/px4_msgs/msg/detail/can_interface_status__struct.hpp\n'}
[2.657038] (px4_msgs) StdoutLine: {'line': b'-- Up-to-date symlink: /home/carlos/ros2_ws/install/px4_msgs/include/px4_msgs/px4_msgs/msg/detail/can_interface_status__traits.hpp\n'}
[2.657116] (px4_msgs) StdoutLine: {'line': b'-- Up-to-date symlink: /home/carlos/ros2_ws/install/px4_msgs/include/px4_msgs/px4_msgs/msg/detail/can_interface_status__type_support.hpp\n'}
[2.657164] (px4_msgs) StdoutLine: {'line': b'-- Up-to-date symlink: /home/carlos/ros2_ws/install/px4_msgs/include/px4_msgs/px4_msgs/msg/detail/cellular_status__builder.hpp\n'}
[2.657224] (px4_msgs) StdoutLine: {'line': b'-- Up-to-date symlink: /home/carlos/ros2_ws/install/px4_msgs/include/px4_msgs/px4_msgs/msg/detail/cellular_status__struct.hpp\n'}
[2.657285] (px4_msgs) StdoutLine: {'line': b'-- Up-to-date symlink: /home/carlos/ros2_ws/install/px4_msgs/include/px4_msgs/px4_msgs/msg/detail/cellular_status__traits.hpp\n'}
[2.657365] (px4_msgs) StdoutLine: {'line': b'-- Up-to-date symlink: /home/carlos/ros2_ws/install/px4_msgs/include/px4_msgs/px4_msgs/msg/detail/cellular_status__type_support.hpp\n'}
[2.657469] (px4_msgs) StdoutLine: {'line': b'-- Up-to-date symlink: /home/carlos/ros2_ws/install/px4_msgs/include/px4_msgs/px4_msgs/msg/detail/collision_constraints__builder.hpp\n'}
[2.657562] (px4_msgs) StdoutLine: {'line': b'-- Up-to-date symlink: /home/carlos/ros2_ws/install/px4_msgs/include/px4_msgs/px4_msgs/msg/detail/collision_constraints__struct.hpp\n'}
[2.657633] (px4_msgs) StdoutLine: {'line': b'-- Up-to-date symlink: /home/carlos/ros2_ws/install/px4_msgs/include/px4_msgs/px4_msgs/msg/detail/collision_constraints__traits.hpp\n'}
[2.657699] (px4_msgs) StdoutLine: {'line': b'-- Up-to-date symlink: /home/carlos/ros2_ws/install/px4_msgs/include/px4_msgs/px4_msgs/msg/detail/collision_constraints__type_support.hpp\n'}
[2.657772] (px4_msgs) StdoutLine: {'line': b'-- Up-to-date symlink: /home/carlos/ros2_ws/install/px4_msgs/include/px4_msgs/px4_msgs/msg/detail/config_overrides__builder.hpp\n'}
[2.657853] (px4_msgs) StdoutLine: {'line': b'-- Up-to-date symlink: /home/carlos/ros2_ws/install/px4_msgs/include/px4_msgs/px4_msgs/msg/detail/config_overrides__struct.hpp\n'}
[2.657935] (px4_msgs) StdoutLine: {'line': b'-- Up-to-date symlink: /home/carlos/ros2_ws/install/px4_msgs/include/px4_msgs/px4_msgs/msg/detail/config_overrides__traits.hpp\n'}
[2.658017] (px4_msgs) StdoutLine: {'line': b'-- Up-to-date symlink: /home/carlos/ros2_ws/install/px4_msgs/include/px4_msgs/px4_msgs/msg/detail/config_overrides__type_support.hpp\n'}
[2.658103] (px4_msgs) StdoutLine: {'line': b'-- Up-to-date symlink: /home/carlos/ros2_ws/install/px4_msgs/include/px4_msgs/px4_msgs/msg/detail/control_allocator_status__builder.hpp\n'}
[2.658185] (px4_msgs) StdoutLine: {'line': b'-- Up-to-date symlink: /home/carlos/ros2_ws/install/px4_msgs/include/px4_msgs/px4_msgs/msg/detail/control_allocator_status__struct.hpp\n'}
[2.658267] (px4_msgs) StdoutLine: {'line': b'-- Up-to-date symlink: /home/carlos/ros2_ws/install/px4_msgs/include/px4_msgs/px4_msgs/msg/detail/control_allocator_status__traits.hpp\n'}
[2.658349] (px4_msgs) StdoutLine: {'line': b'-- Up-to-date symlink: /home/carlos/ros2_ws/install/px4_msgs/include/px4_msgs/px4_msgs/msg/detail/control_allocator_status__type_support.hpp\n'}
[2.658438] (px4_msgs) StdoutLine: {'line': b'-- Up-to-date symlink: /home/carlos/ros2_ws/install/px4_msgs/include/px4_msgs/px4_msgs/msg/detail/cpuload__builder.hpp\n'}
[2.658520] (px4_msgs) StdoutLine: {'line': b'-- Up-to-date symlink: /home/carlos/ros2_ws/install/px4_msgs/include/px4_msgs/px4_msgs/msg/detail/cpuload__struct.hpp\n'}
[2.658601] (px4_msgs) StdoutLine: {'line': b'-- Up-to-date symlink: /home/carlos/ros2_ws/install/px4_msgs/include/px4_msgs/px4_msgs/msg/detail/cpuload__traits.hpp\n'}
[2.658683] (px4_msgs) StdoutLine: {'line': b'-- Up-to-date symlink: /home/carlos/ros2_ws/install/px4_msgs/include/px4_msgs/px4_msgs/msg/detail/cpuload__type_support.hpp\n'}
[2.658764] (px4_msgs) StdoutLine: {'line': b'-- Up-to-date symlink: /home/carlos/ros2_ws/install/px4_msgs/include/px4_msgs/px4_msgs/msg/detail/dataman_request__builder.hpp\n'}
[2.658846] (px4_msgs) StdoutLine: {'line': b'-- Up-to-date symlink: /home/carlos/ros2_ws/install/px4_msgs/include/px4_msgs/px4_msgs/msg/detail/dataman_request__struct.hpp\n'}
[2.658935] (px4_msgs) StdoutLine: {'line': b'-- Up-to-date symlink: /home/carlos/ros2_ws/install/px4_msgs/include/px4_msgs/px4_msgs/msg/detail/dataman_request__traits.hpp\n'}
[2.659019] (px4_msgs) StdoutLine: {'line': b'-- Up-to-date symlink: /home/carlos/ros2_ws/install/px4_msgs/include/px4_msgs/px4_msgs/msg/detail/dataman_request__type_support.hpp\n'}
[2.659113] (px4_msgs) StdoutLine: {'line': b'-- Up-to-date symlink: /home/carlos/ros2_ws/install/px4_msgs/include/px4_msgs/px4_msgs/msg/detail/dataman_response__builder.hpp\n'}
[2.659196] (px4_msgs) StdoutLine: {'line': b'-- Up-to-date symlink: /home/carlos/ros2_ws/install/px4_msgs/include/px4_msgs/px4_msgs/msg/detail/dataman_response__struct.hpp\n'}
[2.659277] (px4_msgs) StdoutLine: {'line': b'-- Up-to-date symlink: /home/carlos/ros2_ws/install/px4_msgs/include/px4_msgs/px4_msgs/msg/detail/dataman_response__traits.hpp\n'}
[2.659359] (px4_msgs) StdoutLine: {'line': b'-- Up-to-date symlink: /home/carlos/ros2_ws/install/px4_msgs/include/px4_msgs/px4_msgs/msg/detail/dataman_response__type_support.hpp\n'}
[2.659442] (px4_msgs) StdoutLine: {'line': b'-- Up-to-date symlink: /home/carlos/ros2_ws/install/px4_msgs/include/px4_msgs/px4_msgs/msg/detail/debug_array__builder.hpp\n'}
[2.659524] (px4_msgs) StdoutLine: {'line': b'-- Up-to-date symlink: /home/carlos/ros2_ws/install/px4_msgs/include/px4_msgs/px4_msgs/msg/detail/debug_array__struct.hpp\n'}
[2.659605] (px4_msgs) StdoutLine: {'line': b'-- Up-to-date symlink: /home/carlos/ros2_ws/install/px4_msgs/include/px4_msgs/px4_msgs/msg/detail/debug_array__traits.hpp\n'}
[2.659688] (px4_msgs) StdoutLine: {'line': b'-- Up-to-date symlink: /home/carlos/ros2_ws/install/px4_msgs/include/px4_msgs/px4_msgs/msg/detail/debug_array__type_support.hpp\n'}
[2.659769] (px4_msgs) StdoutLine: {'line': b'-- Up-to-date symlink: /home/carlos/ros2_ws/install/px4_msgs/include/px4_msgs/px4_msgs/msg/detail/debug_key_value__builder.hpp\n'}
[2.659850] (px4_msgs) StdoutLine: {'line': b'-- Up-to-date symlink: /home/carlos/ros2_ws/install/px4_msgs/include/px4_msgs/px4_msgs/msg/detail/debug_key_value__struct.hpp\n'}
[2.659932] (px4_msgs) StdoutLine: {'line': b'-- Up-to-date symlink: /home/carlos/ros2_ws/install/px4_msgs/include/px4_msgs/px4_msgs/msg/detail/debug_key_value__traits.hpp\n'}
[2.660014] (px4_msgs) StdoutLine: {'line': b'-- Up-to-date symlink: /home/carlos/ros2_ws/install/px4_msgs/include/px4_msgs/px4_msgs/msg/detail/debug_key_value__type_support.hpp\n'}
[2.660097] (px4_msgs) StdoutLine: {'line': b'-- Up-to-date symlink: /home/carlos/ros2_ws/install/px4_msgs/include/px4_msgs/px4_msgs/msg/detail/debug_value__builder.hpp\n'}
[2.660179] (px4_msgs) StdoutLine: {'line': b'-- Up-to-date symlink: /home/carlos/ros2_ws/install/px4_msgs/include/px4_msgs/px4_msgs/msg/detail/debug_value__struct.hpp\n'}
[2.660261] (px4_msgs) StdoutLine: {'line': b'-- Up-to-date symlink: /home/carlos/ros2_ws/install/px4_msgs/include/px4_msgs/px4_msgs/msg/detail/debug_value__traits.hpp\n'}
[2.660344] (px4_msgs) StdoutLine: {'line': b'-- Up-to-date symlink: /home/carlos/ros2_ws/install/px4_msgs/include/px4_msgs/px4_msgs/msg/detail/debug_value__type_support.hpp\n'}
[2.660426] (px4_msgs) StdoutLine: {'line': b'-- Up-to-date symlink: /home/carlos/ros2_ws/install/px4_msgs/include/px4_msgs/px4_msgs/msg/detail/debug_vect__builder.hpp\n'}
[2.660508] (px4_msgs) StdoutLine: {'line': b'-- Up-to-date symlink: /home/carlos/ros2_ws/install/px4_msgs/include/px4_msgs/px4_msgs/msg/detail/debug_vect__struct.hpp\n'}
[2.660589] (px4_msgs) StdoutLine: {'line': b'-- Up-to-date symlink: /home/carlos/ros2_ws/install/px4_msgs/include/px4_msgs/px4_msgs/msg/detail/debug_vect__traits.hpp\n'}
[2.660671] (px4_msgs) StdoutLine: {'line': b'-- Up-to-date symlink: /home/carlos/ros2_ws/install/px4_msgs/include/px4_msgs/px4_msgs/msg/detail/debug_vect__type_support.hpp\n'}
[2.660753] (px4_msgs) StdoutLine: {'line': b'-- Up-to-date symlink: /home/carlos/ros2_ws/install/px4_msgs/include/px4_msgs/px4_msgs/msg/detail/differential_pressure__builder.hpp\n'}
[2.660834] (px4_msgs) StdoutLine: {'line': b'-- Up-to-date symlink: /home/carlos/ros2_ws/install/px4_msgs/include/px4_msgs/px4_msgs/msg/detail/differential_pressure__struct.hpp\n'}
[2.660916] (px4_msgs) StdoutLine: {'line': b'-- Up-to-date symlink: /home/carlos/ros2_ws/install/px4_msgs/include/px4_msgs/px4_msgs/msg/detail/differential_pressure__traits.hpp\n'}
[2.660997] (px4_msgs) StdoutLine: {'line': b'-- Up-to-date symlink: /home/carlos/ros2_ws/install/px4_msgs/include/px4_msgs/px4_msgs/msg/detail/differential_pressure__type_support.hpp\n'}
[2.661085] (px4_msgs) StdoutLine: {'line': b'-- Up-to-date symlink: /home/carlos/ros2_ws/install/px4_msgs/include/px4_msgs/px4_msgs/msg/detail/distance_sensor__builder.hpp\n'}
[2.661168] (px4_msgs) StdoutLine: {'line': b'-- Up-to-date symlink: /home/carlos/ros2_ws/install/px4_msgs/include/px4_msgs/px4_msgs/msg/detail/distance_sensor__struct.hpp\n'}
[2.661249] (px4_msgs) StdoutLine: {'line': b'-- Up-to-date symlink: /home/carlos/ros2_ws/install/px4_msgs/include/px4_msgs/px4_msgs/msg/detail/distance_sensor__traits.hpp\n'}
[2.661335] (px4_msgs) StdoutLine: {'line': b'-- Up-to-date symlink: /home/carlos/ros2_ws/install/px4_msgs/include/px4_msgs/px4_msgs/msg/detail/distance_sensor__type_support.hpp\n'}
[2.661418] (px4_msgs) StdoutLine: {'line': b'-- Up-to-date symlink: /home/carlos/ros2_ws/install/px4_msgs/include/px4_msgs/px4_msgs/msg/detail/distance_sensor_mode_change_request__builder.hpp\n'}
[2.661499] (px4_msgs) StdoutLine: {'line': b'-- Up-to-date symlink: /home/carlos/ros2_ws/install/px4_msgs/include/px4_msgs/px4_msgs/msg/detail/distance_sensor_mode_change_request__struct.hpp\n'}
[2.661580] (px4_msgs) StdoutLine: {'line': b'-- Up-to-date symlink: /home/carlos/ros2_ws/install/px4_msgs/include/px4_msgs/px4_msgs/msg/detail/distance_sensor_mode_change_request__traits.hpp\n'}
[2.661667] (px4_msgs) StdoutLine: {'line': b'-- Up-to-date symlink: /home/carlos/ros2_ws/install/px4_msgs/include/px4_msgs/px4_msgs/msg/detail/distance_sensor_mode_change_request__type_support.hpp\n'}
[2.661749] (px4_msgs) StdoutLine: {'line': b'-- Up-to-date symlink: /home/carlos/ros2_ws/install/px4_msgs/include/px4_msgs/px4_msgs/msg/detail/dronecan_node_status__builder.hpp\n'}
[2.661830] (px4_msgs) StdoutLine: {'line': b'-- Up-to-date symlink: /home/carlos/ros2_ws/install/px4_msgs/include/px4_msgs/px4_msgs/msg/detail/dronecan_node_status__struct.hpp\n'}
[2.661911] (px4_msgs) StdoutLine: {'line': b'-- Up-to-date symlink: /home/carlos/ros2_ws/install/px4_msgs/include/px4_msgs/px4_msgs/msg/detail/dronecan_node_status__traits.hpp\n'}
[2.661992] (px4_msgs) StdoutLine: {'line': b'-- Up-to-date symlink: /home/carlos/ros2_ws/install/px4_msgs/include/px4_msgs/px4_msgs/msg/detail/dronecan_node_status__type_support.hpp\n'}
[2.662078] (px4_msgs) StdoutLine: {'line': b'-- Up-to-date symlink: /home/carlos/ros2_ws/install/px4_msgs/include/px4_msgs/px4_msgs/msg/detail/ekf2_timestamps__builder.hpp\n'}
[2.662160] (px4_msgs) StdoutLine: {'line': b'-- Up-to-date symlink: /home/carlos/ros2_ws/install/px4_msgs/include/px4_msgs/px4_msgs/msg/detail/ekf2_timestamps__struct.hpp\n'}
[2.662240] (px4_msgs) StdoutLine: {'line': b'-- Up-to-date symlink: /home/carlos/ros2_ws/install/px4_msgs/include/px4_msgs/px4_msgs/msg/detail/ekf2_timestamps__traits.hpp\n'}
[2.662322] (px4_msgs) StdoutLine: {'line': b'-- Up-to-date symlink: /home/carlos/ros2_ws/install/px4_msgs/include/px4_msgs/px4_msgs/msg/detail/ekf2_timestamps__type_support.hpp\n'}
[2.662403] (px4_msgs) StdoutLine: {'line': b'-- Up-to-date symlink: /home/carlos/ros2_ws/install/px4_msgs/include/px4_msgs/px4_msgs/msg/detail/esc_report__builder.hpp\n'}
[2.662484] (px4_msgs) StdoutLine: {'line': b'-- Up-to-date symlink: /home/carlos/ros2_ws/install/px4_msgs/include/px4_msgs/px4_msgs/msg/detail/esc_report__struct.hpp\n'}
[2.662559] (px4_msgs) StdoutLine: {'line': b'-- Up-to-date symlink: /home/carlos/ros2_ws/install/px4_msgs/include/px4_msgs/px4_msgs/msg/detail/esc_report__traits.hpp\n'}
[2.662640] (px4_msgs) StdoutLine: {'line': b'-- Up-to-date symlink: /home/carlos/ros2_ws/install/px4_msgs/include/px4_msgs/px4_msgs/msg/detail/esc_report__type_support.hpp\n'}
[2.662723] (px4_msgs) StdoutLine: {'line': b'-- Up-to-date symlink: /home/carlos/ros2_ws/install/px4_msgs/include/px4_msgs/px4_msgs/msg/detail/esc_status__builder.hpp\n'}
[2.662803] (px4_msgs) StdoutLine: {'line': b'-- Up-to-date symlink: /home/carlos/ros2_ws/install/px4_msgs/include/px4_msgs/px4_msgs/msg/detail/esc_status__struct.hpp\n'}
[2.662885] (px4_msgs) StdoutLine: {'line': b'-- Up-to-date symlink: /home/carlos/ros2_ws/install/px4_msgs/include/px4_msgs/px4_msgs/msg/detail/esc_status__traits.hpp\n'}
[2.662966] (px4_msgs) StdoutLine: {'line': b'-- Up-to-date symlink: /home/carlos/ros2_ws/install/px4_msgs/include/px4_msgs/px4_msgs/msg/detail/esc_status__type_support.hpp\n'}
[2.663056] (px4_msgs) StdoutLine: {'line': b'-- Up-to-date symlink: /home/carlos/ros2_ws/install/px4_msgs/include/px4_msgs/px4_msgs/msg/detail/estimator_aid_source1d__builder.hpp\n'}
[2.663152] (px4_msgs) StdoutLine: {'line': b'-- Up-to-date symlink: /home/carlos/ros2_ws/install/px4_msgs/include/px4_msgs/px4_msgs/msg/detail/estimator_aid_source1d__struct.hpp\n'}
[2.663234] (px4_msgs) StdoutLine: {'line': b'-- Up-to-date symlink: /home/carlos/ros2_ws/install/px4_msgs/include/px4_msgs/px4_msgs/msg/detail/estimator_aid_source1d__traits.hpp\n'}
[2.663315] (px4_msgs) StdoutLine: {'line': b'-- Up-to-date symlink: /home/carlos/ros2_ws/install/px4_msgs/include/px4_msgs/px4_msgs/msg/detail/estimator_aid_source1d__type_support.hpp\n'}
[2.663396] (px4_msgs) StdoutLine: {'line': b'-- Up-to-date symlink: /home/carlos/ros2_ws/install/px4_msgs/include/px4_msgs/px4_msgs/msg/detail/estimator_aid_source2d__builder.hpp\n'}
[2.663477] (px4_msgs) StdoutLine: {'line': b'-- Up-to-date symlink: /home/carlos/ros2_ws/install/px4_msgs/include/px4_msgs/px4_msgs/msg/detail/estimator_aid_source2d__struct.hpp\n'}
[2.663558] (px4_msgs) StdoutLine: {'line': b'-- Up-to-date symlink: /home/carlos/ros2_ws/install/px4_msgs/include/px4_msgs/px4_msgs/msg/detail/estimator_aid_source2d__traits.hpp\n'}
[2.663640] (px4_msgs) StdoutLine: {'line': b'-- Up-to-date symlink: /home/carlos/ros2_ws/install/px4_msgs/include/px4_msgs/px4_msgs/msg/detail/estimator_aid_source2d__type_support.hpp\n'}
[2.663721] (px4_msgs) StdoutLine: {'line': b'-- Up-to-date symlink: /home/carlos/ros2_ws/install/px4_msgs/include/px4_msgs/px4_msgs/msg/detail/estimator_aid_source3d__builder.hpp\n'}
[2.663802] (px4_msgs) StdoutLine: {'line': b'-- Up-to-date symlink: /home/carlos/ros2_ws/install/px4_msgs/include/px4_msgs/px4_msgs/msg/detail/estimator_aid_source3d__struct.hpp\n'}
[2.663884] (px4_msgs) StdoutLine: {'line': b'-- Up-to-date symlink: /home/carlos/ros2_ws/install/px4_msgs/include/px4_msgs/px4_msgs/msg/detail/estimator_aid_source3d__traits.hpp\n'}
[2.663966] (px4_msgs) StdoutLine: {'line': b'-- Up-to-date symlink: /home/carlos/ros2_ws/install/px4_msgs/include/px4_msgs/px4_msgs/msg/detail/estimator_aid_source3d__type_support.hpp\n'}
[2.664051] (px4_msgs) StdoutLine: {'line': b'-- Up-to-date symlink: /home/carlos/ros2_ws/install/px4_msgs/include/px4_msgs/px4_msgs/msg/detail/estimator_bias3d__builder.hpp\n'}
[2.664137] (px4_msgs) StdoutLine: {'line': b'-- Up-to-date symlink: /home/carlos/ros2_ws/install/px4_msgs/include/px4_msgs/px4_msgs/msg/detail/estimator_bias3d__struct.hpp\n'}
[2.664220] (px4_msgs) StdoutLine: {'line': b'-- Up-to-date symlink: /home/carlos/ros2_ws/install/px4_msgs/include/px4_msgs/px4_msgs/msg/detail/estimator_bias3d__traits.hpp\n'}
[2.664301] (px4_msgs) StdoutLine: {'line': b'-- Up-to-date symlink: /home/carlos/ros2_ws/install/px4_msgs/include/px4_msgs/px4_msgs/msg/detail/estimator_bias3d__type_support.hpp\n'}
[2.664382] (px4_msgs) StdoutLine: {'line': b'-- Up-to-date symlink: /home/carlos/ros2_ws/install/px4_msgs/include/px4_msgs/px4_msgs/msg/detail/estimator_bias__builder.hpp\n'}
[2.664464] (px4_msgs) StdoutLine: {'line': b'-- Up-to-date symlink: /home/carlos/ros2_ws/install/px4_msgs/include/px4_msgs/px4_msgs/msg/detail/estimator_bias__struct.hpp\n'}
[2.664545] (px4_msgs) StdoutLine: {'line': b'-- Up-to-date symlink: /home/carlos/ros2_ws/install/px4_msgs/include/px4_msgs/px4_msgs/msg/detail/estimator_bias__traits.hpp\n'}
[2.664627] (px4_msgs) StdoutLine: {'line': b'-- Up-to-date symlink: /home/carlos/ros2_ws/install/px4_msgs/include/px4_msgs/px4_msgs/msg/detail/estimator_bias__type_support.hpp\n'}
[2.664708] (px4_msgs) StdoutLine: {'line': b'-- Up-to-date symlink: /home/carlos/ros2_ws/install/px4_msgs/include/px4_msgs/px4_msgs/msg/detail/estimator_event_flags__builder.hpp\n'}
[2.664794] (px4_msgs) StdoutLine: {'line': b'-- Up-to-date symlink: /home/carlos/ros2_ws/install/px4_msgs/include/px4_msgs/px4_msgs/msg/detail/estimator_event_flags__struct.hpp\n'}
[2.664876] (px4_msgs) StdoutLine: {'line': b'-- Up-to-date symlink: /home/carlos/ros2_ws/install/px4_msgs/include/px4_msgs/px4_msgs/msg/detail/estimator_event_flags__traits.hpp\n'}
[2.664964] (px4_msgs) StdoutLine: {'line': b'-- Up-to-date symlink: /home/carlos/ros2_ws/install/px4_msgs/include/px4_msgs/px4_msgs/msg/detail/estimator_event_flags__type_support.hpp\n'}
[2.665050] (px4_msgs) StdoutLine: {'line': b'-- Up-to-date symlink: /home/carlos/ros2_ws/install/px4_msgs/include/px4_msgs/px4_msgs/msg/detail/estimator_gps_status__builder.hpp\n'}
[2.665138] (px4_msgs) StdoutLine: {'line': b'-- Up-to-date symlink: /home/carlos/ros2_ws/install/px4_msgs/include/px4_msgs/px4_msgs/msg/detail/estimator_gps_status__struct.hpp\n'}
[2.665219] (px4_msgs) StdoutLine: {'line': b'-- Up-to-date symlink: /home/carlos/ros2_ws/install/px4_msgs/include/px4_msgs/px4_msgs/msg/detail/estimator_gps_status__traits.hpp\n'}
[2.665301] (px4_msgs) StdoutLine: {'line': b'-- Up-to-date symlink: /home/carlos/ros2_ws/install/px4_msgs/include/px4_msgs/px4_msgs/msg/detail/estimator_gps_status__type_support.hpp\n'}
[2.665382] (px4_msgs) StdoutLine: {'line': b'-- Up-to-date symlink: /home/carlos/ros2_ws/install/px4_msgs/include/px4_msgs/px4_msgs/msg/detail/estimator_innovations__builder.hpp\n'}
[2.665463] (px4_msgs) StdoutLine: {'line': b'-- Up-to-date symlink: /home/carlos/ros2_ws/install/px4_msgs/include/px4_msgs/px4_msgs/msg/detail/estimator_innovations__struct.hpp\n'}
[2.665544] (px4_msgs) StdoutLine: {'line': b'-- Up-to-date symlink: /home/carlos/ros2_ws/install/px4_msgs/include/px4_msgs/px4_msgs/msg/detail/estimator_innovations__traits.hpp\n'}
[2.665626] (px4_msgs) StdoutLine: {'line': b'-- Up-to-date symlink: /home/carlos/ros2_ws/install/px4_msgs/include/px4_msgs/px4_msgs/msg/detail/estimator_innovations__type_support.hpp\n'}
[2.665708] (px4_msgs) StdoutLine: {'line': b'-- Up-to-date symlink: /home/carlos/ros2_ws/install/px4_msgs/include/px4_msgs/px4_msgs/msg/detail/estimator_selector_status__builder.hpp\n'}
[2.665789] (px4_msgs) StdoutLine: {'line': b'-- Up-to-date symlink: /home/carlos/ros2_ws/install/px4_msgs/include/px4_msgs/px4_msgs/msg/detail/estimator_selector_status__struct.hpp\n'}
[2.665870] (px4_msgs) StdoutLine: {'line': b'-- Up-to-date symlink: /home/carlos/ros2_ws/install/px4_msgs/include/px4_msgs/px4_msgs/msg/detail/estimator_selector_status__traits.hpp\n'}
[2.665952] (px4_msgs) StdoutLine: {'line': b'-- Up-to-date symlink: /home/carlos/ros2_ws/install/px4_msgs/include/px4_msgs/px4_msgs/msg/detail/estimator_selector_status__type_support.hpp\n'}
[2.666034] (px4_msgs) StdoutLine: {'line': b'-- Up-to-date symlink: /home/carlos/ros2_ws/install/px4_msgs/include/px4_msgs/px4_msgs/msg/detail/estimator_sensor_bias__builder.hpp\n'}
[2.666114] (px4_msgs) StdoutLine: {'line': b'-- Up-to-date symlink: /home/carlos/ros2_ws/install/px4_msgs/include/px4_msgs/px4_msgs/msg/detail/estimator_sensor_bias__struct.hpp\n'}
[2.666195] (px4_msgs) StdoutLine: {'line': b'-- Up-to-date symlink: /home/carlos/ros2_ws/install/px4_msgs/include/px4_msgs/px4_msgs/msg/detail/estimator_sensor_bias__traits.hpp\n'}
[2.666277] (px4_msgs) StdoutLine: {'line': b'-- Up-to-date symlink: /home/carlos/ros2_ws/install/px4_msgs/include/px4_msgs/px4_msgs/msg/detail/estimator_sensor_bias__type_support.hpp\n'}
[2.666358] (px4_msgs) StdoutLine: {'line': b'-- Up-to-date symlink: /home/carlos/ros2_ws/install/px4_msgs/include/px4_msgs/px4_msgs/msg/detail/estimator_states__builder.hpp\n'}
[2.666440] (px4_msgs) StdoutLine: {'line': b'-- Up-to-date symlink: /home/carlos/ros2_ws/install/px4_msgs/include/px4_msgs/px4_msgs/msg/detail/estimator_states__struct.hpp\n'}
[2.666520] (px4_msgs) StdoutLine: {'line': b'-- Up-to-date symlink: /home/carlos/ros2_ws/install/px4_msgs/include/px4_msgs/px4_msgs/msg/detail/estimator_states__traits.hpp\n'}
[2.666603] (px4_msgs) StdoutLine: {'line': b'-- Up-to-date symlink: /home/carlos/ros2_ws/install/px4_msgs/include/px4_msgs/px4_msgs/msg/detail/estimator_states__type_support.hpp\n'}
[2.666684] (px4_msgs) StdoutLine: {'line': b'-- Up-to-date symlink: /home/carlos/ros2_ws/install/px4_msgs/include/px4_msgs/px4_msgs/msg/detail/estimator_status__builder.hpp\n'}
[2.666767] (px4_msgs) StdoutLine: {'line': b'-- Up-to-date symlink: /home/carlos/ros2_ws/install/px4_msgs/include/px4_msgs/px4_msgs/msg/detail/estimator_status__struct.hpp\n'}
[2.666848] (px4_msgs) StdoutLine: {'line': b'-- Up-to-date symlink: /home/carlos/ros2_ws/install/px4_msgs/include/px4_msgs/px4_msgs/msg/detail/estimator_status__traits.hpp\n'}
[2.666930] (px4_msgs) StdoutLine: {'line': b'-- Up-to-date symlink: /home/carlos/ros2_ws/install/px4_msgs/include/px4_msgs/px4_msgs/msg/detail/estimator_status__type_support.hpp\n'}
[2.667012] (px4_msgs) StdoutLine: {'line': b'-- Up-to-date symlink: /home/carlos/ros2_ws/install/px4_msgs/include/px4_msgs/px4_msgs/msg/detail/estimator_status_flags__builder.hpp\n'}
[2.667099] (px4_msgs) StdoutLine: {'line': b'-- Up-to-date symlink: /home/carlos/ros2_ws/install/px4_msgs/include/px4_msgs/px4_msgs/msg/detail/estimator_status_flags__struct.hpp\n'}
[2.667187] (px4_msgs) StdoutLine: {'line': b'-- Up-to-date symlink: /home/carlos/ros2_ws/install/px4_msgs/include/px4_msgs/px4_msgs/msg/detail/estimator_status_flags__traits.hpp\n'}
[2.667275] (px4_msgs) StdoutLine: {'line': b'-- Up-to-date symlink: /home/carlos/ros2_ws/install/px4_msgs/include/px4_msgs/px4_msgs/msg/detail/estimator_status_flags__type_support.hpp\n'}
[2.667357] (px4_msgs) StdoutLine: {'line': b'-- Up-to-date symlink: /home/carlos/ros2_ws/install/px4_msgs/include/px4_msgs/px4_msgs/msg/detail/event__builder.hpp\n'}
[2.667438] (px4_msgs) StdoutLine: {'line': b'-- Up-to-date symlink: /home/carlos/ros2_ws/install/px4_msgs/include/px4_msgs/px4_msgs/msg/detail/event__struct.hpp\n'}
[2.667519] (px4_msgs) StdoutLine: {'line': b'-- Up-to-date symlink: /home/carlos/ros2_ws/install/px4_msgs/include/px4_msgs/px4_msgs/msg/detail/event__traits.hpp\n'}
[2.667601] (px4_msgs) StdoutLine: {'line': b'-- Up-to-date symlink: /home/carlos/ros2_ws/install/px4_msgs/include/px4_msgs/px4_msgs/msg/detail/event__type_support.hpp\n'}
[2.667683] (px4_msgs) StdoutLine: {'line': b'-- Up-to-date symlink: /home/carlos/ros2_ws/install/px4_msgs/include/px4_msgs/px4_msgs/msg/detail/failsafe_flags__builder.hpp\n'}
[2.667764] (px4_msgs) StdoutLine: {'line': b'-- Up-to-date symlink: /home/carlos/ros2_ws/install/px4_msgs/include/px4_msgs/px4_msgs/msg/detail/failsafe_flags__struct.hpp\n'}
[2.667845] (px4_msgs) StdoutLine: {'line': b'-- Up-to-date symlink: /home/carlos/ros2_ws/install/px4_msgs/include/px4_msgs/px4_msgs/msg/detail/failsafe_flags__traits.hpp\n'}
[2.667932] (px4_msgs) StdoutLine: {'line': b'-- Up-to-date symlink: /home/carlos/ros2_ws/install/px4_msgs/include/px4_msgs/px4_msgs/msg/detail/failsafe_flags__type_support.hpp\n'}
[2.668014] (px4_msgs) StdoutLine: {'line': b'-- Up-to-date symlink: /home/carlos/ros2_ws/install/px4_msgs/include/px4_msgs/px4_msgs/msg/detail/failure_detector_status__builder.hpp\n'}
[2.668107] (px4_msgs) StdoutLine: {'line': b'-- Up-to-date symlink: /home/carlos/ros2_ws/install/px4_msgs/include/px4_msgs/px4_msgs/msg/detail/failure_detector_status__struct.hpp\n'}
[2.668187] (px4_msgs) StdoutLine: {'line': b'-- Up-to-date symlink: /home/carlos/ros2_ws/install/px4_msgs/include/px4_msgs/px4_msgs/msg/detail/failure_detector_status__traits.hpp\n'}
[2.668269] (px4_msgs) StdoutLine: {'line': b'-- Up-to-date symlink: /home/carlos/ros2_ws/install/px4_msgs/include/px4_msgs/px4_msgs/msg/detail/failure_detector_status__type_support.hpp\n'}
[2.668351] (px4_msgs) StdoutLine: {'line': b'-- Up-to-date symlink: /home/carlos/ros2_ws/install/px4_msgs/include/px4_msgs/px4_msgs/msg/detail/figure_eight_status__builder.hpp\n'}
[2.668433] (px4_msgs) StdoutLine: {'line': b'-- Up-to-date symlink: /home/carlos/ros2_ws/install/px4_msgs/include/px4_msgs/px4_msgs/msg/detail/figure_eight_status__struct.hpp\n'}
[2.668508] (px4_msgs) StdoutLine: {'line': b'-- Up-to-date symlink: /home/carlos/ros2_ws/install/px4_msgs/include/px4_msgs/px4_msgs/msg/detail/figure_eight_status__traits.hpp\n'}
[2.668590] (px4_msgs) StdoutLine: {'line': b'-- Up-to-date symlink: /home/carlos/ros2_ws/install/px4_msgs/include/px4_msgs/px4_msgs/msg/detail/figure_eight_status__type_support.hpp\n'}
[2.668672] (px4_msgs) StdoutLine: {'line': b'-- Up-to-date symlink: /home/carlos/ros2_ws/install/px4_msgs/include/px4_msgs/px4_msgs/msg/detail/fixed_wing_lateral_guidance_status__builder.hpp\n'}
[2.668755] (px4_msgs) StdoutLine: {'line': b'-- Up-to-date symlink: /home/carlos/ros2_ws/install/px4_msgs/include/px4_msgs/px4_msgs/msg/detail/fixed_wing_lateral_guidance_status__struct.hpp\n'}
[2.668836] (px4_msgs) StdoutLine: {'line': b'-- Up-to-date symlink: /home/carlos/ros2_ws/install/px4_msgs/include/px4_msgs/px4_msgs/msg/detail/fixed_wing_lateral_guidance_status__traits.hpp\n'}
[2.668919] (px4_msgs) StdoutLine: {'line': b'-- Up-to-date symlink: /home/carlos/ros2_ws/install/px4_msgs/include/px4_msgs/px4_msgs/msg/detail/fixed_wing_lateral_guidance_status__type_support.hpp\n'}
[2.669001] (px4_msgs) StdoutLine: {'line': b'-- Up-to-date symlink: /home/carlos/ros2_ws/install/px4_msgs/include/px4_msgs/px4_msgs/msg/detail/fixed_wing_lateral_setpoint__builder.hpp\n'}
[2.669089] (px4_msgs) StdoutLine: {'line': b'-- Up-to-date symlink: /home/carlos/ros2_ws/install/px4_msgs/include/px4_msgs/px4_msgs/msg/detail/fixed_wing_lateral_setpoint__struct.hpp\n'}
[2.669176] (px4_msgs) StdoutLine: {'line': b'-- Up-to-date symlink: /home/carlos/ros2_ws/install/px4_msgs/include/px4_msgs/px4_msgs/msg/detail/fixed_wing_lateral_setpoint__traits.hpp\n'}
[2.669258] (px4_msgs) StdoutLine: {'line': b'-- Up-to-date symlink: /home/carlos/ros2_ws/install/px4_msgs/include/px4_msgs/px4_msgs/msg/detail/fixed_wing_lateral_setpoint__type_support.hpp\n'}
[2.669340] (px4_msgs) StdoutLine: {'line': b'-- Up-to-date symlink: /home/carlos/ros2_ws/install/px4_msgs/include/px4_msgs/px4_msgs/msg/detail/fixed_wing_lateral_status__builder.hpp\n'}
[2.669421] (px4_msgs) StdoutLine: {'line': b'-- Up-to-date symlink: /home/carlos/ros2_ws/install/px4_msgs/include/px4_msgs/px4_msgs/msg/detail/fixed_wing_lateral_status__struct.hpp\n'}
[2.669503] (px4_msgs) StdoutLine: {'line': b'-- Up-to-date symlink: /home/carlos/ros2_ws/install/px4_msgs/include/px4_msgs/px4_msgs/msg/detail/fixed_wing_lateral_status__traits.hpp\n'}
[2.669585] (px4_msgs) StdoutLine: {'line': b'-- Up-to-date symlink: /home/carlos/ros2_ws/install/px4_msgs/include/px4_msgs/px4_msgs/msg/detail/fixed_wing_lateral_status__type_support.hpp\n'}
[2.669672] (px4_msgs) StdoutLine: {'line': b'-- Up-to-date symlink: /home/carlos/ros2_ws/install/px4_msgs/include/px4_msgs/px4_msgs/msg/detail/fixed_wing_longitudinal_setpoint__builder.hpp\n'}
[2.669754] (px4_msgs) StdoutLine: {'line': b'-- Up-to-date symlink: /home/carlos/ros2_ws/install/px4_msgs/include/px4_msgs/px4_msgs/msg/detail/fixed_wing_longitudinal_setpoint__struct.hpp\n'}
[2.669836] (px4_msgs) StdoutLine: {'line': b'-- Up-to-date symlink: /home/carlos/ros2_ws/install/px4_msgs/include/px4_msgs/px4_msgs/msg/detail/fixed_wing_longitudinal_setpoint__traits.hpp\n'}
[2.669918] (px4_msgs) StdoutLine: {'line': b'-- Up-to-date symlink: /home/carlos/ros2_ws/install/px4_msgs/include/px4_msgs/px4_msgs/msg/detail/fixed_wing_longitudinal_setpoint__type_support.hpp\n'}
[2.670001] (px4_msgs) StdoutLine: {'line': b'-- Up-to-date symlink: /home/carlos/ros2_ws/install/px4_msgs/include/px4_msgs/px4_msgs/msg/detail/fixed_wing_runway_control__builder.hpp\n'}
[2.670090] (px4_msgs) StdoutLine: {'line': b'-- Up-to-date symlink: /home/carlos/ros2_ws/install/px4_msgs/include/px4_msgs/px4_msgs/msg/detail/fixed_wing_runway_control__struct.hpp\n'}
[2.670173] (px4_msgs) StdoutLine: {'line': b'-- Up-to-date symlink: /home/carlos/ros2_ws/install/px4_msgs/include/px4_msgs/px4_msgs/msg/detail/fixed_wing_runway_control__traits.hpp\n'}
[2.670255] (px4_msgs) StdoutLine: {'line': b'-- Up-to-date symlink: /home/carlos/ros2_ws/install/px4_msgs/include/px4_msgs/px4_msgs/msg/detail/fixed_wing_runway_control__type_support.hpp\n'}
[2.670336] (px4_msgs) StdoutLine: {'line': b'-- Up-to-date symlink: /home/carlos/ros2_ws/install/px4_msgs/include/px4_msgs/px4_msgs/msg/detail/flight_phase_estimation__builder.hpp\n'}
[2.670418] (px4_msgs) StdoutLine: {'line': b'-- Up-to-date symlink: /home/carlos/ros2_ws/install/px4_msgs/include/px4_msgs/px4_msgs/msg/detail/flight_phase_estimation__struct.hpp\n'}
[2.670499] (px4_msgs) StdoutLine: {'line': b'-- Up-to-date symlink: /home/carlos/ros2_ws/install/px4_msgs/include/px4_msgs/px4_msgs/msg/detail/flight_phase_estimation__traits.hpp\n'}
[2.670580] (px4_msgs) StdoutLine: {'line': b'-- Up-to-date symlink: /home/carlos/ros2_ws/install/px4_msgs/include/px4_msgs/px4_msgs/msg/detail/flight_phase_estimation__type_support.hpp\n'}
[2.670663] (px4_msgs) StdoutLine: {'line': b'-- Up-to-date symlink: /home/carlos/ros2_ws/install/px4_msgs/include/px4_msgs/px4_msgs/msg/detail/follow_target__builder.hpp\n'}
[2.670744] (px4_msgs) StdoutLine: {'line': b'-- Up-to-date symlink: /home/carlos/ros2_ws/install/px4_msgs/include/px4_msgs/px4_msgs/msg/detail/follow_target__struct.hpp\n'}
[2.670826] (px4_msgs) StdoutLine: {'line': b'-- Up-to-date symlink: /home/carlos/ros2_ws/install/px4_msgs/include/px4_msgs/px4_msgs/msg/detail/follow_target__traits.hpp\n'}
[2.670906] (px4_msgs) StdoutLine: {'line': b'-- Up-to-date symlink: /home/carlos/ros2_ws/install/px4_msgs/include/px4_msgs/px4_msgs/msg/detail/follow_target__type_support.hpp\n'}
[2.670989] (px4_msgs) StdoutLine: {'line': b'-- Up-to-date symlink: /home/carlos/ros2_ws/install/px4_msgs/include/px4_msgs/px4_msgs/msg/detail/follow_target_estimator__builder.hpp\n'}
[2.671076] (px4_msgs) StdoutLine: {'line': b'-- Up-to-date symlink: /home/carlos/ros2_ws/install/px4_msgs/include/px4_msgs/px4_msgs/msg/detail/follow_target_estimator__struct.hpp\n'}
[2.671159] (px4_msgs) StdoutLine: {'line': b'-- Up-to-date symlink: /home/carlos/ros2_ws/install/px4_msgs/include/px4_msgs/px4_msgs/msg/detail/follow_target_estimator__traits.hpp\n'}
[2.671241] (px4_msgs) StdoutLine: {'line': b'-- Up-to-date symlink: /home/carlos/ros2_ws/install/px4_msgs/include/px4_msgs/px4_msgs/msg/detail/follow_target_estimator__type_support.hpp\n'}
[2.671321] (px4_msgs) StdoutLine: {'line': b'-- Up-to-date symlink: /home/carlos/ros2_ws/install/px4_msgs/include/px4_msgs/px4_msgs/msg/detail/follow_target_status__builder.hpp\n'}
[2.671402] (px4_msgs) StdoutLine: {'line': b'-- Up-to-date symlink: /home/carlos/ros2_ws/install/px4_msgs/include/px4_msgs/px4_msgs/msg/detail/follow_target_status__struct.hpp\n'}
[2.671483] (px4_msgs) StdoutLine: {'line': b'-- Up-to-date symlink: /home/carlos/ros2_ws/install/px4_msgs/include/px4_msgs/px4_msgs/msg/detail/follow_target_status__traits.hpp\n'}
[2.671564] (px4_msgs) StdoutLine: {'line': b'-- Up-to-date symlink: /home/carlos/ros2_ws/install/px4_msgs/include/px4_msgs/px4_msgs/msg/detail/follow_target_status__type_support.hpp\n'}
[2.671645] (px4_msgs) StdoutLine: {'line': b'-- Up-to-date symlink: /home/carlos/ros2_ws/install/px4_msgs/include/px4_msgs/px4_msgs/msg/detail/fuel_tank_status__builder.hpp\n'}
[2.671726] (px4_msgs) StdoutLine: {'line': b'-- Up-to-date symlink: /home/carlos/ros2_ws/install/px4_msgs/include/px4_msgs/px4_msgs/msg/detail/fuel_tank_status__struct.hpp\n'}
[2.671807] (px4_msgs) StdoutLine: {'line': b'-- Up-to-date symlink: /home/carlos/ros2_ws/install/px4_msgs/include/px4_msgs/px4_msgs/msg/detail/fuel_tank_status__traits.hpp\n'}
[2.671889] (px4_msgs) StdoutLine: {'line': b'-- Up-to-date symlink: /home/carlos/ros2_ws/install/px4_msgs/include/px4_msgs/px4_msgs/msg/detail/fuel_tank_status__type_support.hpp\n'}
[2.671969] (px4_msgs) StdoutLine: {'line': b'-- Up-to-date symlink: /home/carlos/ros2_ws/install/px4_msgs/include/px4_msgs/px4_msgs/msg/detail/generator_status__builder.hpp\n'}
[2.672060] (px4_msgs) StdoutLine: {'line': b'-- Up-to-date symlink: /home/carlos/ros2_ws/install/px4_msgs/include/px4_msgs/px4_msgs/msg/detail/generator_status__struct.hpp\n'}
[2.672147] (px4_msgs) StdoutLine: {'line': b'-- Up-to-date symlink: /home/carlos/ros2_ws/install/px4_msgs/include/px4_msgs/px4_msgs/msg/detail/generator_status__traits.hpp\n'}
[2.672228] (px4_msgs) StdoutLine: {'line': b'-- Up-to-date symlink: /home/carlos/ros2_ws/install/px4_msgs/include/px4_msgs/px4_msgs/msg/detail/generator_status__type_support.hpp\n'}
[2.672309] (px4_msgs) StdoutLine: {'line': b'-- Up-to-date symlink: /home/carlos/ros2_ws/install/px4_msgs/include/px4_msgs/px4_msgs/msg/detail/geofence_result__builder.hpp\n'}
[2.672391] (px4_msgs) StdoutLine: {'line': b'-- Up-to-date symlink: /home/carlos/ros2_ws/install/px4_msgs/include/px4_msgs/px4_msgs/msg/detail/geofence_result__struct.hpp\n'}
[2.672472] (px4_msgs) StdoutLine: {'line': b'-- Up-to-date symlink: /home/carlos/ros2_ws/install/px4_msgs/include/px4_msgs/px4_msgs/msg/detail/geofence_result__traits.hpp\n'}
[2.672553] (px4_msgs) StdoutLine: {'line': b'-- Up-to-date symlink: /home/carlos/ros2_ws/install/px4_msgs/include/px4_msgs/px4_msgs/msg/detail/geofence_result__type_support.hpp\n'}
[2.672635] (px4_msgs) StdoutLine: {'line': b'-- Up-to-date symlink: /home/carlos/ros2_ws/install/px4_msgs/include/px4_msgs/px4_msgs/msg/detail/geofence_status__builder.hpp\n'}
[2.672716] (px4_msgs) StdoutLine: {'line': b'-- Up-to-date symlink: /home/carlos/ros2_ws/install/px4_msgs/include/px4_msgs/px4_msgs/msg/detail/geofence_status__struct.hpp\n'}
[2.672797] (px4_msgs) StdoutLine: {'line': b'-- Up-to-date symlink: /home/carlos/ros2_ws/install/px4_msgs/include/px4_msgs/px4_msgs/msg/detail/geofence_status__traits.hpp\n'}
[2.672878] (px4_msgs) StdoutLine: {'line': b'-- Up-to-date symlink: /home/carlos/ros2_ws/install/px4_msgs/include/px4_msgs/px4_msgs/msg/detail/geofence_status__type_support.hpp\n'}
[2.672959] (px4_msgs) StdoutLine: {'line': b'-- Up-to-date symlink: /home/carlos/ros2_ws/install/px4_msgs/include/px4_msgs/px4_msgs/msg/detail/gimbal_controls__builder.hpp\n'}
[2.673046] (px4_msgs) StdoutLine: {'line': b'-- Up-to-date symlink: /home/carlos/ros2_ws/install/px4_msgs/include/px4_msgs/px4_msgs/msg/detail/gimbal_controls__struct.hpp\n'}
[2.673134] (px4_msgs) StdoutLine: {'line': b'-- Up-to-date symlink: /home/carlos/ros2_ws/install/px4_msgs/include/px4_msgs/px4_msgs/msg/detail/gimbal_controls__traits.hpp\n'}
[2.673216] (px4_msgs) StdoutLine: {'line': b'-- Up-to-date symlink: /home/carlos/ros2_ws/install/px4_msgs/include/px4_msgs/px4_msgs/msg/detail/gimbal_controls__type_support.hpp\n'}
[2.673293] (px4_msgs) StdoutLine: {'line': b'-- Up-to-date symlink: /home/carlos/ros2_ws/install/px4_msgs/include/px4_msgs/px4_msgs/msg/detail/gimbal_device_attitude_status__builder.hpp\n'}
[2.673373] (px4_msgs) StdoutLine: {'line': b'-- Up-to-date symlink: /home/carlos/ros2_ws/install/px4_msgs/include/px4_msgs/px4_msgs/msg/detail/gimbal_device_attitude_status__struct.hpp\n'}
[2.673455] (px4_msgs) StdoutLine: {'line': b'-- Up-to-date symlink: /home/carlos/ros2_ws/install/px4_msgs/include/px4_msgs/px4_msgs/msg/detail/gimbal_device_attitude_status__traits.hpp\n'}
[2.673537] (px4_msgs) StdoutLine: {'line': b'-- Up-to-date symlink: /home/carlos/ros2_ws/install/px4_msgs/include/px4_msgs/px4_msgs/msg/detail/gimbal_device_attitude_status__type_support.hpp\n'}
[2.673619] (px4_msgs) StdoutLine: {'line': b'-- Up-to-date symlink: /home/carlos/ros2_ws/install/px4_msgs/include/px4_msgs/px4_msgs/msg/detail/gimbal_device_information__builder.hpp\n'}
[2.673702] (px4_msgs) StdoutLine: {'line': b'-- Up-to-date symlink: /home/carlos/ros2_ws/install/px4_msgs/include/px4_msgs/px4_msgs/msg/detail/gimbal_device_information__struct.hpp\n'}
[2.673783] (px4_msgs) StdoutLine: {'line': b'-- Up-to-date symlink: /home/carlos/ros2_ws/install/px4_msgs/include/px4_msgs/px4_msgs/msg/detail/gimbal_device_information__traits.hpp\n'}
[2.673864] (px4_msgs) StdoutLine: {'line': b'-- Up-to-date symlink: /home/carlos/ros2_ws/install/px4_msgs/include/px4_msgs/px4_msgs/msg/detail/gimbal_device_information__type_support.hpp\n'}
[2.673950] (px4_msgs) StdoutLine: {'line': b'-- Up-to-date symlink: /home/carlos/ros2_ws/install/px4_msgs/include/px4_msgs/px4_msgs/msg/detail/gimbal_device_set_attitude__builder.hpp\n'}
[2.674032] (px4_msgs) StdoutLine: {'line': b'-- Up-to-date symlink: /home/carlos/ros2_ws/install/px4_msgs/include/px4_msgs/px4_msgs/msg/detail/gimbal_device_set_attitude__struct.hpp\n'}
[2.674119] (px4_msgs) StdoutLine: {'line': b'-- Up-to-date symlink: /home/carlos/ros2_ws/install/px4_msgs/include/px4_msgs/px4_msgs/msg/detail/gimbal_device_set_attitude__traits.hpp\n'}
[2.674201] (px4_msgs) StdoutLine: {'line': b'-- Up-to-date symlink: /home/carlos/ros2_ws/install/px4_msgs/include/px4_msgs/px4_msgs/msg/detail/gimbal_device_set_attitude__type_support.hpp\n'}
[2.674283] (px4_msgs) StdoutLine: {'line': b'-- Up-to-date symlink: /home/carlos/ros2_ws/install/px4_msgs/include/px4_msgs/px4_msgs/msg/detail/gimbal_manager_information__builder.hpp\n'}
[2.674364] (px4_msgs) StdoutLine: {'line': b'-- Up-to-date symlink: /home/carlos/ros2_ws/install/px4_msgs/include/px4_msgs/px4_msgs/msg/detail/gimbal_manager_information__struct.hpp\n'}
[2.674446] (px4_msgs) StdoutLine: {'line': b'-- Up-to-date symlink: /home/carlos/ros2_ws/install/px4_msgs/include/px4_msgs/px4_msgs/msg/detail/gimbal_manager_information__traits.hpp\n'}
[2.674528] (px4_msgs) StdoutLine: {'line': b'-- Up-to-date symlink: /home/carlos/ros2_ws/install/px4_msgs/include/px4_msgs/px4_msgs/msg/detail/gimbal_manager_information__type_support.hpp\n'}
[2.674610] (px4_msgs) StdoutLine: {'line': b'-- Up-to-date symlink: /home/carlos/ros2_ws/install/px4_msgs/include/px4_msgs/px4_msgs/msg/detail/gimbal_manager_set_attitude__builder.hpp\n'}
[2.674691] (px4_msgs) StdoutLine: {'line': b'-- Up-to-date symlink: /home/carlos/ros2_ws/install/px4_msgs/include/px4_msgs/px4_msgs/msg/detail/gimbal_manager_set_attitude__struct.hpp\n'}
[2.674773] (px4_msgs) StdoutLine: {'line': b'-- Up-to-date symlink: /home/carlos/ros2_ws/install/px4_msgs/include/px4_msgs/px4_msgs/msg/detail/gimbal_manager_set_attitude__traits.hpp\n'}
[2.674854] (px4_msgs) StdoutLine: {'line': b'-- Up-to-date symlink: /home/carlos/ros2_ws/install/px4_msgs/include/px4_msgs/px4_msgs/msg/detail/gimbal_manager_set_attitude__type_support.hpp\n'}
[2.674936] (px4_msgs) StdoutLine: {'line': b'-- Up-to-date symlink: /home/carlos/ros2_ws/install/px4_msgs/include/px4_msgs/px4_msgs/msg/detail/gimbal_manager_set_manual_control__builder.hpp\n'}
[2.675018] (px4_msgs) StdoutLine: {'line': b'-- Up-to-date symlink: /home/carlos/ros2_ws/install/px4_msgs/include/px4_msgs/px4_msgs/msg/detail/gimbal_manager_set_manual_control__struct.hpp\n'}
[2.675110] (px4_msgs) StdoutLine: {'line': b'-- Up-to-date symlink: /home/carlos/ros2_ws/install/px4_msgs/include/px4_msgs/px4_msgs/msg/detail/gimbal_manager_set_manual_control__traits.hpp\n'}
[2.675191] (px4_msgs) StdoutLine: {'line': b'-- Up-to-date symlink: /home/carlos/ros2_ws/install/px4_msgs/include/px4_msgs/px4_msgs/msg/detail/gimbal_manager_set_manual_control__type_support.hpp\n'}
[2.675273] (px4_msgs) StdoutLine: {'line': b'-- Up-to-date symlink: /home/carlos/ros2_ws/install/px4_msgs/include/px4_msgs/px4_msgs/msg/detail/gimbal_manager_status__builder.hpp\n'}
[2.675355] (px4_msgs) StdoutLine: {'line': b'-- Up-to-date symlink: /home/carlos/ros2_ws/install/px4_msgs/include/px4_msgs/px4_msgs/msg/detail/gimbal_manager_status__struct.hpp\n'}
[2.675436] (px4_msgs) StdoutLine: {'line': b'-- Up-to-date symlink: /home/carlos/ros2_ws/install/px4_msgs/include/px4_msgs/px4_msgs/msg/detail/gimbal_manager_status__traits.hpp\n'}
[2.675518] (px4_msgs) StdoutLine: {'line': b'-- Up-to-date symlink: /home/carlos/ros2_ws/install/px4_msgs/include/px4_msgs/px4_msgs/msg/detail/gimbal_manager_status__type_support.hpp\n'}
[2.675600] (px4_msgs) StdoutLine: {'line': b'-- Up-to-date symlink: /home/carlos/ros2_ws/install/px4_msgs/include/px4_msgs/px4_msgs/msg/detail/goto_setpoint__builder.hpp\n'}
[2.675688] (px4_msgs) StdoutLine: {'line': b'-- Up-to-date symlink: /home/carlos/ros2_ws/install/px4_msgs/include/px4_msgs/px4_msgs/msg/detail/goto_setpoint__struct.hpp\n'}
[2.675770] (px4_msgs) StdoutLine: {'line': b'-- Up-to-date symlink: /home/carlos/ros2_ws/install/px4_msgs/include/px4_msgs/px4_msgs/msg/detail/goto_setpoint__traits.hpp\n'}
[2.675851] (px4_msgs) StdoutLine: {'line': b'-- Up-to-date symlink: /home/carlos/ros2_ws/install/px4_msgs/include/px4_msgs/px4_msgs/msg/detail/goto_setpoint__type_support.hpp\n'}
[2.675933] (px4_msgs) StdoutLine: {'line': b'-- Up-to-date symlink: /home/carlos/ros2_ws/install/px4_msgs/include/px4_msgs/px4_msgs/msg/detail/gpio_config__builder.hpp\n'}
[2.676014] (px4_msgs) StdoutLine: {'line': b'-- Up-to-date symlink: /home/carlos/ros2_ws/install/px4_msgs/include/px4_msgs/px4_msgs/msg/detail/gpio_config__struct.hpp\n'}
[2.676106] (px4_msgs) StdoutLine: {'line': b'-- Up-to-date symlink: /home/carlos/ros2_ws/install/px4_msgs/include/px4_msgs/px4_msgs/msg/detail/gpio_config__traits.hpp\n'}
[2.676188] (px4_msgs) StdoutLine: {'line': b'-- Up-to-date symlink: /home/carlos/ros2_ws/install/px4_msgs/include/px4_msgs/px4_msgs/msg/detail/gpio_config__type_support.hpp\n'}
[2.676271] (px4_msgs) StdoutLine: {'line': b'-- Up-to-date symlink: /home/carlos/ros2_ws/install/px4_msgs/include/px4_msgs/px4_msgs/msg/detail/gpio_in__builder.hpp\n'}
[2.676352] (px4_msgs) StdoutLine: {'line': b'-- Up-to-date symlink: /home/carlos/ros2_ws/install/px4_msgs/include/px4_msgs/px4_msgs/msg/detail/gpio_in__struct.hpp\n'}
[2.676433] (px4_msgs) StdoutLine: {'line': b'-- Up-to-date symlink: /home/carlos/ros2_ws/install/px4_msgs/include/px4_msgs/px4_msgs/msg/detail/gpio_in__traits.hpp\n'}
[2.676515] (px4_msgs) StdoutLine: {'line': b'-- Up-to-date symlink: /home/carlos/ros2_ws/install/px4_msgs/include/px4_msgs/px4_msgs/msg/detail/gpio_in__type_support.hpp\n'}
[2.676596] (px4_msgs) StdoutLine: {'line': b'-- Up-to-date symlink: /home/carlos/ros2_ws/install/px4_msgs/include/px4_msgs/px4_msgs/msg/detail/gpio_out__builder.hpp\n'}
[2.676678] (px4_msgs) StdoutLine: {'line': b'-- Up-to-date symlink: /home/carlos/ros2_ws/install/px4_msgs/include/px4_msgs/px4_msgs/msg/detail/gpio_out__struct.hpp\n'}
[2.676759] (px4_msgs) StdoutLine: {'line': b'-- Up-to-date symlink: /home/carlos/ros2_ws/install/px4_msgs/include/px4_msgs/px4_msgs/msg/detail/gpio_out__traits.hpp\n'}
[2.676841] (px4_msgs) StdoutLine: {'line': b'-- Up-to-date symlink: /home/carlos/ros2_ws/install/px4_msgs/include/px4_msgs/px4_msgs/msg/detail/gpio_out__type_support.hpp\n'}
[2.676916] (px4_msgs) StdoutLine: {'line': b'-- Up-to-date symlink: /home/carlos/ros2_ws/install/px4_msgs/include/px4_msgs/px4_msgs/msg/detail/gpio_request__builder.hpp\n'}
[2.676997] (px4_msgs) StdoutLine: {'line': b'-- Up-to-date symlink: /home/carlos/ros2_ws/install/px4_msgs/include/px4_msgs/px4_msgs/msg/detail/gpio_request__struct.hpp\n'}
[2.677089] (px4_msgs) StdoutLine: {'line': b'-- Up-to-date symlink: /home/carlos/ros2_ws/install/px4_msgs/include/px4_msgs/px4_msgs/msg/detail/gpio_request__traits.hpp\n'}
[2.677177] (px4_msgs) StdoutLine: {'line': b'-- Up-to-date symlink: /home/carlos/ros2_ws/install/px4_msgs/include/px4_msgs/px4_msgs/msg/detail/gpio_request__type_support.hpp\n'}
[2.677258] (px4_msgs) StdoutLine: {'line': b'-- Up-to-date symlink: /home/carlos/ros2_ws/install/px4_msgs/include/px4_msgs/px4_msgs/msg/detail/gps_dump__builder.hpp\n'}
[2.677339] (px4_msgs) StdoutLine: {'line': b'-- Up-to-date symlink: /home/carlos/ros2_ws/install/px4_msgs/include/px4_msgs/px4_msgs/msg/detail/gps_dump__struct.hpp\n'}
[2.677420] (px4_msgs) StdoutLine: {'line': b'-- Up-to-date symlink: /home/carlos/ros2_ws/install/px4_msgs/include/px4_msgs/px4_msgs/msg/detail/gps_dump__traits.hpp\n'}
[2.677502] (px4_msgs) StdoutLine: {'line': b'-- Up-to-date symlink: /home/carlos/ros2_ws/install/px4_msgs/include/px4_msgs/px4_msgs/msg/detail/gps_dump__type_support.hpp\n'}
[2.677583] (px4_msgs) StdoutLine: {'line': b'-- Up-to-date symlink: /home/carlos/ros2_ws/install/px4_msgs/include/px4_msgs/px4_msgs/msg/detail/gps_inject_data__builder.hpp\n'}
[2.677664] (px4_msgs) StdoutLine: {'line': b'-- Up-to-date symlink: /home/carlos/ros2_ws/install/px4_msgs/include/px4_msgs/px4_msgs/msg/detail/gps_inject_data__struct.hpp\n'}
[2.677746] (px4_msgs) StdoutLine: {'line': b'-- Up-to-date symlink: /home/carlos/ros2_ws/install/px4_msgs/include/px4_msgs/px4_msgs/msg/detail/gps_inject_data__traits.hpp\n'}
[2.677828] (px4_msgs) StdoutLine: {'line': b'-- Up-to-date symlink: /home/carlos/ros2_ws/install/px4_msgs/include/px4_msgs/px4_msgs/msg/detail/gps_inject_data__type_support.hpp\n'}
[2.677910] (px4_msgs) StdoutLine: {'line': b'-- Up-to-date symlink: /home/carlos/ros2_ws/install/px4_msgs/include/px4_msgs/px4_msgs/msg/detail/gripper__builder.hpp\n'}
[2.677991] (px4_msgs) StdoutLine: {'line': b'-- Up-to-date symlink: /home/carlos/ros2_ws/install/px4_msgs/include/px4_msgs/px4_msgs/msg/detail/gripper__struct.hpp\n'}
[2.678077] (px4_msgs) StdoutLine: {'line': b'-- Up-to-date symlink: /home/carlos/ros2_ws/install/px4_msgs/include/px4_msgs/px4_msgs/msg/detail/gripper__traits.hpp\n'}
[2.678165] (px4_msgs) StdoutLine: {'line': b'-- Up-to-date symlink: /home/carlos/ros2_ws/install/px4_msgs/include/px4_msgs/px4_msgs/msg/detail/gripper__type_support.hpp\n'}
[2.678246] (px4_msgs) StdoutLine: {'line': b'-- Up-to-date symlink: /home/carlos/ros2_ws/install/px4_msgs/include/px4_msgs/px4_msgs/msg/detail/health_report__builder.hpp\n'}
[2.678327] (px4_msgs) StdoutLine: {'line': b'-- Up-to-date symlink: /home/carlos/ros2_ws/install/px4_msgs/include/px4_msgs/px4_msgs/msg/detail/health_report__struct.hpp\n'}
[2.678409] (px4_msgs) StdoutLine: {'line': b'-- Up-to-date symlink: /home/carlos/ros2_ws/install/px4_msgs/include/px4_msgs/px4_msgs/msg/detail/health_report__traits.hpp\n'}
[2.678492] (px4_msgs) StdoutLine: {'line': b'-- Up-to-date symlink: /home/carlos/ros2_ws/install/px4_msgs/include/px4_msgs/px4_msgs/msg/detail/health_report__type_support.hpp\n'}
[2.678574] (px4_msgs) StdoutLine: {'line': b'-- Up-to-date symlink: /home/carlos/ros2_ws/install/px4_msgs/include/px4_msgs/px4_msgs/msg/detail/heater_status__builder.hpp\n'}
[2.678656] (px4_msgs) StdoutLine: {'line': b'-- Up-to-date symlink: /home/carlos/ros2_ws/install/px4_msgs/include/px4_msgs/px4_msgs/msg/detail/heater_status__struct.hpp\n'}
[2.678738] (px4_msgs) StdoutLine: {'line': b'-- Up-to-date symlink: /home/carlos/ros2_ws/install/px4_msgs/include/px4_msgs/px4_msgs/msg/detail/heater_status__traits.hpp\n'}
[2.678821] (px4_msgs) StdoutLine: {'line': b'-- Up-to-date symlink: /home/carlos/ros2_ws/install/px4_msgs/include/px4_msgs/px4_msgs/msg/detail/heater_status__type_support.hpp\n'}
[2.678902] (px4_msgs) StdoutLine: {'line': b'-- Up-to-date symlink: /home/carlos/ros2_ws/install/px4_msgs/include/px4_msgs/px4_msgs/msg/detail/home_position__builder.hpp\n'}
[2.678984] (px4_msgs) StdoutLine: {'line': b'-- Up-to-date symlink: /home/carlos/ros2_ws/install/px4_msgs/include/px4_msgs/px4_msgs/msg/detail/home_position__struct.hpp\n'}
[2.679070] (px4_msgs) StdoutLine: {'line': b'-- Up-to-date symlink: /home/carlos/ros2_ws/install/px4_msgs/include/px4_msgs/px4_msgs/msg/detail/home_position__traits.hpp\n'}
[2.679155] (px4_msgs) StdoutLine: {'line': b'-- Up-to-date symlink: /home/carlos/ros2_ws/install/px4_msgs/include/px4_msgs/px4_msgs/msg/detail/home_position__type_support.hpp\n'}
[2.679237] (px4_msgs) StdoutLine: {'line': b'-- Up-to-date symlink: /home/carlos/ros2_ws/install/px4_msgs/include/px4_msgs/px4_msgs/msg/detail/hover_thrust_estimate__builder.hpp\n'}
[2.679313] (px4_msgs) StdoutLine: {'line': b'-- Up-to-date symlink: /home/carlos/ros2_ws/install/px4_msgs/include/px4_msgs/px4_msgs/msg/detail/hover_thrust_estimate__struct.hpp\n'}
[2.679394] (px4_msgs) StdoutLine: {'line': b'-- Up-to-date symlink: /home/carlos/ros2_ws/install/px4_msgs/include/px4_msgs/px4_msgs/msg/detail/hover_thrust_estimate__traits.hpp\n'}
[2.679476] (px4_msgs) StdoutLine: {'line': b'-- Up-to-date symlink: /home/carlos/ros2_ws/install/px4_msgs/include/px4_msgs/px4_msgs/msg/detail/hover_thrust_estimate__type_support.hpp\n'}
[2.679558] (px4_msgs) StdoutLine: {'line': b'-- Up-to-date symlink: /home/carlos/ros2_ws/install/px4_msgs/include/px4_msgs/px4_msgs/msg/detail/input_rc__builder.hpp\n'}
[2.679639] (px4_msgs) StdoutLine: {'line': b'-- Up-to-date symlink: /home/carlos/ros2_ws/install/px4_msgs/include/px4_msgs/px4_msgs/msg/detail/input_rc__struct.hpp\n'}
[2.679721] (px4_msgs) StdoutLine: {'line': b'-- Up-to-date symlink: /home/carlos/ros2_ws/install/px4_msgs/include/px4_msgs/px4_msgs/msg/detail/input_rc__traits.hpp\n'}
[2.679802] (px4_msgs) StdoutLine: {'line': b'-- Up-to-date symlink: /home/carlos/ros2_ws/install/px4_msgs/include/px4_msgs/px4_msgs/msg/detail/input_rc__type_support.hpp\n'}
[2.679885] (px4_msgs) StdoutLine: {'line': b'-- Up-to-date symlink: /home/carlos/ros2_ws/install/px4_msgs/include/px4_msgs/px4_msgs/msg/detail/internal_combustion_engine_control__builder.hpp\n'}
[2.679968] (px4_msgs) StdoutLine: {'line': b'-- Up-to-date symlink: /home/carlos/ros2_ws/install/px4_msgs/include/px4_msgs/px4_msgs/msg/detail/internal_combustion_engine_control__struct.hpp\n'}
[2.680052] (px4_msgs) StdoutLine: {'line': b'-- Up-to-date symlink: /home/carlos/ros2_ws/install/px4_msgs/include/px4_msgs/px4_msgs/msg/detail/internal_combustion_engine_control__traits.hpp\n'}
[2.680140] (px4_msgs) StdoutLine: {'line': b'-- Up-to-date symlink: /home/carlos/ros2_ws/install/px4_msgs/include/px4_msgs/px4_msgs/msg/detail/internal_combustion_engine_control__type_support.hpp\n'}
[2.680222] (px4_msgs) StdoutLine: {'line': b'-- Up-to-date symlink: /home/carlos/ros2_ws/install/px4_msgs/include/px4_msgs/px4_msgs/msg/detail/internal_combustion_engine_status__builder.hpp\n'}
[2.680308] (px4_msgs) StdoutLine: {'line': b'-- Up-to-date symlink: /home/carlos/ros2_ws/install/px4_msgs/include/px4_msgs/px4_msgs/msg/detail/internal_combustion_engine_status__struct.hpp\n'}
[2.680390] (px4_msgs) StdoutLine: {'line': b'-- Up-to-date symlink: /home/carlos/ros2_ws/install/px4_msgs/include/px4_msgs/px4_msgs/msg/detail/internal_combustion_engine_status__traits.hpp\n'}
[2.680473] (px4_msgs) StdoutLine: {'line': b'-- Up-to-date symlink: /home/carlos/ros2_ws/install/px4_msgs/include/px4_msgs/px4_msgs/msg/detail/internal_combustion_engine_status__type_support.hpp\n'}
[2.680555] (px4_msgs) StdoutLine: {'line': b'-- Up-to-date symlink: /home/carlos/ros2_ws/install/px4_msgs/include/px4_msgs/px4_msgs/msg/detail/iridiumsbd_status__builder.hpp\n'}
[2.680636] (px4_msgs) StdoutLine: {'line': b'-- Up-to-date symlink: /home/carlos/ros2_ws/install/px4_msgs/include/px4_msgs/px4_msgs/msg/detail/iridiumsbd_status__struct.hpp\n'}
[2.680719] (px4_msgs) StdoutLine: {'line': b'-- Up-to-date symlink: /home/carlos/ros2_ws/install/px4_msgs/include/px4_msgs/px4_msgs/msg/detail/iridiumsbd_status__traits.hpp\n'}
[2.680801] (px4_msgs) StdoutLine: {'line': b'-- Up-to-date symlink: /home/carlos/ros2_ws/install/px4_msgs/include/px4_msgs/px4_msgs/msg/detail/iridiumsbd_status__type_support.hpp\n'}
[2.680883] (px4_msgs) StdoutLine: {'line': b'-- Up-to-date symlink: /home/carlos/ros2_ws/install/px4_msgs/include/px4_msgs/px4_msgs/msg/detail/irlock_report__builder.hpp\n'}
[2.680965] (px4_msgs) StdoutLine: {'line': b'-- Up-to-date symlink: /home/carlos/ros2_ws/install/px4_msgs/include/px4_msgs/px4_msgs/msg/detail/irlock_report__struct.hpp\n'}
[2.681051] (px4_msgs) StdoutLine: {'line': b'-- Up-to-date symlink: /home/carlos/ros2_ws/install/px4_msgs/include/px4_msgs/px4_msgs/msg/detail/irlock_report__traits.hpp\n'}
[2.681137] (px4_msgs) StdoutLine: {'line': b'-- Up-to-date symlink: /home/carlos/ros2_ws/install/px4_msgs/include/px4_msgs/px4_msgs/msg/detail/irlock_report__type_support.hpp\n'}
[2.681219] (px4_msgs) StdoutLine: {'line': b'-- Up-to-date symlink: /home/carlos/ros2_ws/install/px4_msgs/include/px4_msgs/px4_msgs/msg/detail/landing_gear__builder.hpp\n'}
[2.681301] (px4_msgs) StdoutLine: {'line': b'-- Up-to-date symlink: /home/carlos/ros2_ws/install/px4_msgs/include/px4_msgs/px4_msgs/msg/detail/landing_gear__struct.hpp\n'}
[2.681383] (px4_msgs) StdoutLine: {'line': b'-- Up-to-date symlink: /home/carlos/ros2_ws/install/px4_msgs/include/px4_msgs/px4_msgs/msg/detail/landing_gear__traits.hpp\n'}
[2.681465] (px4_msgs) StdoutLine: {'line': b'-- Up-to-date symlink: /home/carlos/ros2_ws/install/px4_msgs/include/px4_msgs/px4_msgs/msg/detail/landing_gear__type_support.hpp\n'}
[2.681548] (px4_msgs) StdoutLine: {'line': b'-- Up-to-date symlink: /home/carlos/ros2_ws/install/px4_msgs/include/px4_msgs/px4_msgs/msg/detail/landing_gear_wheel__builder.hpp\n'}
[2.681629] (px4_msgs) StdoutLine: {'line': b'-- Up-to-date symlink: /home/carlos/ros2_ws/install/px4_msgs/include/px4_msgs/px4_msgs/msg/detail/landing_gear_wheel__struct.hpp\n'}
[2.681717] (px4_msgs) StdoutLine: {'line': b'-- Up-to-date symlink: /home/carlos/ros2_ws/install/px4_msgs/include/px4_msgs/px4_msgs/msg/detail/landing_gear_wheel__traits.hpp\n'}
[2.681799] (px4_msgs) StdoutLine: {'line': b'-- Up-to-date symlink: /home/carlos/ros2_ws/install/px4_msgs/include/px4_msgs/px4_msgs/msg/detail/landing_gear_wheel__type_support.hpp\n'}
[2.681880] (px4_msgs) StdoutLine: {'line': b'-- Up-to-date symlink: /home/carlos/ros2_ws/install/px4_msgs/include/px4_msgs/px4_msgs/msg/detail/landing_target_innovations__builder.hpp\n'}
[2.681962] (px4_msgs) StdoutLine: {'line': b'-- Up-to-date symlink: /home/carlos/ros2_ws/install/px4_msgs/include/px4_msgs/px4_msgs/msg/detail/landing_target_innovations__struct.hpp\n'}
[2.682048] (px4_msgs) StdoutLine: {'line': b'-- Up-to-date symlink: /home/carlos/ros2_ws/install/px4_msgs/include/px4_msgs/px4_msgs/msg/detail/landing_target_innovations__traits.hpp\n'}
[2.682133] (px4_msgs) StdoutLine: {'line': b'-- Up-to-date symlink: /home/carlos/ros2_ws/install/px4_msgs/include/px4_msgs/px4_msgs/msg/detail/landing_target_innovations__type_support.hpp\n'}
[2.682215] (px4_msgs) StdoutLine: {'line': b'-- Up-to-date symlink: /home/carlos/ros2_ws/install/px4_msgs/include/px4_msgs/px4_msgs/msg/detail/landing_target_pose__builder.hpp\n'}
[2.682297] (px4_msgs) StdoutLine: {'line': b'-- Up-to-date symlink: /home/carlos/ros2_ws/install/px4_msgs/include/px4_msgs/px4_msgs/msg/detail/landing_target_pose__struct.hpp\n'}
[2.682379] (px4_msgs) StdoutLine: {'line': b'-- Up-to-date symlink: /home/carlos/ros2_ws/install/px4_msgs/include/px4_msgs/px4_msgs/msg/detail/landing_target_pose__traits.hpp\n'}
[2.682460] (px4_msgs) StdoutLine: {'line': b'-- Up-to-date symlink: /home/carlos/ros2_ws/install/px4_msgs/include/px4_msgs/px4_msgs/msg/detail/landing_target_pose__type_support.hpp\n'}
[2.682543] (px4_msgs) StdoutLine: {'line': b'-- Up-to-date symlink: /home/carlos/ros2_ws/install/px4_msgs/include/px4_msgs/px4_msgs/msg/detail/lateral_control_configuration__builder.hpp\n'}
[2.682625] (px4_msgs) StdoutLine: {'line': b'-- Up-to-date symlink: /home/carlos/ros2_ws/install/px4_msgs/include/px4_msgs/px4_msgs/msg/detail/lateral_control_configuration__struct.hpp\n'}
[2.682706] (px4_msgs) StdoutLine: {'line': b'-- Up-to-date symlink: /home/carlos/ros2_ws/install/px4_msgs/include/px4_msgs/px4_msgs/msg/detail/lateral_control_configuration__traits.hpp\n'}
[2.682790] (px4_msgs) StdoutLine: {'line': b'-- Up-to-date symlink: /home/carlos/ros2_ws/install/px4_msgs/include/px4_msgs/px4_msgs/msg/detail/lateral_control_configuration__type_support.hpp\n'}
[2.682872] (px4_msgs) StdoutLine: {'line': b'-- Up-to-date symlink: /home/carlos/ros2_ws/install/px4_msgs/include/px4_msgs/px4_msgs/msg/detail/launch_detection_status__builder.hpp\n'}
[2.682948] (px4_msgs) StdoutLine: {'line': b'-- Up-to-date symlink: /home/carlos/ros2_ws/install/px4_msgs/include/px4_msgs/px4_msgs/msg/detail/launch_detection_status__struct.hpp\n'}
[2.683029] (px4_msgs) StdoutLine: {'line': b'-- Up-to-date symlink: /home/carlos/ros2_ws/install/px4_msgs/include/px4_msgs/px4_msgs/msg/detail/launch_detection_status__traits.hpp\n'}
[2.683120] (px4_msgs) StdoutLine: {'line': b'-- Up-to-date symlink: /home/carlos/ros2_ws/install/px4_msgs/include/px4_msgs/px4_msgs/msg/detail/launch_detection_status__type_support.hpp\n'}
[2.683202] (px4_msgs) StdoutLine: {'line': b'-- Up-to-date symlink: /home/carlos/ros2_ws/install/px4_msgs/include/px4_msgs/px4_msgs/msg/detail/led_control__builder.hpp\n'}
[2.683284] (px4_msgs) StdoutLine: {'line': b'-- Up-to-date symlink: /home/carlos/ros2_ws/install/px4_msgs/include/px4_msgs/px4_msgs/msg/detail/led_control__struct.hpp\n'}
[2.683369] (px4_msgs) StdoutLine: {'line': b'-- Up-to-date symlink: /home/carlos/ros2_ws/install/px4_msgs/include/px4_msgs/px4_msgs/msg/detail/led_control__traits.hpp\n'}
[2.683452] (px4_msgs) StdoutLine: {'line': b'-- Up-to-date symlink: /home/carlos/ros2_ws/install/px4_msgs/include/px4_msgs/px4_msgs/msg/detail/led_control__type_support.hpp\n'}
[2.683533] (px4_msgs) StdoutLine: {'line': b'-- Up-to-date symlink: /home/carlos/ros2_ws/install/px4_msgs/include/px4_msgs/px4_msgs/msg/detail/log_message__builder.hpp\n'}
[2.683614] (px4_msgs) StdoutLine: {'line': b'-- Up-to-date symlink: /home/carlos/ros2_ws/install/px4_msgs/include/px4_msgs/px4_msgs/msg/detail/log_message__struct.hpp\n'}
[2.683695] (px4_msgs) StdoutLine: {'line': b'-- Up-to-date symlink: /home/carlos/ros2_ws/install/px4_msgs/include/px4_msgs/px4_msgs/msg/detail/log_message__traits.hpp\n'}
[2.683777] (px4_msgs) StdoutLine: {'line': b'-- Up-to-date symlink: /home/carlos/ros2_ws/install/px4_msgs/include/px4_msgs/px4_msgs/msg/detail/log_message__type_support.hpp\n'}
[2.683859] (px4_msgs) StdoutLine: {'line': b'-- Up-to-date symlink: /home/carlos/ros2_ws/install/px4_msgs/include/px4_msgs/px4_msgs/msg/detail/logger_status__builder.hpp\n'}
[2.683940] (px4_msgs) StdoutLine: {'line': b'-- Up-to-date symlink: /home/carlos/ros2_ws/install/px4_msgs/include/px4_msgs/px4_msgs/msg/detail/logger_status__struct.hpp\n'}
[2.684020] (px4_msgs) StdoutLine: {'line': b'-- Up-to-date symlink: /home/carlos/ros2_ws/install/px4_msgs/include/px4_msgs/px4_msgs/msg/detail/logger_status__traits.hpp\n'}
[2.684118] (px4_msgs) StdoutLine: {'line': b'-- Up-to-date symlink: /home/carlos/ros2_ws/install/px4_msgs/include/px4_msgs/px4_msgs/msg/detail/logger_status__type_support.hpp\n'}
[2.684203] (px4_msgs) StdoutLine: {'line': b'-- Up-to-date symlink: /home/carlos/ros2_ws/install/px4_msgs/include/px4_msgs/px4_msgs/msg/detail/longitudinal_control_configuration__builder.hpp\n'}
[2.684285] (px4_msgs) StdoutLine: {'line': b'-- Up-to-date symlink: /home/carlos/ros2_ws/install/px4_msgs/include/px4_msgs/px4_msgs/msg/detail/longitudinal_control_configuration__struct.hpp\n'}
[2.684367] (px4_msgs) StdoutLine: {'line': b'-- Up-to-date symlink: /home/carlos/ros2_ws/install/px4_msgs/include/px4_msgs/px4_msgs/msg/detail/longitudinal_control_configuration__traits.hpp\n'}
[2.684449] (px4_msgs) StdoutLine: {'line': b'-- Up-to-date symlink: /home/carlos/ros2_ws/install/px4_msgs/include/px4_msgs/px4_msgs/msg/detail/longitudinal_control_configuration__type_support.hpp\n'}
[2.684529] (px4_msgs) StdoutLine: {'line': b'-- Up-to-date symlink: /home/carlos/ros2_ws/install/px4_msgs/include/px4_msgs/px4_msgs/msg/detail/mag_worker_data__builder.hpp\n'}
[2.684610] (px4_msgs) StdoutLine: {'line': b'-- Up-to-date symlink: /home/carlos/ros2_ws/install/px4_msgs/include/px4_msgs/px4_msgs/msg/detail/mag_worker_data__struct.hpp\n'}
[2.684692] (px4_msgs) StdoutLine: {'line': b'-- Up-to-date symlink: /home/carlos/ros2_ws/install/px4_msgs/include/px4_msgs/px4_msgs/msg/detail/mag_worker_data__traits.hpp\n'}
[2.684774] (px4_msgs) StdoutLine: {'line': b'-- Up-to-date symlink: /home/carlos/ros2_ws/install/px4_msgs/include/px4_msgs/px4_msgs/msg/detail/mag_worker_data__type_support.hpp\n'}
[2.684856] (px4_msgs) StdoutLine: {'line': b'-- Up-to-date symlink: /home/carlos/ros2_ws/install/px4_msgs/include/px4_msgs/px4_msgs/msg/detail/magnetometer_bias_estimate__builder.hpp\n'}
[2.684938] (px4_msgs) StdoutLine: {'line': b'-- Up-to-date symlink: /home/carlos/ros2_ws/install/px4_msgs/include/px4_msgs/px4_msgs/msg/detail/magnetometer_bias_estimate__struct.hpp\n'}
[2.685020] (px4_msgs) StdoutLine: {'line': b'-- Up-to-date symlink: /home/carlos/ros2_ws/install/px4_msgs/include/px4_msgs/px4_msgs/msg/detail/magnetometer_bias_estimate__traits.hpp\n'}
[2.685112] (px4_msgs) StdoutLine: {'line': b'-- Up-to-date symlink: /home/carlos/ros2_ws/install/px4_msgs/include/px4_msgs/px4_msgs/msg/detail/magnetometer_bias_estimate__type_support.hpp\n'}
[2.685195] (px4_msgs) StdoutLine: {'line': b'-- Up-to-date symlink: /home/carlos/ros2_ws/install/px4_msgs/include/px4_msgs/px4_msgs/msg/detail/manual_control_setpoint__builder.hpp\n'}
[2.685277] (px4_msgs) StdoutLine: {'line': b'-- Up-to-date symlink: /home/carlos/ros2_ws/install/px4_msgs/include/px4_msgs/px4_msgs/msg/detail/manual_control_setpoint__struct.hpp\n'}
[2.685353] (px4_msgs) StdoutLine: {'line': b'-- Up-to-date symlink: /home/carlos/ros2_ws/install/px4_msgs/include/px4_msgs/px4_msgs/msg/detail/manual_control_setpoint__traits.hpp\n'}
[2.685436] (px4_msgs) StdoutLine: {'line': b'-- Up-to-date symlink: /home/carlos/ros2_ws/install/px4_msgs/include/px4_msgs/px4_msgs/msg/detail/manual_control_setpoint__type_support.hpp\n'}
[2.685517] (px4_msgs) StdoutLine: {'line': b'-- Up-to-date symlink: /home/carlos/ros2_ws/install/px4_msgs/include/px4_msgs/px4_msgs/msg/detail/manual_control_switches__builder.hpp\n'}
[2.685600] (px4_msgs) StdoutLine: {'line': b'-- Up-to-date symlink: /home/carlos/ros2_ws/install/px4_msgs/include/px4_msgs/px4_msgs/msg/detail/manual_control_switches__struct.hpp\n'}
[2.685682] (px4_msgs) StdoutLine: {'line': b'-- Up-to-date symlink: /home/carlos/ros2_ws/install/px4_msgs/include/px4_msgs/px4_msgs/msg/detail/manual_control_switches__traits.hpp\n'}
[2.685764] (px4_msgs) StdoutLine: {'line': b'-- Up-to-date symlink: /home/carlos/ros2_ws/install/px4_msgs/include/px4_msgs/px4_msgs/msg/detail/manual_control_switches__type_support.hpp\n'}
[2.685846] (px4_msgs) StdoutLine: {'line': b'-- Up-to-date symlink: /home/carlos/ros2_ws/install/px4_msgs/include/px4_msgs/px4_msgs/msg/detail/mavlink_log__builder.hpp\n'}
[2.685928] (px4_msgs) StdoutLine: {'line': b'-- Up-to-date symlink: /home/carlos/ros2_ws/install/px4_msgs/include/px4_msgs/px4_msgs/msg/detail/mavlink_log__struct.hpp\n'}
[2.686010] (px4_msgs) StdoutLine: {'line': b'-- Up-to-date symlink: /home/carlos/ros2_ws/install/px4_msgs/include/px4_msgs/px4_msgs/msg/detail/mavlink_log__traits.hpp\n'}
[2.686096] (px4_msgs) StdoutLine: {'line': b'-- Up-to-date symlink: /home/carlos/ros2_ws/install/px4_msgs/include/px4_msgs/px4_msgs/msg/detail/mavlink_log__type_support.hpp\n'}
[2.686178] (px4_msgs) StdoutLine: {'line': b'-- Up-to-date symlink: /home/carlos/ros2_ws/install/px4_msgs/include/px4_msgs/px4_msgs/msg/detail/mavlink_tunnel__builder.hpp\n'}
[2.686261] (px4_msgs) StdoutLine: {'line': b'-- Up-to-date symlink: /home/carlos/ros2_ws/install/px4_msgs/include/px4_msgs/px4_msgs/msg/detail/mavlink_tunnel__struct.hpp\n'}
[2.686342] (px4_msgs) StdoutLine: {'line': b'-- Up-to-date symlink: /home/carlos/ros2_ws/install/px4_msgs/include/px4_msgs/px4_msgs/msg/detail/mavlink_tunnel__traits.hpp\n'}
[2.686424] (px4_msgs) StdoutLine: {'line': b'-- Up-to-date symlink: /home/carlos/ros2_ws/install/px4_msgs/include/px4_msgs/px4_msgs/msg/detail/mavlink_tunnel__type_support.hpp\n'}
[2.686516] (px4_msgs) StdoutLine: {'line': b'-- Up-to-date symlink: /home/carlos/ros2_ws/install/px4_msgs/include/px4_msgs/px4_msgs/msg/detail/message_format_request__builder.hpp\n'}
[2.686600] (px4_msgs) StdoutLine: {'line': b'-- Up-to-date symlink: /home/carlos/ros2_ws/install/px4_msgs/include/px4_msgs/px4_msgs/msg/detail/message_format_request__struct.hpp\n'}
[2.686682] (px4_msgs) StdoutLine: {'line': b'-- Up-to-date symlink: /home/carlos/ros2_ws/install/px4_msgs/include/px4_msgs/px4_msgs/msg/detail/message_format_request__traits.hpp\n'}
[2.686764] (px4_msgs) StdoutLine: {'line': b'-- Up-to-date symlink: /home/carlos/ros2_ws/install/px4_msgs/include/px4_msgs/px4_msgs/msg/detail/message_format_request__type_support.hpp\n'}
[2.686846] (px4_msgs) StdoutLine: {'line': b'-- Up-to-date symlink: /home/carlos/ros2_ws/install/px4_msgs/include/px4_msgs/px4_msgs/msg/detail/message_format_response__builder.hpp\n'}
[2.686928] (px4_msgs) StdoutLine: {'line': b'-- Up-to-date symlink: /home/carlos/ros2_ws/install/px4_msgs/include/px4_msgs/px4_msgs/msg/detail/message_format_response__struct.hpp\n'}
[2.687009] (px4_msgs) StdoutLine: {'line': b'-- Up-to-date symlink: /home/carlos/ros2_ws/install/px4_msgs/include/px4_msgs/px4_msgs/msg/detail/message_format_response__traits.hpp\n'}
[2.687098] (px4_msgs) StdoutLine: {'line': b'-- Up-to-date symlink: /home/carlos/ros2_ws/install/px4_msgs/include/px4_msgs/px4_msgs/msg/detail/message_format_response__type_support.hpp\n'}
[2.687185] (px4_msgs) StdoutLine: {'line': b'-- Up-to-date symlink: /home/carlos/ros2_ws/install/px4_msgs/include/px4_msgs/px4_msgs/msg/detail/mission__builder.hpp\n'}
[2.687268] (px4_msgs) StdoutLine: {'line': b'-- Up-to-date symlink: /home/carlos/ros2_ws/install/px4_msgs/include/px4_msgs/px4_msgs/msg/detail/mission__struct.hpp\n'}
[2.687350] (px4_msgs) StdoutLine: {'line': b'-- Up-to-date symlink: /home/carlos/ros2_ws/install/px4_msgs/include/px4_msgs/px4_msgs/msg/detail/mission__traits.hpp\n'}
[2.687431] (px4_msgs) StdoutLine: {'line': b'-- Up-to-date symlink: /home/carlos/ros2_ws/install/px4_msgs/include/px4_msgs/px4_msgs/msg/detail/mission__type_support.hpp\n'}
[2.687513] (px4_msgs) StdoutLine: {'line': b'-- Up-to-date symlink: /home/carlos/ros2_ws/install/px4_msgs/include/px4_msgs/px4_msgs/msg/detail/mission_result__builder.hpp\n'}
[2.687594] (px4_msgs) StdoutLine: {'line': b'-- Up-to-date symlink: /home/carlos/ros2_ws/install/px4_msgs/include/px4_msgs/px4_msgs/msg/detail/mission_result__struct.hpp\n'}
[2.687676] (px4_msgs) StdoutLine: {'line': b'-- Up-to-date symlink: /home/carlos/ros2_ws/install/px4_msgs/include/px4_msgs/px4_msgs/msg/detail/mission_result__traits.hpp\n'}
[2.687752] (px4_msgs) StdoutLine: {'line': b'-- Up-to-date symlink: /home/carlos/ros2_ws/install/px4_msgs/include/px4_msgs/px4_msgs/msg/detail/mission_result__type_support.hpp\n'}
[2.687834] (px4_msgs) StdoutLine: {'line': b'-- Up-to-date symlink: /home/carlos/ros2_ws/install/px4_msgs/include/px4_msgs/px4_msgs/msg/detail/mode_completed__builder.hpp\n'}
[2.687916] (px4_msgs) StdoutLine: {'line': b'-- Up-to-date symlink: /home/carlos/ros2_ws/install/px4_msgs/include/px4_msgs/px4_msgs/msg/detail/mode_completed__struct.hpp\n'}
[2.687998] (px4_msgs) StdoutLine: {'line': b'-- Up-to-date symlink: /home/carlos/ros2_ws/install/px4_msgs/include/px4_msgs/px4_msgs/msg/detail/mode_completed__traits.hpp\n'}
[2.688086] (px4_msgs) StdoutLine: {'line': b'-- Up-to-date symlink: /home/carlos/ros2_ws/install/px4_msgs/include/px4_msgs/px4_msgs/msg/detail/mode_completed__type_support.hpp\n'}
[2.688174] (px4_msgs) StdoutLine: {'line': b'-- Up-to-date symlink: /home/carlos/ros2_ws/install/px4_msgs/include/px4_msgs/px4_msgs/msg/detail/mount_orientation__builder.hpp\n'}
[2.688256] (px4_msgs) StdoutLine: {'line': b'-- Up-to-date symlink: /home/carlos/ros2_ws/install/px4_msgs/include/px4_msgs/px4_msgs/msg/detail/mount_orientation__struct.hpp\n'}
[2.688339] (px4_msgs) StdoutLine: {'line': b'-- Up-to-date symlink: /home/carlos/ros2_ws/install/px4_msgs/include/px4_msgs/px4_msgs/msg/detail/mount_orientation__traits.hpp\n'}
[2.688420] (px4_msgs) StdoutLine: {'line': b'-- Up-to-date symlink: /home/carlos/ros2_ws/install/px4_msgs/include/px4_msgs/px4_msgs/msg/detail/mount_orientation__type_support.hpp\n'}
[2.688502] (px4_msgs) StdoutLine: {'line': b'-- Up-to-date symlink: /home/carlos/ros2_ws/install/px4_msgs/include/px4_msgs/px4_msgs/msg/detail/navigator_mission_item__builder.hpp\n'}
[2.688583] (px4_msgs) StdoutLine: {'line': b'-- Up-to-date symlink: /home/carlos/ros2_ws/install/px4_msgs/include/px4_msgs/px4_msgs/msg/detail/navigator_mission_item__struct.hpp\n'}
[2.688664] (px4_msgs) StdoutLine: {'line': b'-- Up-to-date symlink: /home/carlos/ros2_ws/install/px4_msgs/include/px4_msgs/px4_msgs/msg/detail/navigator_mission_item__traits.hpp\n'}
[2.688746] (px4_msgs) StdoutLine: {'line': b'-- Up-to-date symlink: /home/carlos/ros2_ws/install/px4_msgs/include/px4_msgs/px4_msgs/msg/detail/navigator_mission_item__type_support.hpp\n'}
[2.688828] (px4_msgs) StdoutLine: {'line': b'-- Up-to-date symlink: /home/carlos/ros2_ws/install/px4_msgs/include/px4_msgs/px4_msgs/msg/detail/navigator_status__builder.hpp\n'}
[2.688916] (px4_msgs) StdoutLine: {'line': b'-- Up-to-date symlink: /home/carlos/ros2_ws/install/px4_msgs/include/px4_msgs/px4_msgs/msg/detail/navigator_status__struct.hpp\n'}
[2.688997] (px4_msgs) StdoutLine: {'line': b'-- Up-to-date symlink: /home/carlos/ros2_ws/install/px4_msgs/include/px4_msgs/px4_msgs/msg/detail/navigator_status__traits.hpp\n'}
[2.689086] (px4_msgs) StdoutLine: {'line': b'-- Up-to-date symlink: /home/carlos/ros2_ws/install/px4_msgs/include/px4_msgs/px4_msgs/msg/detail/navigator_status__type_support.hpp\n'}
[2.689173] (px4_msgs) StdoutLine: {'line': b'-- Up-to-date symlink: /home/carlos/ros2_ws/install/px4_msgs/include/px4_msgs/px4_msgs/msg/detail/neural_control__builder.hpp\n'}
[2.689255] (px4_msgs) StdoutLine: {'line': b'-- Up-to-date symlink: /home/carlos/ros2_ws/install/px4_msgs/include/px4_msgs/px4_msgs/msg/detail/neural_control__struct.hpp\n'}
[2.689337] (px4_msgs) StdoutLine: {'line': b'-- Up-to-date symlink: /home/carlos/ros2_ws/install/px4_msgs/include/px4_msgs/px4_msgs/msg/detail/neural_control__traits.hpp\n'}
[2.689419] (px4_msgs) StdoutLine: {'line': b'-- Up-to-date symlink: /home/carlos/ros2_ws/install/px4_msgs/include/px4_msgs/px4_msgs/msg/detail/neural_control__type_support.hpp\n'}
[2.689501] (px4_msgs) StdoutLine: {'line': b'-- Up-to-date symlink: /home/carlos/ros2_ws/install/px4_msgs/include/px4_msgs/px4_msgs/msg/detail/normalized_unsigned_setpoint__builder.hpp\n'}
[2.689583] (px4_msgs) StdoutLine: {'line': b'-- Up-to-date symlink: /home/carlos/ros2_ws/install/px4_msgs/include/px4_msgs/px4_msgs/msg/detail/normalized_unsigned_setpoint__struct.hpp\n'}
[2.689669] (px4_msgs) StdoutLine: {'line': b'-- Up-to-date symlink: /home/carlos/ros2_ws/install/px4_msgs/include/px4_msgs/px4_msgs/msg/detail/normalized_unsigned_setpoint__traits.hpp\n'}
[2.689752] (px4_msgs) StdoutLine: {'line': b'-- Up-to-date symlink: /home/carlos/ros2_ws/install/px4_msgs/include/px4_msgs/px4_msgs/msg/detail/normalized_unsigned_setpoint__type_support.hpp\n'}
[2.689835] (px4_msgs) StdoutLine: {'line': b'-- Up-to-date symlink: /home/carlos/ros2_ws/install/px4_msgs/include/px4_msgs/px4_msgs/msg/detail/obstacle_distance__builder.hpp\n'}
[2.689916] (px4_msgs) StdoutLine: {'line': b'-- Up-to-date symlink: /home/carlos/ros2_ws/install/px4_msgs/include/px4_msgs/px4_msgs/msg/detail/obstacle_distance__struct.hpp\n'}
[2.689998] (px4_msgs) StdoutLine: {'line': b'-- Up-to-date symlink: /home/carlos/ros2_ws/install/px4_msgs/include/px4_msgs/px4_msgs/msg/detail/obstacle_distance__traits.hpp\n'}
[2.690084] (px4_msgs) StdoutLine: {'line': b'-- Up-to-date symlink: /home/carlos/ros2_ws/install/px4_msgs/include/px4_msgs/px4_msgs/msg/detail/obstacle_distance__type_support.hpp\n'}
[2.690160] (px4_msgs) StdoutLine: {'line': b'-- Up-to-date symlink: /home/carlos/ros2_ws/install/px4_msgs/include/px4_msgs/px4_msgs/msg/detail/offboard_control_mode__builder.hpp\n'}
[2.690242] (px4_msgs) StdoutLine: {'line': b'-- Up-to-date symlink: /home/carlos/ros2_ws/install/px4_msgs/include/px4_msgs/px4_msgs/msg/detail/offboard_control_mode__struct.hpp\n'}
[2.690323] (px4_msgs) StdoutLine: {'line': b'-- Up-to-date symlink: /home/carlos/ros2_ws/install/px4_msgs/include/px4_msgs/px4_msgs/msg/detail/offboard_control_mode__traits.hpp\n'}
[2.690405] (px4_msgs) StdoutLine: {'line': b'-- Up-to-date symlink: /home/carlos/ros2_ws/install/px4_msgs/include/px4_msgs/px4_msgs/msg/detail/offboard_control_mode__type_support.hpp\n'}
[2.690487] (px4_msgs) StdoutLine: {'line': b'-- Up-to-date symlink: /home/carlos/ros2_ws/install/px4_msgs/include/px4_msgs/px4_msgs/msg/detail/onboard_computer_status__builder.hpp\n'}
[2.690569] (px4_msgs) StdoutLine: {'line': b'-- Up-to-date symlink: /home/carlos/ros2_ws/install/px4_msgs/include/px4_msgs/px4_msgs/msg/detail/onboard_computer_status__struct.hpp\n'}
[2.690650] (px4_msgs) StdoutLine: {'line': b'-- Up-to-date symlink: /home/carlos/ros2_ws/install/px4_msgs/include/px4_msgs/px4_msgs/msg/detail/onboard_computer_status__traits.hpp\n'}
[2.690732] (px4_msgs) StdoutLine: {'line': b'-- Up-to-date symlink: /home/carlos/ros2_ws/install/px4_msgs/include/px4_msgs/px4_msgs/msg/detail/onboard_computer_status__type_support.hpp\n'}
[2.690814] (px4_msgs) StdoutLine: {'line': b'-- Up-to-date symlink: /home/carlos/ros2_ws/install/px4_msgs/include/px4_msgs/px4_msgs/msg/detail/open_drone_id_arm_status__builder.hpp\n'}
[2.690895] (px4_msgs) StdoutLine: {'line': b'-- Up-to-date symlink: /home/carlos/ros2_ws/install/px4_msgs/include/px4_msgs/px4_msgs/msg/detail/open_drone_id_arm_status__struct.hpp\n'}
[2.690977] (px4_msgs) StdoutLine: {'line': b'-- Up-to-date symlink: /home/carlos/ros2_ws/install/px4_msgs/include/px4_msgs/px4_msgs/msg/detail/open_drone_id_arm_status__traits.hpp\n'}
[2.691062] (px4_msgs) StdoutLine: {'line': b'-- Up-to-date symlink: /home/carlos/ros2_ws/install/px4_msgs/include/px4_msgs/px4_msgs/msg/detail/open_drone_id_arm_status__type_support.hpp\n'}
[2.691147] (px4_msgs) StdoutLine: {'line': b'-- Up-to-date symlink: /home/carlos/ros2_ws/install/px4_msgs/include/px4_msgs/px4_msgs/msg/detail/open_drone_id_operator_id__builder.hpp\n'}
[2.691229] (px4_msgs) StdoutLine: {'line': b'-- Up-to-date symlink: /home/carlos/ros2_ws/install/px4_msgs/include/px4_msgs/px4_msgs/msg/detail/open_drone_id_operator_id__struct.hpp\n'}
[2.691317] (px4_msgs) StdoutLine: {'line': b'-- Up-to-date symlink: /home/carlos/ros2_ws/install/px4_msgs/include/px4_msgs/px4_msgs/msg/detail/open_drone_id_operator_id__traits.hpp\n'}
[2.691400] (px4_msgs) StdoutLine: {'line': b'-- Up-to-date symlink: /home/carlos/ros2_ws/install/px4_msgs/include/px4_msgs/px4_msgs/msg/detail/open_drone_id_operator_id__type_support.hpp\n'}
[2.691483] (px4_msgs) StdoutLine: {'line': b'-- Up-to-date symlink: /home/carlos/ros2_ws/install/px4_msgs/include/px4_msgs/px4_msgs/msg/detail/open_drone_id_self_id__builder.hpp\n'}
[2.691564] (px4_msgs) StdoutLine: {'line': b'-- Up-to-date symlink: /home/carlos/ros2_ws/install/px4_msgs/include/px4_msgs/px4_msgs/msg/detail/open_drone_id_self_id__struct.hpp\n'}
[2.691646] (px4_msgs) StdoutLine: {'line': b'-- Up-to-date symlink: /home/carlos/ros2_ws/install/px4_msgs/include/px4_msgs/px4_msgs/msg/detail/open_drone_id_self_id__traits.hpp\n'}
[2.691728] (px4_msgs) StdoutLine: {'line': b'-- Up-to-date symlink: /home/carlos/ros2_ws/install/px4_msgs/include/px4_msgs/px4_msgs/msg/detail/open_drone_id_self_id__type_support.hpp\n'}
[2.691810] (px4_msgs) StdoutLine: {'line': b'-- Up-to-date symlink: /home/carlos/ros2_ws/install/px4_msgs/include/px4_msgs/px4_msgs/msg/detail/open_drone_id_system__builder.hpp\n'}
[2.691892] (px4_msgs) StdoutLine: {'line': b'-- Up-to-date symlink: /home/carlos/ros2_ws/install/px4_msgs/include/px4_msgs/px4_msgs/msg/detail/open_drone_id_system__struct.hpp\n'}
[2.691974] (px4_msgs) StdoutLine: {'line': b'-- Up-to-date symlink: /home/carlos/ros2_ws/install/px4_msgs/include/px4_msgs/px4_msgs/msg/detail/open_drone_id_system__traits.hpp\n'}
[2.692060] (px4_msgs) StdoutLine: {'line': b'-- Up-to-date symlink: /home/carlos/ros2_ws/install/px4_msgs/include/px4_msgs/px4_msgs/msg/detail/open_drone_id_system__type_support.hpp\n'}
[2.692144] (px4_msgs) StdoutLine: {'line': b'-- Up-to-date symlink: /home/carlos/ros2_ws/install/px4_msgs/include/px4_msgs/px4_msgs/msg/detail/orb_test__builder.hpp\n'}
[2.692227] (px4_msgs) StdoutLine: {'line': b'-- Up-to-date symlink: /home/carlos/ros2_ws/install/px4_msgs/include/px4_msgs/px4_msgs/msg/detail/orb_test__struct.hpp\n'}
[2.692309] (px4_msgs) StdoutLine: {'line': b'-- Up-to-date symlink: /home/carlos/ros2_ws/install/px4_msgs/include/px4_msgs/px4_msgs/msg/detail/orb_test__traits.hpp\n'}
[2.692390] (px4_msgs) StdoutLine: {'line': b'-- Up-to-date symlink: /home/carlos/ros2_ws/install/px4_msgs/include/px4_msgs/px4_msgs/msg/detail/orb_test__type_support.hpp\n'}
[2.692472] (px4_msgs) StdoutLine: {'line': b'-- Up-to-date symlink: /home/carlos/ros2_ws/install/px4_msgs/include/px4_msgs/px4_msgs/msg/detail/orb_test_large__builder.hpp\n'}
[2.692548] (px4_msgs) StdoutLine: {'line': b'-- Up-to-date symlink: /home/carlos/ros2_ws/install/px4_msgs/include/px4_msgs/px4_msgs/msg/detail/orb_test_large__struct.hpp\n'}
[2.692630] (px4_msgs) StdoutLine: {'line': b'-- Up-to-date symlink: /home/carlos/ros2_ws/install/px4_msgs/include/px4_msgs/px4_msgs/msg/detail/orb_test_large__traits.hpp\n'}
[2.692712] (px4_msgs) StdoutLine: {'line': b'-- Up-to-date symlink: /home/carlos/ros2_ws/install/px4_msgs/include/px4_msgs/px4_msgs/msg/detail/orb_test_large__type_support.hpp\n'}
[2.692798] (px4_msgs) StdoutLine: {'line': b'-- Up-to-date symlink: /home/carlos/ros2_ws/install/px4_msgs/include/px4_msgs/px4_msgs/msg/detail/orb_test_medium__builder.hpp\n'}
[2.692880] (px4_msgs) StdoutLine: {'line': b'-- Up-to-date symlink: /home/carlos/ros2_ws/install/px4_msgs/include/px4_msgs/px4_msgs/msg/detail/orb_test_medium__struct.hpp\n'}
[2.692963] (px4_msgs) StdoutLine: {'line': b'-- Up-to-date symlink: /home/carlos/ros2_ws/install/px4_msgs/include/px4_msgs/px4_msgs/msg/detail/orb_test_medium__traits.hpp\n'}
[2.693049] (px4_msgs) StdoutLine: {'line': b'-- Up-to-date symlink: /home/carlos/ros2_ws/install/px4_msgs/include/px4_msgs/px4_msgs/msg/detail/orb_test_medium__type_support.hpp\n'}
[2.693133] (px4_msgs) StdoutLine: {'line': b'-- Up-to-date symlink: /home/carlos/ros2_ws/install/px4_msgs/include/px4_msgs/px4_msgs/msg/detail/orbit_status__builder.hpp\n'}
[2.693217] (px4_msgs) StdoutLine: {'line': b'-- Up-to-date symlink: /home/carlos/ros2_ws/install/px4_msgs/include/px4_msgs/px4_msgs/msg/detail/orbit_status__struct.hpp\n'}
[2.693300] (px4_msgs) StdoutLine: {'line': b'-- Up-to-date symlink: /home/carlos/ros2_ws/install/px4_msgs/include/px4_msgs/px4_msgs/msg/detail/orbit_status__traits.hpp\n'}
[2.693385] (px4_msgs) StdoutLine: {'line': b'-- Up-to-date symlink: /home/carlos/ros2_ws/install/px4_msgs/include/px4_msgs/px4_msgs/msg/detail/orbit_status__type_support.hpp\n'}
[2.693467] (px4_msgs) StdoutLine: {'line': b'-- Up-to-date symlink: /home/carlos/ros2_ws/install/px4_msgs/include/px4_msgs/px4_msgs/msg/detail/parameter_reset_request__builder.hpp\n'}
[2.693549] (px4_msgs) StdoutLine: {'line': b'-- Up-to-date symlink: /home/carlos/ros2_ws/install/px4_msgs/include/px4_msgs/px4_msgs/msg/detail/parameter_reset_request__struct.hpp\n'}
[2.693631] (px4_msgs) StdoutLine: {'line': b'-- Up-to-date symlink: /home/carlos/ros2_ws/install/px4_msgs/include/px4_msgs/px4_msgs/msg/detail/parameter_reset_request__traits.hpp\n'}
[2.693719] (px4_msgs) StdoutLine: {'line': b'-- Up-to-date symlink: /home/carlos/ros2_ws/install/px4_msgs/include/px4_msgs/px4_msgs/msg/detail/parameter_reset_request__type_support.hpp\n'}
[2.693801] (px4_msgs) StdoutLine: {'line': b'-- Up-to-date symlink: /home/carlos/ros2_ws/install/px4_msgs/include/px4_msgs/px4_msgs/msg/detail/parameter_set_used_request__builder.hpp\n'}
[2.693883] (px4_msgs) StdoutLine: {'line': b'-- Up-to-date symlink: /home/carlos/ros2_ws/install/px4_msgs/include/px4_msgs/px4_msgs/msg/detail/parameter_set_used_request__struct.hpp\n'}
[2.693965] (px4_msgs) StdoutLine: {'line': b'-- Up-to-date symlink: /home/carlos/ros2_ws/install/px4_msgs/include/px4_msgs/px4_msgs/msg/detail/parameter_set_used_request__traits.hpp\n'}
[2.694052] (px4_msgs) StdoutLine: {'line': b'-- Up-to-date symlink: /home/carlos/ros2_ws/install/px4_msgs/include/px4_msgs/px4_msgs/msg/detail/parameter_set_used_request__type_support.hpp\n'}
[2.694136] (px4_msgs) StdoutLine: {'line': b'-- Up-to-date symlink: /home/carlos/ros2_ws/install/px4_msgs/include/px4_msgs/px4_msgs/msg/detail/parameter_set_value_request__builder.hpp\n'}
[2.694218] (px4_msgs) StdoutLine: {'line': b'-- Up-to-date symlink: /home/carlos/ros2_ws/install/px4_msgs/include/px4_msgs/px4_msgs/msg/detail/parameter_set_value_request__struct.hpp\n'}
[2.694302] (px4_msgs) StdoutLine: {'line': b'-- Up-to-date symlink: /home/carlos/ros2_ws/install/px4_msgs/include/px4_msgs/px4_msgs/msg/detail/parameter_set_value_request__traits.hpp\n'}
[2.694384] (px4_msgs) StdoutLine: {'line': b'-- Up-to-date symlink: /home/carlos/ros2_ws/install/px4_msgs/include/px4_msgs/px4_msgs/msg/detail/parameter_set_value_request__type_support.hpp\n'}
[2.694468] (px4_msgs) StdoutLine: {'line': b'-- Up-to-date symlink: /home/carlos/ros2_ws/install/px4_msgs/include/px4_msgs/px4_msgs/msg/detail/parameter_set_value_response__builder.hpp\n'}
[2.694551] (px4_msgs) StdoutLine: {'line': b'-- Up-to-date symlink: /home/carlos/ros2_ws/install/px4_msgs/include/px4_msgs/px4_msgs/msg/detail/parameter_set_value_response__struct.hpp\n'}
[2.694634] (px4_msgs) StdoutLine: {'line': b'-- Up-to-date symlink: /home/carlos/ros2_ws/install/px4_msgs/include/px4_msgs/px4_msgs/msg/detail/parameter_set_value_response__traits.hpp\n'}
[2.694716] (px4_msgs) StdoutLine: {'line': b'-- Up-to-date symlink: /home/carlos/ros2_ws/install/px4_msgs/include/px4_msgs/px4_msgs/msg/detail/parameter_set_value_response__type_support.hpp\n'}
[2.694798] (px4_msgs) StdoutLine: {'line': b'-- Up-to-date symlink: /home/carlos/ros2_ws/install/px4_msgs/include/px4_msgs/px4_msgs/msg/detail/parameter_update__builder.hpp\n'}
[2.694880] (px4_msgs) StdoutLine: {'line': b'-- Up-to-date symlink: /home/carlos/ros2_ws/install/px4_msgs/include/px4_msgs/px4_msgs/msg/detail/parameter_update__struct.hpp\n'}
[2.694956] (px4_msgs) StdoutLine: {'line': b'-- Up-to-date symlink: /home/carlos/ros2_ws/install/px4_msgs/include/px4_msgs/px4_msgs/msg/detail/parameter_update__traits.hpp\n'}
[2.695044] (px4_msgs) StdoutLine: {'line': b'-- Up-to-date symlink: /home/carlos/ros2_ws/install/px4_msgs/include/px4_msgs/px4_msgs/msg/detail/parameter_update__type_support.hpp\n'}
[2.695132] (px4_msgs) StdoutLine: {'line': b'-- Up-to-date symlink: /home/carlos/ros2_ws/install/px4_msgs/include/px4_msgs/px4_msgs/msg/detail/ping__builder.hpp\n'}
[2.695214] (px4_msgs) StdoutLine: {'line': b'-- Up-to-date symlink: /home/carlos/ros2_ws/install/px4_msgs/include/px4_msgs/px4_msgs/msg/detail/ping__struct.hpp\n'}
[2.695296] (px4_msgs) StdoutLine: {'line': b'-- Up-to-date symlink: /home/carlos/ros2_ws/install/px4_msgs/include/px4_msgs/px4_msgs/msg/detail/ping__traits.hpp\n'}
[2.695379] (px4_msgs) StdoutLine: {'line': b'-- Up-to-date symlink: /home/carlos/ros2_ws/install/px4_msgs/include/px4_msgs/px4_msgs/msg/detail/ping__type_support.hpp\n'}
[2.695461] (px4_msgs) StdoutLine: {'line': b'-- Up-to-date symlink: /home/carlos/ros2_ws/install/px4_msgs/include/px4_msgs/px4_msgs/msg/detail/position_controller_landing_status__builder.hpp\n'}
[2.695544] (px4_msgs) StdoutLine: {'line': b'-- Up-to-date symlink: /home/carlos/ros2_ws/install/px4_msgs/include/px4_msgs/px4_msgs/msg/detail/position_controller_landing_status__struct.hpp\n'}
[2.695627] (px4_msgs) StdoutLine: {'line': b'-- Up-to-date symlink: /home/carlos/ros2_ws/install/px4_msgs/include/px4_msgs/px4_msgs/msg/detail/position_controller_landing_status__traits.hpp\n'}
[2.695710] (px4_msgs) StdoutLine: {'line': b'-- Up-to-date symlink: /home/carlos/ros2_ws/install/px4_msgs/include/px4_msgs/px4_msgs/msg/detail/position_controller_landing_status__type_support.hpp\n'}
[2.695792] (px4_msgs) StdoutLine: {'line': b'-- Up-to-date symlink: /home/carlos/ros2_ws/install/px4_msgs/include/px4_msgs/px4_msgs/msg/detail/position_controller_status__builder.hpp\n'}
[2.695879] (px4_msgs) StdoutLine: {'line': b'-- Up-to-date symlink: /home/carlos/ros2_ws/install/px4_msgs/include/px4_msgs/px4_msgs/msg/detail/position_controller_status__struct.hpp\n'}
[2.695963] (px4_msgs) StdoutLine: {'line': b'-- Up-to-date symlink: /home/carlos/ros2_ws/install/px4_msgs/include/px4_msgs/px4_msgs/msg/detail/position_controller_status__traits.hpp\n'}
[2.696049] (px4_msgs) StdoutLine: {'line': b'-- Up-to-date symlink: /home/carlos/ros2_ws/install/px4_msgs/include/px4_msgs/px4_msgs/msg/detail/position_controller_status__type_support.hpp\n'}
[2.696142] (px4_msgs) StdoutLine: {'line': b'-- Up-to-date symlink: /home/carlos/ros2_ws/install/px4_msgs/include/px4_msgs/px4_msgs/msg/detail/position_setpoint__builder.hpp\n'}
[2.696225] (px4_msgs) StdoutLine: {'line': b'-- Up-to-date symlink: /home/carlos/ros2_ws/install/px4_msgs/include/px4_msgs/px4_msgs/msg/detail/position_setpoint__struct.hpp\n'}
[2.696307] (px4_msgs) StdoutLine: {'line': b'-- Up-to-date symlink: /home/carlos/ros2_ws/install/px4_msgs/include/px4_msgs/px4_msgs/msg/detail/position_setpoint__traits.hpp\n'}
[2.696390] (px4_msgs) StdoutLine: {'line': b'-- Up-to-date symlink: /home/carlos/ros2_ws/install/px4_msgs/include/px4_msgs/px4_msgs/msg/detail/position_setpoint__type_support.hpp\n'}
[2.696471] (px4_msgs) StdoutLine: {'line': b'-- Up-to-date symlink: /home/carlos/ros2_ws/install/px4_msgs/include/px4_msgs/px4_msgs/msg/detail/position_setpoint_triplet__builder.hpp\n'}
[2.696553] (px4_msgs) StdoutLine: {'line': b'-- Up-to-date symlink: /home/carlos/ros2_ws/install/px4_msgs/include/px4_msgs/px4_msgs/msg/detail/position_setpoint_triplet__struct.hpp\n'}
[2.696635] (px4_msgs) StdoutLine: {'line': b'-- Up-to-date symlink: /home/carlos/ros2_ws/install/px4_msgs/include/px4_msgs/px4_msgs/msg/detail/position_setpoint_triplet__traits.hpp\n'}
[2.696718] (px4_msgs) StdoutLine: {'line': b'-- Up-to-date symlink: /home/carlos/ros2_ws/install/px4_msgs/include/px4_msgs/px4_msgs/msg/detail/position_setpoint_triplet__type_support.hpp\n'}
[2.696800] (px4_msgs) StdoutLine: {'line': b'-- Up-to-date symlink: /home/carlos/ros2_ws/install/px4_msgs/include/px4_msgs/px4_msgs/msg/detail/power_button_state__builder.hpp\n'}
[2.696883] (px4_msgs) StdoutLine: {'line': b'-- Up-to-date symlink: /home/carlos/ros2_ws/install/px4_msgs/include/px4_msgs/px4_msgs/msg/detail/power_button_state__struct.hpp\n'}
[2.696964] (px4_msgs) StdoutLine: {'line': b'-- Up-to-date symlink: /home/carlos/ros2_ws/install/px4_msgs/include/px4_msgs/px4_msgs/msg/detail/power_button_state__traits.hpp\n'}
[2.697051] (px4_msgs) StdoutLine: {'line': b'-- Up-to-date symlink: /home/carlos/ros2_ws/install/px4_msgs/include/px4_msgs/px4_msgs/msg/detail/power_button_state__type_support.hpp\n'}
[2.697135] (px4_msgs) StdoutLine: {'line': b'-- Up-to-date symlink: /home/carlos/ros2_ws/install/px4_msgs/include/px4_msgs/px4_msgs/msg/detail/power_monitor__builder.hpp\n'}
[2.697217] (px4_msgs) StdoutLine: {'line': b'-- Up-to-date symlink: /home/carlos/ros2_ws/install/px4_msgs/include/px4_msgs/px4_msgs/msg/detail/power_monitor__struct.hpp\n'}
[2.697294] (px4_msgs) StdoutLine: {'line': b'-- Up-to-date symlink: /home/carlos/ros2_ws/install/px4_msgs/include/px4_msgs/px4_msgs/msg/detail/power_monitor__traits.hpp\n'}
[2.697375] (px4_msgs) StdoutLine: {'line': b'-- Up-to-date symlink: /home/carlos/ros2_ws/install/px4_msgs/include/px4_msgs/px4_msgs/msg/detail/power_monitor__type_support.hpp\n'}
[2.697457] (px4_msgs) StdoutLine: {'line': b'-- Up-to-date symlink: /home/carlos/ros2_ws/install/px4_msgs/include/px4_msgs/px4_msgs/msg/detail/pps_capture__builder.hpp\n'}
[2.697538] (px4_msgs) StdoutLine: {'line': b'-- Up-to-date symlink: /home/carlos/ros2_ws/install/px4_msgs/include/px4_msgs/px4_msgs/msg/detail/pps_capture__struct.hpp\n'}
[2.697620] (px4_msgs) StdoutLine: {'line': b'-- Up-to-date symlink: /home/carlos/ros2_ws/install/px4_msgs/include/px4_msgs/px4_msgs/msg/detail/pps_capture__traits.hpp\n'}
[2.697702] (px4_msgs) StdoutLine: {'line': b'-- Up-to-date symlink: /home/carlos/ros2_ws/install/px4_msgs/include/px4_msgs/px4_msgs/msg/detail/pps_capture__type_support.hpp\n'}
[2.697784] (px4_msgs) StdoutLine: {'line': b'-- Up-to-date symlink: /home/carlos/ros2_ws/install/px4_msgs/include/px4_msgs/px4_msgs/msg/detail/pure_pursuit_status__builder.hpp\n'}
[2.697865] (px4_msgs) StdoutLine: {'line': b'-- Up-to-date symlink: /home/carlos/ros2_ws/install/px4_msgs/include/px4_msgs/px4_msgs/msg/detail/pure_pursuit_status__struct.hpp\n'}
[2.697946] (px4_msgs) StdoutLine: {'line': b'-- Up-to-date symlink: /home/carlos/ros2_ws/install/px4_msgs/include/px4_msgs/px4_msgs/msg/detail/pure_pursuit_status__traits.hpp\n'}
[2.698028] (px4_msgs) StdoutLine: {'line': b'-- Up-to-date symlink: /home/carlos/ros2_ws/install/px4_msgs/include/px4_msgs/px4_msgs/msg/detail/pure_pursuit_status__type_support.hpp\n'}
[2.698115] (px4_msgs) StdoutLine: {'line': b'-- Up-to-date symlink: /home/carlos/ros2_ws/install/px4_msgs/include/px4_msgs/px4_msgs/msg/detail/pwm_input__builder.hpp\n'}
[2.698197] (px4_msgs) StdoutLine: {'line': b'-- Up-to-date symlink: /home/carlos/ros2_ws/install/px4_msgs/include/px4_msgs/px4_msgs/msg/detail/pwm_input__struct.hpp\n'}
[2.698279] (px4_msgs) StdoutLine: {'line': b'-- Up-to-date symlink: /home/carlos/ros2_ws/install/px4_msgs/include/px4_msgs/px4_msgs/msg/detail/pwm_input__traits.hpp\n'}
[2.698361] (px4_msgs) StdoutLine: {'line': b'-- Up-to-date symlink: /home/carlos/ros2_ws/install/px4_msgs/include/px4_msgs/px4_msgs/msg/detail/pwm_input__type_support.hpp\n'}
[2.698443] (px4_msgs) StdoutLine: {'line': b'-- Up-to-date symlink: /home/carlos/ros2_ws/install/px4_msgs/include/px4_msgs/px4_msgs/msg/detail/px4io_status__builder.hpp\n'}
[2.698530] (px4_msgs) StdoutLine: {'line': b'-- Up-to-date symlink: /home/carlos/ros2_ws/install/px4_msgs/include/px4_msgs/px4_msgs/msg/detail/px4io_status__struct.hpp\n'}
[2.698611] (px4_msgs) StdoutLine: {'line': b'-- Up-to-date symlink: /home/carlos/ros2_ws/install/px4_msgs/include/px4_msgs/px4_msgs/msg/detail/px4io_status__traits.hpp\n'}
[2.698694] (px4_msgs) StdoutLine: {'line': b'-- Up-to-date symlink: /home/carlos/ros2_ws/install/px4_msgs/include/px4_msgs/px4_msgs/msg/detail/px4io_status__type_support.hpp\n'}
[2.698776] (px4_msgs) StdoutLine: {'line': b'-- Up-to-date symlink: /home/carlos/ros2_ws/install/px4_msgs/include/px4_msgs/px4_msgs/msg/detail/qshell_req__builder.hpp\n'}
[2.698858] (px4_msgs) StdoutLine: {'line': b'-- Up-to-date symlink: /home/carlos/ros2_ws/install/px4_msgs/include/px4_msgs/px4_msgs/msg/detail/qshell_req__struct.hpp\n'}
[2.698939] (px4_msgs) StdoutLine: {'line': b'-- Up-to-date symlink: /home/carlos/ros2_ws/install/px4_msgs/include/px4_msgs/px4_msgs/msg/detail/qshell_req__traits.hpp\n'}
[2.699022] (px4_msgs) StdoutLine: {'line': b'-- Up-to-date symlink: /home/carlos/ros2_ws/install/px4_msgs/include/px4_msgs/px4_msgs/msg/detail/qshell_req__type_support.hpp\n'}
[2.699116] (px4_msgs) StdoutLine: {'line': b'-- Up-to-date symlink: /home/carlos/ros2_ws/install/px4_msgs/include/px4_msgs/px4_msgs/msg/detail/qshell_retval__builder.hpp\n'}
[2.699202] (px4_msgs) StdoutLine: {'line': b'-- Up-to-date symlink: /home/carlos/ros2_ws/install/px4_msgs/include/px4_msgs/px4_msgs/msg/detail/qshell_retval__struct.hpp\n'}
[2.699284] (px4_msgs) StdoutLine: {'line': b'-- Up-to-date symlink: /home/carlos/ros2_ws/install/px4_msgs/include/px4_msgs/px4_msgs/msg/detail/qshell_retval__traits.hpp\n'}
[2.699366] (px4_msgs) StdoutLine: {'line': b'-- Up-to-date symlink: /home/carlos/ros2_ws/install/px4_msgs/include/px4_msgs/px4_msgs/msg/detail/qshell_retval__type_support.hpp\n'}
[2.699449] (px4_msgs) StdoutLine: {'line': b'-- Up-to-date symlink: /home/carlos/ros2_ws/install/px4_msgs/include/px4_msgs/px4_msgs/msg/detail/radio_status__builder.hpp\n'}
[2.699531] (px4_msgs) StdoutLine: {'line': b'-- Up-to-date symlink: /home/carlos/ros2_ws/install/px4_msgs/include/px4_msgs/px4_msgs/msg/detail/radio_status__struct.hpp\n'}
[2.699613] (px4_msgs) StdoutLine: {'line': b'-- Up-to-date symlink: /home/carlos/ros2_ws/install/px4_msgs/include/px4_msgs/px4_msgs/msg/detail/radio_status__traits.hpp\n'}
[2.699696] (px4_msgs) StdoutLine: {'line': b'-- Up-to-date symlink: /home/carlos/ros2_ws/install/px4_msgs/include/px4_msgs/px4_msgs/msg/detail/radio_status__type_support.hpp\n'}
[2.699772] (px4_msgs) StdoutLine: {'line': b'-- Up-to-date symlink: /home/carlos/ros2_ws/install/px4_msgs/include/px4_msgs/px4_msgs/msg/detail/rate_ctrl_status__builder.hpp\n'}
[2.699855] (px4_msgs) StdoutLine: {'line': b'-- Up-to-date symlink: /home/carlos/ros2_ws/install/px4_msgs/include/px4_msgs/px4_msgs/msg/detail/rate_ctrl_status__struct.hpp\n'}
[2.699937] (px4_msgs) StdoutLine: {'line': b'-- Up-to-date symlink: /home/carlos/ros2_ws/install/px4_msgs/include/px4_msgs/px4_msgs/msg/detail/rate_ctrl_status__traits.hpp\n'}
[2.700020] (px4_msgs) StdoutLine: {'line': b'-- Up-to-date symlink: /home/carlos/ros2_ws/install/px4_msgs/include/px4_msgs/px4_msgs/msg/detail/rate_ctrl_status__type_support.hpp\n'}
[2.700112] (px4_msgs) StdoutLine: {'line': b'-- Up-to-date symlink: /home/carlos/ros2_ws/install/px4_msgs/include/px4_msgs/px4_msgs/msg/detail/rc_channels__builder.hpp\n'}
[2.700196] (px4_msgs) StdoutLine: {'line': b'-- Up-to-date symlink: /home/carlos/ros2_ws/install/px4_msgs/include/px4_msgs/px4_msgs/msg/detail/rc_channels__struct.hpp\n'}
[2.700279] (px4_msgs) StdoutLine: {'line': b'-- Up-to-date symlink: /home/carlos/ros2_ws/install/px4_msgs/include/px4_msgs/px4_msgs/msg/detail/rc_channels__traits.hpp\n'}
[2.700361] (px4_msgs) StdoutLine: {'line': b'-- Up-to-date symlink: /home/carlos/ros2_ws/install/px4_msgs/include/px4_msgs/px4_msgs/msg/detail/rc_channels__type_support.hpp\n'}
[2.700443] (px4_msgs) StdoutLine: {'line': b'-- Up-to-date symlink: /home/carlos/ros2_ws/install/px4_msgs/include/px4_msgs/px4_msgs/msg/detail/rc_parameter_map__builder.hpp\n'}
[2.700524] (px4_msgs) StdoutLine: {'line': b'-- Up-to-date symlink: /home/carlos/ros2_ws/install/px4_msgs/include/px4_msgs/px4_msgs/msg/detail/rc_parameter_map__struct.hpp\n'}
[2.700606] (px4_msgs) StdoutLine: {'line': b'-- Up-to-date symlink: /home/carlos/ros2_ws/install/px4_msgs/include/px4_msgs/px4_msgs/msg/detail/rc_parameter_map__traits.hpp\n'}
[2.700688] (px4_msgs) StdoutLine: {'line': b'-- Up-to-date symlink: /home/carlos/ros2_ws/install/px4_msgs/include/px4_msgs/px4_msgs/msg/detail/rc_parameter_map__type_support.hpp\n'}
[2.700772] (px4_msgs) StdoutLine: {'line': b'-- Up-to-date symlink: /home/carlos/ros2_ws/install/px4_msgs/include/px4_msgs/px4_msgs/msg/detail/register_ext_component_reply__builder.hpp\n'}
[2.700854] (px4_msgs) StdoutLine: {'line': b'-- Up-to-date symlink: /home/carlos/ros2_ws/install/px4_msgs/include/px4_msgs/px4_msgs/msg/detail/register_ext_component_reply__struct.hpp\n'}
[2.700942] (px4_msgs) StdoutLine: {'line': b'-- Up-to-date symlink: /home/carlos/ros2_ws/install/px4_msgs/include/px4_msgs/px4_msgs/msg/detail/register_ext_component_reply__traits.hpp\n'}
[2.701024] (px4_msgs) StdoutLine: {'line': b'-- Up-to-date symlink: /home/carlos/ros2_ws/install/px4_msgs/include/px4_msgs/px4_msgs/msg/detail/register_ext_component_reply__type_support.hpp\n'}
[2.701115] (px4_msgs) StdoutLine: {'line': b'-- Up-to-date symlink: /home/carlos/ros2_ws/install/px4_msgs/include/px4_msgs/px4_msgs/msg/detail/register_ext_component_request__builder.hpp\n'}
[2.701200] (px4_msgs) StdoutLine: {'line': b'-- Up-to-date symlink: /home/carlos/ros2_ws/install/px4_msgs/include/px4_msgs/px4_msgs/msg/detail/register_ext_component_request__struct.hpp\n'}
[2.701283] (px4_msgs) StdoutLine: {'line': b'-- Up-to-date symlink: /home/carlos/ros2_ws/install/px4_msgs/include/px4_msgs/px4_msgs/msg/detail/register_ext_component_request__traits.hpp\n'}
[2.701366] (px4_msgs) StdoutLine: {'line': b'-- Up-to-date symlink: /home/carlos/ros2_ws/install/px4_msgs/include/px4_msgs/px4_msgs/msg/detail/register_ext_component_request__type_support.hpp\n'}
[2.701450] (px4_msgs) StdoutLine: {'line': b'-- Up-to-date symlink: /home/carlos/ros2_ws/install/px4_msgs/include/px4_msgs/px4_msgs/msg/detail/rover_attitude_setpoint__builder.hpp\n'}
[2.701533] (px4_msgs) StdoutLine: {'line': b'-- Up-to-date symlink: /home/carlos/ros2_ws/install/px4_msgs/include/px4_msgs/px4_msgs/msg/detail/rover_attitude_setpoint__struct.hpp\n'}
[2.701615] (px4_msgs) StdoutLine: {'line': b'-- Up-to-date symlink: /home/carlos/ros2_ws/install/px4_msgs/include/px4_msgs/px4_msgs/msg/detail/rover_attitude_setpoint__traits.hpp\n'}
[2.701698] (px4_msgs) StdoutLine: {'line': b'-- Up-to-date symlink: /home/carlos/ros2_ws/install/px4_msgs/include/px4_msgs/px4_msgs/msg/detail/rover_attitude_setpoint__type_support.hpp\n'}
[2.701781] (px4_msgs) StdoutLine: {'line': b'-- Up-to-date symlink: /home/carlos/ros2_ws/install/px4_msgs/include/px4_msgs/px4_msgs/msg/detail/rover_attitude_status__builder.hpp\n'}
[2.701865] (px4_msgs) StdoutLine: {'line': b'-- Up-to-date symlink: /home/carlos/ros2_ws/install/px4_msgs/include/px4_msgs/px4_msgs/msg/detail/rover_attitude_status__struct.hpp\n'}
[2.701947] (px4_msgs) StdoutLine: {'line': b'-- Up-to-date symlink: /home/carlos/ros2_ws/install/px4_msgs/include/px4_msgs/px4_msgs/msg/detail/rover_attitude_status__traits.hpp\n'}
[2.702030] (px4_msgs) StdoutLine: {'line': b'-- Up-to-date symlink: /home/carlos/ros2_ws/install/px4_msgs/include/px4_msgs/px4_msgs/msg/detail/rover_attitude_status__type_support.hpp\n'}
[2.702117] (px4_msgs) StdoutLine: {'line': b'-- Up-to-date symlink: /home/carlos/ros2_ws/install/px4_msgs/include/px4_msgs/px4_msgs/msg/detail/rover_position_setpoint__builder.hpp\n'}
[2.702199] (px4_msgs) StdoutLine: {'line': b'-- Up-to-date symlink: /home/carlos/ros2_ws/install/px4_msgs/include/px4_msgs/px4_msgs/msg/detail/rover_position_setpoint__struct.hpp\n'}
[2.702282] (px4_msgs) StdoutLine: {'line': b'-- Up-to-date symlink: /home/carlos/ros2_ws/install/px4_msgs/include/px4_msgs/px4_msgs/msg/detail/rover_position_setpoint__traits.hpp\n'}
[2.702366] (px4_msgs) StdoutLine: {'line': b'-- Up-to-date symlink: /home/carlos/ros2_ws/install/px4_msgs/include/px4_msgs/px4_msgs/msg/detail/rover_position_setpoint__type_support.hpp\n'}
[2.702448] (px4_msgs) StdoutLine: {'line': b'-- Up-to-date symlink: /home/carlos/ros2_ws/install/px4_msgs/include/px4_msgs/px4_msgs/msg/detail/rover_rate_setpoint__builder.hpp\n'}
[2.702531] (px4_msgs) StdoutLine: {'line': b'-- Up-to-date symlink: /home/carlos/ros2_ws/install/px4_msgs/include/px4_msgs/px4_msgs/msg/detail/rover_rate_setpoint__struct.hpp\n'}
[2.702612] (px4_msgs) StdoutLine: {'line': b'-- Up-to-date symlink: /home/carlos/ros2_ws/install/px4_msgs/include/px4_msgs/px4_msgs/msg/detail/rover_rate_setpoint__traits.hpp\n'}
[2.702695] (px4_msgs) StdoutLine: {'line': b'-- Up-to-date symlink: /home/carlos/ros2_ws/install/px4_msgs/include/px4_msgs/px4_msgs/msg/detail/rover_rate_setpoint__type_support.hpp\n'}
[2.702777] (px4_msgs) StdoutLine: {'line': b'-- Up-to-date symlink: /home/carlos/ros2_ws/install/px4_msgs/include/px4_msgs/px4_msgs/msg/detail/rover_rate_status__builder.hpp\n'}
[2.702860] (px4_msgs) StdoutLine: {'line': b'-- Up-to-date symlink: /home/carlos/ros2_ws/install/px4_msgs/include/px4_msgs/px4_msgs/msg/detail/rover_rate_status__struct.hpp\n'}
[2.702942] (px4_msgs) StdoutLine: {'line': b'-- Up-to-date symlink: /home/carlos/ros2_ws/install/px4_msgs/include/px4_msgs/px4_msgs/msg/detail/rover_rate_status__traits.hpp\n'}
[2.703024] (px4_msgs) StdoutLine: {'line': b'-- Up-to-date symlink: /home/carlos/ros2_ws/install/px4_msgs/include/px4_msgs/px4_msgs/msg/detail/rover_rate_status__type_support.hpp\n'}
[2.703115] (px4_msgs) StdoutLine: {'line': b'-- Up-to-date symlink: /home/carlos/ros2_ws/install/px4_msgs/include/px4_msgs/px4_msgs/msg/detail/rover_speed_setpoint__builder.hpp\n'}
[2.703197] (px4_msgs) StdoutLine: {'line': b'-- Up-to-date symlink: /home/carlos/ros2_ws/install/px4_msgs/include/px4_msgs/px4_msgs/msg/detail/rover_speed_setpoint__struct.hpp\n'}
[2.703280] (px4_msgs) StdoutLine: {'line': b'-- Up-to-date symlink: /home/carlos/ros2_ws/install/px4_msgs/include/px4_msgs/px4_msgs/msg/detail/rover_speed_setpoint__traits.hpp\n'}
[2.703363] (px4_msgs) StdoutLine: {'line': b'-- Up-to-date symlink: /home/carlos/ros2_ws/install/px4_msgs/include/px4_msgs/px4_msgs/msg/detail/rover_speed_setpoint__type_support.hpp\n'}
[2.703445] (px4_msgs) StdoutLine: {'line': b'-- Up-to-date symlink: /home/carlos/ros2_ws/install/px4_msgs/include/px4_msgs/px4_msgs/msg/detail/rover_speed_status__builder.hpp\n'}
[2.703528] (px4_msgs) StdoutLine: {'line': b'-- Up-to-date symlink: /home/carlos/ros2_ws/install/px4_msgs/include/px4_msgs/px4_msgs/msg/detail/rover_speed_status__struct.hpp\n'}
[2.703610] (px4_msgs) StdoutLine: {'line': b'-- Up-to-date symlink: /home/carlos/ros2_ws/install/px4_msgs/include/px4_msgs/px4_msgs/msg/detail/rover_speed_status__traits.hpp\n'}
[2.703692] (px4_msgs) StdoutLine: {'line': b'-- Up-to-date symlink: /home/carlos/ros2_ws/install/px4_msgs/include/px4_msgs/px4_msgs/msg/detail/rover_speed_status__type_support.hpp\n'}
[2.703775] (px4_msgs) StdoutLine: {'line': b'-- Up-to-date symlink: /home/carlos/ros2_ws/install/px4_msgs/include/px4_msgs/px4_msgs/msg/detail/rover_steering_setpoint__builder.hpp\n'}
[2.703857] (px4_msgs) StdoutLine: {'line': b'-- Up-to-date symlink: /home/carlos/ros2_ws/install/px4_msgs/include/px4_msgs/px4_msgs/msg/detail/rover_steering_setpoint__struct.hpp\n'}
[2.703940] (px4_msgs) StdoutLine: {'line': b'-- Up-to-date symlink: /home/carlos/ros2_ws/install/px4_msgs/include/px4_msgs/px4_msgs/msg/detail/rover_steering_setpoint__traits.hpp\n'}
[2.704022] (px4_msgs) StdoutLine: {'line': b'-- Up-to-date symlink: /home/carlos/ros2_ws/install/px4_msgs/include/px4_msgs/px4_msgs/msg/detail/rover_steering_setpoint__type_support.hpp\n'}
[2.704112] (px4_msgs) StdoutLine: {'line': b'-- Up-to-date symlink: /home/carlos/ros2_ws/install/px4_msgs/include/px4_msgs/px4_msgs/msg/detail/rover_throttle_setpoint__builder.hpp\n'}
[2.704199] (px4_msgs) StdoutLine: {'line': b'-- Up-to-date symlink: /home/carlos/ros2_ws/install/px4_msgs/include/px4_msgs/px4_msgs/msg/detail/rover_throttle_setpoint__struct.hpp\n'}
[2.704281] (px4_msgs) StdoutLine: {'line': b'-- Up-to-date symlink: /home/carlos/ros2_ws/install/px4_msgs/include/px4_msgs/px4_msgs/msg/detail/rover_throttle_setpoint__traits.hpp\n'}
[2.704363] (px4_msgs) StdoutLine: {'line': b'-- Up-to-date symlink: /home/carlos/ros2_ws/install/px4_msgs/include/px4_msgs/px4_msgs/msg/detail/rover_throttle_setpoint__type_support.hpp\n'}
[2.704449] (px4_msgs) StdoutLine: {'line': b'-- Up-to-date symlink: /home/carlos/ros2_ws/install/px4_msgs/include/px4_msgs/px4_msgs/msg/detail/rpm__builder.hpp\n'}
[2.704537] (px4_msgs) StdoutLine: {'line': b'-- Up-to-date symlink: /home/carlos/ros2_ws/install/px4_msgs/include/px4_msgs/px4_msgs/msg/detail/rpm__struct.hpp\n'}
[2.704620] (px4_msgs) StdoutLine: {'line': b'-- Up-to-date symlink: /home/carlos/ros2_ws/install/px4_msgs/include/px4_msgs/px4_msgs/msg/detail/rpm__traits.hpp\n'}
[2.704702] (px4_msgs) StdoutLine: {'line': b'-- Up-to-date symlink: /home/carlos/ros2_ws/install/px4_msgs/include/px4_msgs/px4_msgs/msg/detail/rpm__type_support.hpp\n'}
[2.704785] (px4_msgs) StdoutLine: {'line': b'-- Up-to-date symlink: /home/carlos/ros2_ws/install/px4_msgs/include/px4_msgs/px4_msgs/msg/detail/rtl_status__builder.hpp\n'}
[2.704867] (px4_msgs) StdoutLine: {'line': b'-- Up-to-date symlink: /home/carlos/ros2_ws/install/px4_msgs/include/px4_msgs/px4_msgs/msg/detail/rtl_status__struct.hpp\n'}
[2.704948] (px4_msgs) StdoutLine: {'line': b'-- Up-to-date symlink: /home/carlos/ros2_ws/install/px4_msgs/include/px4_msgs/px4_msgs/msg/detail/rtl_status__traits.hpp\n'}
[2.705030] (px4_msgs) StdoutLine: {'line': b'-- Up-to-date symlink: /home/carlos/ros2_ws/install/px4_msgs/include/px4_msgs/px4_msgs/msg/detail/rtl_status__type_support.hpp\n'}
[2.705122] (px4_msgs) StdoutLine: {'line': b'-- Up-to-date symlink: /home/carlos/ros2_ws/install/px4_msgs/include/px4_msgs/px4_msgs/msg/detail/rtl_time_estimate__builder.hpp\n'}
[2.705203] (px4_msgs) StdoutLine: {'line': b'-- Up-to-date symlink: /home/carlos/ros2_ws/install/px4_msgs/include/px4_msgs/px4_msgs/msg/detail/rtl_time_estimate__struct.hpp\n'}
[2.705285] (px4_msgs) StdoutLine: {'line': b'-- Up-to-date symlink: /home/carlos/ros2_ws/install/px4_msgs/include/px4_msgs/px4_msgs/msg/detail/rtl_time_estimate__traits.hpp\n'}
[2.705367] (px4_msgs) StdoutLine: {'line': b'-- Up-to-date symlink: /home/carlos/ros2_ws/install/px4_msgs/include/px4_msgs/px4_msgs/msg/detail/rtl_time_estimate__type_support.hpp\n'}
[2.705454] (px4_msgs) StdoutLine: {'line': b'-- Up-to-date symlink: /home/carlos/ros2_ws/install/px4_msgs/include/px4_msgs/px4_msgs/msg/detail/satellite_info__builder.hpp\n'}
[2.705537] (px4_msgs) StdoutLine: {'line': b'-- Up-to-date symlink: /home/carlos/ros2_ws/install/px4_msgs/include/px4_msgs/px4_msgs/msg/detail/satellite_info__struct.hpp\n'}
[2.705619] (px4_msgs) StdoutLine: {'line': b'-- Up-to-date symlink: /home/carlos/ros2_ws/install/px4_msgs/include/px4_msgs/px4_msgs/msg/detail/satellite_info__traits.hpp\n'}
[2.705703] (px4_msgs) StdoutLine: {'line': b'-- Up-to-date symlink: /home/carlos/ros2_ws/install/px4_msgs/include/px4_msgs/px4_msgs/msg/detail/satellite_info__type_support.hpp\n'}
[2.705780] (px4_msgs) StdoutLine: {'line': b'-- Up-to-date symlink: /home/carlos/ros2_ws/install/px4_msgs/include/px4_msgs/px4_msgs/msg/detail/sensor_accel__builder.hpp\n'}
[2.705862] (px4_msgs) StdoutLine: {'line': b'-- Up-to-date symlink: /home/carlos/ros2_ws/install/px4_msgs/include/px4_msgs/px4_msgs/msg/detail/sensor_accel__struct.hpp\n'}
[2.705944] (px4_msgs) StdoutLine: {'line': b'-- Up-to-date symlink: /home/carlos/ros2_ws/install/px4_msgs/include/px4_msgs/px4_msgs/msg/detail/sensor_accel__traits.hpp\n'}
[2.706025] (px4_msgs) StdoutLine: {'line': b'-- Up-to-date symlink: /home/carlos/ros2_ws/install/px4_msgs/include/px4_msgs/px4_msgs/msg/detail/sensor_accel__type_support.hpp\n'}
[2.706113] (px4_msgs) StdoutLine: {'line': b'-- Up-to-date symlink: /home/carlos/ros2_ws/install/px4_msgs/include/px4_msgs/px4_msgs/msg/detail/sensor_accel_fifo__builder.hpp\n'}
[2.706196] (px4_msgs) StdoutLine: {'line': b'-- Up-to-date symlink: /home/carlos/ros2_ws/install/px4_msgs/include/px4_msgs/px4_msgs/msg/detail/sensor_accel_fifo__struct.hpp\n'}
[2.706278] (px4_msgs) StdoutLine: {'line': b'-- Up-to-date symlink: /home/carlos/ros2_ws/install/px4_msgs/include/px4_msgs/px4_msgs/msg/detail/sensor_accel_fifo__traits.hpp\n'}
[2.706360] (px4_msgs) StdoutLine: {'line': b'-- Up-to-date symlink: /home/carlos/ros2_ws/install/px4_msgs/include/px4_msgs/px4_msgs/msg/detail/sensor_accel_fifo__type_support.hpp\n'}
[2.706406] (-) TimerEvent: {}
[2.706483] (px4_msgs) StdoutLine: {'line': b'-- Up-to-date symlink: /home/carlos/ros2_ws/install/px4_msgs/include/px4_msgs/px4_msgs/msg/detail/sensor_airflow__builder.hpp\n'}
[2.706555] (px4_msgs) StdoutLine: {'line': b'-- Up-to-date symlink: /home/carlos/ros2_ws/install/px4_msgs/include/px4_msgs/px4_msgs/msg/detail/sensor_airflow__struct.hpp\n'}
[2.706621] (px4_msgs) StdoutLine: {'line': b'-- Up-to-date symlink: /home/carlos/ros2_ws/install/px4_msgs/include/px4_msgs/px4_msgs/msg/detail/sensor_airflow__traits.hpp\n'}
[2.706702] (px4_msgs) StdoutLine: {'line': b'-- Up-to-date symlink: /home/carlos/ros2_ws/install/px4_msgs/include/px4_msgs/px4_msgs/msg/detail/sensor_airflow__type_support.hpp\n'}
[2.706796] (px4_msgs) StdoutLine: {'line': b'-- Up-to-date symlink: /home/carlos/ros2_ws/install/px4_msgs/include/px4_msgs/px4_msgs/msg/detail/sensor_baro__builder.hpp\n'}
[2.706885] (px4_msgs) StdoutLine: {'line': b'-- Up-to-date symlink: /home/carlos/ros2_ws/install/px4_msgs/include/px4_msgs/px4_msgs/msg/detail/sensor_baro__struct.hpp\n'}
[2.706967] (px4_msgs) StdoutLine: {'line': b'-- Up-to-date symlink: /home/carlos/ros2_ws/install/px4_msgs/include/px4_msgs/px4_msgs/msg/detail/sensor_baro__traits.hpp\n'}
[2.707057] (px4_msgs) StdoutLine: {'line': b'-- Up-to-date symlink: /home/carlos/ros2_ws/install/px4_msgs/include/px4_msgs/px4_msgs/msg/detail/sensor_baro__type_support.hpp\n'}
[2.707140] (px4_msgs) StdoutLine: {'line': b'-- Up-to-date symlink: /home/carlos/ros2_ws/install/px4_msgs/include/px4_msgs/px4_msgs/msg/detail/sensor_combined__builder.hpp\n'}
[2.707235] (px4_msgs) StdoutLine: {'line': b'-- Up-to-date symlink: /home/carlos/ros2_ws/install/px4_msgs/include/px4_msgs/px4_msgs/msg/detail/sensor_combined__struct.hpp\n'}
[2.707316] (px4_msgs) StdoutLine: {'line': b'-- Up-to-date symlink: /home/carlos/ros2_ws/install/px4_msgs/include/px4_msgs/px4_msgs/msg/detail/sensor_combined__traits.hpp\n'}
[2.707409] (px4_msgs) StdoutLine: {'line': b'-- Up-to-date symlink: /home/carlos/ros2_ws/install/px4_msgs/include/px4_msgs/px4_msgs/msg/detail/sensor_combined__type_support.hpp\n'}
[2.707491] (px4_msgs) StdoutLine: {'line': b'-- Up-to-date symlink: /home/carlos/ros2_ws/install/px4_msgs/include/px4_msgs/px4_msgs/msg/detail/sensor_correction__builder.hpp\n'}
[2.707592] (px4_msgs) StdoutLine: {'line': b'-- Up-to-date symlink: /home/carlos/ros2_ws/install/px4_msgs/include/px4_msgs/px4_msgs/msg/detail/sensor_correction__struct.hpp\n'}
[2.707672] (px4_msgs) StdoutLine: {'line': b'-- Up-to-date symlink: /home/carlos/ros2_ws/install/px4_msgs/include/px4_msgs/px4_msgs/msg/detail/sensor_correction__traits.hpp\n'}
[2.707762] (px4_msgs) StdoutLine: {'line': b'-- Up-to-date symlink: /home/carlos/ros2_ws/install/px4_msgs/include/px4_msgs/px4_msgs/msg/detail/sensor_correction__type_support.hpp\n'}
[2.707839] (px4_msgs) StdoutLine: {'line': b'-- Up-to-date symlink: /home/carlos/ros2_ws/install/px4_msgs/include/px4_msgs/px4_msgs/msg/detail/sensor_gnss_relative__builder.hpp\n'}
[2.707922] (px4_msgs) StdoutLine: {'line': b'-- Up-to-date symlink: /home/carlos/ros2_ws/install/px4_msgs/include/px4_msgs/px4_msgs/msg/detail/sensor_gnss_relative__struct.hpp\n'}
[2.708007] (px4_msgs) StdoutLine: {'line': b'-- Up-to-date symlink: /home/carlos/ros2_ws/install/px4_msgs/include/px4_msgs/px4_msgs/msg/detail/sensor_gnss_relative__traits.hpp\n'}
[2.708119] (px4_msgs) StdoutLine: {'line': b'-- Up-to-date symlink: /home/carlos/ros2_ws/install/px4_msgs/include/px4_msgs/px4_msgs/msg/detail/sensor_gnss_relative__type_support.hpp\n'}
[2.708231] (px4_msgs) StdoutLine: {'line': b'-- Up-to-date symlink: /home/carlos/ros2_ws/install/px4_msgs/include/px4_msgs/px4_msgs/msg/detail/sensor_gnss_status__builder.hpp\n'}
[2.708339] (px4_msgs) StdoutLine: {'line': b'-- Up-to-date symlink: /home/carlos/ros2_ws/install/px4_msgs/include/px4_msgs/px4_msgs/msg/detail/sensor_gnss_status__struct.hpp\n'}
[2.708461] (px4_msgs) StdoutLine: {'line': b'-- Up-to-date symlink: /home/carlos/ros2_ws/install/px4_msgs/include/px4_msgs/px4_msgs/msg/detail/sensor_gnss_status__traits.hpp\n'}
[2.708540] (px4_msgs) StdoutLine: {'line': b'-- Up-to-date symlink: /home/carlos/ros2_ws/install/px4_msgs/include/px4_msgs/px4_msgs/msg/detail/sensor_gnss_status__type_support.hpp\n'}
[2.708646] (px4_msgs) StdoutLine: {'line': b'-- Up-to-date symlink: /home/carlos/ros2_ws/install/px4_msgs/include/px4_msgs/px4_msgs/msg/detail/sensor_gps__builder.hpp\n'}
[2.708746] (px4_msgs) StdoutLine: {'line': b'-- Up-to-date symlink: /home/carlos/ros2_ws/install/px4_msgs/include/px4_msgs/px4_msgs/msg/detail/sensor_gps__struct.hpp\n'}
[2.708886] (px4_msgs) StdoutLine: {'line': b'-- Up-to-date symlink: /home/carlos/ros2_ws/install/px4_msgs/include/px4_msgs/px4_msgs/msg/detail/sensor_gps__traits.hpp\n'}
[2.708993] (px4_msgs) StdoutLine: {'line': b'-- Up-to-date symlink: /home/carlos/ros2_ws/install/px4_msgs/include/px4_msgs/px4_msgs/msg/detail/sensor_gps__type_support.hpp\n'}
[2.709053] (px4_msgs) StdoutLine: {'line': b'-- Up-to-date symlink: /home/carlos/ros2_ws/install/px4_msgs/include/px4_msgs/px4_msgs/msg/detail/sensor_gyro__builder.hpp\n'}
[2.709117] (px4_msgs) StdoutLine: {'line': b'-- Up-to-date symlink: /home/carlos/ros2_ws/install/px4_msgs/include/px4_msgs/px4_msgs/msg/detail/sensor_gyro__struct.hpp\n'}
[2.709194] (px4_msgs) StdoutLine: {'line': b'-- Up-to-date symlink: /home/carlos/ros2_ws/install/px4_msgs/include/px4_msgs/px4_msgs/msg/detail/sensor_gyro__traits.hpp\n'}
[2.709255] (px4_msgs) StdoutLine: {'line': b'-- Up-to-date symlink: /home/carlos/ros2_ws/install/px4_msgs/include/px4_msgs/px4_msgs/msg/detail/sensor_gyro__type_support.hpp\n'}
[2.709304] (px4_msgs) StdoutLine: {'line': b'-- Up-to-date symlink: /home/carlos/ros2_ws/install/px4_msgs/include/px4_msgs/px4_msgs/msg/detail/sensor_gyro_fft__builder.hpp\n'}
[2.709375] (px4_msgs) StdoutLine: {'line': b'-- Up-to-date symlink: /home/carlos/ros2_ws/install/px4_msgs/include/px4_msgs/px4_msgs/msg/detail/sensor_gyro_fft__struct.hpp\n'}
[2.709437] (px4_msgs) StdoutLine: {'line': b'-- Up-to-date symlink: /home/carlos/ros2_ws/install/px4_msgs/include/px4_msgs/px4_msgs/msg/detail/sensor_gyro_fft__traits.hpp\n'}
[2.709496] (px4_msgs) StdoutLine: {'line': b'-- Up-to-date symlink: /home/carlos/ros2_ws/install/px4_msgs/include/px4_msgs/px4_msgs/msg/detail/sensor_gyro_fft__type_support.hpp\n'}
[2.709552] (px4_msgs) StdoutLine: {'line': b'-- Up-to-date symlink: /home/carlos/ros2_ws/install/px4_msgs/include/px4_msgs/px4_msgs/msg/detail/sensor_gyro_fifo__builder.hpp\n'}
[2.709633] (px4_msgs) StdoutLine: {'line': b'-- Up-to-date symlink: /home/carlos/ros2_ws/install/px4_msgs/include/px4_msgs/px4_msgs/msg/detail/sensor_gyro_fifo__struct.hpp\n'}
[2.709715] (px4_msgs) StdoutLine: {'line': b'-- Up-to-date symlink: /home/carlos/ros2_ws/install/px4_msgs/include/px4_msgs/px4_msgs/msg/detail/sensor_gyro_fifo__traits.hpp\n'}
[2.709809] (px4_msgs) StdoutLine: {'line': b'-- Up-to-date symlink: /home/carlos/ros2_ws/install/px4_msgs/include/px4_msgs/px4_msgs/msg/detail/sensor_gyro_fifo__type_support.hpp\n'}
[2.709890] (px4_msgs) StdoutLine: {'line': b'-- Up-to-date symlink: /home/carlos/ros2_ws/install/px4_msgs/include/px4_msgs/px4_msgs/msg/detail/sensor_hygrometer__builder.hpp\n'}
[2.709972] (px4_msgs) StdoutLine: {'line': b'-- Up-to-date symlink: /home/carlos/ros2_ws/install/px4_msgs/include/px4_msgs/px4_msgs/msg/detail/sensor_hygrometer__struct.hpp\n'}
[2.710057] (px4_msgs) StdoutLine: {'line': b'-- Up-to-date symlink: /home/carlos/ros2_ws/install/px4_msgs/include/px4_msgs/px4_msgs/msg/detail/sensor_hygrometer__traits.hpp\n'}
[2.710150] (px4_msgs) StdoutLine: {'line': b'-- Up-to-date symlink: /home/carlos/ros2_ws/install/px4_msgs/include/px4_msgs/px4_msgs/msg/detail/sensor_hygrometer__type_support.hpp\n'}
[2.710234] (px4_msgs) StdoutLine: {'line': b'-- Up-to-date symlink: /home/carlos/ros2_ws/install/px4_msgs/include/px4_msgs/px4_msgs/msg/detail/sensor_mag__builder.hpp\n'}
[2.710316] (px4_msgs) StdoutLine: {'line': b'-- Up-to-date symlink: /home/carlos/ros2_ws/install/px4_msgs/include/px4_msgs/px4_msgs/msg/detail/sensor_mag__struct.hpp\n'}
[2.710400] (px4_msgs) StdoutLine: {'line': b'-- Up-to-date symlink: /home/carlos/ros2_ws/install/px4_msgs/include/px4_msgs/px4_msgs/msg/detail/sensor_mag__traits.hpp\n'}
[2.710483] (px4_msgs) StdoutLine: {'line': b'-- Up-to-date symlink: /home/carlos/ros2_ws/install/px4_msgs/include/px4_msgs/px4_msgs/msg/detail/sensor_mag__type_support.hpp\n'}
[2.710566] (px4_msgs) StdoutLine: {'line': b'-- Up-to-date symlink: /home/carlos/ros2_ws/install/px4_msgs/include/px4_msgs/px4_msgs/msg/detail/sensor_optical_flow__builder.hpp\n'}
[2.710648] (px4_msgs) StdoutLine: {'line': b'-- Up-to-date symlink: /home/carlos/ros2_ws/install/px4_msgs/include/px4_msgs/px4_msgs/msg/detail/sensor_optical_flow__struct.hpp\n'}
[2.710733] (px4_msgs) StdoutLine: {'line': b'-- Up-to-date symlink: /home/carlos/ros2_ws/install/px4_msgs/include/px4_msgs/px4_msgs/msg/detail/sensor_optical_flow__traits.hpp\n'}
[2.710815] (px4_msgs) StdoutLine: {'line': b'-- Up-to-date symlink: /home/carlos/ros2_ws/install/px4_msgs/include/px4_msgs/px4_msgs/msg/detail/sensor_optical_flow__type_support.hpp\n'}
[2.710897] (px4_msgs) StdoutLine: {'line': b'-- Up-to-date symlink: /home/carlos/ros2_ws/install/px4_msgs/include/px4_msgs/px4_msgs/msg/detail/sensor_preflight_mag__builder.hpp\n'}
[2.710979] (px4_msgs) StdoutLine: {'line': b'-- Up-to-date symlink: /home/carlos/ros2_ws/install/px4_msgs/include/px4_msgs/px4_msgs/msg/detail/sensor_preflight_mag__struct.hpp\n'}
[2.711067] (px4_msgs) StdoutLine: {'line': b'-- Up-to-date symlink: /home/carlos/ros2_ws/install/px4_msgs/include/px4_msgs/px4_msgs/msg/detail/sensor_preflight_mag__traits.hpp\n'}
[2.711162] (px4_msgs) StdoutLine: {'line': b'-- Up-to-date symlink: /home/carlos/ros2_ws/install/px4_msgs/include/px4_msgs/px4_msgs/msg/detail/sensor_preflight_mag__type_support.hpp\n'}
[2.711244] (px4_msgs) StdoutLine: {'line': b'-- Up-to-date symlink: /home/carlos/ros2_ws/install/px4_msgs/include/px4_msgs/px4_msgs/msg/detail/sensor_selection__builder.hpp\n'}
[2.711327] (px4_msgs) StdoutLine: {'line': b'-- Up-to-date symlink: /home/carlos/ros2_ws/install/px4_msgs/include/px4_msgs/px4_msgs/msg/detail/sensor_selection__struct.hpp\n'}
[2.711409] (px4_msgs) StdoutLine: {'line': b'-- Up-to-date symlink: /home/carlos/ros2_ws/install/px4_msgs/include/px4_msgs/px4_msgs/msg/detail/sensor_selection__traits.hpp\n'}
[2.711491] (px4_msgs) StdoutLine: {'line': b'-- Up-to-date symlink: /home/carlos/ros2_ws/install/px4_msgs/include/px4_msgs/px4_msgs/msg/detail/sensor_selection__type_support.hpp\n'}
[2.711574] (px4_msgs) StdoutLine: {'line': b'-- Up-to-date symlink: /home/carlos/ros2_ws/install/px4_msgs/include/px4_msgs/px4_msgs/msg/detail/sensor_uwb__builder.hpp\n'}
[2.711655] (px4_msgs) StdoutLine: {'line': b'-- Up-to-date symlink: /home/carlos/ros2_ws/install/px4_msgs/include/px4_msgs/px4_msgs/msg/detail/sensor_uwb__struct.hpp\n'}
[2.711737] (px4_msgs) StdoutLine: {'line': b'-- Up-to-date symlink: /home/carlos/ros2_ws/install/px4_msgs/include/px4_msgs/px4_msgs/msg/detail/sensor_uwb__traits.hpp\n'}
[2.711819] (px4_msgs) StdoutLine: {'line': b'-- Up-to-date symlink: /home/carlos/ros2_ws/install/px4_msgs/include/px4_msgs/px4_msgs/msg/detail/sensor_uwb__type_support.hpp\n'}
[2.711908] (px4_msgs) StdoutLine: {'line': b'-- Up-to-date symlink: /home/carlos/ros2_ws/install/px4_msgs/include/px4_msgs/px4_msgs/msg/detail/sensors_status__builder.hpp\n'}
[2.711990] (px4_msgs) StdoutLine: {'line': b'-- Up-to-date symlink: /home/carlos/ros2_ws/install/px4_msgs/include/px4_msgs/px4_msgs/msg/detail/sensors_status__struct.hpp\n'}
[2.712088] (px4_msgs) StdoutLine: {'line': b'-- Up-to-date symlink: /home/carlos/ros2_ws/install/px4_msgs/include/px4_msgs/px4_msgs/msg/detail/sensors_status__traits.hpp\n'}
[2.712177] (px4_msgs) StdoutLine: {'line': b'-- Up-to-date symlink: /home/carlos/ros2_ws/install/px4_msgs/include/px4_msgs/px4_msgs/msg/detail/sensors_status__type_support.hpp\n'}
[2.712260] (px4_msgs) StdoutLine: {'line': b'-- Up-to-date symlink: /home/carlos/ros2_ws/install/px4_msgs/include/px4_msgs/px4_msgs/msg/detail/sensors_status_imu__builder.hpp\n'}
[2.712341] (px4_msgs) StdoutLine: {'line': b'-- Up-to-date symlink: /home/carlos/ros2_ws/install/px4_msgs/include/px4_msgs/px4_msgs/msg/detail/sensors_status_imu__struct.hpp\n'}
[2.712424] (px4_msgs) StdoutLine: {'line': b'-- Up-to-date symlink: /home/carlos/ros2_ws/install/px4_msgs/include/px4_msgs/px4_msgs/msg/detail/sensors_status_imu__traits.hpp\n'}
[2.712507] (px4_msgs) StdoutLine: {'line': b'-- Up-to-date symlink: /home/carlos/ros2_ws/install/px4_msgs/include/px4_msgs/px4_msgs/msg/detail/sensors_status_imu__type_support.hpp\n'}
[2.712589] (px4_msgs) StdoutLine: {'line': b'-- Up-to-date symlink: /home/carlos/ros2_ws/install/px4_msgs/include/px4_msgs/px4_msgs/msg/detail/system_power__builder.hpp\n'}
[2.712672] (px4_msgs) StdoutLine: {'line': b'-- Up-to-date symlink: /home/carlos/ros2_ws/install/px4_msgs/include/px4_msgs/px4_msgs/msg/detail/system_power__struct.hpp\n'}
[2.712755] (px4_msgs) StdoutLine: {'line': b'-- Up-to-date symlink: /home/carlos/ros2_ws/install/px4_msgs/include/px4_msgs/px4_msgs/msg/detail/system_power__traits.hpp\n'}
[2.712838] (px4_msgs) StdoutLine: {'line': b'-- Up-to-date symlink: /home/carlos/ros2_ws/install/px4_msgs/include/px4_msgs/px4_msgs/msg/detail/system_power__type_support.hpp\n'}
[2.712920] (px4_msgs) StdoutLine: {'line': b'-- Up-to-date symlink: /home/carlos/ros2_ws/install/px4_msgs/include/px4_msgs/px4_msgs/msg/detail/takeoff_status__builder.hpp\n'}
[2.713003] (px4_msgs) StdoutLine: {'line': b'-- Up-to-date symlink: /home/carlos/ros2_ws/install/px4_msgs/include/px4_msgs/px4_msgs/msg/detail/takeoff_status__struct.hpp\n'}
[2.713093] (px4_msgs) StdoutLine: {'line': b'-- Up-to-date symlink: /home/carlos/ros2_ws/install/px4_msgs/include/px4_msgs/px4_msgs/msg/detail/takeoff_status__traits.hpp\n'}
[2.713175] (px4_msgs) StdoutLine: {'line': b'-- Up-to-date symlink: /home/carlos/ros2_ws/install/px4_msgs/include/px4_msgs/px4_msgs/msg/detail/takeoff_status__type_support.hpp\n'}
[2.713257] (px4_msgs) StdoutLine: {'line': b'-- Up-to-date symlink: /home/carlos/ros2_ws/install/px4_msgs/include/px4_msgs/px4_msgs/msg/detail/task_stack_info__builder.hpp\n'}
[2.713340] (px4_msgs) StdoutLine: {'line': b'-- Up-to-date symlink: /home/carlos/ros2_ws/install/px4_msgs/include/px4_msgs/px4_msgs/msg/detail/task_stack_info__struct.hpp\n'}
[2.713422] (px4_msgs) StdoutLine: {'line': b'-- Up-to-date symlink: /home/carlos/ros2_ws/install/px4_msgs/include/px4_msgs/px4_msgs/msg/detail/task_stack_info__traits.hpp\n'}
[2.713504] (px4_msgs) StdoutLine: {'line': b'-- Up-to-date symlink: /home/carlos/ros2_ws/install/px4_msgs/include/px4_msgs/px4_msgs/msg/detail/task_stack_info__type_support.hpp\n'}
[2.713586] (px4_msgs) StdoutLine: {'line': b'-- Up-to-date symlink: /home/carlos/ros2_ws/install/px4_msgs/include/px4_msgs/px4_msgs/msg/detail/tecs_status__builder.hpp\n'}
[2.713669] (px4_msgs) StdoutLine: {'line': b'-- Up-to-date symlink: /home/carlos/ros2_ws/install/px4_msgs/include/px4_msgs/px4_msgs/msg/detail/tecs_status__struct.hpp\n'}
[2.713751] (px4_msgs) StdoutLine: {'line': b'-- Up-to-date symlink: /home/carlos/ros2_ws/install/px4_msgs/include/px4_msgs/px4_msgs/msg/detail/tecs_status__traits.hpp\n'}
[2.713834] (px4_msgs) StdoutLine: {'line': b'-- Up-to-date symlink: /home/carlos/ros2_ws/install/px4_msgs/include/px4_msgs/px4_msgs/msg/detail/tecs_status__type_support.hpp\n'}
[2.713916] (px4_msgs) StdoutLine: {'line': b'-- Up-to-date symlink: /home/carlos/ros2_ws/install/px4_msgs/include/px4_msgs/px4_msgs/msg/detail/telemetry_status__builder.hpp\n'}
[2.713998] (px4_msgs) StdoutLine: {'line': b'-- Up-to-date symlink: /home/carlos/ros2_ws/install/px4_msgs/include/px4_msgs/px4_msgs/msg/detail/telemetry_status__struct.hpp\n'}
[2.714135] (px4_msgs) StdoutLine: {'line': b'-- Up-to-date symlink: /home/carlos/ros2_ws/install/px4_msgs/include/px4_msgs/px4_msgs/msg/detail/telemetry_status__traits.hpp\n'}
[2.714213] (px4_msgs) StdoutLine: {'line': b'-- Up-to-date symlink: /home/carlos/ros2_ws/install/px4_msgs/include/px4_msgs/px4_msgs/msg/detail/telemetry_status__type_support.hpp\n'}
[2.714321] (px4_msgs) StdoutLine: {'line': b'-- Up-to-date symlink: /home/carlos/ros2_ws/install/px4_msgs/include/px4_msgs/px4_msgs/msg/detail/tiltrotor_extra_controls__builder.hpp\n'}
[2.714398] (px4_msgs) StdoutLine: {'line': b'-- Up-to-date symlink: /home/carlos/ros2_ws/install/px4_msgs/include/px4_msgs/px4_msgs/msg/detail/tiltrotor_extra_controls__struct.hpp\n'}
[2.714489] (px4_msgs) StdoutLine: {'line': b'-- Up-to-date symlink: /home/carlos/ros2_ws/install/px4_msgs/include/px4_msgs/px4_msgs/msg/detail/tiltrotor_extra_controls__traits.hpp\n'}
[2.714570] (px4_msgs) StdoutLine: {'line': b'-- Up-to-date symlink: /home/carlos/ros2_ws/install/px4_msgs/include/px4_msgs/px4_msgs/msg/detail/tiltrotor_extra_controls__type_support.hpp\n'}
[2.714656] (px4_msgs) StdoutLine: {'line': b'-- Up-to-date symlink: /home/carlos/ros2_ws/install/px4_msgs/include/px4_msgs/px4_msgs/msg/detail/timesync_status__builder.hpp\n'}
[2.714736] (px4_msgs) StdoutLine: {'line': b'-- Up-to-date symlink: /home/carlos/ros2_ws/install/px4_msgs/include/px4_msgs/px4_msgs/msg/detail/timesync_status__struct.hpp\n'}
[2.714812] (px4_msgs) StdoutLine: {'line': b'-- Up-to-date symlink: /home/carlos/ros2_ws/install/px4_msgs/include/px4_msgs/px4_msgs/msg/detail/timesync_status__traits.hpp\n'}
[2.714875] (px4_msgs) StdoutLine: {'line': b'-- Up-to-date symlink: /home/carlos/ros2_ws/install/px4_msgs/include/px4_msgs/px4_msgs/msg/detail/timesync_status__type_support.hpp\n'}
[2.714937] (px4_msgs) StdoutLine: {'line': b'-- Up-to-date symlink: /home/carlos/ros2_ws/install/px4_msgs/include/px4_msgs/px4_msgs/msg/detail/trajectory_setpoint6dof__builder.hpp\n'}
[2.715019] (px4_msgs) StdoutLine: {'line': b'-- Up-to-date symlink: /home/carlos/ros2_ws/install/px4_msgs/include/px4_msgs/px4_msgs/msg/detail/trajectory_setpoint6dof__struct.hpp\n'}
[2.715112] (px4_msgs) StdoutLine: {'line': b'-- Up-to-date symlink: /home/carlos/ros2_ws/install/px4_msgs/include/px4_msgs/px4_msgs/msg/detail/trajectory_setpoint6dof__traits.hpp\n'}
[2.715196] (px4_msgs) StdoutLine: {'line': b'-- Up-to-date symlink: /home/carlos/ros2_ws/install/px4_msgs/include/px4_msgs/px4_msgs/msg/detail/trajectory_setpoint6dof__type_support.hpp\n'}
[2.715329] (px4_msgs) StdoutLine: {'line': b'-- Up-to-date symlink: /home/carlos/ros2_ws/install/px4_msgs/include/px4_msgs/px4_msgs/msg/detail/trajectory_setpoint__builder.hpp\n'}
[2.715405] (px4_msgs) StdoutLine: {'line': b'-- Up-to-date symlink: /home/carlos/ros2_ws/install/px4_msgs/include/px4_msgs/px4_msgs/msg/detail/trajectory_setpoint__struct.hpp\n'}
[2.715477] (px4_msgs) StdoutLine: {'line': b'-- Up-to-date symlink: /home/carlos/ros2_ws/install/px4_msgs/include/px4_msgs/px4_msgs/msg/detail/trajectory_setpoint__traits.hpp\n'}
[2.715597] (px4_msgs) StdoutLine: {'line': b'-- Up-to-date symlink: /home/carlos/ros2_ws/install/px4_msgs/include/px4_msgs/px4_msgs/msg/detail/trajectory_setpoint__type_support.hpp\n'}
[2.715694] (px4_msgs) StdoutLine: {'line': b'-- Up-to-date symlink: /home/carlos/ros2_ws/install/px4_msgs/include/px4_msgs/px4_msgs/msg/detail/transponder_report__builder.hpp\n'}
[2.715790] (px4_msgs) StdoutLine: {'line': b'-- Up-to-date symlink: /home/carlos/ros2_ws/install/px4_msgs/include/px4_msgs/px4_msgs/msg/detail/transponder_report__struct.hpp\n'}
[2.715860] (px4_msgs) StdoutLine: {'line': b'-- Up-to-date symlink: /home/carlos/ros2_ws/install/px4_msgs/include/px4_msgs/px4_msgs/msg/detail/transponder_report__traits.hpp\n'}
[2.715931] (px4_msgs) StdoutLine: {'line': b'-- Up-to-date symlink: /home/carlos/ros2_ws/install/px4_msgs/include/px4_msgs/px4_msgs/msg/detail/transponder_report__type_support.hpp\n'}
[2.715994] (px4_msgs) StdoutLine: {'line': b'-- Up-to-date symlink: /home/carlos/ros2_ws/install/px4_msgs/include/px4_msgs/px4_msgs/msg/detail/tune_control__builder.hpp\n'}
[2.716086] (px4_msgs) StdoutLine: {'line': b'-- Up-to-date symlink: /home/carlos/ros2_ws/install/px4_msgs/include/px4_msgs/px4_msgs/msg/detail/tune_control__struct.hpp\n'}
[2.716157] (px4_msgs) StdoutLine: {'line': b'-- Up-to-date symlink: /home/carlos/ros2_ws/install/px4_msgs/include/px4_msgs/px4_msgs/msg/detail/tune_control__traits.hpp\n'}
[2.716238] (px4_msgs) StdoutLine: {'line': b'-- Up-to-date symlink: /home/carlos/ros2_ws/install/px4_msgs/include/px4_msgs/px4_msgs/msg/detail/tune_control__type_support.hpp\n'}
[2.716322] (px4_msgs) StdoutLine: {'line': b'-- Up-to-date symlink: /home/carlos/ros2_ws/install/px4_msgs/include/px4_msgs/px4_msgs/msg/detail/uavcan_parameter_request__builder.hpp\n'}
[2.716461] (px4_msgs) StdoutLine: {'line': b'-- Up-to-date symlink: /home/carlos/ros2_ws/install/px4_msgs/include/px4_msgs/px4_msgs/msg/detail/uavcan_parameter_request__struct.hpp\n'}
[2.716542] (px4_msgs) StdoutLine: {'line': b'-- Up-to-date symlink: /home/carlos/ros2_ws/install/px4_msgs/include/px4_msgs/px4_msgs/msg/detail/uavcan_parameter_request__traits.hpp\n'}
[2.716618] (px4_msgs) StdoutLine: {'line': b'-- Up-to-date symlink: /home/carlos/ros2_ws/install/px4_msgs/include/px4_msgs/px4_msgs/msg/detail/uavcan_parameter_request__type_support.hpp\n'}
[2.716697] (px4_msgs) StdoutLine: {'line': b'-- Up-to-date symlink: /home/carlos/ros2_ws/install/px4_msgs/include/px4_msgs/px4_msgs/msg/detail/uavcan_parameter_value__builder.hpp\n'}
[2.716760] (px4_msgs) StdoutLine: {'line': b'-- Up-to-date symlink: /home/carlos/ros2_ws/install/px4_msgs/include/px4_msgs/px4_msgs/msg/detail/uavcan_parameter_value__struct.hpp\n'}
[2.716828] (px4_msgs) StdoutLine: {'line': b'-- Up-to-date symlink: /home/carlos/ros2_ws/install/px4_msgs/include/px4_msgs/px4_msgs/msg/detail/uavcan_parameter_value__traits.hpp\n'}
[2.716910] (px4_msgs) StdoutLine: {'line': b'-- Up-to-date symlink: /home/carlos/ros2_ws/install/px4_msgs/include/px4_msgs/px4_msgs/msg/detail/uavcan_parameter_value__type_support.hpp\n'}
[2.716993] (px4_msgs) StdoutLine: {'line': b'-- Up-to-date symlink: /home/carlos/ros2_ws/install/px4_msgs/include/px4_msgs/px4_msgs/msg/detail/ulog_stream__builder.hpp\n'}
[2.717117] (px4_msgs) StdoutLine: {'line': b'-- Up-to-date symlink: /home/carlos/ros2_ws/install/px4_msgs/include/px4_msgs/px4_msgs/msg/detail/ulog_stream__struct.hpp\n'}
[2.717179] (px4_msgs) StdoutLine: {'line': b'-- Up-to-date symlink: /home/carlos/ros2_ws/install/px4_msgs/include/px4_msgs/px4_msgs/msg/detail/ulog_stream__traits.hpp\n'}
[2.717259] (px4_msgs) StdoutLine: {'line': b'-- Up-to-date symlink: /home/carlos/ros2_ws/install/px4_msgs/include/px4_msgs/px4_msgs/msg/detail/ulog_stream__type_support.hpp\n'}
[2.717340] (px4_msgs) StdoutLine: {'line': b'-- Up-to-date symlink: /home/carlos/ros2_ws/install/px4_msgs/include/px4_msgs/px4_msgs/msg/detail/ulog_stream_ack__builder.hpp\n'}
[2.717423] (px4_msgs) StdoutLine: {'line': b'-- Up-to-date symlink: /home/carlos/ros2_ws/install/px4_msgs/include/px4_msgs/px4_msgs/msg/detail/ulog_stream_ack__struct.hpp\n'}
[2.717506] (px4_msgs) StdoutLine: {'line': b'-- Up-to-date symlink: /home/carlos/ros2_ws/install/px4_msgs/include/px4_msgs/px4_msgs/msg/detail/ulog_stream_ack__traits.hpp\n'}
[2.717587] (px4_msgs) StdoutLine: {'line': b'-- Up-to-date symlink: /home/carlos/ros2_ws/install/px4_msgs/include/px4_msgs/px4_msgs/msg/detail/ulog_stream_ack__type_support.hpp\n'}
[2.717669] (px4_msgs) StdoutLine: {'line': b'-- Up-to-date symlink: /home/carlos/ros2_ws/install/px4_msgs/include/px4_msgs/px4_msgs/msg/detail/unregister_ext_component__builder.hpp\n'}
[2.717751] (px4_msgs) StdoutLine: {'line': b'-- Up-to-date symlink: /home/carlos/ros2_ws/install/px4_msgs/include/px4_msgs/px4_msgs/msg/detail/unregister_ext_component__struct.hpp\n'}
[2.717833] (px4_msgs) StdoutLine: {'line': b'-- Up-to-date symlink: /home/carlos/ros2_ws/install/px4_msgs/include/px4_msgs/px4_msgs/msg/detail/unregister_ext_component__traits.hpp\n'}
[2.717915] (px4_msgs) StdoutLine: {'line': b'-- Up-to-date symlink: /home/carlos/ros2_ws/install/px4_msgs/include/px4_msgs/px4_msgs/msg/detail/unregister_ext_component__type_support.hpp\n'}
[2.717997] (px4_msgs) StdoutLine: {'line': b'-- Up-to-date symlink: /home/carlos/ros2_ws/install/px4_msgs/include/px4_msgs/px4_msgs/msg/detail/vehicle_acceleration__builder.hpp\n'}
[2.718085] (px4_msgs) StdoutLine: {'line': b'-- Up-to-date symlink: /home/carlos/ros2_ws/install/px4_msgs/include/px4_msgs/px4_msgs/msg/detail/vehicle_acceleration__struct.hpp\n'}
[2.718171] (px4_msgs) StdoutLine: {'line': b'-- Up-to-date symlink: /home/carlos/ros2_ws/install/px4_msgs/include/px4_msgs/px4_msgs/msg/detail/vehicle_acceleration__traits.hpp\n'}
[2.718253] (px4_msgs) StdoutLine: {'line': b'-- Up-to-date symlink: /home/carlos/ros2_ws/install/px4_msgs/include/px4_msgs/px4_msgs/msg/detail/vehicle_acceleration__type_support.hpp\n'}
[2.718335] (px4_msgs) StdoutLine: {'line': b'-- Up-to-date symlink: /home/carlos/ros2_ws/install/px4_msgs/include/px4_msgs/px4_msgs/msg/detail/vehicle_air_data__builder.hpp\n'}
[2.718417] (px4_msgs) StdoutLine: {'line': b'-- Up-to-date symlink: /home/carlos/ros2_ws/install/px4_msgs/include/px4_msgs/px4_msgs/msg/detail/vehicle_air_data__struct.hpp\n'}
[2.718499] (px4_msgs) StdoutLine: {'line': b'-- Up-to-date symlink: /home/carlos/ros2_ws/install/px4_msgs/include/px4_msgs/px4_msgs/msg/detail/vehicle_air_data__traits.hpp\n'}
[2.718586] (px4_msgs) StdoutLine: {'line': b'-- Up-to-date symlink: /home/carlos/ros2_ws/install/px4_msgs/include/px4_msgs/px4_msgs/msg/detail/vehicle_air_data__type_support.hpp\n'}
[2.718670] (px4_msgs) StdoutLine: {'line': b'-- Up-to-date symlink: /home/carlos/ros2_ws/install/px4_msgs/include/px4_msgs/px4_msgs/msg/detail/vehicle_angular_acceleration_setpoint__builder.hpp\n'}
[2.718752] (px4_msgs) StdoutLine: {'line': b'-- Up-to-date symlink: /home/carlos/ros2_ws/install/px4_msgs/include/px4_msgs/px4_msgs/msg/detail/vehicle_angular_acceleration_setpoint__struct.hpp\n'}
[2.718835] (px4_msgs) StdoutLine: {'line': b'-- Up-to-date symlink: /home/carlos/ros2_ws/install/px4_msgs/include/px4_msgs/px4_msgs/msg/detail/vehicle_angular_acceleration_setpoint__traits.hpp\n'}
[2.718918] (px4_msgs) StdoutLine: {'line': b'-- Up-to-date symlink: /home/carlos/ros2_ws/install/px4_msgs/include/px4_msgs/px4_msgs/msg/detail/vehicle_angular_acceleration_setpoint__type_support.hpp\n'}
[2.719006] (px4_msgs) StdoutLine: {'line': b'-- Up-to-date symlink: /home/carlos/ros2_ws/install/px4_msgs/include/px4_msgs/px4_msgs/msg/detail/vehicle_angular_velocity__builder.hpp\n'}
[2.719098] (px4_msgs) StdoutLine: {'line': b'-- Up-to-date symlink: /home/carlos/ros2_ws/install/px4_msgs/include/px4_msgs/px4_msgs/msg/detail/vehicle_angular_velocity__struct.hpp\n'}
[2.719179] (px4_msgs) StdoutLine: {'line': b'-- Up-to-date symlink: /home/carlos/ros2_ws/install/px4_msgs/include/px4_msgs/px4_msgs/msg/detail/vehicle_angular_velocity__traits.hpp\n'}
[2.719261] (px4_msgs) StdoutLine: {'line': b'-- Up-to-date symlink: /home/carlos/ros2_ws/install/px4_msgs/include/px4_msgs/px4_msgs/msg/detail/vehicle_angular_velocity__type_support.hpp\n'}
[2.719343] (px4_msgs) StdoutLine: {'line': b'-- Up-to-date symlink: /home/carlos/ros2_ws/install/px4_msgs/include/px4_msgs/px4_msgs/msg/detail/vehicle_attitude__builder.hpp\n'}
[2.719425] (px4_msgs) StdoutLine: {'line': b'-- Up-to-date symlink: /home/carlos/ros2_ws/install/px4_msgs/include/px4_msgs/px4_msgs/msg/detail/vehicle_attitude__struct.hpp\n'}
[2.719507] (px4_msgs) StdoutLine: {'line': b'-- Up-to-date symlink: /home/carlos/ros2_ws/install/px4_msgs/include/px4_msgs/px4_msgs/msg/detail/vehicle_attitude__traits.hpp\n'}
[2.719590] (px4_msgs) StdoutLine: {'line': b'-- Up-to-date symlink: /home/carlos/ros2_ws/install/px4_msgs/include/px4_msgs/px4_msgs/msg/detail/vehicle_attitude__type_support.hpp\n'}
[2.719672] (px4_msgs) StdoutLine: {'line': b'-- Up-to-date symlink: /home/carlos/ros2_ws/install/px4_msgs/include/px4_msgs/px4_msgs/msg/detail/vehicle_attitude_setpoint__builder.hpp\n'}
[2.719755] (px4_msgs) StdoutLine: {'line': b'-- Up-to-date symlink: /home/carlos/ros2_ws/install/px4_msgs/include/px4_msgs/px4_msgs/msg/detail/vehicle_attitude_setpoint__struct.hpp\n'}
[2.719837] (px4_msgs) StdoutLine: {'line': b'-- Up-to-date symlink: /home/carlos/ros2_ws/install/px4_msgs/include/px4_msgs/px4_msgs/msg/detail/vehicle_attitude_setpoint__traits.hpp\n'}
[2.719920] (px4_msgs) StdoutLine: {'line': b'-- Up-to-date symlink: /home/carlos/ros2_ws/install/px4_msgs/include/px4_msgs/px4_msgs/msg/detail/vehicle_attitude_setpoint__type_support.hpp\n'}
[2.720001] (px4_msgs) StdoutLine: {'line': b'-- Up-to-date symlink: /home/carlos/ros2_ws/install/px4_msgs/include/px4_msgs/px4_msgs/msg/detail/vehicle_command__builder.hpp\n'}
[2.720091] (px4_msgs) StdoutLine: {'line': b'-- Up-to-date symlink: /home/carlos/ros2_ws/install/px4_msgs/include/px4_msgs/px4_msgs/msg/detail/vehicle_command__struct.hpp\n'}
[2.720173] (px4_msgs) StdoutLine: {'line': b'-- Up-to-date symlink: /home/carlos/ros2_ws/install/px4_msgs/include/px4_msgs/px4_msgs/msg/detail/vehicle_command__traits.hpp\n'}
[2.720250] (px4_msgs) StdoutLine: {'line': b'-- Up-to-date symlink: /home/carlos/ros2_ws/install/px4_msgs/include/px4_msgs/px4_msgs/msg/detail/vehicle_command__type_support.hpp\n'}
[2.720332] (px4_msgs) StdoutLine: {'line': b'-- Up-to-date symlink: /home/carlos/ros2_ws/install/px4_msgs/include/px4_msgs/px4_msgs/msg/detail/vehicle_command_ack__builder.hpp\n'}
[2.720415] (px4_msgs) StdoutLine: {'line': b'-- Up-to-date symlink: /home/carlos/ros2_ws/install/px4_msgs/include/px4_msgs/px4_msgs/msg/detail/vehicle_command_ack__struct.hpp\n'}
[2.720498] (px4_msgs) StdoutLine: {'line': b'-- Up-to-date symlink: /home/carlos/ros2_ws/install/px4_msgs/include/px4_msgs/px4_msgs/msg/detail/vehicle_command_ack__traits.hpp\n'}
[2.720581] (px4_msgs) StdoutLine: {'line': b'-- Up-to-date symlink: /home/carlos/ros2_ws/install/px4_msgs/include/px4_msgs/px4_msgs/msg/detail/vehicle_command_ack__type_support.hpp\n'}
[2.720663] (px4_msgs) StdoutLine: {'line': b'-- Up-to-date symlink: /home/carlos/ros2_ws/install/px4_msgs/include/px4_msgs/px4_msgs/msg/detail/vehicle_constraints__builder.hpp\n'}
[2.720746] (px4_msgs) StdoutLine: {'line': b'-- Up-to-date symlink: /home/carlos/ros2_ws/install/px4_msgs/include/px4_msgs/px4_msgs/msg/detail/vehicle_constraints__struct.hpp\n'}
[2.720827] (px4_msgs) StdoutLine: {'line': b'-- Up-to-date symlink: /home/carlos/ros2_ws/install/px4_msgs/include/px4_msgs/px4_msgs/msg/detail/vehicle_constraints__traits.hpp\n'}
[2.720910] (px4_msgs) StdoutLine: {'line': b'-- Up-to-date symlink: /home/carlos/ros2_ws/install/px4_msgs/include/px4_msgs/px4_msgs/msg/detail/vehicle_constraints__type_support.hpp\n'}
[2.720992] (px4_msgs) StdoutLine: {'line': b'-- Up-to-date symlink: /home/carlos/ros2_ws/install/px4_msgs/include/px4_msgs/px4_msgs/msg/detail/vehicle_control_mode__builder.hpp\n'}
[2.721081] (px4_msgs) StdoutLine: {'line': b'-- Up-to-date symlink: /home/carlos/ros2_ws/install/px4_msgs/include/px4_msgs/px4_msgs/msg/detail/vehicle_control_mode__struct.hpp\n'}
[2.721164] (px4_msgs) StdoutLine: {'line': b'-- Up-to-date symlink: /home/carlos/ros2_ws/install/px4_msgs/include/px4_msgs/px4_msgs/msg/detail/vehicle_control_mode__traits.hpp\n'}
[2.721247] (px4_msgs) StdoutLine: {'line': b'-- Up-to-date symlink: /home/carlos/ros2_ws/install/px4_msgs/include/px4_msgs/px4_msgs/msg/detail/vehicle_control_mode__type_support.hpp\n'}
[2.721330] (px4_msgs) StdoutLine: {'line': b'-- Up-to-date symlink: /home/carlos/ros2_ws/install/px4_msgs/include/px4_msgs/px4_msgs/msg/detail/vehicle_global_position__builder.hpp\n'}
[2.721412] (px4_msgs) StdoutLine: {'line': b'-- Up-to-date symlink: /home/carlos/ros2_ws/install/px4_msgs/include/px4_msgs/px4_msgs/msg/detail/vehicle_global_position__struct.hpp\n'}
[2.721494] (px4_msgs) StdoutLine: {'line': b'-- Up-to-date symlink: /home/carlos/ros2_ws/install/px4_msgs/include/px4_msgs/px4_msgs/msg/detail/vehicle_global_position__traits.hpp\n'}
[2.721581] (px4_msgs) StdoutLine: {'line': b'-- Up-to-date symlink: /home/carlos/ros2_ws/install/px4_msgs/include/px4_msgs/px4_msgs/msg/detail/vehicle_global_position__type_support.hpp\n'}
[2.721665] (px4_msgs) StdoutLine: {'line': b'-- Up-to-date symlink: /home/carlos/ros2_ws/install/px4_msgs/include/px4_msgs/px4_msgs/msg/detail/vehicle_imu__builder.hpp\n'}
[2.721747] (px4_msgs) StdoutLine: {'line': b'-- Up-to-date symlink: /home/carlos/ros2_ws/install/px4_msgs/include/px4_msgs/px4_msgs/msg/detail/vehicle_imu__struct.hpp\n'}
[2.721829] (px4_msgs) StdoutLine: {'line': b'-- Up-to-date symlink: /home/carlos/ros2_ws/install/px4_msgs/include/px4_msgs/px4_msgs/msg/detail/vehicle_imu__traits.hpp\n'}
[2.721911] (px4_msgs) StdoutLine: {'line': b'-- Up-to-date symlink: /home/carlos/ros2_ws/install/px4_msgs/include/px4_msgs/px4_msgs/msg/detail/vehicle_imu__type_support.hpp\n'}
[2.721994] (px4_msgs) StdoutLine: {'line': b'-- Up-to-date symlink: /home/carlos/ros2_ws/install/px4_msgs/include/px4_msgs/px4_msgs/msg/detail/vehicle_imu_status__builder.hpp\n'}
[2.722080] (px4_msgs) StdoutLine: {'line': b'-- Up-to-date symlink: /home/carlos/ros2_ws/install/px4_msgs/include/px4_msgs/px4_msgs/msg/detail/vehicle_imu_status__struct.hpp\n'}
[2.722163] (px4_msgs) StdoutLine: {'line': b'-- Up-to-date symlink: /home/carlos/ros2_ws/install/px4_msgs/include/px4_msgs/px4_msgs/msg/detail/vehicle_imu_status__traits.hpp\n'}
[2.722246] (px4_msgs) StdoutLine: {'line': b'-- Up-to-date symlink: /home/carlos/ros2_ws/install/px4_msgs/include/px4_msgs/px4_msgs/msg/detail/vehicle_imu_status__type_support.hpp\n'}
[2.722327] (px4_msgs) StdoutLine: {'line': b'-- Up-to-date symlink: /home/carlos/ros2_ws/install/px4_msgs/include/px4_msgs/px4_msgs/msg/detail/vehicle_land_detected__builder.hpp\n'}
[2.722409] (px4_msgs) StdoutLine: {'line': b'-- Up-to-date symlink: /home/carlos/ros2_ws/install/px4_msgs/include/px4_msgs/px4_msgs/msg/detail/vehicle_land_detected__struct.hpp\n'}
[2.722491] (px4_msgs) StdoutLine: {'line': b'-- Up-to-date symlink: /home/carlos/ros2_ws/install/px4_msgs/include/px4_msgs/px4_msgs/msg/detail/vehicle_land_detected__traits.hpp\n'}
[2.722579] (px4_msgs) StdoutLine: {'line': b'-- Up-to-date symlink: /home/carlos/ros2_ws/install/px4_msgs/include/px4_msgs/px4_msgs/msg/detail/vehicle_land_detected__type_support.hpp\n'}
[2.722661] (px4_msgs) StdoutLine: {'line': b'-- Up-to-date symlink: /home/carlos/ros2_ws/install/px4_msgs/include/px4_msgs/px4_msgs/msg/detail/vehicle_local_position__builder.hpp\n'}
[2.722743] (px4_msgs) StdoutLine: {'line': b'-- Up-to-date symlink: /home/carlos/ros2_ws/install/px4_msgs/include/px4_msgs/px4_msgs/msg/detail/vehicle_local_position__struct.hpp\n'}
[2.722825] (px4_msgs) StdoutLine: {'line': b'-- Up-to-date symlink: /home/carlos/ros2_ws/install/px4_msgs/include/px4_msgs/px4_msgs/msg/detail/vehicle_local_position__traits.hpp\n'}
[2.722908] (px4_msgs) StdoutLine: {'line': b'-- Up-to-date symlink: /home/carlos/ros2_ws/install/px4_msgs/include/px4_msgs/px4_msgs/msg/detail/vehicle_local_position__type_support.hpp\n'}
[2.722990] (px4_msgs) StdoutLine: {'line': b'-- Up-to-date symlink: /home/carlos/ros2_ws/install/px4_msgs/include/px4_msgs/px4_msgs/msg/detail/vehicle_local_position_setpoint__builder.hpp\n'}
[2.723082] (px4_msgs) StdoutLine: {'line': b'-- Up-to-date symlink: /home/carlos/ros2_ws/install/px4_msgs/include/px4_msgs/px4_msgs/msg/detail/vehicle_local_position_setpoint__struct.hpp\n'}
[2.723162] (px4_msgs) StdoutLine: {'line': b'-- Up-to-date symlink: /home/carlos/ros2_ws/install/px4_msgs/include/px4_msgs/px4_msgs/msg/detail/vehicle_local_position_setpoint__traits.hpp\n'}
[2.723245] (px4_msgs) StdoutLine: {'line': b'-- Up-to-date symlink: /home/carlos/ros2_ws/install/px4_msgs/include/px4_msgs/px4_msgs/msg/detail/vehicle_local_position_setpoint__type_support.hpp\n'}
[2.723328] (px4_msgs) StdoutLine: {'line': b'-- Up-to-date symlink: /home/carlos/ros2_ws/install/px4_msgs/include/px4_msgs/px4_msgs/msg/detail/vehicle_magnetometer__builder.hpp\n'}
[2.723411] (px4_msgs) StdoutLine: {'line': b'-- Up-to-date symlink: /home/carlos/ros2_ws/install/px4_msgs/include/px4_msgs/px4_msgs/msg/detail/vehicle_magnetometer__struct.hpp\n'}
[2.723493] (px4_msgs) StdoutLine: {'line': b'-- Up-to-date symlink: /home/carlos/ros2_ws/install/px4_msgs/include/px4_msgs/px4_msgs/msg/detail/vehicle_magnetometer__traits.hpp\n'}
[2.723576] (px4_msgs) StdoutLine: {'line': b'-- Up-to-date symlink: /home/carlos/ros2_ws/install/px4_msgs/include/px4_msgs/px4_msgs/msg/detail/vehicle_magnetometer__type_support.hpp\n'}
[2.723658] (px4_msgs) StdoutLine: {'line': b'-- Up-to-date symlink: /home/carlos/ros2_ws/install/px4_msgs/include/px4_msgs/px4_msgs/msg/detail/vehicle_odometry__builder.hpp\n'}
[2.723734] (px4_msgs) StdoutLine: {'line': b'-- Up-to-date symlink: /home/carlos/ros2_ws/install/px4_msgs/include/px4_msgs/px4_msgs/msg/detail/vehicle_odometry__struct.hpp\n'}
[2.723816] (px4_msgs) StdoutLine: {'line': b'-- Up-to-date symlink: /home/carlos/ros2_ws/install/px4_msgs/include/px4_msgs/px4_msgs/msg/detail/vehicle_odometry__traits.hpp\n'}
[2.723898] (px4_msgs) StdoutLine: {'line': b'-- Up-to-date symlink: /home/carlos/ros2_ws/install/px4_msgs/include/px4_msgs/px4_msgs/msg/detail/vehicle_odometry__type_support.hpp\n'}
[2.723980] (px4_msgs) StdoutLine: {'line': b'-- Up-to-date symlink: /home/carlos/ros2_ws/install/px4_msgs/include/px4_msgs/px4_msgs/msg/detail/vehicle_optical_flow__builder.hpp\n'}
[2.724072] (px4_msgs) StdoutLine: {'line': b'-- Up-to-date symlink: /home/carlos/ros2_ws/install/px4_msgs/include/px4_msgs/px4_msgs/msg/detail/vehicle_optical_flow__struct.hpp\n'}
[2.724182] (px4_msgs) StdoutLine: {'line': b'-- Up-to-date symlink: /home/carlos/ros2_ws/install/px4_msgs/include/px4_msgs/px4_msgs/msg/detail/vehicle_optical_flow__traits.hpp\n'}
[2.724268] (px4_msgs) StdoutLine: {'line': b'-- Up-to-date symlink: /home/carlos/ros2_ws/install/px4_msgs/include/px4_msgs/px4_msgs/msg/detail/vehicle_optical_flow__type_support.hpp\n'}
[2.724353] (px4_msgs) StdoutLine: {'line': b'-- Up-to-date symlink: /home/carlos/ros2_ws/install/px4_msgs/include/px4_msgs/px4_msgs/msg/detail/vehicle_optical_flow_vel__builder.hpp\n'}
[2.724439] (px4_msgs) StdoutLine: {'line': b'-- Up-to-date symlink: /home/carlos/ros2_ws/install/px4_msgs/include/px4_msgs/px4_msgs/msg/detail/vehicle_optical_flow_vel__struct.hpp\n'}
[2.724524] (px4_msgs) StdoutLine: {'line': b'-- Up-to-date symlink: /home/carlos/ros2_ws/install/px4_msgs/include/px4_msgs/px4_msgs/msg/detail/vehicle_optical_flow_vel__traits.hpp\n'}
[2.724606] (px4_msgs) StdoutLine: {'line': b'-- Up-to-date symlink: /home/carlos/ros2_ws/install/px4_msgs/include/px4_msgs/px4_msgs/msg/detail/vehicle_optical_flow_vel__type_support.hpp\n'}
[2.724663] (px4_msgs) StdoutLine: {'line': b'-- Up-to-date symlink: /home/carlos/ros2_ws/install/px4_msgs/include/px4_msgs/px4_msgs/msg/detail/vehicle_rates_setpoint__builder.hpp\n'}
[2.724754] (px4_msgs) StdoutLine: {'line': b'-- Up-to-date symlink: /home/carlos/ros2_ws/install/px4_msgs/include/px4_msgs/px4_msgs/msg/detail/vehicle_rates_setpoint__struct.hpp\n'}
[2.724862] (px4_msgs) StdoutLine: {'line': b'-- Up-to-date symlink: /home/carlos/ros2_ws/install/px4_msgs/include/px4_msgs/px4_msgs/msg/detail/vehicle_rates_setpoint__traits.hpp\n'}
[2.724951] (px4_msgs) StdoutLine: {'line': b'-- Up-to-date symlink: /home/carlos/ros2_ws/install/px4_msgs/include/px4_msgs/px4_msgs/msg/detail/vehicle_rates_setpoint__type_support.hpp\n'}
[2.725035] (px4_msgs) StdoutLine: {'line': b'-- Up-to-date symlink: /home/carlos/ros2_ws/install/px4_msgs/include/px4_msgs/px4_msgs/msg/detail/vehicle_roi__builder.hpp\n'}
[2.725128] (px4_msgs) StdoutLine: {'line': b'-- Up-to-date symlink: /home/carlos/ros2_ws/install/px4_msgs/include/px4_msgs/px4_msgs/msg/detail/vehicle_roi__struct.hpp\n'}
[2.725213] (px4_msgs) StdoutLine: {'line': b'-- Up-to-date symlink: /home/carlos/ros2_ws/install/px4_msgs/include/px4_msgs/px4_msgs/msg/detail/vehicle_roi__traits.hpp\n'}
[2.725300] (px4_msgs) StdoutLine: {'line': b'-- Up-to-date symlink: /home/carlos/ros2_ws/install/px4_msgs/include/px4_msgs/px4_msgs/msg/detail/vehicle_roi__type_support.hpp\n'}
[2.725385] (px4_msgs) StdoutLine: {'line': b'-- Up-to-date symlink: /home/carlos/ros2_ws/install/px4_msgs/include/px4_msgs/px4_msgs/msg/detail/vehicle_status__builder.hpp\n'}
[2.725469] (px4_msgs) StdoutLine: {'line': b'-- Up-to-date symlink: /home/carlos/ros2_ws/install/px4_msgs/include/px4_msgs/px4_msgs/msg/detail/vehicle_status__struct.hpp\n'}
[2.725554] (px4_msgs) StdoutLine: {'line': b'-- Up-to-date symlink: /home/carlos/ros2_ws/install/px4_msgs/include/px4_msgs/px4_msgs/msg/detail/vehicle_status__traits.hpp\n'}
[2.725618] (px4_msgs) StdoutLine: {'line': b'-- Up-to-date symlink: /home/carlos/ros2_ws/install/px4_msgs/include/px4_msgs/px4_msgs/msg/detail/vehicle_status__type_support.hpp\n'}
[2.725693] (px4_msgs) StdoutLine: {'line': b'-- Up-to-date symlink: /home/carlos/ros2_ws/install/px4_msgs/include/px4_msgs/px4_msgs/msg/detail/vehicle_thrust_setpoint__builder.hpp\n'}
[2.725775] (px4_msgs) StdoutLine: {'line': b'-- Up-to-date symlink: /home/carlos/ros2_ws/install/px4_msgs/include/px4_msgs/px4_msgs/msg/detail/vehicle_thrust_setpoint__struct.hpp\n'}
[2.725857] (px4_msgs) StdoutLine: {'line': b'-- Up-to-date symlink: /home/carlos/ros2_ws/install/px4_msgs/include/px4_msgs/px4_msgs/msg/detail/vehicle_thrust_setpoint__traits.hpp\n'}
[2.725939] (px4_msgs) StdoutLine: {'line': b'-- Up-to-date symlink: /home/carlos/ros2_ws/install/px4_msgs/include/px4_msgs/px4_msgs/msg/detail/vehicle_thrust_setpoint__type_support.hpp\n'}
[2.726021] (px4_msgs) StdoutLine: {'line': b'-- Up-to-date symlink: /home/carlos/ros2_ws/install/px4_msgs/include/px4_msgs/px4_msgs/msg/detail/vehicle_torque_setpoint__builder.hpp\n'}
[2.726116] (px4_msgs) StdoutLine: {'line': b'-- Up-to-date symlink: /home/carlos/ros2_ws/install/px4_msgs/include/px4_msgs/px4_msgs/msg/detail/vehicle_torque_setpoint__struct.hpp\n'}
[2.726195] (px4_msgs) StdoutLine: {'line': b'-- Up-to-date symlink: /home/carlos/ros2_ws/install/px4_msgs/include/px4_msgs/px4_msgs/msg/detail/vehicle_torque_setpoint__traits.hpp\n'}
[2.726278] (px4_msgs) StdoutLine: {'line': b'-- Up-to-date symlink: /home/carlos/ros2_ws/install/px4_msgs/include/px4_msgs/px4_msgs/msg/detail/vehicle_torque_setpoint__type_support.hpp\n'}
[2.726360] (px4_msgs) StdoutLine: {'line': b'-- Up-to-date symlink: /home/carlos/ros2_ws/install/px4_msgs/include/px4_msgs/px4_msgs/msg/detail/velocity_limits__builder.hpp\n'}
[2.726442] (px4_msgs) StdoutLine: {'line': b'-- Up-to-date symlink: /home/carlos/ros2_ws/install/px4_msgs/include/px4_msgs/px4_msgs/msg/detail/velocity_limits__struct.hpp\n'}
[2.726525] (px4_msgs) StdoutLine: {'line': b'-- Up-to-date symlink: /home/carlos/ros2_ws/install/px4_msgs/include/px4_msgs/px4_msgs/msg/detail/velocity_limits__traits.hpp\n'}
[2.726606] (px4_msgs) StdoutLine: {'line': b'-- Up-to-date symlink: /home/carlos/ros2_ws/install/px4_msgs/include/px4_msgs/px4_msgs/msg/detail/velocity_limits__type_support.hpp\n'}
[2.726704] (px4_msgs) StdoutLine: {'line': b'-- Up-to-date symlink: /home/carlos/ros2_ws/install/px4_msgs/include/px4_msgs/px4_msgs/msg/detail/vtol_vehicle_status__builder.hpp\n'}
[2.726810] (px4_msgs) StdoutLine: {'line': b'-- Up-to-date symlink: /home/carlos/ros2_ws/install/px4_msgs/include/px4_msgs/px4_msgs/msg/detail/vtol_vehicle_status__struct.hpp\n'}
[2.726895] (px4_msgs) StdoutLine: {'line': b'-- Up-to-date symlink: /home/carlos/ros2_ws/install/px4_msgs/include/px4_msgs/px4_msgs/msg/detail/vtol_vehicle_status__traits.hpp\n'}
[2.726980] (px4_msgs) StdoutLine: {'line': b'-- Up-to-date symlink: /home/carlos/ros2_ws/install/px4_msgs/include/px4_msgs/px4_msgs/msg/detail/vtol_vehicle_status__type_support.hpp\n'}
[2.727071] (px4_msgs) StdoutLine: {'line': b'-- Up-to-date symlink: /home/carlos/ros2_ws/install/px4_msgs/include/px4_msgs/px4_msgs/msg/detail/wheel_encoders__builder.hpp\n'}
[2.727167] (px4_msgs) StdoutLine: {'line': b'-- Up-to-date symlink: /home/carlos/ros2_ws/install/px4_msgs/include/px4_msgs/px4_msgs/msg/detail/wheel_encoders__struct.hpp\n'}
[2.727245] (px4_msgs) StdoutLine: {'line': b'-- Up-to-date symlink: /home/carlos/ros2_ws/install/px4_msgs/include/px4_msgs/px4_msgs/msg/detail/wheel_encoders__traits.hpp\n'}
[2.727303] (px4_msgs) StdoutLine: {'line': b'-- Up-to-date symlink: /home/carlos/ros2_ws/install/px4_msgs/include/px4_msgs/px4_msgs/msg/detail/wheel_encoders__type_support.hpp\n'}
[2.727385] (px4_msgs) StdoutLine: {'line': b'-- Up-to-date symlink: /home/carlos/ros2_ws/install/px4_msgs/include/px4_msgs/px4_msgs/msg/detail/wind__builder.hpp\n'}
[2.727492] (px4_msgs) StdoutLine: {'line': b'-- Up-to-date symlink: /home/carlos/ros2_ws/install/px4_msgs/include/px4_msgs/px4_msgs/msg/detail/wind__struct.hpp\n'}
[2.727576] (px4_msgs) StdoutLine: {'line': b'-- Up-to-date symlink: /home/carlos/ros2_ws/install/px4_msgs/include/px4_msgs/px4_msgs/msg/detail/wind__traits.hpp\n'}
[2.727659] (px4_msgs) StdoutLine: {'line': b'-- Up-to-date symlink: /home/carlos/ros2_ws/install/px4_msgs/include/px4_msgs/px4_msgs/msg/detail/wind__type_support.hpp\n'}
[2.727743] (px4_msgs) StdoutLine: {'line': b'-- Up-to-date symlink: /home/carlos/ros2_ws/install/px4_msgs/include/px4_msgs/px4_msgs/msg/detail/yaw_estimator_status__builder.hpp\n'}
[2.727827] (px4_msgs) StdoutLine: {'line': b'-- Up-to-date symlink: /home/carlos/ros2_ws/install/px4_msgs/include/px4_msgs/px4_msgs/msg/detail/yaw_estimator_status__struct.hpp\n'}
[2.727918] (px4_msgs) StdoutLine: {'line': b'-- Up-to-date symlink: /home/carlos/ros2_ws/install/px4_msgs/include/px4_msgs/px4_msgs/msg/detail/yaw_estimator_status__traits.hpp\n'}
[2.728013] (px4_msgs) StdoutLine: {'line': b'-- Up-to-date symlink: /home/carlos/ros2_ws/install/px4_msgs/include/px4_msgs/px4_msgs/msg/detail/yaw_estimator_status__type_support.hpp\n'}
[2.728087] (px4_msgs) StdoutLine: {'line': b'-- Up-to-date symlink: /home/carlos/ros2_ws/install/px4_msgs/include/px4_msgs/px4_msgs/msg/differential_pressure.hpp\n'}
[2.728154] (px4_msgs) StdoutLine: {'line': b'-- Up-to-date symlink: /home/carlos/ros2_ws/install/px4_msgs/include/px4_msgs/px4_msgs/msg/distance_sensor.hpp\n'}
[2.728233] (px4_msgs) StdoutLine: {'line': b'-- Up-to-date symlink: /home/carlos/ros2_ws/install/px4_msgs/include/px4_msgs/px4_msgs/msg/distance_sensor_mode_change_request.hpp\n'}
[2.728310] (px4_msgs) StdoutLine: {'line': b'-- Up-to-date symlink: /home/carlos/ros2_ws/install/px4_msgs/include/px4_msgs/px4_msgs/msg/dronecan_node_status.hpp\n'}
[2.728389] (px4_msgs) StdoutLine: {'line': b'-- Up-to-date symlink: /home/carlos/ros2_ws/install/px4_msgs/include/px4_msgs/px4_msgs/msg/ekf2_timestamps.hpp\n'}
[2.728467] (px4_msgs) StdoutLine: {'line': b'-- Up-to-date symlink: /home/carlos/ros2_ws/install/px4_msgs/include/px4_msgs/px4_msgs/msg/esc_report.hpp\n'}
[2.728545] (px4_msgs) StdoutLine: {'line': b'-- Up-to-date symlink: /home/carlos/ros2_ws/install/px4_msgs/include/px4_msgs/px4_msgs/msg/esc_status.hpp\n'}
[2.728624] (px4_msgs) StdoutLine: {'line': b'-- Up-to-date symlink: /home/carlos/ros2_ws/install/px4_msgs/include/px4_msgs/px4_msgs/msg/estimator_aid_source1d.hpp\n'}
[2.728703] (px4_msgs) StdoutLine: {'line': b'-- Up-to-date symlink: /home/carlos/ros2_ws/install/px4_msgs/include/px4_msgs/px4_msgs/msg/estimator_aid_source2d.hpp\n'}
[2.728782] (px4_msgs) StdoutLine: {'line': b'-- Up-to-date symlink: /home/carlos/ros2_ws/install/px4_msgs/include/px4_msgs/px4_msgs/msg/estimator_aid_source3d.hpp\n'}
[2.728860] (px4_msgs) StdoutLine: {'line': b'-- Up-to-date symlink: /home/carlos/ros2_ws/install/px4_msgs/include/px4_msgs/px4_msgs/msg/estimator_bias.hpp\n'}
[2.728939] (px4_msgs) StdoutLine: {'line': b'-- Up-to-date symlink: /home/carlos/ros2_ws/install/px4_msgs/include/px4_msgs/px4_msgs/msg/estimator_bias3d.hpp\n'}
[2.729018] (px4_msgs) StdoutLine: {'line': b'-- Up-to-date symlink: /home/carlos/ros2_ws/install/px4_msgs/include/px4_msgs/px4_msgs/msg/estimator_event_flags.hpp\n'}
[2.729107] (px4_msgs) StdoutLine: {'line': b'-- Up-to-date symlink: /home/carlos/ros2_ws/install/px4_msgs/include/px4_msgs/px4_msgs/msg/estimator_gps_status.hpp\n'}
[2.729186] (px4_msgs) StdoutLine: {'line': b'-- Up-to-date symlink: /home/carlos/ros2_ws/install/px4_msgs/include/px4_msgs/px4_msgs/msg/estimator_innovations.hpp\n'}
[2.729264] (px4_msgs) StdoutLine: {'line': b'-- Up-to-date symlink: /home/carlos/ros2_ws/install/px4_msgs/include/px4_msgs/px4_msgs/msg/estimator_selector_status.hpp\n'}
[2.729342] (px4_msgs) StdoutLine: {'line': b'-- Up-to-date symlink: /home/carlos/ros2_ws/install/px4_msgs/include/px4_msgs/px4_msgs/msg/estimator_sensor_bias.hpp\n'}
[2.729420] (px4_msgs) StdoutLine: {'line': b'-- Up-to-date symlink: /home/carlos/ros2_ws/install/px4_msgs/include/px4_msgs/px4_msgs/msg/estimator_states.hpp\n'}
[2.729498] (px4_msgs) StdoutLine: {'line': b'-- Up-to-date symlink: /home/carlos/ros2_ws/install/px4_msgs/include/px4_msgs/px4_msgs/msg/estimator_status.hpp\n'}
[2.729576] (px4_msgs) StdoutLine: {'line': b'-- Up-to-date symlink: /home/carlos/ros2_ws/install/px4_msgs/include/px4_msgs/px4_msgs/msg/estimator_status_flags.hpp\n'}
[2.729654] (px4_msgs) StdoutLine: {'line': b'-- Up-to-date symlink: /home/carlos/ros2_ws/install/px4_msgs/include/px4_msgs/px4_msgs/msg/event.hpp\n'}
[2.729738] (px4_msgs) StdoutLine: {'line': b'-- Up-to-date symlink: /home/carlos/ros2_ws/install/px4_msgs/include/px4_msgs/px4_msgs/msg/failsafe_flags.hpp\n'}
[2.729816] (px4_msgs) StdoutLine: {'line': b'-- Up-to-date symlink: /home/carlos/ros2_ws/install/px4_msgs/include/px4_msgs/px4_msgs/msg/failure_detector_status.hpp\n'}
[2.729894] (px4_msgs) StdoutLine: {'line': b'-- Up-to-date symlink: /home/carlos/ros2_ws/install/px4_msgs/include/px4_msgs/px4_msgs/msg/figure_eight_status.hpp\n'}
[2.729973] (px4_msgs) StdoutLine: {'line': b'-- Up-to-date symlink: /home/carlos/ros2_ws/install/px4_msgs/include/px4_msgs/px4_msgs/msg/fixed_wing_lateral_guidance_status.hpp\n'}
[2.730064] (px4_msgs) StdoutLine: {'line': b'-- Up-to-date symlink: /home/carlos/ros2_ws/install/px4_msgs/include/px4_msgs/px4_msgs/msg/fixed_wing_lateral_setpoint.hpp\n'}
[2.730138] (px4_msgs) StdoutLine: {'line': b'-- Up-to-date symlink: /home/carlos/ros2_ws/install/px4_msgs/include/px4_msgs/px4_msgs/msg/fixed_wing_lateral_status.hpp\n'}
[2.730216] (px4_msgs) StdoutLine: {'line': b'-- Up-to-date symlink: /home/carlos/ros2_ws/install/px4_msgs/include/px4_msgs/px4_msgs/msg/fixed_wing_longitudinal_setpoint.hpp\n'}
[2.730294] (px4_msgs) StdoutLine: {'line': b'-- Up-to-date symlink: /home/carlos/ros2_ws/install/px4_msgs/include/px4_msgs/px4_msgs/msg/fixed_wing_runway_control.hpp\n'}
[2.730373] (px4_msgs) StdoutLine: {'line': b'-- Up-to-date symlink: /home/carlos/ros2_ws/install/px4_msgs/include/px4_msgs/px4_msgs/msg/flight_phase_estimation.hpp\n'}
[2.730451] (px4_msgs) StdoutLine: {'line': b'-- Up-to-date symlink: /home/carlos/ros2_ws/install/px4_msgs/include/px4_msgs/px4_msgs/msg/follow_target.hpp\n'}
[2.730530] (px4_msgs) StdoutLine: {'line': b'-- Up-to-date symlink: /home/carlos/ros2_ws/install/px4_msgs/include/px4_msgs/px4_msgs/msg/follow_target_estimator.hpp\n'}
[2.730608] (px4_msgs) StdoutLine: {'line': b'-- Up-to-date symlink: /home/carlos/ros2_ws/install/px4_msgs/include/px4_msgs/px4_msgs/msg/follow_target_status.hpp\n'}
[2.730686] (px4_msgs) StdoutLine: {'line': b'-- Up-to-date symlink: /home/carlos/ros2_ws/install/px4_msgs/include/px4_msgs/px4_msgs/msg/fuel_tank_status.hpp\n'}
[2.730764] (px4_msgs) StdoutLine: {'line': b'-- Up-to-date symlink: /home/carlos/ros2_ws/install/px4_msgs/include/px4_msgs/px4_msgs/msg/generator_status.hpp\n'}
[2.730842] (px4_msgs) StdoutLine: {'line': b'-- Up-to-date symlink: /home/carlos/ros2_ws/install/px4_msgs/include/px4_msgs/px4_msgs/msg/geofence_result.hpp\n'}
[2.730920] (px4_msgs) StdoutLine: {'line': b'-- Up-to-date symlink: /home/carlos/ros2_ws/install/px4_msgs/include/px4_msgs/px4_msgs/msg/geofence_status.hpp\n'}
[2.730993] (px4_msgs) StdoutLine: {'line': b'-- Up-to-date symlink: /home/carlos/ros2_ws/install/px4_msgs/include/px4_msgs/px4_msgs/msg/gimbal_controls.hpp\n'}
[2.731079] (px4_msgs) StdoutLine: {'line': b'-- Up-to-date symlink: /home/carlos/ros2_ws/install/px4_msgs/include/px4_msgs/px4_msgs/msg/gimbal_device_attitude_status.hpp\n'}
[2.731158] (px4_msgs) StdoutLine: {'line': b'-- Up-to-date symlink: /home/carlos/ros2_ws/install/px4_msgs/include/px4_msgs/px4_msgs/msg/gimbal_device_information.hpp\n'}
[2.731237] (px4_msgs) StdoutLine: {'line': b'-- Up-to-date symlink: /home/carlos/ros2_ws/install/px4_msgs/include/px4_msgs/px4_msgs/msg/gimbal_device_set_attitude.hpp\n'}
[2.731315] (px4_msgs) StdoutLine: {'line': b'-- Up-to-date symlink: /home/carlos/ros2_ws/install/px4_msgs/include/px4_msgs/px4_msgs/msg/gimbal_manager_information.hpp\n'}
[2.731394] (px4_msgs) StdoutLine: {'line': b'-- Up-to-date symlink: /home/carlos/ros2_ws/install/px4_msgs/include/px4_msgs/px4_msgs/msg/gimbal_manager_set_attitude.hpp\n'}
[2.731477] (px4_msgs) StdoutLine: {'line': b'-- Up-to-date symlink: /home/carlos/ros2_ws/install/px4_msgs/include/px4_msgs/px4_msgs/msg/gimbal_manager_set_manual_control.hpp\n'}
[2.731557] (px4_msgs) StdoutLine: {'line': b'-- Up-to-date symlink: /home/carlos/ros2_ws/install/px4_msgs/include/px4_msgs/px4_msgs/msg/gimbal_manager_status.hpp\n'}
[2.731636] (px4_msgs) StdoutLine: {'line': b'-- Up-to-date symlink: /home/carlos/ros2_ws/install/px4_msgs/include/px4_msgs/px4_msgs/msg/goto_setpoint.hpp\n'}
[2.731715] (px4_msgs) StdoutLine: {'line': b'-- Up-to-date symlink: /home/carlos/ros2_ws/install/px4_msgs/include/px4_msgs/px4_msgs/msg/gpio_config.hpp\n'}
[2.731794] (px4_msgs) StdoutLine: {'line': b'-- Up-to-date symlink: /home/carlos/ros2_ws/install/px4_msgs/include/px4_msgs/px4_msgs/msg/gpio_in.hpp\n'}
[2.731872] (px4_msgs) StdoutLine: {'line': b'-- Up-to-date symlink: /home/carlos/ros2_ws/install/px4_msgs/include/px4_msgs/px4_msgs/msg/gpio_out.hpp\n'}
[2.731951] (px4_msgs) StdoutLine: {'line': b'-- Up-to-date symlink: /home/carlos/ros2_ws/install/px4_msgs/include/px4_msgs/px4_msgs/msg/gpio_request.hpp\n'}
[2.732029] (px4_msgs) StdoutLine: {'line': b'-- Up-to-date symlink: /home/carlos/ros2_ws/install/px4_msgs/include/px4_msgs/px4_msgs/msg/gps_dump.hpp\n'}
[2.732115] (px4_msgs) StdoutLine: {'line': b'-- Up-to-date symlink: /home/carlos/ros2_ws/install/px4_msgs/include/px4_msgs/px4_msgs/msg/gps_inject_data.hpp\n'}
[2.732194] (px4_msgs) StdoutLine: {'line': b'-- Up-to-date symlink: /home/carlos/ros2_ws/install/px4_msgs/include/px4_msgs/px4_msgs/msg/gripper.hpp\n'}
[2.732271] (px4_msgs) StdoutLine: {'line': b'-- Up-to-date symlink: /home/carlos/ros2_ws/install/px4_msgs/include/px4_msgs/px4_msgs/msg/health_report.hpp\n'}
[2.732348] (px4_msgs) StdoutLine: {'line': b'-- Up-to-date symlink: /home/carlos/ros2_ws/install/px4_msgs/include/px4_msgs/px4_msgs/msg/heater_status.hpp\n'}
[2.732426] (px4_msgs) StdoutLine: {'line': b'-- Up-to-date symlink: /home/carlos/ros2_ws/install/px4_msgs/include/px4_msgs/px4_msgs/msg/home_position.hpp\n'}
[2.732505] (px4_msgs) StdoutLine: {'line': b'-- Up-to-date symlink: /home/carlos/ros2_ws/install/px4_msgs/include/px4_msgs/px4_msgs/msg/hover_thrust_estimate.hpp\n'}
[2.732583] (px4_msgs) StdoutLine: {'line': b'-- Up-to-date symlink: /home/carlos/ros2_ws/install/px4_msgs/include/px4_msgs/px4_msgs/msg/input_rc.hpp\n'}
[2.732661] (px4_msgs) StdoutLine: {'line': b'-- Up-to-date symlink: /home/carlos/ros2_ws/install/px4_msgs/include/px4_msgs/px4_msgs/msg/internal_combustion_engine_control.hpp\n'}
[2.732740] (px4_msgs) StdoutLine: {'line': b'-- Up-to-date symlink: /home/carlos/ros2_ws/install/px4_msgs/include/px4_msgs/px4_msgs/msg/internal_combustion_engine_status.hpp\n'}
[2.732817] (px4_msgs) StdoutLine: {'line': b'-- Up-to-date symlink: /home/carlos/ros2_ws/install/px4_msgs/include/px4_msgs/px4_msgs/msg/iridiumsbd_status.hpp\n'}
[2.732896] (px4_msgs) StdoutLine: {'line': b'-- Up-to-date symlink: /home/carlos/ros2_ws/install/px4_msgs/include/px4_msgs/px4_msgs/msg/irlock_report.hpp\n'}
[2.732974] (px4_msgs) StdoutLine: {'line': b'-- Up-to-date symlink: /home/carlos/ros2_ws/install/px4_msgs/include/px4_msgs/px4_msgs/msg/landing_gear.hpp\n'}
[2.733059] (px4_msgs) StdoutLine: {'line': b'-- Up-to-date symlink: /home/carlos/ros2_ws/install/px4_msgs/include/px4_msgs/px4_msgs/msg/landing_gear_wheel.hpp\n'}
[2.733142] (px4_msgs) StdoutLine: {'line': b'-- Up-to-date symlink: /home/carlos/ros2_ws/install/px4_msgs/include/px4_msgs/px4_msgs/msg/landing_target_innovations.hpp\n'}
[2.733220] (px4_msgs) StdoutLine: {'line': b'-- Up-to-date symlink: /home/carlos/ros2_ws/install/px4_msgs/include/px4_msgs/px4_msgs/msg/landing_target_pose.hpp\n'}
[2.733305] (px4_msgs) StdoutLine: {'line': b'-- Up-to-date symlink: /home/carlos/ros2_ws/install/px4_msgs/include/px4_msgs/px4_msgs/msg/lateral_control_configuration.hpp\n'}
[2.733383] (px4_msgs) StdoutLine: {'line': b'-- Up-to-date symlink: /home/carlos/ros2_ws/install/px4_msgs/include/px4_msgs/px4_msgs/msg/launch_detection_status.hpp\n'}
[2.733461] (px4_msgs) StdoutLine: {'line': b'-- Up-to-date symlink: /home/carlos/ros2_ws/install/px4_msgs/include/px4_msgs/px4_msgs/msg/led_control.hpp\n'}
[2.733538] (px4_msgs) StdoutLine: {'line': b'-- Up-to-date symlink: /home/carlos/ros2_ws/install/px4_msgs/include/px4_msgs/px4_msgs/msg/log_message.hpp\n'}
[2.733616] (px4_msgs) StdoutLine: {'line': b'-- Up-to-date symlink: /home/carlos/ros2_ws/install/px4_msgs/include/px4_msgs/px4_msgs/msg/logger_status.hpp\n'}
[2.733695] (px4_msgs) StdoutLine: {'line': b'-- Up-to-date symlink: /home/carlos/ros2_ws/install/px4_msgs/include/px4_msgs/px4_msgs/msg/longitudinal_control_configuration.hpp\n'}
[2.733773] (px4_msgs) StdoutLine: {'line': b'-- Up-to-date symlink: /home/carlos/ros2_ws/install/px4_msgs/include/px4_msgs/px4_msgs/msg/mag_worker_data.hpp\n'}
[2.733853] (px4_msgs) StdoutLine: {'line': b'-- Up-to-date symlink: /home/carlos/ros2_ws/install/px4_msgs/include/px4_msgs/px4_msgs/msg/magnetometer_bias_estimate.hpp\n'}
[2.733932] (px4_msgs) StdoutLine: {'line': b'-- Up-to-date symlink: /home/carlos/ros2_ws/install/px4_msgs/include/px4_msgs/px4_msgs/msg/manual_control_setpoint.hpp\n'}
[2.734009] (px4_msgs) StdoutLine: {'line': b'-- Up-to-date symlink: /home/carlos/ros2_ws/install/px4_msgs/include/px4_msgs/px4_msgs/msg/manual_control_switches.hpp\n'}
[2.734095] (px4_msgs) StdoutLine: {'line': b'-- Up-to-date symlink: /home/carlos/ros2_ws/install/px4_msgs/include/px4_msgs/px4_msgs/msg/mavlink_log.hpp\n'}
[2.734174] (px4_msgs) StdoutLine: {'line': b'-- Up-to-date symlink: /home/carlos/ros2_ws/install/px4_msgs/include/px4_msgs/px4_msgs/msg/mavlink_tunnel.hpp\n'}
[2.734251] (px4_msgs) StdoutLine: {'line': b'-- Up-to-date symlink: /home/carlos/ros2_ws/install/px4_msgs/include/px4_msgs/px4_msgs/msg/message_format_request.hpp\n'}
[2.734330] (px4_msgs) StdoutLine: {'line': b'-- Up-to-date symlink: /home/carlos/ros2_ws/install/px4_msgs/include/px4_msgs/px4_msgs/msg/message_format_response.hpp\n'}
[2.734408] (px4_msgs) StdoutLine: {'line': b'-- Up-to-date symlink: /home/carlos/ros2_ws/install/px4_msgs/include/px4_msgs/px4_msgs/msg/mission.hpp\n'}
[2.734487] (px4_msgs) StdoutLine: {'line': b'-- Up-to-date symlink: /home/carlos/ros2_ws/install/px4_msgs/include/px4_msgs/px4_msgs/msg/mission_result.hpp\n'}
[2.734561] (px4_msgs) StdoutLine: {'line': b'-- Up-to-date symlink: /home/carlos/ros2_ws/install/px4_msgs/include/px4_msgs/px4_msgs/msg/mode_completed.hpp\n'}
[2.734640] (px4_msgs) StdoutLine: {'line': b'-- Up-to-date symlink: /home/carlos/ros2_ws/install/px4_msgs/include/px4_msgs/px4_msgs/msg/mount_orientation.hpp\n'}
[2.734720] (px4_msgs) StdoutLine: {'line': b'-- Up-to-date symlink: /home/carlos/ros2_ws/install/px4_msgs/include/px4_msgs/px4_msgs/msg/navigator_mission_item.hpp\n'}
[2.734798] (px4_msgs) StdoutLine: {'line': b'-- Up-to-date symlink: /home/carlos/ros2_ws/install/px4_msgs/include/px4_msgs/px4_msgs/msg/navigator_status.hpp\n'}
[2.734877] (px4_msgs) StdoutLine: {'line': b'-- Up-to-date symlink: /home/carlos/ros2_ws/install/px4_msgs/include/px4_msgs/px4_msgs/msg/neural_control.hpp\n'}
[2.734957] (px4_msgs) StdoutLine: {'line': b'-- Up-to-date symlink: /home/carlos/ros2_ws/install/px4_msgs/include/px4_msgs/px4_msgs/msg/normalized_unsigned_setpoint.hpp\n'}
[2.735045] (px4_msgs) StdoutLine: {'line': b'-- Up-to-date symlink: /home/carlos/ros2_ws/install/px4_msgs/include/px4_msgs/px4_msgs/msg/obstacle_distance.hpp\n'}
[2.735126] (px4_msgs) StdoutLine: {'line': b'-- Up-to-date symlink: /home/carlos/ros2_ws/install/px4_msgs/include/px4_msgs/px4_msgs/msg/offboard_control_mode.hpp\n'}
[2.735205] (px4_msgs) StdoutLine: {'line': b'-- Up-to-date symlink: /home/carlos/ros2_ws/install/px4_msgs/include/px4_msgs/px4_msgs/msg/onboard_computer_status.hpp\n'}
[2.735284] (px4_msgs) StdoutLine: {'line': b'-- Up-to-date symlink: /home/carlos/ros2_ws/install/px4_msgs/include/px4_msgs/px4_msgs/msg/open_drone_id_arm_status.hpp\n'}
[2.735374] (px4_msgs) StdoutLine: {'line': b'-- Up-to-date symlink: /home/carlos/ros2_ws/install/px4_msgs/include/px4_msgs/px4_msgs/msg/open_drone_id_operator_id.hpp\n'}
[2.735450] (px4_msgs) StdoutLine: {'line': b'-- Up-to-date symlink: /home/carlos/ros2_ws/install/px4_msgs/include/px4_msgs/px4_msgs/msg/open_drone_id_self_id.hpp\n'}
[2.735529] (px4_msgs) StdoutLine: {'line': b'-- Up-to-date symlink: /home/carlos/ros2_ws/install/px4_msgs/include/px4_msgs/px4_msgs/msg/open_drone_id_system.hpp\n'}
[2.735608] (px4_msgs) StdoutLine: {'line': b'-- Up-to-date symlink: /home/carlos/ros2_ws/install/px4_msgs/include/px4_msgs/px4_msgs/msg/orb_test.hpp\n'}
[2.735687] (px4_msgs) StdoutLine: {'line': b'-- Up-to-date symlink: /home/carlos/ros2_ws/install/px4_msgs/include/px4_msgs/px4_msgs/msg/orb_test_large.hpp\n'}
[2.735765] (px4_msgs) StdoutLine: {'line': b'-- Up-to-date symlink: /home/carlos/ros2_ws/install/px4_msgs/include/px4_msgs/px4_msgs/msg/orb_test_medium.hpp\n'}
[2.735844] (px4_msgs) StdoutLine: {'line': b'-- Up-to-date symlink: /home/carlos/ros2_ws/install/px4_msgs/include/px4_msgs/px4_msgs/msg/orbit_status.hpp\n'}
[2.735922] (px4_msgs) StdoutLine: {'line': b'-- Up-to-date symlink: /home/carlos/ros2_ws/install/px4_msgs/include/px4_msgs/px4_msgs/msg/parameter_reset_request.hpp\n'}
[2.736001] (px4_msgs) StdoutLine: {'line': b'-- Up-to-date symlink: /home/carlos/ros2_ws/install/px4_msgs/include/px4_msgs/px4_msgs/msg/parameter_set_used_request.hpp\n'}
[2.736085] (px4_msgs) StdoutLine: {'line': b'-- Up-to-date symlink: /home/carlos/ros2_ws/install/px4_msgs/include/px4_msgs/px4_msgs/msg/parameter_set_value_request.hpp\n'}
[2.736163] (px4_msgs) StdoutLine: {'line': b'-- Up-to-date symlink: /home/carlos/ros2_ws/install/px4_msgs/include/px4_msgs/px4_msgs/msg/parameter_set_value_response.hpp\n'}
[2.736242] (px4_msgs) StdoutLine: {'line': b'-- Up-to-date symlink: /home/carlos/ros2_ws/install/px4_msgs/include/px4_msgs/px4_msgs/msg/parameter_update.hpp\n'}
[2.736320] (px4_msgs) StdoutLine: {'line': b'-- Up-to-date symlink: /home/carlos/ros2_ws/install/px4_msgs/include/px4_msgs/px4_msgs/msg/ping.hpp\n'}
[2.736399] (px4_msgs) StdoutLine: {'line': b'-- Up-to-date symlink: /home/carlos/ros2_ws/install/px4_msgs/include/px4_msgs/px4_msgs/msg/position_controller_landing_status.hpp\n'}
[2.736478] (px4_msgs) StdoutLine: {'line': b'-- Up-to-date symlink: /home/carlos/ros2_ws/install/px4_msgs/include/px4_msgs/px4_msgs/msg/position_controller_status.hpp\n'}
[2.736556] (px4_msgs) StdoutLine: {'line': b'-- Up-to-date symlink: /home/carlos/ros2_ws/install/px4_msgs/include/px4_msgs/px4_msgs/msg/position_setpoint.hpp\n'}
[2.736634] (px4_msgs) StdoutLine: {'line': b'-- Up-to-date symlink: /home/carlos/ros2_ws/install/px4_msgs/include/px4_msgs/px4_msgs/msg/position_setpoint_triplet.hpp\n'}
[2.736713] (px4_msgs) StdoutLine: {'line': b'-- Up-to-date symlink: /home/carlos/ros2_ws/install/px4_msgs/include/px4_msgs/px4_msgs/msg/power_button_state.hpp\n'}
[2.736790] (px4_msgs) StdoutLine: {'line': b'-- Up-to-date symlink: /home/carlos/ros2_ws/install/px4_msgs/include/px4_msgs/px4_msgs/msg/power_monitor.hpp\n'}
[2.736869] (px4_msgs) StdoutLine: {'line': b'-- Up-to-date symlink: /home/carlos/ros2_ws/install/px4_msgs/include/px4_msgs/px4_msgs/msg/pps_capture.hpp\n'}
[2.736953] (px4_msgs) StdoutLine: {'line': b'-- Up-to-date symlink: /home/carlos/ros2_ws/install/px4_msgs/include/px4_msgs/px4_msgs/msg/pure_pursuit_status.hpp\n'}
[2.737031] (px4_msgs) StdoutLine: {'line': b'-- Up-to-date symlink: /home/carlos/ros2_ws/install/px4_msgs/include/px4_msgs/px4_msgs/msg/pwm_input.hpp\n'}
[2.737116] (px4_msgs) StdoutLine: {'line': b'-- Up-to-date symlink: /home/carlos/ros2_ws/install/px4_msgs/include/px4_msgs/px4_msgs/msg/px4io_status.hpp\n'}
[2.737194] (px4_msgs) StdoutLine: {'line': b'-- Up-to-date symlink: /home/carlos/ros2_ws/install/px4_msgs/include/px4_msgs/px4_msgs/msg/qshell_req.hpp\n'}
[2.737272] (px4_msgs) StdoutLine: {'line': b'-- Up-to-date symlink: /home/carlos/ros2_ws/install/px4_msgs/include/px4_msgs/px4_msgs/msg/qshell_retval.hpp\n'}
[2.737349] (px4_msgs) StdoutLine: {'line': b'-- Up-to-date symlink: /home/carlos/ros2_ws/install/px4_msgs/include/px4_msgs/px4_msgs/msg/radio_status.hpp\n'}
[2.737428] (px4_msgs) StdoutLine: {'line': b'-- Up-to-date symlink: /home/carlos/ros2_ws/install/px4_msgs/include/px4_msgs/px4_msgs/msg/rate_ctrl_status.hpp\n'}
[2.737507] (px4_msgs) StdoutLine: {'line': b'-- Up-to-date symlink: /home/carlos/ros2_ws/install/px4_msgs/include/px4_msgs/px4_msgs/msg/rc_channels.hpp\n'}
[2.737585] (px4_msgs) StdoutLine: {'line': b'-- Up-to-date symlink: /home/carlos/ros2_ws/install/px4_msgs/include/px4_msgs/px4_msgs/msg/rc_parameter_map.hpp\n'}
[2.737664] (px4_msgs) StdoutLine: {'line': b'-- Up-to-date symlink: /home/carlos/ros2_ws/install/px4_msgs/include/px4_msgs/px4_msgs/msg/register_ext_component_reply.hpp\n'}
[2.737743] (px4_msgs) StdoutLine: {'line': b'-- Up-to-date symlink: /home/carlos/ros2_ws/install/px4_msgs/include/px4_msgs/px4_msgs/msg/register_ext_component_request.hpp\n'}
[2.737826] (px4_msgs) StdoutLine: {'line': b'-- Up-to-date symlink: /home/carlos/ros2_ws/install/px4_msgs/include/px4_msgs/px4_msgs/msg/rosidl_generator_cpp__visibility_control.hpp\n'}
[2.737904] (px4_msgs) StdoutLine: {'line': b'-- Up-to-date symlink: /home/carlos/ros2_ws/install/px4_msgs/include/px4_msgs/px4_msgs/msg/rover_attitude_setpoint.hpp\n'}
[2.737983] (px4_msgs) StdoutLine: {'line': b'-- Up-to-date symlink: /home/carlos/ros2_ws/install/px4_msgs/include/px4_msgs/px4_msgs/msg/rover_attitude_status.hpp\n'}
[2.738071] (px4_msgs) StdoutLine: {'line': b'-- Up-to-date symlink: /home/carlos/ros2_ws/install/px4_msgs/include/px4_msgs/px4_msgs/msg/rover_position_setpoint.hpp\n'}
[2.738141] (px4_msgs) StdoutLine: {'line': b'-- Up-to-date symlink: /home/carlos/ros2_ws/install/px4_msgs/include/px4_msgs/px4_msgs/msg/rover_rate_setpoint.hpp\n'}
[2.738220] (px4_msgs) StdoutLine: {'line': b'-- Up-to-date symlink: /home/carlos/ros2_ws/install/px4_msgs/include/px4_msgs/px4_msgs/msg/rover_rate_status.hpp\n'}
[2.738299] (px4_msgs) StdoutLine: {'line': b'-- Up-to-date symlink: /home/carlos/ros2_ws/install/px4_msgs/include/px4_msgs/px4_msgs/msg/rover_speed_setpoint.hpp\n'}
[2.738377] (px4_msgs) StdoutLine: {'line': b'-- Up-to-date symlink: /home/carlos/ros2_ws/install/px4_msgs/include/px4_msgs/px4_msgs/msg/rover_speed_status.hpp\n'}
[2.738455] (px4_msgs) StdoutLine: {'line': b'-- Up-to-date symlink: /home/carlos/ros2_ws/install/px4_msgs/include/px4_msgs/px4_msgs/msg/rover_steering_setpoint.hpp\n'}
[2.738533] (px4_msgs) StdoutLine: {'line': b'-- Up-to-date symlink: /home/carlos/ros2_ws/install/px4_msgs/include/px4_msgs/px4_msgs/msg/rover_throttle_setpoint.hpp\n'}
[2.738619] (px4_msgs) StdoutLine: {'line': b'-- Up-to-date symlink: /home/carlos/ros2_ws/install/px4_msgs/include/px4_msgs/px4_msgs/msg/rpm.hpp\n'}
[2.738699] (px4_msgs) StdoutLine: {'line': b'-- Up-to-date symlink: /home/carlos/ros2_ws/install/px4_msgs/include/px4_msgs/px4_msgs/msg/rtl_status.hpp\n'}
[2.738778] (px4_msgs) StdoutLine: {'line': b'-- Up-to-date symlink: /home/carlos/ros2_ws/install/px4_msgs/include/px4_msgs/px4_msgs/msg/rtl_time_estimate.hpp\n'}
[2.738858] (px4_msgs) StdoutLine: {'line': b'-- Up-to-date symlink: /home/carlos/ros2_ws/install/px4_msgs/include/px4_msgs/px4_msgs/msg/satellite_info.hpp\n'}
[2.738937] (px4_msgs) StdoutLine: {'line': b'-- Up-to-date symlink: /home/carlos/ros2_ws/install/px4_msgs/include/px4_msgs/px4_msgs/msg/sensor_accel.hpp\n'}
[2.739016] (px4_msgs) StdoutLine: {'line': b'-- Up-to-date symlink: /home/carlos/ros2_ws/install/px4_msgs/include/px4_msgs/px4_msgs/msg/sensor_accel_fifo.hpp\n'}
[2.739101] (px4_msgs) StdoutLine: {'line': b'-- Up-to-date symlink: /home/carlos/ros2_ws/install/px4_msgs/include/px4_msgs/px4_msgs/msg/sensor_airflow.hpp\n'}
[2.739180] (px4_msgs) StdoutLine: {'line': b'-- Up-to-date symlink: /home/carlos/ros2_ws/install/px4_msgs/include/px4_msgs/px4_msgs/msg/sensor_baro.hpp\n'}
[2.739259] (px4_msgs) StdoutLine: {'line': b'-- Up-to-date symlink: /home/carlos/ros2_ws/install/px4_msgs/include/px4_msgs/px4_msgs/msg/sensor_combined.hpp\n'}
[2.739338] (px4_msgs) StdoutLine: {'line': b'-- Up-to-date symlink: /home/carlos/ros2_ws/install/px4_msgs/include/px4_msgs/px4_msgs/msg/sensor_correction.hpp\n'}
[2.739417] (px4_msgs) StdoutLine: {'line': b'-- Up-to-date symlink: /home/carlos/ros2_ws/install/px4_msgs/include/px4_msgs/px4_msgs/msg/sensor_gnss_relative.hpp\n'}
[2.739496] (px4_msgs) StdoutLine: {'line': b'-- Up-to-date symlink: /home/carlos/ros2_ws/install/px4_msgs/include/px4_msgs/px4_msgs/msg/sensor_gnss_status.hpp\n'}
[2.739574] (px4_msgs) StdoutLine: {'line': b'-- Up-to-date symlink: /home/carlos/ros2_ws/install/px4_msgs/include/px4_msgs/px4_msgs/msg/sensor_gps.hpp\n'}
[2.739652] (px4_msgs) StdoutLine: {'line': b'-- Up-to-date symlink: /home/carlos/ros2_ws/install/px4_msgs/include/px4_msgs/px4_msgs/msg/sensor_gyro.hpp\n'}
[2.739731] (px4_msgs) StdoutLine: {'line': b'-- Up-to-date symlink: /home/carlos/ros2_ws/install/px4_msgs/include/px4_msgs/px4_msgs/msg/sensor_gyro_fft.hpp\n'}
[2.739810] (px4_msgs) StdoutLine: {'line': b'-- Up-to-date symlink: /home/carlos/ros2_ws/install/px4_msgs/include/px4_msgs/px4_msgs/msg/sensor_gyro_fifo.hpp\n'}
[2.739889] (px4_msgs) StdoutLine: {'line': b'-- Up-to-date symlink: /home/carlos/ros2_ws/install/px4_msgs/include/px4_msgs/px4_msgs/msg/sensor_hygrometer.hpp\n'}
[2.739967] (px4_msgs) StdoutLine: {'line': b'-- Up-to-date symlink: /home/carlos/ros2_ws/install/px4_msgs/include/px4_msgs/px4_msgs/msg/sensor_mag.hpp\n'}
[2.740059] (px4_msgs) StdoutLine: {'line': b'-- Up-to-date symlink: /home/carlos/ros2_ws/install/px4_msgs/include/px4_msgs/px4_msgs/msg/sensor_optical_flow.hpp\n'}
[2.740133] (px4_msgs) StdoutLine: {'line': b'-- Up-to-date symlink: /home/carlos/ros2_ws/install/px4_msgs/include/px4_msgs/px4_msgs/msg/sensor_preflight_mag.hpp\n'}
[2.740209] (px4_msgs) StdoutLine: {'line': b'-- Up-to-date symlink: /home/carlos/ros2_ws/install/px4_msgs/include/px4_msgs/px4_msgs/msg/sensor_selection.hpp\n'}
[2.740288] (px4_msgs) StdoutLine: {'line': b'-- Up-to-date symlink: /home/carlos/ros2_ws/install/px4_msgs/include/px4_msgs/px4_msgs/msg/sensor_uwb.hpp\n'}
[2.740366] (px4_msgs) StdoutLine: {'line': b'-- Up-to-date symlink: /home/carlos/ros2_ws/install/px4_msgs/include/px4_msgs/px4_msgs/msg/sensors_status.hpp\n'}
[2.740445] (px4_msgs) StdoutLine: {'line': b'-- Up-to-date symlink: /home/carlos/ros2_ws/install/px4_msgs/include/px4_msgs/px4_msgs/msg/sensors_status_imu.hpp\n'}
[2.740530] (px4_msgs) StdoutLine: {'line': b'-- Up-to-date symlink: /home/carlos/ros2_ws/install/px4_msgs/include/px4_msgs/px4_msgs/msg/system_power.hpp\n'}
[2.740608] (px4_msgs) StdoutLine: {'line': b'-- Up-to-date symlink: /home/carlos/ros2_ws/install/px4_msgs/include/px4_msgs/px4_msgs/msg/takeoff_status.hpp\n'}
[2.740686] (px4_msgs) StdoutLine: {'line': b'-- Up-to-date symlink: /home/carlos/ros2_ws/install/px4_msgs/include/px4_msgs/px4_msgs/msg/task_stack_info.hpp\n'}
[2.740765] (px4_msgs) StdoutLine: {'line': b'-- Up-to-date symlink: /home/carlos/ros2_ws/install/px4_msgs/include/px4_msgs/px4_msgs/msg/tecs_status.hpp\n'}
[2.740843] (px4_msgs) StdoutLine: {'line': b'-- Up-to-date symlink: /home/carlos/ros2_ws/install/px4_msgs/include/px4_msgs/px4_msgs/msg/telemetry_status.hpp\n'}
[2.740922] (px4_msgs) StdoutLine: {'line': b'-- Up-to-date symlink: /home/carlos/ros2_ws/install/px4_msgs/include/px4_msgs/px4_msgs/msg/tiltrotor_extra_controls.hpp\n'}
[2.741000] (px4_msgs) StdoutLine: {'line': b'-- Up-to-date symlink: /home/carlos/ros2_ws/install/px4_msgs/include/px4_msgs/px4_msgs/msg/timesync_status.hpp\n'}
[2.741085] (px4_msgs) StdoutLine: {'line': b'-- Up-to-date symlink: /home/carlos/ros2_ws/install/px4_msgs/include/px4_msgs/px4_msgs/msg/trajectory_setpoint.hpp\n'}
[2.741167] (px4_msgs) StdoutLine: {'line': b'-- Up-to-date symlink: /home/carlos/ros2_ws/install/px4_msgs/include/px4_msgs/px4_msgs/msg/trajectory_setpoint6dof.hpp\n'}
[2.741246] (px4_msgs) StdoutLine: {'line': b'-- Up-to-date symlink: /home/carlos/ros2_ws/install/px4_msgs/include/px4_msgs/px4_msgs/msg/transponder_report.hpp\n'}
[2.741325] (px4_msgs) StdoutLine: {'line': b'-- Up-to-date symlink: /home/carlos/ros2_ws/install/px4_msgs/include/px4_msgs/px4_msgs/msg/tune_control.hpp\n'}
[2.741404] (px4_msgs) StdoutLine: {'line': b'-- Up-to-date symlink: /home/carlos/ros2_ws/install/px4_msgs/include/px4_msgs/px4_msgs/msg/uavcan_parameter_request.hpp\n'}
[2.741483] (px4_msgs) StdoutLine: {'line': b'-- Up-to-date symlink: /home/carlos/ros2_ws/install/px4_msgs/include/px4_msgs/px4_msgs/msg/uavcan_parameter_value.hpp\n'}
[2.741561] (px4_msgs) StdoutLine: {'line': b'-- Up-to-date symlink: /home/carlos/ros2_ws/install/px4_msgs/include/px4_msgs/px4_msgs/msg/ulog_stream.hpp\n'}
[2.741640] (px4_msgs) StdoutLine: {'line': b'-- Up-to-date symlink: /home/carlos/ros2_ws/install/px4_msgs/include/px4_msgs/px4_msgs/msg/ulog_stream_ack.hpp\n'}
[2.741713] (px4_msgs) StdoutLine: {'line': b'-- Up-to-date symlink: /home/carlos/ros2_ws/install/px4_msgs/include/px4_msgs/px4_msgs/msg/unregister_ext_component.hpp\n'}
[2.741792] (px4_msgs) StdoutLine: {'line': b'-- Up-to-date symlink: /home/carlos/ros2_ws/install/px4_msgs/include/px4_msgs/px4_msgs/msg/vehicle_acceleration.hpp\n'}
[2.741870] (px4_msgs) StdoutLine: {'line': b'-- Up-to-date symlink: /home/carlos/ros2_ws/install/px4_msgs/include/px4_msgs/px4_msgs/msg/vehicle_air_data.hpp\n'}
[2.741950] (px4_msgs) StdoutLine: {'line': b'-- Up-to-date symlink: /home/carlos/ros2_ws/install/px4_msgs/include/px4_msgs/px4_msgs/msg/vehicle_angular_acceleration_setpoint.hpp\n'}
[2.742028] (px4_msgs) StdoutLine: {'line': b'-- Up-to-date symlink: /home/carlos/ros2_ws/install/px4_msgs/include/px4_msgs/px4_msgs/msg/vehicle_angular_velocity.hpp\n'}
[2.742115] (px4_msgs) StdoutLine: {'line': b'-- Up-to-date symlink: /home/carlos/ros2_ws/install/px4_msgs/include/px4_msgs/px4_msgs/msg/vehicle_attitude.hpp\n'}
[2.742199] (px4_msgs) StdoutLine: {'line': b'-- Up-to-date symlink: /home/carlos/ros2_ws/install/px4_msgs/include/px4_msgs/px4_msgs/msg/vehicle_attitude_setpoint.hpp\n'}
[2.742278] (px4_msgs) StdoutLine: {'line': b'-- Up-to-date symlink: /home/carlos/ros2_ws/install/px4_msgs/include/px4_msgs/px4_msgs/msg/vehicle_command.hpp\n'}
[2.742357] (px4_msgs) StdoutLine: {'line': b'-- Up-to-date symlink: /home/carlos/ros2_ws/install/px4_msgs/include/px4_msgs/px4_msgs/msg/vehicle_command_ack.hpp\n'}
[2.742435] (px4_msgs) StdoutLine: {'line': b'-- Up-to-date symlink: /home/carlos/ros2_ws/install/px4_msgs/include/px4_msgs/px4_msgs/msg/vehicle_constraints.hpp\n'}
[2.742514] (px4_msgs) StdoutLine: {'line': b'-- Up-to-date symlink: /home/carlos/ros2_ws/install/px4_msgs/include/px4_msgs/px4_msgs/msg/vehicle_control_mode.hpp\n'}
[2.742593] (px4_msgs) StdoutLine: {'line': b'-- Up-to-date symlink: /home/carlos/ros2_ws/install/px4_msgs/include/px4_msgs/px4_msgs/msg/vehicle_global_position.hpp\n'}
[2.742671] (px4_msgs) StdoutLine: {'line': b'-- Up-to-date symlink: /home/carlos/ros2_ws/install/px4_msgs/include/px4_msgs/px4_msgs/msg/vehicle_imu.hpp\n'}
[2.742750] (px4_msgs) StdoutLine: {'line': b'-- Up-to-date symlink: /home/carlos/ros2_ws/install/px4_msgs/include/px4_msgs/px4_msgs/msg/vehicle_imu_status.hpp\n'}
[2.742828] (px4_msgs) StdoutLine: {'line': b'-- Up-to-date symlink: /home/carlos/ros2_ws/install/px4_msgs/include/px4_msgs/px4_msgs/msg/vehicle_land_detected.hpp\n'}
[2.742907] (px4_msgs) StdoutLine: {'line': b'-- Up-to-date symlink: /home/carlos/ros2_ws/install/px4_msgs/include/px4_msgs/px4_msgs/msg/vehicle_local_position.hpp\n'}
[2.742985] (px4_msgs) StdoutLine: {'line': b'-- Up-to-date symlink: /home/carlos/ros2_ws/install/px4_msgs/include/px4_msgs/px4_msgs/msg/vehicle_local_position_setpoint.hpp\n'}
[2.743073] (px4_msgs) StdoutLine: {'line': b'-- Up-to-date symlink: /home/carlos/ros2_ws/install/px4_msgs/include/px4_msgs/px4_msgs/msg/vehicle_magnetometer.hpp\n'}
[2.743150] (px4_msgs) StdoutLine: {'line': b'-- Up-to-date symlink: /home/carlos/ros2_ws/install/px4_msgs/include/px4_msgs/px4_msgs/msg/vehicle_odometry.hpp\n'}
[2.743230] (px4_msgs) StdoutLine: {'line': b'-- Up-to-date symlink: /home/carlos/ros2_ws/install/px4_msgs/include/px4_msgs/px4_msgs/msg/vehicle_optical_flow.hpp\n'}
[2.743308] (px4_msgs) StdoutLine: {'line': b'-- Up-to-date symlink: /home/carlos/ros2_ws/install/px4_msgs/include/px4_msgs/px4_msgs/msg/vehicle_optical_flow_vel.hpp\n'}
[2.743386] (px4_msgs) StdoutLine: {'line': b'-- Up-to-date symlink: /home/carlos/ros2_ws/install/px4_msgs/include/px4_msgs/px4_msgs/msg/vehicle_rates_setpoint.hpp\n'}
[2.743465] (px4_msgs) StdoutLine: {'line': b'-- Up-to-date symlink: /home/carlos/ros2_ws/install/px4_msgs/include/px4_msgs/px4_msgs/msg/vehicle_roi.hpp\n'}
[2.743543] (px4_msgs) StdoutLine: {'line': b'-- Up-to-date symlink: /home/carlos/ros2_ws/install/px4_msgs/include/px4_msgs/px4_msgs/msg/vehicle_status.hpp\n'}
[2.743623] (px4_msgs) StdoutLine: {'line': b'-- Up-to-date symlink: /home/carlos/ros2_ws/install/px4_msgs/include/px4_msgs/px4_msgs/msg/vehicle_thrust_setpoint.hpp\n'}
[2.743701] (px4_msgs) StdoutLine: {'line': b'-- Up-to-date symlink: /home/carlos/ros2_ws/install/px4_msgs/include/px4_msgs/px4_msgs/msg/vehicle_torque_setpoint.hpp\n'}
[2.743779] (px4_msgs) StdoutLine: {'line': b'-- Up-to-date symlink: /home/carlos/ros2_ws/install/px4_msgs/include/px4_msgs/px4_msgs/msg/velocity_limits.hpp\n'}
[2.743858] (px4_msgs) StdoutLine: {'line': b'-- Up-to-date symlink: /home/carlos/ros2_ws/install/px4_msgs/include/px4_msgs/px4_msgs/msg/vtol_vehicle_status.hpp\n'}
[2.743936] (px4_msgs) StdoutLine: {'line': b'-- Up-to-date symlink: /home/carlos/ros2_ws/install/px4_msgs/include/px4_msgs/px4_msgs/msg/wheel_encoders.hpp\n'}
[2.744014] (px4_msgs) StdoutLine: {'line': b'-- Up-to-date symlink: /home/carlos/ros2_ws/install/px4_msgs/include/px4_msgs/px4_msgs/msg/wind.hpp\n'}
[2.744105] (px4_msgs) StdoutLine: {'line': b'-- Up-to-date symlink: /home/carlos/ros2_ws/install/px4_msgs/include/px4_msgs/px4_msgs/msg/yaw_estimator_status.hpp\n'}
[2.744188] (px4_msgs) StdoutLine: {'line': b'-- Up-to-date symlink: /home/carlos/ros2_ws/install/px4_msgs/include/px4_msgs/px4_msgs/srv/detail/vehicle_command__builder.hpp\n'}
[2.744271] (px4_msgs) StdoutLine: {'line': b'-- Up-to-date symlink: /home/carlos/ros2_ws/install/px4_msgs/include/px4_msgs/px4_msgs/srv/detail/vehicle_command__struct.hpp\n'}
[2.744353] (px4_msgs) StdoutLine: {'line': b'-- Up-to-date symlink: /home/carlos/ros2_ws/install/px4_msgs/include/px4_msgs/px4_msgs/srv/detail/vehicle_command__traits.hpp\n'}
[2.744436] (px4_msgs) StdoutLine: {'line': b'-- Up-to-date symlink: /home/carlos/ros2_ws/install/px4_msgs/include/px4_msgs/px4_msgs/srv/detail/vehicle_command__type_support.hpp\n'}
[2.744515] (px4_msgs) StdoutLine: {'line': b'-- Up-to-date symlink: /home/carlos/ros2_ws/install/px4_msgs/include/px4_msgs/px4_msgs/srv/vehicle_command.hpp\n'}
[2.750683] (px4_msgs) StdoutLine: {'line': b'-- Up-to-date symlink: /home/carlos/ros2_ws/install/px4_msgs/include/px4_msgs/px4_msgs/msg/detail/action_request__rosidl_typesupport_fastrtps_cpp.hpp\n'}
[2.750858] (px4_msgs) StdoutLine: {'line': b'-- Up-to-date symlink: /home/carlos/ros2_ws/install/px4_msgs/include/px4_msgs/px4_msgs/msg/detail/actuator_armed__rosidl_typesupport_fastrtps_cpp.hpp\n'}
[2.750988] (px4_msgs) StdoutLine: {'line': b'-- Up-to-date symlink: /home/carlos/ros2_ws/install/px4_msgs/include/px4_msgs/px4_msgs/msg/detail/actuator_controls_status__rosidl_typesupport_fastrtps_cpp.hpp\n'}
[2.751197] (px4_msgs) StdoutLine: {'line': b'-- Up-to-date symlink: /home/carlos/ros2_ws/install/px4_msgs/include/px4_msgs/px4_msgs/msg/detail/actuator_motors__rosidl_typesupport_fastrtps_cpp.hpp\n'}
[2.751319] (px4_msgs) StdoutLine: {'line': b'-- Up-to-date symlink: /home/carlos/ros2_ws/install/px4_msgs/include/px4_msgs/px4_msgs/msg/detail/actuator_outputs__rosidl_typesupport_fastrtps_cpp.hpp\n'}
[2.751421] (px4_msgs) StdoutLine: {'line': b'-- Up-to-date symlink: /home/carlos/ros2_ws/install/px4_msgs/include/px4_msgs/px4_msgs/msg/detail/actuator_servos__rosidl_typesupport_fastrtps_cpp.hpp\n'}
[2.751568] (px4_msgs) StdoutLine: {'line': b'-- Up-to-date symlink: /home/carlos/ros2_ws/install/px4_msgs/include/px4_msgs/px4_msgs/msg/detail/actuator_servos_trim__rosidl_typesupport_fastrtps_cpp.hpp\n'}
[2.751675] (px4_msgs) StdoutLine: {'line': b'-- Up-to-date symlink: /home/carlos/ros2_ws/install/px4_msgs/include/px4_msgs/px4_msgs/msg/detail/actuator_test__rosidl_typesupport_fastrtps_cpp.hpp\n'}
[2.751774] (px4_msgs) StdoutLine: {'line': b'-- Up-to-date symlink: /home/carlos/ros2_ws/install/px4_msgs/include/px4_msgs/px4_msgs/msg/detail/adc_report__rosidl_typesupport_fastrtps_cpp.hpp\n'}
[2.751872] (px4_msgs) StdoutLine: {'line': b'-- Up-to-date symlink: /home/carlos/ros2_ws/install/px4_msgs/include/px4_msgs/px4_msgs/msg/detail/airspeed__rosidl_typesupport_fastrtps_cpp.hpp\n'}
[2.752032] (px4_msgs) StdoutLine: {'line': b'-- Up-to-date symlink: /home/carlos/ros2_ws/install/px4_msgs/include/px4_msgs/px4_msgs/msg/detail/airspeed_validated__rosidl_typesupport_fastrtps_cpp.hpp\n'}
[2.752162] (px4_msgs) StdoutLine: {'line': b'-- Up-to-date symlink: /home/carlos/ros2_ws/install/px4_msgs/include/px4_msgs/px4_msgs/msg/detail/airspeed_wind__rosidl_typesupport_fastrtps_cpp.hpp\n'}
[2.752330] (px4_msgs) StdoutLine: {'line': b'-- Up-to-date symlink: /home/carlos/ros2_ws/install/px4_msgs/include/px4_msgs/px4_msgs/msg/detail/arming_check_reply__rosidl_typesupport_fastrtps_cpp.hpp\n'}
[2.752478] (px4_msgs) StdoutLine: {'line': b'-- Up-to-date symlink: /home/carlos/ros2_ws/install/px4_msgs/include/px4_msgs/px4_msgs/msg/detail/arming_check_request__rosidl_typesupport_fastrtps_cpp.hpp\n'}
[2.752542] (px4_msgs) StdoutLine: {'line': b'-- Up-to-date symlink: /home/carlos/ros2_ws/install/px4_msgs/include/px4_msgs/px4_msgs/msg/detail/autotune_attitude_control_status__rosidl_typesupport_fastrtps_cpp.hpp\n'}
[2.752586] (px4_msgs) StdoutLine: {'line': b'-- Up-to-date symlink: /home/carlos/ros2_ws/install/px4_msgs/include/px4_msgs/px4_msgs/msg/detail/battery_info__rosidl_typesupport_fastrtps_cpp.hpp\n'}
[2.752631] (px4_msgs) StdoutLine: {'line': b'-- Up-to-date symlink: /home/carlos/ros2_ws/install/px4_msgs/include/px4_msgs/px4_msgs/msg/detail/battery_status__rosidl_typesupport_fastrtps_cpp.hpp\n'}
[2.752690] (px4_msgs) StdoutLine: {'line': b'-- Up-to-date symlink: /home/carlos/ros2_ws/install/px4_msgs/include/px4_msgs/px4_msgs/msg/detail/button_event__rosidl_typesupport_fastrtps_cpp.hpp\n'}
[2.752739] (px4_msgs) StdoutLine: {'line': b'-- Up-to-date symlink: /home/carlos/ros2_ws/install/px4_msgs/include/px4_msgs/px4_msgs/msg/detail/camera_capture__rosidl_typesupport_fastrtps_cpp.hpp\n'}
[2.752782] (px4_msgs) StdoutLine: {'line': b'-- Up-to-date symlink: /home/carlos/ros2_ws/install/px4_msgs/include/px4_msgs/px4_msgs/msg/detail/camera_status__rosidl_typesupport_fastrtps_cpp.hpp\n'}
[2.752827] (px4_msgs) StdoutLine: {'line': b'-- Up-to-date symlink: /home/carlos/ros2_ws/install/px4_msgs/include/px4_msgs/px4_msgs/msg/detail/camera_trigger__rosidl_typesupport_fastrtps_cpp.hpp\n'}
[2.752870] (px4_msgs) StdoutLine: {'line': b'-- Up-to-date symlink: /home/carlos/ros2_ws/install/px4_msgs/include/px4_msgs/px4_msgs/msg/detail/can_interface_status__rosidl_typesupport_fastrtps_cpp.hpp\n'}
[2.752913] (px4_msgs) StdoutLine: {'line': b'-- Up-to-date symlink: /home/carlos/ros2_ws/install/px4_msgs/include/px4_msgs/px4_msgs/msg/detail/cellular_status__rosidl_typesupport_fastrtps_cpp.hpp\n'}
[2.752956] (px4_msgs) StdoutLine: {'line': b'-- Up-to-date symlink: /home/carlos/ros2_ws/install/px4_msgs/include/px4_msgs/px4_msgs/msg/detail/collision_constraints__rosidl_typesupport_fastrtps_cpp.hpp\n'}
[2.753020] (px4_msgs) StdoutLine: {'line': b'-- Up-to-date symlink: /home/carlos/ros2_ws/install/px4_msgs/include/px4_msgs/px4_msgs/msg/detail/config_overrides__rosidl_typesupport_fastrtps_cpp.hpp\n'}
[2.753076] (px4_msgs) StdoutLine: {'line': b'-- Up-to-date symlink: /home/carlos/ros2_ws/install/px4_msgs/include/px4_msgs/px4_msgs/msg/detail/control_allocator_status__rosidl_typesupport_fastrtps_cpp.hpp\n'}
[2.753121] (px4_msgs) StdoutLine: {'line': b'-- Up-to-date symlink: /home/carlos/ros2_ws/install/px4_msgs/include/px4_msgs/px4_msgs/msg/detail/cpuload__rosidl_typesupport_fastrtps_cpp.hpp\n'}
[2.753168] (px4_msgs) StdoutLine: {'line': b'-- Up-to-date symlink: /home/carlos/ros2_ws/install/px4_msgs/include/px4_msgs/px4_msgs/msg/detail/dataman_request__rosidl_typesupport_fastrtps_cpp.hpp\n'}
[2.753210] (px4_msgs) StdoutLine: {'line': b'-- Up-to-date symlink: /home/carlos/ros2_ws/install/px4_msgs/include/px4_msgs/px4_msgs/msg/detail/dataman_response__rosidl_typesupport_fastrtps_cpp.hpp\n'}
[2.753275] (px4_msgs) StdoutLine: {'line': b'-- Up-to-date symlink: /home/carlos/ros2_ws/install/px4_msgs/include/px4_msgs/px4_msgs/msg/detail/debug_array__rosidl_typesupport_fastrtps_cpp.hpp\n'}
[2.753322] (px4_msgs) StdoutLine: {'line': b'-- Up-to-date symlink: /home/carlos/ros2_ws/install/px4_msgs/include/px4_msgs/px4_msgs/msg/detail/debug_key_value__rosidl_typesupport_fastrtps_cpp.hpp\n'}
[2.753364] (px4_msgs) StdoutLine: {'line': b'-- Up-to-date symlink: /home/carlos/ros2_ws/install/px4_msgs/include/px4_msgs/px4_msgs/msg/detail/debug_value__rosidl_typesupport_fastrtps_cpp.hpp\n'}
[2.753424] (px4_msgs) StdoutLine: {'line': b'-- Up-to-date symlink: /home/carlos/ros2_ws/install/px4_msgs/include/px4_msgs/px4_msgs/msg/detail/debug_vect__rosidl_typesupport_fastrtps_cpp.hpp\n'}
[2.753484] (px4_msgs) StdoutLine: {'line': b'-- Up-to-date symlink: /home/carlos/ros2_ws/install/px4_msgs/include/px4_msgs/px4_msgs/msg/detail/differential_pressure__rosidl_typesupport_fastrtps_cpp.hpp\n'}
[2.753545] (px4_msgs) StdoutLine: {'line': b'-- Up-to-date symlink: /home/carlos/ros2_ws/install/px4_msgs/include/px4_msgs/px4_msgs/msg/detail/distance_sensor__rosidl_typesupport_fastrtps_cpp.hpp\n'}
[2.753602] (px4_msgs) StdoutLine: {'line': b'-- Up-to-date symlink: /home/carlos/ros2_ws/install/px4_msgs/include/px4_msgs/px4_msgs/msg/detail/distance_sensor_mode_change_request__rosidl_typesupport_fastrtps_cpp.hpp\n'}
[2.753685] (px4_msgs) StdoutLine: {'line': b'-- Up-to-date symlink: /home/carlos/ros2_ws/install/px4_msgs/include/px4_msgs/px4_msgs/msg/detail/dronecan_node_status__rosidl_typesupport_fastrtps_cpp.hpp\n'}
[2.753768] (px4_msgs) StdoutLine: {'line': b'-- Up-to-date symlink: /home/carlos/ros2_ws/install/px4_msgs/include/px4_msgs/px4_msgs/msg/detail/ekf2_timestamps__rosidl_typesupport_fastrtps_cpp.hpp\n'}
[2.753852] (px4_msgs) StdoutLine: {'line': b'-- Up-to-date symlink: /home/carlos/ros2_ws/install/px4_msgs/include/px4_msgs/px4_msgs/msg/detail/esc_report__rosidl_typesupport_fastrtps_cpp.hpp\n'}
[2.753934] (px4_msgs) StdoutLine: {'line': b'-- Up-to-date symlink: /home/carlos/ros2_ws/install/px4_msgs/include/px4_msgs/px4_msgs/msg/detail/esc_status__rosidl_typesupport_fastrtps_cpp.hpp\n'}
[2.754050] (px4_msgs) StdoutLine: {'line': b'-- Up-to-date symlink: /home/carlos/ros2_ws/install/px4_msgs/include/px4_msgs/px4_msgs/msg/detail/estimator_aid_source1d__rosidl_typesupport_fastrtps_cpp.hpp\n'}
[2.754137] (px4_msgs) StdoutLine: {'line': b'-- Up-to-date symlink: /home/carlos/ros2_ws/install/px4_msgs/include/px4_msgs/px4_msgs/msg/detail/estimator_aid_source2d__rosidl_typesupport_fastrtps_cpp.hpp\n'}
[2.754229] (px4_msgs) StdoutLine: {'line': b'-- Up-to-date symlink: /home/carlos/ros2_ws/install/px4_msgs/include/px4_msgs/px4_msgs/msg/detail/estimator_aid_source3d__rosidl_typesupport_fastrtps_cpp.hpp\n'}
[2.754313] (px4_msgs) StdoutLine: {'line': b'-- Up-to-date symlink: /home/carlos/ros2_ws/install/px4_msgs/include/px4_msgs/px4_msgs/msg/detail/estimator_bias3d__rosidl_typesupport_fastrtps_cpp.hpp\n'}
[2.754398] (px4_msgs) StdoutLine: {'line': b'-- Up-to-date symlink: /home/carlos/ros2_ws/install/px4_msgs/include/px4_msgs/px4_msgs/msg/detail/estimator_bias__rosidl_typesupport_fastrtps_cpp.hpp\n'}
[2.754460] (px4_msgs) StdoutLine: {'line': b'-- Up-to-date symlink: /home/carlos/ros2_ws/install/px4_msgs/include/px4_msgs/px4_msgs/msg/detail/estimator_event_flags__rosidl_typesupport_fastrtps_cpp.hpp\n'}
[2.754540] (px4_msgs) StdoutLine: {'line': b'-- Up-to-date symlink: /home/carlos/ros2_ws/install/px4_msgs/include/px4_msgs/px4_msgs/msg/detail/estimator_gps_status__rosidl_typesupport_fastrtps_cpp.hpp\n'}
[2.754622] (px4_msgs) StdoutLine: {'line': b'-- Up-to-date symlink: /home/carlos/ros2_ws/install/px4_msgs/include/px4_msgs/px4_msgs/msg/detail/estimator_innovations__rosidl_typesupport_fastrtps_cpp.hpp\n'}
[2.754705] (px4_msgs) StdoutLine: {'line': b'-- Up-to-date symlink: /home/carlos/ros2_ws/install/px4_msgs/include/px4_msgs/px4_msgs/msg/detail/estimator_selector_status__rosidl_typesupport_fastrtps_cpp.hpp\n'}
[2.754788] (px4_msgs) StdoutLine: {'line': b'-- Up-to-date symlink: /home/carlos/ros2_ws/install/px4_msgs/include/px4_msgs/px4_msgs/msg/detail/estimator_sensor_bias__rosidl_typesupport_fastrtps_cpp.hpp\n'}
[2.754871] (px4_msgs) StdoutLine: {'line': b'-- Up-to-date symlink: /home/carlos/ros2_ws/install/px4_msgs/include/px4_msgs/px4_msgs/msg/detail/estimator_states__rosidl_typesupport_fastrtps_cpp.hpp\n'}
[2.754953] (px4_msgs) StdoutLine: {'line': b'-- Up-to-date symlink: /home/carlos/ros2_ws/install/px4_msgs/include/px4_msgs/px4_msgs/msg/detail/estimator_status__rosidl_typesupport_fastrtps_cpp.hpp\n'}
[2.755035] (px4_msgs) StdoutLine: {'line': b'-- Up-to-date symlink: /home/carlos/ros2_ws/install/px4_msgs/include/px4_msgs/px4_msgs/msg/detail/estimator_status_flags__rosidl_typesupport_fastrtps_cpp.hpp\n'}
[2.755128] (px4_msgs) StdoutLine: {'line': b'-- Up-to-date symlink: /home/carlos/ros2_ws/install/px4_msgs/include/px4_msgs/px4_msgs/msg/detail/event__rosidl_typesupport_fastrtps_cpp.hpp\n'}
[2.755209] (px4_msgs) StdoutLine: {'line': b'-- Up-to-date symlink: /home/carlos/ros2_ws/install/px4_msgs/include/px4_msgs/px4_msgs/msg/detail/failsafe_flags__rosidl_typesupport_fastrtps_cpp.hpp\n'}
[2.755292] (px4_msgs) StdoutLine: {'line': b'-- Up-to-date symlink: /home/carlos/ros2_ws/install/px4_msgs/include/px4_msgs/px4_msgs/msg/detail/failure_detector_status__rosidl_typesupport_fastrtps_cpp.hpp\n'}
[2.755375] (px4_msgs) StdoutLine: {'line': b'-- Up-to-date symlink: /home/carlos/ros2_ws/install/px4_msgs/include/px4_msgs/px4_msgs/msg/detail/figure_eight_status__rosidl_typesupport_fastrtps_cpp.hpp\n'}
[2.755458] (px4_msgs) StdoutLine: {'line': b'-- Up-to-date symlink: /home/carlos/ros2_ws/install/px4_msgs/include/px4_msgs/px4_msgs/msg/detail/fixed_wing_lateral_guidance_status__rosidl_typesupport_fastrtps_cpp.hpp\n'}
[2.755541] (px4_msgs) StdoutLine: {'line': b'-- Up-to-date symlink: /home/carlos/ros2_ws/install/px4_msgs/include/px4_msgs/px4_msgs/msg/detail/fixed_wing_lateral_setpoint__rosidl_typesupport_fastrtps_cpp.hpp\n'}
[2.755623] (px4_msgs) StdoutLine: {'line': b'-- Up-to-date symlink: /home/carlos/ros2_ws/install/px4_msgs/include/px4_msgs/px4_msgs/msg/detail/fixed_wing_lateral_status__rosidl_typesupport_fastrtps_cpp.hpp\n'}
[2.755707] (px4_msgs) StdoutLine: {'line': b'-- Up-to-date symlink: /home/carlos/ros2_ws/install/px4_msgs/include/px4_msgs/px4_msgs/msg/detail/fixed_wing_longitudinal_setpoint__rosidl_typesupport_fastrtps_cpp.hpp\n'}
[2.755789] (px4_msgs) StdoutLine: {'line': b'-- Up-to-date symlink: /home/carlos/ros2_ws/install/px4_msgs/include/px4_msgs/px4_msgs/msg/detail/fixed_wing_runway_control__rosidl_typesupport_fastrtps_cpp.hpp\n'}
[2.755871] (px4_msgs) StdoutLine: {'line': b'-- Up-to-date symlink: /home/carlos/ros2_ws/install/px4_msgs/include/px4_msgs/px4_msgs/msg/detail/flight_phase_estimation__rosidl_typesupport_fastrtps_cpp.hpp\n'}
[2.755954] (px4_msgs) StdoutLine: {'line': b'-- Up-to-date symlink: /home/carlos/ros2_ws/install/px4_msgs/include/px4_msgs/px4_msgs/msg/detail/follow_target__rosidl_typesupport_fastrtps_cpp.hpp\n'}
[2.756036] (px4_msgs) StdoutLine: {'line': b'-- Up-to-date symlink: /home/carlos/ros2_ws/install/px4_msgs/include/px4_msgs/px4_msgs/msg/detail/follow_target_estimator__rosidl_typesupport_fastrtps_cpp.hpp\n'}
[2.756134] (px4_msgs) StdoutLine: {'line': b'-- Up-to-date symlink: /home/carlos/ros2_ws/install/px4_msgs/include/px4_msgs/px4_msgs/msg/detail/follow_target_status__rosidl_typesupport_fastrtps_cpp.hpp\n'}
[2.756216] (px4_msgs) StdoutLine: {'line': b'-- Up-to-date symlink: /home/carlos/ros2_ws/install/px4_msgs/include/px4_msgs/px4_msgs/msg/detail/fuel_tank_status__rosidl_typesupport_fastrtps_cpp.hpp\n'}
[2.756299] (px4_msgs) StdoutLine: {'line': b'-- Up-to-date symlink: /home/carlos/ros2_ws/install/px4_msgs/include/px4_msgs/px4_msgs/msg/detail/generator_status__rosidl_typesupport_fastrtps_cpp.hpp\n'}
[2.756382] (px4_msgs) StdoutLine: {'line': b'-- Up-to-date symlink: /home/carlos/ros2_ws/install/px4_msgs/include/px4_msgs/px4_msgs/msg/detail/geofence_result__rosidl_typesupport_fastrtps_cpp.hpp\n'}
[2.756464] (px4_msgs) StdoutLine: {'line': b'-- Up-to-date symlink: /home/carlos/ros2_ws/install/px4_msgs/include/px4_msgs/px4_msgs/msg/detail/geofence_status__rosidl_typesupport_fastrtps_cpp.hpp\n'}
[2.756546] (px4_msgs) StdoutLine: {'line': b'-- Up-to-date symlink: /home/carlos/ros2_ws/install/px4_msgs/include/px4_msgs/px4_msgs/msg/detail/gimbal_controls__rosidl_typesupport_fastrtps_cpp.hpp\n'}
[2.756630] (px4_msgs) StdoutLine: {'line': b'-- Up-to-date symlink: /home/carlos/ros2_ws/install/px4_msgs/include/px4_msgs/px4_msgs/msg/detail/gimbal_device_attitude_status__rosidl_typesupport_fastrtps_cpp.hpp\n'}
[2.756712] (px4_msgs) StdoutLine: {'line': b'-- Up-to-date symlink: /home/carlos/ros2_ws/install/px4_msgs/include/px4_msgs/px4_msgs/msg/detail/gimbal_device_information__rosidl_typesupport_fastrtps_cpp.hpp\n'}
[2.756799] (px4_msgs) StdoutLine: {'line': b'-- Up-to-date symlink: /home/carlos/ros2_ws/install/px4_msgs/include/px4_msgs/px4_msgs/msg/detail/gimbal_device_set_attitude__rosidl_typesupport_fastrtps_cpp.hpp\n'}
[2.756883] (px4_msgs) StdoutLine: {'line': b'-- Up-to-date symlink: /home/carlos/ros2_ws/install/px4_msgs/include/px4_msgs/px4_msgs/msg/detail/gimbal_manager_information__rosidl_typesupport_fastrtps_cpp.hpp\n'}
[2.756968] (px4_msgs) StdoutLine: {'line': b'-- Up-to-date symlink: /home/carlos/ros2_ws/install/px4_msgs/include/px4_msgs/px4_msgs/msg/detail/gimbal_manager_set_attitude__rosidl_typesupport_fastrtps_cpp.hpp\n'}
[2.757061] (px4_msgs) StdoutLine: {'line': b'-- Up-to-date symlink: /home/carlos/ros2_ws/install/px4_msgs/include/px4_msgs/px4_msgs/msg/detail/gimbal_manager_set_manual_control__rosidl_typesupport_fastrtps_cpp.hpp\n'}
[2.757142] (px4_msgs) StdoutLine: {'line': b'-- Up-to-date symlink: /home/carlos/ros2_ws/install/px4_msgs/include/px4_msgs/px4_msgs/msg/detail/gimbal_manager_status__rosidl_typesupport_fastrtps_cpp.hpp\n'}
[2.757224] (px4_msgs) StdoutLine: {'line': b'-- Up-to-date symlink: /home/carlos/ros2_ws/install/px4_msgs/include/px4_msgs/px4_msgs/msg/detail/goto_setpoint__rosidl_typesupport_fastrtps_cpp.hpp\n'}
[2.757311] (px4_msgs) StdoutLine: {'line': b'-- Up-to-date symlink: /home/carlos/ros2_ws/install/px4_msgs/include/px4_msgs/px4_msgs/msg/detail/gpio_config__rosidl_typesupport_fastrtps_cpp.hpp\n'}
[2.757395] (px4_msgs) StdoutLine: {'line': b'-- Up-to-date symlink: /home/carlos/ros2_ws/install/px4_msgs/include/px4_msgs/px4_msgs/msg/detail/gpio_in__rosidl_typesupport_fastrtps_cpp.hpp\n'}
[2.757488] (px4_msgs) StdoutLine: {'line': b'-- Up-to-date symlink: /home/carlos/ros2_ws/install/px4_msgs/include/px4_msgs/px4_msgs/msg/detail/gpio_out__rosidl_typesupport_fastrtps_cpp.hpp\n'}
[2.757569] (px4_msgs) StdoutLine: {'line': b'-- Up-to-date symlink: /home/carlos/ros2_ws/install/px4_msgs/include/px4_msgs/px4_msgs/msg/detail/gpio_request__rosidl_typesupport_fastrtps_cpp.hpp\n'}
[2.757652] (px4_msgs) StdoutLine: {'line': b'-- Up-to-date symlink: /home/carlos/ros2_ws/install/px4_msgs/include/px4_msgs/px4_msgs/msg/detail/gps_dump__rosidl_typesupport_fastrtps_cpp.hpp\n'}
[2.757735] (px4_msgs) StdoutLine: {'line': b'-- Up-to-date symlink: /home/carlos/ros2_ws/install/px4_msgs/include/px4_msgs/px4_msgs/msg/detail/gps_inject_data__rosidl_typesupport_fastrtps_cpp.hpp\n'}
[2.757818] (px4_msgs) StdoutLine: {'line': b'-- Up-to-date symlink: /home/carlos/ros2_ws/install/px4_msgs/include/px4_msgs/px4_msgs/msg/detail/gripper__rosidl_typesupport_fastrtps_cpp.hpp\n'}
[2.757900] (px4_msgs) StdoutLine: {'line': b'-- Up-to-date symlink: /home/carlos/ros2_ws/install/px4_msgs/include/px4_msgs/px4_msgs/msg/detail/health_report__rosidl_typesupport_fastrtps_cpp.hpp\n'}
[2.757982] (px4_msgs) StdoutLine: {'line': b'-- Up-to-date symlink: /home/carlos/ros2_ws/install/px4_msgs/include/px4_msgs/px4_msgs/msg/detail/heater_status__rosidl_typesupport_fastrtps_cpp.hpp\n'}
[2.758076] (px4_msgs) StdoutLine: {'line': b'-- Up-to-date symlink: /home/carlos/ros2_ws/install/px4_msgs/include/px4_msgs/px4_msgs/msg/detail/home_position__rosidl_typesupport_fastrtps_cpp.hpp\n'}
[2.758159] (px4_msgs) StdoutLine: {'line': b'-- Up-to-date symlink: /home/carlos/ros2_ws/install/px4_msgs/include/px4_msgs/px4_msgs/msg/detail/hover_thrust_estimate__rosidl_typesupport_fastrtps_cpp.hpp\n'}
[2.758242] (px4_msgs) StdoutLine: {'line': b'-- Up-to-date symlink: /home/carlos/ros2_ws/install/px4_msgs/include/px4_msgs/px4_msgs/msg/detail/input_rc__rosidl_typesupport_fastrtps_cpp.hpp\n'}
[2.758325] (px4_msgs) StdoutLine: {'line': b'-- Up-to-date symlink: /home/carlos/ros2_ws/install/px4_msgs/include/px4_msgs/px4_msgs/msg/detail/internal_combustion_engine_control__rosidl_typesupport_fastrtps_cpp.hpp\n'}
[2.758408] (px4_msgs) StdoutLine: {'line': b'-- Up-to-date symlink: /home/carlos/ros2_ws/install/px4_msgs/include/px4_msgs/px4_msgs/msg/detail/internal_combustion_engine_status__rosidl_typesupport_fastrtps_cpp.hpp\n'}
[2.758490] (px4_msgs) StdoutLine: {'line': b'-- Up-to-date symlink: /home/carlos/ros2_ws/install/px4_msgs/include/px4_msgs/px4_msgs/msg/detail/iridiumsbd_status__rosidl_typesupport_fastrtps_cpp.hpp\n'}
[2.758571] (px4_msgs) StdoutLine: {'line': b'-- Up-to-date symlink: /home/carlos/ros2_ws/install/px4_msgs/include/px4_msgs/px4_msgs/msg/detail/irlock_report__rosidl_typesupport_fastrtps_cpp.hpp\n'}
[2.758653] (px4_msgs) StdoutLine: {'line': b'-- Up-to-date symlink: /home/carlos/ros2_ws/install/px4_msgs/include/px4_msgs/px4_msgs/msg/detail/landing_gear__rosidl_typesupport_fastrtps_cpp.hpp\n'}
[2.758735] (px4_msgs) StdoutLine: {'line': b'-- Up-to-date symlink: /home/carlos/ros2_ws/install/px4_msgs/include/px4_msgs/px4_msgs/msg/detail/landing_gear_wheel__rosidl_typesupport_fastrtps_cpp.hpp\n'}
[2.758820] (px4_msgs) StdoutLine: {'line': b'-- Up-to-date symlink: /home/carlos/ros2_ws/install/px4_msgs/include/px4_msgs/px4_msgs/msg/detail/landing_target_innovations__rosidl_typesupport_fastrtps_cpp.hpp\n'}
[2.758903] (px4_msgs) StdoutLine: {'line': b'-- Up-to-date symlink: /home/carlos/ros2_ws/install/px4_msgs/include/px4_msgs/px4_msgs/msg/detail/landing_target_pose__rosidl_typesupport_fastrtps_cpp.hpp\n'}
[2.758986] (px4_msgs) StdoutLine: {'line': b'-- Up-to-date symlink: /home/carlos/ros2_ws/install/px4_msgs/include/px4_msgs/px4_msgs/msg/detail/lateral_control_configuration__rosidl_typesupport_fastrtps_cpp.hpp\n'}
[2.759075] (px4_msgs) StdoutLine: {'line': b'-- Up-to-date symlink: /home/carlos/ros2_ws/install/px4_msgs/include/px4_msgs/px4_msgs/msg/detail/launch_detection_status__rosidl_typesupport_fastrtps_cpp.hpp\n'}
[2.759158] (px4_msgs) StdoutLine: {'line': b'-- Up-to-date symlink: /home/carlos/ros2_ws/install/px4_msgs/include/px4_msgs/px4_msgs/msg/detail/led_control__rosidl_typesupport_fastrtps_cpp.hpp\n'}
[2.759240] (px4_msgs) StdoutLine: {'line': b'-- Up-to-date symlink: /home/carlos/ros2_ws/install/px4_msgs/include/px4_msgs/px4_msgs/msg/detail/log_message__rosidl_typesupport_fastrtps_cpp.hpp\n'}
[2.759323] (px4_msgs) StdoutLine: {'line': b'-- Up-to-date symlink: /home/carlos/ros2_ws/install/px4_msgs/include/px4_msgs/px4_msgs/msg/detail/logger_status__rosidl_typesupport_fastrtps_cpp.hpp\n'}
[2.759411] (px4_msgs) StdoutLine: {'line': b'-- Up-to-date symlink: /home/carlos/ros2_ws/install/px4_msgs/include/px4_msgs/px4_msgs/msg/detail/longitudinal_control_configuration__rosidl_typesupport_fastrtps_cpp.hpp\n'}
[2.759494] (px4_msgs) StdoutLine: {'line': b'-- Up-to-date symlink: /home/carlos/ros2_ws/install/px4_msgs/include/px4_msgs/px4_msgs/msg/detail/mag_worker_data__rosidl_typesupport_fastrtps_cpp.hpp\n'}
[2.759577] (px4_msgs) StdoutLine: {'line': b'-- Up-to-date symlink: /home/carlos/ros2_ws/install/px4_msgs/include/px4_msgs/px4_msgs/msg/detail/magnetometer_bias_estimate__rosidl_typesupport_fastrtps_cpp.hpp\n'}
[2.759660] (px4_msgs) StdoutLine: {'line': b'-- Up-to-date symlink: /home/carlos/ros2_ws/install/px4_msgs/include/px4_msgs/px4_msgs/msg/detail/manual_control_setpoint__rosidl_typesupport_fastrtps_cpp.hpp\n'}
[2.759751] (px4_msgs) StdoutLine: {'line': b'-- Up-to-date symlink: /home/carlos/ros2_ws/install/px4_msgs/include/px4_msgs/px4_msgs/msg/detail/manual_control_switches__rosidl_typesupport_fastrtps_cpp.hpp\n'}
[2.759834] (px4_msgs) StdoutLine: {'line': b'-- Up-to-date symlink: /home/carlos/ros2_ws/install/px4_msgs/include/px4_msgs/px4_msgs/msg/detail/mavlink_log__rosidl_typesupport_fastrtps_cpp.hpp\n'}
[2.759916] (px4_msgs) StdoutLine: {'line': b'-- Up-to-date symlink: /home/carlos/ros2_ws/install/px4_msgs/include/px4_msgs/px4_msgs/msg/detail/mavlink_tunnel__rosidl_typesupport_fastrtps_cpp.hpp\n'}
[2.759998] (px4_msgs) StdoutLine: {'line': b'-- Up-to-date symlink: /home/carlos/ros2_ws/install/px4_msgs/include/px4_msgs/px4_msgs/msg/detail/message_format_request__rosidl_typesupport_fastrtps_cpp.hpp\n'}
[2.760088] (px4_msgs) StdoutLine: {'line': b'-- Up-to-date symlink: /home/carlos/ros2_ws/install/px4_msgs/include/px4_msgs/px4_msgs/msg/detail/message_format_response__rosidl_typesupport_fastrtps_cpp.hpp\n'}
[2.760170] (px4_msgs) StdoutLine: {'line': b'-- Up-to-date symlink: /home/carlos/ros2_ws/install/px4_msgs/include/px4_msgs/px4_msgs/msg/detail/mission__rosidl_typesupport_fastrtps_cpp.hpp\n'}
[2.760253] (px4_msgs) StdoutLine: {'line': b'-- Up-to-date symlink: /home/carlos/ros2_ws/install/px4_msgs/include/px4_msgs/px4_msgs/msg/detail/mission_result__rosidl_typesupport_fastrtps_cpp.hpp\n'}
[2.760335] (px4_msgs) StdoutLine: {'line': b'-- Up-to-date symlink: /home/carlos/ros2_ws/install/px4_msgs/include/px4_msgs/px4_msgs/msg/detail/mode_completed__rosidl_typesupport_fastrtps_cpp.hpp\n'}
[2.760418] (px4_msgs) StdoutLine: {'line': b'-- Up-to-date symlink: /home/carlos/ros2_ws/install/px4_msgs/include/px4_msgs/px4_msgs/msg/detail/mount_orientation__rosidl_typesupport_fastrtps_cpp.hpp\n'}
[2.760500] (px4_msgs) StdoutLine: {'line': b'-- Up-to-date symlink: /home/carlos/ros2_ws/install/px4_msgs/include/px4_msgs/px4_msgs/msg/detail/navigator_mission_item__rosidl_typesupport_fastrtps_cpp.hpp\n'}
[2.760583] (px4_msgs) StdoutLine: {'line': b'-- Up-to-date symlink: /home/carlos/ros2_ws/install/px4_msgs/include/px4_msgs/px4_msgs/msg/detail/navigator_status__rosidl_typesupport_fastrtps_cpp.hpp\n'}
[2.760666] (px4_msgs) StdoutLine: {'line': b'-- Up-to-date symlink: /home/carlos/ros2_ws/install/px4_msgs/include/px4_msgs/px4_msgs/msg/detail/neural_control__rosidl_typesupport_fastrtps_cpp.hpp\n'}
[2.760749] (px4_msgs) StdoutLine: {'line': b'-- Up-to-date symlink: /home/carlos/ros2_ws/install/px4_msgs/include/px4_msgs/px4_msgs/msg/detail/normalized_unsigned_setpoint__rosidl_typesupport_fastrtps_cpp.hpp\n'}
[2.760831] (px4_msgs) StdoutLine: {'line': b'-- Up-to-date symlink: /home/carlos/ros2_ws/install/px4_msgs/include/px4_msgs/px4_msgs/msg/detail/obstacle_distance__rosidl_typesupport_fastrtps_cpp.hpp\n'}
[2.760909] (px4_msgs) StdoutLine: {'line': b'-- Up-to-date symlink: /home/carlos/ros2_ws/install/px4_msgs/include/px4_msgs/px4_msgs/msg/detail/offboard_control_mode__rosidl_typesupport_fastrtps_cpp.hpp\n'}
[2.760990] (px4_msgs) StdoutLine: {'line': b'-- Up-to-date symlink: /home/carlos/ros2_ws/install/px4_msgs/include/px4_msgs/px4_msgs/msg/detail/onboard_computer_status__rosidl_typesupport_fastrtps_cpp.hpp\n'}
[2.761080] (px4_msgs) StdoutLine: {'line': b'-- Up-to-date symlink: /home/carlos/ros2_ws/install/px4_msgs/include/px4_msgs/px4_msgs/msg/detail/open_drone_id_arm_status__rosidl_typesupport_fastrtps_cpp.hpp\n'}
[2.761165] (px4_msgs) StdoutLine: {'line': b'-- Up-to-date symlink: /home/carlos/ros2_ws/install/px4_msgs/include/px4_msgs/px4_msgs/msg/detail/open_drone_id_operator_id__rosidl_typesupport_fastrtps_cpp.hpp\n'}
[2.761247] (px4_msgs) StdoutLine: {'line': b'-- Up-to-date symlink: /home/carlos/ros2_ws/install/px4_msgs/include/px4_msgs/px4_msgs/msg/detail/open_drone_id_self_id__rosidl_typesupport_fastrtps_cpp.hpp\n'}
[2.761330] (px4_msgs) StdoutLine: {'line': b'-- Up-to-date symlink: /home/carlos/ros2_ws/install/px4_msgs/include/px4_msgs/px4_msgs/msg/detail/open_drone_id_system__rosidl_typesupport_fastrtps_cpp.hpp\n'}
[2.761413] (px4_msgs) StdoutLine: {'line': b'-- Up-to-date symlink: /home/carlos/ros2_ws/install/px4_msgs/include/px4_msgs/px4_msgs/msg/detail/orb_test__rosidl_typesupport_fastrtps_cpp.hpp\n'}
[2.761496] (px4_msgs) StdoutLine: {'line': b'-- Up-to-date symlink: /home/carlos/ros2_ws/install/px4_msgs/include/px4_msgs/px4_msgs/msg/detail/orb_test_large__rosidl_typesupport_fastrtps_cpp.hpp\n'}
[2.761579] (px4_msgs) StdoutLine: {'line': b'-- Up-to-date symlink: /home/carlos/ros2_ws/install/px4_msgs/include/px4_msgs/px4_msgs/msg/detail/orb_test_medium__rosidl_typesupport_fastrtps_cpp.hpp\n'}
[2.761662] (px4_msgs) StdoutLine: {'line': b'-- Up-to-date symlink: /home/carlos/ros2_ws/install/px4_msgs/include/px4_msgs/px4_msgs/msg/detail/orbit_status__rosidl_typesupport_fastrtps_cpp.hpp\n'}
[2.761744] (px4_msgs) StdoutLine: {'line': b'-- Up-to-date symlink: /home/carlos/ros2_ws/install/px4_msgs/include/px4_msgs/px4_msgs/msg/detail/parameter_reset_request__rosidl_typesupport_fastrtps_cpp.hpp\n'}
[2.761827] (px4_msgs) StdoutLine: {'line': b'-- Up-to-date symlink: /home/carlos/ros2_ws/install/px4_msgs/include/px4_msgs/px4_msgs/msg/detail/parameter_set_used_request__rosidl_typesupport_fastrtps_cpp.hpp\n'}
[2.761910] (px4_msgs) StdoutLine: {'line': b'-- Up-to-date symlink: /home/carlos/ros2_ws/install/px4_msgs/include/px4_msgs/px4_msgs/msg/detail/parameter_set_value_request__rosidl_typesupport_fastrtps_cpp.hpp\n'}
[2.761997] (px4_msgs) StdoutLine: {'line': b'-- Up-to-date symlink: /home/carlos/ros2_ws/install/px4_msgs/include/px4_msgs/px4_msgs/msg/detail/parameter_set_value_response__rosidl_typesupport_fastrtps_cpp.hpp\n'}
[2.762087] (px4_msgs) StdoutLine: {'line': b'-- Up-to-date symlink: /home/carlos/ros2_ws/install/px4_msgs/include/px4_msgs/px4_msgs/msg/detail/parameter_update__rosidl_typesupport_fastrtps_cpp.hpp\n'}
[2.762171] (px4_msgs) StdoutLine: {'line': b'-- Up-to-date symlink: /home/carlos/ros2_ws/install/px4_msgs/include/px4_msgs/px4_msgs/msg/detail/ping__rosidl_typesupport_fastrtps_cpp.hpp\n'}
[2.762255] (px4_msgs) StdoutLine: {'line': b'-- Up-to-date symlink: /home/carlos/ros2_ws/install/px4_msgs/include/px4_msgs/px4_msgs/msg/detail/position_controller_landing_status__rosidl_typesupport_fastrtps_cpp.hpp\n'}
[2.762337] (px4_msgs) StdoutLine: {'line': b'-- Up-to-date symlink: /home/carlos/ros2_ws/install/px4_msgs/include/px4_msgs/px4_msgs/msg/detail/position_controller_status__rosidl_typesupport_fastrtps_cpp.hpp\n'}
[2.762420] (px4_msgs) StdoutLine: {'line': b'-- Up-to-date symlink: /home/carlos/ros2_ws/install/px4_msgs/include/px4_msgs/px4_msgs/msg/detail/position_setpoint__rosidl_typesupport_fastrtps_cpp.hpp\n'}
[2.762502] (px4_msgs) StdoutLine: {'line': b'-- Up-to-date symlink: /home/carlos/ros2_ws/install/px4_msgs/include/px4_msgs/px4_msgs/msg/detail/position_setpoint_triplet__rosidl_typesupport_fastrtps_cpp.hpp\n'}
[2.762585] (px4_msgs) StdoutLine: {'line': b'-- Up-to-date symlink: /home/carlos/ros2_ws/install/px4_msgs/include/px4_msgs/px4_msgs/msg/detail/power_button_state__rosidl_typesupport_fastrtps_cpp.hpp\n'}
[2.762667] (px4_msgs) StdoutLine: {'line': b'-- Up-to-date symlink: /home/carlos/ros2_ws/install/px4_msgs/include/px4_msgs/px4_msgs/msg/detail/power_monitor__rosidl_typesupport_fastrtps_cpp.hpp\n'}
[2.762750] (px4_msgs) StdoutLine: {'line': b'-- Up-to-date symlink: /home/carlos/ros2_ws/install/px4_msgs/include/px4_msgs/px4_msgs/msg/detail/pps_capture__rosidl_typesupport_fastrtps_cpp.hpp\n'}
[2.762832] (px4_msgs) StdoutLine: {'line': b'-- Up-to-date symlink: /home/carlos/ros2_ws/install/px4_msgs/include/px4_msgs/px4_msgs/msg/detail/pure_pursuit_status__rosidl_typesupport_fastrtps_cpp.hpp\n'}
[2.762916] (px4_msgs) StdoutLine: {'line': b'-- Up-to-date symlink: /home/carlos/ros2_ws/install/px4_msgs/include/px4_msgs/px4_msgs/msg/detail/pwm_input__rosidl_typesupport_fastrtps_cpp.hpp\n'}
[2.762998] (px4_msgs) StdoutLine: {'line': b'-- Up-to-date symlink: /home/carlos/ros2_ws/install/px4_msgs/include/px4_msgs/px4_msgs/msg/detail/px4io_status__rosidl_typesupport_fastrtps_cpp.hpp\n'}
[2.763088] (px4_msgs) StdoutLine: {'line': b'-- Up-to-date symlink: /home/carlos/ros2_ws/install/px4_msgs/include/px4_msgs/px4_msgs/msg/detail/qshell_req__rosidl_typesupport_fastrtps_cpp.hpp\n'}
[2.763171] (px4_msgs) StdoutLine: {'line': b'-- Up-to-date symlink: /home/carlos/ros2_ws/install/px4_msgs/include/px4_msgs/px4_msgs/msg/detail/qshell_retval__rosidl_typesupport_fastrtps_cpp.hpp\n'}
[2.763253] (px4_msgs) StdoutLine: {'line': b'-- Up-to-date symlink: /home/carlos/ros2_ws/install/px4_msgs/include/px4_msgs/px4_msgs/msg/detail/radio_status__rosidl_typesupport_fastrtps_cpp.hpp\n'}
[2.763341] (px4_msgs) StdoutLine: {'line': b'-- Up-to-date symlink: /home/carlos/ros2_ws/install/px4_msgs/include/px4_msgs/px4_msgs/msg/detail/rate_ctrl_status__rosidl_typesupport_fastrtps_cpp.hpp\n'}
[2.763423] (px4_msgs) StdoutLine: {'line': b'-- Up-to-date symlink: /home/carlos/ros2_ws/install/px4_msgs/include/px4_msgs/px4_msgs/msg/detail/rc_channels__rosidl_typesupport_fastrtps_cpp.hpp\n'}
[2.763506] (px4_msgs) StdoutLine: {'line': b'-- Up-to-date symlink: /home/carlos/ros2_ws/install/px4_msgs/include/px4_msgs/px4_msgs/msg/detail/rc_parameter_map__rosidl_typesupport_fastrtps_cpp.hpp\n'}
[2.763588] (px4_msgs) StdoutLine: {'line': b'-- Up-to-date symlink: /home/carlos/ros2_ws/install/px4_msgs/include/px4_msgs/px4_msgs/msg/detail/register_ext_component_reply__rosidl_typesupport_fastrtps_cpp.hpp\n'}
[2.763671] (px4_msgs) StdoutLine: {'line': b'-- Up-to-date symlink: /home/carlos/ros2_ws/install/px4_msgs/include/px4_msgs/px4_msgs/msg/detail/register_ext_component_request__rosidl_typesupport_fastrtps_cpp.hpp\n'}
[2.763754] (px4_msgs) StdoutLine: {'line': b'-- Up-to-date symlink: /home/carlos/ros2_ws/install/px4_msgs/include/px4_msgs/px4_msgs/msg/detail/rover_attitude_setpoint__rosidl_typesupport_fastrtps_cpp.hpp\n'}
[2.763837] (px4_msgs) StdoutLine: {'line': b'-- Up-to-date symlink: /home/carlos/ros2_ws/install/px4_msgs/include/px4_msgs/px4_msgs/msg/detail/rover_attitude_status__rosidl_typesupport_fastrtps_cpp.hpp\n'}
[2.763920] (px4_msgs) StdoutLine: {'line': b'-- Up-to-date symlink: /home/carlos/ros2_ws/install/px4_msgs/include/px4_msgs/px4_msgs/msg/detail/rover_position_setpoint__rosidl_typesupport_fastrtps_cpp.hpp\n'}
[2.764002] (px4_msgs) StdoutLine: {'line': b'-- Up-to-date symlink: /home/carlos/ros2_ws/install/px4_msgs/include/px4_msgs/px4_msgs/msg/detail/rover_rate_setpoint__rosidl_typesupport_fastrtps_cpp.hpp\n'}
[2.764091] (px4_msgs) StdoutLine: {'line': b'-- Up-to-date symlink: /home/carlos/ros2_ws/install/px4_msgs/include/px4_msgs/px4_msgs/msg/detail/rover_rate_status__rosidl_typesupport_fastrtps_cpp.hpp\n'}
[2.764173] (px4_msgs) StdoutLine: {'line': b'-- Up-to-date symlink: /home/carlos/ros2_ws/install/px4_msgs/include/px4_msgs/px4_msgs/msg/detail/rover_speed_setpoint__rosidl_typesupport_fastrtps_cpp.hpp\n'}
[2.764255] (px4_msgs) StdoutLine: {'line': b'-- Up-to-date symlink: /home/carlos/ros2_ws/install/px4_msgs/include/px4_msgs/px4_msgs/msg/detail/rover_speed_status__rosidl_typesupport_fastrtps_cpp.hpp\n'}
[2.764338] (px4_msgs) StdoutLine: {'line': b'-- Up-to-date symlink: /home/carlos/ros2_ws/install/px4_msgs/include/px4_msgs/px4_msgs/msg/detail/rover_steering_setpoint__rosidl_typesupport_fastrtps_cpp.hpp\n'}
[2.764420] (px4_msgs) StdoutLine: {'line': b'-- Up-to-date symlink: /home/carlos/ros2_ws/install/px4_msgs/include/px4_msgs/px4_msgs/msg/detail/rover_throttle_setpoint__rosidl_typesupport_fastrtps_cpp.hpp\n'}
[2.764503] (px4_msgs) StdoutLine: {'line': b'-- Up-to-date symlink: /home/carlos/ros2_ws/install/px4_msgs/include/px4_msgs/px4_msgs/msg/detail/rpm__rosidl_typesupport_fastrtps_cpp.hpp\n'}
[2.764586] (px4_msgs) StdoutLine: {'line': b'-- Up-to-date symlink: /home/carlos/ros2_ws/install/px4_msgs/include/px4_msgs/px4_msgs/msg/detail/rtl_status__rosidl_typesupport_fastrtps_cpp.hpp\n'}
[2.764669] (px4_msgs) StdoutLine: {'line': b'-- Up-to-date symlink: /home/carlos/ros2_ws/install/px4_msgs/include/px4_msgs/px4_msgs/msg/detail/rtl_time_estimate__rosidl_typesupport_fastrtps_cpp.hpp\n'}
[2.764752] (px4_msgs) StdoutLine: {'line': b'-- Up-to-date symlink: /home/carlos/ros2_ws/install/px4_msgs/include/px4_msgs/px4_msgs/msg/detail/satellite_info__rosidl_typesupport_fastrtps_cpp.hpp\n'}
[2.764834] (px4_msgs) StdoutLine: {'line': b'-- Up-to-date symlink: /home/carlos/ros2_ws/install/px4_msgs/include/px4_msgs/px4_msgs/msg/detail/sensor_accel__rosidl_typesupport_fastrtps_cpp.hpp\n'}
[2.764916] (px4_msgs) StdoutLine: {'line': b'-- Up-to-date symlink: /home/carlos/ros2_ws/install/px4_msgs/include/px4_msgs/px4_msgs/msg/detail/sensor_accel_fifo__rosidl_typesupport_fastrtps_cpp.hpp\n'}
[2.764999] (px4_msgs) StdoutLine: {'line': b'-- Up-to-date symlink: /home/carlos/ros2_ws/install/px4_msgs/include/px4_msgs/px4_msgs/msg/detail/sensor_airflow__rosidl_typesupport_fastrtps_cpp.hpp\n'}
[2.765088] (px4_msgs) StdoutLine: {'line': b'-- Up-to-date symlink: /home/carlos/ros2_ws/install/px4_msgs/include/px4_msgs/px4_msgs/msg/detail/sensor_baro__rosidl_typesupport_fastrtps_cpp.hpp\n'}
[2.765171] (px4_msgs) StdoutLine: {'line': b'-- Up-to-date symlink: /home/carlos/ros2_ws/install/px4_msgs/include/px4_msgs/px4_msgs/msg/detail/sensor_combined__rosidl_typesupport_fastrtps_cpp.hpp\n'}
[2.765253] (px4_msgs) StdoutLine: {'line': b'-- Up-to-date symlink: /home/carlos/ros2_ws/install/px4_msgs/include/px4_msgs/px4_msgs/msg/detail/sensor_correction__rosidl_typesupport_fastrtps_cpp.hpp\n'}
[2.765337] (px4_msgs) StdoutLine: {'line': b'-- Up-to-date symlink: /home/carlos/ros2_ws/install/px4_msgs/include/px4_msgs/px4_msgs/msg/detail/sensor_gnss_relative__rosidl_typesupport_fastrtps_cpp.hpp\n'}
[2.765419] (px4_msgs) StdoutLine: {'line': b'-- Up-to-date symlink: /home/carlos/ros2_ws/install/px4_msgs/include/px4_msgs/px4_msgs/msg/detail/sensor_gnss_status__rosidl_typesupport_fastrtps_cpp.hpp\n'}
[2.765503] (px4_msgs) StdoutLine: {'line': b'-- Up-to-date symlink: /home/carlos/ros2_ws/install/px4_msgs/include/px4_msgs/px4_msgs/msg/detail/sensor_gps__rosidl_typesupport_fastrtps_cpp.hpp\n'}
[2.765586] (px4_msgs) StdoutLine: {'line': b'-- Up-to-date symlink: /home/carlos/ros2_ws/install/px4_msgs/include/px4_msgs/px4_msgs/msg/detail/sensor_gyro__rosidl_typesupport_fastrtps_cpp.hpp\n'}
[2.765668] (px4_msgs) StdoutLine: {'line': b'-- Up-to-date symlink: /home/carlos/ros2_ws/install/px4_msgs/include/px4_msgs/px4_msgs/msg/detail/sensor_gyro_fft__rosidl_typesupport_fastrtps_cpp.hpp\n'}
[2.765750] (px4_msgs) StdoutLine: {'line': b'-- Up-to-date symlink: /home/carlos/ros2_ws/install/px4_msgs/include/px4_msgs/px4_msgs/msg/detail/sensor_gyro_fifo__rosidl_typesupport_fastrtps_cpp.hpp\n'}
[2.765832] (px4_msgs) StdoutLine: {'line': b'-- Up-to-date symlink: /home/carlos/ros2_ws/install/px4_msgs/include/px4_msgs/px4_msgs/msg/detail/sensor_hygrometer__rosidl_typesupport_fastrtps_cpp.hpp\n'}
[2.765915] (px4_msgs) StdoutLine: {'line': b'-- Up-to-date symlink: /home/carlos/ros2_ws/install/px4_msgs/include/px4_msgs/px4_msgs/msg/detail/sensor_mag__rosidl_typesupport_fastrtps_cpp.hpp\n'}
[2.765997] (px4_msgs) StdoutLine: {'line': b'-- Up-to-date symlink: /home/carlos/ros2_ws/install/px4_msgs/include/px4_msgs/px4_msgs/msg/detail/sensor_optical_flow__rosidl_typesupport_fastrtps_cpp.hpp\n'}
[2.766087] (px4_msgs) StdoutLine: {'line': b'-- Up-to-date symlink: /home/carlos/ros2_ws/install/px4_msgs/include/px4_msgs/px4_msgs/msg/detail/sensor_preflight_mag__rosidl_typesupport_fastrtps_cpp.hpp\n'}
[2.766170] (px4_msgs) StdoutLine: {'line': b'-- Up-to-date symlink: /home/carlos/ros2_ws/install/px4_msgs/include/px4_msgs/px4_msgs/msg/detail/sensor_selection__rosidl_typesupport_fastrtps_cpp.hpp\n'}
[2.766252] (px4_msgs) StdoutLine: {'line': b'-- Up-to-date symlink: /home/carlos/ros2_ws/install/px4_msgs/include/px4_msgs/px4_msgs/msg/detail/sensor_uwb__rosidl_typesupport_fastrtps_cpp.hpp\n'}
[2.766334] (px4_msgs) StdoutLine: {'line': b'-- Up-to-date symlink: /home/carlos/ros2_ws/install/px4_msgs/include/px4_msgs/px4_msgs/msg/detail/sensors_status__rosidl_typesupport_fastrtps_cpp.hpp\n'}
[2.766417] (px4_msgs) StdoutLine: {'line': b'-- Up-to-date symlink: /home/carlos/ros2_ws/install/px4_msgs/include/px4_msgs/px4_msgs/msg/detail/sensors_status_imu__rosidl_typesupport_fastrtps_cpp.hpp\n'}
[2.766499] (px4_msgs) StdoutLine: {'line': b'-- Up-to-date symlink: /home/carlos/ros2_ws/install/px4_msgs/include/px4_msgs/px4_msgs/msg/detail/system_power__rosidl_typesupport_fastrtps_cpp.hpp\n'}
[2.766582] (px4_msgs) StdoutLine: {'line': b'-- Up-to-date symlink: /home/carlos/ros2_ws/install/px4_msgs/include/px4_msgs/px4_msgs/msg/detail/takeoff_status__rosidl_typesupport_fastrtps_cpp.hpp\n'}
[2.766664] (px4_msgs) StdoutLine: {'line': b'-- Up-to-date symlink: /home/carlos/ros2_ws/install/px4_msgs/include/px4_msgs/px4_msgs/msg/detail/task_stack_info__rosidl_typesupport_fastrtps_cpp.hpp\n'}
[2.766747] (px4_msgs) StdoutLine: {'line': b'-- Up-to-date symlink: /home/carlos/ros2_ws/install/px4_msgs/include/px4_msgs/px4_msgs/msg/detail/tecs_status__rosidl_typesupport_fastrtps_cpp.hpp\n'}
[2.766829] (px4_msgs) StdoutLine: {'line': b'-- Up-to-date symlink: /home/carlos/ros2_ws/install/px4_msgs/include/px4_msgs/px4_msgs/msg/detail/telemetry_status__rosidl_typesupport_fastrtps_cpp.hpp\n'}
[2.766919] (px4_msgs) StdoutLine: {'line': b'-- Up-to-date symlink: /home/carlos/ros2_ws/install/px4_msgs/include/px4_msgs/px4_msgs/msg/detail/tiltrotor_extra_controls__rosidl_typesupport_fastrtps_cpp.hpp\n'}
[2.767001] (px4_msgs) StdoutLine: {'line': b'-- Up-to-date symlink: /home/carlos/ros2_ws/install/px4_msgs/include/px4_msgs/px4_msgs/msg/detail/timesync_status__rosidl_typesupport_fastrtps_cpp.hpp\n'}
[2.767091] (px4_msgs) StdoutLine: {'line': b'-- Up-to-date symlink: /home/carlos/ros2_ws/install/px4_msgs/include/px4_msgs/px4_msgs/msg/detail/trajectory_setpoint6dof__rosidl_typesupport_fastrtps_cpp.hpp\n'}
[2.767173] (px4_msgs) StdoutLine: {'line': b'-- Up-to-date symlink: /home/carlos/ros2_ws/install/px4_msgs/include/px4_msgs/px4_msgs/msg/detail/trajectory_setpoint__rosidl_typesupport_fastrtps_cpp.hpp\n'}
[2.767260] (px4_msgs) StdoutLine: {'line': b'-- Up-to-date symlink: /home/carlos/ros2_ws/install/px4_msgs/include/px4_msgs/px4_msgs/msg/detail/transponder_report__rosidl_typesupport_fastrtps_cpp.hpp\n'}
[2.767343] (px4_msgs) StdoutLine: {'line': b'-- Up-to-date symlink: /home/carlos/ros2_ws/install/px4_msgs/include/px4_msgs/px4_msgs/msg/detail/tune_control__rosidl_typesupport_fastrtps_cpp.hpp\n'}
[2.767427] (px4_msgs) StdoutLine: {'line': b'-- Up-to-date symlink: /home/carlos/ros2_ws/install/px4_msgs/include/px4_msgs/px4_msgs/msg/detail/uavcan_parameter_request__rosidl_typesupport_fastrtps_cpp.hpp\n'}
[2.767509] (px4_msgs) StdoutLine: {'line': b'-- Up-to-date symlink: /home/carlos/ros2_ws/install/px4_msgs/include/px4_msgs/px4_msgs/msg/detail/uavcan_parameter_value__rosidl_typesupport_fastrtps_cpp.hpp\n'}
[2.767592] (px4_msgs) StdoutLine: {'line': b'-- Up-to-date symlink: /home/carlos/ros2_ws/install/px4_msgs/include/px4_msgs/px4_msgs/msg/detail/ulog_stream__rosidl_typesupport_fastrtps_cpp.hpp\n'}
[2.767673] (px4_msgs) StdoutLine: {'line': b'-- Up-to-date symlink: /home/carlos/ros2_ws/install/px4_msgs/include/px4_msgs/px4_msgs/msg/detail/ulog_stream_ack__rosidl_typesupport_fastrtps_cpp.hpp\n'}
[2.767756] (px4_msgs) StdoutLine: {'line': b'-- Up-to-date symlink: /home/carlos/ros2_ws/install/px4_msgs/include/px4_msgs/px4_msgs/msg/detail/unregister_ext_component__rosidl_typesupport_fastrtps_cpp.hpp\n'}
[2.767839] (px4_msgs) StdoutLine: {'line': b'-- Up-to-date symlink: /home/carlos/ros2_ws/install/px4_msgs/include/px4_msgs/px4_msgs/msg/detail/vehicle_acceleration__rosidl_typesupport_fastrtps_cpp.hpp\n'}
[2.767921] (px4_msgs) StdoutLine: {'line': b'-- Up-to-date symlink: /home/carlos/ros2_ws/install/px4_msgs/include/px4_msgs/px4_msgs/msg/detail/vehicle_air_data__rosidl_typesupport_fastrtps_cpp.hpp\n'}
[2.768004] (px4_msgs) StdoutLine: {'line': b'-- Up-to-date symlink: /home/carlos/ros2_ws/install/px4_msgs/include/px4_msgs/px4_msgs/msg/detail/vehicle_angular_acceleration_setpoint__rosidl_typesupport_fastrtps_cpp.hpp\n'}
[2.768094] (px4_msgs) StdoutLine: {'line': b'-- Up-to-date symlink: /home/carlos/ros2_ws/install/px4_msgs/include/px4_msgs/px4_msgs/msg/detail/vehicle_angular_velocity__rosidl_typesupport_fastrtps_cpp.hpp\n'}
[2.768171] (px4_msgs) StdoutLine: {'line': b'-- Up-to-date symlink: /home/carlos/ros2_ws/install/px4_msgs/include/px4_msgs/px4_msgs/msg/detail/vehicle_attitude__rosidl_typesupport_fastrtps_cpp.hpp\n'}
[2.768254] (px4_msgs) StdoutLine: {'line': b'-- Up-to-date symlink: /home/carlos/ros2_ws/install/px4_msgs/include/px4_msgs/px4_msgs/msg/detail/vehicle_attitude_setpoint__rosidl_typesupport_fastrtps_cpp.hpp\n'}
[2.768337] (px4_msgs) StdoutLine: {'line': b'-- Up-to-date symlink: /home/carlos/ros2_ws/install/px4_msgs/include/px4_msgs/px4_msgs/msg/detail/vehicle_command__rosidl_typesupport_fastrtps_cpp.hpp\n'}
[2.768419] (px4_msgs) StdoutLine: {'line': b'-- Up-to-date symlink: /home/carlos/ros2_ws/install/px4_msgs/include/px4_msgs/px4_msgs/msg/detail/vehicle_command_ack__rosidl_typesupport_fastrtps_cpp.hpp\n'}
[2.768501] (px4_msgs) StdoutLine: {'line': b'-- Up-to-date symlink: /home/carlos/ros2_ws/install/px4_msgs/include/px4_msgs/px4_msgs/msg/detail/vehicle_constraints__rosidl_typesupport_fastrtps_cpp.hpp\n'}
[2.768583] (px4_msgs) StdoutLine: {'line': b'-- Up-to-date symlink: /home/carlos/ros2_ws/install/px4_msgs/include/px4_msgs/px4_msgs/msg/detail/vehicle_control_mode__rosidl_typesupport_fastrtps_cpp.hpp\n'}
[2.768665] (px4_msgs) StdoutLine: {'line': b'-- Up-to-date symlink: /home/carlos/ros2_ws/install/px4_msgs/include/px4_msgs/px4_msgs/msg/detail/vehicle_global_position__rosidl_typesupport_fastrtps_cpp.hpp\n'}
[2.768748] (px4_msgs) StdoutLine: {'line': b'-- Up-to-date symlink: /home/carlos/ros2_ws/install/px4_msgs/include/px4_msgs/px4_msgs/msg/detail/vehicle_imu__rosidl_typesupport_fastrtps_cpp.hpp\n'}
[2.768830] (px4_msgs) StdoutLine: {'line': b'-- Up-to-date symlink: /home/carlos/ros2_ws/install/px4_msgs/include/px4_msgs/px4_msgs/msg/detail/vehicle_imu_status__rosidl_typesupport_fastrtps_cpp.hpp\n'}
[2.768912] (px4_msgs) StdoutLine: {'line': b'-- Up-to-date symlink: /home/carlos/ros2_ws/install/px4_msgs/include/px4_msgs/px4_msgs/msg/detail/vehicle_land_detected__rosidl_typesupport_fastrtps_cpp.hpp\n'}
[2.768995] (px4_msgs) StdoutLine: {'line': b'-- Up-to-date symlink: /home/carlos/ros2_ws/install/px4_msgs/include/px4_msgs/px4_msgs/msg/detail/vehicle_local_position__rosidl_typesupport_fastrtps_cpp.hpp\n'}
[2.769085] (px4_msgs) StdoutLine: {'line': b'-- Up-to-date symlink: /home/carlos/ros2_ws/install/px4_msgs/include/px4_msgs/px4_msgs/msg/detail/vehicle_local_position_setpoint__rosidl_typesupport_fastrtps_cpp.hpp\n'}
[2.769167] (px4_msgs) StdoutLine: {'line': b'-- Up-to-date symlink: /home/carlos/ros2_ws/install/px4_msgs/include/px4_msgs/px4_msgs/msg/detail/vehicle_magnetometer__rosidl_typesupport_fastrtps_cpp.hpp\n'}
[2.769250] (px4_msgs) StdoutLine: {'line': b'-- Up-to-date symlink: /home/carlos/ros2_ws/install/px4_msgs/include/px4_msgs/px4_msgs/msg/detail/vehicle_odometry__rosidl_typesupport_fastrtps_cpp.hpp\n'}
[2.769332] (px4_msgs) StdoutLine: {'line': b'-- Up-to-date symlink: /home/carlos/ros2_ws/install/px4_msgs/include/px4_msgs/px4_msgs/msg/detail/vehicle_optical_flow__rosidl_typesupport_fastrtps_cpp.hpp\n'}
[2.769414] (px4_msgs) StdoutLine: {'line': b'-- Up-to-date symlink: /home/carlos/ros2_ws/install/px4_msgs/include/px4_msgs/px4_msgs/msg/detail/vehicle_optical_flow_vel__rosidl_typesupport_fastrtps_cpp.hpp\n'}
[2.769496] (px4_msgs) StdoutLine: {'line': b'-- Up-to-date symlink: /home/carlos/ros2_ws/install/px4_msgs/include/px4_msgs/px4_msgs/msg/detail/vehicle_rates_setpoint__rosidl_typesupport_fastrtps_cpp.hpp\n'}
[2.769579] (px4_msgs) StdoutLine: {'line': b'-- Up-to-date symlink: /home/carlos/ros2_ws/install/px4_msgs/include/px4_msgs/px4_msgs/msg/detail/vehicle_roi__rosidl_typesupport_fastrtps_cpp.hpp\n'}
[2.769660] (px4_msgs) StdoutLine: {'line': b'-- Up-to-date symlink: /home/carlos/ros2_ws/install/px4_msgs/include/px4_msgs/px4_msgs/msg/detail/vehicle_status__rosidl_typesupport_fastrtps_cpp.hpp\n'}
[2.769742] (px4_msgs) StdoutLine: {'line': b'-- Up-to-date symlink: /home/carlos/ros2_ws/install/px4_msgs/include/px4_msgs/px4_msgs/msg/detail/vehicle_thrust_setpoint__rosidl_typesupport_fastrtps_cpp.hpp\n'}
[2.769829] (px4_msgs) StdoutLine: {'line': b'-- Up-to-date symlink: /home/carlos/ros2_ws/install/px4_msgs/include/px4_msgs/px4_msgs/msg/detail/vehicle_torque_setpoint__rosidl_typesupport_fastrtps_cpp.hpp\n'}
[2.769912] (px4_msgs) StdoutLine: {'line': b'-- Up-to-date symlink: /home/carlos/ros2_ws/install/px4_msgs/include/px4_msgs/px4_msgs/msg/detail/velocity_limits__rosidl_typesupport_fastrtps_cpp.hpp\n'}
[2.769994] (px4_msgs) StdoutLine: {'line': b'-- Up-to-date symlink: /home/carlos/ros2_ws/install/px4_msgs/include/px4_msgs/px4_msgs/msg/detail/vtol_vehicle_status__rosidl_typesupport_fastrtps_cpp.hpp\n'}
[2.770083] (px4_msgs) StdoutLine: {'line': b'-- Up-to-date symlink: /home/carlos/ros2_ws/install/px4_msgs/include/px4_msgs/px4_msgs/msg/detail/wheel_encoders__rosidl_typesupport_fastrtps_cpp.hpp\n'}
[2.770166] (px4_msgs) StdoutLine: {'line': b'-- Up-to-date symlink: /home/carlos/ros2_ws/install/px4_msgs/include/px4_msgs/px4_msgs/msg/detail/wind__rosidl_typesupport_fastrtps_cpp.hpp\n'}
[2.770249] (px4_msgs) StdoutLine: {'line': b'-- Up-to-date symlink: /home/carlos/ros2_ws/install/px4_msgs/include/px4_msgs/px4_msgs/msg/detail/yaw_estimator_status__rosidl_typesupport_fastrtps_cpp.hpp\n'}
[2.770327] (px4_msgs) StdoutLine: {'line': b'-- Up-to-date symlink: /home/carlos/ros2_ws/install/px4_msgs/include/px4_msgs/px4_msgs/msg/rosidl_typesupport_fastrtps_cpp__visibility_control.h\n'}
[2.770409] (px4_msgs) StdoutLine: {'line': b'-- Up-to-date symlink: /home/carlos/ros2_ws/install/px4_msgs/include/px4_msgs/px4_msgs/srv/detail/vehicle_command__rosidl_typesupport_fastrtps_cpp.hpp\n'}
[2.773450] (px4_msgs) StdoutLine: {'line': b'-- Up-to-date symlink: /home/carlos/ros2_ws/install/px4_msgs/include/px4_msgs/px4_msgs/msg/detail/action_request__rosidl_typesupport_introspection_c.h\n'}
[2.773685] (px4_msgs) StdoutLine: {'line': b'-- Up-to-date symlink: /home/carlos/ros2_ws/install/px4_msgs/include/px4_msgs/px4_msgs/msg/detail/actuator_armed__rosidl_typesupport_introspection_c.h\n'}
[2.773853] (px4_msgs) StdoutLine: {'line': b'-- Up-to-date symlink: /home/carlos/ros2_ws/install/px4_msgs/include/px4_msgs/px4_msgs/msg/detail/actuator_controls_status__rosidl_typesupport_introspection_c.h\n'}
[2.773975] (px4_msgs) StdoutLine: {'line': b'-- Up-to-date symlink: /home/carlos/ros2_ws/install/px4_msgs/include/px4_msgs/px4_msgs/msg/detail/actuator_motors__rosidl_typesupport_introspection_c.h\n'}
[2.774097] (px4_msgs) StdoutLine: {'line': b'-- Up-to-date symlink: /home/carlos/ros2_ws/install/px4_msgs/include/px4_msgs/px4_msgs/msg/detail/actuator_outputs__rosidl_typesupport_introspection_c.h\n'}
[2.774160] (px4_msgs) StdoutLine: {'line': b'-- Up-to-date symlink: /home/carlos/ros2_ws/install/px4_msgs/include/px4_msgs/px4_msgs/msg/detail/actuator_servos__rosidl_typesupport_introspection_c.h\n'}
[2.774250] (px4_msgs) StdoutLine: {'line': b'-- Up-to-date symlink: /home/carlos/ros2_ws/install/px4_msgs/include/px4_msgs/px4_msgs/msg/detail/actuator_servos_trim__rosidl_typesupport_introspection_c.h\n'}
[2.774305] (px4_msgs) StdoutLine: {'line': b'-- Up-to-date symlink: /home/carlos/ros2_ws/install/px4_msgs/include/px4_msgs/px4_msgs/msg/detail/actuator_test__rosidl_typesupport_introspection_c.h\n'}
[2.774354] (px4_msgs) StdoutLine: {'line': b'-- Up-to-date symlink: /home/carlos/ros2_ws/install/px4_msgs/include/px4_msgs/px4_msgs/msg/detail/adc_report__rosidl_typesupport_introspection_c.h\n'}
[2.774402] (px4_msgs) StdoutLine: {'line': b'-- Up-to-date symlink: /home/carlos/ros2_ws/install/px4_msgs/include/px4_msgs/px4_msgs/msg/detail/airspeed__rosidl_typesupport_introspection_c.h\n'}
[2.774450] (px4_msgs) StdoutLine: {'line': b'-- Up-to-date symlink: /home/carlos/ros2_ws/install/px4_msgs/include/px4_msgs/px4_msgs/msg/detail/airspeed_validated__rosidl_typesupport_introspection_c.h\n'}
[2.774536] (px4_msgs) StdoutLine: {'line': b'-- Up-to-date symlink: /home/carlos/ros2_ws/install/px4_msgs/include/px4_msgs/px4_msgs/msg/detail/airspeed_wind__rosidl_typesupport_introspection_c.h\n'}
[2.774587] (px4_msgs) StdoutLine: {'line': b'-- Up-to-date symlink: /home/carlos/ros2_ws/install/px4_msgs/include/px4_msgs/px4_msgs/msg/detail/arming_check_reply__rosidl_typesupport_introspection_c.h\n'}
[2.774633] (px4_msgs) StdoutLine: {'line': b'-- Up-to-date symlink: /home/carlos/ros2_ws/install/px4_msgs/include/px4_msgs/px4_msgs/msg/detail/arming_check_request__rosidl_typesupport_introspection_c.h\n'}
[2.774689] (px4_msgs) StdoutLine: {'line': b'-- Up-to-date symlink: /home/carlos/ros2_ws/install/px4_msgs/include/px4_msgs/px4_msgs/msg/detail/autotune_attitude_control_status__rosidl_typesupport_introspection_c.h\n'}
[2.774758] (px4_msgs) StdoutLine: {'line': b'-- Up-to-date symlink: /home/carlos/ros2_ws/install/px4_msgs/include/px4_msgs/px4_msgs/msg/detail/battery_info__rosidl_typesupport_introspection_c.h\n'}
[2.774811] (px4_msgs) StdoutLine: {'line': b'-- Up-to-date symlink: /home/carlos/ros2_ws/install/px4_msgs/include/px4_msgs/px4_msgs/msg/detail/battery_status__rosidl_typesupport_introspection_c.h\n'}
[2.774887] (px4_msgs) StdoutLine: {'line': b'-- Up-to-date symlink: /home/carlos/ros2_ws/install/px4_msgs/include/px4_msgs/px4_msgs/msg/detail/button_event__rosidl_typesupport_introspection_c.h\n'}
[2.774935] (px4_msgs) StdoutLine: {'line': b'-- Up-to-date symlink: /home/carlos/ros2_ws/install/px4_msgs/include/px4_msgs/px4_msgs/msg/detail/camera_capture__rosidl_typesupport_introspection_c.h\n'}
[2.775001] (px4_msgs) StdoutLine: {'line': b'-- Up-to-date symlink: /home/carlos/ros2_ws/install/px4_msgs/include/px4_msgs/px4_msgs/msg/detail/camera_status__rosidl_typesupport_introspection_c.h\n'}
[2.775070] (px4_msgs) StdoutLine: {'line': b'-- Up-to-date symlink: /home/carlos/ros2_ws/install/px4_msgs/include/px4_msgs/px4_msgs/msg/detail/camera_trigger__rosidl_typesupport_introspection_c.h\n'}
[2.775128] (px4_msgs) StdoutLine: {'line': b'-- Up-to-date symlink: /home/carlos/ros2_ws/install/px4_msgs/include/px4_msgs/px4_msgs/msg/detail/can_interface_status__rosidl_typesupport_introspection_c.h\n'}
[2.775210] (px4_msgs) StdoutLine: {'line': b'-- Up-to-date symlink: /home/carlos/ros2_ws/install/px4_msgs/include/px4_msgs/px4_msgs/msg/detail/cellular_status__rosidl_typesupport_introspection_c.h\n'}
[2.775295] (px4_msgs) StdoutLine: {'line': b'-- Up-to-date symlink: /home/carlos/ros2_ws/install/px4_msgs/include/px4_msgs/px4_msgs/msg/detail/collision_constraints__rosidl_typesupport_introspection_c.h\n'}
[2.775377] (px4_msgs) StdoutLine: {'line': b'-- Up-to-date symlink: /home/carlos/ros2_ws/install/px4_msgs/include/px4_msgs/px4_msgs/msg/detail/config_overrides__rosidl_typesupport_introspection_c.h\n'}
[2.775462] (px4_msgs) StdoutLine: {'line': b'-- Up-to-date symlink: /home/carlos/ros2_ws/install/px4_msgs/include/px4_msgs/px4_msgs/msg/detail/control_allocator_status__rosidl_typesupport_introspection_c.h\n'}
[2.775544] (px4_msgs) StdoutLine: {'line': b'-- Up-to-date symlink: /home/carlos/ros2_ws/install/px4_msgs/include/px4_msgs/px4_msgs/msg/detail/cpuload__rosidl_typesupport_introspection_c.h\n'}
[2.775627] (px4_msgs) StdoutLine: {'line': b'-- Up-to-date symlink: /home/carlos/ros2_ws/install/px4_msgs/include/px4_msgs/px4_msgs/msg/detail/dataman_request__rosidl_typesupport_introspection_c.h\n'}
[2.775710] (px4_msgs) StdoutLine: {'line': b'-- Up-to-date symlink: /home/carlos/ros2_ws/install/px4_msgs/include/px4_msgs/px4_msgs/msg/detail/dataman_response__rosidl_typesupport_introspection_c.h\n'}
[2.775792] (px4_msgs) StdoutLine: {'line': b'-- Up-to-date symlink: /home/carlos/ros2_ws/install/px4_msgs/include/px4_msgs/px4_msgs/msg/detail/debug_array__rosidl_typesupport_introspection_c.h\n'}
[2.775875] (px4_msgs) StdoutLine: {'line': b'-- Up-to-date symlink: /home/carlos/ros2_ws/install/px4_msgs/include/px4_msgs/px4_msgs/msg/detail/debug_key_value__rosidl_typesupport_introspection_c.h\n'}
[2.775957] (px4_msgs) StdoutLine: {'line': b'-- Up-to-date symlink: /home/carlos/ros2_ws/install/px4_msgs/include/px4_msgs/px4_msgs/msg/detail/debug_value__rosidl_typesupport_introspection_c.h\n'}
[2.776045] (px4_msgs) StdoutLine: {'line': b'-- Up-to-date symlink: /home/carlos/ros2_ws/install/px4_msgs/include/px4_msgs/px4_msgs/msg/detail/debug_vect__rosidl_typesupport_introspection_c.h\n'}
[2.776130] (px4_msgs) StdoutLine: {'line': b'-- Up-to-date symlink: /home/carlos/ros2_ws/install/px4_msgs/include/px4_msgs/px4_msgs/msg/detail/differential_pressure__rosidl_typesupport_introspection_c.h\n'}
[2.776212] (px4_msgs) StdoutLine: {'line': b'-- Up-to-date symlink: /home/carlos/ros2_ws/install/px4_msgs/include/px4_msgs/px4_msgs/msg/detail/distance_sensor__rosidl_typesupport_introspection_c.h\n'}
[2.776295] (px4_msgs) StdoutLine: {'line': b'-- Up-to-date symlink: /home/carlos/ros2_ws/install/px4_msgs/include/px4_msgs/px4_msgs/msg/detail/distance_sensor_mode_change_request__rosidl_typesupport_introspection_c.h\n'}
[2.776379] (px4_msgs) StdoutLine: {'line': b'-- Up-to-date symlink: /home/carlos/ros2_ws/install/px4_msgs/include/px4_msgs/px4_msgs/msg/detail/dronecan_node_status__rosidl_typesupport_introspection_c.h\n'}
[2.776462] (px4_msgs) StdoutLine: {'line': b'-- Up-to-date symlink: /home/carlos/ros2_ws/install/px4_msgs/include/px4_msgs/px4_msgs/msg/detail/ekf2_timestamps__rosidl_typesupport_introspection_c.h\n'}
[2.776545] (px4_msgs) StdoutLine: {'line': b'-- Up-to-date symlink: /home/carlos/ros2_ws/install/px4_msgs/include/px4_msgs/px4_msgs/msg/detail/esc_report__rosidl_typesupport_introspection_c.h\n'}
[2.776627] (px4_msgs) StdoutLine: {'line': b'-- Up-to-date symlink: /home/carlos/ros2_ws/install/px4_msgs/include/px4_msgs/px4_msgs/msg/detail/esc_status__rosidl_typesupport_introspection_c.h\n'}
[2.776710] (px4_msgs) StdoutLine: {'line': b'-- Up-to-date symlink: /home/carlos/ros2_ws/install/px4_msgs/include/px4_msgs/px4_msgs/msg/detail/estimator_aid_source1d__rosidl_typesupport_introspection_c.h\n'}
[2.776793] (px4_msgs) StdoutLine: {'line': b'-- Up-to-date symlink: /home/carlos/ros2_ws/install/px4_msgs/include/px4_msgs/px4_msgs/msg/detail/estimator_aid_source2d__rosidl_typesupport_introspection_c.h\n'}
[2.776876] (px4_msgs) StdoutLine: {'line': b'-- Up-to-date symlink: /home/carlos/ros2_ws/install/px4_msgs/include/px4_msgs/px4_msgs/msg/detail/estimator_aid_source3d__rosidl_typesupport_introspection_c.h\n'}
[2.776958] (px4_msgs) StdoutLine: {'line': b'-- Up-to-date symlink: /home/carlos/ros2_ws/install/px4_msgs/include/px4_msgs/px4_msgs/msg/detail/estimator_bias3d__rosidl_typesupport_introspection_c.h\n'}
[2.777046] (px4_msgs) StdoutLine: {'line': b'-- Up-to-date symlink: /home/carlos/ros2_ws/install/px4_msgs/include/px4_msgs/px4_msgs/msg/detail/estimator_bias__rosidl_typesupport_introspection_c.h\n'}
[2.777130] (px4_msgs) StdoutLine: {'line': b'-- Up-to-date symlink: /home/carlos/ros2_ws/install/px4_msgs/include/px4_msgs/px4_msgs/msg/detail/estimator_event_flags__rosidl_typesupport_introspection_c.h\n'}
[2.777212] (px4_msgs) StdoutLine: {'line': b'-- Up-to-date symlink: /home/carlos/ros2_ws/install/px4_msgs/include/px4_msgs/px4_msgs/msg/detail/estimator_gps_status__rosidl_typesupport_introspection_c.h\n'}
[2.777294] (px4_msgs) StdoutLine: {'line': b'-- Up-to-date symlink: /home/carlos/ros2_ws/install/px4_msgs/include/px4_msgs/px4_msgs/msg/detail/estimator_innovations__rosidl_typesupport_introspection_c.h\n'}
[2.777377] (px4_msgs) StdoutLine: {'line': b'-- Up-to-date symlink: /home/carlos/ros2_ws/install/px4_msgs/include/px4_msgs/px4_msgs/msg/detail/estimator_selector_status__rosidl_typesupport_introspection_c.h\n'}
[2.777460] (px4_msgs) StdoutLine: {'line': b'-- Up-to-date symlink: /home/carlos/ros2_ws/install/px4_msgs/include/px4_msgs/px4_msgs/msg/detail/estimator_sensor_bias__rosidl_typesupport_introspection_c.h\n'}
[2.777543] (px4_msgs) StdoutLine: {'line': b'-- Up-to-date symlink: /home/carlos/ros2_ws/install/px4_msgs/include/px4_msgs/px4_msgs/msg/detail/estimator_states__rosidl_typesupport_introspection_c.h\n'}
[2.777625] (px4_msgs) StdoutLine: {'line': b'-- Up-to-date symlink: /home/carlos/ros2_ws/install/px4_msgs/include/px4_msgs/px4_msgs/msg/detail/estimator_status__rosidl_typesupport_introspection_c.h\n'}
[2.777714] (px4_msgs) StdoutLine: {'line': b'-- Up-to-date symlink: /home/carlos/ros2_ws/install/px4_msgs/include/px4_msgs/px4_msgs/msg/detail/estimator_status_flags__rosidl_typesupport_introspection_c.h\n'}
[2.777796] (px4_msgs) StdoutLine: {'line': b'-- Up-to-date symlink: /home/carlos/ros2_ws/install/px4_msgs/include/px4_msgs/px4_msgs/msg/detail/event__rosidl_typesupport_introspection_c.h\n'}
[2.777879] (px4_msgs) StdoutLine: {'line': b'-- Up-to-date symlink: /home/carlos/ros2_ws/install/px4_msgs/include/px4_msgs/px4_msgs/msg/detail/failsafe_flags__rosidl_typesupport_introspection_c.h\n'}
[2.777967] (px4_msgs) StdoutLine: {'line': b'-- Up-to-date symlink: /home/carlos/ros2_ws/install/px4_msgs/include/px4_msgs/px4_msgs/msg/detail/failure_detector_status__rosidl_typesupport_introspection_c.h\n'}
[2.778129] (px4_msgs) StdoutLine: {'line': b'-- Up-to-date symlink: /home/carlos/ros2_ws/install/px4_msgs/include/px4_msgs/px4_msgs/msg/detail/figure_eight_status__rosidl_typesupport_introspection_c.h\n'}
[2.778323] (px4_msgs) StdoutLine: {'line': b'-- Up-to-date symlink: /home/carlos/ros2_ws/install/px4_msgs/include/px4_msgs/px4_msgs/msg/detail/fixed_wing_lateral_guidance_status__rosidl_typesupport_introspection_c.h\n'}
[2.778461] (px4_msgs) StdoutLine: {'line': b'-- Up-to-date symlink: /home/carlos/ros2_ws/install/px4_msgs/include/px4_msgs/px4_msgs/msg/detail/fixed_wing_lateral_setpoint__rosidl_typesupport_introspection_c.h\n'}
[2.778609] (px4_msgs) StdoutLine: {'line': b'-- Up-to-date symlink: /home/carlos/ros2_ws/install/px4_msgs/include/px4_msgs/px4_msgs/msg/detail/fixed_wing_lateral_status__rosidl_typesupport_introspection_c.h\n'}
[2.778749] (px4_msgs) StdoutLine: {'line': b'-- Up-to-date symlink: /home/carlos/ros2_ws/install/px4_msgs/include/px4_msgs/px4_msgs/msg/detail/fixed_wing_longitudinal_setpoint__rosidl_typesupport_introspection_c.h\n'}
[2.778851] (px4_msgs) StdoutLine: {'line': b'-- Up-to-date symlink: /home/carlos/ros2_ws/install/px4_msgs/include/px4_msgs/px4_msgs/msg/detail/fixed_wing_runway_control__rosidl_typesupport_introspection_c.h\n'}
[2.778931] (px4_msgs) StdoutLine: {'line': b'-- Up-to-date symlink: /home/carlos/ros2_ws/install/px4_msgs/include/px4_msgs/px4_msgs/msg/detail/flight_phase_estimation__rosidl_typesupport_introspection_c.h\n'}
[2.778995] (px4_msgs) StdoutLine: {'line': b'-- Up-to-date symlink: /home/carlos/ros2_ws/install/px4_msgs/include/px4_msgs/px4_msgs/msg/detail/follow_target__rosidl_typesupport_introspection_c.h\n'}
[2.779038] (px4_msgs) StdoutLine: {'line': b'-- Up-to-date symlink: /home/carlos/ros2_ws/install/px4_msgs/include/px4_msgs/px4_msgs/msg/detail/follow_target_estimator__rosidl_typesupport_introspection_c.h\n'}
[2.779087] (px4_msgs) StdoutLine: {'line': b'-- Up-to-date symlink: /home/carlos/ros2_ws/install/px4_msgs/include/px4_msgs/px4_msgs/msg/detail/follow_target_status__rosidl_typesupport_introspection_c.h\n'}
[2.779132] (px4_msgs) StdoutLine: {'line': b'-- Up-to-date symlink: /home/carlos/ros2_ws/install/px4_msgs/include/px4_msgs/px4_msgs/msg/detail/fuel_tank_status__rosidl_typesupport_introspection_c.h\n'}
[2.779196] (px4_msgs) StdoutLine: {'line': b'-- Up-to-date symlink: /home/carlos/ros2_ws/install/px4_msgs/include/px4_msgs/px4_msgs/msg/detail/generator_status__rosidl_typesupport_introspection_c.h\n'}
[2.779239] (px4_msgs) StdoutLine: {'line': b'-- Up-to-date symlink: /home/carlos/ros2_ws/install/px4_msgs/include/px4_msgs/px4_msgs/msg/detail/geofence_result__rosidl_typesupport_introspection_c.h\n'}
[2.779283] (px4_msgs) StdoutLine: {'line': b'-- Up-to-date symlink: /home/carlos/ros2_ws/install/px4_msgs/include/px4_msgs/px4_msgs/msg/detail/geofence_status__rosidl_typesupport_introspection_c.h\n'}
[2.779340] (px4_msgs) StdoutLine: {'line': b'-- Up-to-date symlink: /home/carlos/ros2_ws/install/px4_msgs/include/px4_msgs/px4_msgs/msg/detail/gimbal_controls__rosidl_typesupport_introspection_c.h\n'}
[2.779393] (px4_msgs) StdoutLine: {'line': b'-- Up-to-date symlink: /home/carlos/ros2_ws/install/px4_msgs/include/px4_msgs/px4_msgs/msg/detail/gimbal_device_attitude_status__rosidl_typesupport_introspection_c.h\n'}
[2.779463] (px4_msgs) StdoutLine: {'line': b'-- Up-to-date symlink: /home/carlos/ros2_ws/install/px4_msgs/include/px4_msgs/px4_msgs/msg/detail/gimbal_device_information__rosidl_typesupport_introspection_c.h\n'}
[2.779536] (px4_msgs) StdoutLine: {'line': b'-- Up-to-date symlink: /home/carlos/ros2_ws/install/px4_msgs/include/px4_msgs/px4_msgs/msg/detail/gimbal_device_set_attitude__rosidl_typesupport_introspection_c.h\n'}
[2.779611] (px4_msgs) StdoutLine: {'line': b'-- Up-to-date symlink: /home/carlos/ros2_ws/install/px4_msgs/include/px4_msgs/px4_msgs/msg/detail/gimbal_manager_information__rosidl_typesupport_introspection_c.h\n'}
[2.779683] (px4_msgs) StdoutLine: {'line': b'-- Up-to-date symlink: /home/carlos/ros2_ws/install/px4_msgs/include/px4_msgs/px4_msgs/msg/detail/gimbal_manager_set_attitude__rosidl_typesupport_introspection_c.h\n'}
[2.779756] (px4_msgs) StdoutLine: {'line': b'-- Up-to-date symlink: /home/carlos/ros2_ws/install/px4_msgs/include/px4_msgs/px4_msgs/msg/detail/gimbal_manager_set_manual_control__rosidl_typesupport_introspection_c.h\n'}
[2.779822] (px4_msgs) StdoutLine: {'line': b'-- Up-to-date symlink: /home/carlos/ros2_ws/install/px4_msgs/include/px4_msgs/px4_msgs/msg/detail/gimbal_manager_status__rosidl_typesupport_introspection_c.h\n'}
[2.779904] (px4_msgs) StdoutLine: {'line': b'-- Up-to-date symlink: /home/carlos/ros2_ws/install/px4_msgs/include/px4_msgs/px4_msgs/msg/detail/goto_setpoint__rosidl_typesupport_introspection_c.h\n'}
[2.779982] (px4_msgs) StdoutLine: {'line': b'-- Up-to-date symlink: /home/carlos/ros2_ws/install/px4_msgs/include/px4_msgs/px4_msgs/msg/detail/gpio_config__rosidl_typesupport_introspection_c.h\n'}
[2.780087] (px4_msgs) StdoutLine: {'line': b'-- Up-to-date symlink: /home/carlos/ros2_ws/install/px4_msgs/include/px4_msgs/px4_msgs/msg/detail/gpio_in__rosidl_typesupport_introspection_c.h\n'}
[2.780189] (px4_msgs) StdoutLine: {'line': b'-- Up-to-date symlink: /home/carlos/ros2_ws/install/px4_msgs/include/px4_msgs/px4_msgs/msg/detail/gpio_out__rosidl_typesupport_introspection_c.h\n'}
[2.780273] (px4_msgs) StdoutLine: {'line': b'-- Up-to-date symlink: /home/carlos/ros2_ws/install/px4_msgs/include/px4_msgs/px4_msgs/msg/detail/gpio_request__rosidl_typesupport_introspection_c.h\n'}
[2.780356] (px4_msgs) StdoutLine: {'line': b'-- Up-to-date symlink: /home/carlos/ros2_ws/install/px4_msgs/include/px4_msgs/px4_msgs/msg/detail/gps_dump__rosidl_typesupport_introspection_c.h\n'}
[2.780439] (px4_msgs) StdoutLine: {'line': b'-- Up-to-date symlink: /home/carlos/ros2_ws/install/px4_msgs/include/px4_msgs/px4_msgs/msg/detail/gps_inject_data__rosidl_typesupport_introspection_c.h\n'}
[2.780523] (px4_msgs) StdoutLine: {'line': b'-- Up-to-date symlink: /home/carlos/ros2_ws/install/px4_msgs/include/px4_msgs/px4_msgs/msg/detail/gripper__rosidl_typesupport_introspection_c.h\n'}
[2.780611] (px4_msgs) StdoutLine: {'line': b'-- Up-to-date symlink: /home/carlos/ros2_ws/install/px4_msgs/include/px4_msgs/px4_msgs/msg/detail/health_report__rosidl_typesupport_introspection_c.h\n'}
[2.780696] (px4_msgs) StdoutLine: {'line': b'-- Up-to-date symlink: /home/carlos/ros2_ws/install/px4_msgs/include/px4_msgs/px4_msgs/msg/detail/heater_status__rosidl_typesupport_introspection_c.h\n'}
[2.780779] (px4_msgs) StdoutLine: {'line': b'-- Up-to-date symlink: /home/carlos/ros2_ws/install/px4_msgs/include/px4_msgs/px4_msgs/msg/detail/home_position__rosidl_typesupport_introspection_c.h\n'}
[2.780864] (px4_msgs) StdoutLine: {'line': b'-- Up-to-date symlink: /home/carlos/ros2_ws/install/px4_msgs/include/px4_msgs/px4_msgs/msg/detail/hover_thrust_estimate__rosidl_typesupport_introspection_c.h\n'}
[2.780947] (px4_msgs) StdoutLine: {'line': b'-- Up-to-date symlink: /home/carlos/ros2_ws/install/px4_msgs/include/px4_msgs/px4_msgs/msg/detail/input_rc__rosidl_typesupport_introspection_c.h\n'}
[2.781032] (px4_msgs) StdoutLine: {'line': b'-- Up-to-date symlink: /home/carlos/ros2_ws/install/px4_msgs/include/px4_msgs/px4_msgs/msg/detail/internal_combustion_engine_control__rosidl_typesupport_introspection_c.h\n'}
[2.781123] (px4_msgs) StdoutLine: {'line': b'-- Up-to-date symlink: /home/carlos/ros2_ws/install/px4_msgs/include/px4_msgs/px4_msgs/msg/detail/internal_combustion_engine_status__rosidl_typesupport_introspection_c.h\n'}
[2.781187] (px4_msgs) StdoutLine: {'line': b'-- Up-to-date symlink: /home/carlos/ros2_ws/install/px4_msgs/include/px4_msgs/px4_msgs/msg/detail/iridiumsbd_status__rosidl_typesupport_introspection_c.h\n'}
[2.781268] (px4_msgs) StdoutLine: {'line': b'-- Up-to-date symlink: /home/carlos/ros2_ws/install/px4_msgs/include/px4_msgs/px4_msgs/msg/detail/irlock_report__rosidl_typesupport_introspection_c.h\n'}
[2.781350] (px4_msgs) StdoutLine: {'line': b'-- Up-to-date symlink: /home/carlos/ros2_ws/install/px4_msgs/include/px4_msgs/px4_msgs/msg/detail/landing_gear__rosidl_typesupport_introspection_c.h\n'}
[2.781433] (px4_msgs) StdoutLine: {'line': b'-- Up-to-date symlink: /home/carlos/ros2_ws/install/px4_msgs/include/px4_msgs/px4_msgs/msg/detail/landing_gear_wheel__rosidl_typesupport_introspection_c.h\n'}
[2.781516] (px4_msgs) StdoutLine: {'line': b'-- Up-to-date symlink: /home/carlos/ros2_ws/install/px4_msgs/include/px4_msgs/px4_msgs/msg/detail/landing_target_innovations__rosidl_typesupport_introspection_c.h\n'}
[2.781599] (px4_msgs) StdoutLine: {'line': b'-- Up-to-date symlink: /home/carlos/ros2_ws/install/px4_msgs/include/px4_msgs/px4_msgs/msg/detail/landing_target_pose__rosidl_typesupport_introspection_c.h\n'}
[2.781682] (px4_msgs) StdoutLine: {'line': b'-- Up-to-date symlink: /home/carlos/ros2_ws/install/px4_msgs/include/px4_msgs/px4_msgs/msg/detail/lateral_control_configuration__rosidl_typesupport_introspection_c.h\n'}
[2.781765] (px4_msgs) StdoutLine: {'line': b'-- Up-to-date symlink: /home/carlos/ros2_ws/install/px4_msgs/include/px4_msgs/px4_msgs/msg/detail/launch_detection_status__rosidl_typesupport_introspection_c.h\n'}
[2.781848] (px4_msgs) StdoutLine: {'line': b'-- Up-to-date symlink: /home/carlos/ros2_ws/install/px4_msgs/include/px4_msgs/px4_msgs/msg/detail/led_control__rosidl_typesupport_introspection_c.h\n'}
[2.781931] (px4_msgs) StdoutLine: {'line': b'-- Up-to-date symlink: /home/carlos/ros2_ws/install/px4_msgs/include/px4_msgs/px4_msgs/msg/detail/log_message__rosidl_typesupport_introspection_c.h\n'}
[2.782014] (px4_msgs) StdoutLine: {'line': b'-- Up-to-date symlink: /home/carlos/ros2_ws/install/px4_msgs/include/px4_msgs/px4_msgs/msg/detail/logger_status__rosidl_typesupport_introspection_c.h\n'}
[2.782107] (px4_msgs) StdoutLine: {'line': b'-- Up-to-date symlink: /home/carlos/ros2_ws/install/px4_msgs/include/px4_msgs/px4_msgs/msg/detail/longitudinal_control_configuration__rosidl_typesupport_introspection_c.h\n'}
[2.782190] (px4_msgs) StdoutLine: {'line': b'-- Up-to-date symlink: /home/carlos/ros2_ws/install/px4_msgs/include/px4_msgs/px4_msgs/msg/detail/mag_worker_data__rosidl_typesupport_introspection_c.h\n'}
[2.782274] (px4_msgs) StdoutLine: {'line': b'-- Up-to-date symlink: /home/carlos/ros2_ws/install/px4_msgs/include/px4_msgs/px4_msgs/msg/detail/magnetometer_bias_estimate__rosidl_typesupport_introspection_c.h\n'}
[2.782357] (px4_msgs) StdoutLine: {'line': b'-- Up-to-date symlink: /home/carlos/ros2_ws/install/px4_msgs/include/px4_msgs/px4_msgs/msg/detail/manual_control_setpoint__rosidl_typesupport_introspection_c.h\n'}
[2.782441] (px4_msgs) StdoutLine: {'line': b'-- Up-to-date symlink: /home/carlos/ros2_ws/install/px4_msgs/include/px4_msgs/px4_msgs/msg/detail/manual_control_switches__rosidl_typesupport_introspection_c.h\n'}
[2.782523] (px4_msgs) StdoutLine: {'line': b'-- Up-to-date symlink: /home/carlos/ros2_ws/install/px4_msgs/include/px4_msgs/px4_msgs/msg/detail/mavlink_log__rosidl_typesupport_introspection_c.h\n'}
[2.782606] (px4_msgs) StdoutLine: {'line': b'-- Up-to-date symlink: /home/carlos/ros2_ws/install/px4_msgs/include/px4_msgs/px4_msgs/msg/detail/mavlink_tunnel__rosidl_typesupport_introspection_c.h\n'}
[2.782689] (px4_msgs) StdoutLine: {'line': b'-- Up-to-date symlink: /home/carlos/ros2_ws/install/px4_msgs/include/px4_msgs/px4_msgs/msg/detail/message_format_request__rosidl_typesupport_introspection_c.h\n'}
[2.782772] (px4_msgs) StdoutLine: {'line': b'-- Up-to-date symlink: /home/carlos/ros2_ws/install/px4_msgs/include/px4_msgs/px4_msgs/msg/detail/message_format_response__rosidl_typesupport_introspection_c.h\n'}
[2.782855] (px4_msgs) StdoutLine: {'line': b'-- Up-to-date symlink: /home/carlos/ros2_ws/install/px4_msgs/include/px4_msgs/px4_msgs/msg/detail/mission__rosidl_typesupport_introspection_c.h\n'}
[2.782937] (px4_msgs) StdoutLine: {'line': b'-- Up-to-date symlink: /home/carlos/ros2_ws/install/px4_msgs/include/px4_msgs/px4_msgs/msg/detail/mission_result__rosidl_typesupport_introspection_c.h\n'}
[2.783019] (px4_msgs) StdoutLine: {'line': b'-- Up-to-date symlink: /home/carlos/ros2_ws/install/px4_msgs/include/px4_msgs/px4_msgs/msg/detail/mode_completed__rosidl_typesupport_introspection_c.h\n'}
[2.783113] (px4_msgs) StdoutLine: {'line': b'-- Up-to-date symlink: /home/carlos/ros2_ws/install/px4_msgs/include/px4_msgs/px4_msgs/msg/detail/mount_orientation__rosidl_typesupport_introspection_c.h\n'}
[2.783199] (px4_msgs) StdoutLine: {'line': b'-- Up-to-date symlink: /home/carlos/ros2_ws/install/px4_msgs/include/px4_msgs/px4_msgs/msg/detail/navigator_mission_item__rosidl_typesupport_introspection_c.h\n'}
[2.783283] (px4_msgs) StdoutLine: {'line': b'-- Up-to-date symlink: /home/carlos/ros2_ws/install/px4_msgs/include/px4_msgs/px4_msgs/msg/detail/navigator_status__rosidl_typesupport_introspection_c.h\n'}
[2.783366] (px4_msgs) StdoutLine: {'line': b'-- Up-to-date symlink: /home/carlos/ros2_ws/install/px4_msgs/include/px4_msgs/px4_msgs/msg/detail/neural_control__rosidl_typesupport_introspection_c.h\n'}
[2.783450] (px4_msgs) StdoutLine: {'line': b'-- Up-to-date symlink: /home/carlos/ros2_ws/install/px4_msgs/include/px4_msgs/px4_msgs/msg/detail/normalized_unsigned_setpoint__rosidl_typesupport_introspection_c.h\n'}
[2.783533] (px4_msgs) StdoutLine: {'line': b'-- Up-to-date symlink: /home/carlos/ros2_ws/install/px4_msgs/include/px4_msgs/px4_msgs/msg/detail/obstacle_distance__rosidl_typesupport_introspection_c.h\n'}
[2.783616] (px4_msgs) StdoutLine: {'line': b'-- Up-to-date symlink: /home/carlos/ros2_ws/install/px4_msgs/include/px4_msgs/px4_msgs/msg/detail/offboard_control_mode__rosidl_typesupport_introspection_c.h\n'}
[2.783705] (px4_msgs) StdoutLine: {'line': b'-- Up-to-date symlink: /home/carlos/ros2_ws/install/px4_msgs/include/px4_msgs/px4_msgs/msg/detail/onboard_computer_status__rosidl_typesupport_introspection_c.h\n'}
[2.783788] (px4_msgs) StdoutLine: {'line': b'-- Up-to-date symlink: /home/carlos/ros2_ws/install/px4_msgs/include/px4_msgs/px4_msgs/msg/detail/open_drone_id_arm_status__rosidl_typesupport_introspection_c.h\n'}
[2.783871] (px4_msgs) StdoutLine: {'line': b'-- Up-to-date symlink: /home/carlos/ros2_ws/install/px4_msgs/include/px4_msgs/px4_msgs/msg/detail/open_drone_id_operator_id__rosidl_typesupport_introspection_c.h\n'}
[2.783954] (px4_msgs) StdoutLine: {'line': b'-- Up-to-date symlink: /home/carlos/ros2_ws/install/px4_msgs/include/px4_msgs/px4_msgs/msg/detail/open_drone_id_self_id__rosidl_typesupport_introspection_c.h\n'}
[2.784037] (px4_msgs) StdoutLine: {'line': b'-- Up-to-date symlink: /home/carlos/ros2_ws/install/px4_msgs/include/px4_msgs/px4_msgs/msg/detail/open_drone_id_system__rosidl_typesupport_introspection_c.h\n'}
[2.784199] (px4_msgs) StdoutLine: {'line': b'-- Up-to-date symlink: /home/carlos/ros2_ws/install/px4_msgs/include/px4_msgs/px4_msgs/msg/detail/orb_test__rosidl_typesupport_introspection_c.h\n'}
[2.784378] (px4_msgs) StdoutLine: {'line': b'-- Up-to-date symlink: /home/carlos/ros2_ws/install/px4_msgs/include/px4_msgs/px4_msgs/msg/detail/orb_test_large__rosidl_typesupport_introspection_c.h\n'}
[2.784503] (px4_msgs) StdoutLine: {'line': b'-- Up-to-date symlink: /home/carlos/ros2_ws/install/px4_msgs/include/px4_msgs/px4_msgs/msg/detail/orb_test_medium__rosidl_typesupport_introspection_c.h\n'}
[2.784612] (px4_msgs) StdoutLine: {'line': b'-- Up-to-date symlink: /home/carlos/ros2_ws/install/px4_msgs/include/px4_msgs/px4_msgs/msg/detail/orbit_status__rosidl_typesupport_introspection_c.h\n'}
[2.784766] (px4_msgs) StdoutLine: {'line': b'-- Up-to-date symlink: /home/carlos/ros2_ws/install/px4_msgs/include/px4_msgs/px4_msgs/msg/detail/parameter_reset_request__rosidl_typesupport_introspection_c.h\n'}
[2.784877] (px4_msgs) StdoutLine: {'line': b'-- Up-to-date symlink: /home/carlos/ros2_ws/install/px4_msgs/include/px4_msgs/px4_msgs/msg/detail/parameter_set_used_request__rosidl_typesupport_introspection_c.h\n'}
[2.784941] (px4_msgs) StdoutLine: {'line': b'-- Up-to-date symlink: /home/carlos/ros2_ws/install/px4_msgs/include/px4_msgs/px4_msgs/msg/detail/parameter_set_value_request__rosidl_typesupport_introspection_c.h\n'}
[2.784986] (px4_msgs) StdoutLine: {'line': b'-- Up-to-date symlink: /home/carlos/ros2_ws/install/px4_msgs/include/px4_msgs/px4_msgs/msg/detail/parameter_set_value_response__rosidl_typesupport_introspection_c.h\n'}
[2.785060] (px4_msgs) StdoutLine: {'line': b'-- Up-to-date symlink: /home/carlos/ros2_ws/install/px4_msgs/include/px4_msgs/px4_msgs/msg/detail/parameter_update__rosidl_typesupport_introspection_c.h\n'}
[2.785112] (px4_msgs) StdoutLine: {'line': b'-- Up-to-date symlink: /home/carlos/ros2_ws/install/px4_msgs/include/px4_msgs/px4_msgs/msg/detail/ping__rosidl_typesupport_introspection_c.h\n'}
[2.785154] (px4_msgs) StdoutLine: {'line': b'-- Up-to-date symlink: /home/carlos/ros2_ws/install/px4_msgs/include/px4_msgs/px4_msgs/msg/detail/position_controller_landing_status__rosidl_typesupport_introspection_c.h\n'}
[2.785198] (px4_msgs) StdoutLine: {'line': b'-- Up-to-date symlink: /home/carlos/ros2_ws/install/px4_msgs/include/px4_msgs/px4_msgs/msg/detail/position_controller_status__rosidl_typesupport_introspection_c.h\n'}
[2.785256] (px4_msgs) StdoutLine: {'line': b'-- Up-to-date symlink: /home/carlos/ros2_ws/install/px4_msgs/include/px4_msgs/px4_msgs/msg/detail/position_setpoint__rosidl_typesupport_introspection_c.h\n'}
[2.785305] (px4_msgs) StdoutLine: {'line': b'-- Up-to-date symlink: /home/carlos/ros2_ws/install/px4_msgs/include/px4_msgs/px4_msgs/msg/detail/position_setpoint_triplet__rosidl_typesupport_introspection_c.h\n'}
[2.785364] (px4_msgs) StdoutLine: {'line': b'-- Up-to-date symlink: /home/carlos/ros2_ws/install/px4_msgs/include/px4_msgs/px4_msgs/msg/detail/power_button_state__rosidl_typesupport_introspection_c.h\n'}
[2.785415] (px4_msgs) StdoutLine: {'line': b'-- Up-to-date symlink: /home/carlos/ros2_ws/install/px4_msgs/include/px4_msgs/px4_msgs/msg/detail/power_monitor__rosidl_typesupport_introspection_c.h\n'}
[2.785468] (px4_msgs) StdoutLine: {'line': b'-- Up-to-date symlink: /home/carlos/ros2_ws/install/px4_msgs/include/px4_msgs/px4_msgs/msg/detail/pps_capture__rosidl_typesupport_introspection_c.h\n'}
[2.785543] (px4_msgs) StdoutLine: {'line': b'-- Up-to-date symlink: /home/carlos/ros2_ws/install/px4_msgs/include/px4_msgs/px4_msgs/msg/detail/pure_pursuit_status__rosidl_typesupport_introspection_c.h\n'}
[2.785626] (px4_msgs) StdoutLine: {'line': b'-- Up-to-date symlink: /home/carlos/ros2_ws/install/px4_msgs/include/px4_msgs/px4_msgs/msg/detail/pwm_input__rosidl_typesupport_introspection_c.h\n'}
[2.785741] (px4_msgs) StdoutLine: {'line': b'-- Up-to-date symlink: /home/carlos/ros2_ws/install/px4_msgs/include/px4_msgs/px4_msgs/msg/detail/px4io_status__rosidl_typesupport_introspection_c.h\n'}
[2.785826] (px4_msgs) StdoutLine: {'line': b'-- Up-to-date symlink: /home/carlos/ros2_ws/install/px4_msgs/include/px4_msgs/px4_msgs/msg/detail/qshell_req__rosidl_typesupport_introspection_c.h\n'}
[2.785887] (px4_msgs) StdoutLine: {'line': b'-- Up-to-date symlink: /home/carlos/ros2_ws/install/px4_msgs/include/px4_msgs/px4_msgs/msg/detail/qshell_retval__rosidl_typesupport_introspection_c.h\n'}
[2.785968] (px4_msgs) StdoutLine: {'line': b'-- Up-to-date symlink: /home/carlos/ros2_ws/install/px4_msgs/include/px4_msgs/px4_msgs/msg/detail/radio_status__rosidl_typesupport_introspection_c.h\n'}
[2.786060] (px4_msgs) StdoutLine: {'line': b'-- Up-to-date symlink: /home/carlos/ros2_ws/install/px4_msgs/include/px4_msgs/px4_msgs/msg/detail/rate_ctrl_status__rosidl_typesupport_introspection_c.h\n'}
[2.786142] (px4_msgs) StdoutLine: {'line': b'-- Up-to-date symlink: /home/carlos/ros2_ws/install/px4_msgs/include/px4_msgs/px4_msgs/msg/detail/rc_channels__rosidl_typesupport_introspection_c.h\n'}
[2.786223] (px4_msgs) StdoutLine: {'line': b'-- Up-to-date symlink: /home/carlos/ros2_ws/install/px4_msgs/include/px4_msgs/px4_msgs/msg/detail/rc_parameter_map__rosidl_typesupport_introspection_c.h\n'}
[2.786306] (px4_msgs) StdoutLine: {'line': b'-- Up-to-date symlink: /home/carlos/ros2_ws/install/px4_msgs/include/px4_msgs/px4_msgs/msg/detail/register_ext_component_reply__rosidl_typesupport_introspection_c.h\n'}
[2.786389] (px4_msgs) StdoutLine: {'line': b'-- Up-to-date symlink: /home/carlos/ros2_ws/install/px4_msgs/include/px4_msgs/px4_msgs/msg/detail/register_ext_component_request__rosidl_typesupport_introspection_c.h\n'}
[2.786471] (px4_msgs) StdoutLine: {'line': b'-- Up-to-date symlink: /home/carlos/ros2_ws/install/px4_msgs/include/px4_msgs/px4_msgs/msg/detail/rover_attitude_setpoint__rosidl_typesupport_introspection_c.h\n'}
[2.786554] (px4_msgs) StdoutLine: {'line': b'-- Up-to-date symlink: /home/carlos/ros2_ws/install/px4_msgs/include/px4_msgs/px4_msgs/msg/detail/rover_attitude_status__rosidl_typesupport_introspection_c.h\n'}
[2.786636] (px4_msgs) StdoutLine: {'line': b'-- Up-to-date symlink: /home/carlos/ros2_ws/install/px4_msgs/include/px4_msgs/px4_msgs/msg/detail/rover_position_setpoint__rosidl_typesupport_introspection_c.h\n'}
[2.786719] (px4_msgs) StdoutLine: {'line': b'-- Up-to-date symlink: /home/carlos/ros2_ws/install/px4_msgs/include/px4_msgs/px4_msgs/msg/detail/rover_rate_setpoint__rosidl_typesupport_introspection_c.h\n'}
[2.786802] (px4_msgs) StdoutLine: {'line': b'-- Up-to-date symlink: /home/carlos/ros2_ws/install/px4_msgs/include/px4_msgs/px4_msgs/msg/detail/rover_rate_status__rosidl_typesupport_introspection_c.h\n'}
[2.786884] (px4_msgs) StdoutLine: {'line': b'-- Up-to-date symlink: /home/carlos/ros2_ws/install/px4_msgs/include/px4_msgs/px4_msgs/msg/detail/rover_speed_setpoint__rosidl_typesupport_introspection_c.h\n'}
[2.786967] (px4_msgs) StdoutLine: {'line': b'-- Up-to-date symlink: /home/carlos/ros2_ws/install/px4_msgs/include/px4_msgs/px4_msgs/msg/detail/rover_speed_status__rosidl_typesupport_introspection_c.h\n'}
[2.787057] (px4_msgs) StdoutLine: {'line': b'-- Up-to-date symlink: /home/carlos/ros2_ws/install/px4_msgs/include/px4_msgs/px4_msgs/msg/detail/rover_steering_setpoint__rosidl_typesupport_introspection_c.h\n'}
[2.787153] (px4_msgs) StdoutLine: {'line': b'-- Up-to-date symlink: /home/carlos/ros2_ws/install/px4_msgs/include/px4_msgs/px4_msgs/msg/detail/rover_throttle_setpoint__rosidl_typesupport_introspection_c.h\n'}
[2.787237] (px4_msgs) StdoutLine: {'line': b'-- Up-to-date symlink: /home/carlos/ros2_ws/install/px4_msgs/include/px4_msgs/px4_msgs/msg/detail/rpm__rosidl_typesupport_introspection_c.h\n'}
[2.787326] (px4_msgs) StdoutLine: {'line': b'-- Up-to-date symlink: /home/carlos/ros2_ws/install/px4_msgs/include/px4_msgs/px4_msgs/msg/detail/rtl_status__rosidl_typesupport_introspection_c.h\n'}
[2.787408] (px4_msgs) StdoutLine: {'line': b'-- Up-to-date symlink: /home/carlos/ros2_ws/install/px4_msgs/include/px4_msgs/px4_msgs/msg/detail/rtl_time_estimate__rosidl_typesupport_introspection_c.h\n'}
[2.787491] (px4_msgs) StdoutLine: {'line': b'-- Up-to-date symlink: /home/carlos/ros2_ws/install/px4_msgs/include/px4_msgs/px4_msgs/msg/detail/satellite_info__rosidl_typesupport_introspection_c.h\n'}
[2.787573] (px4_msgs) StdoutLine: {'line': b'-- Up-to-date symlink: /home/carlos/ros2_ws/install/px4_msgs/include/px4_msgs/px4_msgs/msg/detail/sensor_accel__rosidl_typesupport_introspection_c.h\n'}
[2.787656] (px4_msgs) StdoutLine: {'line': b'-- Up-to-date symlink: /home/carlos/ros2_ws/install/px4_msgs/include/px4_msgs/px4_msgs/msg/detail/sensor_accel_fifo__rosidl_typesupport_introspection_c.h\n'}
[2.787741] (px4_msgs) StdoutLine: {'line': b'-- Up-to-date symlink: /home/carlos/ros2_ws/install/px4_msgs/include/px4_msgs/px4_msgs/msg/detail/sensor_airflow__rosidl_typesupport_introspection_c.h\n'}
[2.787833] (px4_msgs) StdoutLine: {'line': b'-- Up-to-date symlink: /home/carlos/ros2_ws/install/px4_msgs/include/px4_msgs/px4_msgs/msg/detail/sensor_baro__rosidl_typesupport_introspection_c.h\n'}
[2.787925] (px4_msgs) StdoutLine: {'line': b'-- Up-to-date symlink: /home/carlos/ros2_ws/install/px4_msgs/include/px4_msgs/px4_msgs/msg/detail/sensor_combined__rosidl_typesupport_introspection_c.h\n'}
[2.788017] (px4_msgs) StdoutLine: {'line': b'-- Up-to-date symlink: /home/carlos/ros2_ws/install/px4_msgs/include/px4_msgs/px4_msgs/msg/detail/sensor_correction__rosidl_typesupport_introspection_c.h\n'}
[2.788110] (px4_msgs) StdoutLine: {'line': b'-- Up-to-date symlink: /home/carlos/ros2_ws/install/px4_msgs/include/px4_msgs/px4_msgs/msg/detail/sensor_gnss_relative__rosidl_typesupport_introspection_c.h\n'}
[2.788193] (px4_msgs) StdoutLine: {'line': b'-- Up-to-date symlink: /home/carlos/ros2_ws/install/px4_msgs/include/px4_msgs/px4_msgs/msg/detail/sensor_gnss_status__rosidl_typesupport_introspection_c.h\n'}
[2.788275] (px4_msgs) StdoutLine: {'line': b'-- Up-to-date symlink: /home/carlos/ros2_ws/install/px4_msgs/include/px4_msgs/px4_msgs/msg/detail/sensor_gps__rosidl_typesupport_introspection_c.h\n'}
[2.788358] (px4_msgs) StdoutLine: {'line': b'-- Up-to-date symlink: /home/carlos/ros2_ws/install/px4_msgs/include/px4_msgs/px4_msgs/msg/detail/sensor_gyro__rosidl_typesupport_introspection_c.h\n'}
[2.788445] (px4_msgs) StdoutLine: {'line': b'-- Up-to-date symlink: /home/carlos/ros2_ws/install/px4_msgs/include/px4_msgs/px4_msgs/msg/detail/sensor_gyro_fft__rosidl_typesupport_introspection_c.h\n'}
[2.788522] (px4_msgs) StdoutLine: {'line': b'-- Up-to-date symlink: /home/carlos/ros2_ws/install/px4_msgs/include/px4_msgs/px4_msgs/msg/detail/sensor_gyro_fifo__rosidl_typesupport_introspection_c.h\n'}
[2.788605] (px4_msgs) StdoutLine: {'line': b'-- Up-to-date symlink: /home/carlos/ros2_ws/install/px4_msgs/include/px4_msgs/px4_msgs/msg/detail/sensor_hygrometer__rosidl_typesupport_introspection_c.h\n'}
[2.788687] (px4_msgs) StdoutLine: {'line': b'-- Up-to-date symlink: /home/carlos/ros2_ws/install/px4_msgs/include/px4_msgs/px4_msgs/msg/detail/sensor_mag__rosidl_typesupport_introspection_c.h\n'}
[2.788769] (px4_msgs) StdoutLine: {'line': b'-- Up-to-date symlink: /home/carlos/ros2_ws/install/px4_msgs/include/px4_msgs/px4_msgs/msg/detail/sensor_optical_flow__rosidl_typesupport_introspection_c.h\n'}
[2.788852] (px4_msgs) StdoutLine: {'line': b'-- Up-to-date symlink: /home/carlos/ros2_ws/install/px4_msgs/include/px4_msgs/px4_msgs/msg/detail/sensor_preflight_mag__rosidl_typesupport_introspection_c.h\n'}
[2.788934] (px4_msgs) StdoutLine: {'line': b'-- Up-to-date symlink: /home/carlos/ros2_ws/install/px4_msgs/include/px4_msgs/px4_msgs/msg/detail/sensor_selection__rosidl_typesupport_introspection_c.h\n'}
[2.789016] (px4_msgs) StdoutLine: {'line': b'-- Up-to-date symlink: /home/carlos/ros2_ws/install/px4_msgs/include/px4_msgs/px4_msgs/msg/detail/sensor_uwb__rosidl_typesupport_introspection_c.h\n'}
[2.789105] (px4_msgs) StdoutLine: {'line': b'-- Up-to-date symlink: /home/carlos/ros2_ws/install/px4_msgs/include/px4_msgs/px4_msgs/msg/detail/sensors_status__rosidl_typesupport_introspection_c.h\n'}
[2.789188] (px4_msgs) StdoutLine: {'line': b'-- Up-to-date symlink: /home/carlos/ros2_ws/install/px4_msgs/include/px4_msgs/px4_msgs/msg/detail/sensors_status_imu__rosidl_typesupport_introspection_c.h\n'}
[2.789271] (px4_msgs) StdoutLine: {'line': b'-- Up-to-date symlink: /home/carlos/ros2_ws/install/px4_msgs/include/px4_msgs/px4_msgs/msg/detail/system_power__rosidl_typesupport_introspection_c.h\n'}
[2.789353] (px4_msgs) StdoutLine: {'line': b'-- Up-to-date symlink: /home/carlos/ros2_ws/install/px4_msgs/include/px4_msgs/px4_msgs/msg/detail/takeoff_status__rosidl_typesupport_introspection_c.h\n'}
[2.789435] (px4_msgs) StdoutLine: {'line': b'-- Up-to-date symlink: /home/carlos/ros2_ws/install/px4_msgs/include/px4_msgs/px4_msgs/msg/detail/task_stack_info__rosidl_typesupport_introspection_c.h\n'}
[2.789518] (px4_msgs) StdoutLine: {'line': b'-- Up-to-date symlink: /home/carlos/ros2_ws/install/px4_msgs/include/px4_msgs/px4_msgs/msg/detail/tecs_status__rosidl_typesupport_introspection_c.h\n'}
[2.789601] (px4_msgs) StdoutLine: {'line': b'-- Up-to-date symlink: /home/carlos/ros2_ws/install/px4_msgs/include/px4_msgs/px4_msgs/msg/detail/telemetry_status__rosidl_typesupport_introspection_c.h\n'}
[2.789684] (px4_msgs) StdoutLine: {'line': b'-- Up-to-date symlink: /home/carlos/ros2_ws/install/px4_msgs/include/px4_msgs/px4_msgs/msg/detail/tiltrotor_extra_controls__rosidl_typesupport_introspection_c.h\n'}
[2.789772] (px4_msgs) StdoutLine: {'line': b'-- Up-to-date symlink: /home/carlos/ros2_ws/install/px4_msgs/include/px4_msgs/px4_msgs/msg/detail/timesync_status__rosidl_typesupport_introspection_c.h\n'}
[2.789855] (px4_msgs) StdoutLine: {'line': b'-- Up-to-date symlink: /home/carlos/ros2_ws/install/px4_msgs/include/px4_msgs/px4_msgs/msg/detail/trajectory_setpoint6dof__rosidl_typesupport_introspection_c.h\n'}
[2.789937] (px4_msgs) StdoutLine: {'line': b'-- Up-to-date symlink: /home/carlos/ros2_ws/install/px4_msgs/include/px4_msgs/px4_msgs/msg/detail/trajectory_setpoint__rosidl_typesupport_introspection_c.h\n'}
[2.790020] (px4_msgs) StdoutLine: {'line': b'-- Up-to-date symlink: /home/carlos/ros2_ws/install/px4_msgs/include/px4_msgs/px4_msgs/msg/detail/transponder_report__rosidl_typesupport_introspection_c.h\n'}
[2.790110] (px4_msgs) StdoutLine: {'line': b'-- Up-to-date symlink: /home/carlos/ros2_ws/install/px4_msgs/include/px4_msgs/px4_msgs/msg/detail/tune_control__rosidl_typesupport_introspection_c.h\n'}
[2.790194] (px4_msgs) StdoutLine: {'line': b'-- Up-to-date symlink: /home/carlos/ros2_ws/install/px4_msgs/include/px4_msgs/px4_msgs/msg/detail/uavcan_parameter_request__rosidl_typesupport_introspection_c.h\n'}
[2.790277] (px4_msgs) StdoutLine: {'line': b'-- Up-to-date symlink: /home/carlos/ros2_ws/install/px4_msgs/include/px4_msgs/px4_msgs/msg/detail/uavcan_parameter_value__rosidl_typesupport_introspection_c.h\n'}
[2.790359] (px4_msgs) StdoutLine: {'line': b'-- Up-to-date symlink: /home/carlos/ros2_ws/install/px4_msgs/include/px4_msgs/px4_msgs/msg/detail/ulog_stream__rosidl_typesupport_introspection_c.h\n'}
[2.790441] (px4_msgs) StdoutLine: {'line': b'-- Up-to-date symlink: /home/carlos/ros2_ws/install/px4_msgs/include/px4_msgs/px4_msgs/msg/detail/ulog_stream_ack__rosidl_typesupport_introspection_c.h\n'}
[2.790524] (px4_msgs) StdoutLine: {'line': b'-- Up-to-date symlink: /home/carlos/ros2_ws/install/px4_msgs/include/px4_msgs/px4_msgs/msg/detail/unregister_ext_component__rosidl_typesupport_introspection_c.h\n'}
[2.790606] (px4_msgs) StdoutLine: {'line': b'-- Up-to-date symlink: /home/carlos/ros2_ws/install/px4_msgs/include/px4_msgs/px4_msgs/msg/detail/vehicle_acceleration__rosidl_typesupport_introspection_c.h\n'}
[2.790688] (px4_msgs) StdoutLine: {'line': b'-- Up-to-date symlink: /home/carlos/ros2_ws/install/px4_msgs/include/px4_msgs/px4_msgs/msg/detail/vehicle_air_data__rosidl_typesupport_introspection_c.h\n'}
[2.790771] (px4_msgs) StdoutLine: {'line': b'-- Up-to-date symlink: /home/carlos/ros2_ws/install/px4_msgs/include/px4_msgs/px4_msgs/msg/detail/vehicle_angular_acceleration_setpoint__rosidl_typesupport_introspection_c.h\n'}
[2.790853] (px4_msgs) StdoutLine: {'line': b'-- Up-to-date symlink: /home/carlos/ros2_ws/install/px4_msgs/include/px4_msgs/px4_msgs/msg/detail/vehicle_angular_velocity__rosidl_typesupport_introspection_c.h\n'}
[2.790932] (px4_msgs) StdoutLine: {'line': b'-- Up-to-date symlink: /home/carlos/ros2_ws/install/px4_msgs/include/px4_msgs/px4_msgs/msg/detail/vehicle_attitude__rosidl_typesupport_introspection_c.h\n'}
[2.791017] (px4_msgs) StdoutLine: {'line': b'-- Up-to-date symlink: /home/carlos/ros2_ws/install/px4_msgs/include/px4_msgs/px4_msgs/msg/detail/vehicle_attitude_setpoint__rosidl_typesupport_introspection_c.h\n'}
[2.791107] (px4_msgs) StdoutLine: {'line': b'-- Up-to-date symlink: /home/carlos/ros2_ws/install/px4_msgs/include/px4_msgs/px4_msgs/msg/detail/vehicle_command__rosidl_typesupport_introspection_c.h\n'}
[2.791189] (px4_msgs) StdoutLine: {'line': b'-- Up-to-date symlink: /home/carlos/ros2_ws/install/px4_msgs/include/px4_msgs/px4_msgs/msg/detail/vehicle_command_ack__rosidl_typesupport_introspection_c.h\n'}
[2.791279] (px4_msgs) StdoutLine: {'line': b'-- Up-to-date symlink: /home/carlos/ros2_ws/install/px4_msgs/include/px4_msgs/px4_msgs/msg/detail/vehicle_constraints__rosidl_typesupport_introspection_c.h\n'}
[2.791360] (px4_msgs) StdoutLine: {'line': b'-- Up-to-date symlink: /home/carlos/ros2_ws/install/px4_msgs/include/px4_msgs/px4_msgs/msg/detail/vehicle_control_mode__rosidl_typesupport_introspection_c.h\n'}
[2.791445] (px4_msgs) StdoutLine: {'line': b'-- Up-to-date symlink: /home/carlos/ros2_ws/install/px4_msgs/include/px4_msgs/px4_msgs/msg/detail/vehicle_global_position__rosidl_typesupport_introspection_c.h\n'}
[2.791531] (px4_msgs) StdoutLine: {'line': b'-- Up-to-date symlink: /home/carlos/ros2_ws/install/px4_msgs/include/px4_msgs/px4_msgs/msg/detail/vehicle_imu__rosidl_typesupport_introspection_c.h\n'}
[2.791613] (px4_msgs) StdoutLine: {'line': b'-- Up-to-date symlink: /home/carlos/ros2_ws/install/px4_msgs/include/px4_msgs/px4_msgs/msg/detail/vehicle_imu_status__rosidl_typesupport_introspection_c.h\n'}
[2.791695] (px4_msgs) StdoutLine: {'line': b'-- Up-to-date symlink: /home/carlos/ros2_ws/install/px4_msgs/include/px4_msgs/px4_msgs/msg/detail/vehicle_land_detected__rosidl_typesupport_introspection_c.h\n'}
[2.791777] (px4_msgs) StdoutLine: {'line': b'-- Up-to-date symlink: /home/carlos/ros2_ws/install/px4_msgs/include/px4_msgs/px4_msgs/msg/detail/vehicle_local_position__rosidl_typesupport_introspection_c.h\n'}
[2.791860] (px4_msgs) StdoutLine: {'line': b'-- Up-to-date symlink: /home/carlos/ros2_ws/install/px4_msgs/include/px4_msgs/px4_msgs/msg/detail/vehicle_local_position_setpoint__rosidl_typesupport_introspection_c.h\n'}
[2.791943] (px4_msgs) StdoutLine: {'line': b'-- Up-to-date symlink: /home/carlos/ros2_ws/install/px4_msgs/include/px4_msgs/px4_msgs/msg/detail/vehicle_magnetometer__rosidl_typesupport_introspection_c.h\n'}
[2.792025] (px4_msgs) StdoutLine: {'line': b'-- Up-to-date symlink: /home/carlos/ros2_ws/install/px4_msgs/include/px4_msgs/px4_msgs/msg/detail/vehicle_odometry__rosidl_typesupport_introspection_c.h\n'}
[2.792118] (px4_msgs) StdoutLine: {'line': b'-- Up-to-date symlink: /home/carlos/ros2_ws/install/px4_msgs/include/px4_msgs/px4_msgs/msg/detail/vehicle_optical_flow__rosidl_typesupport_introspection_c.h\n'}
[2.792200] (px4_msgs) StdoutLine: {'line': b'-- Up-to-date symlink: /home/carlos/ros2_ws/install/px4_msgs/include/px4_msgs/px4_msgs/msg/detail/vehicle_optical_flow_vel__rosidl_typesupport_introspection_c.h\n'}
[2.792283] (px4_msgs) StdoutLine: {'line': b'-- Up-to-date symlink: /home/carlos/ros2_ws/install/px4_msgs/include/px4_msgs/px4_msgs/msg/detail/vehicle_rates_setpoint__rosidl_typesupport_introspection_c.h\n'}
[2.792366] (px4_msgs) StdoutLine: {'line': b'-- Up-to-date symlink: /home/carlos/ros2_ws/install/px4_msgs/include/px4_msgs/px4_msgs/msg/detail/vehicle_roi__rosidl_typesupport_introspection_c.h\n'}
[2.792448] (px4_msgs) StdoutLine: {'line': b'-- Up-to-date symlink: /home/carlos/ros2_ws/install/px4_msgs/include/px4_msgs/px4_msgs/msg/detail/vehicle_status__rosidl_typesupport_introspection_c.h\n'}
[2.792531] (px4_msgs) StdoutLine: {'line': b'-- Up-to-date symlink: /home/carlos/ros2_ws/install/px4_msgs/include/px4_msgs/px4_msgs/msg/detail/vehicle_thrust_setpoint__rosidl_typesupport_introspection_c.h\n'}
[2.792614] (px4_msgs) StdoutLine: {'line': b'-- Up-to-date symlink: /home/carlos/ros2_ws/install/px4_msgs/include/px4_msgs/px4_msgs/msg/detail/vehicle_torque_setpoint__rosidl_typesupport_introspection_c.h\n'}
[2.792696] (px4_msgs) StdoutLine: {'line': b'-- Up-to-date symlink: /home/carlos/ros2_ws/install/px4_msgs/include/px4_msgs/px4_msgs/msg/detail/velocity_limits__rosidl_typesupport_introspection_c.h\n'}
[2.792779] (px4_msgs) StdoutLine: {'line': b'-- Up-to-date symlink: /home/carlos/ros2_ws/install/px4_msgs/include/px4_msgs/px4_msgs/msg/detail/vtol_vehicle_status__rosidl_typesupport_introspection_c.h\n'}
[2.792862] (px4_msgs) StdoutLine: {'line': b'-- Up-to-date symlink: /home/carlos/ros2_ws/install/px4_msgs/include/px4_msgs/px4_msgs/msg/detail/wheel_encoders__rosidl_typesupport_introspection_c.h\n'}
[2.792945] (px4_msgs) StdoutLine: {'line': b'-- Up-to-date symlink: /home/carlos/ros2_ws/install/px4_msgs/include/px4_msgs/px4_msgs/msg/detail/wind__rosidl_typesupport_introspection_c.h\n'}
[2.793028] (px4_msgs) StdoutLine: {'line': b'-- Up-to-date symlink: /home/carlos/ros2_ws/install/px4_msgs/include/px4_msgs/px4_msgs/msg/detail/yaw_estimator_status__rosidl_typesupport_introspection_c.h\n'}
[2.793113] (px4_msgs) StdoutLine: {'line': b'-- Up-to-date symlink: /home/carlos/ros2_ws/install/px4_msgs/include/px4_msgs/px4_msgs/msg/rosidl_typesupport_introspection_c__visibility_control.h\n'}
[2.793197] (px4_msgs) StdoutLine: {'line': b'-- Up-to-date symlink: /home/carlos/ros2_ws/install/px4_msgs/include/px4_msgs/px4_msgs/srv/detail/vehicle_command__rosidl_typesupport_introspection_c.h\n'}
[2.796179] (px4_msgs) StdoutLine: {'line': b'-- Up-to-date symlink: /home/carlos/ros2_ws/install/px4_msgs/include/px4_msgs/px4_msgs/msg/detail/action_request__rosidl_typesupport_introspection_cpp.hpp\n'}
[2.796403] (px4_msgs) StdoutLine: {'line': b'-- Up-to-date symlink: /home/carlos/ros2_ws/install/px4_msgs/include/px4_msgs/px4_msgs/msg/detail/actuator_armed__rosidl_typesupport_introspection_cpp.hpp\n'}
[2.796534] (px4_msgs) StdoutLine: {'line': b'-- Up-to-date symlink: /home/carlos/ros2_ws/install/px4_msgs/include/px4_msgs/px4_msgs/msg/detail/actuator_controls_status__rosidl_typesupport_introspection_cpp.hpp\n'}
[2.796648] (px4_msgs) StdoutLine: {'line': b'-- Up-to-date symlink: /home/carlos/ros2_ws/install/px4_msgs/include/px4_msgs/px4_msgs/msg/detail/actuator_motors__rosidl_typesupport_introspection_cpp.hpp\n'}
[2.796798] (px4_msgs) StdoutLine: {'line': b'-- Up-to-date symlink: /home/carlos/ros2_ws/install/px4_msgs/include/px4_msgs/px4_msgs/msg/detail/actuator_outputs__rosidl_typesupport_introspection_cpp.hpp\n'}
[2.796924] (px4_msgs) StdoutLine: {'line': b'-- Up-to-date symlink: /home/carlos/ros2_ws/install/px4_msgs/include/px4_msgs/px4_msgs/msg/detail/actuator_servos__rosidl_typesupport_introspection_cpp.hpp\n'}
[2.796983] (px4_msgs) StdoutLine: {'line': b'-- Up-to-date symlink: /home/carlos/ros2_ws/install/px4_msgs/include/px4_msgs/px4_msgs/msg/detail/actuator_servos_trim__rosidl_typesupport_introspection_cpp.hpp\n'}
[2.797036] (px4_msgs) StdoutLine: {'line': b'-- Up-to-date symlink: /home/carlos/ros2_ws/install/px4_msgs/include/px4_msgs/px4_msgs/msg/detail/actuator_test__rosidl_typesupport_introspection_cpp.hpp\n'}
[2.797103] (px4_msgs) StdoutLine: {'line': b'-- Up-to-date symlink: /home/carlos/ros2_ws/install/px4_msgs/include/px4_msgs/px4_msgs/msg/detail/adc_report__rosidl_typesupport_introspection_cpp.hpp\n'}
[2.797174] (px4_msgs) StdoutLine: {'line': b'-- Up-to-date symlink: /home/carlos/ros2_ws/install/px4_msgs/include/px4_msgs/px4_msgs/msg/detail/airspeed__rosidl_typesupport_introspection_cpp.hpp\n'}
[2.797220] (px4_msgs) StdoutLine: {'line': b'-- Up-to-date symlink: /home/carlos/ros2_ws/install/px4_msgs/include/px4_msgs/px4_msgs/msg/detail/airspeed_validated__rosidl_typesupport_introspection_cpp.hpp\n'}
[2.797273] (px4_msgs) StdoutLine: {'line': b'-- Up-to-date symlink: /home/carlos/ros2_ws/install/px4_msgs/include/px4_msgs/px4_msgs/msg/detail/airspeed_wind__rosidl_typesupport_introspection_cpp.hpp\n'}
[2.797339] (px4_msgs) StdoutLine: {'line': b'-- Up-to-date symlink: /home/carlos/ros2_ws/install/px4_msgs/include/px4_msgs/px4_msgs/msg/detail/arming_check_reply__rosidl_typesupport_introspection_cpp.hpp\n'}
[2.797385] (px4_msgs) StdoutLine: {'line': b'-- Up-to-date symlink: /home/carlos/ros2_ws/install/px4_msgs/include/px4_msgs/px4_msgs/msg/detail/arming_check_request__rosidl_typesupport_introspection_cpp.hpp\n'}
[2.797438] (px4_msgs) StdoutLine: {'line': b'-- Up-to-date symlink: /home/carlos/ros2_ws/install/px4_msgs/include/px4_msgs/px4_msgs/msg/detail/autotune_attitude_control_status__rosidl_typesupport_introspection_cpp.hpp\n'}
[2.797519] (px4_msgs) StdoutLine: {'line': b'-- Up-to-date symlink: /home/carlos/ros2_ws/install/px4_msgs/include/px4_msgs/px4_msgs/msg/detail/battery_info__rosidl_typesupport_introspection_cpp.hpp\n'}
[2.797576] (px4_msgs) StdoutLine: {'line': b'-- Up-to-date symlink: /home/carlos/ros2_ws/install/px4_msgs/include/px4_msgs/px4_msgs/msg/detail/battery_status__rosidl_typesupport_introspection_cpp.hpp\n'}
[2.797647] (px4_msgs) StdoutLine: {'line': b'-- Up-to-date symlink: /home/carlos/ros2_ws/install/px4_msgs/include/px4_msgs/px4_msgs/msg/detail/button_event__rosidl_typesupport_introspection_cpp.hpp\n'}
[2.797694] (px4_msgs) StdoutLine: {'line': b'-- Up-to-date symlink: /home/carlos/ros2_ws/install/px4_msgs/include/px4_msgs/px4_msgs/msg/detail/camera_capture__rosidl_typesupport_introspection_cpp.hpp\n'}
[2.797747] (px4_msgs) StdoutLine: {'line': b'-- Up-to-date symlink: /home/carlos/ros2_ws/install/px4_msgs/include/px4_msgs/px4_msgs/msg/detail/camera_status__rosidl_typesupport_introspection_cpp.hpp\n'}
[2.797811] (px4_msgs) StdoutLine: {'line': b'-- Up-to-date symlink: /home/carlos/ros2_ws/install/px4_msgs/include/px4_msgs/px4_msgs/msg/detail/camera_trigger__rosidl_typesupport_introspection_cpp.hpp\n'}
[2.797881] (px4_msgs) StdoutLine: {'line': b'-- Up-to-date symlink: /home/carlos/ros2_ws/install/px4_msgs/include/px4_msgs/px4_msgs/msg/detail/can_interface_status__rosidl_typesupport_introspection_cpp.hpp\n'}
[2.797964] (px4_msgs) StdoutLine: {'line': b'-- Up-to-date symlink: /home/carlos/ros2_ws/install/px4_msgs/include/px4_msgs/px4_msgs/msg/detail/cellular_status__rosidl_typesupport_introspection_cpp.hpp\n'}
[2.798056] (px4_msgs) StdoutLine: {'line': b'-- Up-to-date symlink: /home/carlos/ros2_ws/install/px4_msgs/include/px4_msgs/px4_msgs/msg/detail/collision_constraints__rosidl_typesupport_introspection_cpp.hpp\n'}
[2.798134] (px4_msgs) StdoutLine: {'line': b'-- Up-to-date symlink: /home/carlos/ros2_ws/install/px4_msgs/include/px4_msgs/px4_msgs/msg/detail/config_overrides__rosidl_typesupport_introspection_cpp.hpp\n'}
[2.798215] (px4_msgs) StdoutLine: {'line': b'-- Up-to-date symlink: /home/carlos/ros2_ws/install/px4_msgs/include/px4_msgs/px4_msgs/msg/detail/control_allocator_status__rosidl_typesupport_introspection_cpp.hpp\n'}
[2.798298] (px4_msgs) StdoutLine: {'line': b'-- Up-to-date symlink: /home/carlos/ros2_ws/install/px4_msgs/include/px4_msgs/px4_msgs/msg/detail/cpuload__rosidl_typesupport_introspection_cpp.hpp\n'}
[2.798381] (px4_msgs) StdoutLine: {'line': b'-- Up-to-date symlink: /home/carlos/ros2_ws/install/px4_msgs/include/px4_msgs/px4_msgs/msg/detail/dataman_request__rosidl_typesupport_introspection_cpp.hpp\n'}
[2.798464] (px4_msgs) StdoutLine: {'line': b'-- Up-to-date symlink: /home/carlos/ros2_ws/install/px4_msgs/include/px4_msgs/px4_msgs/msg/detail/dataman_response__rosidl_typesupport_introspection_cpp.hpp\n'}
[2.798547] (px4_msgs) StdoutLine: {'line': b'-- Up-to-date symlink: /home/carlos/ros2_ws/install/px4_msgs/include/px4_msgs/px4_msgs/msg/detail/debug_array__rosidl_typesupport_introspection_cpp.hpp\n'}
[2.798630] (px4_msgs) StdoutLine: {'line': b'-- Up-to-date symlink: /home/carlos/ros2_ws/install/px4_msgs/include/px4_msgs/px4_msgs/msg/detail/debug_key_value__rosidl_typesupport_introspection_cpp.hpp\n'}
[2.798712] (px4_msgs) StdoutLine: {'line': b'-- Up-to-date symlink: /home/carlos/ros2_ws/install/px4_msgs/include/px4_msgs/px4_msgs/msg/detail/debug_value__rosidl_typesupport_introspection_cpp.hpp\n'}
[2.798795] (px4_msgs) StdoutLine: {'line': b'-- Up-to-date symlink: /home/carlos/ros2_ws/install/px4_msgs/include/px4_msgs/px4_msgs/msg/detail/debug_vect__rosidl_typesupport_introspection_cpp.hpp\n'}
[2.798878] (px4_msgs) StdoutLine: {'line': b'-- Up-to-date symlink: /home/carlos/ros2_ws/install/px4_msgs/include/px4_msgs/px4_msgs/msg/detail/differential_pressure__rosidl_typesupport_introspection_cpp.hpp\n'}
[2.798966] (px4_msgs) StdoutLine: {'line': b'-- Up-to-date symlink: /home/carlos/ros2_ws/install/px4_msgs/include/px4_msgs/px4_msgs/msg/detail/distance_sensor__rosidl_typesupport_introspection_cpp.hpp\n'}
[2.799057] (px4_msgs) StdoutLine: {'line': b'-- Up-to-date symlink: /home/carlos/ros2_ws/install/px4_msgs/include/px4_msgs/px4_msgs/msg/detail/distance_sensor_mode_change_request__rosidl_typesupport_introspection_cpp.hpp\n'}
[2.799142] (px4_msgs) StdoutLine: {'line': b'-- Up-to-date symlink: /home/carlos/ros2_ws/install/px4_msgs/include/px4_msgs/px4_msgs/msg/detail/dronecan_node_status__rosidl_typesupport_introspection_cpp.hpp\n'}
[2.799225] (px4_msgs) StdoutLine: {'line': b'-- Up-to-date symlink: /home/carlos/ros2_ws/install/px4_msgs/include/px4_msgs/px4_msgs/msg/detail/ekf2_timestamps__rosidl_typesupport_introspection_cpp.hpp\n'}
[2.799307] (px4_msgs) StdoutLine: {'line': b'-- Up-to-date symlink: /home/carlos/ros2_ws/install/px4_msgs/include/px4_msgs/px4_msgs/msg/detail/esc_report__rosidl_typesupport_introspection_cpp.hpp\n'}
[2.799391] (px4_msgs) StdoutLine: {'line': b'-- Up-to-date symlink: /home/carlos/ros2_ws/install/px4_msgs/include/px4_msgs/px4_msgs/msg/detail/esc_status__rosidl_typesupport_introspection_cpp.hpp\n'}
[2.799474] (px4_msgs) StdoutLine: {'line': b'-- Up-to-date symlink: /home/carlos/ros2_ws/install/px4_msgs/include/px4_msgs/px4_msgs/msg/detail/estimator_aid_source1d__rosidl_typesupport_introspection_cpp.hpp\n'}
[2.799557] (px4_msgs) StdoutLine: {'line': b'-- Up-to-date symlink: /home/carlos/ros2_ws/install/px4_msgs/include/px4_msgs/px4_msgs/msg/detail/estimator_aid_source2d__rosidl_typesupport_introspection_cpp.hpp\n'}
[2.799640] (px4_msgs) StdoutLine: {'line': b'-- Up-to-date symlink: /home/carlos/ros2_ws/install/px4_msgs/include/px4_msgs/px4_msgs/msg/detail/estimator_aid_source3d__rosidl_typesupport_introspection_cpp.hpp\n'}
[2.799723] (px4_msgs) StdoutLine: {'line': b'-- Up-to-date symlink: /home/carlos/ros2_ws/install/px4_msgs/include/px4_msgs/px4_msgs/msg/detail/estimator_bias3d__rosidl_typesupport_introspection_cpp.hpp\n'}
[2.799806] (px4_msgs) StdoutLine: {'line': b'-- Up-to-date symlink: /home/carlos/ros2_ws/install/px4_msgs/include/px4_msgs/px4_msgs/msg/detail/estimator_bias__rosidl_typesupport_introspection_cpp.hpp\n'}
[2.799889] (px4_msgs) StdoutLine: {'line': b'-- Up-to-date symlink: /home/carlos/ros2_ws/install/px4_msgs/include/px4_msgs/px4_msgs/msg/detail/estimator_event_flags__rosidl_typesupport_introspection_cpp.hpp\n'}
[2.799972] (px4_msgs) StdoutLine: {'line': b'-- Up-to-date symlink: /home/carlos/ros2_ws/install/px4_msgs/include/px4_msgs/px4_msgs/msg/detail/estimator_gps_status__rosidl_typesupport_introspection_cpp.hpp\n'}
[2.800086] (px4_msgs) StdoutLine: {'line': b'-- Up-to-date symlink: /home/carlos/ros2_ws/install/px4_msgs/include/px4_msgs/px4_msgs/msg/detail/estimator_innovations__rosidl_typesupport_introspection_cpp.hpp\n'}
[2.800244] (px4_msgs) StdoutLine: {'line': b'-- Up-to-date symlink: /home/carlos/ros2_ws/install/px4_msgs/include/px4_msgs/px4_msgs/msg/detail/estimator_selector_status__rosidl_typesupport_introspection_cpp.hpp\n'}
[2.800338] (px4_msgs) StdoutLine: {'line': b'-- Up-to-date symlink: /home/carlos/ros2_ws/install/px4_msgs/include/px4_msgs/px4_msgs/msg/detail/estimator_sensor_bias__rosidl_typesupport_introspection_cpp.hpp\n'}
[2.800426] (px4_msgs) StdoutLine: {'line': b'-- Up-to-date symlink: /home/carlos/ros2_ws/install/px4_msgs/include/px4_msgs/px4_msgs/msg/detail/estimator_states__rosidl_typesupport_introspection_cpp.hpp\n'}
[2.800508] (px4_msgs) StdoutLine: {'line': b'-- Up-to-date symlink: /home/carlos/ros2_ws/install/px4_msgs/include/px4_msgs/px4_msgs/msg/detail/estimator_status__rosidl_typesupport_introspection_cpp.hpp\n'}
[2.800625] (px4_msgs) StdoutLine: {'line': b'-- Up-to-date symlink: /home/carlos/ros2_ws/install/px4_msgs/include/px4_msgs/px4_msgs/msg/detail/estimator_status_flags__rosidl_typesupport_introspection_cpp.hpp\n'}
[2.800722] (px4_msgs) StdoutLine: {'line': b'-- Up-to-date symlink: /home/carlos/ros2_ws/install/px4_msgs/include/px4_msgs/px4_msgs/msg/detail/event__rosidl_typesupport_introspection_cpp.hpp\n'}
[2.800857] (px4_msgs) StdoutLine: {'line': b'-- Up-to-date symlink: /home/carlos/ros2_ws/install/px4_msgs/include/px4_msgs/px4_msgs/msg/detail/failsafe_flags__rosidl_typesupport_introspection_cpp.hpp\n'}
[2.800949] (px4_msgs) StdoutLine: {'line': b'-- Up-to-date symlink: /home/carlos/ros2_ws/install/px4_msgs/include/px4_msgs/px4_msgs/msg/detail/failure_detector_status__rosidl_typesupport_introspection_cpp.hpp\n'}
[2.801052] (px4_msgs) StdoutLine: {'line': b'-- Up-to-date symlink: /home/carlos/ros2_ws/install/px4_msgs/include/px4_msgs/px4_msgs/msg/detail/figure_eight_status__rosidl_typesupport_introspection_cpp.hpp\n'}
[2.801197] (px4_msgs) StdoutLine: {'line': b'-- Up-to-date symlink: /home/carlos/ros2_ws/install/px4_msgs/include/px4_msgs/px4_msgs/msg/detail/fixed_wing_lateral_guidance_status__rosidl_typesupport_introspection_cpp.hpp\n'}
[2.801297] (px4_msgs) StdoutLine: {'line': b'-- Up-to-date symlink: /home/carlos/ros2_ws/install/px4_msgs/include/px4_msgs/px4_msgs/msg/detail/fixed_wing_lateral_setpoint__rosidl_typesupport_introspection_cpp.hpp\n'}
[2.801396] (px4_msgs) StdoutLine: {'line': b'-- Up-to-date symlink: /home/carlos/ros2_ws/install/px4_msgs/include/px4_msgs/px4_msgs/msg/detail/fixed_wing_lateral_status__rosidl_typesupport_introspection_cpp.hpp\n'}
[2.801537] (px4_msgs) StdoutLine: {'line': b'-- Up-to-date symlink: /home/carlos/ros2_ws/install/px4_msgs/include/px4_msgs/px4_msgs/msg/detail/fixed_wing_longitudinal_setpoint__rosidl_typesupport_introspection_cpp.hpp\n'}
[2.801637] (px4_msgs) StdoutLine: {'line': b'-- Up-to-date symlink: /home/carlos/ros2_ws/install/px4_msgs/include/px4_msgs/px4_msgs/msg/detail/fixed_wing_runway_control__rosidl_typesupport_introspection_cpp.hpp\n'}
[2.801710] (px4_msgs) StdoutLine: {'line': b'-- Up-to-date symlink: /home/carlos/ros2_ws/install/px4_msgs/include/px4_msgs/px4_msgs/msg/detail/flight_phase_estimation__rosidl_typesupport_introspection_cpp.hpp\n'}
[2.801760] (px4_msgs) StdoutLine: {'line': b'-- Up-to-date symlink: /home/carlos/ros2_ws/install/px4_msgs/include/px4_msgs/px4_msgs/msg/detail/follow_target__rosidl_typesupport_introspection_cpp.hpp\n'}
[2.801803] (px4_msgs) StdoutLine: {'line': b'-- Up-to-date symlink: /home/carlos/ros2_ws/install/px4_msgs/include/px4_msgs/px4_msgs/msg/detail/follow_target_estimator__rosidl_typesupport_introspection_cpp.hpp\n'}
[2.801865] (px4_msgs) StdoutLine: {'line': b'-- Up-to-date symlink: /home/carlos/ros2_ws/install/px4_msgs/include/px4_msgs/px4_msgs/msg/detail/follow_target_status__rosidl_typesupport_introspection_cpp.hpp\n'}
[2.801911] (px4_msgs) StdoutLine: {'line': b'-- Up-to-date symlink: /home/carlos/ros2_ws/install/px4_msgs/include/px4_msgs/px4_msgs/msg/detail/fuel_tank_status__rosidl_typesupport_introspection_cpp.hpp\n'}
[2.801974] (px4_msgs) StdoutLine: {'line': b'-- Up-to-date symlink: /home/carlos/ros2_ws/install/px4_msgs/include/px4_msgs/px4_msgs/msg/detail/generator_status__rosidl_typesupport_introspection_cpp.hpp\n'}
[2.802018] (px4_msgs) StdoutLine: {'line': b'-- Up-to-date symlink: /home/carlos/ros2_ws/install/px4_msgs/include/px4_msgs/px4_msgs/msg/detail/geofence_result__rosidl_typesupport_introspection_cpp.hpp\n'}
[2.802066] (px4_msgs) StdoutLine: {'line': b'-- Up-to-date symlink: /home/carlos/ros2_ws/install/px4_msgs/include/px4_msgs/px4_msgs/msg/detail/geofence_status__rosidl_typesupport_introspection_cpp.hpp\n'}
[2.802136] (px4_msgs) StdoutLine: {'line': b'-- Up-to-date symlink: /home/carlos/ros2_ws/install/px4_msgs/include/px4_msgs/px4_msgs/msg/detail/gimbal_controls__rosidl_typesupport_introspection_cpp.hpp\n'}
[2.802183] (px4_msgs) StdoutLine: {'line': b'-- Up-to-date symlink: /home/carlos/ros2_ws/install/px4_msgs/include/px4_msgs/px4_msgs/msg/detail/gimbal_device_attitude_status__rosidl_typesupport_introspection_cpp.hpp\n'}
[2.802234] (px4_msgs) StdoutLine: {'line': b'-- Up-to-date symlink: /home/carlos/ros2_ws/install/px4_msgs/include/px4_msgs/px4_msgs/msg/detail/gimbal_device_information__rosidl_typesupport_introspection_cpp.hpp\n'}
[2.802293] (px4_msgs) StdoutLine: {'line': b'-- Up-to-date symlink: /home/carlos/ros2_ws/install/px4_msgs/include/px4_msgs/px4_msgs/msg/detail/gimbal_device_set_attitude__rosidl_typesupport_introspection_cpp.hpp\n'}
[2.802375] (px4_msgs) StdoutLine: {'line': b'-- Up-to-date symlink: /home/carlos/ros2_ws/install/px4_msgs/include/px4_msgs/px4_msgs/msg/detail/gimbal_manager_information__rosidl_typesupport_introspection_cpp.hpp\n'}
[2.802489] (px4_msgs) StdoutLine: {'line': b'-- Up-to-date symlink: /home/carlos/ros2_ws/install/px4_msgs/include/px4_msgs/px4_msgs/msg/detail/gimbal_manager_set_attitude__rosidl_typesupport_introspection_cpp.hpp\n'}
[2.802573] (px4_msgs) StdoutLine: {'line': b'-- Up-to-date symlink: /home/carlos/ros2_ws/install/px4_msgs/include/px4_msgs/px4_msgs/msg/detail/gimbal_manager_set_manual_control__rosidl_typesupport_introspection_cpp.hpp\n'}
[2.802658] (px4_msgs) StdoutLine: {'line': b'-- Up-to-date symlink: /home/carlos/ros2_ws/install/px4_msgs/include/px4_msgs/px4_msgs/msg/detail/gimbal_manager_status__rosidl_typesupport_introspection_cpp.hpp\n'}
[2.802742] (px4_msgs) StdoutLine: {'line': b'-- Up-to-date symlink: /home/carlos/ros2_ws/install/px4_msgs/include/px4_msgs/px4_msgs/msg/detail/goto_setpoint__rosidl_typesupport_introspection_cpp.hpp\n'}
[2.802826] (px4_msgs) StdoutLine: {'line': b'-- Up-to-date symlink: /home/carlos/ros2_ws/install/px4_msgs/include/px4_msgs/px4_msgs/msg/detail/gpio_config__rosidl_typesupport_introspection_cpp.hpp\n'}
[2.802911] (px4_msgs) StdoutLine: {'line': b'-- Up-to-date symlink: /home/carlos/ros2_ws/install/px4_msgs/include/px4_msgs/px4_msgs/msg/detail/gpio_in__rosidl_typesupport_introspection_cpp.hpp\n'}
[2.802994] (px4_msgs) StdoutLine: {'line': b'-- Up-to-date symlink: /home/carlos/ros2_ws/install/px4_msgs/include/px4_msgs/px4_msgs/msg/detail/gpio_out__rosidl_typesupport_introspection_cpp.hpp\n'}
[2.803083] (px4_msgs) StdoutLine: {'line': b'-- Up-to-date symlink: /home/carlos/ros2_ws/install/px4_msgs/include/px4_msgs/px4_msgs/msg/detail/gpio_request__rosidl_typesupport_introspection_cpp.hpp\n'}
[2.803173] (px4_msgs) StdoutLine: {'line': b'-- Up-to-date symlink: /home/carlos/ros2_ws/install/px4_msgs/include/px4_msgs/px4_msgs/msg/detail/gps_dump__rosidl_typesupport_introspection_cpp.hpp\n'}
[2.803233] (px4_msgs) StdoutLine: {'line': b'-- Up-to-date symlink: /home/carlos/ros2_ws/install/px4_msgs/include/px4_msgs/px4_msgs/msg/detail/gps_inject_data__rosidl_typesupport_introspection_cpp.hpp\n'}
[2.803314] (px4_msgs) StdoutLine: {'line': b'-- Up-to-date symlink: /home/carlos/ros2_ws/install/px4_msgs/include/px4_msgs/px4_msgs/msg/detail/gripper__rosidl_typesupport_introspection_cpp.hpp\n'}
[2.803395] (px4_msgs) StdoutLine: {'line': b'-- Up-to-date symlink: /home/carlos/ros2_ws/install/px4_msgs/include/px4_msgs/px4_msgs/msg/detail/health_report__rosidl_typesupport_introspection_cpp.hpp\n'}
[2.803476] (px4_msgs) StdoutLine: {'line': b'-- Up-to-date symlink: /home/carlos/ros2_ws/install/px4_msgs/include/px4_msgs/px4_msgs/msg/detail/heater_status__rosidl_typesupport_introspection_cpp.hpp\n'}
[2.803558] (px4_msgs) StdoutLine: {'line': b'-- Up-to-date symlink: /home/carlos/ros2_ws/install/px4_msgs/include/px4_msgs/px4_msgs/msg/detail/home_position__rosidl_typesupport_introspection_cpp.hpp\n'}
[2.803640] (px4_msgs) StdoutLine: {'line': b'-- Up-to-date symlink: /home/carlos/ros2_ws/install/px4_msgs/include/px4_msgs/px4_msgs/msg/detail/hover_thrust_estimate__rosidl_typesupport_introspection_cpp.hpp\n'}
[2.803723] (px4_msgs) StdoutLine: {'line': b'-- Up-to-date symlink: /home/carlos/ros2_ws/install/px4_msgs/include/px4_msgs/px4_msgs/msg/detail/input_rc__rosidl_typesupport_introspection_cpp.hpp\n'}
[2.803806] (px4_msgs) StdoutLine: {'line': b'-- Up-to-date symlink: /home/carlos/ros2_ws/install/px4_msgs/include/px4_msgs/px4_msgs/msg/detail/internal_combustion_engine_control__rosidl_typesupport_introspection_cpp.hpp\n'}
[2.803889] (px4_msgs) StdoutLine: {'line': b'-- Up-to-date symlink: /home/carlos/ros2_ws/install/px4_msgs/include/px4_msgs/px4_msgs/msg/detail/internal_combustion_engine_status__rosidl_typesupport_introspection_cpp.hpp\n'}
[2.803972] (px4_msgs) StdoutLine: {'line': b'-- Up-to-date symlink: /home/carlos/ros2_ws/install/px4_msgs/include/px4_msgs/px4_msgs/msg/detail/iridiumsbd_status__rosidl_typesupport_introspection_cpp.hpp\n'}
[2.804064] (px4_msgs) StdoutLine: {'line': b'-- Up-to-date symlink: /home/carlos/ros2_ws/install/px4_msgs/include/px4_msgs/px4_msgs/msg/detail/irlock_report__rosidl_typesupport_introspection_cpp.hpp\n'}
[2.804154] (px4_msgs) StdoutLine: {'line': b'-- Up-to-date symlink: /home/carlos/ros2_ws/install/px4_msgs/include/px4_msgs/px4_msgs/msg/detail/landing_gear__rosidl_typesupport_introspection_cpp.hpp\n'}
[2.804236] (px4_msgs) StdoutLine: {'line': b'-- Up-to-date symlink: /home/carlos/ros2_ws/install/px4_msgs/include/px4_msgs/px4_msgs/msg/detail/landing_gear_wheel__rosidl_typesupport_introspection_cpp.hpp\n'}
[2.804320] (px4_msgs) StdoutLine: {'line': b'-- Up-to-date symlink: /home/carlos/ros2_ws/install/px4_msgs/include/px4_msgs/px4_msgs/msg/detail/landing_target_innovations__rosidl_typesupport_introspection_cpp.hpp\n'}
[2.804403] (px4_msgs) StdoutLine: {'line': b'-- Up-to-date symlink: /home/carlos/ros2_ws/install/px4_msgs/include/px4_msgs/px4_msgs/msg/detail/landing_target_pose__rosidl_typesupport_introspection_cpp.hpp\n'}
[2.804485] (px4_msgs) StdoutLine: {'line': b'-- Up-to-date symlink: /home/carlos/ros2_ws/install/px4_msgs/include/px4_msgs/px4_msgs/msg/detail/lateral_control_configuration__rosidl_typesupport_introspection_cpp.hpp\n'}
[2.804568] (px4_msgs) StdoutLine: {'line': b'-- Up-to-date symlink: /home/carlos/ros2_ws/install/px4_msgs/include/px4_msgs/px4_msgs/msg/detail/launch_detection_status__rosidl_typesupport_introspection_cpp.hpp\n'}
[2.804650] (px4_msgs) StdoutLine: {'line': b'-- Up-to-date symlink: /home/carlos/ros2_ws/install/px4_msgs/include/px4_msgs/px4_msgs/msg/detail/led_control__rosidl_typesupport_introspection_cpp.hpp\n'}
[2.804732] (px4_msgs) StdoutLine: {'line': b'-- Up-to-date symlink: /home/carlos/ros2_ws/install/px4_msgs/include/px4_msgs/px4_msgs/msg/detail/log_message__rosidl_typesupport_introspection_cpp.hpp\n'}
[2.804815] (px4_msgs) StdoutLine: {'line': b'-- Up-to-date symlink: /home/carlos/ros2_ws/install/px4_msgs/include/px4_msgs/px4_msgs/msg/detail/logger_status__rosidl_typesupport_introspection_cpp.hpp\n'}
[2.804898] (px4_msgs) StdoutLine: {'line': b'-- Up-to-date symlink: /home/carlos/ros2_ws/install/px4_msgs/include/px4_msgs/px4_msgs/msg/detail/longitudinal_control_configuration__rosidl_typesupport_introspection_cpp.hpp\n'}
[2.804983] (px4_msgs) StdoutLine: {'line': b'-- Up-to-date symlink: /home/carlos/ros2_ws/install/px4_msgs/include/px4_msgs/px4_msgs/msg/detail/mag_worker_data__rosidl_typesupport_introspection_cpp.hpp\n'}
[2.805072] (px4_msgs) StdoutLine: {'line': b'-- Up-to-date symlink: /home/carlos/ros2_ws/install/px4_msgs/include/px4_msgs/px4_msgs/msg/detail/magnetometer_bias_estimate__rosidl_typesupport_introspection_cpp.hpp\n'}
[2.805162] (px4_msgs) StdoutLine: {'line': b'-- Up-to-date symlink: /home/carlos/ros2_ws/install/px4_msgs/include/px4_msgs/px4_msgs/msg/detail/manual_control_setpoint__rosidl_typesupport_introspection_cpp.hpp\n'}
[2.805244] (px4_msgs) StdoutLine: {'line': b'-- Up-to-date symlink: /home/carlos/ros2_ws/install/px4_msgs/include/px4_msgs/px4_msgs/msg/detail/manual_control_switches__rosidl_typesupport_introspection_cpp.hpp\n'}
[2.805332] (px4_msgs) StdoutLine: {'line': b'-- Up-to-date symlink: /home/carlos/ros2_ws/install/px4_msgs/include/px4_msgs/px4_msgs/msg/detail/mavlink_log__rosidl_typesupport_introspection_cpp.hpp\n'}
[2.805415] (px4_msgs) StdoutLine: {'line': b'-- Up-to-date symlink: /home/carlos/ros2_ws/install/px4_msgs/include/px4_msgs/px4_msgs/msg/detail/mavlink_tunnel__rosidl_typesupport_introspection_cpp.hpp\n'}
[2.805498] (px4_msgs) StdoutLine: {'line': b'-- Up-to-date symlink: /home/carlos/ros2_ws/install/px4_msgs/include/px4_msgs/px4_msgs/msg/detail/message_format_request__rosidl_typesupport_introspection_cpp.hpp\n'}
[2.805581] (px4_msgs) StdoutLine: {'line': b'-- Up-to-date symlink: /home/carlos/ros2_ws/install/px4_msgs/include/px4_msgs/px4_msgs/msg/detail/message_format_response__rosidl_typesupport_introspection_cpp.hpp\n'}
[2.805664] (px4_msgs) StdoutLine: {'line': b'-- Up-to-date symlink: /home/carlos/ros2_ws/install/px4_msgs/include/px4_msgs/px4_msgs/msg/detail/mission__rosidl_typesupport_introspection_cpp.hpp\n'}
[2.805746] (px4_msgs) StdoutLine: {'line': b'-- Up-to-date symlink: /home/carlos/ros2_ws/install/px4_msgs/include/px4_msgs/px4_msgs/msg/detail/mission_result__rosidl_typesupport_introspection_cpp.hpp\n'}
[2.805829] (px4_msgs) StdoutLine: {'line': b'-- Up-to-date symlink: /home/carlos/ros2_ws/install/px4_msgs/include/px4_msgs/px4_msgs/msg/detail/mode_completed__rosidl_typesupport_introspection_cpp.hpp\n'}
[2.805912] (px4_msgs) StdoutLine: {'line': b'-- Up-to-date symlink: /home/carlos/ros2_ws/install/px4_msgs/include/px4_msgs/px4_msgs/msg/detail/mount_orientation__rosidl_typesupport_introspection_cpp.hpp\n'}
[2.805995] (px4_msgs) StdoutLine: {'line': b'-- Up-to-date symlink: /home/carlos/ros2_ws/install/px4_msgs/include/px4_msgs/px4_msgs/msg/detail/navigator_mission_item__rosidl_typesupport_introspection_cpp.hpp\n'}
[2.806089] (px4_msgs) StdoutLine: {'line': b'-- Up-to-date symlink: /home/carlos/ros2_ws/install/px4_msgs/include/px4_msgs/px4_msgs/msg/detail/navigator_status__rosidl_typesupport_introspection_cpp.hpp\n'}
[2.806175] (px4_msgs) StdoutLine: {'line': b'-- Up-to-date symlink: /home/carlos/ros2_ws/install/px4_msgs/include/px4_msgs/px4_msgs/msg/detail/neural_control__rosidl_typesupport_introspection_cpp.hpp\n'}
[2.806259] (px4_msgs) StdoutLine: {'line': b'-- Up-to-date symlink: /home/carlos/ros2_ws/install/px4_msgs/include/px4_msgs/px4_msgs/msg/detail/normalized_unsigned_setpoint__rosidl_typesupport_introspection_cpp.hpp\n'}
[2.806342] (px4_msgs) StdoutLine: {'line': b'-- Up-to-date symlink: /home/carlos/ros2_ws/install/px4_msgs/include/px4_msgs/px4_msgs/msg/detail/obstacle_distance__rosidl_typesupport_introspection_cpp.hpp\n'}
[2.806425] (px4_msgs) StdoutLine: {'line': b'-- Up-to-date symlink: /home/carlos/ros2_ws/install/px4_msgs/include/px4_msgs/px4_msgs/msg/detail/offboard_control_mode__rosidl_typesupport_introspection_cpp.hpp\n'}
[2.806472] (-) TimerEvent: {}
[2.806539] (px4_msgs) StdoutLine: {'line': b'-- Up-to-date symlink: /home/carlos/ros2_ws/install/px4_msgs/include/px4_msgs/px4_msgs/msg/detail/onboard_computer_status__rosidl_typesupport_introspection_cpp.hpp\n'}
[2.806611] (px4_msgs) StdoutLine: {'line': b'-- Up-to-date symlink: /home/carlos/ros2_ws/install/px4_msgs/include/px4_msgs/px4_msgs/msg/detail/open_drone_id_arm_status__rosidl_typesupport_introspection_cpp.hpp\n'}
[2.806672] (px4_msgs) StdoutLine: {'line': b'-- Up-to-date symlink: /home/carlos/ros2_ws/install/px4_msgs/include/px4_msgs/px4_msgs/msg/detail/open_drone_id_operator_id__rosidl_typesupport_introspection_cpp.hpp\n'}
[2.806754] (px4_msgs) StdoutLine: {'line': b'-- Up-to-date symlink: /home/carlos/ros2_ws/install/px4_msgs/include/px4_msgs/px4_msgs/msg/detail/open_drone_id_self_id__rosidl_typesupport_introspection_cpp.hpp\n'}
[2.806838] (px4_msgs) StdoutLine: {'line': b'-- Up-to-date symlink: /home/carlos/ros2_ws/install/px4_msgs/include/px4_msgs/px4_msgs/msg/detail/open_drone_id_system__rosidl_typesupport_introspection_cpp.hpp\n'}
[2.806922] (px4_msgs) StdoutLine: {'line': b'-- Up-to-date symlink: /home/carlos/ros2_ws/install/px4_msgs/include/px4_msgs/px4_msgs/msg/detail/orb_test__rosidl_typesupport_introspection_cpp.hpp\n'}
[2.807004] (px4_msgs) StdoutLine: {'line': b'-- Up-to-date symlink: /home/carlos/ros2_ws/install/px4_msgs/include/px4_msgs/px4_msgs/msg/detail/orb_test_large__rosidl_typesupport_introspection_cpp.hpp\n'}
[2.807094] (px4_msgs) StdoutLine: {'line': b'-- Up-to-date symlink: /home/carlos/ros2_ws/install/px4_msgs/include/px4_msgs/px4_msgs/msg/detail/orb_test_medium__rosidl_typesupport_introspection_cpp.hpp\n'}
[2.807183] (px4_msgs) StdoutLine: {'line': b'-- Up-to-date symlink: /home/carlos/ros2_ws/install/px4_msgs/include/px4_msgs/px4_msgs/msg/detail/orbit_status__rosidl_typesupport_introspection_cpp.hpp\n'}
[2.807265] (px4_msgs) StdoutLine: {'line': b'-- Up-to-date symlink: /home/carlos/ros2_ws/install/px4_msgs/include/px4_msgs/px4_msgs/msg/detail/parameter_reset_request__rosidl_typesupport_introspection_cpp.hpp\n'}
[2.807348] (px4_msgs) StdoutLine: {'line': b'-- Up-to-date symlink: /home/carlos/ros2_ws/install/px4_msgs/include/px4_msgs/px4_msgs/msg/detail/parameter_set_used_request__rosidl_typesupport_introspection_cpp.hpp\n'}
[2.807460] (px4_msgs) StdoutLine: {'line': b'-- Up-to-date symlink: /home/carlos/ros2_ws/install/px4_msgs/include/px4_msgs/px4_msgs/msg/detail/parameter_set_value_request__rosidl_typesupport_introspection_cpp.hpp\n'}
[2.807672] (px4_msgs) StdoutLine: {'line': b'-- Up-to-date symlink: /home/carlos/ros2_ws/install/px4_msgs/include/px4_msgs/px4_msgs/msg/detail/parameter_set_value_response__rosidl_typesupport_introspection_cpp.hpp\n'}
[2.807857] (px4_msgs) StdoutLine: {'line': b'-- Up-to-date symlink: /home/carlos/ros2_ws/install/px4_msgs/include/px4_msgs/px4_msgs/msg/detail/parameter_update__rosidl_typesupport_introspection_cpp.hpp\n'}
[2.807967] (px4_msgs) StdoutLine: {'line': b'-- Up-to-date symlink: /home/carlos/ros2_ws/install/px4_msgs/include/px4_msgs/px4_msgs/msg/detail/ping__rosidl_typesupport_introspection_cpp.hpp\n'}
[2.808075] (px4_msgs) StdoutLine: {'line': b'-- Up-to-date symlink: /home/carlos/ros2_ws/install/px4_msgs/include/px4_msgs/px4_msgs/msg/detail/position_controller_landing_status__rosidl_typesupport_introspection_cpp.hpp\n'}
[2.808235] (px4_msgs) StdoutLine: {'line': b'-- Up-to-date symlink: /home/carlos/ros2_ws/install/px4_msgs/include/px4_msgs/px4_msgs/msg/detail/position_controller_status__rosidl_typesupport_introspection_cpp.hpp\n'}
[2.808342] (px4_msgs) StdoutLine: {'line': b'-- Up-to-date symlink: /home/carlos/ros2_ws/install/px4_msgs/include/px4_msgs/px4_msgs/msg/detail/position_setpoint__rosidl_typesupport_introspection_cpp.hpp\n'}
[2.808434] (px4_msgs) StdoutLine: {'line': b'-- Up-to-date symlink: /home/carlos/ros2_ws/install/px4_msgs/include/px4_msgs/px4_msgs/msg/detail/position_setpoint_triplet__rosidl_typesupport_introspection_cpp.hpp\n'}
[2.808523] (px4_msgs) StdoutLine: {'line': b'-- Up-to-date symlink: /home/carlos/ros2_ws/install/px4_msgs/include/px4_msgs/px4_msgs/msg/detail/power_button_state__rosidl_typesupport_introspection_cpp.hpp\n'}
[2.808687] (px4_msgs) StdoutLine: {'line': b'-- Up-to-date symlink: /home/carlos/ros2_ws/install/px4_msgs/include/px4_msgs/px4_msgs/msg/detail/power_monitor__rosidl_typesupport_introspection_cpp.hpp\n'}
[2.808805] (px4_msgs) StdoutLine: {'line': b'-- Up-to-date symlink: /home/carlos/ros2_ws/install/px4_msgs/include/px4_msgs/px4_msgs/msg/detail/pps_capture__rosidl_typesupport_introspection_cpp.hpp\n'}
[2.808895] (px4_msgs) StdoutLine: {'line': b'-- Up-to-date symlink: /home/carlos/ros2_ws/install/px4_msgs/include/px4_msgs/px4_msgs/msg/detail/pure_pursuit_status__rosidl_typesupport_introspection_cpp.hpp\n'}
[2.808983] (px4_msgs) StdoutLine: {'line': b'-- Up-to-date symlink: /home/carlos/ros2_ws/install/px4_msgs/include/px4_msgs/px4_msgs/msg/detail/pwm_input__rosidl_typesupport_introspection_cpp.hpp\n'}
[2.809084] (px4_msgs) StdoutLine: {'line': b'-- Up-to-date symlink: /home/carlos/ros2_ws/install/px4_msgs/include/px4_msgs/px4_msgs/msg/detail/px4io_status__rosidl_typesupport_introspection_cpp.hpp\n'}
[2.809156] (px4_msgs) StdoutLine: {'line': b'-- Up-to-date symlink: /home/carlos/ros2_ws/install/px4_msgs/include/px4_msgs/px4_msgs/msg/detail/qshell_req__rosidl_typesupport_introspection_cpp.hpp\n'}
[2.809198] (px4_msgs) StdoutLine: {'line': b'-- Up-to-date symlink: /home/carlos/ros2_ws/install/px4_msgs/include/px4_msgs/px4_msgs/msg/detail/qshell_retval__rosidl_typesupport_introspection_cpp.hpp\n'}
[2.809243] (px4_msgs) StdoutLine: {'line': b'-- Up-to-date symlink: /home/carlos/ros2_ws/install/px4_msgs/include/px4_msgs/px4_msgs/msg/detail/radio_status__rosidl_typesupport_introspection_cpp.hpp\n'}
[2.809283] (px4_msgs) StdoutLine: {'line': b'-- Up-to-date symlink: /home/carlos/ros2_ws/install/px4_msgs/include/px4_msgs/px4_msgs/msg/detail/rate_ctrl_status__rosidl_typesupport_introspection_cpp.hpp\n'}
[2.809327] (px4_msgs) StdoutLine: {'line': b'-- Up-to-date symlink: /home/carlos/ros2_ws/install/px4_msgs/include/px4_msgs/px4_msgs/msg/detail/rc_channels__rosidl_typesupport_introspection_cpp.hpp\n'}
[2.809368] (px4_msgs) StdoutLine: {'line': b'-- Up-to-date symlink: /home/carlos/ros2_ws/install/px4_msgs/include/px4_msgs/px4_msgs/msg/detail/rc_parameter_map__rosidl_typesupport_introspection_cpp.hpp\n'}
[2.809432] (px4_msgs) StdoutLine: {'line': b'-- Up-to-date symlink: /home/carlos/ros2_ws/install/px4_msgs/include/px4_msgs/px4_msgs/msg/detail/register_ext_component_reply__rosidl_typesupport_introspection_cpp.hpp\n'}
[2.809485] (px4_msgs) StdoutLine: {'line': b'-- Up-to-date symlink: /home/carlos/ros2_ws/install/px4_msgs/include/px4_msgs/px4_msgs/msg/detail/register_ext_component_request__rosidl_typesupport_introspection_cpp.hpp\n'}
[2.809527] (px4_msgs) StdoutLine: {'line': b'-- Up-to-date symlink: /home/carlos/ros2_ws/install/px4_msgs/include/px4_msgs/px4_msgs/msg/detail/rover_attitude_setpoint__rosidl_typesupport_introspection_cpp.hpp\n'}
[2.809584] (px4_msgs) StdoutLine: {'line': b'-- Up-to-date symlink: /home/carlos/ros2_ws/install/px4_msgs/include/px4_msgs/px4_msgs/msg/detail/rover_attitude_status__rosidl_typesupport_introspection_cpp.hpp\n'}
[2.809630] (px4_msgs) StdoutLine: {'line': b'-- Up-to-date symlink: /home/carlos/ros2_ws/install/px4_msgs/include/px4_msgs/px4_msgs/msg/detail/rover_position_setpoint__rosidl_typesupport_introspection_cpp.hpp\n'}
[2.809688] (px4_msgs) StdoutLine: {'line': b'-- Up-to-date symlink: /home/carlos/ros2_ws/install/px4_msgs/include/px4_msgs/px4_msgs/msg/detail/rover_rate_setpoint__rosidl_typesupport_introspection_cpp.hpp\n'}
[2.809732] (px4_msgs) StdoutLine: {'line': b'-- Up-to-date symlink: /home/carlos/ros2_ws/install/px4_msgs/include/px4_msgs/px4_msgs/msg/detail/rover_rate_status__rosidl_typesupport_introspection_cpp.hpp\n'}
[2.809774] (px4_msgs) StdoutLine: {'line': b'-- Up-to-date symlink: /home/carlos/ros2_ws/install/px4_msgs/include/px4_msgs/px4_msgs/msg/detail/rover_speed_setpoint__rosidl_typesupport_introspection_cpp.hpp\n'}
[2.809856] (px4_msgs) StdoutLine: {'line': b'-- Up-to-date symlink: /home/carlos/ros2_ws/install/px4_msgs/include/px4_msgs/px4_msgs/msg/detail/rover_speed_status__rosidl_typesupport_introspection_cpp.hpp\n'}
[2.809938] (px4_msgs) StdoutLine: {'line': b'-- Up-to-date symlink: /home/carlos/ros2_ws/install/px4_msgs/include/px4_msgs/px4_msgs/msg/detail/rover_steering_setpoint__rosidl_typesupport_introspection_cpp.hpp\n'}
[2.810021] (px4_msgs) StdoutLine: {'line': b'-- Up-to-date symlink: /home/carlos/ros2_ws/install/px4_msgs/include/px4_msgs/px4_msgs/msg/detail/rover_throttle_setpoint__rosidl_typesupport_introspection_cpp.hpp\n'}
[2.810135] (px4_msgs) StdoutLine: {'line': b'-- Up-to-date symlink: /home/carlos/ros2_ws/install/px4_msgs/include/px4_msgs/px4_msgs/msg/detail/rpm__rosidl_typesupport_introspection_cpp.hpp\n'}
[2.810267] (px4_msgs) StdoutLine: {'line': b'-- Up-to-date symlink: /home/carlos/ros2_ws/install/px4_msgs/include/px4_msgs/px4_msgs/msg/detail/rtl_status__rosidl_typesupport_introspection_cpp.hpp\n'}
[2.810437] (px4_msgs) StdoutLine: {'line': b'-- Up-to-date symlink: /home/carlos/ros2_ws/install/px4_msgs/include/px4_msgs/px4_msgs/msg/detail/rtl_time_estimate__rosidl_typesupport_introspection_cpp.hpp\n'}
[2.810562] (px4_msgs) StdoutLine: {'line': b'-- Up-to-date symlink: /home/carlos/ros2_ws/install/px4_msgs/include/px4_msgs/px4_msgs/msg/detail/satellite_info__rosidl_typesupport_introspection_cpp.hpp\n'}
[2.810699] (px4_msgs) StdoutLine: {'line': b'-- Up-to-date symlink: /home/carlos/ros2_ws/install/px4_msgs/include/px4_msgs/px4_msgs/msg/detail/sensor_accel__rosidl_typesupport_introspection_cpp.hpp\n'}
[2.810823] (px4_msgs) StdoutLine: {'line': b'-- Up-to-date symlink: /home/carlos/ros2_ws/install/px4_msgs/include/px4_msgs/px4_msgs/msg/detail/sensor_accel_fifo__rosidl_typesupport_introspection_cpp.hpp\n'}
[2.810935] (px4_msgs) StdoutLine: {'line': b'-- Up-to-date symlink: /home/carlos/ros2_ws/install/px4_msgs/include/px4_msgs/px4_msgs/msg/detail/sensor_airflow__rosidl_typesupport_introspection_cpp.hpp\n'}
[2.811054] (px4_msgs) StdoutLine: {'line': b'-- Up-to-date symlink: /home/carlos/ros2_ws/install/px4_msgs/include/px4_msgs/px4_msgs/msg/detail/sensor_baro__rosidl_typesupport_introspection_cpp.hpp\n'}
[2.811187] (px4_msgs) StdoutLine: {'line': b'-- Up-to-date symlink: /home/carlos/ros2_ws/install/px4_msgs/include/px4_msgs/px4_msgs/msg/detail/sensor_combined__rosidl_typesupport_introspection_cpp.hpp\n'}
[2.811292] (px4_msgs) StdoutLine: {'line': b'-- Up-to-date symlink: /home/carlos/ros2_ws/install/px4_msgs/include/px4_msgs/px4_msgs/msg/detail/sensor_correction__rosidl_typesupport_introspection_cpp.hpp\n'}
[2.811412] (px4_msgs) StdoutLine: {'line': b'-- Up-to-date symlink: /home/carlos/ros2_ws/install/px4_msgs/include/px4_msgs/px4_msgs/msg/detail/sensor_gnss_relative__rosidl_typesupport_introspection_cpp.hpp\n'}
[2.811519] (px4_msgs) StdoutLine: {'line': b'-- Up-to-date symlink: /home/carlos/ros2_ws/install/px4_msgs/include/px4_msgs/px4_msgs/msg/detail/sensor_gnss_status__rosidl_typesupport_introspection_cpp.hpp\n'}
[2.811597] (px4_msgs) StdoutLine: {'line': b'-- Up-to-date symlink: /home/carlos/ros2_ws/install/px4_msgs/include/px4_msgs/px4_msgs/msg/detail/sensor_gps__rosidl_typesupport_introspection_cpp.hpp\n'}
[2.811648] (px4_msgs) StdoutLine: {'line': b'-- Up-to-date symlink: /home/carlos/ros2_ws/install/px4_msgs/include/px4_msgs/px4_msgs/msg/detail/sensor_gyro__rosidl_typesupport_introspection_cpp.hpp\n'}
[2.811694] (px4_msgs) StdoutLine: {'line': b'-- Up-to-date symlink: /home/carlos/ros2_ws/install/px4_msgs/include/px4_msgs/px4_msgs/msg/detail/sensor_gyro_fft__rosidl_typesupport_introspection_cpp.hpp\n'}
[2.811737] (px4_msgs) StdoutLine: {'line': b'-- Up-to-date symlink: /home/carlos/ros2_ws/install/px4_msgs/include/px4_msgs/px4_msgs/msg/detail/sensor_gyro_fifo__rosidl_typesupport_introspection_cpp.hpp\n'}
[2.811782] (px4_msgs) StdoutLine: {'line': b'-- Up-to-date symlink: /home/carlos/ros2_ws/install/px4_msgs/include/px4_msgs/px4_msgs/msg/detail/sensor_hygrometer__rosidl_typesupport_introspection_cpp.hpp\n'}
[2.811823] (px4_msgs) StdoutLine: {'line': b'-- Up-to-date symlink: /home/carlos/ros2_ws/install/px4_msgs/include/px4_msgs/px4_msgs/msg/detail/sensor_mag__rosidl_typesupport_introspection_cpp.hpp\n'}
[2.811877] (px4_msgs) StdoutLine: {'line': b'-- Up-to-date symlink: /home/carlos/ros2_ws/install/px4_msgs/include/px4_msgs/px4_msgs/msg/detail/sensor_optical_flow__rosidl_typesupport_introspection_cpp.hpp\n'}
[2.811921] (px4_msgs) StdoutLine: {'line': b'-- Up-to-date symlink: /home/carlos/ros2_ws/install/px4_msgs/include/px4_msgs/px4_msgs/msg/detail/sensor_preflight_mag__rosidl_typesupport_introspection_cpp.hpp\n'}
[2.811983] (px4_msgs) StdoutLine: {'line': b'-- Up-to-date symlink: /home/carlos/ros2_ws/install/px4_msgs/include/px4_msgs/px4_msgs/msg/detail/sensor_selection__rosidl_typesupport_introspection_cpp.hpp\n'}
[2.812031] (px4_msgs) StdoutLine: {'line': b'-- Up-to-date symlink: /home/carlos/ros2_ws/install/px4_msgs/include/px4_msgs/px4_msgs/msg/detail/sensor_uwb__rosidl_typesupport_introspection_cpp.hpp\n'}
[2.812077] (px4_msgs) StdoutLine: {'line': b'-- Up-to-date symlink: /home/carlos/ros2_ws/install/px4_msgs/include/px4_msgs/px4_msgs/msg/detail/sensors_status__rosidl_typesupport_introspection_cpp.hpp\n'}
[2.812139] (px4_msgs) StdoutLine: {'line': b'-- Up-to-date symlink: /home/carlos/ros2_ws/install/px4_msgs/include/px4_msgs/px4_msgs/msg/detail/sensors_status_imu__rosidl_typesupport_introspection_cpp.hpp\n'}
[2.812204] (px4_msgs) StdoutLine: {'line': b'-- Up-to-date symlink: /home/carlos/ros2_ws/install/px4_msgs/include/px4_msgs/px4_msgs/msg/detail/system_power__rosidl_typesupport_introspection_cpp.hpp\n'}
[2.812260] (px4_msgs) StdoutLine: {'line': b'-- Up-to-date symlink: /home/carlos/ros2_ws/install/px4_msgs/include/px4_msgs/px4_msgs/msg/detail/takeoff_status__rosidl_typesupport_introspection_cpp.hpp\n'}
[2.812316] (px4_msgs) StdoutLine: {'line': b'-- Up-to-date symlink: /home/carlos/ros2_ws/install/px4_msgs/include/px4_msgs/px4_msgs/msg/detail/task_stack_info__rosidl_typesupport_introspection_cpp.hpp\n'}
[2.812398] (px4_msgs) StdoutLine: {'line': b'-- Up-to-date symlink: /home/carlos/ros2_ws/install/px4_msgs/include/px4_msgs/px4_msgs/msg/detail/tecs_status__rosidl_typesupport_introspection_cpp.hpp\n'}
[2.812484] (px4_msgs) StdoutLine: {'line': b'-- Up-to-date symlink: /home/carlos/ros2_ws/install/px4_msgs/include/px4_msgs/px4_msgs/msg/detail/telemetry_status__rosidl_typesupport_introspection_cpp.hpp\n'}
[2.812567] (px4_msgs) StdoutLine: {'line': b'-- Up-to-date symlink: /home/carlos/ros2_ws/install/px4_msgs/include/px4_msgs/px4_msgs/msg/detail/tiltrotor_extra_controls__rosidl_typesupport_introspection_cpp.hpp\n'}
[2.812649] (px4_msgs) StdoutLine: {'line': b'-- Up-to-date symlink: /home/carlos/ros2_ws/install/px4_msgs/include/px4_msgs/px4_msgs/msg/detail/timesync_status__rosidl_typesupport_introspection_cpp.hpp\n'}
[2.812734] (px4_msgs) StdoutLine: {'line': b'-- Up-to-date symlink: /home/carlos/ros2_ws/install/px4_msgs/include/px4_msgs/px4_msgs/msg/detail/trajectory_setpoint6dof__rosidl_typesupport_introspection_cpp.hpp\n'}
[2.812817] (px4_msgs) StdoutLine: {'line': b'-- Up-to-date symlink: /home/carlos/ros2_ws/install/px4_msgs/include/px4_msgs/px4_msgs/msg/detail/trajectory_setpoint__rosidl_typesupport_introspection_cpp.hpp\n'}
[2.812900] (px4_msgs) StdoutLine: {'line': b'-- Up-to-date symlink: /home/carlos/ros2_ws/install/px4_msgs/include/px4_msgs/px4_msgs/msg/detail/transponder_report__rosidl_typesupport_introspection_cpp.hpp\n'}
[2.812983] (px4_msgs) StdoutLine: {'line': b'-- Up-to-date symlink: /home/carlos/ros2_ws/install/px4_msgs/include/px4_msgs/px4_msgs/msg/detail/tune_control__rosidl_typesupport_introspection_cpp.hpp\n'}
[2.813072] (px4_msgs) StdoutLine: {'line': b'-- Up-to-date symlink: /home/carlos/ros2_ws/install/px4_msgs/include/px4_msgs/px4_msgs/msg/detail/uavcan_parameter_request__rosidl_typesupport_introspection_cpp.hpp\n'}
[2.813163] (px4_msgs) StdoutLine: {'line': b'-- Up-to-date symlink: /home/carlos/ros2_ws/install/px4_msgs/include/px4_msgs/px4_msgs/msg/detail/uavcan_parameter_value__rosidl_typesupport_introspection_cpp.hpp\n'}
[2.813247] (px4_msgs) StdoutLine: {'line': b'-- Up-to-date symlink: /home/carlos/ros2_ws/install/px4_msgs/include/px4_msgs/px4_msgs/msg/detail/ulog_stream__rosidl_typesupport_introspection_cpp.hpp\n'}
[2.813330] (px4_msgs) StdoutLine: {'line': b'-- Up-to-date symlink: /home/carlos/ros2_ws/install/px4_msgs/include/px4_msgs/px4_msgs/msg/detail/ulog_stream_ack__rosidl_typesupport_introspection_cpp.hpp\n'}
[2.813412] (px4_msgs) StdoutLine: {'line': b'-- Up-to-date symlink: /home/carlos/ros2_ws/install/px4_msgs/include/px4_msgs/px4_msgs/msg/detail/unregister_ext_component__rosidl_typesupport_introspection_cpp.hpp\n'}
[2.813494] (px4_msgs) StdoutLine: {'line': b'-- Up-to-date symlink: /home/carlos/ros2_ws/install/px4_msgs/include/px4_msgs/px4_msgs/msg/detail/vehicle_acceleration__rosidl_typesupport_introspection_cpp.hpp\n'}
[2.813577] (px4_msgs) StdoutLine: {'line': b'-- Up-to-date symlink: /home/carlos/ros2_ws/install/px4_msgs/include/px4_msgs/px4_msgs/msg/detail/vehicle_air_data__rosidl_typesupport_introspection_cpp.hpp\n'}
[2.813660] (px4_msgs) StdoutLine: {'line': b'-- Up-to-date symlink: /home/carlos/ros2_ws/install/px4_msgs/include/px4_msgs/px4_msgs/msg/detail/vehicle_angular_acceleration_setpoint__rosidl_typesupport_introspection_cpp.hpp\n'}
[2.813743] (px4_msgs) StdoutLine: {'line': b'-- Up-to-date symlink: /home/carlos/ros2_ws/install/px4_msgs/include/px4_msgs/px4_msgs/msg/detail/vehicle_angular_velocity__rosidl_typesupport_introspection_cpp.hpp\n'}
[2.813825] (px4_msgs) StdoutLine: {'line': b'-- Up-to-date symlink: /home/carlos/ros2_ws/install/px4_msgs/include/px4_msgs/px4_msgs/msg/detail/vehicle_attitude__rosidl_typesupport_introspection_cpp.hpp\n'}
[2.813908] (px4_msgs) StdoutLine: {'line': b'-- Up-to-date symlink: /home/carlos/ros2_ws/install/px4_msgs/include/px4_msgs/px4_msgs/msg/detail/vehicle_attitude_setpoint__rosidl_typesupport_introspection_cpp.hpp\n'}
[2.813991] (px4_msgs) StdoutLine: {'line': b'-- Up-to-date symlink: /home/carlos/ros2_ws/install/px4_msgs/include/px4_msgs/px4_msgs/msg/detail/vehicle_command__rosidl_typesupport_introspection_cpp.hpp\n'}
[2.814080] (px4_msgs) StdoutLine: {'line': b'-- Up-to-date symlink: /home/carlos/ros2_ws/install/px4_msgs/include/px4_msgs/px4_msgs/msg/detail/vehicle_command_ack__rosidl_typesupport_introspection_cpp.hpp\n'}
[2.814171] (px4_msgs) StdoutLine: {'line': b'-- Up-to-date symlink: /home/carlos/ros2_ws/install/px4_msgs/include/px4_msgs/px4_msgs/msg/detail/vehicle_constraints__rosidl_typesupport_introspection_cpp.hpp\n'}
[2.814254] (px4_msgs) StdoutLine: {'line': b'-- Up-to-date symlink: /home/carlos/ros2_ws/install/px4_msgs/include/px4_msgs/px4_msgs/msg/detail/vehicle_control_mode__rosidl_typesupport_introspection_cpp.hpp\n'}
[2.814342] (px4_msgs) StdoutLine: {'line': b'-- Up-to-date symlink: /home/carlos/ros2_ws/install/px4_msgs/include/px4_msgs/px4_msgs/msg/detail/vehicle_global_position__rosidl_typesupport_introspection_cpp.hpp\n'}
[2.814425] (px4_msgs) StdoutLine: {'line': b'-- Up-to-date symlink: /home/carlos/ros2_ws/install/px4_msgs/include/px4_msgs/px4_msgs/msg/detail/vehicle_imu__rosidl_typesupport_introspection_cpp.hpp\n'}
[2.814508] (px4_msgs) StdoutLine: {'line': b'-- Up-to-date symlink: /home/carlos/ros2_ws/install/px4_msgs/include/px4_msgs/px4_msgs/msg/detail/vehicle_imu_status__rosidl_typesupport_introspection_cpp.hpp\n'}
[2.814591] (px4_msgs) StdoutLine: {'line': b'-- Up-to-date symlink: /home/carlos/ros2_ws/install/px4_msgs/include/px4_msgs/px4_msgs/msg/detail/vehicle_land_detected__rosidl_typesupport_introspection_cpp.hpp\n'}
[2.814674] (px4_msgs) StdoutLine: {'line': b'-- Up-to-date symlink: /home/carlos/ros2_ws/install/px4_msgs/include/px4_msgs/px4_msgs/msg/detail/vehicle_local_position__rosidl_typesupport_introspection_cpp.hpp\n'}
[2.814758] (px4_msgs) StdoutLine: {'line': b'-- Up-to-date symlink: /home/carlos/ros2_ws/install/px4_msgs/include/px4_msgs/px4_msgs/msg/detail/vehicle_local_position_setpoint__rosidl_typesupport_introspection_cpp.hpp\n'}
[2.814841] (px4_msgs) StdoutLine: {'line': b'-- Up-to-date symlink: /home/carlos/ros2_ws/install/px4_msgs/include/px4_msgs/px4_msgs/msg/detail/vehicle_magnetometer__rosidl_typesupport_introspection_cpp.hpp\n'}
[2.814923] (px4_msgs) StdoutLine: {'line': b'-- Up-to-date symlink: /home/carlos/ros2_ws/install/px4_msgs/include/px4_msgs/px4_msgs/msg/detail/vehicle_odometry__rosidl_typesupport_introspection_cpp.hpp\n'}
[2.815013] (px4_msgs) StdoutLine: {'line': b'-- Up-to-date symlink: /home/carlos/ros2_ws/install/px4_msgs/include/px4_msgs/px4_msgs/msg/detail/vehicle_optical_flow__rosidl_typesupport_introspection_cpp.hpp\n'}
[2.815108] (px4_msgs) StdoutLine: {'line': b'-- Up-to-date symlink: /home/carlos/ros2_ws/install/px4_msgs/include/px4_msgs/px4_msgs/msg/detail/vehicle_optical_flow_vel__rosidl_typesupport_introspection_cpp.hpp\n'}
[2.815191] (px4_msgs) StdoutLine: {'line': b'-- Up-to-date symlink: /home/carlos/ros2_ws/install/px4_msgs/include/px4_msgs/px4_msgs/msg/detail/vehicle_rates_setpoint__rosidl_typesupport_introspection_cpp.hpp\n'}
[2.815274] (px4_msgs) StdoutLine: {'line': b'-- Up-to-date symlink: /home/carlos/ros2_ws/install/px4_msgs/include/px4_msgs/px4_msgs/msg/detail/vehicle_roi__rosidl_typesupport_introspection_cpp.hpp\n'}
[2.815357] (px4_msgs) StdoutLine: {'line': b'-- Up-to-date symlink: /home/carlos/ros2_ws/install/px4_msgs/include/px4_msgs/px4_msgs/msg/detail/vehicle_status__rosidl_typesupport_introspection_cpp.hpp\n'}
[2.815440] (px4_msgs) StdoutLine: {'line': b'-- Up-to-date symlink: /home/carlos/ros2_ws/install/px4_msgs/include/px4_msgs/px4_msgs/msg/detail/vehicle_thrust_setpoint__rosidl_typesupport_introspection_cpp.hpp\n'}
[2.815523] (px4_msgs) StdoutLine: {'line': b'-- Up-to-date symlink: /home/carlos/ros2_ws/install/px4_msgs/include/px4_msgs/px4_msgs/msg/detail/vehicle_torque_setpoint__rosidl_typesupport_introspection_cpp.hpp\n'}
[2.815605] (px4_msgs) StdoutLine: {'line': b'-- Up-to-date symlink: /home/carlos/ros2_ws/install/px4_msgs/include/px4_msgs/px4_msgs/msg/detail/velocity_limits__rosidl_typesupport_introspection_cpp.hpp\n'}
[2.815688] (px4_msgs) StdoutLine: {'line': b'-- Up-to-date symlink: /home/carlos/ros2_ws/install/px4_msgs/include/px4_msgs/px4_msgs/msg/detail/vtol_vehicle_status__rosidl_typesupport_introspection_cpp.hpp\n'}
[2.815786] (px4_msgs) StdoutLine: {'line': b'-- Up-to-date symlink: /home/carlos/ros2_ws/install/px4_msgs/include/px4_msgs/px4_msgs/msg/detail/wheel_encoders__rosidl_typesupport_introspection_cpp.hpp\n'}
[2.815876] (px4_msgs) StdoutLine: {'line': b'-- Up-to-date symlink: /home/carlos/ros2_ws/install/px4_msgs/include/px4_msgs/px4_msgs/msg/detail/wind__rosidl_typesupport_introspection_cpp.hpp\n'}
[2.815949] (px4_msgs) StdoutLine: {'line': b'-- Up-to-date symlink: /home/carlos/ros2_ws/install/px4_msgs/include/px4_msgs/px4_msgs/msg/detail/yaw_estimator_status__rosidl_typesupport_introspection_cpp.hpp\n'}
[2.816033] (px4_msgs) StdoutLine: {'line': b'-- Up-to-date symlink: /home/carlos/ros2_ws/install/px4_msgs/include/px4_msgs/px4_msgs/srv/detail/vehicle_command__rosidl_typesupport_introspection_cpp.hpp\n'}
[2.816172] (px4_msgs) StdoutLine: {'line': b'-- Up-to-date symlink: /home/carlos/ros2_ws/install/px4_msgs/share/px4_msgs/environment/pythonpath.sh\n'}
[2.816277] (px4_msgs) StdoutLine: {'line': b'-- Up-to-date symlink: /home/carlos/ros2_ws/install/px4_msgs/share/px4_msgs/environment/pythonpath.dsv\n'}
[2.816492] (px4_msgs) StdoutLine: {'line': b'-- Up-to-date symlink: /home/carlos/ros2_ws/install/px4_msgs/lib/python3.12/site-packages/px4_msgs-2.0.1-py3.12.egg-info/PKG-INFO\n'}
[2.816575] (px4_msgs) StdoutLine: {'line': b'-- Up-to-date symlink: /home/carlos/ros2_ws/install/px4_msgs/lib/python3.12/site-packages/px4_msgs-2.0.1-py3.12.egg-info/SOURCES.txt\n'}
[2.816659] (px4_msgs) StdoutLine: {'line': b'-- Up-to-date symlink: /home/carlos/ros2_ws/install/px4_msgs/lib/python3.12/site-packages/px4_msgs-2.0.1-py3.12.egg-info/dependency_links.txt\n'}
[2.816749] (px4_msgs) StdoutLine: {'line': b'-- Up-to-date symlink: /home/carlos/ros2_ws/install/px4_msgs/lib/python3.12/site-packages/px4_msgs-2.0.1-py3.12.egg-info/top_level.txt\n'}
[2.823731] (px4_msgs) StdoutLine: {'line': b'-- Up-to-date symlink: /home/carlos/ros2_ws/install/px4_msgs/lib/python3.12/site-packages/px4_msgs/__init__.py\n'}
[2.824003] (px4_msgs) StdoutLine: {'line': b'-- Up-to-date symlink: /home/carlos/ros2_ws/install/px4_msgs/lib/python3.12/site-packages/px4_msgs/_px4_msgs_s.ep.rosidl_typesupport_c.c\n'}
[2.824186] (px4_msgs) StdoutLine: {'line': b'-- Up-to-date symlink: /home/carlos/ros2_ws/install/px4_msgs/lib/python3.12/site-packages/px4_msgs/_px4_msgs_s.ep.rosidl_typesupport_fastrtps_c.c\n'}
[2.824378] (px4_msgs) StdoutLine: {'line': b'-- Up-to-date symlink: /home/carlos/ros2_ws/install/px4_msgs/lib/python3.12/site-packages/px4_msgs/_px4_msgs_s.ep.rosidl_typesupport_introspection_c.c\n'}
[2.824496] (px4_msgs) StdoutLine: {'line': b'-- Up-to-date symlink: /home/carlos/ros2_ws/install/px4_msgs/lib/python3.12/site-packages/px4_msgs/msg/__init__.py\n'}
[2.824542] (px4_msgs) StdoutLine: {'line': b'-- Up-to-date symlink: /home/carlos/ros2_ws/install/px4_msgs/lib/python3.12/site-packages/px4_msgs/msg/_action_request.py\n'}
[2.824588] (px4_msgs) StdoutLine: {'line': b'-- Up-to-date symlink: /home/carlos/ros2_ws/install/px4_msgs/lib/python3.12/site-packages/px4_msgs/msg/_action_request_s.c\n'}
[2.824630] (px4_msgs) StdoutLine: {'line': b'-- Up-to-date symlink: /home/carlos/ros2_ws/install/px4_msgs/lib/python3.12/site-packages/px4_msgs/msg/_actuator_armed.py\n'}
[2.824694] (px4_msgs) StdoutLine: {'line': b'-- Up-to-date symlink: /home/carlos/ros2_ws/install/px4_msgs/lib/python3.12/site-packages/px4_msgs/msg/_actuator_armed_s.c\n'}
[2.824739] (px4_msgs) StdoutLine: {'line': b'-- Up-to-date symlink: /home/carlos/ros2_ws/install/px4_msgs/lib/python3.12/site-packages/px4_msgs/msg/_actuator_controls_status.py\n'}
[2.824777] (px4_msgs) StdoutLine: {'line': b'-- Up-to-date symlink: /home/carlos/ros2_ws/install/px4_msgs/lib/python3.12/site-packages/px4_msgs/msg/_actuator_controls_status_s.c\n'}
[2.824823] (px4_msgs) StdoutLine: {'line': b'-- Up-to-date symlink: /home/carlos/ros2_ws/install/px4_msgs/lib/python3.12/site-packages/px4_msgs/msg/_actuator_motors.py\n'}
[2.824864] (px4_msgs) StdoutLine: {'line': b'-- Up-to-date symlink: /home/carlos/ros2_ws/install/px4_msgs/lib/python3.12/site-packages/px4_msgs/msg/_actuator_motors_s.c\n'}
[2.824924] (px4_msgs) StdoutLine: {'line': b'-- Up-to-date symlink: /home/carlos/ros2_ws/install/px4_msgs/lib/python3.12/site-packages/px4_msgs/msg/_actuator_outputs.py\n'}
[2.824972] (px4_msgs) StdoutLine: {'line': b'-- Up-to-date symlink: /home/carlos/ros2_ws/install/px4_msgs/lib/python3.12/site-packages/px4_msgs/msg/_actuator_outputs_s.c\n'}
[2.825014] (px4_msgs) StdoutLine: {'line': b'-- Up-to-date symlink: /home/carlos/ros2_ws/install/px4_msgs/lib/python3.12/site-packages/px4_msgs/msg/_actuator_servos.py\n'}
[2.825083] (px4_msgs) StdoutLine: {'line': b'-- Up-to-date symlink: /home/carlos/ros2_ws/install/px4_msgs/lib/python3.12/site-packages/px4_msgs/msg/_actuator_servos_s.c\n'}
[2.825134] (px4_msgs) StdoutLine: {'line': b'-- Up-to-date symlink: /home/carlos/ros2_ws/install/px4_msgs/lib/python3.12/site-packages/px4_msgs/msg/_actuator_servos_trim.py\n'}
[2.825192] (px4_msgs) StdoutLine: {'line': b'-- Up-to-date symlink: /home/carlos/ros2_ws/install/px4_msgs/lib/python3.12/site-packages/px4_msgs/msg/_actuator_servos_trim_s.c\n'}
[2.825256] (px4_msgs) StdoutLine: {'line': b'-- Up-to-date symlink: /home/carlos/ros2_ws/install/px4_msgs/lib/python3.12/site-packages/px4_msgs/msg/_actuator_test.py\n'}
[2.825335] (px4_msgs) StdoutLine: {'line': b'-- Up-to-date symlink: /home/carlos/ros2_ws/install/px4_msgs/lib/python3.12/site-packages/px4_msgs/msg/_actuator_test_s.c\n'}
[2.825415] (px4_msgs) StdoutLine: {'line': b'-- Up-to-date symlink: /home/carlos/ros2_ws/install/px4_msgs/lib/python3.12/site-packages/px4_msgs/msg/_adc_report.py\n'}
[2.825525] (px4_msgs) StdoutLine: {'line': b'-- Up-to-date symlink: /home/carlos/ros2_ws/install/px4_msgs/lib/python3.12/site-packages/px4_msgs/msg/_adc_report_s.c\n'}
[2.825605] (px4_msgs) StdoutLine: {'line': b'-- Up-to-date symlink: /home/carlos/ros2_ws/install/px4_msgs/lib/python3.12/site-packages/px4_msgs/msg/_airspeed.py\n'}
[2.825685] (px4_msgs) StdoutLine: {'line': b'-- Up-to-date symlink: /home/carlos/ros2_ws/install/px4_msgs/lib/python3.12/site-packages/px4_msgs/msg/_airspeed_s.c\n'}
[2.825752] (px4_msgs) StdoutLine: {'line': b'-- Up-to-date symlink: /home/carlos/ros2_ws/install/px4_msgs/lib/python3.12/site-packages/px4_msgs/msg/_airspeed_validated.py\n'}
[2.825820] (px4_msgs) StdoutLine: {'line': b'-- Up-to-date symlink: /home/carlos/ros2_ws/install/px4_msgs/lib/python3.12/site-packages/px4_msgs/msg/_airspeed_validated_s.c\n'}
[2.825900] (px4_msgs) StdoutLine: {'line': b'-- Up-to-date symlink: /home/carlos/ros2_ws/install/px4_msgs/lib/python3.12/site-packages/px4_msgs/msg/_airspeed_wind.py\n'}
[2.825978] (px4_msgs) StdoutLine: {'line': b'-- Up-to-date symlink: /home/carlos/ros2_ws/install/px4_msgs/lib/python3.12/site-packages/px4_msgs/msg/_airspeed_wind_s.c\n'}
[2.826066] (px4_msgs) StdoutLine: {'line': b'-- Up-to-date symlink: /home/carlos/ros2_ws/install/px4_msgs/lib/python3.12/site-packages/px4_msgs/msg/_arming_check_reply.py\n'}
[2.826148] (px4_msgs) StdoutLine: {'line': b'-- Up-to-date symlink: /home/carlos/ros2_ws/install/px4_msgs/lib/python3.12/site-packages/px4_msgs/msg/_arming_check_reply_s.c\n'}
[2.826228] (px4_msgs) StdoutLine: {'line': b'-- Up-to-date symlink: /home/carlos/ros2_ws/install/px4_msgs/lib/python3.12/site-packages/px4_msgs/msg/_arming_check_request.py\n'}
[2.826308] (px4_msgs) StdoutLine: {'line': b'-- Up-to-date symlink: /home/carlos/ros2_ws/install/px4_msgs/lib/python3.12/site-packages/px4_msgs/msg/_arming_check_request_s.c\n'}
[2.826389] (px4_msgs) StdoutLine: {'line': b'-- Up-to-date symlink: /home/carlos/ros2_ws/install/px4_msgs/lib/python3.12/site-packages/px4_msgs/msg/_autotune_attitude_control_status.py\n'}
[2.826469] (px4_msgs) StdoutLine: {'line': b'-- Up-to-date symlink: /home/carlos/ros2_ws/install/px4_msgs/lib/python3.12/site-packages/px4_msgs/msg/_autotune_attitude_control_status_s.c\n'}
[2.826548] (px4_msgs) StdoutLine: {'line': b'-- Up-to-date symlink: /home/carlos/ros2_ws/install/px4_msgs/lib/python3.12/site-packages/px4_msgs/msg/_battery_info.py\n'}
[2.826628] (px4_msgs) StdoutLine: {'line': b'-- Up-to-date symlink: /home/carlos/ros2_ws/install/px4_msgs/lib/python3.12/site-packages/px4_msgs/msg/_battery_info_s.c\n'}
[2.826707] (px4_msgs) StdoutLine: {'line': b'-- Up-to-date symlink: /home/carlos/ros2_ws/install/px4_msgs/lib/python3.12/site-packages/px4_msgs/msg/_battery_status.py\n'}
[2.826788] (px4_msgs) StdoutLine: {'line': b'-- Up-to-date symlink: /home/carlos/ros2_ws/install/px4_msgs/lib/python3.12/site-packages/px4_msgs/msg/_battery_status_s.c\n'}
[2.826880] (px4_msgs) StdoutLine: {'line': b'-- Up-to-date symlink: /home/carlos/ros2_ws/install/px4_msgs/lib/python3.12/site-packages/px4_msgs/msg/_button_event.py\n'}
[2.826987] (px4_msgs) StdoutLine: {'line': b'-- Up-to-date symlink: /home/carlos/ros2_ws/install/px4_msgs/lib/python3.12/site-packages/px4_msgs/msg/_button_event_s.c\n'}
[2.827070] (px4_msgs) StdoutLine: {'line': b'-- Up-to-date symlink: /home/carlos/ros2_ws/install/px4_msgs/lib/python3.12/site-packages/px4_msgs/msg/_camera_capture.py\n'}
[2.827161] (px4_msgs) StdoutLine: {'line': b'-- Up-to-date symlink: /home/carlos/ros2_ws/install/px4_msgs/lib/python3.12/site-packages/px4_msgs/msg/_camera_capture_s.c\n'}
[2.827242] (px4_msgs) StdoutLine: {'line': b'-- Up-to-date symlink: /home/carlos/ros2_ws/install/px4_msgs/lib/python3.12/site-packages/px4_msgs/msg/_camera_status.py\n'}
[2.827323] (px4_msgs) StdoutLine: {'line': b'-- Up-to-date symlink: /home/carlos/ros2_ws/install/px4_msgs/lib/python3.12/site-packages/px4_msgs/msg/_camera_status_s.c\n'}
[2.827378] (px4_msgs) StdoutLine: {'line': b'-- Up-to-date symlink: /home/carlos/ros2_ws/install/px4_msgs/lib/python3.12/site-packages/px4_msgs/msg/_camera_trigger.py\n'}
[2.827462] (px4_msgs) StdoutLine: {'line': b'-- Up-to-date symlink: /home/carlos/ros2_ws/install/px4_msgs/lib/python3.12/site-packages/px4_msgs/msg/_camera_trigger_s.c\n'}
[2.827550] (px4_msgs) StdoutLine: {'line': b'-- Up-to-date symlink: /home/carlos/ros2_ws/install/px4_msgs/lib/python3.12/site-packages/px4_msgs/msg/_can_interface_status.py\n'}
[2.827655] (px4_msgs) StdoutLine: {'line': b'-- Up-to-date symlink: /home/carlos/ros2_ws/install/px4_msgs/lib/python3.12/site-packages/px4_msgs/msg/_can_interface_status_s.c\n'}
[2.827737] (px4_msgs) StdoutLine: {'line': b'-- Up-to-date symlink: /home/carlos/ros2_ws/install/px4_msgs/lib/python3.12/site-packages/px4_msgs/msg/_cellular_status.py\n'}
[2.827819] (px4_msgs) StdoutLine: {'line': b'-- Up-to-date symlink: /home/carlos/ros2_ws/install/px4_msgs/lib/python3.12/site-packages/px4_msgs/msg/_cellular_status_s.c\n'}
[2.827902] (px4_msgs) StdoutLine: {'line': b'-- Up-to-date symlink: /home/carlos/ros2_ws/install/px4_msgs/lib/python3.12/site-packages/px4_msgs/msg/_collision_constraints.py\n'}
[2.827984] (px4_msgs) StdoutLine: {'line': b'-- Up-to-date symlink: /home/carlos/ros2_ws/install/px4_msgs/lib/python3.12/site-packages/px4_msgs/msg/_collision_constraints_s.c\n'}
[2.828072] (px4_msgs) StdoutLine: {'line': b'-- Up-to-date symlink: /home/carlos/ros2_ws/install/px4_msgs/lib/python3.12/site-packages/px4_msgs/msg/_config_overrides.py\n'}
[2.828153] (px4_msgs) StdoutLine: {'line': b'-- Up-to-date symlink: /home/carlos/ros2_ws/install/px4_msgs/lib/python3.12/site-packages/px4_msgs/msg/_config_overrides_s.c\n'}
[2.828238] (px4_msgs) StdoutLine: {'line': b'-- Up-to-date symlink: /home/carlos/ros2_ws/install/px4_msgs/lib/python3.12/site-packages/px4_msgs/msg/_control_allocator_status.py\n'}
[2.828320] (px4_msgs) StdoutLine: {'line': b'-- Up-to-date symlink: /home/carlos/ros2_ws/install/px4_msgs/lib/python3.12/site-packages/px4_msgs/msg/_control_allocator_status_s.c\n'}
[2.828383] (px4_msgs) StdoutLine: {'line': b'-- Up-to-date symlink: /home/carlos/ros2_ws/install/px4_msgs/lib/python3.12/site-packages/px4_msgs/msg/_cpuload.py\n'}
[2.828462] (px4_msgs) StdoutLine: {'line': b'-- Up-to-date symlink: /home/carlos/ros2_ws/install/px4_msgs/lib/python3.12/site-packages/px4_msgs/msg/_cpuload_s.c\n'}
[2.828543] (px4_msgs) StdoutLine: {'line': b'-- Up-to-date symlink: /home/carlos/ros2_ws/install/px4_msgs/lib/python3.12/site-packages/px4_msgs/msg/_dataman_request.py\n'}
[2.828623] (px4_msgs) StdoutLine: {'line': b'-- Up-to-date symlink: /home/carlos/ros2_ws/install/px4_msgs/lib/python3.12/site-packages/px4_msgs/msg/_dataman_request_s.c\n'}
[2.828702] (px4_msgs) StdoutLine: {'line': b'-- Up-to-date symlink: /home/carlos/ros2_ws/install/px4_msgs/lib/python3.12/site-packages/px4_msgs/msg/_dataman_response.py\n'}
[2.828781] (px4_msgs) StdoutLine: {'line': b'-- Up-to-date symlink: /home/carlos/ros2_ws/install/px4_msgs/lib/python3.12/site-packages/px4_msgs/msg/_dataman_response_s.c\n'}
[2.828861] (px4_msgs) StdoutLine: {'line': b'-- Up-to-date symlink: /home/carlos/ros2_ws/install/px4_msgs/lib/python3.12/site-packages/px4_msgs/msg/_debug_array.py\n'}
[2.828940] (px4_msgs) StdoutLine: {'line': b'-- Up-to-date symlink: /home/carlos/ros2_ws/install/px4_msgs/lib/python3.12/site-packages/px4_msgs/msg/_debug_array_s.c\n'}
[2.829020] (px4_msgs) StdoutLine: {'line': b'-- Up-to-date symlink: /home/carlos/ros2_ws/install/px4_msgs/lib/python3.12/site-packages/px4_msgs/msg/_debug_key_value.py\n'}
[2.829110] (px4_msgs) StdoutLine: {'line': b'-- Up-to-date symlink: /home/carlos/ros2_ws/install/px4_msgs/lib/python3.12/site-packages/px4_msgs/msg/_debug_key_value_s.c\n'}
[2.829190] (px4_msgs) StdoutLine: {'line': b'-- Up-to-date symlink: /home/carlos/ros2_ws/install/px4_msgs/lib/python3.12/site-packages/px4_msgs/msg/_debug_value.py\n'}
[2.829269] (px4_msgs) StdoutLine: {'line': b'-- Up-to-date symlink: /home/carlos/ros2_ws/install/px4_msgs/lib/python3.12/site-packages/px4_msgs/msg/_debug_value_s.c\n'}
[2.829346] (px4_msgs) StdoutLine: {'line': b'-- Up-to-date symlink: /home/carlos/ros2_ws/install/px4_msgs/lib/python3.12/site-packages/px4_msgs/msg/_debug_vect.py\n'}
[2.829425] (px4_msgs) StdoutLine: {'line': b'-- Up-to-date symlink: /home/carlos/ros2_ws/install/px4_msgs/lib/python3.12/site-packages/px4_msgs/msg/_debug_vect_s.c\n'}
[2.829505] (px4_msgs) StdoutLine: {'line': b'-- Up-to-date symlink: /home/carlos/ros2_ws/install/px4_msgs/lib/python3.12/site-packages/px4_msgs/msg/_differential_pressure.py\n'}
[2.829585] (px4_msgs) StdoutLine: {'line': b'-- Up-to-date symlink: /home/carlos/ros2_ws/install/px4_msgs/lib/python3.12/site-packages/px4_msgs/msg/_differential_pressure_s.c\n'}
[2.829664] (px4_msgs) StdoutLine: {'line': b'-- Up-to-date symlink: /home/carlos/ros2_ws/install/px4_msgs/lib/python3.12/site-packages/px4_msgs/msg/_distance_sensor.py\n'}
[2.829746] (px4_msgs) StdoutLine: {'line': b'-- Up-to-date symlink: /home/carlos/ros2_ws/install/px4_msgs/lib/python3.12/site-packages/px4_msgs/msg/_distance_sensor_mode_change_request.py\n'}
[2.829826] (px4_msgs) StdoutLine: {'line': b'-- Up-to-date symlink: /home/carlos/ros2_ws/install/px4_msgs/lib/python3.12/site-packages/px4_msgs/msg/_distance_sensor_mode_change_request_s.c\n'}
[2.829907] (px4_msgs) StdoutLine: {'line': b'-- Up-to-date symlink: /home/carlos/ros2_ws/install/px4_msgs/lib/python3.12/site-packages/px4_msgs/msg/_distance_sensor_s.c\n'}
[2.829987] (px4_msgs) StdoutLine: {'line': b'-- Up-to-date symlink: /home/carlos/ros2_ws/install/px4_msgs/lib/python3.12/site-packages/px4_msgs/msg/_dronecan_node_status.py\n'}
[2.830074] (px4_msgs) StdoutLine: {'line': b'-- Up-to-date symlink: /home/carlos/ros2_ws/install/px4_msgs/lib/python3.12/site-packages/px4_msgs/msg/_dronecan_node_status_s.c\n'}
[2.830161] (px4_msgs) StdoutLine: {'line': b'-- Up-to-date symlink: /home/carlos/ros2_ws/install/px4_msgs/lib/python3.12/site-packages/px4_msgs/msg/_ekf2_timestamps.py\n'}
[2.830241] (px4_msgs) StdoutLine: {'line': b'-- Up-to-date symlink: /home/carlos/ros2_ws/install/px4_msgs/lib/python3.12/site-packages/px4_msgs/msg/_ekf2_timestamps_s.c\n'}
[2.830322] (px4_msgs) StdoutLine: {'line': b'-- Up-to-date symlink: /home/carlos/ros2_ws/install/px4_msgs/lib/python3.12/site-packages/px4_msgs/msg/_esc_report.py\n'}
[2.830402] (px4_msgs) StdoutLine: {'line': b'-- Up-to-date symlink: /home/carlos/ros2_ws/install/px4_msgs/lib/python3.12/site-packages/px4_msgs/msg/_esc_report_s.c\n'}
[2.830482] (px4_msgs) StdoutLine: {'line': b'-- Up-to-date symlink: /home/carlos/ros2_ws/install/px4_msgs/lib/python3.12/site-packages/px4_msgs/msg/_esc_status.py\n'}
[2.830562] (px4_msgs) StdoutLine: {'line': b'-- Up-to-date symlink: /home/carlos/ros2_ws/install/px4_msgs/lib/python3.12/site-packages/px4_msgs/msg/_esc_status_s.c\n'}
[2.830642] (px4_msgs) StdoutLine: {'line': b'-- Up-to-date symlink: /home/carlos/ros2_ws/install/px4_msgs/lib/python3.12/site-packages/px4_msgs/msg/_estimator_aid_source1d.py\n'}
[2.830727] (px4_msgs) StdoutLine: {'line': b'-- Up-to-date symlink: /home/carlos/ros2_ws/install/px4_msgs/lib/python3.12/site-packages/px4_msgs/msg/_estimator_aid_source1d_s.c\n'}
[2.830809] (px4_msgs) StdoutLine: {'line': b'-- Up-to-date symlink: /home/carlos/ros2_ws/install/px4_msgs/lib/python3.12/site-packages/px4_msgs/msg/_estimator_aid_source2d.py\n'}
[2.830890] (px4_msgs) StdoutLine: {'line': b'-- Up-to-date symlink: /home/carlos/ros2_ws/install/px4_msgs/lib/python3.12/site-packages/px4_msgs/msg/_estimator_aid_source2d_s.c\n'}
[2.830970] (px4_msgs) StdoutLine: {'line': b'-- Up-to-date symlink: /home/carlos/ros2_ws/install/px4_msgs/lib/python3.12/site-packages/px4_msgs/msg/_estimator_aid_source3d.py\n'}
[2.831054] (px4_msgs) StdoutLine: {'line': b'-- Up-to-date symlink: /home/carlos/ros2_ws/install/px4_msgs/lib/python3.12/site-packages/px4_msgs/msg/_estimator_aid_source3d_s.c\n'}
[2.831140] (px4_msgs) StdoutLine: {'line': b'-- Up-to-date symlink: /home/carlos/ros2_ws/install/px4_msgs/lib/python3.12/site-packages/px4_msgs/msg/_estimator_bias.py\n'}
[2.831220] (px4_msgs) StdoutLine: {'line': b'-- Up-to-date symlink: /home/carlos/ros2_ws/install/px4_msgs/lib/python3.12/site-packages/px4_msgs/msg/_estimator_bias3d.py\n'}
[2.831301] (px4_msgs) StdoutLine: {'line': b'-- Up-to-date symlink: /home/carlos/ros2_ws/install/px4_msgs/lib/python3.12/site-packages/px4_msgs/msg/_estimator_bias3d_s.c\n'}
[2.831381] (px4_msgs) StdoutLine: {'line': b'-- Up-to-date symlink: /home/carlos/ros2_ws/install/px4_msgs/lib/python3.12/site-packages/px4_msgs/msg/_estimator_bias_s.c\n'}
[2.831462] (px4_msgs) StdoutLine: {'line': b'-- Up-to-date symlink: /home/carlos/ros2_ws/install/px4_msgs/lib/python3.12/site-packages/px4_msgs/msg/_estimator_event_flags.py\n'}
[2.831542] (px4_msgs) StdoutLine: {'line': b'-- Up-to-date symlink: /home/carlos/ros2_ws/install/px4_msgs/lib/python3.12/site-packages/px4_msgs/msg/_estimator_event_flags_s.c\n'}
[2.831622] (px4_msgs) StdoutLine: {'line': b'-- Up-to-date symlink: /home/carlos/ros2_ws/install/px4_msgs/lib/python3.12/site-packages/px4_msgs/msg/_estimator_gps_status.py\n'}
[2.831708] (px4_msgs) StdoutLine: {'line': b'-- Up-to-date symlink: /home/carlos/ros2_ws/install/px4_msgs/lib/python3.12/site-packages/px4_msgs/msg/_estimator_gps_status_s.c\n'}
[2.831788] (px4_msgs) StdoutLine: {'line': b'-- Up-to-date symlink: /home/carlos/ros2_ws/install/px4_msgs/lib/python3.12/site-packages/px4_msgs/msg/_estimator_innovations.py\n'}
[2.831867] (px4_msgs) StdoutLine: {'line': b'-- Up-to-date symlink: /home/carlos/ros2_ws/install/px4_msgs/lib/python3.12/site-packages/px4_msgs/msg/_estimator_innovations_s.c\n'}
[2.831947] (px4_msgs) StdoutLine: {'line': b'-- Up-to-date symlink: /home/carlos/ros2_ws/install/px4_msgs/lib/python3.12/site-packages/px4_msgs/msg/_estimator_selector_status.py\n'}
[2.832027] (px4_msgs) StdoutLine: {'line': b'-- Up-to-date symlink: /home/carlos/ros2_ws/install/px4_msgs/lib/python3.12/site-packages/px4_msgs/msg/_estimator_selector_status_s.c\n'}
[2.832115] (px4_msgs) StdoutLine: {'line': b'-- Up-to-date symlink: /home/carlos/ros2_ws/install/px4_msgs/lib/python3.12/site-packages/px4_msgs/msg/_estimator_sensor_bias.py\n'}
[2.832198] (px4_msgs) StdoutLine: {'line': b'-- Up-to-date symlink: /home/carlos/ros2_ws/install/px4_msgs/lib/python3.12/site-packages/px4_msgs/msg/_estimator_sensor_bias_s.c\n'}
[2.832277] (px4_msgs) StdoutLine: {'line': b'-- Up-to-date symlink: /home/carlos/ros2_ws/install/px4_msgs/lib/python3.12/site-packages/px4_msgs/msg/_estimator_states.py\n'}
[2.832358] (px4_msgs) StdoutLine: {'line': b'-- Up-to-date symlink: /home/carlos/ros2_ws/install/px4_msgs/lib/python3.12/site-packages/px4_msgs/msg/_estimator_states_s.c\n'}
[2.832437] (px4_msgs) StdoutLine: {'line': b'-- Up-to-date symlink: /home/carlos/ros2_ws/install/px4_msgs/lib/python3.12/site-packages/px4_msgs/msg/_estimator_status.py\n'}
[2.832517] (px4_msgs) StdoutLine: {'line': b'-- Up-to-date symlink: /home/carlos/ros2_ws/install/px4_msgs/lib/python3.12/site-packages/px4_msgs/msg/_estimator_status_flags.py\n'}
[2.832597] (px4_msgs) StdoutLine: {'line': b'-- Up-to-date symlink: /home/carlos/ros2_ws/install/px4_msgs/lib/python3.12/site-packages/px4_msgs/msg/_estimator_status_flags_s.c\n'}
[2.832677] (px4_msgs) StdoutLine: {'line': b'-- Up-to-date symlink: /home/carlos/ros2_ws/install/px4_msgs/lib/python3.12/site-packages/px4_msgs/msg/_estimator_status_s.c\n'}
[2.832787] (px4_msgs) StdoutLine: {'line': b'-- Up-to-date symlink: /home/carlos/ros2_ws/install/px4_msgs/lib/python3.12/site-packages/px4_msgs/msg/_event.py\n'}
[2.832849] (px4_msgs) StdoutLine: {'line': b'-- Up-to-date symlink: /home/carlos/ros2_ws/install/px4_msgs/lib/python3.12/site-packages/px4_msgs/msg/_event_s.c\n'}
[2.832932] (px4_msgs) StdoutLine: {'line': b'-- Up-to-date symlink: /home/carlos/ros2_ws/install/px4_msgs/lib/python3.12/site-packages/px4_msgs/msg/_failsafe_flags.py\n'}
[2.833019] (px4_msgs) StdoutLine: {'line': b'-- Up-to-date symlink: /home/carlos/ros2_ws/install/px4_msgs/lib/python3.12/site-packages/px4_msgs/msg/_failsafe_flags_s.c\n'}
[2.833103] (px4_msgs) StdoutLine: {'line': b'-- Up-to-date symlink: /home/carlos/ros2_ws/install/px4_msgs/lib/python3.12/site-packages/px4_msgs/msg/_failure_detector_status.py\n'}
[2.833198] (px4_msgs) StdoutLine: {'line': b'-- Up-to-date symlink: /home/carlos/ros2_ws/install/px4_msgs/lib/python3.12/site-packages/px4_msgs/msg/_failure_detector_status_s.c\n'}
[2.833278] (px4_msgs) StdoutLine: {'line': b'-- Up-to-date symlink: /home/carlos/ros2_ws/install/px4_msgs/lib/python3.12/site-packages/px4_msgs/msg/_figure_eight_status.py\n'}
[2.833355] (px4_msgs) StdoutLine: {'line': b'-- Up-to-date symlink: /home/carlos/ros2_ws/install/px4_msgs/lib/python3.12/site-packages/px4_msgs/msg/_figure_eight_status_s.c\n'}
[2.833436] (px4_msgs) StdoutLine: {'line': b'-- Up-to-date symlink: /home/carlos/ros2_ws/install/px4_msgs/lib/python3.12/site-packages/px4_msgs/msg/_fixed_wing_lateral_guidance_status.py\n'}
[2.833516] (px4_msgs) StdoutLine: {'line': b'-- Up-to-date symlink: /home/carlos/ros2_ws/install/px4_msgs/lib/python3.12/site-packages/px4_msgs/msg/_fixed_wing_lateral_guidance_status_s.c\n'}
[2.833598] (px4_msgs) StdoutLine: {'line': b'-- Up-to-date symlink: /home/carlos/ros2_ws/install/px4_msgs/lib/python3.12/site-packages/px4_msgs/msg/_fixed_wing_lateral_setpoint.py\n'}
[2.833678] (px4_msgs) StdoutLine: {'line': b'-- Up-to-date symlink: /home/carlos/ros2_ws/install/px4_msgs/lib/python3.12/site-packages/px4_msgs/msg/_fixed_wing_lateral_setpoint_s.c\n'}
[2.833759] (px4_msgs) StdoutLine: {'line': b'-- Up-to-date symlink: /home/carlos/ros2_ws/install/px4_msgs/lib/python3.12/site-packages/px4_msgs/msg/_fixed_wing_lateral_status.py\n'}
[2.833843] (px4_msgs) StdoutLine: {'line': b'-- Up-to-date symlink: /home/carlos/ros2_ws/install/px4_msgs/lib/python3.12/site-packages/px4_msgs/msg/_fixed_wing_lateral_status_s.c\n'}
[2.833927] (px4_msgs) StdoutLine: {'line': b'-- Up-to-date symlink: /home/carlos/ros2_ws/install/px4_msgs/lib/python3.12/site-packages/px4_msgs/msg/_fixed_wing_longitudinal_setpoint.py\n'}
[2.834009] (px4_msgs) StdoutLine: {'line': b'-- Up-to-date symlink: /home/carlos/ros2_ws/install/px4_msgs/lib/python3.12/site-packages/px4_msgs/msg/_fixed_wing_longitudinal_setpoint_s.c\n'}
[2.834104] (px4_msgs) StdoutLine: {'line': b'-- Up-to-date symlink: /home/carlos/ros2_ws/install/px4_msgs/lib/python3.12/site-packages/px4_msgs/msg/_fixed_wing_runway_control.py\n'}
[2.834175] (px4_msgs) StdoutLine: {'line': b'-- Up-to-date symlink: /home/carlos/ros2_ws/install/px4_msgs/lib/python3.12/site-packages/px4_msgs/msg/_fixed_wing_runway_control_s.c\n'}
[2.834257] (px4_msgs) StdoutLine: {'line': b'-- Up-to-date symlink: /home/carlos/ros2_ws/install/px4_msgs/lib/python3.12/site-packages/px4_msgs/msg/_flight_phase_estimation.py\n'}
[2.834338] (px4_msgs) StdoutLine: {'line': b'-- Up-to-date symlink: /home/carlos/ros2_ws/install/px4_msgs/lib/python3.12/site-packages/px4_msgs/msg/_flight_phase_estimation_s.c\n'}
[2.834419] (px4_msgs) StdoutLine: {'line': b'-- Up-to-date symlink: /home/carlos/ros2_ws/install/px4_msgs/lib/python3.12/site-packages/px4_msgs/msg/_follow_target.py\n'}
[2.834499] (px4_msgs) StdoutLine: {'line': b'-- Up-to-date symlink: /home/carlos/ros2_ws/install/px4_msgs/lib/python3.12/site-packages/px4_msgs/msg/_follow_target_estimator.py\n'}
[2.834579] (px4_msgs) StdoutLine: {'line': b'-- Up-to-date symlink: /home/carlos/ros2_ws/install/px4_msgs/lib/python3.12/site-packages/px4_msgs/msg/_follow_target_estimator_s.c\n'}
[2.834660] (px4_msgs) StdoutLine: {'line': b'-- Up-to-date symlink: /home/carlos/ros2_ws/install/px4_msgs/lib/python3.12/site-packages/px4_msgs/msg/_follow_target_s.c\n'}
[2.834740] (px4_msgs) StdoutLine: {'line': b'-- Up-to-date symlink: /home/carlos/ros2_ws/install/px4_msgs/lib/python3.12/site-packages/px4_msgs/msg/_follow_target_status.py\n'}
[2.834820] (px4_msgs) StdoutLine: {'line': b'-- Up-to-date symlink: /home/carlos/ros2_ws/install/px4_msgs/lib/python3.12/site-packages/px4_msgs/msg/_follow_target_status_s.c\n'}
[2.834901] (px4_msgs) StdoutLine: {'line': b'-- Up-to-date symlink: /home/carlos/ros2_ws/install/px4_msgs/lib/python3.12/site-packages/px4_msgs/msg/_fuel_tank_status.py\n'}
[2.834982] (px4_msgs) StdoutLine: {'line': b'-- Up-to-date symlink: /home/carlos/ros2_ws/install/px4_msgs/lib/python3.12/site-packages/px4_msgs/msg/_fuel_tank_status_s.c\n'}
[2.835069] (px4_msgs) StdoutLine: {'line': b'-- Up-to-date symlink: /home/carlos/ros2_ws/install/px4_msgs/lib/python3.12/site-packages/px4_msgs/msg/_generator_status.py\n'}
[2.835153] (px4_msgs) StdoutLine: {'line': b'-- Up-to-date symlink: /home/carlos/ros2_ws/install/px4_msgs/lib/python3.12/site-packages/px4_msgs/msg/_generator_status_s.c\n'}
[2.835234] (px4_msgs) StdoutLine: {'line': b'-- Up-to-date symlink: /home/carlos/ros2_ws/install/px4_msgs/lib/python3.12/site-packages/px4_msgs/msg/_geofence_result.py\n'}
[2.835314] (px4_msgs) StdoutLine: {'line': b'-- Up-to-date symlink: /home/carlos/ros2_ws/install/px4_msgs/lib/python3.12/site-packages/px4_msgs/msg/_geofence_result_s.c\n'}
[2.835395] (px4_msgs) StdoutLine: {'line': b'-- Up-to-date symlink: /home/carlos/ros2_ws/install/px4_msgs/lib/python3.12/site-packages/px4_msgs/msg/_geofence_status.py\n'}
[2.835475] (px4_msgs) StdoutLine: {'line': b'-- Up-to-date symlink: /home/carlos/ros2_ws/install/px4_msgs/lib/python3.12/site-packages/px4_msgs/msg/_geofence_status_s.c\n'}
[2.835555] (px4_msgs) StdoutLine: {'line': b'-- Up-to-date symlink: /home/carlos/ros2_ws/install/px4_msgs/lib/python3.12/site-packages/px4_msgs/msg/_gimbal_controls.py\n'}
[2.835634] (px4_msgs) StdoutLine: {'line': b'-- Up-to-date symlink: /home/carlos/ros2_ws/install/px4_msgs/lib/python3.12/site-packages/px4_msgs/msg/_gimbal_controls_s.c\n'}
[2.835715] (px4_msgs) StdoutLine: {'line': b'-- Up-to-date symlink: /home/carlos/ros2_ws/install/px4_msgs/lib/python3.12/site-packages/px4_msgs/msg/_gimbal_device_attitude_status.py\n'}
[2.835796] (px4_msgs) StdoutLine: {'line': b'-- Up-to-date symlink: /home/carlos/ros2_ws/install/px4_msgs/lib/python3.12/site-packages/px4_msgs/msg/_gimbal_device_attitude_status_s.c\n'}
[2.835876] (px4_msgs) StdoutLine: {'line': b'-- Up-to-date symlink: /home/carlos/ros2_ws/install/px4_msgs/lib/python3.12/site-packages/px4_msgs/msg/_gimbal_device_information.py\n'}
[2.835957] (px4_msgs) StdoutLine: {'line': b'-- Up-to-date symlink: /home/carlos/ros2_ws/install/px4_msgs/lib/python3.12/site-packages/px4_msgs/msg/_gimbal_device_information_s.c\n'}
[2.836037] (px4_msgs) StdoutLine: {'line': b'-- Up-to-date symlink: /home/carlos/ros2_ws/install/px4_msgs/lib/python3.12/site-packages/px4_msgs/msg/_gimbal_device_set_attitude.py\n'}
[2.836128] (px4_msgs) StdoutLine: {'line': b'-- Up-to-date symlink: /home/carlos/ros2_ws/install/px4_msgs/lib/python3.12/site-packages/px4_msgs/msg/_gimbal_device_set_attitude_s.c\n'}
[2.836208] (px4_msgs) StdoutLine: {'line': b'-- Up-to-date symlink: /home/carlos/ros2_ws/install/px4_msgs/lib/python3.12/site-packages/px4_msgs/msg/_gimbal_manager_information.py\n'}
[2.836288] (px4_msgs) StdoutLine: {'line': b'-- Up-to-date symlink: /home/carlos/ros2_ws/install/px4_msgs/lib/python3.12/site-packages/px4_msgs/msg/_gimbal_manager_information_s.c\n'}
[2.836368] (px4_msgs) StdoutLine: {'line': b'-- Up-to-date symlink: /home/carlos/ros2_ws/install/px4_msgs/lib/python3.12/site-packages/px4_msgs/msg/_gimbal_manager_set_attitude.py\n'}
[2.836449] (px4_msgs) StdoutLine: {'line': b'-- Up-to-date symlink: /home/carlos/ros2_ws/install/px4_msgs/lib/python3.12/site-packages/px4_msgs/msg/_gimbal_manager_set_attitude_s.c\n'}
[2.836540] (px4_msgs) StdoutLine: {'line': b'-- Up-to-date symlink: /home/carlos/ros2_ws/install/px4_msgs/lib/python3.12/site-packages/px4_msgs/msg/_gimbal_manager_set_manual_control.py\n'}
[2.836622] (px4_msgs) StdoutLine: {'line': b'-- Up-to-date symlink: /home/carlos/ros2_ws/install/px4_msgs/lib/python3.12/site-packages/px4_msgs/msg/_gimbal_manager_set_manual_control_s.c\n'}
[2.836703] (px4_msgs) StdoutLine: {'line': b'-- Up-to-date symlink: /home/carlos/ros2_ws/install/px4_msgs/lib/python3.12/site-packages/px4_msgs/msg/_gimbal_manager_status.py\n'}
[2.836784] (px4_msgs) StdoutLine: {'line': b'-- Up-to-date symlink: /home/carlos/ros2_ws/install/px4_msgs/lib/python3.12/site-packages/px4_msgs/msg/_gimbal_manager_status_s.c\n'}
[2.836865] (px4_msgs) StdoutLine: {'line': b'-- Up-to-date symlink: /home/carlos/ros2_ws/install/px4_msgs/lib/python3.12/site-packages/px4_msgs/msg/_goto_setpoint.py\n'}
[2.836945] (px4_msgs) StdoutLine: {'line': b'-- Up-to-date symlink: /home/carlos/ros2_ws/install/px4_msgs/lib/python3.12/site-packages/px4_msgs/msg/_goto_setpoint_s.c\n'}
[2.837030] (px4_msgs) StdoutLine: {'line': b'-- Up-to-date symlink: /home/carlos/ros2_ws/install/px4_msgs/lib/python3.12/site-packages/px4_msgs/msg/_gpio_config.py\n'}
[2.837118] (px4_msgs) StdoutLine: {'line': b'-- Up-to-date symlink: /home/carlos/ros2_ws/install/px4_msgs/lib/python3.12/site-packages/px4_msgs/msg/_gpio_config_s.c\n'}
[2.837201] (px4_msgs) StdoutLine: {'line': b'-- Up-to-date symlink: /home/carlos/ros2_ws/install/px4_msgs/lib/python3.12/site-packages/px4_msgs/msg/_gpio_in.py\n'}
[2.837280] (px4_msgs) StdoutLine: {'line': b'-- Up-to-date symlink: /home/carlos/ros2_ws/install/px4_msgs/lib/python3.12/site-packages/px4_msgs/msg/_gpio_in_s.c\n'}
[2.837360] (px4_msgs) StdoutLine: {'line': b'-- Up-to-date symlink: /home/carlos/ros2_ws/install/px4_msgs/lib/python3.12/site-packages/px4_msgs/msg/_gpio_out.py\n'}
[2.837439] (px4_msgs) StdoutLine: {'line': b'-- Up-to-date symlink: /home/carlos/ros2_ws/install/px4_msgs/lib/python3.12/site-packages/px4_msgs/msg/_gpio_out_s.c\n'}
[2.837518] (px4_msgs) StdoutLine: {'line': b'-- Up-to-date symlink: /home/carlos/ros2_ws/install/px4_msgs/lib/python3.12/site-packages/px4_msgs/msg/_gpio_request.py\n'}
[2.837598] (px4_msgs) StdoutLine: {'line': b'-- Up-to-date symlink: /home/carlos/ros2_ws/install/px4_msgs/lib/python3.12/site-packages/px4_msgs/msg/_gpio_request_s.c\n'}
[2.837678] (px4_msgs) StdoutLine: {'line': b'-- Up-to-date symlink: /home/carlos/ros2_ws/install/px4_msgs/lib/python3.12/site-packages/px4_msgs/msg/_gps_dump.py\n'}
[2.837748] (px4_msgs) StdoutLine: {'line': b'-- Up-to-date symlink: /home/carlos/ros2_ws/install/px4_msgs/lib/python3.12/site-packages/px4_msgs/msg/_gps_dump_s.c\n'}
[2.837828] (px4_msgs) StdoutLine: {'line': b'-- Up-to-date symlink: /home/carlos/ros2_ws/install/px4_msgs/lib/python3.12/site-packages/px4_msgs/msg/_gps_inject_data.py\n'}
[2.837920] (px4_msgs) StdoutLine: {'line': b'-- Up-to-date symlink: /home/carlos/ros2_ws/install/px4_msgs/lib/python3.12/site-packages/px4_msgs/msg/_gps_inject_data_s.c\n'}
[2.837988] (px4_msgs) StdoutLine: {'line': b'-- Up-to-date symlink: /home/carlos/ros2_ws/install/px4_msgs/lib/python3.12/site-packages/px4_msgs/msg/_gripper.py\n'}
[2.838075] (px4_msgs) StdoutLine: {'line': b'-- Up-to-date symlink: /home/carlos/ros2_ws/install/px4_msgs/lib/python3.12/site-packages/px4_msgs/msg/_gripper_s.c\n'}
[2.838164] (px4_msgs) StdoutLine: {'line': b'-- Up-to-date symlink: /home/carlos/ros2_ws/install/px4_msgs/lib/python3.12/site-packages/px4_msgs/msg/_health_report.py\n'}
[2.838243] (px4_msgs) StdoutLine: {'line': b'-- Up-to-date symlink: /home/carlos/ros2_ws/install/px4_msgs/lib/python3.12/site-packages/px4_msgs/msg/_health_report_s.c\n'}
[2.838322] (px4_msgs) StdoutLine: {'line': b'-- Up-to-date symlink: /home/carlos/ros2_ws/install/px4_msgs/lib/python3.12/site-packages/px4_msgs/msg/_heater_status.py\n'}
[2.838402] (px4_msgs) StdoutLine: {'line': b'-- Up-to-date symlink: /home/carlos/ros2_ws/install/px4_msgs/lib/python3.12/site-packages/px4_msgs/msg/_heater_status_s.c\n'}
[2.838481] (px4_msgs) StdoutLine: {'line': b'-- Up-to-date symlink: /home/carlos/ros2_ws/install/px4_msgs/lib/python3.12/site-packages/px4_msgs/msg/_home_position.py\n'}
[2.838560] (px4_msgs) StdoutLine: {'line': b'-- Up-to-date symlink: /home/carlos/ros2_ws/install/px4_msgs/lib/python3.12/site-packages/px4_msgs/msg/_home_position_s.c\n'}
[2.838640] (px4_msgs) StdoutLine: {'line': b'-- Up-to-date symlink: /home/carlos/ros2_ws/install/px4_msgs/lib/python3.12/site-packages/px4_msgs/msg/_hover_thrust_estimate.py\n'}
[2.838720] (px4_msgs) StdoutLine: {'line': b'-- Up-to-date symlink: /home/carlos/ros2_ws/install/px4_msgs/lib/python3.12/site-packages/px4_msgs/msg/_hover_thrust_estimate_s.c\n'}
[2.838800] (px4_msgs) StdoutLine: {'line': b'-- Up-to-date symlink: /home/carlos/ros2_ws/install/px4_msgs/lib/python3.12/site-packages/px4_msgs/msg/_input_rc.py\n'}
[2.838879] (px4_msgs) StdoutLine: {'line': b'-- Up-to-date symlink: /home/carlos/ros2_ws/install/px4_msgs/lib/python3.12/site-packages/px4_msgs/msg/_input_rc_s.c\n'}
[2.838960] (px4_msgs) StdoutLine: {'line': b'-- Up-to-date symlink: /home/carlos/ros2_ws/install/px4_msgs/lib/python3.12/site-packages/px4_msgs/msg/_internal_combustion_engine_control.py\n'}
[2.839046] (px4_msgs) StdoutLine: {'line': b'-- Up-to-date symlink: /home/carlos/ros2_ws/install/px4_msgs/lib/python3.12/site-packages/px4_msgs/msg/_internal_combustion_engine_control_s.c\n'}
[2.839131] (px4_msgs) StdoutLine: {'line': b'-- Up-to-date symlink: /home/carlos/ros2_ws/install/px4_msgs/lib/python3.12/site-packages/px4_msgs/msg/_internal_combustion_engine_status.py\n'}
[2.839211] (px4_msgs) StdoutLine: {'line': b'-- Up-to-date symlink: /home/carlos/ros2_ws/install/px4_msgs/lib/python3.12/site-packages/px4_msgs/msg/_internal_combustion_engine_status_s.c\n'}
[2.839290] (px4_msgs) StdoutLine: {'line': b'-- Up-to-date symlink: /home/carlos/ros2_ws/install/px4_msgs/lib/python3.12/site-packages/px4_msgs/msg/_iridiumsbd_status.py\n'}
[2.839371] (px4_msgs) StdoutLine: {'line': b'-- Up-to-date symlink: /home/carlos/ros2_ws/install/px4_msgs/lib/python3.12/site-packages/px4_msgs/msg/_iridiumsbd_status_s.c\n'}
[2.839451] (px4_msgs) StdoutLine: {'line': b'-- Up-to-date symlink: /home/carlos/ros2_ws/install/px4_msgs/lib/python3.12/site-packages/px4_msgs/msg/_irlock_report.py\n'}
[2.839531] (px4_msgs) StdoutLine: {'line': b'-- Up-to-date symlink: /home/carlos/ros2_ws/install/px4_msgs/lib/python3.12/site-packages/px4_msgs/msg/_irlock_report_s.c\n'}
[2.839610] (px4_msgs) StdoutLine: {'line': b'-- Up-to-date symlink: /home/carlos/ros2_ws/install/px4_msgs/lib/python3.12/site-packages/px4_msgs/msg/_landing_gear.py\n'}
[2.839690] (px4_msgs) StdoutLine: {'line': b'-- Up-to-date symlink: /home/carlos/ros2_ws/install/px4_msgs/lib/python3.12/site-packages/px4_msgs/msg/_landing_gear_s.c\n'}
[2.839770] (px4_msgs) StdoutLine: {'line': b'-- Up-to-date symlink: /home/carlos/ros2_ws/install/px4_msgs/lib/python3.12/site-packages/px4_msgs/msg/_landing_gear_wheel.py\n'}
[2.839850] (px4_msgs) StdoutLine: {'line': b'-- Up-to-date symlink: /home/carlos/ros2_ws/install/px4_msgs/lib/python3.12/site-packages/px4_msgs/msg/_landing_gear_wheel_s.c\n'}
[2.839930] (px4_msgs) StdoutLine: {'line': b'-- Up-to-date symlink: /home/carlos/ros2_ws/install/px4_msgs/lib/python3.12/site-packages/px4_msgs/msg/_landing_target_innovations.py\n'}
[2.840010] (px4_msgs) StdoutLine: {'line': b'-- Up-to-date symlink: /home/carlos/ros2_ws/install/px4_msgs/lib/python3.12/site-packages/px4_msgs/msg/_landing_target_innovations_s.c\n'}
[2.840097] (px4_msgs) StdoutLine: {'line': b'-- Up-to-date symlink: /home/carlos/ros2_ws/install/px4_msgs/lib/python3.12/site-packages/px4_msgs/msg/_landing_target_pose.py\n'}
[2.840181] (px4_msgs) StdoutLine: {'line': b'-- Up-to-date symlink: /home/carlos/ros2_ws/install/px4_msgs/lib/python3.12/site-packages/px4_msgs/msg/_landing_target_pose_s.c\n'}
[2.840261] (px4_msgs) StdoutLine: {'line': b'-- Up-to-date symlink: /home/carlos/ros2_ws/install/px4_msgs/lib/python3.12/site-packages/px4_msgs/msg/_lateral_control_configuration.py\n'}
[2.840345] (px4_msgs) StdoutLine: {'line': b'-- Up-to-date symlink: /home/carlos/ros2_ws/install/px4_msgs/lib/python3.12/site-packages/px4_msgs/msg/_lateral_control_configuration_s.c\n'}
[2.840426] (px4_msgs) StdoutLine: {'line': b'-- Up-to-date symlink: /home/carlos/ros2_ws/install/px4_msgs/lib/python3.12/site-packages/px4_msgs/msg/_launch_detection_status.py\n'}
[2.840505] (px4_msgs) StdoutLine: {'line': b'-- Up-to-date symlink: /home/carlos/ros2_ws/install/px4_msgs/lib/python3.12/site-packages/px4_msgs/msg/_launch_detection_status_s.c\n'}
[2.840585] (px4_msgs) StdoutLine: {'line': b'-- Up-to-date symlink: /home/carlos/ros2_ws/install/px4_msgs/lib/python3.12/site-packages/px4_msgs/msg/_led_control.py\n'}
[2.840665] (px4_msgs) StdoutLine: {'line': b'-- Up-to-date symlink: /home/carlos/ros2_ws/install/px4_msgs/lib/python3.12/site-packages/px4_msgs/msg/_led_control_s.c\n'}
[2.840745] (px4_msgs) StdoutLine: {'line': b'-- Up-to-date symlink: /home/carlos/ros2_ws/install/px4_msgs/lib/python3.12/site-packages/px4_msgs/msg/_log_message.py\n'}
[2.840825] (px4_msgs) StdoutLine: {'line': b'-- Up-to-date symlink: /home/carlos/ros2_ws/install/px4_msgs/lib/python3.12/site-packages/px4_msgs/msg/_log_message_s.c\n'}
[2.840904] (px4_msgs) StdoutLine: {'line': b'-- Up-to-date symlink: /home/carlos/ros2_ws/install/px4_msgs/lib/python3.12/site-packages/px4_msgs/msg/_logger_status.py\n'}
[2.840983] (px4_msgs) StdoutLine: {'line': b'-- Up-to-date symlink: /home/carlos/ros2_ws/install/px4_msgs/lib/python3.12/site-packages/px4_msgs/msg/_logger_status_s.c\n'}
[2.841072] (px4_msgs) StdoutLine: {'line': b'-- Up-to-date symlink: /home/carlos/ros2_ws/install/px4_msgs/lib/python3.12/site-packages/px4_msgs/msg/_longitudinal_control_configuration.py\n'}
[2.841156] (px4_msgs) StdoutLine: {'line': b'-- Up-to-date symlink: /home/carlos/ros2_ws/install/px4_msgs/lib/python3.12/site-packages/px4_msgs/msg/_longitudinal_control_configuration_s.c\n'}
[2.841236] (px4_msgs) StdoutLine: {'line': b'-- Up-to-date symlink: /home/carlos/ros2_ws/install/px4_msgs/lib/python3.12/site-packages/px4_msgs/msg/_mag_worker_data.py\n'}
[2.841316] (px4_msgs) StdoutLine: {'line': b'-- Up-to-date symlink: /home/carlos/ros2_ws/install/px4_msgs/lib/python3.12/site-packages/px4_msgs/msg/_mag_worker_data_s.c\n'}
[2.841396] (px4_msgs) StdoutLine: {'line': b'-- Up-to-date symlink: /home/carlos/ros2_ws/install/px4_msgs/lib/python3.12/site-packages/px4_msgs/msg/_magnetometer_bias_estimate.py\n'}
[2.841475] (px4_msgs) StdoutLine: {'line': b'-- Up-to-date symlink: /home/carlos/ros2_ws/install/px4_msgs/lib/python3.12/site-packages/px4_msgs/msg/_magnetometer_bias_estimate_s.c\n'}
[2.841555] (px4_msgs) StdoutLine: {'line': b'-- Up-to-date symlink: /home/carlos/ros2_ws/install/px4_msgs/lib/python3.12/site-packages/px4_msgs/msg/_manual_control_setpoint.py\n'}
[2.841635] (px4_msgs) StdoutLine: {'line': b'-- Up-to-date symlink: /home/carlos/ros2_ws/install/px4_msgs/lib/python3.12/site-packages/px4_msgs/msg/_manual_control_setpoint_s.c\n'}
[2.841714] (px4_msgs) StdoutLine: {'line': b'-- Up-to-date symlink: /home/carlos/ros2_ws/install/px4_msgs/lib/python3.12/site-packages/px4_msgs/msg/_manual_control_switches.py\n'}
[2.841794] (px4_msgs) StdoutLine: {'line': b'-- Up-to-date symlink: /home/carlos/ros2_ws/install/px4_msgs/lib/python3.12/site-packages/px4_msgs/msg/_manual_control_switches_s.c\n'}
[2.841874] (px4_msgs) StdoutLine: {'line': b'-- Up-to-date symlink: /home/carlos/ros2_ws/install/px4_msgs/lib/python3.12/site-packages/px4_msgs/msg/_mavlink_log.py\n'}
[2.841953] (px4_msgs) StdoutLine: {'line': b'-- Up-to-date symlink: /home/carlos/ros2_ws/install/px4_msgs/lib/python3.12/site-packages/px4_msgs/msg/_mavlink_log_s.c\n'}
[2.842033] (px4_msgs) StdoutLine: {'line': b'-- Up-to-date symlink: /home/carlos/ros2_ws/install/px4_msgs/lib/python3.12/site-packages/px4_msgs/msg/_mavlink_tunnel.py\n'}
[2.842124] (px4_msgs) StdoutLine: {'line': b'-- Up-to-date symlink: /home/carlos/ros2_ws/install/px4_msgs/lib/python3.12/site-packages/px4_msgs/msg/_mavlink_tunnel_s.c\n'}
[2.842205] (px4_msgs) StdoutLine: {'line': b'-- Up-to-date symlink: /home/carlos/ros2_ws/install/px4_msgs/lib/python3.12/site-packages/px4_msgs/msg/_message_format_request.py\n'}
[2.842284] (px4_msgs) StdoutLine: {'line': b'-- Up-to-date symlink: /home/carlos/ros2_ws/install/px4_msgs/lib/python3.12/site-packages/px4_msgs/msg/_message_format_request_s.c\n'}
[2.842364] (px4_msgs) StdoutLine: {'line': b'-- Up-to-date symlink: /home/carlos/ros2_ws/install/px4_msgs/lib/python3.12/site-packages/px4_msgs/msg/_message_format_response.py\n'}
[2.842443] (px4_msgs) StdoutLine: {'line': b'-- Up-to-date symlink: /home/carlos/ros2_ws/install/px4_msgs/lib/python3.12/site-packages/px4_msgs/msg/_message_format_response_s.c\n'}
[2.842523] (px4_msgs) StdoutLine: {'line': b'-- Up-to-date symlink: /home/carlos/ros2_ws/install/px4_msgs/lib/python3.12/site-packages/px4_msgs/msg/_mission.py\n'}
[2.842603] (px4_msgs) StdoutLine: {'line': b'-- Up-to-date symlink: /home/carlos/ros2_ws/install/px4_msgs/lib/python3.12/site-packages/px4_msgs/msg/_mission_result.py\n'}
[2.842684] (px4_msgs) StdoutLine: {'line': b'-- Up-to-date symlink: /home/carlos/ros2_ws/install/px4_msgs/lib/python3.12/site-packages/px4_msgs/msg/_mission_result_s.c\n'}
[2.842765] (px4_msgs) StdoutLine: {'line': b'-- Up-to-date symlink: /home/carlos/ros2_ws/install/px4_msgs/lib/python3.12/site-packages/px4_msgs/msg/_mission_s.c\n'}
[2.842845] (px4_msgs) StdoutLine: {'line': b'-- Up-to-date symlink: /home/carlos/ros2_ws/install/px4_msgs/lib/python3.12/site-packages/px4_msgs/msg/_mode_completed.py\n'}
[2.842925] (px4_msgs) StdoutLine: {'line': b'-- Up-to-date symlink: /home/carlos/ros2_ws/install/px4_msgs/lib/python3.12/site-packages/px4_msgs/msg/_mode_completed_s.c\n'}
[2.843005] (px4_msgs) StdoutLine: {'line': b'-- Up-to-date symlink: /home/carlos/ros2_ws/install/px4_msgs/lib/python3.12/site-packages/px4_msgs/msg/_mount_orientation.py\n'}
[2.843090] (px4_msgs) StdoutLine: {'line': b'-- Up-to-date symlink: /home/carlos/ros2_ws/install/px4_msgs/lib/python3.12/site-packages/px4_msgs/msg/_mount_orientation_s.c\n'}
[2.843177] (px4_msgs) StdoutLine: {'line': b'-- Up-to-date symlink: /home/carlos/ros2_ws/install/px4_msgs/lib/python3.12/site-packages/px4_msgs/msg/_navigator_mission_item.py\n'}
[2.843256] (px4_msgs) StdoutLine: {'line': b'-- Up-to-date symlink: /home/carlos/ros2_ws/install/px4_msgs/lib/python3.12/site-packages/px4_msgs/msg/_navigator_mission_item_s.c\n'}
[2.843336] (px4_msgs) StdoutLine: {'line': b'-- Up-to-date symlink: /home/carlos/ros2_ws/install/px4_msgs/lib/python3.12/site-packages/px4_msgs/msg/_navigator_status.py\n'}
[2.843415] (px4_msgs) StdoutLine: {'line': b'-- Up-to-date symlink: /home/carlos/ros2_ws/install/px4_msgs/lib/python3.12/site-packages/px4_msgs/msg/_navigator_status_s.c\n'}
[2.843499] (px4_msgs) StdoutLine: {'line': b'-- Up-to-date symlink: /home/carlos/ros2_ws/install/px4_msgs/lib/python3.12/site-packages/px4_msgs/msg/_neural_control.py\n'}
[2.843580] (px4_msgs) StdoutLine: {'line': b'-- Up-to-date symlink: /home/carlos/ros2_ws/install/px4_msgs/lib/python3.12/site-packages/px4_msgs/msg/_neural_control_s.c\n'}
[2.843660] (px4_msgs) StdoutLine: {'line': b'-- Up-to-date symlink: /home/carlos/ros2_ws/install/px4_msgs/lib/python3.12/site-packages/px4_msgs/msg/_normalized_unsigned_setpoint.py\n'}
[2.843740] (px4_msgs) StdoutLine: {'line': b'-- Up-to-date symlink: /home/carlos/ros2_ws/install/px4_msgs/lib/python3.12/site-packages/px4_msgs/msg/_normalized_unsigned_setpoint_s.c\n'}
[2.843820] (px4_msgs) StdoutLine: {'line': b'-- Up-to-date symlink: /home/carlos/ros2_ws/install/px4_msgs/lib/python3.12/site-packages/px4_msgs/msg/_obstacle_distance.py\n'}
[2.843899] (px4_msgs) StdoutLine: {'line': b'-- Up-to-date symlink: /home/carlos/ros2_ws/install/px4_msgs/lib/python3.12/site-packages/px4_msgs/msg/_obstacle_distance_s.c\n'}
[2.843979] (px4_msgs) StdoutLine: {'line': b'-- Up-to-date symlink: /home/carlos/ros2_ws/install/px4_msgs/lib/python3.12/site-packages/px4_msgs/msg/_offboard_control_mode.py\n'}
[2.844065] (px4_msgs) StdoutLine: {'line': b'-- Up-to-date symlink: /home/carlos/ros2_ws/install/px4_msgs/lib/python3.12/site-packages/px4_msgs/msg/_offboard_control_mode_s.c\n'}
[2.844149] (px4_msgs) StdoutLine: {'line': b'-- Up-to-date symlink: /home/carlos/ros2_ws/install/px4_msgs/lib/python3.12/site-packages/px4_msgs/msg/_onboard_computer_status.py\n'}
[2.844229] (px4_msgs) StdoutLine: {'line': b'-- Up-to-date symlink: /home/carlos/ros2_ws/install/px4_msgs/lib/python3.12/site-packages/px4_msgs/msg/_onboard_computer_status_s.c\n'}
[2.844307] (px4_msgs) StdoutLine: {'line': b'-- Up-to-date symlink: /home/carlos/ros2_ws/install/px4_msgs/lib/python3.12/site-packages/px4_msgs/msg/_open_drone_id_arm_status.py\n'}
[2.844387] (px4_msgs) StdoutLine: {'line': b'-- Up-to-date symlink: /home/carlos/ros2_ws/install/px4_msgs/lib/python3.12/site-packages/px4_msgs/msg/_open_drone_id_arm_status_s.c\n'}
[2.844466] (px4_msgs) StdoutLine: {'line': b'-- Up-to-date symlink: /home/carlos/ros2_ws/install/px4_msgs/lib/python3.12/site-packages/px4_msgs/msg/_open_drone_id_operator_id.py\n'}
[2.844546] (px4_msgs) StdoutLine: {'line': b'-- Up-to-date symlink: /home/carlos/ros2_ws/install/px4_msgs/lib/python3.12/site-packages/px4_msgs/msg/_open_drone_id_operator_id_s.c\n'}
[2.844625] (px4_msgs) StdoutLine: {'line': b'-- Up-to-date symlink: /home/carlos/ros2_ws/install/px4_msgs/lib/python3.12/site-packages/px4_msgs/msg/_open_drone_id_self_id.py\n'}
[2.844704] (px4_msgs) StdoutLine: {'line': b'-- Up-to-date symlink: /home/carlos/ros2_ws/install/px4_msgs/lib/python3.12/site-packages/px4_msgs/msg/_open_drone_id_self_id_s.c\n'}
[2.844784] (px4_msgs) StdoutLine: {'line': b'-- Up-to-date symlink: /home/carlos/ros2_ws/install/px4_msgs/lib/python3.12/site-packages/px4_msgs/msg/_open_drone_id_system.py\n'}
[2.844864] (px4_msgs) StdoutLine: {'line': b'-- Up-to-date symlink: /home/carlos/ros2_ws/install/px4_msgs/lib/python3.12/site-packages/px4_msgs/msg/_open_drone_id_system_s.c\n'}
[2.844943] (px4_msgs) StdoutLine: {'line': b'-- Up-to-date symlink: /home/carlos/ros2_ws/install/px4_msgs/lib/python3.12/site-packages/px4_msgs/msg/_orb_test.py\n'}
[2.845022] (px4_msgs) StdoutLine: {'line': b'-- Up-to-date symlink: /home/carlos/ros2_ws/install/px4_msgs/lib/python3.12/site-packages/px4_msgs/msg/_orb_test_large.py\n'}
[2.845113] (px4_msgs) StdoutLine: {'line': b'-- Up-to-date symlink: /home/carlos/ros2_ws/install/px4_msgs/lib/python3.12/site-packages/px4_msgs/msg/_orb_test_large_s.c\n'}
[2.845193] (px4_msgs) StdoutLine: {'line': b'-- Up-to-date symlink: /home/carlos/ros2_ws/install/px4_msgs/lib/python3.12/site-packages/px4_msgs/msg/_orb_test_medium.py\n'}
[2.845273] (px4_msgs) StdoutLine: {'line': b'-- Up-to-date symlink: /home/carlos/ros2_ws/install/px4_msgs/lib/python3.12/site-packages/px4_msgs/msg/_orb_test_medium_s.c\n'}
[2.845353] (px4_msgs) StdoutLine: {'line': b'-- Up-to-date symlink: /home/carlos/ros2_ws/install/px4_msgs/lib/python3.12/site-packages/px4_msgs/msg/_orb_test_s.c\n'}
[2.845432] (px4_msgs) StdoutLine: {'line': b'-- Up-to-date symlink: /home/carlos/ros2_ws/install/px4_msgs/lib/python3.12/site-packages/px4_msgs/msg/_orbit_status.py\n'}
[2.845511] (px4_msgs) StdoutLine: {'line': b'-- Up-to-date symlink: /home/carlos/ros2_ws/install/px4_msgs/lib/python3.12/site-packages/px4_msgs/msg/_orbit_status_s.c\n'}
[2.845591] (px4_msgs) StdoutLine: {'line': b'-- Up-to-date symlink: /home/carlos/ros2_ws/install/px4_msgs/lib/python3.12/site-packages/px4_msgs/msg/_parameter_reset_request.py\n'}
[2.845670] (px4_msgs) StdoutLine: {'line': b'-- Up-to-date symlink: /home/carlos/ros2_ws/install/px4_msgs/lib/python3.12/site-packages/px4_msgs/msg/_parameter_reset_request_s.c\n'}
[2.845750] (px4_msgs) StdoutLine: {'line': b'-- Up-to-date symlink: /home/carlos/ros2_ws/install/px4_msgs/lib/python3.12/site-packages/px4_msgs/msg/_parameter_set_used_request.py\n'}
[2.845830] (px4_msgs) StdoutLine: {'line': b'-- Up-to-date symlink: /home/carlos/ros2_ws/install/px4_msgs/lib/python3.12/site-packages/px4_msgs/msg/_parameter_set_used_request_s.c\n'}
[2.845909] (px4_msgs) StdoutLine: {'line': b'-- Up-to-date symlink: /home/carlos/ros2_ws/install/px4_msgs/lib/python3.12/site-packages/px4_msgs/msg/_parameter_set_value_request.py\n'}
[2.845989] (px4_msgs) StdoutLine: {'line': b'-- Up-to-date symlink: /home/carlos/ros2_ws/install/px4_msgs/lib/python3.12/site-packages/px4_msgs/msg/_parameter_set_value_request_s.c\n'}
[2.846075] (px4_msgs) StdoutLine: {'line': b'-- Up-to-date symlink: /home/carlos/ros2_ws/install/px4_msgs/lib/python3.12/site-packages/px4_msgs/msg/_parameter_set_value_response.py\n'}
[2.846160] (px4_msgs) StdoutLine: {'line': b'-- Up-to-date symlink: /home/carlos/ros2_ws/install/px4_msgs/lib/python3.12/site-packages/px4_msgs/msg/_parameter_set_value_response_s.c\n'}
[2.846240] (px4_msgs) StdoutLine: {'line': b'-- Up-to-date symlink: /home/carlos/ros2_ws/install/px4_msgs/lib/python3.12/site-packages/px4_msgs/msg/_parameter_update.py\n'}
[2.846320] (px4_msgs) StdoutLine: {'line': b'-- Up-to-date symlink: /home/carlos/ros2_ws/install/px4_msgs/lib/python3.12/site-packages/px4_msgs/msg/_parameter_update_s.c\n'}
[2.846399] (px4_msgs) StdoutLine: {'line': b'-- Up-to-date symlink: /home/carlos/ros2_ws/install/px4_msgs/lib/python3.12/site-packages/px4_msgs/msg/_ping.py\n'}
[2.846479] (px4_msgs) StdoutLine: {'line': b'-- Up-to-date symlink: /home/carlos/ros2_ws/install/px4_msgs/lib/python3.12/site-packages/px4_msgs/msg/_ping_s.c\n'}
[2.846560] (px4_msgs) StdoutLine: {'line': b'-- Up-to-date symlink: /home/carlos/ros2_ws/install/px4_msgs/lib/python3.12/site-packages/px4_msgs/msg/_position_controller_landing_status.py\n'}
[2.846645] (px4_msgs) StdoutLine: {'line': b'-- Up-to-date symlink: /home/carlos/ros2_ws/install/px4_msgs/lib/python3.12/site-packages/px4_msgs/msg/_position_controller_landing_status_s.c\n'}
[2.846726] (px4_msgs) StdoutLine: {'line': b'-- Up-to-date symlink: /home/carlos/ros2_ws/install/px4_msgs/lib/python3.12/site-packages/px4_msgs/msg/_position_controller_status.py\n'}
[2.846806] (px4_msgs) StdoutLine: {'line': b'-- Up-to-date symlink: /home/carlos/ros2_ws/install/px4_msgs/lib/python3.12/site-packages/px4_msgs/msg/_position_controller_status_s.c\n'}
[2.846887] (px4_msgs) StdoutLine: {'line': b'-- Up-to-date symlink: /home/carlos/ros2_ws/install/px4_msgs/lib/python3.12/site-packages/px4_msgs/msg/_position_setpoint.py\n'}
[2.846967] (px4_msgs) StdoutLine: {'line': b'-- Up-to-date symlink: /home/carlos/ros2_ws/install/px4_msgs/lib/python3.12/site-packages/px4_msgs/msg/_position_setpoint_s.c\n'}
[2.847051] (px4_msgs) StdoutLine: {'line': b'-- Up-to-date symlink: /home/carlos/ros2_ws/install/px4_msgs/lib/python3.12/site-packages/px4_msgs/msg/_position_setpoint_triplet.py\n'}
[2.847135] (px4_msgs) StdoutLine: {'line': b'-- Up-to-date symlink: /home/carlos/ros2_ws/install/px4_msgs/lib/python3.12/site-packages/px4_msgs/msg/_position_setpoint_triplet_s.c\n'}
[2.847214] (px4_msgs) StdoutLine: {'line': b'-- Up-to-date symlink: /home/carlos/ros2_ws/install/px4_msgs/lib/python3.12/site-packages/px4_msgs/msg/_power_button_state.py\n'}
[2.847294] (px4_msgs) StdoutLine: {'line': b'-- Up-to-date symlink: /home/carlos/ros2_ws/install/px4_msgs/lib/python3.12/site-packages/px4_msgs/msg/_power_button_state_s.c\n'}
[2.847375] (px4_msgs) StdoutLine: {'line': b'-- Up-to-date symlink: /home/carlos/ros2_ws/install/px4_msgs/lib/python3.12/site-packages/px4_msgs/msg/_power_monitor.py\n'}
[2.847454] (px4_msgs) StdoutLine: {'line': b'-- Up-to-date symlink: /home/carlos/ros2_ws/install/px4_msgs/lib/python3.12/site-packages/px4_msgs/msg/_power_monitor_s.c\n'}
[2.847534] (px4_msgs) StdoutLine: {'line': b'-- Up-to-date symlink: /home/carlos/ros2_ws/install/px4_msgs/lib/python3.12/site-packages/px4_msgs/msg/_pps_capture.py\n'}
[2.847613] (px4_msgs) StdoutLine: {'line': b'-- Up-to-date symlink: /home/carlos/ros2_ws/install/px4_msgs/lib/python3.12/site-packages/px4_msgs/msg/_pps_capture_s.c\n'}
[2.847694] (px4_msgs) StdoutLine: {'line': b'-- Up-to-date symlink: /home/carlos/ros2_ws/install/px4_msgs/lib/python3.12/site-packages/px4_msgs/msg/_pure_pursuit_status.py\n'}
[2.847773] (px4_msgs) StdoutLine: {'line': b'-- Up-to-date symlink: /home/carlos/ros2_ws/install/px4_msgs/lib/python3.12/site-packages/px4_msgs/msg/_pure_pursuit_status_s.c\n'}
[2.847853] (px4_msgs) StdoutLine: {'line': b'-- Up-to-date symlink: /home/carlos/ros2_ws/install/px4_msgs/lib/python3.12/site-packages/px4_msgs/msg/_pwm_input.py\n'}
[2.847933] (px4_msgs) StdoutLine: {'line': b'-- Up-to-date symlink: /home/carlos/ros2_ws/install/px4_msgs/lib/python3.12/site-packages/px4_msgs/msg/_pwm_input_s.c\n'}
[2.848013] (px4_msgs) StdoutLine: {'line': b'-- Up-to-date symlink: /home/carlos/ros2_ws/install/px4_msgs/lib/python3.12/site-packages/px4_msgs/msg/_px4io_status.py\n'}
[2.848101] (px4_msgs) StdoutLine: {'line': b'-- Up-to-date symlink: /home/carlos/ros2_ws/install/px4_msgs/lib/python3.12/site-packages/px4_msgs/msg/_px4io_status_s.c\n'}
[2.848184] (px4_msgs) StdoutLine: {'line': b'-- Up-to-date symlink: /home/carlos/ros2_ws/install/px4_msgs/lib/python3.12/site-packages/px4_msgs/msg/_qshell_req.py\n'}
[2.848264] (px4_msgs) StdoutLine: {'line': b'-- Up-to-date symlink: /home/carlos/ros2_ws/install/px4_msgs/lib/python3.12/site-packages/px4_msgs/msg/_qshell_req_s.c\n'}
[2.848343] (px4_msgs) StdoutLine: {'line': b'-- Up-to-date symlink: /home/carlos/ros2_ws/install/px4_msgs/lib/python3.12/site-packages/px4_msgs/msg/_qshell_retval.py\n'}
[2.848422] (px4_msgs) StdoutLine: {'line': b'-- Up-to-date symlink: /home/carlos/ros2_ws/install/px4_msgs/lib/python3.12/site-packages/px4_msgs/msg/_qshell_retval_s.c\n'}
[2.848501] (px4_msgs) StdoutLine: {'line': b'-- Up-to-date symlink: /home/carlos/ros2_ws/install/px4_msgs/lib/python3.12/site-packages/px4_msgs/msg/_radio_status.py\n'}
[2.848580] (px4_msgs) StdoutLine: {'line': b'-- Up-to-date symlink: /home/carlos/ros2_ws/install/px4_msgs/lib/python3.12/site-packages/px4_msgs/msg/_radio_status_s.c\n'}
[2.848660] (px4_msgs) StdoutLine: {'line': b'-- Up-to-date symlink: /home/carlos/ros2_ws/install/px4_msgs/lib/python3.12/site-packages/px4_msgs/msg/_rate_ctrl_status.py\n'}
[2.848739] (px4_msgs) StdoutLine: {'line': b'-- Up-to-date symlink: /home/carlos/ros2_ws/install/px4_msgs/lib/python3.12/site-packages/px4_msgs/msg/_rate_ctrl_status_s.c\n'}
[2.848818] (px4_msgs) StdoutLine: {'line': b'-- Up-to-date symlink: /home/carlos/ros2_ws/install/px4_msgs/lib/python3.12/site-packages/px4_msgs/msg/_rc_channels.py\n'}
[2.848898] (px4_msgs) StdoutLine: {'line': b'-- Up-to-date symlink: /home/carlos/ros2_ws/install/px4_msgs/lib/python3.12/site-packages/px4_msgs/msg/_rc_channels_s.c\n'}
[2.848977] (px4_msgs) StdoutLine: {'line': b'-- Up-to-date symlink: /home/carlos/ros2_ws/install/px4_msgs/lib/python3.12/site-packages/px4_msgs/msg/_rc_parameter_map.py\n'}
[2.849060] (px4_msgs) StdoutLine: {'line': b'-- Up-to-date symlink: /home/carlos/ros2_ws/install/px4_msgs/lib/python3.12/site-packages/px4_msgs/msg/_rc_parameter_map_s.c\n'}
[2.849146] (px4_msgs) StdoutLine: {'line': b'-- Up-to-date symlink: /home/carlos/ros2_ws/install/px4_msgs/lib/python3.12/site-packages/px4_msgs/msg/_register_ext_component_reply.py\n'}
[2.849226] (px4_msgs) StdoutLine: {'line': b'-- Up-to-date symlink: /home/carlos/ros2_ws/install/px4_msgs/lib/python3.12/site-packages/px4_msgs/msg/_register_ext_component_reply_s.c\n'}
[2.849306] (px4_msgs) StdoutLine: {'line': b'-- Up-to-date symlink: /home/carlos/ros2_ws/install/px4_msgs/lib/python3.12/site-packages/px4_msgs/msg/_register_ext_component_request.py\n'}
[2.849385] (px4_msgs) StdoutLine: {'line': b'-- Up-to-date symlink: /home/carlos/ros2_ws/install/px4_msgs/lib/python3.12/site-packages/px4_msgs/msg/_register_ext_component_request_s.c\n'}
[2.849466] (px4_msgs) StdoutLine: {'line': b'-- Up-to-date symlink: /home/carlos/ros2_ws/install/px4_msgs/lib/python3.12/site-packages/px4_msgs/msg/_rover_attitude_setpoint.py\n'}
[2.849545] (px4_msgs) StdoutLine: {'line': b'-- Up-to-date symlink: /home/carlos/ros2_ws/install/px4_msgs/lib/python3.12/site-packages/px4_msgs/msg/_rover_attitude_setpoint_s.c\n'}
[2.849625] (px4_msgs) StdoutLine: {'line': b'-- Up-to-date symlink: /home/carlos/ros2_ws/install/px4_msgs/lib/python3.12/site-packages/px4_msgs/msg/_rover_attitude_status.py\n'}
[2.849705] (px4_msgs) StdoutLine: {'line': b'-- Up-to-date symlink: /home/carlos/ros2_ws/install/px4_msgs/lib/python3.12/site-packages/px4_msgs/msg/_rover_attitude_status_s.c\n'}
[2.849784] (px4_msgs) StdoutLine: {'line': b'-- Up-to-date symlink: /home/carlos/ros2_ws/install/px4_msgs/lib/python3.12/site-packages/px4_msgs/msg/_rover_position_setpoint.py\n'}
[2.849869] (px4_msgs) StdoutLine: {'line': b'-- Up-to-date symlink: /home/carlos/ros2_ws/install/px4_msgs/lib/python3.12/site-packages/px4_msgs/msg/_rover_position_setpoint_s.c\n'}
[2.849950] (px4_msgs) StdoutLine: {'line': b'-- Up-to-date symlink: /home/carlos/ros2_ws/install/px4_msgs/lib/python3.12/site-packages/px4_msgs/msg/_rover_rate_setpoint.py\n'}
[2.850030] (px4_msgs) StdoutLine: {'line': b'-- Up-to-date symlink: /home/carlos/ros2_ws/install/px4_msgs/lib/python3.12/site-packages/px4_msgs/msg/_rover_rate_setpoint_s.c\n'}
[2.850120] (px4_msgs) StdoutLine: {'line': b'-- Up-to-date symlink: /home/carlos/ros2_ws/install/px4_msgs/lib/python3.12/site-packages/px4_msgs/msg/_rover_rate_status.py\n'}
[2.850202] (px4_msgs) StdoutLine: {'line': b'-- Up-to-date symlink: /home/carlos/ros2_ws/install/px4_msgs/lib/python3.12/site-packages/px4_msgs/msg/_rover_rate_status_s.c\n'}
[2.850281] (px4_msgs) StdoutLine: {'line': b'-- Up-to-date symlink: /home/carlos/ros2_ws/install/px4_msgs/lib/python3.12/site-packages/px4_msgs/msg/_rover_speed_setpoint.py\n'}
[2.850361] (px4_msgs) StdoutLine: {'line': b'-- Up-to-date symlink: /home/carlos/ros2_ws/install/px4_msgs/lib/python3.12/site-packages/px4_msgs/msg/_rover_speed_setpoint_s.c\n'}
[2.850441] (px4_msgs) StdoutLine: {'line': b'-- Up-to-date symlink: /home/carlos/ros2_ws/install/px4_msgs/lib/python3.12/site-packages/px4_msgs/msg/_rover_speed_status.py\n'}
[2.850521] (px4_msgs) StdoutLine: {'line': b'-- Up-to-date symlink: /home/carlos/ros2_ws/install/px4_msgs/lib/python3.12/site-packages/px4_msgs/msg/_rover_speed_status_s.c\n'}
[2.850601] (px4_msgs) StdoutLine: {'line': b'-- Up-to-date symlink: /home/carlos/ros2_ws/install/px4_msgs/lib/python3.12/site-packages/px4_msgs/msg/_rover_steering_setpoint.py\n'}
[2.850680] (px4_msgs) StdoutLine: {'line': b'-- Up-to-date symlink: /home/carlos/ros2_ws/install/px4_msgs/lib/python3.12/site-packages/px4_msgs/msg/_rover_steering_setpoint_s.c\n'}
[2.850759] (px4_msgs) StdoutLine: {'line': b'-- Up-to-date symlink: /home/carlos/ros2_ws/install/px4_msgs/lib/python3.12/site-packages/px4_msgs/msg/_rover_throttle_setpoint.py\n'}
[2.850839] (px4_msgs) StdoutLine: {'line': b'-- Up-to-date symlink: /home/carlos/ros2_ws/install/px4_msgs/lib/python3.12/site-packages/px4_msgs/msg/_rover_throttle_setpoint_s.c\n'}
[2.850928] (px4_msgs) StdoutLine: {'line': b'-- Up-to-date symlink: /home/carlos/ros2_ws/install/px4_msgs/lib/python3.12/site-packages/px4_msgs/msg/_rpm.py\n'}
[2.851008] (px4_msgs) StdoutLine: {'line': b'-- Up-to-date symlink: /home/carlos/ros2_ws/install/px4_msgs/lib/python3.12/site-packages/px4_msgs/msg/_rpm_s.c\n'}
[2.851093] (px4_msgs) StdoutLine: {'line': b'-- Up-to-date symlink: /home/carlos/ros2_ws/install/px4_msgs/lib/python3.12/site-packages/px4_msgs/msg/_rtl_status.py\n'}
[2.851178] (px4_msgs) StdoutLine: {'line': b'-- Up-to-date symlink: /home/carlos/ros2_ws/install/px4_msgs/lib/python3.12/site-packages/px4_msgs/msg/_rtl_status_s.c\n'}
[2.851258] (px4_msgs) StdoutLine: {'line': b'-- Up-to-date symlink: /home/carlos/ros2_ws/install/px4_msgs/lib/python3.12/site-packages/px4_msgs/msg/_rtl_time_estimate.py\n'}
[2.851338] (px4_msgs) StdoutLine: {'line': b'-- Up-to-date symlink: /home/carlos/ros2_ws/install/px4_msgs/lib/python3.12/site-packages/px4_msgs/msg/_rtl_time_estimate_s.c\n'}
[2.851417] (px4_msgs) StdoutLine: {'line': b'-- Up-to-date symlink: /home/carlos/ros2_ws/install/px4_msgs/lib/python3.12/site-packages/px4_msgs/msg/_satellite_info.py\n'}
[2.851497] (px4_msgs) StdoutLine: {'line': b'-- Up-to-date symlink: /home/carlos/ros2_ws/install/px4_msgs/lib/python3.12/site-packages/px4_msgs/msg/_satellite_info_s.c\n'}
[2.851578] (px4_msgs) StdoutLine: {'line': b'-- Up-to-date symlink: /home/carlos/ros2_ws/install/px4_msgs/lib/python3.12/site-packages/px4_msgs/msg/_sensor_accel.py\n'}
[2.851658] (px4_msgs) StdoutLine: {'line': b'-- Up-to-date symlink: /home/carlos/ros2_ws/install/px4_msgs/lib/python3.12/site-packages/px4_msgs/msg/_sensor_accel_fifo.py\n'}
[2.851738] (px4_msgs) StdoutLine: {'line': b'-- Up-to-date symlink: /home/carlos/ros2_ws/install/px4_msgs/lib/python3.12/site-packages/px4_msgs/msg/_sensor_accel_fifo_s.c\n'}
[2.851818] (px4_msgs) StdoutLine: {'line': b'-- Up-to-date symlink: /home/carlos/ros2_ws/install/px4_msgs/lib/python3.12/site-packages/px4_msgs/msg/_sensor_accel_s.c\n'}
[2.851898] (px4_msgs) StdoutLine: {'line': b'-- Up-to-date symlink: /home/carlos/ros2_ws/install/px4_msgs/lib/python3.12/site-packages/px4_msgs/msg/_sensor_airflow.py\n'}
[2.851977] (px4_msgs) StdoutLine: {'line': b'-- Up-to-date symlink: /home/carlos/ros2_ws/install/px4_msgs/lib/python3.12/site-packages/px4_msgs/msg/_sensor_airflow_s.c\n'}
[2.852061] (px4_msgs) StdoutLine: {'line': b'-- Up-to-date symlink: /home/carlos/ros2_ws/install/px4_msgs/lib/python3.12/site-packages/px4_msgs/msg/_sensor_baro.py\n'}
[2.852138] (px4_msgs) StdoutLine: {'line': b'-- Up-to-date symlink: /home/carlos/ros2_ws/install/px4_msgs/lib/python3.12/site-packages/px4_msgs/msg/_sensor_baro_s.c\n'}
[2.852217] (px4_msgs) StdoutLine: {'line': b'-- Up-to-date symlink: /home/carlos/ros2_ws/install/px4_msgs/lib/python3.12/site-packages/px4_msgs/msg/_sensor_combined.py\n'}
[2.852298] (px4_msgs) StdoutLine: {'line': b'-- Up-to-date symlink: /home/carlos/ros2_ws/install/px4_msgs/lib/python3.12/site-packages/px4_msgs/msg/_sensor_combined_s.c\n'}
[2.852377] (px4_msgs) StdoutLine: {'line': b'-- Up-to-date symlink: /home/carlos/ros2_ws/install/px4_msgs/lib/python3.12/site-packages/px4_msgs/msg/_sensor_correction.py\n'}
[2.852457] (px4_msgs) StdoutLine: {'line': b'-- Up-to-date symlink: /home/carlos/ros2_ws/install/px4_msgs/lib/python3.12/site-packages/px4_msgs/msg/_sensor_correction_s.c\n'}
[2.852537] (px4_msgs) StdoutLine: {'line': b'-- Up-to-date symlink: /home/carlos/ros2_ws/install/px4_msgs/lib/python3.12/site-packages/px4_msgs/msg/_sensor_gnss_relative.py\n'}
[2.852617] (px4_msgs) StdoutLine: {'line': b'-- Up-to-date symlink: /home/carlos/ros2_ws/install/px4_msgs/lib/python3.12/site-packages/px4_msgs/msg/_sensor_gnss_relative_s.c\n'}
[2.852696] (px4_msgs) StdoutLine: {'line': b'-- Up-to-date symlink: /home/carlos/ros2_ws/install/px4_msgs/lib/python3.12/site-packages/px4_msgs/msg/_sensor_gnss_status.py\n'}
[2.852775] (px4_msgs) StdoutLine: {'line': b'-- Up-to-date symlink: /home/carlos/ros2_ws/install/px4_msgs/lib/python3.12/site-packages/px4_msgs/msg/_sensor_gnss_status_s.c\n'}
[2.852855] (px4_msgs) StdoutLine: {'line': b'-- Up-to-date symlink: /home/carlos/ros2_ws/install/px4_msgs/lib/python3.12/site-packages/px4_msgs/msg/_sensor_gps.py\n'}
[2.852934] (px4_msgs) StdoutLine: {'line': b'-- Up-to-date symlink: /home/carlos/ros2_ws/install/px4_msgs/lib/python3.12/site-packages/px4_msgs/msg/_sensor_gps_s.c\n'}
[2.853013] (px4_msgs) StdoutLine: {'line': b'-- Up-to-date symlink: /home/carlos/ros2_ws/install/px4_msgs/lib/python3.12/site-packages/px4_msgs/msg/_sensor_gyro.py\n'}
[2.853107] (px4_msgs) StdoutLine: {'line': b'-- Up-to-date symlink: /home/carlos/ros2_ws/install/px4_msgs/lib/python3.12/site-packages/px4_msgs/msg/_sensor_gyro_fft.py\n'}
[2.853187] (px4_msgs) StdoutLine: {'line': b'-- Up-to-date symlink: /home/carlos/ros2_ws/install/px4_msgs/lib/python3.12/site-packages/px4_msgs/msg/_sensor_gyro_fft_s.c\n'}
[2.853267] (px4_msgs) StdoutLine: {'line': b'-- Up-to-date symlink: /home/carlos/ros2_ws/install/px4_msgs/lib/python3.12/site-packages/px4_msgs/msg/_sensor_gyro_fifo.py\n'}
[2.853346] (px4_msgs) StdoutLine: {'line': b'-- Up-to-date symlink: /home/carlos/ros2_ws/install/px4_msgs/lib/python3.12/site-packages/px4_msgs/msg/_sensor_gyro_fifo_s.c\n'}
[2.853426] (px4_msgs) StdoutLine: {'line': b'-- Up-to-date symlink: /home/carlos/ros2_ws/install/px4_msgs/lib/python3.12/site-packages/px4_msgs/msg/_sensor_gyro_s.c\n'}
[2.853506] (px4_msgs) StdoutLine: {'line': b'-- Up-to-date symlink: /home/carlos/ros2_ws/install/px4_msgs/lib/python3.12/site-packages/px4_msgs/msg/_sensor_hygrometer.py\n'}
[2.853585] (px4_msgs) StdoutLine: {'line': b'-- Up-to-date symlink: /home/carlos/ros2_ws/install/px4_msgs/lib/python3.12/site-packages/px4_msgs/msg/_sensor_hygrometer_s.c\n'}
[2.853665] (px4_msgs) StdoutLine: {'line': b'-- Up-to-date symlink: /home/carlos/ros2_ws/install/px4_msgs/lib/python3.12/site-packages/px4_msgs/msg/_sensor_mag.py\n'}
[2.853744] (px4_msgs) StdoutLine: {'line': b'-- Up-to-date symlink: /home/carlos/ros2_ws/install/px4_msgs/lib/python3.12/site-packages/px4_msgs/msg/_sensor_mag_s.c\n'}
[2.853824] (px4_msgs) StdoutLine: {'line': b'-- Up-to-date symlink: /home/carlos/ros2_ws/install/px4_msgs/lib/python3.12/site-packages/px4_msgs/msg/_sensor_optical_flow.py\n'}
[2.853904] (px4_msgs) StdoutLine: {'line': b'-- Up-to-date symlink: /home/carlos/ros2_ws/install/px4_msgs/lib/python3.12/site-packages/px4_msgs/msg/_sensor_optical_flow_s.c\n'}
[2.853984] (px4_msgs) StdoutLine: {'line': b'-- Up-to-date symlink: /home/carlos/ros2_ws/install/px4_msgs/lib/python3.12/site-packages/px4_msgs/msg/_sensor_preflight_mag.py\n'}
[2.854070] (px4_msgs) StdoutLine: {'line': b'-- Up-to-date symlink: /home/carlos/ros2_ws/install/px4_msgs/lib/python3.12/site-packages/px4_msgs/msg/_sensor_preflight_mag_s.c\n'}
[2.854153] (px4_msgs) StdoutLine: {'line': b'-- Up-to-date symlink: /home/carlos/ros2_ws/install/px4_msgs/lib/python3.12/site-packages/px4_msgs/msg/_sensor_selection.py\n'}
[2.854234] (px4_msgs) StdoutLine: {'line': b'-- Up-to-date symlink: /home/carlos/ros2_ws/install/px4_msgs/lib/python3.12/site-packages/px4_msgs/msg/_sensor_selection_s.c\n'}
[2.854315] (px4_msgs) StdoutLine: {'line': b'-- Up-to-date symlink: /home/carlos/ros2_ws/install/px4_msgs/lib/python3.12/site-packages/px4_msgs/msg/_sensor_uwb.py\n'}
[2.854396] (px4_msgs) StdoutLine: {'line': b'-- Up-to-date symlink: /home/carlos/ros2_ws/install/px4_msgs/lib/python3.12/site-packages/px4_msgs/msg/_sensor_uwb_s.c\n'}
[2.854475] (px4_msgs) StdoutLine: {'line': b'-- Up-to-date symlink: /home/carlos/ros2_ws/install/px4_msgs/lib/python3.12/site-packages/px4_msgs/msg/_sensors_status.py\n'}
[2.854555] (px4_msgs) StdoutLine: {'line': b'-- Up-to-date symlink: /home/carlos/ros2_ws/install/px4_msgs/lib/python3.12/site-packages/px4_msgs/msg/_sensors_status_imu.py\n'}
[2.854634] (px4_msgs) StdoutLine: {'line': b'-- Up-to-date symlink: /home/carlos/ros2_ws/install/px4_msgs/lib/python3.12/site-packages/px4_msgs/msg/_sensors_status_imu_s.c\n'}
[2.854715] (px4_msgs) StdoutLine: {'line': b'-- Up-to-date symlink: /home/carlos/ros2_ws/install/px4_msgs/lib/python3.12/site-packages/px4_msgs/msg/_sensors_status_s.c\n'}
[2.854794] (px4_msgs) StdoutLine: {'line': b'-- Up-to-date symlink: /home/carlos/ros2_ws/install/px4_msgs/lib/python3.12/site-packages/px4_msgs/msg/_system_power.py\n'}
[2.854873] (px4_msgs) StdoutLine: {'line': b'-- Up-to-date symlink: /home/carlos/ros2_ws/install/px4_msgs/lib/python3.12/site-packages/px4_msgs/msg/_system_power_s.c\n'}
[2.854952] (px4_msgs) StdoutLine: {'line': b'-- Up-to-date symlink: /home/carlos/ros2_ws/install/px4_msgs/lib/python3.12/site-packages/px4_msgs/msg/_takeoff_status.py\n'}
[2.855032] (px4_msgs) StdoutLine: {'line': b'-- Up-to-date symlink: /home/carlos/ros2_ws/install/px4_msgs/lib/python3.12/site-packages/px4_msgs/msg/_takeoff_status_s.c\n'}
[2.855121] (px4_msgs) StdoutLine: {'line': b'-- Up-to-date symlink: /home/carlos/ros2_ws/install/px4_msgs/lib/python3.12/site-packages/px4_msgs/msg/_task_stack_info.py\n'}
[2.855204] (px4_msgs) StdoutLine: {'line': b'-- Up-to-date symlink: /home/carlos/ros2_ws/install/px4_msgs/lib/python3.12/site-packages/px4_msgs/msg/_task_stack_info_s.c\n'}
[2.855284] (px4_msgs) StdoutLine: {'line': b'-- Up-to-date symlink: /home/carlos/ros2_ws/install/px4_msgs/lib/python3.12/site-packages/px4_msgs/msg/_tecs_status.py\n'}
[2.855364] (px4_msgs) StdoutLine: {'line': b'-- Up-to-date symlink: /home/carlos/ros2_ws/install/px4_msgs/lib/python3.12/site-packages/px4_msgs/msg/_tecs_status_s.c\n'}
[2.855443] (px4_msgs) StdoutLine: {'line': b'-- Up-to-date symlink: /home/carlos/ros2_ws/install/px4_msgs/lib/python3.12/site-packages/px4_msgs/msg/_telemetry_status.py\n'}
[2.855523] (px4_msgs) StdoutLine: {'line': b'-- Up-to-date symlink: /home/carlos/ros2_ws/install/px4_msgs/lib/python3.12/site-packages/px4_msgs/msg/_telemetry_status_s.c\n'}
[2.855603] (px4_msgs) StdoutLine: {'line': b'-- Up-to-date symlink: /home/carlos/ros2_ws/install/px4_msgs/lib/python3.12/site-packages/px4_msgs/msg/_tiltrotor_extra_controls.py\n'}
[2.855683] (px4_msgs) StdoutLine: {'line': b'-- Up-to-date symlink: /home/carlos/ros2_ws/install/px4_msgs/lib/python3.12/site-packages/px4_msgs/msg/_tiltrotor_extra_controls_s.c\n'}
[2.855763] (px4_msgs) StdoutLine: {'line': b'-- Up-to-date symlink: /home/carlos/ros2_ws/install/px4_msgs/lib/python3.12/site-packages/px4_msgs/msg/_timesync_status.py\n'}
[2.855843] (px4_msgs) StdoutLine: {'line': b'-- Up-to-date symlink: /home/carlos/ros2_ws/install/px4_msgs/lib/python3.12/site-packages/px4_msgs/msg/_timesync_status_s.c\n'}
[2.855923] (px4_msgs) StdoutLine: {'line': b'-- Up-to-date symlink: /home/carlos/ros2_ws/install/px4_msgs/lib/python3.12/site-packages/px4_msgs/msg/_trajectory_setpoint.py\n'}
[2.856003] (px4_msgs) StdoutLine: {'line': b'-- Up-to-date symlink: /home/carlos/ros2_ws/install/px4_msgs/lib/python3.12/site-packages/px4_msgs/msg/_trajectory_setpoint6dof.py\n'}
[2.856088] (px4_msgs) StdoutLine: {'line': b'-- Up-to-date symlink: /home/carlos/ros2_ws/install/px4_msgs/lib/python3.12/site-packages/px4_msgs/msg/_trajectory_setpoint6dof_s.c\n'}
[2.856174] (px4_msgs) StdoutLine: {'line': b'-- Up-to-date symlink: /home/carlos/ros2_ws/install/px4_msgs/lib/python3.12/site-packages/px4_msgs/msg/_trajectory_setpoint_s.c\n'}
[2.856253] (px4_msgs) StdoutLine: {'line': b'-- Up-to-date symlink: /home/carlos/ros2_ws/install/px4_msgs/lib/python3.12/site-packages/px4_msgs/msg/_transponder_report.py\n'}
[2.856333] (px4_msgs) StdoutLine: {'line': b'-- Up-to-date symlink: /home/carlos/ros2_ws/install/px4_msgs/lib/python3.12/site-packages/px4_msgs/msg/_transponder_report_s.c\n'}
[2.856418] (px4_msgs) StdoutLine: {'line': b'-- Up-to-date symlink: /home/carlos/ros2_ws/install/px4_msgs/lib/python3.12/site-packages/px4_msgs/msg/_tune_control.py\n'}
[2.856499] (px4_msgs) StdoutLine: {'line': b'-- Up-to-date symlink: /home/carlos/ros2_ws/install/px4_msgs/lib/python3.12/site-packages/px4_msgs/msg/_tune_control_s.c\n'}
[2.856579] (px4_msgs) StdoutLine: {'line': b'-- Up-to-date symlink: /home/carlos/ros2_ws/install/px4_msgs/lib/python3.12/site-packages/px4_msgs/msg/_uavcan_parameter_request.py\n'}
[2.856658] (px4_msgs) StdoutLine: {'line': b'-- Up-to-date symlink: /home/carlos/ros2_ws/install/px4_msgs/lib/python3.12/site-packages/px4_msgs/msg/_uavcan_parameter_request_s.c\n'}
[2.856738] (px4_msgs) StdoutLine: {'line': b'-- Up-to-date symlink: /home/carlos/ros2_ws/install/px4_msgs/lib/python3.12/site-packages/px4_msgs/msg/_uavcan_parameter_value.py\n'}
[2.856818] (px4_msgs) StdoutLine: {'line': b'-- Up-to-date symlink: /home/carlos/ros2_ws/install/px4_msgs/lib/python3.12/site-packages/px4_msgs/msg/_uavcan_parameter_value_s.c\n'}
[2.856897] (px4_msgs) StdoutLine: {'line': b'-- Up-to-date symlink: /home/carlos/ros2_ws/install/px4_msgs/lib/python3.12/site-packages/px4_msgs/msg/_ulog_stream.py\n'}
[2.856978] (px4_msgs) StdoutLine: {'line': b'-- Up-to-date symlink: /home/carlos/ros2_ws/install/px4_msgs/lib/python3.12/site-packages/px4_msgs/msg/_ulog_stream_ack.py\n'}
[2.857063] (px4_msgs) StdoutLine: {'line': b'-- Up-to-date symlink: /home/carlos/ros2_ws/install/px4_msgs/lib/python3.12/site-packages/px4_msgs/msg/_ulog_stream_ack_s.c\n'}
[2.857149] (px4_msgs) StdoutLine: {'line': b'-- Up-to-date symlink: /home/carlos/ros2_ws/install/px4_msgs/lib/python3.12/site-packages/px4_msgs/msg/_ulog_stream_s.c\n'}
[2.857229] (px4_msgs) StdoutLine: {'line': b'-- Up-to-date symlink: /home/carlos/ros2_ws/install/px4_msgs/lib/python3.12/site-packages/px4_msgs/msg/_unregister_ext_component.py\n'}
[2.857309] (px4_msgs) StdoutLine: {'line': b'-- Up-to-date symlink: /home/carlos/ros2_ws/install/px4_msgs/lib/python3.12/site-packages/px4_msgs/msg/_unregister_ext_component_s.c\n'}
[2.857389] (px4_msgs) StdoutLine: {'line': b'-- Up-to-date symlink: /home/carlos/ros2_ws/install/px4_msgs/lib/python3.12/site-packages/px4_msgs/msg/_vehicle_acceleration.py\n'}
[2.857469] (px4_msgs) StdoutLine: {'line': b'-- Up-to-date symlink: /home/carlos/ros2_ws/install/px4_msgs/lib/python3.12/site-packages/px4_msgs/msg/_vehicle_acceleration_s.c\n'}
[2.857548] (px4_msgs) StdoutLine: {'line': b'-- Up-to-date symlink: /home/carlos/ros2_ws/install/px4_msgs/lib/python3.12/site-packages/px4_msgs/msg/_vehicle_air_data.py\n'}
[2.857628] (px4_msgs) StdoutLine: {'line': b'-- Up-to-date symlink: /home/carlos/ros2_ws/install/px4_msgs/lib/python3.12/site-packages/px4_msgs/msg/_vehicle_air_data_s.c\n'}
[2.857718] (px4_msgs) StdoutLine: {'line': b'-- Up-to-date symlink: /home/carlos/ros2_ws/install/px4_msgs/lib/python3.12/site-packages/px4_msgs/msg/_vehicle_angular_acceleration_setpoint.py\n'}
[2.857800] (px4_msgs) StdoutLine: {'line': b'-- Up-to-date symlink: /home/carlos/ros2_ws/install/px4_msgs/lib/python3.12/site-packages/px4_msgs/msg/_vehicle_angular_acceleration_setpoint_s.c\n'}
[2.857895] (px4_msgs) StdoutLine: {'line': b'-- Up-to-date symlink: /home/carlos/ros2_ws/install/px4_msgs/lib/python3.12/site-packages/px4_msgs/msg/_vehicle_angular_velocity.py\n'}
[2.857974] (px4_msgs) StdoutLine: {'line': b'-- Up-to-date symlink: /home/carlos/ros2_ws/install/px4_msgs/lib/python3.12/site-packages/px4_msgs/msg/_vehicle_angular_velocity_s.c\n'}
[2.858057] (px4_msgs) StdoutLine: {'line': b'-- Up-to-date symlink: /home/carlos/ros2_ws/install/px4_msgs/lib/python3.12/site-packages/px4_msgs/msg/_vehicle_attitude.py\n'}
[2.858151] (px4_msgs) StdoutLine: {'line': b'-- Up-to-date symlink: /home/carlos/ros2_ws/install/px4_msgs/lib/python3.12/site-packages/px4_msgs/msg/_vehicle_attitude_s.c\n'}
[2.858231] (px4_msgs) StdoutLine: {'line': b'-- Up-to-date symlink: /home/carlos/ros2_ws/install/px4_msgs/lib/python3.12/site-packages/px4_msgs/msg/_vehicle_attitude_setpoint.py\n'}
[2.858310] (px4_msgs) StdoutLine: {'line': b'-- Up-to-date symlink: /home/carlos/ros2_ws/install/px4_msgs/lib/python3.12/site-packages/px4_msgs/msg/_vehicle_attitude_setpoint_s.c\n'}
[2.858390] (px4_msgs) StdoutLine: {'line': b'-- Up-to-date symlink: /home/carlos/ros2_ws/install/px4_msgs/lib/python3.12/site-packages/px4_msgs/msg/_vehicle_command.py\n'}
[2.858470] (px4_msgs) StdoutLine: {'line': b'-- Up-to-date symlink: /home/carlos/ros2_ws/install/px4_msgs/lib/python3.12/site-packages/px4_msgs/msg/_vehicle_command_ack.py\n'}
[2.858550] (px4_msgs) StdoutLine: {'line': b'-- Up-to-date symlink: /home/carlos/ros2_ws/install/px4_msgs/lib/python3.12/site-packages/px4_msgs/msg/_vehicle_command_ack_s.c\n'}
[2.858629] (px4_msgs) StdoutLine: {'line': b'-- Up-to-date symlink: /home/carlos/ros2_ws/install/px4_msgs/lib/python3.12/site-packages/px4_msgs/msg/_vehicle_command_s.c\n'}
[2.858709] (px4_msgs) StdoutLine: {'line': b'-- Up-to-date symlink: /home/carlos/ros2_ws/install/px4_msgs/lib/python3.12/site-packages/px4_msgs/msg/_vehicle_constraints.py\n'}
[2.858789] (px4_msgs) StdoutLine: {'line': b'-- Up-to-date symlink: /home/carlos/ros2_ws/install/px4_msgs/lib/python3.12/site-packages/px4_msgs/msg/_vehicle_constraints_s.c\n'}
[2.858869] (px4_msgs) StdoutLine: {'line': b'-- Up-to-date symlink: /home/carlos/ros2_ws/install/px4_msgs/lib/python3.12/site-packages/px4_msgs/msg/_vehicle_control_mode.py\n'}
[2.858948] (px4_msgs) StdoutLine: {'line': b'-- Up-to-date symlink: /home/carlos/ros2_ws/install/px4_msgs/lib/python3.12/site-packages/px4_msgs/msg/_vehicle_control_mode_s.c\n'}
[2.859028] (px4_msgs) StdoutLine: {'line': b'-- Up-to-date symlink: /home/carlos/ros2_ws/install/px4_msgs/lib/python3.12/site-packages/px4_msgs/msg/_vehicle_global_position.py\n'}
[2.859121] (px4_msgs) StdoutLine: {'line': b'-- Up-to-date symlink: /home/carlos/ros2_ws/install/px4_msgs/lib/python3.12/site-packages/px4_msgs/msg/_vehicle_global_position_s.c\n'}
[2.859202] (px4_msgs) StdoutLine: {'line': b'-- Up-to-date symlink: /home/carlos/ros2_ws/install/px4_msgs/lib/python3.12/site-packages/px4_msgs/msg/_vehicle_imu.py\n'}
[2.859282] (px4_msgs) StdoutLine: {'line': b'-- Up-to-date symlink: /home/carlos/ros2_ws/install/px4_msgs/lib/python3.12/site-packages/px4_msgs/msg/_vehicle_imu_s.c\n'}
[2.859353] (px4_msgs) StdoutLine: {'line': b'-- Up-to-date symlink: /home/carlos/ros2_ws/install/px4_msgs/lib/python3.12/site-packages/px4_msgs/msg/_vehicle_imu_status.py\n'}
[2.859433] (px4_msgs) StdoutLine: {'line': b'-- Up-to-date symlink: /home/carlos/ros2_ws/install/px4_msgs/lib/python3.12/site-packages/px4_msgs/msg/_vehicle_imu_status_s.c\n'}
[2.859513] (px4_msgs) StdoutLine: {'line': b'-- Up-to-date symlink: /home/carlos/ros2_ws/install/px4_msgs/lib/python3.12/site-packages/px4_msgs/msg/_vehicle_land_detected.py\n'}
[2.859597] (px4_msgs) StdoutLine: {'line': b'-- Up-to-date symlink: /home/carlos/ros2_ws/install/px4_msgs/lib/python3.12/site-packages/px4_msgs/msg/_vehicle_land_detected_s.c\n'}
[2.859678] (px4_msgs) StdoutLine: {'line': b'-- Up-to-date symlink: /home/carlos/ros2_ws/install/px4_msgs/lib/python3.12/site-packages/px4_msgs/msg/_vehicle_local_position.py\n'}
[2.859758] (px4_msgs) StdoutLine: {'line': b'-- Up-to-date symlink: /home/carlos/ros2_ws/install/px4_msgs/lib/python3.12/site-packages/px4_msgs/msg/_vehicle_local_position_s.c\n'}
[2.859840] (px4_msgs) StdoutLine: {'line': b'-- Up-to-date symlink: /home/carlos/ros2_ws/install/px4_msgs/lib/python3.12/site-packages/px4_msgs/msg/_vehicle_local_position_setpoint.py\n'}
[2.859921] (px4_msgs) StdoutLine: {'line': b'-- Up-to-date symlink: /home/carlos/ros2_ws/install/px4_msgs/lib/python3.12/site-packages/px4_msgs/msg/_vehicle_local_position_setpoint_s.c\n'}
[2.860001] (px4_msgs) StdoutLine: {'line': b'-- Up-to-date symlink: /home/carlos/ros2_ws/install/px4_msgs/lib/python3.12/site-packages/px4_msgs/msg/_vehicle_magnetometer.py\n'}
[2.860085] (px4_msgs) StdoutLine: {'line': b'-- Up-to-date symlink: /home/carlos/ros2_ws/install/px4_msgs/lib/python3.12/site-packages/px4_msgs/msg/_vehicle_magnetometer_s.c\n'}
[2.860174] (px4_msgs) StdoutLine: {'line': b'-- Up-to-date symlink: /home/carlos/ros2_ws/install/px4_msgs/lib/python3.12/site-packages/px4_msgs/msg/_vehicle_odometry.py\n'}
[2.860251] (px4_msgs) StdoutLine: {'line': b'-- Up-to-date symlink: /home/carlos/ros2_ws/install/px4_msgs/lib/python3.12/site-packages/px4_msgs/msg/_vehicle_odometry_s.c\n'}
[2.860331] (px4_msgs) StdoutLine: {'line': b'-- Up-to-date symlink: /home/carlos/ros2_ws/install/px4_msgs/lib/python3.12/site-packages/px4_msgs/msg/_vehicle_optical_flow.py\n'}
[2.860411] (px4_msgs) StdoutLine: {'line': b'-- Up-to-date symlink: /home/carlos/ros2_ws/install/px4_msgs/lib/python3.12/site-packages/px4_msgs/msg/_vehicle_optical_flow_s.c\n'}
[2.860491] (px4_msgs) StdoutLine: {'line': b'-- Up-to-date symlink: /home/carlos/ros2_ws/install/px4_msgs/lib/python3.12/site-packages/px4_msgs/msg/_vehicle_optical_flow_vel.py\n'}
[2.860571] (px4_msgs) StdoutLine: {'line': b'-- Up-to-date symlink: /home/carlos/ros2_ws/install/px4_msgs/lib/python3.12/site-packages/px4_msgs/msg/_vehicle_optical_flow_vel_s.c\n'}
[2.860650] (px4_msgs) StdoutLine: {'line': b'-- Up-to-date symlink: /home/carlos/ros2_ws/install/px4_msgs/lib/python3.12/site-packages/px4_msgs/msg/_vehicle_rates_setpoint.py\n'}
[2.860729] (px4_msgs) StdoutLine: {'line': b'-- Up-to-date symlink: /home/carlos/ros2_ws/install/px4_msgs/lib/python3.12/site-packages/px4_msgs/msg/_vehicle_rates_setpoint_s.c\n'}
[2.860809] (px4_msgs) StdoutLine: {'line': b'-- Up-to-date symlink: /home/carlos/ros2_ws/install/px4_msgs/lib/python3.12/site-packages/px4_msgs/msg/_vehicle_roi.py\n'}
[2.860889] (px4_msgs) StdoutLine: {'line': b'-- Up-to-date symlink: /home/carlos/ros2_ws/install/px4_msgs/lib/python3.12/site-packages/px4_msgs/msg/_vehicle_roi_s.c\n'}
[2.860969] (px4_msgs) StdoutLine: {'line': b'-- Up-to-date symlink: /home/carlos/ros2_ws/install/px4_msgs/lib/python3.12/site-packages/px4_msgs/msg/_vehicle_status.py\n'}
[2.861052] (px4_msgs) StdoutLine: {'line': b'-- Up-to-date symlink: /home/carlos/ros2_ws/install/px4_msgs/lib/python3.12/site-packages/px4_msgs/msg/_vehicle_status_s.c\n'}
[2.861136] (px4_msgs) StdoutLine: {'line': b'-- Up-to-date symlink: /home/carlos/ros2_ws/install/px4_msgs/lib/python3.12/site-packages/px4_msgs/msg/_vehicle_thrust_setpoint.py\n'}
[2.861216] (px4_msgs) StdoutLine: {'line': b'-- Up-to-date symlink: /home/carlos/ros2_ws/install/px4_msgs/lib/python3.12/site-packages/px4_msgs/msg/_vehicle_thrust_setpoint_s.c\n'}
[2.861296] (px4_msgs) StdoutLine: {'line': b'-- Up-to-date symlink: /home/carlos/ros2_ws/install/px4_msgs/lib/python3.12/site-packages/px4_msgs/msg/_vehicle_torque_setpoint.py\n'}
[2.861375] (px4_msgs) StdoutLine: {'line': b'-- Up-to-date symlink: /home/carlos/ros2_ws/install/px4_msgs/lib/python3.12/site-packages/px4_msgs/msg/_vehicle_torque_setpoint_s.c\n'}
[2.861455] (px4_msgs) StdoutLine: {'line': b'-- Up-to-date symlink: /home/carlos/ros2_ws/install/px4_msgs/lib/python3.12/site-packages/px4_msgs/msg/_velocity_limits.py\n'}
[2.861534] (px4_msgs) StdoutLine: {'line': b'-- Up-to-date symlink: /home/carlos/ros2_ws/install/px4_msgs/lib/python3.12/site-packages/px4_msgs/msg/_velocity_limits_s.c\n'}
[2.861613] (px4_msgs) StdoutLine: {'line': b'-- Up-to-date symlink: /home/carlos/ros2_ws/install/px4_msgs/lib/python3.12/site-packages/px4_msgs/msg/_vtol_vehicle_status.py\n'}
[2.861693] (px4_msgs) StdoutLine: {'line': b'-- Up-to-date symlink: /home/carlos/ros2_ws/install/px4_msgs/lib/python3.12/site-packages/px4_msgs/msg/_vtol_vehicle_status_s.c\n'}
[2.861773] (px4_msgs) StdoutLine: {'line': b'-- Up-to-date symlink: /home/carlos/ros2_ws/install/px4_msgs/lib/python3.12/site-packages/px4_msgs/msg/_wheel_encoders.py\n'}
[2.861853] (px4_msgs) StdoutLine: {'line': b'-- Up-to-date symlink: /home/carlos/ros2_ws/install/px4_msgs/lib/python3.12/site-packages/px4_msgs/msg/_wheel_encoders_s.c\n'}
[2.861934] (px4_msgs) StdoutLine: {'line': b'-- Up-to-date symlink: /home/carlos/ros2_ws/install/px4_msgs/lib/python3.12/site-packages/px4_msgs/msg/_wind.py\n'}
[2.862014] (px4_msgs) StdoutLine: {'line': b'-- Up-to-date symlink: /home/carlos/ros2_ws/install/px4_msgs/lib/python3.12/site-packages/px4_msgs/msg/_wind_s.c\n'}
[2.862100] (px4_msgs) StdoutLine: {'line': b'-- Up-to-date symlink: /home/carlos/ros2_ws/install/px4_msgs/lib/python3.12/site-packages/px4_msgs/msg/_yaw_estimator_status.py\n'}
[2.862186] (px4_msgs) StdoutLine: {'line': b'-- Up-to-date symlink: /home/carlos/ros2_ws/install/px4_msgs/lib/python3.12/site-packages/px4_msgs/msg/_yaw_estimator_status_s.c\n'}
[2.862262] (px4_msgs) StdoutLine: {'line': b'-- Up-to-date symlink: /home/carlos/ros2_ws/install/px4_msgs/lib/python3.12/site-packages/px4_msgs/px4_msgs_s__rosidl_typesupport_c.so\n'}
[2.862339] (px4_msgs) StdoutLine: {'line': b'-- Up-to-date symlink: /home/carlos/ros2_ws/install/px4_msgs/lib/python3.12/site-packages/px4_msgs/px4_msgs_s__rosidl_typesupport_fastrtps_c.so\n'}
[2.862416] (px4_msgs) StdoutLine: {'line': b'-- Up-to-date symlink: /home/carlos/ros2_ws/install/px4_msgs/lib/python3.12/site-packages/px4_msgs/px4_msgs_s__rosidl_typesupport_introspection_c.so\n'}
[2.862497] (px4_msgs) StdoutLine: {'line': b'-- Up-to-date symlink: /home/carlos/ros2_ws/install/px4_msgs/lib/python3.12/site-packages/px4_msgs/srv/__init__.py\n'}
[2.862577] (px4_msgs) StdoutLine: {'line': b'-- Up-to-date symlink: /home/carlos/ros2_ws/install/px4_msgs/lib/python3.12/site-packages/px4_msgs/srv/_vehicle_command.py\n'}
[2.862658] (px4_msgs) StdoutLine: {'line': b'-- Up-to-date symlink: /home/carlos/ros2_ws/install/px4_msgs/lib/python3.12/site-packages/px4_msgs/srv/_vehicle_command_s.c\n'}
[2.862859] (px4_msgs) StdoutLine: {'line': b'-- Up-to-date symlink: /home/carlos/ros2_ws/install/px4_msgs/lib/python3.12/site-packages/px4_msgs/px4_msgs_s__rosidl_typesupport_fastrtps_c.so\n'}
[2.863034] (px4_msgs) StdoutLine: {'line': b'-- Up-to-date symlink: /home/carlos/ros2_ws/install/px4_msgs/lib/python3.12/site-packages/px4_msgs/px4_msgs_s__rosidl_typesupport_introspection_c.so\n'}
[2.863207] (px4_msgs) StdoutLine: {'line': b'-- Up-to-date symlink: /home/carlos/ros2_ws/install/px4_msgs/lib/python3.12/site-packages/px4_msgs/px4_msgs_s__rosidl_typesupport_c.so\n'}
[2.863353] (px4_msgs) StdoutLine: {'line': b'-- Up-to-date symlink: /home/carlos/ros2_ws/install/px4_msgs/share/px4_msgs/msg/ActionRequest.idl\n'}
[2.863442] (px4_msgs) StdoutLine: {'line': b'-- Up-to-date symlink: /home/carlos/ros2_ws/install/px4_msgs/share/px4_msgs/msg/ActuatorArmed.idl\n'}
[2.863573] (px4_msgs) StdoutLine: {'line': b'-- Up-to-date symlink: /home/carlos/ros2_ws/install/px4_msgs/share/px4_msgs/msg/ActuatorControlsStatus.idl\n'}
[2.863661] (px4_msgs) StdoutLine: {'line': b'-- Up-to-date symlink: /home/carlos/ros2_ws/install/px4_msgs/share/px4_msgs/msg/ActuatorMotors.idl\n'}
[2.863788] (px4_msgs) StdoutLine: {'line': b'-- Up-to-date symlink: /home/carlos/ros2_ws/install/px4_msgs/share/px4_msgs/msg/ActuatorOutputs.idl\n'}
[2.863879] (px4_msgs) StdoutLine: {'line': b'-- Up-to-date symlink: /home/carlos/ros2_ws/install/px4_msgs/share/px4_msgs/msg/ActuatorServos.idl\n'}
[2.863999] (px4_msgs) StdoutLine: {'line': b'-- Up-to-date symlink: /home/carlos/ros2_ws/install/px4_msgs/share/px4_msgs/msg/ActuatorServosTrim.idl\n'}
[2.864100] (px4_msgs) StdoutLine: {'line': b'-- Up-to-date symlink: /home/carlos/ros2_ws/install/px4_msgs/share/px4_msgs/msg/ActuatorTest.idl\n'}
[2.864232] (px4_msgs) StdoutLine: {'line': b'-- Up-to-date symlink: /home/carlos/ros2_ws/install/px4_msgs/share/px4_msgs/msg/AdcReport.idl\n'}
[2.864324] (px4_msgs) StdoutLine: {'line': b'-- Up-to-date symlink: /home/carlos/ros2_ws/install/px4_msgs/share/px4_msgs/msg/Airspeed.idl\n'}
[2.864419] (px4_msgs) StdoutLine: {'line': b'-- Up-to-date symlink: /home/carlos/ros2_ws/install/px4_msgs/share/px4_msgs/msg/AirspeedValidated.idl\n'}
[2.864524] (px4_msgs) StdoutLine: {'line': b'-- Up-to-date symlink: /home/carlos/ros2_ws/install/px4_msgs/share/px4_msgs/msg/AirspeedWind.idl\n'}
[2.864628] (px4_msgs) StdoutLine: {'line': b'-- Up-to-date symlink: /home/carlos/ros2_ws/install/px4_msgs/share/px4_msgs/msg/ArmingCheckReply.idl\n'}
[2.864732] (px4_msgs) StdoutLine: {'line': b'-- Up-to-date symlink: /home/carlos/ros2_ws/install/px4_msgs/share/px4_msgs/msg/ArmingCheckRequest.idl\n'}
[2.864837] (px4_msgs) StdoutLine: {'line': b'-- Up-to-date symlink: /home/carlos/ros2_ws/install/px4_msgs/share/px4_msgs/msg/AutotuneAttitudeControlStatus.idl\n'}
[2.864941] (px4_msgs) StdoutLine: {'line': b'-- Up-to-date symlink: /home/carlos/ros2_ws/install/px4_msgs/share/px4_msgs/msg/BatteryInfo.idl\n'}
[2.865052] (px4_msgs) StdoutLine: {'line': b'-- Up-to-date symlink: /home/carlos/ros2_ws/install/px4_msgs/share/px4_msgs/msg/BatteryStatus.idl\n'}
[2.865185] (px4_msgs) StdoutLine: {'line': b'-- Up-to-date symlink: /home/carlos/ros2_ws/install/px4_msgs/share/px4_msgs/msg/ButtonEvent.idl\n'}
[2.865289] (px4_msgs) StdoutLine: {'line': b'-- Up-to-date symlink: /home/carlos/ros2_ws/install/px4_msgs/share/px4_msgs/msg/CameraCapture.idl\n'}
[2.865364] (px4_msgs) StdoutLine: {'line': b'-- Up-to-date symlink: /home/carlos/ros2_ws/install/px4_msgs/share/px4_msgs/msg/CameraStatus.idl\n'}
[2.865469] (px4_msgs) StdoutLine: {'line': b'-- Up-to-date symlink: /home/carlos/ros2_ws/install/px4_msgs/share/px4_msgs/msg/CameraTrigger.idl\n'}
[2.865573] (px4_msgs) StdoutLine: {'line': b'-- Up-to-date symlink: /home/carlos/ros2_ws/install/px4_msgs/share/px4_msgs/msg/CanInterfaceStatus.idl\n'}
[2.865677] (px4_msgs) StdoutLine: {'line': b'-- Up-to-date symlink: /home/carlos/ros2_ws/install/px4_msgs/share/px4_msgs/msg/CellularStatus.idl\n'}
[2.865781] (px4_msgs) StdoutLine: {'line': b'-- Up-to-date symlink: /home/carlos/ros2_ws/install/px4_msgs/share/px4_msgs/msg/CollisionConstraints.idl\n'}
[2.865885] (px4_msgs) StdoutLine: {'line': b'-- Up-to-date symlink: /home/carlos/ros2_ws/install/px4_msgs/share/px4_msgs/msg/ConfigOverrides.idl\n'}
[2.865991] (px4_msgs) StdoutLine: {'line': b'-- Up-to-date symlink: /home/carlos/ros2_ws/install/px4_msgs/share/px4_msgs/msg/ControlAllocatorStatus.idl\n'}
[2.866104] (px4_msgs) StdoutLine: {'line': b'-- Up-to-date symlink: /home/carlos/ros2_ws/install/px4_msgs/share/px4_msgs/msg/Cpuload.idl\n'}
[2.866237] (px4_msgs) StdoutLine: {'line': b'-- Up-to-date symlink: /home/carlos/ros2_ws/install/px4_msgs/share/px4_msgs/msg/DatamanRequest.idl\n'}
[2.866329] (px4_msgs) StdoutLine: {'line': b'-- Up-to-date symlink: /home/carlos/ros2_ws/install/px4_msgs/share/px4_msgs/msg/DatamanResponse.idl\n'}
[2.866448] (px4_msgs) StdoutLine: {'line': b'-- Up-to-date symlink: /home/carlos/ros2_ws/install/px4_msgs/share/px4_msgs/msg/DebugArray.idl\n'}
[2.866538] (px4_msgs) StdoutLine: {'line': b'-- Up-to-date symlink: /home/carlos/ros2_ws/install/px4_msgs/share/px4_msgs/msg/DebugKeyValue.idl\n'}
[2.866634] (px4_msgs) StdoutLine: {'line': b'-- Up-to-date symlink: /home/carlos/ros2_ws/install/px4_msgs/share/px4_msgs/msg/DebugValue.idl\n'}
[2.866738] (px4_msgs) StdoutLine: {'line': b'-- Up-to-date symlink: /home/carlos/ros2_ws/install/px4_msgs/share/px4_msgs/msg/DebugVect.idl\n'}
[2.866843] (px4_msgs) StdoutLine: {'line': b'-- Up-to-date symlink: /home/carlos/ros2_ws/install/px4_msgs/share/px4_msgs/msg/DifferentialPressure.idl\n'}
[2.866948] (px4_msgs) StdoutLine: {'line': b'-- Up-to-date symlink: /home/carlos/ros2_ws/install/px4_msgs/share/px4_msgs/msg/DistanceSensor.idl\n'}
[2.867058] (px4_msgs) StdoutLine: {'line': b'-- Up-to-date symlink: /home/carlos/ros2_ws/install/px4_msgs/share/px4_msgs/msg/DistanceSensorModeChangeRequest.idl\n'}
[2.867170] (px4_msgs) StdoutLine: {'line': b'-- Up-to-date symlink: /home/carlos/ros2_ws/install/px4_msgs/share/px4_msgs/msg/DronecanNodeStatus.idl\n'}
[2.867275] (px4_msgs) StdoutLine: {'line': b'-- Up-to-date symlink: /home/carlos/ros2_ws/install/px4_msgs/share/px4_msgs/msg/Ekf2Timestamps.idl\n'}
[2.867378] (px4_msgs) StdoutLine: {'line': b'-- Up-to-date symlink: /home/carlos/ros2_ws/install/px4_msgs/share/px4_msgs/msg/EscReport.idl\n'}
[2.867507] (px4_msgs) StdoutLine: {'line': b'-- Up-to-date symlink: /home/carlos/ros2_ws/install/px4_msgs/share/px4_msgs/msg/EscStatus.idl\n'}
[2.867597] (px4_msgs) StdoutLine: {'line': b'-- Up-to-date symlink: /home/carlos/ros2_ws/install/px4_msgs/share/px4_msgs/msg/EstimatorAidSource1d.idl\n'}
[2.867694] (px4_msgs) StdoutLine: {'line': b'-- Up-to-date symlink: /home/carlos/ros2_ws/install/px4_msgs/share/px4_msgs/msg/EstimatorAidSource2d.idl\n'}
[2.867808] (px4_msgs) StdoutLine: {'line': b'-- Up-to-date symlink: /home/carlos/ros2_ws/install/px4_msgs/share/px4_msgs/msg/EstimatorAidSource3d.idl\n'}
[2.867912] (px4_msgs) StdoutLine: {'line': b'-- Up-to-date symlink: /home/carlos/ros2_ws/install/px4_msgs/share/px4_msgs/msg/EstimatorBias.idl\n'}
[2.868049] (px4_msgs) StdoutLine: {'line': b'-- Up-to-date symlink: /home/carlos/ros2_ws/install/px4_msgs/share/px4_msgs/msg/EstimatorBias3d.idl\n'}
[2.868202] (px4_msgs) StdoutLine: {'line': b'-- Up-to-date symlink: /home/carlos/ros2_ws/install/px4_msgs/share/px4_msgs/msg/EstimatorEventFlags.idl\n'}
[2.868411] (px4_msgs) StdoutLine: {'line': b'-- Up-to-date symlink: /home/carlos/ros2_ws/install/px4_msgs/share/px4_msgs/msg/EstimatorGpsStatus.idl\n'}
[2.868551] (px4_msgs) StdoutLine: {'line': b'-- Up-to-date symlink: /home/carlos/ros2_ws/install/px4_msgs/share/px4_msgs/msg/EstimatorInnovations.idl\n'}
[2.868682] (px4_msgs) StdoutLine: {'line': b'-- Up-to-date symlink: /home/carlos/ros2_ws/install/px4_msgs/share/px4_msgs/msg/EstimatorSelectorStatus.idl\n'}
[2.868830] (px4_msgs) StdoutLine: {'line': b'-- Up-to-date symlink: /home/carlos/ros2_ws/install/px4_msgs/share/px4_msgs/msg/EstimatorSensorBias.idl\n'}
[2.868918] (px4_msgs) StdoutLine: {'line': b'-- Up-to-date symlink: /home/carlos/ros2_ws/install/px4_msgs/share/px4_msgs/msg/EstimatorStates.idl\n'}
[2.868963] (px4_msgs) StdoutLine: {'line': b'-- Up-to-date symlink: /home/carlos/ros2_ws/install/px4_msgs/share/px4_msgs/msg/EstimatorStatus.idl\n'}
[2.869026] (px4_msgs) StdoutLine: {'line': b'-- Up-to-date symlink: /home/carlos/ros2_ws/install/px4_msgs/share/px4_msgs/msg/EstimatorStatusFlags.idl\n'}
[2.869075] (px4_msgs) StdoutLine: {'line': b'-- Up-to-date symlink: /home/carlos/ros2_ws/install/px4_msgs/share/px4_msgs/msg/Event.idl\n'}
[2.869135] (px4_msgs) StdoutLine: {'line': b'-- Up-to-date symlink: /home/carlos/ros2_ws/install/px4_msgs/share/px4_msgs/msg/FailsafeFlags.idl\n'}
[2.869199] (px4_msgs) StdoutLine: {'line': b'-- Up-to-date symlink: /home/carlos/ros2_ws/install/px4_msgs/share/px4_msgs/msg/FailureDetectorStatus.idl\n'}
[2.869318] (px4_msgs) StdoutLine: {'line': b'-- Up-to-date symlink: /home/carlos/ros2_ws/install/px4_msgs/share/px4_msgs/msg/FigureEightStatus.idl\n'}
[2.869411] (px4_msgs) StdoutLine: {'line': b'-- Up-to-date symlink: /home/carlos/ros2_ws/install/px4_msgs/share/px4_msgs/msg/FixedWingLateralGuidanceStatus.idl\n'}
[2.869535] (px4_msgs) StdoutLine: {'line': b'-- Up-to-date symlink: /home/carlos/ros2_ws/install/px4_msgs/share/px4_msgs/msg/FixedWingLateralSetpoint.idl\n'}
[2.869673] (px4_msgs) StdoutLine: {'line': b'-- Up-to-date symlink: /home/carlos/ros2_ws/install/px4_msgs/share/px4_msgs/msg/FixedWingLateralStatus.idl\n'}
[2.869772] (px4_msgs) StdoutLine: {'line': b'-- Up-to-date symlink: /home/carlos/ros2_ws/install/px4_msgs/share/px4_msgs/msg/FixedWingLongitudinalSetpoint.idl\n'}
[2.869863] (px4_msgs) StdoutLine: {'line': b'-- Up-to-date symlink: /home/carlos/ros2_ws/install/px4_msgs/share/px4_msgs/msg/FixedWingRunwayControl.idl\n'}
[2.869970] (px4_msgs) StdoutLine: {'line': b'-- Up-to-date symlink: /home/carlos/ros2_ws/install/px4_msgs/share/px4_msgs/msg/FlightPhaseEstimation.idl\n'}
[2.870081] (px4_msgs) StdoutLine: {'line': b'-- Up-to-date symlink: /home/carlos/ros2_ws/install/px4_msgs/share/px4_msgs/msg/FollowTarget.idl\n'}
[2.870201] (px4_msgs) StdoutLine: {'line': b'-- Up-to-date symlink: /home/carlos/ros2_ws/install/px4_msgs/share/px4_msgs/msg/FollowTargetEstimator.idl\n'}
[2.870309] (px4_msgs) StdoutLine: {'line': b'-- Up-to-date symlink: /home/carlos/ros2_ws/install/px4_msgs/share/px4_msgs/msg/FollowTargetStatus.idl\n'}
[2.870418] (px4_msgs) StdoutLine: {'line': b'-- Up-to-date symlink: /home/carlos/ros2_ws/install/px4_msgs/share/px4_msgs/msg/FuelTankStatus.idl\n'}
[2.870501] (px4_msgs) StdoutLine: {'line': b'-- Up-to-date symlink: /home/carlos/ros2_ws/install/px4_msgs/share/px4_msgs/msg/GeneratorStatus.idl\n'}
[2.870602] (px4_msgs) StdoutLine: {'line': b'-- Up-to-date symlink: /home/carlos/ros2_ws/install/px4_msgs/share/px4_msgs/msg/GeofenceResult.idl\n'}
[2.870728] (px4_msgs) StdoutLine: {'line': b'-- Up-to-date symlink: /home/carlos/ros2_ws/install/px4_msgs/share/px4_msgs/msg/GeofenceStatus.idl\n'}
[2.870822] (px4_msgs) StdoutLine: {'line': b'-- Up-to-date symlink: /home/carlos/ros2_ws/install/px4_msgs/share/px4_msgs/msg/GimbalControls.idl\n'}
[2.870916] (px4_msgs) StdoutLine: {'line': b'-- Up-to-date symlink: /home/carlos/ros2_ws/install/px4_msgs/share/px4_msgs/msg/GimbalDeviceAttitudeStatus.idl\n'}
[2.871020] (px4_msgs) StdoutLine: {'line': b'-- Up-to-date symlink: /home/carlos/ros2_ws/install/px4_msgs/share/px4_msgs/msg/GimbalDeviceInformation.idl\n'}
[2.871133] (px4_msgs) StdoutLine: {'line': b'-- Up-to-date symlink: /home/carlos/ros2_ws/install/px4_msgs/share/px4_msgs/msg/GimbalDeviceSetAttitude.idl\n'}
[2.871237] (px4_msgs) StdoutLine: {'line': b'-- Up-to-date symlink: /home/carlos/ros2_ws/install/px4_msgs/share/px4_msgs/msg/GimbalManagerInformation.idl\n'}
[2.871340] (px4_msgs) StdoutLine: {'line': b'-- Up-to-date symlink: /home/carlos/ros2_ws/install/px4_msgs/share/px4_msgs/msg/GimbalManagerSetAttitude.idl\n'}
[2.871445] (px4_msgs) StdoutLine: {'line': b'-- Up-to-date symlink: /home/carlos/ros2_ws/install/px4_msgs/share/px4_msgs/msg/GimbalManagerSetManualControl.idl\n'}
[2.871551] (px4_msgs) StdoutLine: {'line': b'-- Up-to-date symlink: /home/carlos/ros2_ws/install/px4_msgs/share/px4_msgs/msg/GimbalManagerStatus.idl\n'}
[2.871679] (px4_msgs) StdoutLine: {'line': b'-- Up-to-date symlink: /home/carlos/ros2_ws/install/px4_msgs/share/px4_msgs/msg/GotoSetpoint.idl\n'}
[2.871772] (px4_msgs) StdoutLine: {'line': b'-- Up-to-date symlink: /home/carlos/ros2_ws/install/px4_msgs/share/px4_msgs/msg/GpioConfig.idl\n'}
[2.871891] (px4_msgs) StdoutLine: {'line': b'-- Up-to-date symlink: /home/carlos/ros2_ws/install/px4_msgs/share/px4_msgs/msg/GpioIn.idl\n'}
[2.871986] (px4_msgs) StdoutLine: {'line': b'-- Up-to-date symlink: /home/carlos/ros2_ws/install/px4_msgs/share/px4_msgs/msg/GpioOut.idl\n'}
[2.872083] (px4_msgs) StdoutLine: {'line': b'-- Up-to-date symlink: /home/carlos/ros2_ws/install/px4_msgs/share/px4_msgs/msg/GpioRequest.idl\n'}
[2.872190] (px4_msgs) StdoutLine: {'line': b'-- Up-to-date symlink: /home/carlos/ros2_ws/install/px4_msgs/share/px4_msgs/msg/GpsDump.idl\n'}
[2.872294] (px4_msgs) StdoutLine: {'line': b'-- Up-to-date symlink: /home/carlos/ros2_ws/install/px4_msgs/share/px4_msgs/msg/GpsInjectData.idl\n'}
[2.872397] (px4_msgs) StdoutLine: {'line': b'-- Up-to-date symlink: /home/carlos/ros2_ws/install/px4_msgs/share/px4_msgs/msg/Gripper.idl\n'}
[2.872507] (px4_msgs) StdoutLine: {'line': b'-- Up-to-date symlink: /home/carlos/ros2_ws/install/px4_msgs/share/px4_msgs/msg/HealthReport.idl\n'}
[2.872613] (px4_msgs) StdoutLine: {'line': b'-- Up-to-date symlink: /home/carlos/ros2_ws/install/px4_msgs/share/px4_msgs/msg/HeaterStatus.idl\n'}
[2.872716] (px4_msgs) StdoutLine: {'line': b'-- Up-to-date symlink: /home/carlos/ros2_ws/install/px4_msgs/share/px4_msgs/msg/HomePosition.idl\n'}
[2.872820] (px4_msgs) StdoutLine: {'line': b'-- Up-to-date symlink: /home/carlos/ros2_ws/install/px4_msgs/share/px4_msgs/msg/HoverThrustEstimate.idl\n'}
[2.872949] (px4_msgs) StdoutLine: {'line': b'-- Up-to-date symlink: /home/carlos/ros2_ws/install/px4_msgs/share/px4_msgs/msg/InputRc.idl\n'}
[2.873059] (px4_msgs) StdoutLine: {'line': b'-- Up-to-date symlink: /home/carlos/ros2_ws/install/px4_msgs/share/px4_msgs/msg/InternalCombustionEngineControl.idl\n'}
[2.873168] (px4_msgs) StdoutLine: {'line': b'-- Up-to-date symlink: /home/carlos/ros2_ws/install/px4_msgs/share/px4_msgs/msg/InternalCombustionEngineStatus.idl\n'}
[2.873253] (px4_msgs) StdoutLine: {'line': b'-- Up-to-date symlink: /home/carlos/ros2_ws/install/px4_msgs/share/px4_msgs/msg/IridiumsbdStatus.idl\n'}
[2.873357] (px4_msgs) StdoutLine: {'line': b'-- Up-to-date symlink: /home/carlos/ros2_ws/install/px4_msgs/share/px4_msgs/msg/IrlockReport.idl\n'}
[2.873460] (px4_msgs) StdoutLine: {'line': b'-- Up-to-date symlink: /home/carlos/ros2_ws/install/px4_msgs/share/px4_msgs/msg/LandingGear.idl\n'}
[2.873564] (px4_msgs) StdoutLine: {'line': b'-- Up-to-date symlink: /home/carlos/ros2_ws/install/px4_msgs/share/px4_msgs/msg/LandingGearWheel.idl\n'}
[2.873669] (px4_msgs) StdoutLine: {'line': b'-- Up-to-date symlink: /home/carlos/ros2_ws/install/px4_msgs/share/px4_msgs/msg/LandingTargetInnovations.idl\n'}
[2.873767] (px4_msgs) StdoutLine: {'line': b'-- Up-to-date symlink: /home/carlos/ros2_ws/install/px4_msgs/share/px4_msgs/msg/LandingTargetPose.idl\n'}
[2.873872] (px4_msgs) StdoutLine: {'line': b'-- Up-to-date symlink: /home/carlos/ros2_ws/install/px4_msgs/share/px4_msgs/msg/LateralControlConfiguration.idl\n'}
[2.874006] (px4_msgs) StdoutLine: {'line': b'-- Up-to-date symlink: /home/carlos/ros2_ws/install/px4_msgs/share/px4_msgs/msg/LaunchDetectionStatus.idl\n'}
[2.874154] (px4_msgs) StdoutLine: {'line': b'-- Up-to-date symlink: /home/carlos/ros2_ws/install/px4_msgs/share/px4_msgs/msg/LedControl.idl\n'}
[2.874275] (px4_msgs) StdoutLine: {'line': b'-- Up-to-date symlink: /home/carlos/ros2_ws/install/px4_msgs/share/px4_msgs/msg/LogMessage.idl\n'}
[2.874393] (px4_msgs) StdoutLine: {'line': b'-- Up-to-date symlink: /home/carlos/ros2_ws/install/px4_msgs/share/px4_msgs/msg/LoggerStatus.idl\n'}
[2.874508] (px4_msgs) StdoutLine: {'line': b'-- Up-to-date symlink: /home/carlos/ros2_ws/install/px4_msgs/share/px4_msgs/msg/LongitudinalControlConfiguration.idl\n'}
[2.874624] (px4_msgs) StdoutLine: {'line': b'-- Up-to-date symlink: /home/carlos/ros2_ws/install/px4_msgs/share/px4_msgs/msg/MagWorkerData.idl\n'}
[2.874740] (px4_msgs) StdoutLine: {'line': b'-- Up-to-date symlink: /home/carlos/ros2_ws/install/px4_msgs/share/px4_msgs/msg/MagnetometerBiasEstimate.idl\n'}
[2.874856] (px4_msgs) StdoutLine: {'line': b'-- Up-to-date symlink: /home/carlos/ros2_ws/install/px4_msgs/share/px4_msgs/msg/ManualControlSetpoint.idl\n'}
[2.874933] (px4_msgs) StdoutLine: {'line': b'-- Up-to-date symlink: /home/carlos/ros2_ws/install/px4_msgs/share/px4_msgs/msg/ManualControlSwitches.idl\n'}
[2.875017] (px4_msgs) StdoutLine: {'line': b'-- Up-to-date symlink: /home/carlos/ros2_ws/install/px4_msgs/share/px4_msgs/msg/MavlinkLog.idl\n'}
[2.875131] (px4_msgs) StdoutLine: {'line': b'-- Up-to-date symlink: /home/carlos/ros2_ws/install/px4_msgs/share/px4_msgs/msg/MavlinkTunnel.idl\n'}
[2.875239] (px4_msgs) StdoutLine: {'line': b'-- Up-to-date symlink: /home/carlos/ros2_ws/install/px4_msgs/share/px4_msgs/msg/MessageFormatRequest.idl\n'}
[2.875342] (px4_msgs) StdoutLine: {'line': b'-- Up-to-date symlink: /home/carlos/ros2_ws/install/px4_msgs/share/px4_msgs/msg/MessageFormatResponse.idl\n'}
[2.875499] (px4_msgs) StdoutLine: {'line': b'-- Up-to-date symlink: /home/carlos/ros2_ws/install/px4_msgs/share/px4_msgs/msg/Mission.idl\n'}
[2.875612] (px4_msgs) StdoutLine: {'line': b'-- Up-to-date symlink: /home/carlos/ros2_ws/install/px4_msgs/share/px4_msgs/msg/MissionResult.idl\n'}
[2.875719] (px4_msgs) StdoutLine: {'line': b'-- Up-to-date symlink: /home/carlos/ros2_ws/install/px4_msgs/share/px4_msgs/msg/ModeCompleted.idl\n'}
[2.875827] (px4_msgs) StdoutLine: {'line': b'-- Up-to-date symlink: /home/carlos/ros2_ws/install/px4_msgs/share/px4_msgs/msg/MountOrientation.idl\n'}
[2.875935] (px4_msgs) StdoutLine: {'line': b'-- Up-to-date symlink: /home/carlos/ros2_ws/install/px4_msgs/share/px4_msgs/msg/NavigatorMissionItem.idl\n'}
[2.876049] (px4_msgs) StdoutLine: {'line': b'-- Up-to-date symlink: /home/carlos/ros2_ws/install/px4_msgs/share/px4_msgs/msg/NavigatorStatus.idl\n'}
[2.876161] (px4_msgs) StdoutLine: {'line': b'-- Up-to-date symlink: /home/carlos/ros2_ws/install/px4_msgs/share/px4_msgs/msg/NeuralControl.idl\n'}
[2.876272] (px4_msgs) StdoutLine: {'line': b'-- Up-to-date symlink: /home/carlos/ros2_ws/install/px4_msgs/share/px4_msgs/msg/NormalizedUnsignedSetpoint.idl\n'}
[2.876380] (px4_msgs) StdoutLine: {'line': b'-- Up-to-date symlink: /home/carlos/ros2_ws/install/px4_msgs/share/px4_msgs/msg/ObstacleDistance.idl\n'}
[2.876457] (px4_msgs) StdoutLine: {'line': b'-- Up-to-date symlink: /home/carlos/ros2_ws/install/px4_msgs/share/px4_msgs/msg/OffboardControlMode.idl\n'}
[2.876542] (px4_msgs) StdoutLine: {'line': b'-- Up-to-date symlink: /home/carlos/ros2_ws/install/px4_msgs/share/px4_msgs/msg/OnboardComputerStatus.idl\n'}
[2.876701] (px4_msgs) StdoutLine: {'line': b'-- Up-to-date symlink: /home/carlos/ros2_ws/install/px4_msgs/share/px4_msgs/msg/OpenDroneIdArmStatus.idl\n'}
[2.876809] (px4_msgs) StdoutLine: {'line': b'-- Up-to-date symlink: /home/carlos/ros2_ws/install/px4_msgs/share/px4_msgs/msg/OpenDroneIdOperatorId.idl\n'}
[2.876874] (px4_msgs) StdoutLine: {'line': b'-- Up-to-date symlink: /home/carlos/ros2_ws/install/px4_msgs/share/px4_msgs/msg/OpenDroneIdSelfId.idl\n'}
[2.876969] (px4_msgs) StdoutLine: {'line': b'-- Up-to-date symlink: /home/carlos/ros2_ws/install/px4_msgs/share/px4_msgs/msg/OpenDroneIdSystem.idl\n'}
[2.877086] (px4_msgs) StdoutLine: {'line': b'-- Up-to-date symlink: /home/carlos/ros2_ws/install/px4_msgs/share/px4_msgs/msg/OrbTest.idl\n'}
[2.877191] (px4_msgs) StdoutLine: {'line': b'-- Up-to-date symlink: /home/carlos/ros2_ws/install/px4_msgs/share/px4_msgs/msg/OrbTestLarge.idl\n'}
[2.877295] (px4_msgs) StdoutLine: {'line': b'-- Up-to-date symlink: /home/carlos/ros2_ws/install/px4_msgs/share/px4_msgs/msg/OrbTestMedium.idl\n'}
[2.877390] (px4_msgs) StdoutLine: {'line': b'-- Up-to-date symlink: /home/carlos/ros2_ws/install/px4_msgs/share/px4_msgs/msg/OrbitStatus.idl\n'}
[2.877494] (px4_msgs) StdoutLine: {'line': b'-- Up-to-date symlink: /home/carlos/ros2_ws/install/px4_msgs/share/px4_msgs/msg/ParameterResetRequest.idl\n'}
[2.877598] (px4_msgs) StdoutLine: {'line': b'-- Up-to-date symlink: /home/carlos/ros2_ws/install/px4_msgs/share/px4_msgs/msg/ParameterSetUsedRequest.idl\n'}
[2.877702] (px4_msgs) StdoutLine: {'line': b'-- Up-to-date symlink: /home/carlos/ros2_ws/install/px4_msgs/share/px4_msgs/msg/ParameterSetValueRequest.idl\n'}
[2.877806] (px4_msgs) StdoutLine: {'line': b'-- Up-to-date symlink: /home/carlos/ros2_ws/install/px4_msgs/share/px4_msgs/msg/ParameterSetValueResponse.idl\n'}
[2.877910] (px4_msgs) StdoutLine: {'line': b'-- Up-to-date symlink: /home/carlos/ros2_ws/install/px4_msgs/share/px4_msgs/msg/ParameterUpdate.idl\n'}
[2.878014] (px4_msgs) StdoutLine: {'line': b'-- Up-to-date symlink: /home/carlos/ros2_ws/install/px4_msgs/share/px4_msgs/msg/Ping.idl\n'}
[2.878130] (px4_msgs) StdoutLine: {'line': b'-- Up-to-date symlink: /home/carlos/ros2_ws/install/px4_msgs/share/px4_msgs/msg/PositionControllerLandingStatus.idl\n'}
[2.878235] (px4_msgs) StdoutLine: {'line': b'-- Up-to-date symlink: /home/carlos/ros2_ws/install/px4_msgs/share/px4_msgs/msg/PositionControllerStatus.idl\n'}
[2.878339] (px4_msgs) StdoutLine: {'line': b'-- Up-to-date symlink: /home/carlos/ros2_ws/install/px4_msgs/share/px4_msgs/msg/PositionSetpoint.idl\n'}
[2.878443] (px4_msgs) StdoutLine: {'line': b'-- Up-to-date symlink: /home/carlos/ros2_ws/install/px4_msgs/share/px4_msgs/msg/PositionSetpointTriplet.idl\n'}
[2.878546] (px4_msgs) StdoutLine: {'line': b'-- Up-to-date symlink: /home/carlos/ros2_ws/install/px4_msgs/share/px4_msgs/msg/PowerButtonState.idl\n'}
[2.878651] (px4_msgs) StdoutLine: {'line': b'-- Up-to-date symlink: /home/carlos/ros2_ws/install/px4_msgs/share/px4_msgs/msg/PowerMonitor.idl\n'}
[2.878755] (px4_msgs) StdoutLine: {'line': b'-- Up-to-date symlink: /home/carlos/ros2_ws/install/px4_msgs/share/px4_msgs/msg/PpsCapture.idl\n'}
[2.878859] (px4_msgs) StdoutLine: {'line': b'-- Up-to-date symlink: /home/carlos/ros2_ws/install/px4_msgs/share/px4_msgs/msg/PurePursuitStatus.idl\n'}
[2.878963] (px4_msgs) StdoutLine: {'line': b'-- Up-to-date symlink: /home/carlos/ros2_ws/install/px4_msgs/share/px4_msgs/msg/PwmInput.idl\n'}
[2.879073] (px4_msgs) StdoutLine: {'line': b'-- Up-to-date symlink: /home/carlos/ros2_ws/install/px4_msgs/share/px4_msgs/msg/Px4ioStatus.idl\n'}
[2.879185] (px4_msgs) StdoutLine: {'line': b'-- Up-to-date symlink: /home/carlos/ros2_ws/install/px4_msgs/share/px4_msgs/msg/QshellReq.idl\n'}
[2.879288] (px4_msgs) StdoutLine: {'line': b'-- Up-to-date symlink: /home/carlos/ros2_ws/install/px4_msgs/share/px4_msgs/msg/QshellRetval.idl\n'}
[2.879392] (px4_msgs) StdoutLine: {'line': b'-- Up-to-date symlink: /home/carlos/ros2_ws/install/px4_msgs/share/px4_msgs/msg/RadioStatus.idl\n'}
[2.879495] (px4_msgs) StdoutLine: {'line': b'-- Up-to-date symlink: /home/carlos/ros2_ws/install/px4_msgs/share/px4_msgs/msg/RateCtrlStatus.idl\n'}
[2.879604] (px4_msgs) StdoutLine: {'line': b'-- Up-to-date symlink: /home/carlos/ros2_ws/install/px4_msgs/share/px4_msgs/msg/RcChannels.idl\n'}
[2.879713] (px4_msgs) StdoutLine: {'line': b'-- Up-to-date symlink: /home/carlos/ros2_ws/install/px4_msgs/share/px4_msgs/msg/RcParameterMap.idl\n'}
[2.879819] (px4_msgs) StdoutLine: {'line': b'-- Up-to-date symlink: /home/carlos/ros2_ws/install/px4_msgs/share/px4_msgs/msg/RegisterExtComponentReply.idl\n'}
[2.879923] (px4_msgs) StdoutLine: {'line': b'-- Up-to-date symlink: /home/carlos/ros2_ws/install/px4_msgs/share/px4_msgs/msg/RegisterExtComponentRequest.idl\n'}
[2.880026] (px4_msgs) StdoutLine: {'line': b'-- Up-to-date symlink: /home/carlos/ros2_ws/install/px4_msgs/share/px4_msgs/msg/RoverAttitudeSetpoint.idl\n'}
[2.880141] (px4_msgs) StdoutLine: {'line': b'-- Up-to-date symlink: /home/carlos/ros2_ws/install/px4_msgs/share/px4_msgs/msg/RoverAttitudeStatus.idl\n'}
[2.880244] (px4_msgs) StdoutLine: {'line': b'-- Up-to-date symlink: /home/carlos/ros2_ws/install/px4_msgs/share/px4_msgs/msg/RoverPositionSetpoint.idl\n'}
[2.880348] (px4_msgs) StdoutLine: {'line': b'-- Up-to-date symlink: /home/carlos/ros2_ws/install/px4_msgs/share/px4_msgs/msg/RoverRateSetpoint.idl\n'}
[2.880453] (px4_msgs) StdoutLine: {'line': b'-- Up-to-date symlink: /home/carlos/ros2_ws/install/px4_msgs/share/px4_msgs/msg/RoverRateStatus.idl\n'}
[2.880556] (px4_msgs) StdoutLine: {'line': b'-- Up-to-date symlink: /home/carlos/ros2_ws/install/px4_msgs/share/px4_msgs/msg/RoverSpeedSetpoint.idl\n'}
[2.880659] (px4_msgs) StdoutLine: {'line': b'-- Up-to-date symlink: /home/carlos/ros2_ws/install/px4_msgs/share/px4_msgs/msg/RoverSpeedStatus.idl\n'}
[2.880763] (px4_msgs) StdoutLine: {'line': b'-- Up-to-date symlink: /home/carlos/ros2_ws/install/px4_msgs/share/px4_msgs/msg/RoverSteeringSetpoint.idl\n'}
[2.880867] (px4_msgs) StdoutLine: {'line': b'-- Up-to-date symlink: /home/carlos/ros2_ws/install/px4_msgs/share/px4_msgs/msg/RoverThrottleSetpoint.idl\n'}
[2.880972] (px4_msgs) StdoutLine: {'line': b'-- Up-to-date symlink: /home/carlos/ros2_ws/install/px4_msgs/share/px4_msgs/msg/Rpm.idl\n'}
[2.881087] (px4_msgs) StdoutLine: {'line': b'-- Up-to-date symlink: /home/carlos/ros2_ws/install/px4_msgs/share/px4_msgs/msg/RtlStatus.idl\n'}
[2.881195] (px4_msgs) StdoutLine: {'line': b'-- Up-to-date symlink: /home/carlos/ros2_ws/install/px4_msgs/share/px4_msgs/msg/RtlTimeEstimate.idl\n'}
[2.881298] (px4_msgs) StdoutLine: {'line': b'-- Up-to-date symlink: /home/carlos/ros2_ws/install/px4_msgs/share/px4_msgs/msg/SatelliteInfo.idl\n'}
[2.881403] (px4_msgs) StdoutLine: {'line': b'-- Up-to-date symlink: /home/carlos/ros2_ws/install/px4_msgs/share/px4_msgs/msg/SensorAccel.idl\n'}
[2.881506] (px4_msgs) StdoutLine: {'line': b'-- Up-to-date symlink: /home/carlos/ros2_ws/install/px4_msgs/share/px4_msgs/msg/SensorAccelFifo.idl\n'}
[2.881609] (px4_msgs) StdoutLine: {'line': b'-- Up-to-date symlink: /home/carlos/ros2_ws/install/px4_msgs/share/px4_msgs/msg/SensorAirflow.idl\n'}
[2.881713] (px4_msgs) StdoutLine: {'line': b'-- Up-to-date symlink: /home/carlos/ros2_ws/install/px4_msgs/share/px4_msgs/msg/SensorBaro.idl\n'}
[2.881818] (px4_msgs) StdoutLine: {'line': b'-- Up-to-date symlink: /home/carlos/ros2_ws/install/px4_msgs/share/px4_msgs/msg/SensorCombined.idl\n'}
[2.881920] (px4_msgs) StdoutLine: {'line': b'-- Up-to-date symlink: /home/carlos/ros2_ws/install/px4_msgs/share/px4_msgs/msg/SensorCorrection.idl\n'}
[2.882025] (px4_msgs) StdoutLine: {'line': b'-- Up-to-date symlink: /home/carlos/ros2_ws/install/px4_msgs/share/px4_msgs/msg/SensorGnssRelative.idl\n'}
[2.882131] (px4_msgs) StdoutLine: {'line': b'-- Up-to-date symlink: /home/carlos/ros2_ws/install/px4_msgs/share/px4_msgs/msg/SensorGnssStatus.idl\n'}
[2.882234] (px4_msgs) StdoutLine: {'line': b'-- Up-to-date symlink: /home/carlos/ros2_ws/install/px4_msgs/share/px4_msgs/msg/SensorGps.idl\n'}
[2.882338] (px4_msgs) StdoutLine: {'line': b'-- Up-to-date symlink: /home/carlos/ros2_ws/install/px4_msgs/share/px4_msgs/msg/SensorGyro.idl\n'}
[2.882444] (px4_msgs) StdoutLine: {'line': b'-- Up-to-date symlink: /home/carlos/ros2_ws/install/px4_msgs/share/px4_msgs/msg/SensorGyroFft.idl\n'}
[2.882546] (px4_msgs) StdoutLine: {'line': b'-- Up-to-date symlink: /home/carlos/ros2_ws/install/px4_msgs/share/px4_msgs/msg/SensorGyroFifo.idl\n'}
[2.882649] (px4_msgs) StdoutLine: {'line': b'-- Up-to-date symlink: /home/carlos/ros2_ws/install/px4_msgs/share/px4_msgs/msg/SensorHygrometer.idl\n'}
[2.882754] (px4_msgs) StdoutLine: {'line': b'-- Up-to-date symlink: /home/carlos/ros2_ws/install/px4_msgs/share/px4_msgs/msg/SensorMag.idl\n'}
[2.882859] (px4_msgs) StdoutLine: {'line': b'-- Up-to-date symlink: /home/carlos/ros2_ws/install/px4_msgs/share/px4_msgs/msg/SensorOpticalFlow.idl\n'}
[2.882974] (px4_msgs) StdoutLine: {'line': b'-- Up-to-date symlink: /home/carlos/ros2_ws/install/px4_msgs/share/px4_msgs/msg/SensorPreflightMag.idl\n'}
[2.883083] (px4_msgs) StdoutLine: {'line': b'-- Up-to-date symlink: /home/carlos/ros2_ws/install/px4_msgs/share/px4_msgs/msg/SensorSelection.idl\n'}
[2.883191] (px4_msgs) StdoutLine: {'line': b'-- Up-to-date symlink: /home/carlos/ros2_ws/install/px4_msgs/share/px4_msgs/msg/SensorUwb.idl\n'}
[2.883295] (px4_msgs) StdoutLine: {'line': b'-- Up-to-date symlink: /home/carlos/ros2_ws/install/px4_msgs/share/px4_msgs/msg/SensorsStatus.idl\n'}
[2.883403] (px4_msgs) StdoutLine: {'line': b'-- Up-to-date symlink: /home/carlos/ros2_ws/install/px4_msgs/share/px4_msgs/msg/SensorsStatusImu.idl\n'}
[2.883508] (px4_msgs) StdoutLine: {'line': b'-- Up-to-date symlink: /home/carlos/ros2_ws/install/px4_msgs/share/px4_msgs/msg/SystemPower.idl\n'}
[2.883612] (px4_msgs) StdoutLine: {'line': b'-- Up-to-date symlink: /home/carlos/ros2_ws/install/px4_msgs/share/px4_msgs/msg/TakeoffStatus.idl\n'}
[2.883715] (px4_msgs) StdoutLine: {'line': b'-- Up-to-date symlink: /home/carlos/ros2_ws/install/px4_msgs/share/px4_msgs/msg/TaskStackInfo.idl\n'}
[2.883817] (px4_msgs) StdoutLine: {'line': b'-- Up-to-date symlink: /home/carlos/ros2_ws/install/px4_msgs/share/px4_msgs/msg/TecsStatus.idl\n'}
[2.883922] (px4_msgs) StdoutLine: {'line': b'-- Up-to-date symlink: /home/carlos/ros2_ws/install/px4_msgs/share/px4_msgs/msg/TelemetryStatus.idl\n'}
[2.884026] (px4_msgs) StdoutLine: {'line': b'-- Up-to-date symlink: /home/carlos/ros2_ws/install/px4_msgs/share/px4_msgs/msg/TiltrotorExtraControls.idl\n'}
[2.884141] (px4_msgs) StdoutLine: {'line': b'-- Up-to-date symlink: /home/carlos/ros2_ws/install/px4_msgs/share/px4_msgs/msg/TimesyncStatus.idl\n'}
[2.884244] (px4_msgs) StdoutLine: {'line': b'-- Up-to-date symlink: /home/carlos/ros2_ws/install/px4_msgs/share/px4_msgs/msg/TrajectorySetpoint.idl\n'}
[2.884347] (px4_msgs) StdoutLine: {'line': b'-- Up-to-date symlink: /home/carlos/ros2_ws/install/px4_msgs/share/px4_msgs/msg/TrajectorySetpoint6dof.idl\n'}
[2.884452] (px4_msgs) StdoutLine: {'line': b'-- Up-to-date symlink: /home/carlos/ros2_ws/install/px4_msgs/share/px4_msgs/msg/TransponderReport.idl\n'}
[2.884557] (px4_msgs) StdoutLine: {'line': b'-- Up-to-date symlink: /home/carlos/ros2_ws/install/px4_msgs/share/px4_msgs/msg/TuneControl.idl\n'}
[2.884661] (px4_msgs) StdoutLine: {'line': b'-- Up-to-date symlink: /home/carlos/ros2_ws/install/px4_msgs/share/px4_msgs/msg/UavcanParameterRequest.idl\n'}
[2.884764] (px4_msgs) StdoutLine: {'line': b'-- Up-to-date symlink: /home/carlos/ros2_ws/install/px4_msgs/share/px4_msgs/msg/UavcanParameterValue.idl\n'}
[2.884868] (px4_msgs) StdoutLine: {'line': b'-- Up-to-date symlink: /home/carlos/ros2_ws/install/px4_msgs/share/px4_msgs/msg/UlogStream.idl\n'}
[2.884972] (px4_msgs) StdoutLine: {'line': b'-- Up-to-date symlink: /home/carlos/ros2_ws/install/px4_msgs/share/px4_msgs/msg/UlogStreamAck.idl\n'}
[2.885083] (px4_msgs) StdoutLine: {'line': b'-- Up-to-date symlink: /home/carlos/ros2_ws/install/px4_msgs/share/px4_msgs/msg/UnregisterExtComponent.idl\n'}
[2.885197] (px4_msgs) StdoutLine: {'line': b'-- Up-to-date symlink: /home/carlos/ros2_ws/install/px4_msgs/share/px4_msgs/msg/VehicleAcceleration.idl\n'}
[2.885301] (px4_msgs) StdoutLine: {'line': b'-- Up-to-date symlink: /home/carlos/ros2_ws/install/px4_msgs/share/px4_msgs/msg/VehicleAirData.idl\n'}
[2.885407] (px4_msgs) StdoutLine: {'line': b'-- Up-to-date symlink: /home/carlos/ros2_ws/install/px4_msgs/share/px4_msgs/msg/VehicleAngularAccelerationSetpoint.idl\n'}
[2.885512] (px4_msgs) StdoutLine: {'line': b'-- Up-to-date symlink: /home/carlos/ros2_ws/install/px4_msgs/share/px4_msgs/msg/VehicleAngularVelocity.idl\n'}
[2.885615] (px4_msgs) StdoutLine: {'line': b'-- Up-to-date symlink: /home/carlos/ros2_ws/install/px4_msgs/share/px4_msgs/msg/VehicleAttitude.idl\n'}
[2.885719] (px4_msgs) StdoutLine: {'line': b'-- Up-to-date symlink: /home/carlos/ros2_ws/install/px4_msgs/share/px4_msgs/msg/VehicleAttitudeSetpoint.idl\n'}
[2.885820] (px4_msgs) StdoutLine: {'line': b'-- Up-to-date symlink: /home/carlos/ros2_ws/install/px4_msgs/share/px4_msgs/msg/VehicleCommand.idl\n'}
[2.885923] (px4_msgs) StdoutLine: {'line': b'-- Up-to-date symlink: /home/carlos/ros2_ws/install/px4_msgs/share/px4_msgs/msg/VehicleCommandAck.idl\n'}
[2.886028] (px4_msgs) StdoutLine: {'line': b'-- Up-to-date symlink: /home/carlos/ros2_ws/install/px4_msgs/share/px4_msgs/msg/VehicleConstraints.idl\n'}
[2.886142] (px4_msgs) StdoutLine: {'line': b'-- Up-to-date symlink: /home/carlos/ros2_ws/install/px4_msgs/share/px4_msgs/msg/VehicleControlMode.idl\n'}
[2.886246] (px4_msgs) StdoutLine: {'line': b'-- Up-to-date symlink: /home/carlos/ros2_ws/install/px4_msgs/share/px4_msgs/msg/VehicleGlobalPosition.idl\n'}
[2.886351] (px4_msgs) StdoutLine: {'line': b'-- Up-to-date symlink: /home/carlos/ros2_ws/install/px4_msgs/share/px4_msgs/msg/VehicleImu.idl\n'}
[2.886458] (px4_msgs) StdoutLine: {'line': b'-- Up-to-date symlink: /home/carlos/ros2_ws/install/px4_msgs/share/px4_msgs/msg/VehicleImuStatus.idl\n'}
[2.886562] (px4_msgs) StdoutLine: {'line': b'-- Up-to-date symlink: /home/carlos/ros2_ws/install/px4_msgs/share/px4_msgs/msg/VehicleLandDetected.idl\n'}
[2.886666] (px4_msgs) StdoutLine: {'line': b'-- Up-to-date symlink: /home/carlos/ros2_ws/install/px4_msgs/share/px4_msgs/msg/VehicleLocalPosition.idl\n'}
[2.886773] (px4_msgs) StdoutLine: {'line': b'-- Up-to-date symlink: /home/carlos/ros2_ws/install/px4_msgs/share/px4_msgs/msg/VehicleLocalPositionSetpoint.idl\n'}
[2.886878] (px4_msgs) StdoutLine: {'line': b'-- Up-to-date symlink: /home/carlos/ros2_ws/install/px4_msgs/share/px4_msgs/msg/VehicleMagnetometer.idl\n'}
[2.886987] (px4_msgs) StdoutLine: {'line': b'-- Up-to-date symlink: /home/carlos/ros2_ws/install/px4_msgs/share/px4_msgs/msg/VehicleOdometry.idl\n'}
[2.887097] (px4_msgs) StdoutLine: {'line': b'-- Up-to-date symlink: /home/carlos/ros2_ws/install/px4_msgs/share/px4_msgs/msg/VehicleOpticalFlow.idl\n'}
[2.887206] (px4_msgs) StdoutLine: {'line': b'-- Up-to-date symlink: /home/carlos/ros2_ws/install/px4_msgs/share/px4_msgs/msg/VehicleOpticalFlowVel.idl\n'}
[2.887310] (px4_msgs) StdoutLine: {'line': b'-- Up-to-date symlink: /home/carlos/ros2_ws/install/px4_msgs/share/px4_msgs/msg/VehicleRatesSetpoint.idl\n'}
[2.887413] (px4_msgs) StdoutLine: {'line': b'-- Up-to-date symlink: /home/carlos/ros2_ws/install/px4_msgs/share/px4_msgs/msg/VehicleRoi.idl\n'}
[2.887517] (px4_msgs) StdoutLine: {'line': b'-- Up-to-date symlink: /home/carlos/ros2_ws/install/px4_msgs/share/px4_msgs/msg/VehicleStatus.idl\n'}
[2.887621] (px4_msgs) StdoutLine: {'line': b'-- Up-to-date symlink: /home/carlos/ros2_ws/install/px4_msgs/share/px4_msgs/msg/VehicleThrustSetpoint.idl\n'}
[2.887725] (px4_msgs) StdoutLine: {'line': b'-- Up-to-date symlink: /home/carlos/ros2_ws/install/px4_msgs/share/px4_msgs/msg/VehicleTorqueSetpoint.idl\n'}
[2.887829] (px4_msgs) StdoutLine: {'line': b'-- Up-to-date symlink: /home/carlos/ros2_ws/install/px4_msgs/share/px4_msgs/msg/VelocityLimits.idl\n'}
[2.887931] (px4_msgs) StdoutLine: {'line': b'-- Up-to-date symlink: /home/carlos/ros2_ws/install/px4_msgs/share/px4_msgs/msg/VtolVehicleStatus.idl\n'}
[2.888035] (px4_msgs) StdoutLine: {'line': b'-- Up-to-date symlink: /home/carlos/ros2_ws/install/px4_msgs/share/px4_msgs/msg/WheelEncoders.idl\n'}
[2.888145] (px4_msgs) StdoutLine: {'line': b'-- Up-to-date symlink: /home/carlos/ros2_ws/install/px4_msgs/share/px4_msgs/msg/Wind.idl\n'}
[2.888248] (px4_msgs) StdoutLine: {'line': b'-- Up-to-date symlink: /home/carlos/ros2_ws/install/px4_msgs/share/px4_msgs/msg/YawEstimatorStatus.idl\n'}
[2.888353] (px4_msgs) StdoutLine: {'line': b'-- Up-to-date symlink: /home/carlos/ros2_ws/install/px4_msgs/share/px4_msgs/srv/VehicleCommand.idl\n'}
[2.888455] (px4_msgs) StdoutLine: {'line': b'-- Up-to-date symlink: /home/carlos/ros2_ws/install/px4_msgs/share/px4_msgs/msg/ActionRequest.msg\n'}
[2.888553] (px4_msgs) StdoutLine: {'line': b'-- Up-to-date symlink: /home/carlos/ros2_ws/install/px4_msgs/share/px4_msgs/msg/ActuatorArmed.msg\n'}
[2.888653] (px4_msgs) StdoutLine: {'line': b'-- Up-to-date symlink: /home/carlos/ros2_ws/install/px4_msgs/share/px4_msgs/msg/ActuatorControlsStatus.msg\n'}
[2.888750] (px4_msgs) StdoutLine: {'line': b'-- Up-to-date symlink: /home/carlos/ros2_ws/install/px4_msgs/share/px4_msgs/msg/ActuatorMotors.msg\n'}
[2.888847] (px4_msgs) StdoutLine: {'line': b'-- Up-to-date symlink: /home/carlos/ros2_ws/install/px4_msgs/share/px4_msgs/msg/ActuatorOutputs.msg\n'}
[2.888945] (px4_msgs) StdoutLine: {'line': b'-- Up-to-date symlink: /home/carlos/ros2_ws/install/px4_msgs/share/px4_msgs/msg/ActuatorServos.msg\n'}
[2.889049] (px4_msgs) StdoutLine: {'line': b'-- Up-to-date symlink: /home/carlos/ros2_ws/install/px4_msgs/share/px4_msgs/msg/ActuatorServosTrim.msg\n'}
[2.889151] (px4_msgs) StdoutLine: {'line': b'-- Up-to-date symlink: /home/carlos/ros2_ws/install/px4_msgs/share/px4_msgs/msg/ActuatorTest.msg\n'}
[2.889247] (px4_msgs) StdoutLine: {'line': b'-- Up-to-date symlink: /home/carlos/ros2_ws/install/px4_msgs/share/px4_msgs/msg/AdcReport.msg\n'}
[2.889339] (px4_msgs) StdoutLine: {'line': b'-- Up-to-date symlink: /home/carlos/ros2_ws/install/px4_msgs/share/px4_msgs/msg/Airspeed.msg\n'}
[2.889437] (px4_msgs) StdoutLine: {'line': b'-- Up-to-date symlink: /home/carlos/ros2_ws/install/px4_msgs/share/px4_msgs/msg/AirspeedValidated.msg\n'}
[2.889534] (px4_msgs) StdoutLine: {'line': b'-- Up-to-date symlink: /home/carlos/ros2_ws/install/px4_msgs/share/px4_msgs/msg/AirspeedWind.msg\n'}
[2.889632] (px4_msgs) StdoutLine: {'line': b'-- Up-to-date symlink: /home/carlos/ros2_ws/install/px4_msgs/share/px4_msgs/msg/ArmingCheckReply.msg\n'}
[2.889730] (px4_msgs) StdoutLine: {'line': b'-- Up-to-date symlink: /home/carlos/ros2_ws/install/px4_msgs/share/px4_msgs/msg/ArmingCheckRequest.msg\n'}
[2.889829] (px4_msgs) StdoutLine: {'line': b'-- Up-to-date symlink: /home/carlos/ros2_ws/install/px4_msgs/share/px4_msgs/msg/AutotuneAttitudeControlStatus.msg\n'}
[2.889928] (px4_msgs) StdoutLine: {'line': b'-- Up-to-date symlink: /home/carlos/ros2_ws/install/px4_msgs/share/px4_msgs/msg/BatteryInfo.msg\n'}
[2.890025] (px4_msgs) StdoutLine: {'line': b'-- Up-to-date symlink: /home/carlos/ros2_ws/install/px4_msgs/share/px4_msgs/msg/BatteryStatus.msg\n'}
[2.890128] (px4_msgs) StdoutLine: {'line': b'-- Up-to-date symlink: /home/carlos/ros2_ws/install/px4_msgs/share/px4_msgs/msg/ButtonEvent.msg\n'}
[2.890225] (px4_msgs) StdoutLine: {'line': b'-- Up-to-date symlink: /home/carlos/ros2_ws/install/px4_msgs/share/px4_msgs/msg/CameraCapture.msg\n'}
[2.890322] (px4_msgs) StdoutLine: {'line': b'-- Up-to-date symlink: /home/carlos/ros2_ws/install/px4_msgs/share/px4_msgs/msg/CameraStatus.msg\n'}
[2.890419] (px4_msgs) StdoutLine: {'line': b'-- Up-to-date symlink: /home/carlos/ros2_ws/install/px4_msgs/share/px4_msgs/msg/CameraTrigger.msg\n'}
[2.890522] (px4_msgs) StdoutLine: {'line': b'-- Up-to-date symlink: /home/carlos/ros2_ws/install/px4_msgs/share/px4_msgs/msg/CanInterfaceStatus.msg\n'}
[2.890627] (px4_msgs) StdoutLine: {'line': b'-- Up-to-date symlink: /home/carlos/ros2_ws/install/px4_msgs/share/px4_msgs/msg/CellularStatus.msg\n'}
[2.890726] (px4_msgs) StdoutLine: {'line': b'-- Up-to-date symlink: /home/carlos/ros2_ws/install/px4_msgs/share/px4_msgs/msg/CollisionConstraints.msg\n'}
[2.890825] (px4_msgs) StdoutLine: {'line': b'-- Up-to-date symlink: /home/carlos/ros2_ws/install/px4_msgs/share/px4_msgs/msg/ConfigOverrides.msg\n'}
[2.890925] (px4_msgs) StdoutLine: {'line': b'-- Up-to-date symlink: /home/carlos/ros2_ws/install/px4_msgs/share/px4_msgs/msg/ControlAllocatorStatus.msg\n'}
[2.891022] (px4_msgs) StdoutLine: {'line': b'-- Up-to-date symlink: /home/carlos/ros2_ws/install/px4_msgs/share/px4_msgs/msg/Cpuload.msg\n'}
[2.891134] (px4_msgs) StdoutLine: {'line': b'-- Up-to-date symlink: /home/carlos/ros2_ws/install/px4_msgs/share/px4_msgs/msg/DatamanRequest.msg\n'}
[2.891230] (px4_msgs) StdoutLine: {'line': b'-- Up-to-date symlink: /home/carlos/ros2_ws/install/px4_msgs/share/px4_msgs/msg/DatamanResponse.msg\n'}
[2.891329] (px4_msgs) StdoutLine: {'line': b'-- Up-to-date symlink: /home/carlos/ros2_ws/install/px4_msgs/share/px4_msgs/msg/DebugArray.msg\n'}
[2.891426] (px4_msgs) StdoutLine: {'line': b'-- Up-to-date symlink: /home/carlos/ros2_ws/install/px4_msgs/share/px4_msgs/msg/DebugKeyValue.msg\n'}
[2.891523] (px4_msgs) StdoutLine: {'line': b'-- Up-to-date symlink: /home/carlos/ros2_ws/install/px4_msgs/share/px4_msgs/msg/DebugValue.msg\n'}
[2.891620] (px4_msgs) StdoutLine: {'line': b'-- Up-to-date symlink: /home/carlos/ros2_ws/install/px4_msgs/share/px4_msgs/msg/DebugVect.msg\n'}
[2.891719] (px4_msgs) StdoutLine: {'line': b'-- Up-to-date symlink: /home/carlos/ros2_ws/install/px4_msgs/share/px4_msgs/msg/DifferentialPressure.msg\n'}
[2.891819] (px4_msgs) StdoutLine: {'line': b'-- Up-to-date symlink: /home/carlos/ros2_ws/install/px4_msgs/share/px4_msgs/msg/DistanceSensor.msg\n'}
[2.891917] (px4_msgs) StdoutLine: {'line': b'-- Up-to-date symlink: /home/carlos/ros2_ws/install/px4_msgs/share/px4_msgs/msg/DistanceSensorModeChangeRequest.msg\n'}
[2.892018] (px4_msgs) StdoutLine: {'line': b'-- Up-to-date symlink: /home/carlos/ros2_ws/install/px4_msgs/share/px4_msgs/msg/DronecanNodeStatus.msg\n'}
[2.892126] (px4_msgs) StdoutLine: {'line': b'-- Up-to-date symlink: /home/carlos/ros2_ws/install/px4_msgs/share/px4_msgs/msg/Ekf2Timestamps.msg\n'}
[2.892224] (px4_msgs) StdoutLine: {'line': b'-- Up-to-date symlink: /home/carlos/ros2_ws/install/px4_msgs/share/px4_msgs/msg/EscReport.msg\n'}
[2.892321] (px4_msgs) StdoutLine: {'line': b'-- Up-to-date symlink: /home/carlos/ros2_ws/install/px4_msgs/share/px4_msgs/msg/EscStatus.msg\n'}
[2.892422] (px4_msgs) StdoutLine: {'line': b'-- Up-to-date symlink: /home/carlos/ros2_ws/install/px4_msgs/share/px4_msgs/msg/EstimatorAidSource1d.msg\n'}
[2.892522] (px4_msgs) StdoutLine: {'line': b'-- Up-to-date symlink: /home/carlos/ros2_ws/install/px4_msgs/share/px4_msgs/msg/EstimatorAidSource2d.msg\n'}
[2.892620] (px4_msgs) StdoutLine: {'line': b'-- Up-to-date symlink: /home/carlos/ros2_ws/install/px4_msgs/share/px4_msgs/msg/EstimatorAidSource3d.msg\n'}
[2.892717] (px4_msgs) StdoutLine: {'line': b'-- Up-to-date symlink: /home/carlos/ros2_ws/install/px4_msgs/share/px4_msgs/msg/EstimatorBias.msg\n'}
[2.892815] (px4_msgs) StdoutLine: {'line': b'-- Up-to-date symlink: /home/carlos/ros2_ws/install/px4_msgs/share/px4_msgs/msg/EstimatorBias3d.msg\n'}
[2.892915] (px4_msgs) StdoutLine: {'line': b'-- Up-to-date symlink: /home/carlos/ros2_ws/install/px4_msgs/share/px4_msgs/msg/EstimatorEventFlags.msg\n'}
[2.893009] (px4_msgs) StdoutLine: {'line': b'-- Up-to-date symlink: /home/carlos/ros2_ws/install/px4_msgs/share/px4_msgs/msg/EstimatorGpsStatus.msg\n'}
[2.893116] (px4_msgs) StdoutLine: {'line': b'-- Up-to-date symlink: /home/carlos/ros2_ws/install/px4_msgs/share/px4_msgs/msg/EstimatorInnovations.msg\n'}
[2.893218] (px4_msgs) StdoutLine: {'line': b'-- Up-to-date symlink: /home/carlos/ros2_ws/install/px4_msgs/share/px4_msgs/msg/EstimatorSelectorStatus.msg\n'}
[2.893317] (px4_msgs) StdoutLine: {'line': b'-- Up-to-date symlink: /home/carlos/ros2_ws/install/px4_msgs/share/px4_msgs/msg/EstimatorSensorBias.msg\n'}
[2.893416] (px4_msgs) StdoutLine: {'line': b'-- Up-to-date symlink: /home/carlos/ros2_ws/install/px4_msgs/share/px4_msgs/msg/EstimatorStates.msg\n'}
[2.893513] (px4_msgs) StdoutLine: {'line': b'-- Up-to-date symlink: /home/carlos/ros2_ws/install/px4_msgs/share/px4_msgs/msg/EstimatorStatus.msg\n'}
[2.893612] (px4_msgs) StdoutLine: {'line': b'-- Up-to-date symlink: /home/carlos/ros2_ws/install/px4_msgs/share/px4_msgs/msg/EstimatorStatusFlags.msg\n'}
[2.893711] (px4_msgs) StdoutLine: {'line': b'-- Up-to-date symlink: /home/carlos/ros2_ws/install/px4_msgs/share/px4_msgs/msg/Event.msg\n'}
[2.893808] (px4_msgs) StdoutLine: {'line': b'-- Up-to-date symlink: /home/carlos/ros2_ws/install/px4_msgs/share/px4_msgs/msg/FailsafeFlags.msg\n'}
[2.893909] (px4_msgs) StdoutLine: {'line': b'-- Up-to-date symlink: /home/carlos/ros2_ws/install/px4_msgs/share/px4_msgs/msg/FailureDetectorStatus.msg\n'}
[2.894005] (px4_msgs) StdoutLine: {'line': b'-- Up-to-date symlink: /home/carlos/ros2_ws/install/px4_msgs/share/px4_msgs/msg/FigureEightStatus.msg\n'}
[2.894115] (px4_msgs) StdoutLine: {'line': b'-- Up-to-date symlink: /home/carlos/ros2_ws/install/px4_msgs/share/px4_msgs/msg/FixedWingLateralGuidanceStatus.msg\n'}
[2.894223] (px4_msgs) StdoutLine: {'line': b'-- Up-to-date symlink: /home/carlos/ros2_ws/install/px4_msgs/share/px4_msgs/msg/FixedWingLateralSetpoint.msg\n'}
[2.894321] (px4_msgs) StdoutLine: {'line': b'-- Up-to-date symlink: /home/carlos/ros2_ws/install/px4_msgs/share/px4_msgs/msg/FixedWingLateralStatus.msg\n'}
[2.894419] (px4_msgs) StdoutLine: {'line': b'-- Up-to-date symlink: /home/carlos/ros2_ws/install/px4_msgs/share/px4_msgs/msg/FixedWingLongitudinalSetpoint.msg\n'}
[2.894518] (px4_msgs) StdoutLine: {'line': b'-- Up-to-date symlink: /home/carlos/ros2_ws/install/px4_msgs/share/px4_msgs/msg/FixedWingRunwayControl.msg\n'}
[2.894616] (px4_msgs) StdoutLine: {'line': b'-- Up-to-date symlink: /home/carlos/ros2_ws/install/px4_msgs/share/px4_msgs/msg/FlightPhaseEstimation.msg\n'}
[2.894714] (px4_msgs) StdoutLine: {'line': b'-- Up-to-date symlink: /home/carlos/ros2_ws/install/px4_msgs/share/px4_msgs/msg/FollowTarget.msg\n'}
[2.894813] (px4_msgs) StdoutLine: {'line': b'-- Up-to-date symlink: /home/carlos/ros2_ws/install/px4_msgs/share/px4_msgs/msg/FollowTargetEstimator.msg\n'}
[2.894912] (px4_msgs) StdoutLine: {'line': b'-- Up-to-date symlink: /home/carlos/ros2_ws/install/px4_msgs/share/px4_msgs/msg/FollowTargetStatus.msg\n'}
[2.895009] (px4_msgs) StdoutLine: {'line': b'-- Up-to-date symlink: /home/carlos/ros2_ws/install/px4_msgs/share/px4_msgs/msg/FuelTankStatus.msg\n'}
[2.895116] (px4_msgs) StdoutLine: {'line': b'-- Up-to-date symlink: /home/carlos/ros2_ws/install/px4_msgs/share/px4_msgs/msg/GeneratorStatus.msg\n'}
[2.895214] (px4_msgs) StdoutLine: {'line': b'-- Up-to-date symlink: /home/carlos/ros2_ws/install/px4_msgs/share/px4_msgs/msg/GeofenceResult.msg\n'}
[2.895311] (px4_msgs) StdoutLine: {'line': b'-- Up-to-date symlink: /home/carlos/ros2_ws/install/px4_msgs/share/px4_msgs/msg/GeofenceStatus.msg\n'}
[2.895407] (px4_msgs) StdoutLine: {'line': b'-- Up-to-date symlink: /home/carlos/ros2_ws/install/px4_msgs/share/px4_msgs/msg/GimbalControls.msg\n'}
[2.895506] (px4_msgs) StdoutLine: {'line': b'-- Up-to-date symlink: /home/carlos/ros2_ws/install/px4_msgs/share/px4_msgs/msg/GimbalDeviceAttitudeStatus.msg\n'}
[2.895605] (px4_msgs) StdoutLine: {'line': b'-- Up-to-date symlink: /home/carlos/ros2_ws/install/px4_msgs/share/px4_msgs/msg/GimbalDeviceInformation.msg\n'}
[2.895708] (px4_msgs) StdoutLine: {'line': b'-- Up-to-date symlink: /home/carlos/ros2_ws/install/px4_msgs/share/px4_msgs/msg/GimbalDeviceSetAttitude.msg\n'}
[2.895809] (px4_msgs) StdoutLine: {'line': b'-- Up-to-date symlink: /home/carlos/ros2_ws/install/px4_msgs/share/px4_msgs/msg/GimbalManagerInformation.msg\n'}
[2.895908] (px4_msgs) StdoutLine: {'line': b'-- Up-to-date symlink: /home/carlos/ros2_ws/install/px4_msgs/share/px4_msgs/msg/GimbalManagerSetAttitude.msg\n'}
[2.896006] (px4_msgs) StdoutLine: {'line': b'-- Up-to-date symlink: /home/carlos/ros2_ws/install/px4_msgs/share/px4_msgs/msg/GimbalManagerSetManualControl.msg\n'}
[2.896114] (px4_msgs) StdoutLine: {'line': b'-- Up-to-date symlink: /home/carlos/ros2_ws/install/px4_msgs/share/px4_msgs/msg/GimbalManagerStatus.msg\n'}
[2.896215] (px4_msgs) StdoutLine: {'line': b'-- Up-to-date symlink: /home/carlos/ros2_ws/install/px4_msgs/share/px4_msgs/msg/GotoSetpoint.msg\n'}
[2.896312] (px4_msgs) StdoutLine: {'line': b'-- Up-to-date symlink: /home/carlos/ros2_ws/install/px4_msgs/share/px4_msgs/msg/GpioConfig.msg\n'}
[2.896409] (px4_msgs) StdoutLine: {'line': b'-- Up-to-date symlink: /home/carlos/ros2_ws/install/px4_msgs/share/px4_msgs/msg/GpioIn.msg\n'}
[2.896531] (px4_msgs) StdoutLine: {'line': b'-- Up-to-date symlink: /home/carlos/ros2_ws/install/px4_msgs/share/px4_msgs/msg/GpioOut.msg\n'}
[2.896625] (px4_msgs) StdoutLine: {'line': b'-- Up-to-date symlink: /home/carlos/ros2_ws/install/px4_msgs/share/px4_msgs/msg/GpioRequest.msg\n'}
[2.896698] (px4_msgs) StdoutLine: {'line': b'-- Up-to-date symlink: /home/carlos/ros2_ws/install/px4_msgs/share/px4_msgs/msg/GpsDump.msg\n'}
[2.896795] (px4_msgs) StdoutLine: {'line': b'-- Up-to-date symlink: /home/carlos/ros2_ws/install/px4_msgs/share/px4_msgs/msg/GpsInjectData.msg\n'}
[2.896894] (px4_msgs) StdoutLine: {'line': b'-- Up-to-date symlink: /home/carlos/ros2_ws/install/px4_msgs/share/px4_msgs/msg/Gripper.msg\n'}
[2.896991] (px4_msgs) StdoutLine: {'line': b'-- Up-to-date symlink: /home/carlos/ros2_ws/install/px4_msgs/share/px4_msgs/msg/HealthReport.msg\n'}
[2.897096] (px4_msgs) StdoutLine: {'line': b'-- Up-to-date symlink: /home/carlos/ros2_ws/install/px4_msgs/share/px4_msgs/msg/HeaterStatus.msg\n'}
[2.897195] (px4_msgs) StdoutLine: {'line': b'-- Up-to-date symlink: /home/carlos/ros2_ws/install/px4_msgs/share/px4_msgs/msg/HomePosition.msg\n'}
[2.897294] (px4_msgs) StdoutLine: {'line': b'-- Up-to-date symlink: /home/carlos/ros2_ws/install/px4_msgs/share/px4_msgs/msg/HoverThrustEstimate.msg\n'}
[2.897393] (px4_msgs) StdoutLine: {'line': b'-- Up-to-date symlink: /home/carlos/ros2_ws/install/px4_msgs/share/px4_msgs/msg/InputRc.msg\n'}
[2.897494] (px4_msgs) StdoutLine: {'line': b'-- Up-to-date symlink: /home/carlos/ros2_ws/install/px4_msgs/share/px4_msgs/msg/InternalCombustionEngineControl.msg\n'}
[2.897593] (px4_msgs) StdoutLine: {'line': b'-- Up-to-date symlink: /home/carlos/ros2_ws/install/px4_msgs/share/px4_msgs/msg/InternalCombustionEngineStatus.msg\n'}
[2.897692] (px4_msgs) StdoutLine: {'line': b'-- Up-to-date symlink: /home/carlos/ros2_ws/install/px4_msgs/share/px4_msgs/msg/IridiumsbdStatus.msg\n'}
[2.897796] (px4_msgs) StdoutLine: {'line': b'-- Up-to-date symlink: /home/carlos/ros2_ws/install/px4_msgs/share/px4_msgs/msg/IrlockReport.msg\n'}
[2.897894] (px4_msgs) StdoutLine: {'line': b'-- Up-to-date symlink: /home/carlos/ros2_ws/install/px4_msgs/share/px4_msgs/msg/LandingGear.msg\n'}
[2.897992] (px4_msgs) StdoutLine: {'line': b'-- Up-to-date symlink: /home/carlos/ros2_ws/install/px4_msgs/share/px4_msgs/msg/LandingGearWheel.msg\n'}
[2.898104] (px4_msgs) StdoutLine: {'line': b'-- Up-to-date symlink: /home/carlos/ros2_ws/install/px4_msgs/share/px4_msgs/msg/LandingTargetInnovations.msg\n'}
[2.898203] (px4_msgs) StdoutLine: {'line': b'-- Up-to-date symlink: /home/carlos/ros2_ws/install/px4_msgs/share/px4_msgs/msg/LandingTargetPose.msg\n'}
[2.898304] (px4_msgs) StdoutLine: {'line': b'-- Up-to-date symlink: /home/carlos/ros2_ws/install/px4_msgs/share/px4_msgs/msg/LateralControlConfiguration.msg\n'}
[2.898404] (px4_msgs) StdoutLine: {'line': b'-- Up-to-date symlink: /home/carlos/ros2_ws/install/px4_msgs/share/px4_msgs/msg/LaunchDetectionStatus.msg\n'}
[2.898502] (px4_msgs) StdoutLine: {'line': b'-- Up-to-date symlink: /home/carlos/ros2_ws/install/px4_msgs/share/px4_msgs/msg/LedControl.msg\n'}
[2.898600] (px4_msgs) StdoutLine: {'line': b'-- Up-to-date symlink: /home/carlos/ros2_ws/install/px4_msgs/share/px4_msgs/msg/LogMessage.msg\n'}
[2.898697] (px4_msgs) StdoutLine: {'line': b'-- Up-to-date symlink: /home/carlos/ros2_ws/install/px4_msgs/share/px4_msgs/msg/LoggerStatus.msg\n'}
[2.898799] (px4_msgs) StdoutLine: {'line': b'-- Up-to-date symlink: /home/carlos/ros2_ws/install/px4_msgs/share/px4_msgs/msg/LongitudinalControlConfiguration.msg\n'}
[2.898921] (px4_msgs) StdoutLine: {'line': b'-- Up-to-date symlink: /home/carlos/ros2_ws/install/px4_msgs/share/px4_msgs/msg/MagWorkerData.msg\n'}
[2.899019] (px4_msgs) StdoutLine: {'line': b'-- Up-to-date symlink: /home/carlos/ros2_ws/install/px4_msgs/share/px4_msgs/msg/MagnetometerBiasEstimate.msg\n'}
[2.899109] (px4_msgs) StdoutLine: {'line': b'-- Up-to-date symlink: /home/carlos/ros2_ws/install/px4_msgs/share/px4_msgs/msg/ManualControlSetpoint.msg\n'}
[2.899208] (px4_msgs) StdoutLine: {'line': b'-- Up-to-date symlink: /home/carlos/ros2_ws/install/px4_msgs/share/px4_msgs/msg/ManualControlSwitches.msg\n'}
[2.899307] (px4_msgs) StdoutLine: {'line': b'-- Up-to-date symlink: /home/carlos/ros2_ws/install/px4_msgs/share/px4_msgs/msg/MavlinkLog.msg\n'}
[2.899404] (px4_msgs) StdoutLine: {'line': b'-- Up-to-date symlink: /home/carlos/ros2_ws/install/px4_msgs/share/px4_msgs/msg/MavlinkTunnel.msg\n'}
[2.899504] (px4_msgs) StdoutLine: {'line': b'-- Up-to-date symlink: /home/carlos/ros2_ws/install/px4_msgs/share/px4_msgs/msg/MessageFormatRequest.msg\n'}
[2.899603] (px4_msgs) StdoutLine: {'line': b'-- Up-to-date symlink: /home/carlos/ros2_ws/install/px4_msgs/share/px4_msgs/msg/MessageFormatResponse.msg\n'}
[2.899701] (px4_msgs) StdoutLine: {'line': b'-- Up-to-date symlink: /home/carlos/ros2_ws/install/px4_msgs/share/px4_msgs/msg/Mission.msg\n'}
[2.899799] (px4_msgs) StdoutLine: {'line': b'-- Up-to-date symlink: /home/carlos/ros2_ws/install/px4_msgs/share/px4_msgs/msg/MissionResult.msg\n'}
[2.899897] (px4_msgs) StdoutLine: {'line': b'-- Up-to-date symlink: /home/carlos/ros2_ws/install/px4_msgs/share/px4_msgs/msg/ModeCompleted.msg\n'}
[2.899995] (px4_msgs) StdoutLine: {'line': b'-- Up-to-date symlink: /home/carlos/ros2_ws/install/px4_msgs/share/px4_msgs/msg/MountOrientation.msg\n'}
[2.900105] (px4_msgs) StdoutLine: {'line': b'-- Up-to-date symlink: /home/carlos/ros2_ws/install/px4_msgs/share/px4_msgs/msg/NavigatorMissionItem.msg\n'}
[2.900197] (px4_msgs) StdoutLine: {'line': b'-- Up-to-date symlink: /home/carlos/ros2_ws/install/px4_msgs/share/px4_msgs/msg/NavigatorStatus.msg\n'}
[2.900295] (px4_msgs) StdoutLine: {'line': b'-- Up-to-date symlink: /home/carlos/ros2_ws/install/px4_msgs/share/px4_msgs/msg/NeuralControl.msg\n'}
[2.900395] (px4_msgs) StdoutLine: {'line': b'-- Up-to-date symlink: /home/carlos/ros2_ws/install/px4_msgs/share/px4_msgs/msg/NormalizedUnsignedSetpoint.msg\n'}
[2.900492] (px4_msgs) StdoutLine: {'line': b'-- Up-to-date symlink: /home/carlos/ros2_ws/install/px4_msgs/share/px4_msgs/msg/ObstacleDistance.msg\n'}
[2.900591] (px4_msgs) StdoutLine: {'line': b'-- Up-to-date symlink: /home/carlos/ros2_ws/install/px4_msgs/share/px4_msgs/msg/OffboardControlMode.msg\n'}
[2.900689] (px4_msgs) StdoutLine: {'line': b'-- Up-to-date symlink: /home/carlos/ros2_ws/install/px4_msgs/share/px4_msgs/msg/OnboardComputerStatus.msg\n'}
[2.900788] (px4_msgs) StdoutLine: {'line': b'-- Up-to-date symlink: /home/carlos/ros2_ws/install/px4_msgs/share/px4_msgs/msg/OpenDroneIdArmStatus.msg\n'}
[2.900891] (px4_msgs) StdoutLine: {'line': b'-- Up-to-date symlink: /home/carlos/ros2_ws/install/px4_msgs/share/px4_msgs/msg/OpenDroneIdOperatorId.msg\n'}
[2.900989] (px4_msgs) StdoutLine: {'line': b'-- Up-to-date symlink: /home/carlos/ros2_ws/install/px4_msgs/share/px4_msgs/msg/OpenDroneIdSelfId.msg\n'}
[2.901093] (px4_msgs) StdoutLine: {'line': b'-- Up-to-date symlink: /home/carlos/ros2_ws/install/px4_msgs/share/px4_msgs/msg/OpenDroneIdSystem.msg\n'}
[2.901194] (px4_msgs) StdoutLine: {'line': b'-- Up-to-date symlink: /home/carlos/ros2_ws/install/px4_msgs/share/px4_msgs/msg/OrbTest.msg\n'}
[2.901291] (px4_msgs) StdoutLine: {'line': b'-- Up-to-date symlink: /home/carlos/ros2_ws/install/px4_msgs/share/px4_msgs/msg/OrbTestLarge.msg\n'}
[2.901395] (px4_msgs) StdoutLine: {'line': b'-- Up-to-date symlink: /home/carlos/ros2_ws/install/px4_msgs/share/px4_msgs/msg/OrbTestMedium.msg\n'}
[2.901517] (px4_msgs) StdoutLine: {'line': b'-- Up-to-date symlink: /home/carlos/ros2_ws/install/px4_msgs/share/px4_msgs/msg/OrbitStatus.msg\n'}
[2.901615] (px4_msgs) StdoutLine: {'line': b'-- Up-to-date symlink: /home/carlos/ros2_ws/install/px4_msgs/share/px4_msgs/msg/ParameterResetRequest.msg\n'}
[2.901694] (px4_msgs) StdoutLine: {'line': b'-- Up-to-date symlink: /home/carlos/ros2_ws/install/px4_msgs/share/px4_msgs/msg/ParameterSetUsedRequest.msg\n'}
[2.901792] (px4_msgs) StdoutLine: {'line': b'-- Up-to-date symlink: /home/carlos/ros2_ws/install/px4_msgs/share/px4_msgs/msg/ParameterSetValueRequest.msg\n'}
[2.901892] (px4_msgs) StdoutLine: {'line': b'-- Up-to-date symlink: /home/carlos/ros2_ws/install/px4_msgs/share/px4_msgs/msg/ParameterSetValueResponse.msg\n'}
[2.901990] (px4_msgs) StdoutLine: {'line': b'-- Up-to-date symlink: /home/carlos/ros2_ws/install/px4_msgs/share/px4_msgs/msg/ParameterUpdate.msg\n'}
[2.902096] (px4_msgs) StdoutLine: {'line': b'-- Up-to-date symlink: /home/carlos/ros2_ws/install/px4_msgs/share/px4_msgs/msg/Ping.msg\n'}
[2.902198] (px4_msgs) StdoutLine: {'line': b'-- Up-to-date symlink: /home/carlos/ros2_ws/install/px4_msgs/share/px4_msgs/msg/PositionControllerLandingStatus.msg\n'}
[2.902298] (px4_msgs) StdoutLine: {'line': b'-- Up-to-date symlink: /home/carlos/ros2_ws/install/px4_msgs/share/px4_msgs/msg/PositionControllerStatus.msg\n'}
[2.902395] (px4_msgs) StdoutLine: {'line': b'-- Up-to-date symlink: /home/carlos/ros2_ws/install/px4_msgs/share/px4_msgs/msg/PositionSetpoint.msg\n'}
[2.902495] (px4_msgs) StdoutLine: {'line': b'-- Up-to-date symlink: /home/carlos/ros2_ws/install/px4_msgs/share/px4_msgs/msg/PositionSetpointTriplet.msg\n'}
[2.902592] (px4_msgs) StdoutLine: {'line': b'-- Up-to-date symlink: /home/carlos/ros2_ws/install/px4_msgs/share/px4_msgs/msg/PowerButtonState.msg\n'}
[2.902690] (px4_msgs) StdoutLine: {'line': b'-- Up-to-date symlink: /home/carlos/ros2_ws/install/px4_msgs/share/px4_msgs/msg/PowerMonitor.msg\n'}
[2.902787] (px4_msgs) StdoutLine: {'line': b'-- Up-to-date symlink: /home/carlos/ros2_ws/install/px4_msgs/share/px4_msgs/msg/PpsCapture.msg\n'}
[2.902886] (px4_msgs) StdoutLine: {'line': b'-- Up-to-date symlink: /home/carlos/ros2_ws/install/px4_msgs/share/px4_msgs/msg/PurePursuitStatus.msg\n'}
[2.902983] (px4_msgs) StdoutLine: {'line': b'-- Up-to-date symlink: /home/carlos/ros2_ws/install/px4_msgs/share/px4_msgs/msg/PwmInput.msg\n'}
[2.903118] (px4_msgs) StdoutLine: {'line': b'-- Up-to-date symlink: /home/carlos/ros2_ws/install/px4_msgs/share/px4_msgs/msg/Px4ioStatus.msg\n'}
[2.903203] (px4_msgs) StdoutLine: {'line': b'-- Up-to-date symlink: /home/carlos/ros2_ws/install/px4_msgs/share/px4_msgs/msg/QshellReq.msg\n'}
[2.903314] (px4_msgs) StdoutLine: {'line': b'-- Up-to-date symlink: /home/carlos/ros2_ws/install/px4_msgs/share/px4_msgs/msg/QshellRetval.msg\n'}
[2.903410] (px4_msgs) StdoutLine: {'line': b'-- Up-to-date symlink: /home/carlos/ros2_ws/install/px4_msgs/share/px4_msgs/msg/RadioStatus.msg\n'}
[2.903491] (px4_msgs) StdoutLine: {'line': b'-- Up-to-date symlink: /home/carlos/ros2_ws/install/px4_msgs/share/px4_msgs/msg/RateCtrlStatus.msg\n'}
[2.903587] (px4_msgs) StdoutLine: {'line': b'-- Up-to-date symlink: /home/carlos/ros2_ws/install/px4_msgs/share/px4_msgs/msg/RcChannels.msg\n'}
[2.903685] (px4_msgs) StdoutLine: {'line': b'-- Up-to-date symlink: /home/carlos/ros2_ws/install/px4_msgs/share/px4_msgs/msg/RcParameterMap.msg\n'}
[2.903778] (px4_msgs) StdoutLine: {'line': b'-- Up-to-date symlink: /home/carlos/ros2_ws/install/px4_msgs/share/px4_msgs/msg/RegisterExtComponentReply.msg\n'}
[2.903878] (px4_msgs) StdoutLine: {'line': b'-- Up-to-date symlink: /home/carlos/ros2_ws/install/px4_msgs/share/px4_msgs/msg/RegisterExtComponentRequest.msg\n'}
[2.903977] (px4_msgs) StdoutLine: {'line': b'-- Up-to-date symlink: /home/carlos/ros2_ws/install/px4_msgs/share/px4_msgs/msg/RoverAttitudeSetpoint.msg\n'}
[2.904083] (px4_msgs) StdoutLine: {'line': b'-- Up-to-date symlink: /home/carlos/ros2_ws/install/px4_msgs/share/px4_msgs/msg/RoverAttitudeStatus.msg\n'}
[2.904185] (px4_msgs) StdoutLine: {'line': b'-- Up-to-date symlink: /home/carlos/ros2_ws/install/px4_msgs/share/px4_msgs/msg/RoverPositionSetpoint.msg\n'}
[2.904284] (px4_msgs) StdoutLine: {'line': b'-- Up-to-date symlink: /home/carlos/ros2_ws/install/px4_msgs/share/px4_msgs/msg/RoverRateSetpoint.msg\n'}
[2.904382] (px4_msgs) StdoutLine: {'line': b'-- Up-to-date symlink: /home/carlos/ros2_ws/install/px4_msgs/share/px4_msgs/msg/RoverRateStatus.msg\n'}
[2.904506] (px4_msgs) StdoutLine: {'line': b'-- Up-to-date symlink: /home/carlos/ros2_ws/install/px4_msgs/share/px4_msgs/msg/RoverSpeedSetpoint.msg\n'}
[2.904599] (px4_msgs) StdoutLine: {'line': b'-- Up-to-date symlink: /home/carlos/ros2_ws/install/px4_msgs/share/px4_msgs/msg/RoverSpeedStatus.msg\n'}
[2.904683] (px4_msgs) StdoutLine: {'line': b'-- Up-to-date symlink: /home/carlos/ros2_ws/install/px4_msgs/share/px4_msgs/msg/RoverSteeringSetpoint.msg\n'}
[2.904780] (px4_msgs) StdoutLine: {'line': b'-- Up-to-date symlink: /home/carlos/ros2_ws/install/px4_msgs/share/px4_msgs/msg/RoverThrottleSetpoint.msg\n'}
[2.904879] (px4_msgs) StdoutLine: {'line': b'-- Up-to-date symlink: /home/carlos/ros2_ws/install/px4_msgs/share/px4_msgs/msg/Rpm.msg\n'}
[2.904983] (px4_msgs) StdoutLine: {'line': b'-- Up-to-date symlink: /home/carlos/ros2_ws/install/px4_msgs/share/px4_msgs/msg/RtlStatus.msg\n'}
[2.905090] (px4_msgs) StdoutLine: {'line': b'-- Up-to-date symlink: /home/carlos/ros2_ws/install/px4_msgs/share/px4_msgs/msg/RtlTimeEstimate.msg\n'}
[2.905190] (px4_msgs) StdoutLine: {'line': b'-- Up-to-date symlink: /home/carlos/ros2_ws/install/px4_msgs/share/px4_msgs/msg/SatelliteInfo.msg\n'}
[2.905287] (px4_msgs) StdoutLine: {'line': b'-- Up-to-date symlink: /home/carlos/ros2_ws/install/px4_msgs/share/px4_msgs/msg/SensorAccel.msg\n'}
[2.905384] (px4_msgs) StdoutLine: {'line': b'-- Up-to-date symlink: /home/carlos/ros2_ws/install/px4_msgs/share/px4_msgs/msg/SensorAccelFifo.msg\n'}
[2.905507] (px4_msgs) StdoutLine: {'line': b'-- Up-to-date symlink: /home/carlos/ros2_ws/install/px4_msgs/share/px4_msgs/msg/SensorAirflow.msg\n'}
[2.905593] (px4_msgs) StdoutLine: {'line': b'-- Up-to-date symlink: /home/carlos/ros2_ws/install/px4_msgs/share/px4_msgs/msg/SensorBaro.msg\n'}
[2.905707] (px4_msgs) StdoutLine: {'line': b'-- Up-to-date symlink: /home/carlos/ros2_ws/install/px4_msgs/share/px4_msgs/msg/SensorCombined.msg\n'}
[2.905804] (px4_msgs) StdoutLine: {'line': b'-- Up-to-date symlink: /home/carlos/ros2_ws/install/px4_msgs/share/px4_msgs/msg/SensorCorrection.msg\n'}
[2.905885] (px4_msgs) StdoutLine: {'line': b'-- Up-to-date symlink: /home/carlos/ros2_ws/install/px4_msgs/share/px4_msgs/msg/SensorGnssRelative.msg\n'}
[2.905983] (px4_msgs) StdoutLine: {'line': b'-- Up-to-date symlink: /home/carlos/ros2_ws/install/px4_msgs/share/px4_msgs/msg/SensorGnssStatus.msg\n'}
[2.906088] (px4_msgs) StdoutLine: {'line': b'-- Up-to-date symlink: /home/carlos/ros2_ws/install/px4_msgs/share/px4_msgs/msg/SensorGps.msg\n'}
[2.906197] (px4_msgs) StdoutLine: {'line': b'-- Up-to-date symlink: /home/carlos/ros2_ws/install/px4_msgs/share/px4_msgs/msg/SensorGyro.msg\n'}
[2.906296] (px4_msgs) StdoutLine: {'line': b'-- Up-to-date symlink: /home/carlos/ros2_ws/install/px4_msgs/share/px4_msgs/msg/SensorGyroFft.msg\n'}
[2.906392] (px4_msgs) StdoutLine: {'line': b'-- Up-to-date symlink: /home/carlos/ros2_ws/install/px4_msgs/share/px4_msgs/msg/SensorGyroFifo.msg\n'}
[2.906489] (px4_msgs) StdoutLine: {'line': b'-- Up-to-date symlink: /home/carlos/ros2_ws/install/px4_msgs/share/px4_msgs/msg/SensorHygrometer.msg\n'}
[2.906542] (-) TimerEvent: {}
[2.906612] (px4_msgs) StdoutLine: {'line': b'-- Up-to-date symlink: /home/carlos/ros2_ws/install/px4_msgs/share/px4_msgs/msg/SensorMag.msg\n'}
[2.906684] (px4_msgs) StdoutLine: {'line': b'-- Up-to-date symlink: /home/carlos/ros2_ws/install/px4_msgs/share/px4_msgs/msg/SensorOpticalFlow.msg\n'}
[2.906781] (px4_msgs) StdoutLine: {'line': b'-- Up-to-date symlink: /home/carlos/ros2_ws/install/px4_msgs/share/px4_msgs/msg/SensorPreflightMag.msg\n'}
[2.906878] (px4_msgs) StdoutLine: {'line': b'-- Up-to-date symlink: /home/carlos/ros2_ws/install/px4_msgs/share/px4_msgs/msg/SensorSelection.msg\n'}
[2.906975] (px4_msgs) StdoutLine: {'line': b'-- Up-to-date symlink: /home/carlos/ros2_ws/install/px4_msgs/share/px4_msgs/msg/SensorUwb.msg\n'}
[2.907078] (px4_msgs) StdoutLine: {'line': b'-- Up-to-date symlink: /home/carlos/ros2_ws/install/px4_msgs/share/px4_msgs/msg/SensorsStatus.msg\n'}
[2.907189] (px4_msgs) StdoutLine: {'line': b'-- Up-to-date symlink: /home/carlos/ros2_ws/install/px4_msgs/share/px4_msgs/msg/SensorsStatusImu.msg\n'}
[2.907285] (px4_msgs) StdoutLine: {'line': b'-- Up-to-date symlink: /home/carlos/ros2_ws/install/px4_msgs/share/px4_msgs/msg/SystemPower.msg\n'}
[2.907377] (px4_msgs) StdoutLine: {'line': b'-- Up-to-date symlink: /home/carlos/ros2_ws/install/px4_msgs/share/px4_msgs/msg/TakeoffStatus.msg\n'}
[2.907474] (px4_msgs) StdoutLine: {'line': b'-- Up-to-date symlink: /home/carlos/ros2_ws/install/px4_msgs/share/px4_msgs/msg/TaskStackInfo.msg\n'}
[2.907576] (px4_msgs) StdoutLine: {'line': b'-- Up-to-date symlink: /home/carlos/ros2_ws/install/px4_msgs/share/px4_msgs/msg/TecsStatus.msg\n'}
[2.907697] (px4_msgs) StdoutLine: {'line': b'-- Up-to-date symlink: /home/carlos/ros2_ws/install/px4_msgs/share/px4_msgs/msg/TelemetryStatus.msg\n'}
[2.907784] (px4_msgs) StdoutLine: {'line': b'-- Up-to-date symlink: /home/carlos/ros2_ws/install/px4_msgs/share/px4_msgs/msg/TiltrotorExtraControls.msg\n'}
[2.907903] (px4_msgs) StdoutLine: {'line': b'-- Up-to-date symlink: /home/carlos/ros2_ws/install/px4_msgs/share/px4_msgs/msg/TimesyncStatus.msg\n'}
[2.908030] (px4_msgs) StdoutLine: {'line': b'-- Up-to-date symlink: /home/carlos/ros2_ws/install/px4_msgs/share/px4_msgs/msg/TrajectorySetpoint.msg\n'}
[2.908182] (px4_msgs) StdoutLine: {'line': b'-- Up-to-date symlink: /home/carlos/ros2_ws/install/px4_msgs/share/px4_msgs/msg/TrajectorySetpoint6dof.msg\n'}
[2.908298] (px4_msgs) StdoutLine: {'line': b'-- Up-to-date symlink: /home/carlos/ros2_ws/install/px4_msgs/share/px4_msgs/msg/TransponderReport.msg\n'}
[2.908400] (px4_msgs) StdoutLine: {'line': b'-- Up-to-date symlink: /home/carlos/ros2_ws/install/px4_msgs/share/px4_msgs/msg/TuneControl.msg\n'}
[2.908470] (px4_msgs) StdoutLine: {'line': b'-- Up-to-date symlink: /home/carlos/ros2_ws/install/px4_msgs/share/px4_msgs/msg/UavcanParameterRequest.msg\n'}
[2.908602] (px4_msgs) StdoutLine: {'line': b'-- Up-to-date symlink: /home/carlos/ros2_ws/install/px4_msgs/share/px4_msgs/msg/UavcanParameterValue.msg\n'}
[2.908687] (px4_msgs) StdoutLine: {'line': b'-- Up-to-date symlink: /home/carlos/ros2_ws/install/px4_msgs/share/px4_msgs/msg/UlogStream.msg\n'}
[2.908802] (px4_msgs) StdoutLine: {'line': b'-- Up-to-date symlink: /home/carlos/ros2_ws/install/px4_msgs/share/px4_msgs/msg/UlogStreamAck.msg\n'}
[2.908920] (px4_msgs) StdoutLine: {'line': b'-- Up-to-date symlink: /home/carlos/ros2_ws/install/px4_msgs/share/px4_msgs/msg/UnregisterExtComponent.msg\n'}
[2.909001] (px4_msgs) StdoutLine: {'line': b'-- Up-to-date symlink: /home/carlos/ros2_ws/install/px4_msgs/share/px4_msgs/msg/VehicleAcceleration.msg\n'}
[2.909079] (px4_msgs) StdoutLine: {'line': b'-- Up-to-date symlink: /home/carlos/ros2_ws/install/px4_msgs/share/px4_msgs/msg/VehicleAirData.msg\n'}
[2.909147] (px4_msgs) StdoutLine: {'line': b'-- Up-to-date symlink: /home/carlos/ros2_ws/install/px4_msgs/share/px4_msgs/msg/VehicleAngularAccelerationSetpoint.msg\n'}
[2.909247] (px4_msgs) StdoutLine: {'line': b'-- Up-to-date symlink: /home/carlos/ros2_ws/install/px4_msgs/share/px4_msgs/msg/VehicleAngularVelocity.msg\n'}
[2.909345] (px4_msgs) StdoutLine: {'line': b'-- Up-to-date symlink: /home/carlos/ros2_ws/install/px4_msgs/share/px4_msgs/msg/VehicleAttitude.msg\n'}
[2.909444] (px4_msgs) StdoutLine: {'line': b'-- Up-to-date symlink: /home/carlos/ros2_ws/install/px4_msgs/share/px4_msgs/msg/VehicleAttitudeSetpoint.msg\n'}
[2.909542] (px4_msgs) StdoutLine: {'line': b'-- Up-to-date symlink: /home/carlos/ros2_ws/install/px4_msgs/share/px4_msgs/msg/VehicleCommand.msg\n'}
[2.909640] (px4_msgs) StdoutLine: {'line': b'-- Up-to-date symlink: /home/carlos/ros2_ws/install/px4_msgs/share/px4_msgs/msg/VehicleCommandAck.msg\n'}
[2.909740] (px4_msgs) StdoutLine: {'line': b'-- Up-to-date symlink: /home/carlos/ros2_ws/install/px4_msgs/share/px4_msgs/msg/VehicleConstraints.msg\n'}
[2.909843] (px4_msgs) StdoutLine: {'line': b'-- Up-to-date symlink: /home/carlos/ros2_ws/install/px4_msgs/share/px4_msgs/msg/VehicleControlMode.msg\n'}
[2.909942] (px4_msgs) StdoutLine: {'line': b'-- Up-to-date symlink: /home/carlos/ros2_ws/install/px4_msgs/share/px4_msgs/msg/VehicleGlobalPosition.msg\n'}
[2.910047] (px4_msgs) StdoutLine: {'line': b'-- Up-to-date symlink: /home/carlos/ros2_ws/install/px4_msgs/share/px4_msgs/msg/VehicleImu.msg\n'}
[2.910147] (px4_msgs) StdoutLine: {'line': b'-- Up-to-date symlink: /home/carlos/ros2_ws/install/px4_msgs/share/px4_msgs/msg/VehicleImuStatus.msg\n'}
[2.910247] (px4_msgs) StdoutLine: {'line': b'-- Up-to-date symlink: /home/carlos/ros2_ws/install/px4_msgs/share/px4_msgs/msg/VehicleLandDetected.msg\n'}
[2.910357] (px4_msgs) StdoutLine: {'line': b'-- Up-to-date symlink: /home/carlos/ros2_ws/install/px4_msgs/share/px4_msgs/msg/VehicleLocalPosition.msg\n'}
[2.910457] (px4_msgs) StdoutLine: {'line': b'-- Up-to-date symlink: /home/carlos/ros2_ws/install/px4_msgs/share/px4_msgs/msg/VehicleLocalPositionSetpoint.msg\n'}
[2.910556] (px4_msgs) StdoutLine: {'line': b'-- Up-to-date symlink: /home/carlos/ros2_ws/install/px4_msgs/share/px4_msgs/msg/VehicleMagnetometer.msg\n'}
[2.910654] (px4_msgs) StdoutLine: {'line': b'-- Up-to-date symlink: /home/carlos/ros2_ws/install/px4_msgs/share/px4_msgs/msg/VehicleOdometry.msg\n'}
[2.910752] (px4_msgs) StdoutLine: {'line': b'-- Up-to-date symlink: /home/carlos/ros2_ws/install/px4_msgs/share/px4_msgs/msg/VehicleOpticalFlow.msg\n'}
[2.910852] (px4_msgs) StdoutLine: {'line': b'-- Up-to-date symlink: /home/carlos/ros2_ws/install/px4_msgs/share/px4_msgs/msg/VehicleOpticalFlowVel.msg\n'}
[2.910950] (px4_msgs) StdoutLine: {'line': b'-- Up-to-date symlink: /home/carlos/ros2_ws/install/px4_msgs/share/px4_msgs/msg/VehicleRatesSetpoint.msg\n'}
[2.911053] (px4_msgs) StdoutLine: {'line': b'-- Up-to-date symlink: /home/carlos/ros2_ws/install/px4_msgs/share/px4_msgs/msg/VehicleRoi.msg\n'}
[2.911166] (px4_msgs) StdoutLine: {'line': b'-- Up-to-date symlink: /home/carlos/ros2_ws/install/px4_msgs/share/px4_msgs/msg/VehicleStatus.msg\n'}
[2.911266] (px4_msgs) StdoutLine: {'line': b'-- Up-to-date symlink: /home/carlos/ros2_ws/install/px4_msgs/share/px4_msgs/msg/VehicleThrustSetpoint.msg\n'}
[2.911364] (px4_msgs) StdoutLine: {'line': b'-- Up-to-date symlink: /home/carlos/ros2_ws/install/px4_msgs/share/px4_msgs/msg/VehicleTorqueSetpoint.msg\n'}
[2.911467] (px4_msgs) StdoutLine: {'line': b'-- Up-to-date symlink: /home/carlos/ros2_ws/install/px4_msgs/share/px4_msgs/msg/VelocityLimits.msg\n'}
[2.911566] (px4_msgs) StdoutLine: {'line': b'-- Up-to-date symlink: /home/carlos/ros2_ws/install/px4_msgs/share/px4_msgs/msg/VtolVehicleStatus.msg\n'}
[2.911665] (px4_msgs) StdoutLine: {'line': b'-- Up-to-date symlink: /home/carlos/ros2_ws/install/px4_msgs/share/px4_msgs/msg/WheelEncoders.msg\n'}
[2.911763] (px4_msgs) StdoutLine: {'line': b'-- Up-to-date symlink: /home/carlos/ros2_ws/install/px4_msgs/share/px4_msgs/msg/Wind.msg\n'}
[2.911864] (px4_msgs) StdoutLine: {'line': b'-- Up-to-date symlink: /home/carlos/ros2_ws/install/px4_msgs/share/px4_msgs/msg/YawEstimatorStatus.msg\n'}
[2.911964] (px4_msgs) StdoutLine: {'line': b'-- Up-to-date symlink: /home/carlos/ros2_ws/install/px4_msgs/share/px4_msgs/srv/VehicleCommand.srv\n'}
[2.912089] (px4_msgs) StdoutLine: {'line': b'-- Up-to-date symlink: /home/carlos/ros2_ws/install/px4_msgs/share/ament_index/resource_index/package_run_dependencies/px4_msgs\n'}
[2.912210] (px4_msgs) StdoutLine: {'line': b'-- Up-to-date symlink: /home/carlos/ros2_ws/install/px4_msgs/share/ament_index/resource_index/parent_prefix_path/px4_msgs\n'}
[2.912321] (px4_msgs) StdoutLine: {'line': b'-- Up-to-date symlink: /home/carlos/ros2_ws/install/px4_msgs/share/px4_msgs/environment/ament_prefix_path.sh\n'}
[2.912422] (px4_msgs) StdoutLine: {'line': b'-- Up-to-date symlink: /home/carlos/ros2_ws/install/px4_msgs/share/px4_msgs/environment/ament_prefix_path.dsv\n'}
[2.912529] (px4_msgs) StdoutLine: {'line': b'-- Up-to-date symlink: /home/carlos/ros2_ws/install/px4_msgs/share/px4_msgs/environment/path.sh\n'}
[2.912629] (px4_msgs) StdoutLine: {'line': b'-- Up-to-date symlink: /home/carlos/ros2_ws/install/px4_msgs/share/px4_msgs/environment/path.dsv\n'}
[2.912729] (px4_msgs) StdoutLine: {'line': b'-- Up-to-date symlink: /home/carlos/ros2_ws/install/px4_msgs/share/px4_msgs/local_setup.bash\n'}
[2.912829] (px4_msgs) StdoutLine: {'line': b'-- Up-to-date symlink: /home/carlos/ros2_ws/install/px4_msgs/share/px4_msgs/local_setup.sh\n'}
[2.912927] (px4_msgs) StdoutLine: {'line': b'-- Up-to-date symlink: /home/carlos/ros2_ws/install/px4_msgs/share/px4_msgs/local_setup.zsh\n'}
[2.913027] (px4_msgs) StdoutLine: {'line': b'-- Up-to-date symlink: /home/carlos/ros2_ws/install/px4_msgs/share/px4_msgs/local_setup.dsv\n'}
[2.913109] (px4_msgs) StdoutLine: {'line': b'-- Symlinking: /home/carlos/ros2_ws/install/px4_msgs/share/px4_msgs/package.dsv\n'}
[2.923006] (px4_msgs) StdoutLine: {'line': b'-- Up-to-date symlink: /home/carlos/ros2_ws/install/px4_msgs/share/ament_index/resource_index/packages/px4_msgs\n'}
[2.923288] (px4_msgs) StdoutLine: {'line': b'-- Up-to-date symlink: /home/carlos/ros2_ws/install/px4_msgs/share/px4_msgs/cmake/rosidl_cmake-extras.cmake\n'}
[2.923436] (px4_msgs) StdoutLine: {'line': b'-- Up-to-date symlink: /home/carlos/ros2_ws/install/px4_msgs/share/px4_msgs/cmake/ament_cmake_export_dependencies-extras.cmake\n'}
[2.923616] (px4_msgs) StdoutLine: {'line': b'-- Up-to-date symlink: /home/carlos/ros2_ws/install/px4_msgs/share/px4_msgs/cmake/ament_cmake_export_include_directories-extras.cmake\n'}
[2.923732] (px4_msgs) StdoutLine: {'line': b'-- Up-to-date symlink: /home/carlos/ros2_ws/install/px4_msgs/share/px4_msgs/cmake/ament_cmake_export_libraries-extras.cmake\n'}
[2.923842] (px4_msgs) StdoutLine: {'line': b'-- Up-to-date symlink: /home/carlos/ros2_ws/install/px4_msgs/share/px4_msgs/cmake/ament_cmake_export_targets-extras.cmake\n'}
[2.923996] (px4_msgs) StdoutLine: {'line': b'-- Up-to-date symlink: /home/carlos/ros2_ws/install/px4_msgs/share/px4_msgs/cmake/rosidl_cmake_export_typesupport_targets-extras.cmake\n'}
[2.924124] (px4_msgs) StdoutLine: {'line': b'-- Up-to-date symlink: /home/carlos/ros2_ws/install/px4_msgs/share/px4_msgs/cmake/rosidl_cmake_export_typesupport_libraries-extras.cmake\n'}
[2.924167] (px4_msgs) StdoutLine: {'line': b'-- Up-to-date symlink: /home/carlos/ros2_ws/install/px4_msgs/share/px4_msgs/cmake/px4_msgsConfig.cmake\n'}
[2.924208] (px4_msgs) StdoutLine: {'line': b'-- Up-to-date symlink: /home/carlos/ros2_ws/install/px4_msgs/share/px4_msgs/cmake/px4_msgsConfig-version.cmake\n'}
[2.924270] (px4_msgs) StdoutLine: {'line': b'-- Up-to-date symlink: /home/carlos/ros2_ws/install/px4_msgs/share/px4_msgs/package.xml\n'}
[2.924508] (px4_msgs) StdoutLine: {'line': b'-- Up-to-date: /home/carlos/ros2_ws/install/px4_msgs/lib/libpx4_msgs__rosidl_generator_c.so\n'}
[2.924729] (px4_msgs) StdoutLine: {'line': b'-- Up-to-date: /home/carlos/ros2_ws/install/px4_msgs/lib/libpx4_msgs__rosidl_typesupport_fastrtps_c.so\n'}
[2.924938] (px4_msgs) StdoutLine: {'line': b'-- Up-to-date: /home/carlos/ros2_ws/install/px4_msgs/lib/libpx4_msgs__rosidl_typesupport_fastrtps_cpp.so\n'}
[2.925170] (px4_msgs) StdoutLine: {'line': b'-- Up-to-date: /home/carlos/ros2_ws/install/px4_msgs/lib/libpx4_msgs__rosidl_typesupport_introspection_c.so\n'}
[2.925386] (px4_msgs) StdoutLine: {'line': b'-- Up-to-date: /home/carlos/ros2_ws/install/px4_msgs/lib/libpx4_msgs__rosidl_typesupport_c.so\n'}
[2.925592] (px4_msgs) StdoutLine: {'line': b'-- Up-to-date: /home/carlos/ros2_ws/install/px4_msgs/lib/libpx4_msgs__rosidl_typesupport_introspection_cpp.so\n'}
[2.925798] (px4_msgs) StdoutLine: {'line': b'-- Up-to-date: /home/carlos/ros2_ws/install/px4_msgs/lib/libpx4_msgs__rosidl_typesupport_cpp.so\n'}
[2.959591] (px4_msgs) StdoutLine: {'line': b"Listing '/home/carlos/ros2_ws/install/px4_msgs/lib/python3.12/site-packages/px4_msgs'...\n"}
[2.959789] (px4_msgs) StdoutLine: {'line': b"Listing '/home/carlos/ros2_ws/install/px4_msgs/lib/python3.12/site-packages/px4_msgs/msg'...\n"}
[2.959891] (px4_msgs) StdoutLine: {'line': b"Listing '/home/carlos/ros2_ws/install/px4_msgs/lib/python3.12/site-packages/px4_msgs/srv'...\n"}
[2.963223] (px4_msgs) StdoutLine: {'line': b'-- Up-to-date: /home/carlos/ros2_ws/install/px4_msgs/lib/libpx4_msgs__rosidl_generator_py.so\n'}
[2.963476] (px4_msgs) StdoutLine: {'line': b'-- Up-to-date: /home/carlos/ros2_ws/install/px4_msgs/share/px4_msgs/cmake/export_px4_msgs__rosidl_generator_cExport.cmake\n'}
[2.963608] (px4_msgs) StdoutLine: {'line': b'-- Up-to-date: /home/carlos/ros2_ws/install/px4_msgs/share/px4_msgs/cmake/export_px4_msgs__rosidl_generator_cExport-noconfig.cmake\n'}
[2.963802] (px4_msgs) StdoutLine: {'line': b'-- Up-to-date: /home/carlos/ros2_ws/install/px4_msgs/share/px4_msgs/cmake/export_px4_msgs__rosidl_typesupport_fastrtps_cExport.cmake\n'}
[2.963912] (px4_msgs) StdoutLine: {'line': b'-- Up-to-date: /home/carlos/ros2_ws/install/px4_msgs/share/px4_msgs/cmake/export_px4_msgs__rosidl_typesupport_fastrtps_cExport-noconfig.cmake\n'}
[2.964010] (px4_msgs) StdoutLine: {'line': b'-- Up-to-date: /home/carlos/ros2_ws/install/px4_msgs/share/px4_msgs/cmake/export_px4_msgs__rosidl_generator_cppExport.cmake\n'}
[2.964142] (px4_msgs) StdoutLine: {'line': b'-- Up-to-date: /home/carlos/ros2_ws/install/px4_msgs/share/px4_msgs/cmake/export_px4_msgs__rosidl_typesupport_fastrtps_cppExport.cmake\n'}
[2.964245] (px4_msgs) StdoutLine: {'line': b'-- Up-to-date: /home/carlos/ros2_ws/install/px4_msgs/share/px4_msgs/cmake/export_px4_msgs__rosidl_typesupport_fastrtps_cppExport-noconfig.cmake\n'}
[2.964336] (px4_msgs) StdoutLine: {'line': b'-- Up-to-date: /home/carlos/ros2_ws/install/px4_msgs/share/px4_msgs/cmake/px4_msgs__rosidl_typesupport_introspection_cExport.cmake\n'}
[2.964425] (px4_msgs) StdoutLine: {'line': b'-- Up-to-date: /home/carlos/ros2_ws/install/px4_msgs/share/px4_msgs/cmake/px4_msgs__rosidl_typesupport_introspection_cExport-noconfig.cmake\n'}
[2.964547] (px4_msgs) StdoutLine: {'line': b'-- Up-to-date: /home/carlos/ros2_ws/install/px4_msgs/share/px4_msgs/cmake/px4_msgs__rosidl_typesupport_cExport.cmake\n'}
[2.964640] (px4_msgs) StdoutLine: {'line': b'-- Up-to-date: /home/carlos/ros2_ws/install/px4_msgs/share/px4_msgs/cmake/px4_msgs__rosidl_typesupport_cExport-noconfig.cmake\n'}
[2.964775] (px4_msgs) StdoutLine: {'line': b'-- Up-to-date: /home/carlos/ros2_ws/install/px4_msgs/share/px4_msgs/cmake/px4_msgs__rosidl_typesupport_introspection_cppExport.cmake\n'}
[2.964865] (px4_msgs) StdoutLine: {'line': b'-- Up-to-date: /home/carlos/ros2_ws/install/px4_msgs/share/px4_msgs/cmake/px4_msgs__rosidl_typesupport_introspection_cppExport-noconfig.cmake\n'}
[2.964908] (px4_msgs) StdoutLine: {'line': b'-- Up-to-date: /home/carlos/ros2_ws/install/px4_msgs/share/px4_msgs/cmake/px4_msgs__rosidl_typesupport_cppExport.cmake\n'}
[2.964943] (px4_msgs) StdoutLine: {'line': b'-- Up-to-date: /home/carlos/ros2_ws/install/px4_msgs/share/px4_msgs/cmake/px4_msgs__rosidl_typesupport_cppExport-noconfig.cmake\n'}
[2.964979] (px4_msgs) StdoutLine: {'line': b'-- Up-to-date: /home/carlos/ros2_ws/install/px4_msgs/share/px4_msgs/cmake/export_px4_msgs__rosidl_generator_pyExport.cmake\n'}
[2.965016] (px4_msgs) StdoutLine: {'line': b'-- Up-to-date: /home/carlos/ros2_ws/install/px4_msgs/share/px4_msgs/cmake/export_px4_msgs__rosidl_generator_pyExport-noconfig.cmake\n'}
[2.966376] (px4_msgs) CommandEnded: {'returncode': 0}
[3.006659] (-) TimerEvent: {}
[3.026397] (px4_msgs) JobEnded: {'identifier': 'px4_msgs', 'rc': 0}
[3.027346] (control) JobStarted: {'identifier': 'control'}
[3.031963] (px4_ros_com) JobStarted: {'identifier': 'px4_ros_com'}
[3.036474] (control) JobProgress: {'identifier': 'control', 'progress': 'cmake'}
[3.037250] (control) JobProgress: {'identifier': 'control', 'progress': 'build'}
[3.037628] (control) Command: {'cmd': ['/usr/bin/cmake', '--build', '/home/carlos/ros2_ws/build/control', '--', '-j16', '-l16'], 'cwd': '/home/carlos/ros2_ws/build/control', 'env': OrderedDict({'GJS_DEBUG_TOPICS': 'JS ERROR;JS LOG', 'XDG_ACTIVATION_TOKEN': 'gnome-shell/Terminator/2840-1-carlos-Lenovo-Slim-Pro-7-14ARP8_TIME53349', 'LESSOPEN': '| /usr/bin/lesspipe %s', 'USER': 'carlos', 'XDG_SESSION_TYPE': 'x11', 'CLUTTER_DISABLE_MIPMAPPED_TEXT': '1', 'SHLVL': '1', 'LD_LIBRARY_PATH': '/home/carlos/ros2_ws/install/px4_msgs/lib:/home/carlos/ros2_ws/install/px4_ros_com/lib:/opt/ros/jazzy/opt/zenoh_cpp_vendor/lib:/opt/ros/jazzy/opt/rviz_ogre_vendor/lib:/opt/ros/jazzy/lib/x86_64-linux-gnu:/opt/ros/jazzy/opt/gz_math_vendor/lib:/opt/ros/jazzy/opt/gz_utils_vendor/lib:/opt/ros/jazzy/opt/gz_cmake_vendor/lib:/opt/ros/jazzy/lib', 'HOME': '/home/carlos', 'OLDPWD': '/home/carlos', 'DESKTOP_SESSION': 'ubuntu', 'GIO_LAUNCHED_DESKTOP_FILE': '/usr/share/applications/terminator.desktop', 'ROS_PYTHON_VERSION': '3', 'GNOME_SHELL_SESSION_MODE': 'ubuntu', 'GTK_MODULES': 'gail:atk-bridge', 'MANAGERPID': '2380', 'SYSTEMD_EXEC_PID': '2840', 'GSM_SKIP_SSH_AGENT_WORKAROUND': 'true', 'DBUS_SESSION_BUS_ADDRESS': 'unix:path=/run/user/1000/bus', 'COLORTERM': 'truecolor', 'TERMINATOR_DBUS_NAME': 'net.tenshu.Terminator23558193cd9818af7fe4d2c2f5bd9d00f', 'GIO_LAUNCHED_DESKTOP_FILE_PID': '4862', 'DEBUGINFOD_URLS': 'https://debuginfod.ubuntu.com', 'COLCON_PREFIX_PATH': '/home/carlos/ros2_ws/install', 'ROS_DISTRO': 'jazzy', 'LOGNAME': 'carlos', 'JOURNAL_STREAM': '9:25986', '_': '/usr/bin/colcon', 'ROS_VERSION': '2', 'MEMORY_PRESSURE_WATCH': '/sys/fs/cgroup/user.slice/user-1000.slice/user@1000.service/session.slice/org.gnome.Shell@x11.service/memory.pressure', 'XDG_SESSION_CLASS': 'user', 'USERNAME': 'carlos', 'TERM': 'xterm-256color', 'GNOME_DESKTOP_SESSION_ID': 'this-is-deprecated', 'WINDOWPATH': '2', 'PATH': '/opt/ros/jazzy/bin:/home/carlos/.local/bin:/usr/local/sbin:/usr/local/bin:/usr/sbin:/usr/bin:/sbin:/bin:/usr/games:/usr/local/games:/snap/bin:/snap/bin:/opt/xtensa-esp-elf/bin/', 'SESSION_MANAGER': 'local/carlos-Lenovo-Slim-Pro-7-14ARP8:@/tmp/.ICE-unix/2796,unix/carlos-Lenovo-Slim-Pro-7-14ARP8:/tmp/.ICE-unix/2796', 'INVOCATION_ID': 'f475dcf9eb7e4a02b43f1a7347585d2f', 'XDG_MENU_PREFIX': 'gnome-', 'XDG_RUNTIME_DIR': '/run/user/1000', 'DISPLAY': ':1', 'TERMINATOR_DBUS_PATH': '/net/tenshu/Terminator2', 'LANG': 'en_US.UTF-8', 'XDG_CURRENT_DESKTOP': 'ubuntu:GNOME', 'XMODIFIERS': '@im=ibus', 'XDG_SESSION_DESKTOP': 'ubuntu', 'XAUTHORITY': '/run/user/1000/gdm/Xauthority', 'LS_COLORS': 'rs=0:di=01;34:ln=01;36:mh=00:pi=40;33:so=01;35:do=01;35:bd=40;33;01:cd=40;33;01:or=40;31;01:mi=00:su=37;41:sg=30;43:ca=00:tw=30;42:ow=34;42:st=37;44:ex=01;32:*.tar=01;31:*.tgz=01;31:*.arc=01;31:*.arj=01;31:*.taz=01;31:*.lha=01;31:*.lz4=01;31:*.lzh=01;31:*.lzma=01;31:*.tlz=01;31:*.txz=01;31:*.tzo=01;31:*.t7z=01;31:*.zip=01;31:*.z=01;31:*.dz=01;31:*.gz=01;31:*.lrz=01;31:*.lz=01;31:*.lzo=01;31:*.xz=01;31:*.zst=01;31:*.tzst=01;31:*.bz2=01;31:*.bz=01;31:*.tbz=01;31:*.tbz2=01;31:*.tz=01;31:*.deb=01;31:*.rpm=01;31:*.jar=01;31:*.war=01;31:*.ear=01;31:*.sar=01;31:*.rar=01;31:*.alz=01;31:*.ace=01;31:*.zoo=01;31:*.cpio=01;31:*.7z=01;31:*.rz=01;31:*.cab=01;31:*.wim=01;31:*.swm=01;31:*.dwm=01;31:*.esd=01;31:*.avif=01;35:*.jpg=01;35:*.jpeg=01;35:*.mjpg=01;35:*.mjpeg=01;35:*.gif=01;35:*.bmp=01;35:*.pbm=01;35:*.pgm=01;35:*.ppm=01;35:*.tga=01;35:*.xbm=01;35:*.xpm=01;35:*.tif=01;35:*.tiff=01;35:*.png=01;35:*.svg=01;35:*.svgz=01;35:*.mng=01;35:*.pcx=01;35:*.mov=01;35:*.mpg=01;35:*.mpeg=01;35:*.m2v=01;35:*.mkv=01;35:*.webm=01;35:*.webp=01;35:*.ogm=01;35:*.mp4=01;35:*.m4v=01;35:*.mp4v=01;35:*.vob=01;35:*.qt=01;35:*.nuv=01;35:*.wmv=01;35:*.asf=01;35:*.rm=01;35:*.rmvb=01;35:*.flc=01;35:*.avi=01;35:*.fli=01;35:*.flv=01;35:*.gl=01;35:*.dl=01;35:*.xcf=01;35:*.xwd=01;35:*.yuv=01;35:*.cgm=01;35:*.emf=01;35:*.ogv=01;35:*.ogx=01;35:*.aac=00;36:*.au=00;36:*.flac=00;36:*.m4a=00;36:*.mid=00;36:*.midi=00;36:*.mka=00;36:*.mp3=00;36:*.mpc=00;36:*.ogg=00;36:*.ra=00;36:*.wav=00;36:*.oga=00;36:*.opus=00;36:*.spx=00;36:*.xspf=00;36:*~=00;90:*#=00;90:*.bak=00;90:*.crdownload=00;90:*.dpkg-dist=00;90:*.dpkg-new=00;90:*.dpkg-old=00;90:*.dpkg-tmp=00;90:*.old=00;90:*.orig=00;90:*.part=00;90:*.rej=00;90:*.rpmnew=00;90:*.rpmorig=00;90:*.rpmsave=00;90:*.swp=00;90:*.tmp=00;90:*.ucf-dist=00;90:*.ucf-new=00;90:*.ucf-old=00;90:', 'SSH_AUTH_SOCK': '/run/user/1000/keyring/ssh', 'AMENT_PREFIX_PATH': '/home/carlos/ros2_ws/install/px4_ros_com:/home/carlos/ros2_ws/install/control:/home/carlos/ros2_ws/install/px4_msgs:/opt/ros/jazzy', 'SHELL': '/bin/bash', 'TERMINATOR_UUID': 'urn:uuid:822a4f88-cac2-4c93-a703-7e4bb3f076d0', 'QT_ACCESSIBILITY': '1', 'GDMSESSION': 'ubuntu', 'LESSCLOSE': '/usr/bin/lesspipe %s %s', 'GPG_AGENT_INFO': '/run/user/1000/gnupg/S.gpg-agent:0:1', 'GJS_DEBUG_OUTPUT': 'stderr', 'ROS_AUTOMATIC_DISCOVERY_RANGE': 'SUBNET', 'QT_IM_MODULE': 'ibus', 'PWD': '/home/carlos/ros2_ws/build/control', 'XDG_CONFIG_DIRS': '/etc/xdg/xdg-ubuntu:/etc/xdg', 'XDG_DATA_DIRS': '/usr/share/ubuntu:/usr/share/gnome:/usr/local/share/:/usr/share/:/var/lib/snapd/desktop', 'PYTHONPATH': '/home/carlos/ros2_ws/install/px4_msgs/lib/python3.12/site-packages:/home/carlos/ros2_ws/install/px4_ros_com/lib/python3.12/site-packages:/opt/ros/jazzy/lib/python3.12/site-packages', 'COLCON': '1', 'MEMORY_PRESSURE_WRITE': 'c29tZSAyMDAwMDAgMjAwMDAwMAA=', 'VTE_VERSION': '7600', 'CMAKE_PREFIX_PATH': '/home/carlos/ros2_ws/install/px4_msgs:/home/carlos/ros2_ws/install/px4_ros_com:/home/carlos/ros2_ws/install/control:/opt/ros/jazzy/opt/gz_math_vendor:/opt/ros/jazzy/opt/gz_utils_vendor:/opt/ros/jazzy/opt/gz_cmake_vendor:/opt/ros/jazzy'}), 'shell': False}
[3.038694] (px4_ros_com) JobProgress: {'identifier': 'px4_ros_com', 'progress': 'cmake'}
[3.039440] (px4_ros_com) JobProgress: {'identifier': 'px4_ros_com', 'progress': 'build'}
[3.039886] (px4_ros_com) Command: {'cmd': ['/usr/bin/cmake', '--build', '/home/carlos/ros2_ws/build/px4_ros_com', '--', '-j16', '-l16'], 'cwd': '/home/carlos/ros2_ws/build/px4_ros_com', 'env': OrderedDict({'GJS_DEBUG_TOPICS': 'JS ERROR;JS LOG', 'XDG_ACTIVATION_TOKEN': 'gnome-shell/Terminator/2840-1-carlos-Lenovo-Slim-Pro-7-14ARP8_TIME53349', 'LESSOPEN': '| /usr/bin/lesspipe %s', 'USER': 'carlos', 'XDG_SESSION_TYPE': 'x11', 'CLUTTER_DISABLE_MIPMAPPED_TEXT': '1', 'SHLVL': '1', 'LD_LIBRARY_PATH': '/home/carlos/ros2_ws/install/px4_msgs/lib:/home/carlos/ros2_ws/install/px4_ros_com/lib:/opt/ros/jazzy/opt/zenoh_cpp_vendor/lib:/opt/ros/jazzy/opt/rviz_ogre_vendor/lib:/opt/ros/jazzy/lib/x86_64-linux-gnu:/opt/ros/jazzy/opt/gz_math_vendor/lib:/opt/ros/jazzy/opt/gz_utils_vendor/lib:/opt/ros/jazzy/opt/gz_cmake_vendor/lib:/opt/ros/jazzy/lib', 'HOME': '/home/carlos', 'OLDPWD': '/home/carlos', 'DESKTOP_SESSION': 'ubuntu', 'GIO_LAUNCHED_DESKTOP_FILE': '/usr/share/applications/terminator.desktop', 'ROS_PYTHON_VERSION': '3', 'GNOME_SHELL_SESSION_MODE': 'ubuntu', 'GTK_MODULES': 'gail:atk-bridge', 'MANAGERPID': '2380', 'SYSTEMD_EXEC_PID': '2840', 'GSM_SKIP_SSH_AGENT_WORKAROUND': 'true', 'DBUS_SESSION_BUS_ADDRESS': 'unix:path=/run/user/1000/bus', 'COLORTERM': 'truecolor', 'TERMINATOR_DBUS_NAME': 'net.tenshu.Terminator23558193cd9818af7fe4d2c2f5bd9d00f', 'GIO_LAUNCHED_DESKTOP_FILE_PID': '4862', 'DEBUGINFOD_URLS': 'https://debuginfod.ubuntu.com', 'COLCON_PREFIX_PATH': '/home/carlos/ros2_ws/install', 'ROS_DISTRO': 'jazzy', 'LOGNAME': 'carlos', 'JOURNAL_STREAM': '9:25986', '_': '/usr/bin/colcon', 'ROS_VERSION': '2', 'MEMORY_PRESSURE_WATCH': '/sys/fs/cgroup/user.slice/user-1000.slice/user@1000.service/session.slice/org.gnome.Shell@x11.service/memory.pressure', 'XDG_SESSION_CLASS': 'user', 'USERNAME': 'carlos', 'TERM': 'xterm-256color', 'GNOME_DESKTOP_SESSION_ID': 'this-is-deprecated', 'WINDOWPATH': '2', 'PATH': '/opt/ros/jazzy/bin:/home/carlos/.local/bin:/usr/local/sbin:/usr/local/bin:/usr/sbin:/usr/bin:/sbin:/bin:/usr/games:/usr/local/games:/snap/bin:/snap/bin:/opt/xtensa-esp-elf/bin/', 'SESSION_MANAGER': 'local/carlos-Lenovo-Slim-Pro-7-14ARP8:@/tmp/.ICE-unix/2796,unix/carlos-Lenovo-Slim-Pro-7-14ARP8:/tmp/.ICE-unix/2796', 'INVOCATION_ID': 'f475dcf9eb7e4a02b43f1a7347585d2f', 'XDG_MENU_PREFIX': 'gnome-', 'XDG_RUNTIME_DIR': '/run/user/1000', 'DISPLAY': ':1', 'TERMINATOR_DBUS_PATH': '/net/tenshu/Terminator2', 'LANG': 'en_US.UTF-8', 'XDG_CURRENT_DESKTOP': 'ubuntu:GNOME', 'XMODIFIERS': '@im=ibus', 'XDG_SESSION_DESKTOP': 'ubuntu', 'XAUTHORITY': '/run/user/1000/gdm/Xauthority', 'LS_COLORS': 'rs=0:di=01;34:ln=01;36:mh=00:pi=40;33:so=01;35:do=01;35:bd=40;33;01:cd=40;33;01:or=40;31;01:mi=00:su=37;41:sg=30;43:ca=00:tw=30;42:ow=34;42:st=37;44:ex=01;32:*.tar=01;31:*.tgz=01;31:*.arc=01;31:*.arj=01;31:*.taz=01;31:*.lha=01;31:*.lz4=01;31:*.lzh=01;31:*.lzma=01;31:*.tlz=01;31:*.txz=01;31:*.tzo=01;31:*.t7z=01;31:*.zip=01;31:*.z=01;31:*.dz=01;31:*.gz=01;31:*.lrz=01;31:*.lz=01;31:*.lzo=01;31:*.xz=01;31:*.zst=01;31:*.tzst=01;31:*.bz2=01;31:*.bz=01;31:*.tbz=01;31:*.tbz2=01;31:*.tz=01;31:*.deb=01;31:*.rpm=01;31:*.jar=01;31:*.war=01;31:*.ear=01;31:*.sar=01;31:*.rar=01;31:*.alz=01;31:*.ace=01;31:*.zoo=01;31:*.cpio=01;31:*.7z=01;31:*.rz=01;31:*.cab=01;31:*.wim=01;31:*.swm=01;31:*.dwm=01;31:*.esd=01;31:*.avif=01;35:*.jpg=01;35:*.jpeg=01;35:*.mjpg=01;35:*.mjpeg=01;35:*.gif=01;35:*.bmp=01;35:*.pbm=01;35:*.pgm=01;35:*.ppm=01;35:*.tga=01;35:*.xbm=01;35:*.xpm=01;35:*.tif=01;35:*.tiff=01;35:*.png=01;35:*.svg=01;35:*.svgz=01;35:*.mng=01;35:*.pcx=01;35:*.mov=01;35:*.mpg=01;35:*.mpeg=01;35:*.m2v=01;35:*.mkv=01;35:*.webm=01;35:*.webp=01;35:*.ogm=01;35:*.mp4=01;35:*.m4v=01;35:*.mp4v=01;35:*.vob=01;35:*.qt=01;35:*.nuv=01;35:*.wmv=01;35:*.asf=01;35:*.rm=01;35:*.rmvb=01;35:*.flc=01;35:*.avi=01;35:*.fli=01;35:*.flv=01;35:*.gl=01;35:*.dl=01;35:*.xcf=01;35:*.xwd=01;35:*.yuv=01;35:*.cgm=01;35:*.emf=01;35:*.ogv=01;35:*.ogx=01;35:*.aac=00;36:*.au=00;36:*.flac=00;36:*.m4a=00;36:*.mid=00;36:*.midi=00;36:*.mka=00;36:*.mp3=00;36:*.mpc=00;36:*.ogg=00;36:*.ra=00;36:*.wav=00;36:*.oga=00;36:*.opus=00;36:*.spx=00;36:*.xspf=00;36:*~=00;90:*#=00;90:*.bak=00;90:*.crdownload=00;90:*.dpkg-dist=00;90:*.dpkg-new=00;90:*.dpkg-old=00;90:*.dpkg-tmp=00;90:*.old=00;90:*.orig=00;90:*.part=00;90:*.rej=00;90:*.rpmnew=00;90:*.rpmorig=00;90:*.rpmsave=00;90:*.swp=00;90:*.tmp=00;90:*.ucf-dist=00;90:*.ucf-new=00;90:*.ucf-old=00;90:', 'SSH_AUTH_SOCK': '/run/user/1000/keyring/ssh', 'AMENT_PREFIX_PATH': '/home/carlos/ros2_ws/install/px4_ros_com:/home/carlos/ros2_ws/install/control:/home/carlos/ros2_ws/install/px4_msgs:/opt/ros/jazzy', 'SHELL': '/bin/bash', 'TERMINATOR_UUID': 'urn:uuid:822a4f88-cac2-4c93-a703-7e4bb3f076d0', 'QT_ACCESSIBILITY': '1', 'GDMSESSION': 'ubuntu', 'LESSCLOSE': '/usr/bin/lesspipe %s %s', 'GPG_AGENT_INFO': '/run/user/1000/gnupg/S.gpg-agent:0:1', 'GJS_DEBUG_OUTPUT': 'stderr', 'ROS_AUTOMATIC_DISCOVERY_RANGE': 'SUBNET', 'QT_IM_MODULE': 'ibus', 'PWD': '/home/carlos/ros2_ws/build/px4_ros_com', 'XDG_CONFIG_DIRS': '/etc/xdg/xdg-ubuntu:/etc/xdg', 'XDG_DATA_DIRS': '/usr/share/ubuntu:/usr/share/gnome:/usr/local/share/:/usr/share/:/var/lib/snapd/desktop', 'PYTHONPATH': '/home/carlos/ros2_ws/install/px4_msgs/lib/python3.12/site-packages:/home/carlos/ros2_ws/install/px4_ros_com/lib/python3.12/site-packages:/opt/ros/jazzy/lib/python3.12/site-packages', 'COLCON': '1', 'MEMORY_PRESSURE_WRITE': 'c29tZSAyMDAwMDAgMjAwMDAwMAA=', 'VTE_VERSION': '7600', 'CMAKE_PREFIX_PATH': '/home/carlos/ros2_ws/install/px4_msgs:/home/carlos/ros2_ws/install/px4_ros_com:/home/carlos/ros2_ws/install/control:/opt/ros/jazzy/opt/gz_math_vendor:/opt/ros/jazzy/opt/gz_utils_vendor:/opt/ros/jazzy/opt/gz_cmake_vendor:/opt/ros/jazzy'}), 'shell': False}
[3.078421] (control) CommandEnded: {'returncode': 0}
[3.078966] (control) JobProgress: {'identifier': 'control', 'progress': 'install'}
[3.079345] (control) Command: {'cmd': ['/usr/bin/cmake', '--install', '/home/carlos/ros2_ws/build/control'], 'cwd': '/home/carlos/ros2_ws/build/control', 'env': OrderedDict({'GJS_DEBUG_TOPICS': 'JS ERROR;JS LOG', 'XDG_ACTIVATION_TOKEN': 'gnome-shell/Terminator/2840-1-carlos-Lenovo-Slim-Pro-7-14ARP8_TIME53349', 'LESSOPEN': '| /usr/bin/lesspipe %s', 'USER': 'carlos', 'XDG_SESSION_TYPE': 'x11', 'CLUTTER_DISABLE_MIPMAPPED_TEXT': '1', 'SHLVL': '1', 'LD_LIBRARY_PATH': '/home/carlos/ros2_ws/install/px4_msgs/lib:/home/carlos/ros2_ws/install/px4_ros_com/lib:/opt/ros/jazzy/opt/zenoh_cpp_vendor/lib:/opt/ros/jazzy/opt/rviz_ogre_vendor/lib:/opt/ros/jazzy/lib/x86_64-linux-gnu:/opt/ros/jazzy/opt/gz_math_vendor/lib:/opt/ros/jazzy/opt/gz_utils_vendor/lib:/opt/ros/jazzy/opt/gz_cmake_vendor/lib:/opt/ros/jazzy/lib', 'HOME': '/home/carlos', 'OLDPWD': '/home/carlos', 'DESKTOP_SESSION': 'ubuntu', 'GIO_LAUNCHED_DESKTOP_FILE': '/usr/share/applications/terminator.desktop', 'ROS_PYTHON_VERSION': '3', 'GNOME_SHELL_SESSION_MODE': 'ubuntu', 'GTK_MODULES': 'gail:atk-bridge', 'MANAGERPID': '2380', 'SYSTEMD_EXEC_PID': '2840', 'GSM_SKIP_SSH_AGENT_WORKAROUND': 'true', 'DBUS_SESSION_BUS_ADDRESS': 'unix:path=/run/user/1000/bus', 'COLORTERM': 'truecolor', 'TERMINATOR_DBUS_NAME': 'net.tenshu.Terminator23558193cd9818af7fe4d2c2f5bd9d00f', 'GIO_LAUNCHED_DESKTOP_FILE_PID': '4862', 'DEBUGINFOD_URLS': 'https://debuginfod.ubuntu.com', 'COLCON_PREFIX_PATH': '/home/carlos/ros2_ws/install', 'ROS_DISTRO': 'jazzy', 'LOGNAME': 'carlos', 'JOURNAL_STREAM': '9:25986', '_': '/usr/bin/colcon', 'ROS_VERSION': '2', 'MEMORY_PRESSURE_WATCH': '/sys/fs/cgroup/user.slice/user-1000.slice/user@1000.service/session.slice/org.gnome.Shell@x11.service/memory.pressure', 'XDG_SESSION_CLASS': 'user', 'USERNAME': 'carlos', 'TERM': 'xterm-256color', 'GNOME_DESKTOP_SESSION_ID': 'this-is-deprecated', 'WINDOWPATH': '2', 'PATH': '/opt/ros/jazzy/bin:/home/carlos/.local/bin:/usr/local/sbin:/usr/local/bin:/usr/sbin:/usr/bin:/sbin:/bin:/usr/games:/usr/local/games:/snap/bin:/snap/bin:/opt/xtensa-esp-elf/bin/', 'SESSION_MANAGER': 'local/carlos-Lenovo-Slim-Pro-7-14ARP8:@/tmp/.ICE-unix/2796,unix/carlos-Lenovo-Slim-Pro-7-14ARP8:/tmp/.ICE-unix/2796', 'INVOCATION_ID': 'f475dcf9eb7e4a02b43f1a7347585d2f', 'XDG_MENU_PREFIX': 'gnome-', 'XDG_RUNTIME_DIR': '/run/user/1000', 'DISPLAY': ':1', 'TERMINATOR_DBUS_PATH': '/net/tenshu/Terminator2', 'LANG': 'en_US.UTF-8', 'XDG_CURRENT_DESKTOP': 'ubuntu:GNOME', 'XMODIFIERS': '@im=ibus', 'XDG_SESSION_DESKTOP': 'ubuntu', 'XAUTHORITY': '/run/user/1000/gdm/Xauthority', 'LS_COLORS': 'rs=0:di=01;34:ln=01;36:mh=00:pi=40;33:so=01;35:do=01;35:bd=40;33;01:cd=40;33;01:or=40;31;01:mi=00:su=37;41:sg=30;43:ca=00:tw=30;42:ow=34;42:st=37;44:ex=01;32:*.tar=01;31:*.tgz=01;31:*.arc=01;31:*.arj=01;31:*.taz=01;31:*.lha=01;31:*.lz4=01;31:*.lzh=01;31:*.lzma=01;31:*.tlz=01;31:*.txz=01;31:*.tzo=01;31:*.t7z=01;31:*.zip=01;31:*.z=01;31:*.dz=01;31:*.gz=01;31:*.lrz=01;31:*.lz=01;31:*.lzo=01;31:*.xz=01;31:*.zst=01;31:*.tzst=01;31:*.bz2=01;31:*.bz=01;31:*.tbz=01;31:*.tbz2=01;31:*.tz=01;31:*.deb=01;31:*.rpm=01;31:*.jar=01;31:*.war=01;31:*.ear=01;31:*.sar=01;31:*.rar=01;31:*.alz=01;31:*.ace=01;31:*.zoo=01;31:*.cpio=01;31:*.7z=01;31:*.rz=01;31:*.cab=01;31:*.wim=01;31:*.swm=01;31:*.dwm=01;31:*.esd=01;31:*.avif=01;35:*.jpg=01;35:*.jpeg=01;35:*.mjpg=01;35:*.mjpeg=01;35:*.gif=01;35:*.bmp=01;35:*.pbm=01;35:*.pgm=01;35:*.ppm=01;35:*.tga=01;35:*.xbm=01;35:*.xpm=01;35:*.tif=01;35:*.tiff=01;35:*.png=01;35:*.svg=01;35:*.svgz=01;35:*.mng=01;35:*.pcx=01;35:*.mov=01;35:*.mpg=01;35:*.mpeg=01;35:*.m2v=01;35:*.mkv=01;35:*.webm=01;35:*.webp=01;35:*.ogm=01;35:*.mp4=01;35:*.m4v=01;35:*.mp4v=01;35:*.vob=01;35:*.qt=01;35:*.nuv=01;35:*.wmv=01;35:*.asf=01;35:*.rm=01;35:*.rmvb=01;35:*.flc=01;35:*.avi=01;35:*.fli=01;35:*.flv=01;35:*.gl=01;35:*.dl=01;35:*.xcf=01;35:*.xwd=01;35:*.yuv=01;35:*.cgm=01;35:*.emf=01;35:*.ogv=01;35:*.ogx=01;35:*.aac=00;36:*.au=00;36:*.flac=00;36:*.m4a=00;36:*.mid=00;36:*.midi=00;36:*.mka=00;36:*.mp3=00;36:*.mpc=00;36:*.ogg=00;36:*.ra=00;36:*.wav=00;36:*.oga=00;36:*.opus=00;36:*.spx=00;36:*.xspf=00;36:*~=00;90:*#=00;90:*.bak=00;90:*.crdownload=00;90:*.dpkg-dist=00;90:*.dpkg-new=00;90:*.dpkg-old=00;90:*.dpkg-tmp=00;90:*.old=00;90:*.orig=00;90:*.part=00;90:*.rej=00;90:*.rpmnew=00;90:*.rpmorig=00;90:*.rpmsave=00;90:*.swp=00;90:*.tmp=00;90:*.ucf-dist=00;90:*.ucf-new=00;90:*.ucf-old=00;90:', 'SSH_AUTH_SOCK': '/run/user/1000/keyring/ssh', 'AMENT_PREFIX_PATH': '/home/carlos/ros2_ws/install/px4_ros_com:/home/carlos/ros2_ws/install/control:/home/carlos/ros2_ws/install/px4_msgs:/opt/ros/jazzy', 'SHELL': '/bin/bash', 'TERMINATOR_UUID': 'urn:uuid:822a4f88-cac2-4c93-a703-7e4bb3f076d0', 'QT_ACCESSIBILITY': '1', 'GDMSESSION': 'ubuntu', 'LESSCLOSE': '/usr/bin/lesspipe %s %s', 'GPG_AGENT_INFO': '/run/user/1000/gnupg/S.gpg-agent:0:1', 'GJS_DEBUG_OUTPUT': 'stderr', 'ROS_AUTOMATIC_DISCOVERY_RANGE': 'SUBNET', 'QT_IM_MODULE': 'ibus', 'PWD': '/home/carlos/ros2_ws/build/control', 'XDG_CONFIG_DIRS': '/etc/xdg/xdg-ubuntu:/etc/xdg', 'XDG_DATA_DIRS': '/usr/share/ubuntu:/usr/share/gnome:/usr/local/share/:/usr/share/:/var/lib/snapd/desktop', 'PYTHONPATH': '/home/carlos/ros2_ws/install/px4_msgs/lib/python3.12/site-packages:/home/carlos/ros2_ws/install/px4_ros_com/lib/python3.12/site-packages:/opt/ros/jazzy/lib/python3.12/site-packages', 'COLCON': '1', 'MEMORY_PRESSURE_WRITE': 'c29tZSAyMDAwMDAgMjAwMDAwMAA=', 'VTE_VERSION': '7600', 'CMAKE_PREFIX_PATH': '/home/carlos/ros2_ws/install/px4_msgs:/home/carlos/ros2_ws/install/px4_ros_com:/home/carlos/ros2_ws/install/control:/opt/ros/jazzy/opt/gz_math_vendor:/opt/ros/jazzy/opt/gz_utils_vendor:/opt/ros/jazzy/opt/gz_cmake_vendor:/opt/ros/jazzy'}), 'shell': False}
[3.086974] (control) StdoutLine: {'line': b'-- Install configuration: ""\n'}
[3.087229] (control) StdoutLine: {'line': b'-- Up-to-date: /home/carlos/ros2_ws/install/control/lib/control/position_controller.py\n'}
[3.087289] (control) StdoutLine: {'line': b'-- Up-to-date: /home/carlos/ros2_ws/install/control/lib/control/field.py\n'}
[3.087358] (control) StdoutLine: {'line': b'-- Up-to-date: /home/carlos/ros2_ws/install/control/lib/control/rover_monitor.py\n'}
[3.087429] (control) StdoutLine: {'line': b'-- Up-to-date: /home/carlos/ros2_ws/install/control/lib/control/temp_query.py\n'}
[3.087496] (control) StdoutLine: {'line': b'-- Installing: /home/carlos/ros2_ws/install/control/lib/control/lawnmower.py\n'}
[3.087591] (control) StdoutLine: {'line': b'-- Up-to-date: /home/carlos/ros2_ws/install/control/lib/control/blawnmower.py\n'}
[3.087720] (control) StdoutLine: {'line': b'-- Up-to-date: /home/carlos/ros2_ws/install/control/share/control//launch\n'}
[3.087797] (control) StdoutLine: {'line': b'-- Up-to-date: /home/carlos/ros2_ws/install/control/share/control//launch/rover_bringup.launch.py\n'}
[3.087865] (control) StdoutLine: {'line': b'-- Up-to-date: /home/carlos/ros2_ws/install/control/share/control//config\n'}
[3.087933] (control) StdoutLine: {'line': b'-- Up-to-date: /home/carlos/ros2_ws/install/control/share/control//config/rover_viz.rviz\n'}
[3.088005] (control) StdoutLine: {'line': b'-- Up-to-date: /home/carlos/ros2_ws/install/control/share/control//urdf\n'}
[3.088076] (control) StdoutLine: {'line': b'-- Up-to-date: /home/carlos/ros2_ws/install/control/share/control//urdf/meshes\n'}
[3.088126] (control) StdoutLine: {'line': b'-- Up-to-date: /home/carlos/ros2_ws/install/control/share/control//urdf/meshes/wheel_link.STL\n'}
[3.088256] (control) StdoutLine: {'line': b'-- Up-to-date: /home/carlos/ros2_ws/install/control/share/control//urdf/meshes/chassis_link.STL\n'}
[3.089156] (control) StdoutLine: {'line': b'-- Up-to-date: /home/carlos/ros2_ws/install/control/share/control//urdf/meshes/top_link.STL\n'}
[3.089214] (control) StdoutLine: {'line': b'-- Up-to-date: /home/carlos/ros2_ws/install/control/share/control//urdf/meshes/battery_link.STL\n'}
[3.089261] (control) StdoutLine: {'line': b'-- Up-to-date: /home/carlos/ros2_ws/install/control/share/control//urdf/meshes/antenna_link.STL\n'}
[3.089305] (control) StdoutLine: {'line': b'-- Up-to-date: /home/carlos/ros2_ws/install/control/share/control//urdf/meshes/housing_link.STL\n'}
[3.089347] (control) StdoutLine: {'line': b'-- Up-to-date: /home/carlos/ros2_ws/install/control/share/control//urdf/meshes/wheel_link_simple.STL\n'}
[3.089397] (control) StdoutLine: {'line': b'-- Up-to-date: /home/carlos/ros2_ws/install/control/share/control//urdf/r1_rover.urdf\n'}
[3.089439] (control) StdoutLine: {'line': b'-- Up-to-date: /home/carlos/ros2_ws/install/control/share/ament_index/resource_index/package_run_dependencies/control\n'}
[3.089483] (control) StdoutLine: {'line': b'-- Up-to-date: /home/carlos/ros2_ws/install/control/share/ament_index/resource_index/parent_prefix_path/control\n'}
[3.089524] (control) StdoutLine: {'line': b'-- Up-to-date: /home/carlos/ros2_ws/install/control/share/control/environment/ament_prefix_path.sh\n'}
[3.089565] (control) StdoutLine: {'line': b'-- Up-to-date: /home/carlos/ros2_ws/install/control/share/control/environment/ament_prefix_path.dsv\n'}
[3.089612] (control) StdoutLine: {'line': b'-- Up-to-date: /home/carlos/ros2_ws/install/control/share/control/environment/path.sh\n'}
[3.089713] (control) StdoutLine: {'line': b'-- Up-to-date: /home/carlos/ros2_ws/install/control/share/control/environment/path.dsv\n'}
[3.089772] (control) StdoutLine: {'line': b'-- Up-to-date: /home/carlos/ros2_ws/install/control/share/control/local_setup.bash\n'}
[3.089821] (control) StdoutLine: {'line': b'-- Up-to-date: /home/carlos/ros2_ws/install/control/share/control/local_setup.sh\n'}
[3.089868] (control) StdoutLine: {'line': b'-- Up-to-date: /home/carlos/ros2_ws/install/control/share/control/local_setup.zsh\n'}
[3.089912] (control) StdoutLine: {'line': b'-- Up-to-date: /home/carlos/ros2_ws/install/control/share/control/local_setup.dsv\n'}
[3.090013] (control) StdoutLine: {'line': b'-- Installing: /home/carlos/ros2_ws/install/control/share/control/package.dsv\n'}
[3.090121] (control) StdoutLine: {'line': b'-- Up-to-date: /home/carlos/ros2_ws/install/control/share/ament_index/resource_index/packages/control\n'}
[3.090170] (control) StdoutLine: {'line': b'-- Up-to-date: /home/carlos/ros2_ws/install/control/share/control/cmake/controlConfig.cmake\n'}
[3.090212] (control) StdoutLine: {'line': b'-- Up-to-date: /home/carlos/ros2_ws/install/control/share/control/cmake/controlConfig-version.cmake\n'}
[3.090254] (control) StdoutLine: {'line': b'-- Up-to-date: /home/carlos/ros2_ws/install/control/share/control/package.xml\n'}
[3.090411] (px4_ros_com) StdoutLine: {'line': b'[ 66%] Built target sensor_combined_listener\n'}
[3.090845] (px4_ros_com) StdoutLine: {'line': b'[ 66%] Built target debug_vect_advertiser\n'}
[3.090920] (px4_ros_com) StdoutLine: {'line': b'[ 66%] Built target offboard_control\n'}
[3.090983] (px4_ros_com) StdoutLine: {'line': b'[ 66%] Built target frame_transforms\n'}
[3.091053] (px4_ros_com) StdoutLine: {'line': b'[ 83%] Built target offboard_control_srv\n'}
[3.091483] (px4_ros_com) StdoutLine: {'line': b'[100%] Built target vehicle_gps_position_listener\n'}
[3.091531] (control) CommandEnded: {'returncode': 0}
[3.095082] (px4_ros_com) StdoutLine: {'line': b'[100%] Built target ament_cmake_python_symlink_px4_ros_com\n'}
[3.104986] (control) JobEnded: {'identifier': 'control', 'rc': 0}
[3.106750] (-) TimerEvent: {}
[3.206941] (-) TimerEvent: {}
[3.258633] (px4_ros_com) StdoutLine: {'line': b'running egg_info\n'}
[3.272884] (px4_ros_com) StdoutLine: {'line': b'writing px4_ros_com.egg-info/PKG-INFO\n'}
[3.273205] (px4_ros_com) StdoutLine: {'line': b'writing dependency_links to px4_ros_com.egg-info/dependency_links.txt\n'}
[3.273637] (px4_ros_com) StdoutLine: {'line': b'writing top-level names to px4_ros_com.egg-info/top_level.txt\n'}
[3.307103] (-) TimerEvent: {}
[3.317405] (px4_ros_com) StdoutLine: {'line': b"reading manifest file 'px4_ros_com.egg-info/SOURCES.txt'\n"}
[3.317798] (px4_ros_com) StdoutLine: {'line': b"writing manifest file 'px4_ros_com.egg-info/SOURCES.txt'\n"}
[3.339826] (px4_ros_com) StdoutLine: {'line': b'[100%] Built target ament_cmake_python_build_px4_ros_com_egg\n'}
[3.350007] (px4_ros_com) CommandEnded: {'returncode': 0}
[3.350708] (px4_ros_com) JobProgress: {'identifier': 'px4_ros_com', 'progress': 'install'}
[3.351399] (px4_ros_com) Command: {'cmd': ['/usr/bin/cmake', '--install', '/home/carlos/ros2_ws/build/px4_ros_com'], 'cwd': '/home/carlos/ros2_ws/build/px4_ros_com', 'env': OrderedDict({'GJS_DEBUG_TOPICS': 'JS ERROR;JS LOG', 'XDG_ACTIVATION_TOKEN': 'gnome-shell/Terminator/2840-1-carlos-Lenovo-Slim-Pro-7-14ARP8_TIME53349', 'LESSOPEN': '| /usr/bin/lesspipe %s', 'USER': 'carlos', 'XDG_SESSION_TYPE': 'x11', 'CLUTTER_DISABLE_MIPMAPPED_TEXT': '1', 'SHLVL': '1', 'LD_LIBRARY_PATH': '/home/carlos/ros2_ws/install/px4_msgs/lib:/home/carlos/ros2_ws/install/px4_ros_com/lib:/opt/ros/jazzy/opt/zenoh_cpp_vendor/lib:/opt/ros/jazzy/opt/rviz_ogre_vendor/lib:/opt/ros/jazzy/lib/x86_64-linux-gnu:/opt/ros/jazzy/opt/gz_math_vendor/lib:/opt/ros/jazzy/opt/gz_utils_vendor/lib:/opt/ros/jazzy/opt/gz_cmake_vendor/lib:/opt/ros/jazzy/lib', 'HOME': '/home/carlos', 'OLDPWD': '/home/carlos', 'DESKTOP_SESSION': 'ubuntu', 'GIO_LAUNCHED_DESKTOP_FILE': '/usr/share/applications/terminator.desktop', 'ROS_PYTHON_VERSION': '3', 'GNOME_SHELL_SESSION_MODE': 'ubuntu', 'GTK_MODULES': 'gail:atk-bridge', 'MANAGERPID': '2380', 'SYSTEMD_EXEC_PID': '2840', 'GSM_SKIP_SSH_AGENT_WORKAROUND': 'true', 'DBUS_SESSION_BUS_ADDRESS': 'unix:path=/run/user/1000/bus', 'COLORTERM': 'truecolor', 'TERMINATOR_DBUS_NAME': 'net.tenshu.Terminator23558193cd9818af7fe4d2c2f5bd9d00f', 'GIO_LAUNCHED_DESKTOP_FILE_PID': '4862', 'DEBUGINFOD_URLS': 'https://debuginfod.ubuntu.com', 'COLCON_PREFIX_PATH': '/home/carlos/ros2_ws/install', 'ROS_DISTRO': 'jazzy', 'LOGNAME': 'carlos', 'JOURNAL_STREAM': '9:25986', '_': '/usr/bin/colcon', 'ROS_VERSION': '2', 'MEMORY_PRESSURE_WATCH': '/sys/fs/cgroup/user.slice/user-1000.slice/user@1000.service/session.slice/org.gnome.Shell@x11.service/memory.pressure', 'XDG_SESSION_CLASS': 'user', 'USERNAME': 'carlos', 'TERM': 'xterm-256color', 'GNOME_DESKTOP_SESSION_ID': 'this-is-deprecated', 'WINDOWPATH': '2', 'PATH': '/opt/ros/jazzy/bin:/home/carlos/.local/bin:/usr/local/sbin:/usr/local/bin:/usr/sbin:/usr/bin:/sbin:/bin:/usr/games:/usr/local/games:/snap/bin:/snap/bin:/opt/xtensa-esp-elf/bin/', 'SESSION_MANAGER': 'local/carlos-Lenovo-Slim-Pro-7-14ARP8:@/tmp/.ICE-unix/2796,unix/carlos-Lenovo-Slim-Pro-7-14ARP8:/tmp/.ICE-unix/2796', 'INVOCATION_ID': 'f475dcf9eb7e4a02b43f1a7347585d2f', 'XDG_MENU_PREFIX': 'gnome-', 'XDG_RUNTIME_DIR': '/run/user/1000', 'DISPLAY': ':1', 'TERMINATOR_DBUS_PATH': '/net/tenshu/Terminator2', 'LANG': 'en_US.UTF-8', 'XDG_CURRENT_DESKTOP': 'ubuntu:GNOME', 'XMODIFIERS': '@im=ibus', 'XDG_SESSION_DESKTOP': 'ubuntu', 'XAUTHORITY': '/run/user/1000/gdm/Xauthority', 'LS_COLORS': 'rs=0:di=01;34:ln=01;36:mh=00:pi=40;33:so=01;35:do=01;35:bd=40;33;01:cd=40;33;01:or=40;31;01:mi=00:su=37;41:sg=30;43:ca=00:tw=30;42:ow=34;42:st=37;44:ex=01;32:*.tar=01;31:*.tgz=01;31:*.arc=01;31:*.arj=01;31:*.taz=01;31:*.lha=01;31:*.lz4=01;31:*.lzh=01;31:*.lzma=01;31:*.tlz=01;31:*.txz=01;31:*.tzo=01;31:*.t7z=01;31:*.zip=01;31:*.z=01;31:*.dz=01;31:*.gz=01;31:*.lrz=01;31:*.lz=01;31:*.lzo=01;31:*.xz=01;31:*.zst=01;31:*.tzst=01;31:*.bz2=01;31:*.bz=01;31:*.tbz=01;31:*.tbz2=01;31:*.tz=01;31:*.deb=01;31:*.rpm=01;31:*.jar=01;31:*.war=01;31:*.ear=01;31:*.sar=01;31:*.rar=01;31:*.alz=01;31:*.ace=01;31:*.zoo=01;31:*.cpio=01;31:*.7z=01;31:*.rz=01;31:*.cab=01;31:*.wim=01;31:*.swm=01;31:*.dwm=01;31:*.esd=01;31:*.avif=01;35:*.jpg=01;35:*.jpeg=01;35:*.mjpg=01;35:*.mjpeg=01;35:*.gif=01;35:*.bmp=01;35:*.pbm=01;35:*.pgm=01;35:*.ppm=01;35:*.tga=01;35:*.xbm=01;35:*.xpm=01;35:*.tif=01;35:*.tiff=01;35:*.png=01;35:*.svg=01;35:*.svgz=01;35:*.mng=01;35:*.pcx=01;35:*.mov=01;35:*.mpg=01;35:*.mpeg=01;35:*.m2v=01;35:*.mkv=01;35:*.webm=01;35:*.webp=01;35:*.ogm=01;35:*.mp4=01;35:*.m4v=01;35:*.mp4v=01;35:*.vob=01;35:*.qt=01;35:*.nuv=01;35:*.wmv=01;35:*.asf=01;35:*.rm=01;35:*.rmvb=01;35:*.flc=01;35:*.avi=01;35:*.fli=01;35:*.flv=01;35:*.gl=01;35:*.dl=01;35:*.xcf=01;35:*.xwd=01;35:*.yuv=01;35:*.cgm=01;35:*.emf=01;35:*.ogv=01;35:*.ogx=01;35:*.aac=00;36:*.au=00;36:*.flac=00;36:*.m4a=00;36:*.mid=00;36:*.midi=00;36:*.mka=00;36:*.mp3=00;36:*.mpc=00;36:*.ogg=00;36:*.ra=00;36:*.wav=00;36:*.oga=00;36:*.opus=00;36:*.spx=00;36:*.xspf=00;36:*~=00;90:*#=00;90:*.bak=00;90:*.crdownload=00;90:*.dpkg-dist=00;90:*.dpkg-new=00;90:*.dpkg-old=00;90:*.dpkg-tmp=00;90:*.old=00;90:*.orig=00;90:*.part=00;90:*.rej=00;90:*.rpmnew=00;90:*.rpmorig=00;90:*.rpmsave=00;90:*.swp=00;90:*.tmp=00;90:*.ucf-dist=00;90:*.ucf-new=00;90:*.ucf-old=00;90:', 'SSH_AUTH_SOCK': '/run/user/1000/keyring/ssh', 'AMENT_PREFIX_PATH': '/home/carlos/ros2_ws/install/px4_ros_com:/home/carlos/ros2_ws/install/control:/home/carlos/ros2_ws/install/px4_msgs:/opt/ros/jazzy', 'SHELL': '/bin/bash', 'TERMINATOR_UUID': 'urn:uuid:822a4f88-cac2-4c93-a703-7e4bb3f076d0', 'QT_ACCESSIBILITY': '1', 'GDMSESSION': 'ubuntu', 'LESSCLOSE': '/usr/bin/lesspipe %s %s', 'GPG_AGENT_INFO': '/run/user/1000/gnupg/S.gpg-agent:0:1', 'GJS_DEBUG_OUTPUT': 'stderr', 'ROS_AUTOMATIC_DISCOVERY_RANGE': 'SUBNET', 'QT_IM_MODULE': 'ibus', 'PWD': '/home/carlos/ros2_ws/build/px4_ros_com', 'XDG_CONFIG_DIRS': '/etc/xdg/xdg-ubuntu:/etc/xdg', 'XDG_DATA_DIRS': '/usr/share/ubuntu:/usr/share/gnome:/usr/local/share/:/usr/share/:/var/lib/snapd/desktop', 'PYTHONPATH': '/home/carlos/ros2_ws/install/px4_msgs/lib/python3.12/site-packages:/home/carlos/ros2_ws/install/px4_ros_com/lib/python3.12/site-packages:/opt/ros/jazzy/lib/python3.12/site-packages', 'COLCON': '1', 'MEMORY_PRESSURE_WRITE': 'c29tZSAyMDAwMDAgMjAwMDAwMAA=', 'VTE_VERSION': '7600', 'CMAKE_PREFIX_PATH': '/home/carlos/ros2_ws/install/px4_msgs:/home/carlos/ros2_ws/install/px4_ros_com:/home/carlos/ros2_ws/install/control:/opt/ros/jazzy/opt/gz_math_vendor:/opt/ros/jazzy/opt/gz_utils_vendor:/opt/ros/jazzy/opt/gz_cmake_vendor:/opt/ros/jazzy'}), 'shell': False}
[3.358608] (px4_ros_com) StdoutLine: {'line': b'-- Install configuration: ""\n'}
[3.358994] (px4_ros_com) StdoutLine: {'line': b'-- Execute custom install script\n'}
[3.359273] (px4_ros_com) StdoutLine: {'line': b'-- Up-to-date symlink: /home/carlos/ros2_ws/install/px4_ros_com/lib/px4_ros_com/sensor_combined_listener\n'}
[3.359522] (px4_ros_com) StdoutLine: {'line': b'-- Up-to-date symlink: /home/carlos/ros2_ws/install/px4_ros_com/lib/px4_ros_com/vehicle_gps_position_listener\n'}
[3.359644] (px4_ros_com) StdoutLine: {'line': b'-- Up-to-date symlink: /home/carlos/ros2_ws/install/px4_ros_com/lib/px4_ros_com/debug_vect_advertiser\n'}
[3.359743] (px4_ros_com) StdoutLine: {'line': b'-- Up-to-date symlink: /home/carlos/ros2_ws/install/px4_ros_com/lib/px4_ros_com/offboard_control\n'}
[3.359809] (px4_ros_com) StdoutLine: {'line': b'-- Up-to-date symlink: /home/carlos/ros2_ws/install/px4_ros_com/lib/px4_ros_com/offboard_control_srv\n'}
[3.359946] (px4_ros_com) StdoutLine: {'line': b'-- Up-to-date symlink: /home/carlos/ros2_ws/install/px4_ros_com/share/px4_ros_com/environment/library_path.sh\n'}
[3.360032] (px4_ros_com) StdoutLine: {'line': b'-- Up-to-date symlink: /home/carlos/ros2_ws/install/px4_ros_com/share/px4_ros_com/environment/library_path.dsv\n'}
[3.360345] (px4_ros_com) StdoutLine: {'line': b'-- Up-to-date symlink: /home/carlos/ros2_ws/install/px4_ros_com/include/px4_ros_com/frame_transforms.h\n'}
[3.360548] (px4_ros_com) StdoutLine: {'line': b'-- Up-to-date symlink: /home/carlos/ros2_ws/install/px4_ros_com/share/px4_ros_com//launch/offboard_control_launch.yaml\n'}
[3.360685] (px4_ros_com) StdoutLine: {'line': b'-- Up-to-date symlink: /home/carlos/ros2_ws/install/px4_ros_com/share/px4_ros_com//launch/sensor_combined_listener.launch.py\n'}
[3.360832] (px4_ros_com) StdoutLine: {'line': b'-- Up-to-date symlink: /home/carlos/ros2_ws/install/px4_ros_com/share/px4_ros_com//test/__init__.py\n'}
[3.360931] (px4_ros_com) StdoutLine: {'line': b'-- Up-to-date symlink: /home/carlos/ros2_ws/install/px4_ros_com/share/px4_ros_com//test/pipeline_io_test.py\n'}
[3.361011] (px4_ros_com) StdoutLine: {'line': b'-- Up-to-date symlink: /home/carlos/ros2_ws/install/px4_ros_com/share/px4_ros_com//test/test_input.py\n'}
[3.361101] (px4_ros_com) StdoutLine: {'line': b'-- Up-to-date symlink: /home/carlos/ros2_ws/install/px4_ros_com/share/px4_ros_com//test/test_output.py\n'}
[3.361175] (px4_ros_com) StdoutLine: {'line': b'-- Up-to-date symlink: /home/carlos/ros2_ws/install/px4_ros_com/share/px4_ros_com/environment/pythonpath.sh\n'}
[3.361246] (px4_ros_com) StdoutLine: {'line': b'-- Up-to-date symlink: /home/carlos/ros2_ws/install/px4_ros_com/share/px4_ros_com/environment/pythonpath.dsv\n'}
[3.361456] (px4_ros_com) StdoutLine: {'line': b'-- Up-to-date symlink: /home/carlos/ros2_ws/install/px4_ros_com/lib/python3.12/site-packages/px4_ros_com-0.1.0-py3.12.egg-info/PKG-INFO\n'}
[3.361516] (px4_ros_com) StdoutLine: {'line': b'-- Up-to-date symlink: /home/carlos/ros2_ws/install/px4_ros_com/lib/python3.12/site-packages/px4_ros_com-0.1.0-py3.12.egg-info/SOURCES.txt\n'}
[3.361594] (px4_ros_com) StdoutLine: {'line': b'-- Up-to-date symlink: /home/carlos/ros2_ws/install/px4_ros_com/lib/python3.12/site-packages/px4_ros_com-0.1.0-py3.12.egg-info/dependency_links.txt\n'}
[3.361702] (px4_ros_com) StdoutLine: {'line': b'-- Up-to-date symlink: /home/carlos/ros2_ws/install/px4_ros_com/lib/python3.12/site-packages/px4_ros_com-0.1.0-py3.12.egg-info/top_level.txt\n'}
[3.361937] (px4_ros_com) StdoutLine: {'line': b'-- Up-to-date symlink: /home/carlos/ros2_ws/install/px4_ros_com/lib/python3.12/site-packages/px4_ros_com/__init__.py\n'}
[3.361993] (px4_ros_com) StdoutLine: {'line': b'-- Up-to-date symlink: /home/carlos/ros2_ws/install/px4_ros_com/lib/python3.12/site-packages/px4_ros_com/module_to_import.py\n'}
[3.362133] (px4_ros_com) StdoutLine: {'line': b'-- Up-to-date symlink: /home/carlos/ros2_ws/install/px4_ros_com/lib/px4_ros_com/offboard_control.py\n'}
[3.362263] (px4_ros_com) StdoutLine: {'line': b'-- Up-to-date symlink: /home/carlos/ros2_ws/install/px4_ros_com/share/ament_index/resource_index/package_run_dependencies/px4_ros_com\n'}
[3.362359] (px4_ros_com) StdoutLine: {'line': b'-- Up-to-date symlink: /home/carlos/ros2_ws/install/px4_ros_com/share/ament_index/resource_index/parent_prefix_path/px4_ros_com\n'}
[3.362462] (px4_ros_com) StdoutLine: {'line': b'-- Up-to-date symlink: /home/carlos/ros2_ws/install/px4_ros_com/share/px4_ros_com/environment/ament_prefix_path.sh\n'}
[3.362584] (px4_ros_com) StdoutLine: {'line': b'-- Up-to-date symlink: /home/carlos/ros2_ws/install/px4_ros_com/share/px4_ros_com/environment/ament_prefix_path.dsv\n'}
[3.362673] (px4_ros_com) StdoutLine: {'line': b'-- Up-to-date symlink: /home/carlos/ros2_ws/install/px4_ros_com/share/px4_ros_com/environment/path.sh\n'}
[3.362762] (px4_ros_com) StdoutLine: {'line': b'-- Up-to-date symlink: /home/carlos/ros2_ws/install/px4_ros_com/share/px4_ros_com/environment/path.dsv\n'}
[3.362858] (px4_ros_com) StdoutLine: {'line': b'-- Up-to-date symlink: /home/carlos/ros2_ws/install/px4_ros_com/share/px4_ros_com/local_setup.bash\n'}
[3.362954] (px4_ros_com) StdoutLine: {'line': b'-- Up-to-date symlink: /home/carlos/ros2_ws/install/px4_ros_com/share/px4_ros_com/local_setup.sh\n'}
[3.363087] (px4_ros_com) StdoutLine: {'line': b'-- Up-to-date symlink: /home/carlos/ros2_ws/install/px4_ros_com/share/px4_ros_com/local_setup.zsh\n'}
[3.363176] (px4_ros_com) StdoutLine: {'line': b'-- Up-to-date symlink: /home/carlos/ros2_ws/install/px4_ros_com/share/px4_ros_com/local_setup.dsv\n'}
[3.363243] (px4_ros_com) StdoutLine: {'line': b'-- Symlinking: /home/carlos/ros2_ws/install/px4_ros_com/share/px4_ros_com/package.dsv\n'}
[3.371004] (px4_ros_com) StdoutLine: {'line': b'-- Up-to-date symlink: /home/carlos/ros2_ws/install/px4_ros_com/share/ament_index/resource_index/packages/px4_ros_com\n'}
[3.371307] (px4_ros_com) StdoutLine: {'line': b'-- Up-to-date symlink: /home/carlos/ros2_ws/install/px4_ros_com/share/px4_ros_com/cmake/ament_cmake_export_dependencies-extras.cmake\n'}
[3.371521] (px4_ros_com) StdoutLine: {'line': b'-- Up-to-date symlink: /home/carlos/ros2_ws/install/px4_ros_com/share/px4_ros_com/cmake/ament_cmake_export_targets-extras.cmake\n'}
[3.371809] (px4_ros_com) StdoutLine: {'line': b'-- Up-to-date symlink: /home/carlos/ros2_ws/install/px4_ros_com/share/px4_ros_com/cmake/ament_cmake_export_include_directories-extras.cmake\n'}
[3.372031] (px4_ros_com) StdoutLine: {'line': b'-- Up-to-date symlink: /home/carlos/ros2_ws/install/px4_ros_com/share/px4_ros_com/cmake/ament_cmake_export_libraries-extras.cmake\n'}
[3.372279] (px4_ros_com) StdoutLine: {'line': b'-- Up-to-date symlink: /home/carlos/ros2_ws/install/px4_ros_com/share/px4_ros_com/cmake/px4_ros_comConfig.cmake\n'}
[3.372382] (px4_ros_com) StdoutLine: {'line': b'-- Up-to-date symlink: /home/carlos/ros2_ws/install/px4_ros_com/share/px4_ros_com/cmake/px4_ros_comConfig-version.cmake\n'}
[3.372509] (px4_ros_com) StdoutLine: {'line': b'-- Up-to-date symlink: /home/carlos/ros2_ws/install/px4_ros_com/share/px4_ros_com/package.xml\n'}
[3.372610] (px4_ros_com) StdoutLine: {'line': b'-- Up-to-date: /home/carlos/ros2_ws/install/px4_ros_com/lib/libframe_transforms.so\n'}
[3.396457] (px4_ros_com) StdoutLine: {'line': b"Listing '/home/carlos/ros2_ws/install/px4_ros_com/lib/python3.12/site-packages/px4_ros_com'...\n"}
[3.400156] (px4_ros_com) StdoutLine: {'line': b'-- Up-to-date: /home/carlos/ros2_ws/install/px4_ros_com/share/px4_ros_com/cmake/export_frame_transformsExport.cmake\n'}
[3.400399] (px4_ros_com) StdoutLine: {'line': b'-- Up-to-date: /home/carlos/ros2_ws/install/px4_ros_com/share/px4_ros_com/cmake/export_frame_transformsExport-noconfig.cmake\n'}
[3.402225] (px4_ros_com) CommandEnded: {'returncode': 0}
[3.407739] (-) TimerEvent: {}
[3.428310] (px4_ros_com) JobEnded: {'identifier': 'px4_ros_com', 'rc': 0}
[3.428966] (-) EventReactorShutdown: {}
