[0.000000] (-) TimerEvent: {}
[0.000373] (px4_msgs) JobQueued: {'identifier': 'px4_msgs', 'dependencies': OrderedDict()}
[0.000588] (control) JobQueued: {'identifier': 'control', 'dependencies': OrderedDict({'px4_msgs': '/home/carlos/ros2_ws/install/px4_msgs'})}
[0.000654] (px4_ros_com) JobQueued: {'identifier': 'px4_ros_com', 'dependencies': OrderedDict({'px4_msgs': '/home/carlos/ros2_ws/install/px4_msgs'})}
[0.000701] (px4_msgs) JobStarted: {'identifier': 'px4_msgs'}
[0.013861] (px4_msgs) JobProgress: {'identifier': 'px4_msgs', 'progress': 'cmake'}
[0.015927] (px4_msgs) JobProgress: {'identifier': 'px4_msgs', 'progress': 'build'}
[0.015973] (px4_msgs) Command: {'cmd': ['/usr/bin/cmake', '--build', '/home/carlos/ros2_ws/build/px4_msgs', '--', '-j16', '-l16'], 'cwd': '/home/carlos/ros2_ws/build/px4_msgs', 'env': OrderedDict({'GJS_DEBUG_TOPICS': 'JS ERROR;JS LOG', 'XDG_ACTIVATION_TOKEN': 'gnome-shell/Terminator/2880-3-carlos-Lenovo-Slim-Pro-7-14ARP8_TIME491282', 'LESSOPEN': '| /usr/bin/lesspipe %s', 'USER': 'carlos', 'XDG_SESSION_TYPE': 'x11', 'CLUTTER_DISABLE_MIPMAPPED_TEXT': '1', 'SHLVL': '1', 'LD_LIBRARY_PATH': '/home/carlos/ros2_ws/install/px4_ros_com/lib:/home/carlos/ros2_ws/install/px4_msgs/lib:/opt/ros/jazzy/opt/zenoh_cpp_vendor/lib:/opt/ros/jazzy/opt/rviz_ogre_vendor/lib:/opt/ros/jazzy/lib/x86_64-linux-gnu:/opt/ros/jazzy/opt/gz_math_vendor/lib:/opt/ros/jazzy/opt/gz_utils_vendor/lib:/opt/ros/jazzy/opt/gz_cmake_vendor/lib:/opt/ros/jazzy/lib', 'HOME': '/home/carlos', 'OLDPWD': '/home/carlos', 'DESKTOP_SESSION': 'ubuntu', 'GIO_LAUNCHED_DESKTOP_FILE': '/usr/share/applications/terminator.desktop', 'ROS_PYTHON_VERSION': '3', 'GNOME_SHELL_SESSION_MODE': 'ubuntu', 'GTK_MODULES': 'gail:atk-bridge', 'MANAGERPID': '2408', 'SYSTEMD_EXEC_PID': '2880', 'GSM_SKIP_SSH_AGENT_WORKAROUND': 'true', 'DBUS_SESSION_BUS_ADDRESS': 'unix:path=/run/user/1000/bus', 'COLORTERM': 'truecolor', 'TERMINATOR_DBUS_NAME': 'net.tenshu.Terminator23558193cd9818af7fe4d2c2f5bd9d00f', 'GIO_LAUNCHED_DESKTOP_FILE_PID': '6826', 'DEBUGINFOD_URLS': 'https://debuginfod.ubuntu.com', 'COLCON_PREFIX_PATH': '/home/carlos/ros2_ws/install', 'ROS_DISTRO': 'jazzy', 'LOGNAME': 'carlos', 'JOURNAL_STREAM': '9:24072', '_': '/usr/bin/colcon', 'ROS_VERSION': '2', 'MEMORY_PRESSURE_WATCH': '/sys/fs/cgroup/user.slice/user-1000.slice/user@1000.service/session.slice/org.gnome.Shell@x11.service/memory.pressure', 'XDG_SESSION_CLASS': 'user', 'USERNAME': 'carlos', 'TERM': 'xterm-256color', 'GNOME_DESKTOP_SESSION_ID': 'this-is-deprecated', 'WINDOWPATH': '2', 'PATH': '/opt/ros/jazzy/bin:/home/carlos/.local/bin:/usr/local/sbin:/usr/local/bin:/usr/sbin:/usr/bin:/sbin:/bin:/usr/games:/usr/local/games:/snap/bin:/snap/bin:/opt/xtensa-esp-elf/bin/', 'SESSION_MANAGER': 'local/carlos-Lenovo-Slim-Pro-7-14ARP8:@/tmp/.ICE-unix/2836,unix/carlos-Lenovo-Slim-Pro-7-14ARP8:/tmp/.ICE-unix/2836', 'INVOCATION_ID': 'fd1c90bf7ac749059b6165244980abd3', 'XDG_MENU_PREFIX': 'gnome-', 'XDG_RUNTIME_DIR': '/run/user/1000', 'DISPLAY': ':1', 'TERMINATOR_DBUS_PATH': '/net/tenshu/Terminator2', 'LANG': 'en_US.UTF-8', 'XDG_CURRENT_DESKTOP': 'ubuntu:GNOME', 'XMODIFIERS': '@im=ibus', 'XDG_SESSION_DESKTOP': 'ubuntu', 'XAUTHORITY': '/run/user/1000/gdm/Xauthority', 'LS_COLORS': 'rs=0:di=01;34:ln=01;36:mh=00:pi=40;33:so=01;35:do=01;35:bd=40;33;01:cd=40;33;01:or=40;31;01:mi=00:su=37;41:sg=30;43:ca=00:tw=30;42:ow=34;42:st=37;44:ex=01;32:*.tar=01;31:*.tgz=01;31:*.arc=01;31:*.arj=01;31:*.taz=01;31:*.lha=01;31:*.lz4=01;31:*.lzh=01;31:*.lzma=01;31:*.tlz=01;31:*.txz=01;31:*.tzo=01;31:*.t7z=01;31:*.zip=01;31:*.z=01;31:*.dz=01;31:*.gz=01;31:*.lrz=01;31:*.lz=01;31:*.lzo=01;31:*.xz=01;31:*.zst=01;31:*.tzst=01;31:*.bz2=01;31:*.bz=01;31:*.tbz=01;31:*.tbz2=01;31:*.tz=01;31:*.deb=01;31:*.rpm=01;31:*.jar=01;31:*.war=01;31:*.ear=01;31:*.sar=01;31:*.rar=01;31:*.alz=01;31:*.ace=01;31:*.zoo=01;31:*.cpio=01;31:*.7z=01;31:*.rz=01;31:*.cab=01;31:*.wim=01;31:*.swm=01;31:*.dwm=01;31:*.esd=01;31:*.avif=01;35:*.jpg=01;35:*.jpeg=01;35:*.mjpg=01;35:*.mjpeg=01;35:*.gif=01;35:*.bmp=01;35:*.pbm=01;35:*.pgm=01;35:*.ppm=01;35:*.tga=01;35:*.xbm=01;35:*.xpm=01;35:*.tif=01;35:*.tiff=01;35:*.png=01;35:*.svg=01;35:*.svgz=01;35:*.mng=01;35:*.pcx=01;35:*.mov=01;35:*.mpg=01;35:*.mpeg=01;35:*.m2v=01;35:*.mkv=01;35:*.webm=01;35:*.webp=01;35:*.ogm=01;35:*.mp4=01;35:*.m4v=01;35:*.mp4v=01;35:*.vob=01;35:*.qt=01;35:*.nuv=01;35:*.wmv=01;35:*.asf=01;35:*.rm=01;35:*.rmvb=01;35:*.flc=01;35:*.avi=01;35:*.fli=01;35:*.flv=01;35:*.gl=01;35:*.dl=01;35:*.xcf=01;35:*.xwd=01;35:*.yuv=01;35:*.cgm=01;35:*.emf=01;35:*.ogv=01;35:*.ogx=01;35:*.aac=00;36:*.au=00;36:*.flac=00;36:*.m4a=00;36:*.mid=00;36:*.midi=00;36:*.mka=00;36:*.mp3=00;36:*.mpc=00;36:*.ogg=00;36:*.ra=00;36:*.wav=00;36:*.oga=00;36:*.opus=00;36:*.spx=00;36:*.xspf=00;36:*~=00;90:*#=00;90:*.bak=00;90:*.crdownload=00;90:*.dpkg-dist=00;90:*.dpkg-new=00;90:*.dpkg-old=00;90:*.dpkg-tmp=00;90:*.old=00;90:*.orig=00;90:*.part=00;90:*.rej=00;90:*.rpmnew=00;90:*.rpmorig=00;90:*.rpmsave=00;90:*.swp=00;90:*.tmp=00;90:*.ucf-dist=00;90:*.ucf-new=00;90:*.ucf-old=00;90:', 'SSH_AUTH_SOCK': '/run/user/1000/keyring/ssh', 'AMENT_PREFIX_PATH': '/home/carlos/ros2_ws/install/px4_ros_com:/home/carlos/ros2_ws/install/control:/home/carlos/ros2_ws/install/px4_msgs:/opt/ros/jazzy', 'SHELL': '/bin/bash', 'TERMINATOR_UUID': 'urn:uuid:1cb97b7c-46ed-4266-8fb2-e3e759b35556', 'QT_ACCESSIBILITY': '1', 'GDMSESSION': 'ubuntu', 'LESSCLOSE': '/usr/bin/lesspipe %s %s', 'GPG_AGENT_INFO': '/run/user/1000/gnupg/S.gpg-agent:0:1', 'GJS_DEBUG_OUTPUT': 'stderr', 'ROS_AUTOMATIC_DISCOVERY_RANGE': 'SUBNET', 'QT_IM_MODULE': 'ibus', 'PWD': '/home/carlos/ros2_ws/build/px4_msgs', 'XDG_CONFIG_DIRS': '/etc/xdg/xdg-ubuntu:/etc/xdg', 'XDG_DATA_DIRS': '/usr/share/ubuntu:/usr/share/gnome:/usr/local/share/:/usr/share/:/var/lib/snapd/desktop', 'PYTHONPATH': '/home/carlos/ros2_ws/install/px4_ros_com/lib/python3.12/site-packages:/home/carlos/ros2_ws/install/px4_msgs/lib/python3.12/site-packages:/opt/ros/jazzy/lib/python3.12/site-packages', 'COLCON': '1', 'MEMORY_PRESSURE_WRITE': 'c29tZSAyMDAwMDAgMjAwMDAwMAA=', 'VTE_VERSION': '7600', 'CMAKE_PREFIX_PATH': '/home/carlos/ros2_ws/install/px4_ros_com:/home/carlos/ros2_ws/install/control:/home/carlos/ros2_ws/install/px4_msgs:/opt/ros/jazzy/opt/gz_math_vendor:/opt/ros/jazzy/opt/gz_utils_vendor:/opt/ros/jazzy/opt/gz_cmake_vendor:/opt/ros/jazzy'}), 'shell': False}
[0.099113] (-) TimerEvent: {}
[0.199685] (-) TimerEvent: {}
[0.300111] (-) TimerEvent: {}
[0.400521] (-) TimerEvent: {}
[0.500862] (-) TimerEvent: {}
[0.601224] (-) TimerEvent: {}
[0.701708] (-) TimerEvent: {}
[0.802341] (-) TimerEvent: {}
[0.902852] (-) TimerEvent: {}
[1.003338] (-) TimerEvent: {}
[1.103843] (-) TimerEvent: {}
[1.204256] (-) TimerEvent: {}
[1.304752] (-) TimerEvent: {}
[1.405256] (-) TimerEvent: {}
[1.505828] (-) TimerEvent: {}
[1.606350] (-) TimerEvent: {}
[1.706902] (-) TimerEvent: {}
[1.807370] (-) TimerEvent: {}
[1.821161] (px4_msgs) StdoutLine: {'line': b'[  0%] Built target px4_msgs__rosidl_generator_type_description\n'}
[1.827037] (px4_msgs) StdoutLine: {'line': b'[  0%] Built target ament_cmake_python_symlink_px4_msgs\n'}
[1.907513] (-) TimerEvent: {}
[1.922815] (px4_msgs) StdoutLine: {'line': b'[  0%] Built target px4_msgs__cpp\n'}
[2.007683] (-) TimerEvent: {}
[2.093261] (px4_msgs) StdoutLine: {'line': b'[ 29%] Built target px4_msgs__rosidl_generator_c\n'}
[2.103812] (px4_msgs) StdoutLine: {'line': b'running egg_info\n'}
[2.107757] (-) TimerEvent: {}
[2.119958] (px4_msgs) StdoutLine: {'line': b'writing px4_msgs.egg-info/PKG-INFO\n'}
[2.120226] (px4_msgs) StdoutLine: {'line': b'writing dependency_links to px4_msgs.egg-info/dependency_links.txt\n'}
[2.120911] (px4_msgs) StdoutLine: {'line': b'writing top-level names to px4_msgs.egg-info/top_level.txt\n'}
[2.162762] (px4_msgs) StdoutLine: {'line': b'[ 39%] Built target px4_msgs__rosidl_typesupport_c\n'}
[2.167488] (px4_msgs) StdoutLine: {'line': b'[ 49%] Built target px4_msgs__rosidl_typesupport_introspection_c\n'}
[2.170992] (px4_msgs) StdoutLine: {'line': b"reading manifest file 'px4_msgs.egg-info/SOURCES.txt'\n"}
[2.174119] (px4_msgs) StdoutLine: {'line': b"writing manifest file 'px4_msgs.egg-info/SOURCES.txt'\n"}
[2.194846] (px4_msgs) StdoutLine: {'line': b'[ 59%] Built target px4_msgs__rosidl_typesupport_cpp\n'}
[2.203411] (px4_msgs) StdoutLine: {'line': b'[ 59%] Built target ament_cmake_python_build_px4_msgs_egg\n'}
[2.207247] (px4_msgs) StdoutLine: {'line': b'[ 69%] Built target px4_msgs__rosidl_typesupport_introspection_cpp\n'}
[2.207870] (-) TimerEvent: {}
[2.210299] (px4_msgs) StdoutLine: {'line': b'[ 79%] Built target px4_msgs__rosidl_typesupport_fastrtps_c\n'}
[2.215073] (px4_msgs) StdoutLine: {'line': b'[ 89%] Built target px4_msgs__rosidl_typesupport_fastrtps_cpp\n'}
[2.236391] (px4_msgs) StdoutLine: {'line': b'[ 89%] Built target px4_msgs\n'}
[2.265836] (px4_msgs) StdoutLine: {'line': b'[ 89%] Built target px4_msgs__py\n'}
[2.308015] (-) TimerEvent: {}
[2.369156] (px4_msgs) StdoutLine: {'line': b'[ 99%] Built target px4_msgs__rosidl_generator_py\n'}
[2.395356] (px4_msgs) StdoutLine: {'line': b'[ 99%] Built target px4_msgs_s__rosidl_typesupport_fastrtps_c\n'}
[2.395606] (px4_msgs) StdoutLine: {'line': b'[ 99%] Built target px4_msgs_s__rosidl_typesupport_c\n'}
[2.396056] (px4_msgs) StdoutLine: {'line': b'[100%] Built target px4_msgs_s__rosidl_typesupport_introspection_c\n'}
[2.408133] (-) TimerEvent: {}
[2.409932] (px4_msgs) CommandEnded: {'returncode': 0}
[2.410434] (px4_msgs) JobProgress: {'identifier': 'px4_msgs', 'progress': 'install'}
[2.419853] (px4_msgs) Command: {'cmd': ['/usr/bin/cmake', '--install', '/home/carlos/ros2_ws/build/px4_msgs'], 'cwd': '/home/carlos/ros2_ws/build/px4_msgs', 'env': OrderedDict({'GJS_DEBUG_TOPICS': 'JS ERROR;JS LOG', 'XDG_ACTIVATION_TOKEN': 'gnome-shell/Terminator/2880-3-carlos-Lenovo-Slim-Pro-7-14ARP8_TIME491282', 'LESSOPEN': '| /usr/bin/lesspipe %s', 'USER': 'carlos', 'XDG_SESSION_TYPE': 'x11', 'CLUTTER_DISABLE_MIPMAPPED_TEXT': '1', 'SHLVL': '1', 'LD_LIBRARY_PATH': '/home/carlos/ros2_ws/install/px4_ros_com/lib:/home/carlos/ros2_ws/install/px4_msgs/lib:/opt/ros/jazzy/opt/zenoh_cpp_vendor/lib:/opt/ros/jazzy/opt/rviz_ogre_vendor/lib:/opt/ros/jazzy/lib/x86_64-linux-gnu:/opt/ros/jazzy/opt/gz_math_vendor/lib:/opt/ros/jazzy/opt/gz_utils_vendor/lib:/opt/ros/jazzy/opt/gz_cmake_vendor/lib:/opt/ros/jazzy/lib', 'HOME': '/home/carlos', 'OLDPWD': '/home/carlos', 'DESKTOP_SESSION': 'ubuntu', 'GIO_LAUNCHED_DESKTOP_FILE': '/usr/share/applications/terminator.desktop', 'ROS_PYTHON_VERSION': '3', 'GNOME_SHELL_SESSION_MODE': 'ubuntu', 'GTK_MODULES': 'gail:atk-bridge', 'MANAGERPID': '2408', 'SYSTEMD_EXEC_PID': '2880', 'GSM_SKIP_SSH_AGENT_WORKAROUND': 'true', 'DBUS_SESSION_BUS_ADDRESS': 'unix:path=/run/user/1000/bus', 'COLORTERM': 'truecolor', 'TERMINATOR_DBUS_NAME': 'net.tenshu.Terminator23558193cd9818af7fe4d2c2f5bd9d00f', 'GIO_LAUNCHED_DESKTOP_FILE_PID': '6826', 'DEBUGINFOD_URLS': 'https://debuginfod.ubuntu.com', 'COLCON_PREFIX_PATH': '/home/carlos/ros2_ws/install', 'ROS_DISTRO': 'jazzy', 'LOGNAME': 'carlos', 'JOURNAL_STREAM': '9:24072', '_': '/usr/bin/colcon', 'ROS_VERSION': '2', 'MEMORY_PRESSURE_WATCH': '/sys/fs/cgroup/user.slice/user-1000.slice/user@1000.service/session.slice/org.gnome.Shell@x11.service/memory.pressure', 'XDG_SESSION_CLASS': 'user', 'USERNAME': 'carlos', 'TERM': 'xterm-256color', 'GNOME_DESKTOP_SESSION_ID': 'this-is-deprecated', 'WINDOWPATH': '2', 'PATH': '/opt/ros/jazzy/bin:/home/carlos/.local/bin:/usr/local/sbin:/usr/local/bin:/usr/sbin:/usr/bin:/sbin:/bin:/usr/games:/usr/local/games:/snap/bin:/snap/bin:/opt/xtensa-esp-elf/bin/', 'SESSION_MANAGER': 'local/carlos-Lenovo-Slim-Pro-7-14ARP8:@/tmp/.ICE-unix/2836,unix/carlos-Lenovo-Slim-Pro-7-14ARP8:/tmp/.ICE-unix/2836', 'INVOCATION_ID': 'fd1c90bf7ac749059b6165244980abd3', 'XDG_MENU_PREFIX': 'gnome-', 'XDG_RUNTIME_DIR': '/run/user/1000', 'DISPLAY': ':1', 'TERMINATOR_DBUS_PATH': '/net/tenshu/Terminator2', 'LANG': 'en_US.UTF-8', 'XDG_CURRENT_DESKTOP': 'ubuntu:GNOME', 'XMODIFIERS': '@im=ibus', 'XDG_SESSION_DESKTOP': 'ubuntu', 'XAUTHORITY': '/run/user/1000/gdm/Xauthority', 'LS_COLORS': 'rs=0:di=01;34:ln=01;36:mh=00:pi=40;33:so=01;35:do=01;35:bd=40;33;01:cd=40;33;01:or=40;31;01:mi=00:su=37;41:sg=30;43:ca=00:tw=30;42:ow=34;42:st=37;44:ex=01;32:*.tar=01;31:*.tgz=01;31:*.arc=01;31:*.arj=01;31:*.taz=01;31:*.lha=01;31:*.lz4=01;31:*.lzh=01;31:*.lzma=01;31:*.tlz=01;31:*.txz=01;31:*.tzo=01;31:*.t7z=01;31:*.zip=01;31:*.z=01;31:*.dz=01;31:*.gz=01;31:*.lrz=01;31:*.lz=01;31:*.lzo=01;31:*.xz=01;31:*.zst=01;31:*.tzst=01;31:*.bz2=01;31:*.bz=01;31:*.tbz=01;31:*.tbz2=01;31:*.tz=01;31:*.deb=01;31:*.rpm=01;31:*.jar=01;31:*.war=01;31:*.ear=01;31:*.sar=01;31:*.rar=01;31:*.alz=01;31:*.ace=01;31:*.zoo=01;31:*.cpio=01;31:*.7z=01;31:*.rz=01;31:*.cab=01;31:*.wim=01;31:*.swm=01;31:*.dwm=01;31:*.esd=01;31:*.avif=01;35:*.jpg=01;35:*.jpeg=01;35:*.mjpg=01;35:*.mjpeg=01;35:*.gif=01;35:*.bmp=01;35:*.pbm=01;35:*.pgm=01;35:*.ppm=01;35:*.tga=01;35:*.xbm=01;35:*.xpm=01;35:*.tif=01;35:*.tiff=01;35:*.png=01;35:*.svg=01;35:*.svgz=01;35:*.mng=01;35:*.pcx=01;35:*.mov=01;35:*.mpg=01;35:*.mpeg=01;35:*.m2v=01;35:*.mkv=01;35:*.webm=01;35:*.webp=01;35:*.ogm=01;35:*.mp4=01;35:*.m4v=01;35:*.mp4v=01;35:*.vob=01;35:*.qt=01;35:*.nuv=01;35:*.wmv=01;35:*.asf=01;35:*.rm=01;35:*.rmvb=01;35:*.flc=01;35:*.avi=01;35:*.fli=01;35:*.flv=01;35:*.gl=01;35:*.dl=01;35:*.xcf=01;35:*.xwd=01;35:*.yuv=01;35:*.cgm=01;35:*.emf=01;35:*.ogv=01;35:*.ogx=01;35:*.aac=00;36:*.au=00;36:*.flac=00;36:*.m4a=00;36:*.mid=00;36:*.midi=00;36:*.mka=00;36:*.mp3=00;36:*.mpc=00;36:*.ogg=00;36:*.ra=00;36:*.wav=00;36:*.oga=00;36:*.opus=00;36:*.spx=00;36:*.xspf=00;36:*~=00;90:*#=00;90:*.bak=00;90:*.crdownload=00;90:*.dpkg-dist=00;90:*.dpkg-new=00;90:*.dpkg-old=00;90:*.dpkg-tmp=00;90:*.old=00;90:*.orig=00;90:*.part=00;90:*.rej=00;90:*.rpmnew=00;90:*.rpmorig=00;90:*.rpmsave=00;90:*.swp=00;90:*.tmp=00;90:*.ucf-dist=00;90:*.ucf-new=00;90:*.ucf-old=00;90:', 'SSH_AUTH_SOCK': '/run/user/1000/keyring/ssh', 'AMENT_PREFIX_PATH': '/home/carlos/ros2_ws/install/px4_ros_com:/home/carlos/ros2_ws/install/control:/home/carlos/ros2_ws/install/px4_msgs:/opt/ros/jazzy', 'SHELL': '/bin/bash', 'TERMINATOR_UUID': 'urn:uuid:1cb97b7c-46ed-4266-8fb2-e3e759b35556', 'QT_ACCESSIBILITY': '1', 'GDMSESSION': 'ubuntu', 'LESSCLOSE': '/usr/bin/lesspipe %s %s', 'GPG_AGENT_INFO': '/run/user/1000/gnupg/S.gpg-agent:0:1', 'GJS_DEBUG_OUTPUT': 'stderr', 'ROS_AUTOMATIC_DISCOVERY_RANGE': 'SUBNET', 'QT_IM_MODULE': 'ibus', 'PWD': '/home/carlos/ros2_ws/build/px4_msgs', 'XDG_CONFIG_DIRS': '/etc/xdg/xdg-ubuntu:/etc/xdg', 'XDG_DATA_DIRS': '/usr/share/ubuntu:/usr/share/gnome:/usr/local/share/:/usr/share/:/var/lib/snapd/desktop', 'PYTHONPATH': '/home/carlos/ros2_ws/install/px4_ros_com/lib/python3.12/site-packages:/home/carlos/ros2_ws/install/px4_msgs/lib/python3.12/site-packages:/opt/ros/jazzy/lib/python3.12/site-packages', 'COLCON': '1', 'MEMORY_PRESSURE_WRITE': 'c29tZSAyMDAwMDAgMjAwMDAwMAA=', 'VTE_VERSION': '7600', 'CMAKE_PREFIX_PATH': '/home/carlos/ros2_ws/install/px4_ros_com:/home/carlos/ros2_ws/install/control:/home/carlos/ros2_ws/install/px4_msgs:/opt/ros/jazzy/opt/gz_math_vendor:/opt/ros/jazzy/opt/gz_utils_vendor:/opt/ros/jazzy/opt/gz_cmake_vendor:/opt/ros/jazzy'}), 'shell': False}
[2.427082] (px4_msgs) StdoutLine: {'line': b'-- Install configuration: ""\n'}
[2.429645] (px4_msgs) StdoutLine: {'line': b'-- Execute custom install script\n'}
[2.429861] (px4_msgs) StdoutLine: {'line': b'-- Up-to-date symlink: /home/carlos/ros2_ws/install/px4_msgs/share/ament_index/resource_index/rosidl_interfaces/px4_msgs\n'}
[2.430075] (px4_msgs) StdoutLine: {'line': b'-- Up-to-date symlink: /home/carlos/ros2_ws/install/px4_msgs/share/px4_msgs/msg/ActionRequest.json\n'}
[2.430204] (px4_msgs) StdoutLine: {'line': b'-- Up-to-date symlink: /home/carlos/ros2_ws/install/px4_msgs/share/px4_msgs/msg/ActuatorArmed.json\n'}
[2.430331] (px4_msgs) StdoutLine: {'line': b'-- Up-to-date symlink: /home/carlos/ros2_ws/install/px4_msgs/share/px4_msgs/msg/ActuatorControlsStatus.json\n'}
[2.430507] (px4_msgs) StdoutLine: {'line': b'-- Up-to-date symlink: /home/carlos/ros2_ws/install/px4_msgs/share/px4_msgs/msg/ActuatorMotors.json\n'}
[2.430611] (px4_msgs) StdoutLine: {'line': b'-- Up-to-date symlink: /home/carlos/ros2_ws/install/px4_msgs/share/px4_msgs/msg/ActuatorOutputs.json\n'}
[2.430777] (px4_msgs) StdoutLine: {'line': b'-- Up-to-date symlink: /home/carlos/ros2_ws/install/px4_msgs/share/px4_msgs/msg/ActuatorServos.json\n'}
[2.430928] (px4_msgs) StdoutLine: {'line': b'-- Up-to-date symlink: /home/carlos/ros2_ws/install/px4_msgs/share/px4_msgs/msg/ActuatorServosTrim.json\n'}
[2.431031] (px4_msgs) StdoutLine: {'line': b'-- Up-to-date symlink: /home/carlos/ros2_ws/install/px4_msgs/share/px4_msgs/msg/ActuatorTest.json\n'}
[2.431130] (px4_msgs) StdoutLine: {'line': b'-- Up-to-date symlink: /home/carlos/ros2_ws/install/px4_msgs/share/px4_msgs/msg/AdcReport.json\n'}
[2.431220] (px4_msgs) StdoutLine: {'line': b'-- Up-to-date symlink: /home/carlos/ros2_ws/install/px4_msgs/share/px4_msgs/msg/Airspeed.json\n'}
[2.431284] (px4_msgs) StdoutLine: {'line': b'-- Up-to-date symlink: /home/carlos/ros2_ws/install/px4_msgs/share/px4_msgs/msg/AirspeedValidated.json\n'}
[2.431337] (px4_msgs) StdoutLine: {'line': b'-- Up-to-date symlink: /home/carlos/ros2_ws/install/px4_msgs/share/px4_msgs/msg/AirspeedWind.json\n'}
[2.431389] (px4_msgs) StdoutLine: {'line': b'-- Up-to-date symlink: /home/carlos/ros2_ws/install/px4_msgs/share/px4_msgs/msg/ArmingCheckReply.json\n'}
[2.431429] (px4_msgs) StdoutLine: {'line': b'-- Up-to-date symlink: /home/carlos/ros2_ws/install/px4_msgs/share/px4_msgs/msg/ArmingCheckRequest.json\n'}
[2.431472] (px4_msgs) StdoutLine: {'line': b'-- Up-to-date symlink: /home/carlos/ros2_ws/install/px4_msgs/share/px4_msgs/msg/AutotuneAttitudeControlStatus.json\n'}
[2.431526] (px4_msgs) StdoutLine: {'line': b'-- Up-to-date symlink: /home/carlos/ros2_ws/install/px4_msgs/share/px4_msgs/msg/BatteryInfo.json\n'}
[2.431594] (px4_msgs) StdoutLine: {'line': b'-- Up-to-date symlink: /home/carlos/ros2_ws/install/px4_msgs/share/px4_msgs/msg/BatteryStatus.json\n'}
[2.431724] (px4_msgs) StdoutLine: {'line': b'-- Up-to-date symlink: /home/carlos/ros2_ws/install/px4_msgs/share/px4_msgs/msg/ButtonEvent.json\n'}
[2.431815] (px4_msgs) StdoutLine: {'line': b'-- Up-to-date symlink: /home/carlos/ros2_ws/install/px4_msgs/share/px4_msgs/msg/CameraCapture.json\n'}
[2.431911] (px4_msgs) StdoutLine: {'line': b'-- Up-to-date symlink: /home/carlos/ros2_ws/install/px4_msgs/share/px4_msgs/msg/CameraStatus.json\n'}
[2.432012] (px4_msgs) StdoutLine: {'line': b'-- Up-to-date symlink: /home/carlos/ros2_ws/install/px4_msgs/share/px4_msgs/msg/CameraTrigger.json\n'}
[2.432114] (px4_msgs) StdoutLine: {'line': b'-- Up-to-date symlink: /home/carlos/ros2_ws/install/px4_msgs/share/px4_msgs/msg/CanInterfaceStatus.json\n'}
[2.432217] (px4_msgs) StdoutLine: {'line': b'-- Up-to-date symlink: /home/carlos/ros2_ws/install/px4_msgs/share/px4_msgs/msg/CellularStatus.json\n'}
[2.432329] (px4_msgs) StdoutLine: {'line': b'-- Up-to-date symlink: /home/carlos/ros2_ws/install/px4_msgs/share/px4_msgs/msg/CollisionConstraints.json\n'}
[2.432477] (px4_msgs) StdoutLine: {'line': b'-- Up-to-date symlink: /home/carlos/ros2_ws/install/px4_msgs/share/px4_msgs/msg/ConfigOverrides.json\n'}
[2.432572] (px4_msgs) StdoutLine: {'line': b'-- Up-to-date symlink: /home/carlos/ros2_ws/install/px4_msgs/share/px4_msgs/msg/ControlAllocatorStatus.json\n'}
[2.432662] (px4_msgs) StdoutLine: {'line': b'-- Up-to-date symlink: /home/carlos/ros2_ws/install/px4_msgs/share/px4_msgs/msg/Cpuload.json\n'}
[2.432766] (px4_msgs) StdoutLine: {'line': b'-- Up-to-date symlink: /home/carlos/ros2_ws/install/px4_msgs/share/px4_msgs/msg/DatamanRequest.json\n'}
[2.432872] (px4_msgs) StdoutLine: {'line': b'-- Up-to-date symlink: /home/carlos/ros2_ws/install/px4_msgs/share/px4_msgs/msg/DatamanResponse.json\n'}
[2.432970] (px4_msgs) StdoutLine: {'line': b'-- Up-to-date symlink: /home/carlos/ros2_ws/install/px4_msgs/share/px4_msgs/msg/DebugArray.json\n'}
[2.433074] (px4_msgs) StdoutLine: {'line': b'-- Up-to-date symlink: /home/carlos/ros2_ws/install/px4_msgs/share/px4_msgs/msg/DebugKeyValue.json\n'}
[2.433177] (px4_msgs) StdoutLine: {'line': b'-- Up-to-date symlink: /home/carlos/ros2_ws/install/px4_msgs/share/px4_msgs/msg/DebugValue.json\n'}
[2.433279] (px4_msgs) StdoutLine: {'line': b'-- Up-to-date symlink: /home/carlos/ros2_ws/install/px4_msgs/share/px4_msgs/msg/DebugVect.json\n'}
[2.433399] (px4_msgs) StdoutLine: {'line': b'-- Up-to-date symlink: /home/carlos/ros2_ws/install/px4_msgs/share/px4_msgs/msg/DifferentialPressure.json\n'}
[2.433551] (px4_msgs) StdoutLine: {'line': b'-- Up-to-date symlink: /home/carlos/ros2_ws/install/px4_msgs/share/px4_msgs/msg/DistanceSensor.json\n'}
[2.433671] (px4_msgs) StdoutLine: {'line': b'-- Up-to-date symlink: /home/carlos/ros2_ws/install/px4_msgs/share/px4_msgs/msg/DistanceSensorModeChangeRequest.json\n'}
[2.433776] (px4_msgs) StdoutLine: {'line': b'-- Up-to-date symlink: /home/carlos/ros2_ws/install/px4_msgs/share/px4_msgs/msg/DronecanNodeStatus.json\n'}
[2.433886] (px4_msgs) StdoutLine: {'line': b'-- Up-to-date symlink: /home/carlos/ros2_ws/install/px4_msgs/share/px4_msgs/msg/Ekf2Timestamps.json\n'}
[2.433999] (px4_msgs) StdoutLine: {'line': b'-- Up-to-date symlink: /home/carlos/ros2_ws/install/px4_msgs/share/px4_msgs/msg/EscReport.json\n'}
[2.434111] (px4_msgs) StdoutLine: {'line': b'-- Up-to-date symlink: /home/carlos/ros2_ws/install/px4_msgs/share/px4_msgs/msg/EscStatus.json\n'}
[2.434219] (px4_msgs) StdoutLine: {'line': b'-- Up-to-date symlink: /home/carlos/ros2_ws/install/px4_msgs/share/px4_msgs/msg/EstimatorAidSource1d.json\n'}
[2.434347] (px4_msgs) StdoutLine: {'line': b'-- Up-to-date symlink: /home/carlos/ros2_ws/install/px4_msgs/share/px4_msgs/msg/EstimatorAidSource2d.json\n'}
[2.434545] (px4_msgs) StdoutLine: {'line': b'-- Up-to-date symlink: /home/carlos/ros2_ws/install/px4_msgs/share/px4_msgs/msg/EstimatorAidSource3d.json\n'}
[2.434711] (px4_msgs) StdoutLine: {'line': b'-- Up-to-date symlink: /home/carlos/ros2_ws/install/px4_msgs/share/px4_msgs/msg/EstimatorBias.json\n'}
[2.434848] (px4_msgs) StdoutLine: {'line': b'-- Up-to-date symlink: /home/carlos/ros2_ws/install/px4_msgs/share/px4_msgs/msg/EstimatorBias3d.json\n'}
[2.434965] (px4_msgs) StdoutLine: {'line': b'-- Up-to-date symlink: /home/carlos/ros2_ws/install/px4_msgs/share/px4_msgs/msg/EstimatorEventFlags.json\n'}
[2.435109] (px4_msgs) StdoutLine: {'line': b'-- Up-to-date symlink: /home/carlos/ros2_ws/install/px4_msgs/share/px4_msgs/msg/EstimatorGpsStatus.json\n'}
[2.435235] (px4_msgs) StdoutLine: {'line': b'-- Up-to-date symlink: /home/carlos/ros2_ws/install/px4_msgs/share/px4_msgs/msg/EstimatorInnovations.json\n'}
[2.435379] (px4_msgs) StdoutLine: {'line': b'-- Up-to-date symlink: /home/carlos/ros2_ws/install/px4_msgs/share/px4_msgs/msg/EstimatorSelectorStatus.json\n'}
[2.435502] (px4_msgs) StdoutLine: {'line': b'-- Up-to-date symlink: /home/carlos/ros2_ws/install/px4_msgs/share/px4_msgs/msg/EstimatorSensorBias.json\n'}
[2.435621] (px4_msgs) StdoutLine: {'line': b'-- Up-to-date symlink: /home/carlos/ros2_ws/install/px4_msgs/share/px4_msgs/msg/EstimatorStates.json\n'}
[2.435754] (px4_msgs) StdoutLine: {'line': b'-- Up-to-date symlink: /home/carlos/ros2_ws/install/px4_msgs/share/px4_msgs/msg/EstimatorStatus.json\n'}
[2.435873] (px4_msgs) StdoutLine: {'line': b'-- Up-to-date symlink: /home/carlos/ros2_ws/install/px4_msgs/share/px4_msgs/msg/EstimatorStatusFlags.json\n'}
[2.436006] (px4_msgs) StdoutLine: {'line': b'-- Up-to-date symlink: /home/carlos/ros2_ws/install/px4_msgs/share/px4_msgs/msg/Event.json\n'}
[2.436069] (px4_msgs) StdoutLine: {'line': b'-- Up-to-date symlink: /home/carlos/ros2_ws/install/px4_msgs/share/px4_msgs/msg/FailsafeFlags.json\n'}
[2.436114] (px4_msgs) StdoutLine: {'line': b'-- Up-to-date symlink: /home/carlos/ros2_ws/install/px4_msgs/share/px4_msgs/msg/FailureDetectorStatus.json\n'}
[2.436156] (px4_msgs) StdoutLine: {'line': b'-- Up-to-date symlink: /home/carlos/ros2_ws/install/px4_msgs/share/px4_msgs/msg/FigureEightStatus.json\n'}
[2.436209] (px4_msgs) StdoutLine: {'line': b'-- Up-to-date symlink: /home/carlos/ros2_ws/install/px4_msgs/share/px4_msgs/msg/FixedWingLateralGuidanceStatus.json\n'}
[2.436252] (px4_msgs) StdoutLine: {'line': b'-- Up-to-date symlink: /home/carlos/ros2_ws/install/px4_msgs/share/px4_msgs/msg/FixedWingLateralSetpoint.json\n'}
[2.436308] (px4_msgs) StdoutLine: {'line': b'-- Up-to-date symlink: /home/carlos/ros2_ws/install/px4_msgs/share/px4_msgs/msg/FixedWingLateralStatus.json\n'}
[2.436390] (px4_msgs) StdoutLine: {'line': b'-- Up-to-date symlink: /home/carlos/ros2_ws/install/px4_msgs/share/px4_msgs/msg/FixedWingLongitudinalSetpoint.json\n'}
[2.436513] (px4_msgs) StdoutLine: {'line': b'-- Up-to-date symlink: /home/carlos/ros2_ws/install/px4_msgs/share/px4_msgs/msg/FixedWingRunwayControl.json\n'}
[2.436607] (px4_msgs) StdoutLine: {'line': b'-- Up-to-date symlink: /home/carlos/ros2_ws/install/px4_msgs/share/px4_msgs/msg/FlightPhaseEstimation.json\n'}
[2.436700] (px4_msgs) StdoutLine: {'line': b'-- Up-to-date symlink: /home/carlos/ros2_ws/install/px4_msgs/share/px4_msgs/msg/FollowTarget.json\n'}
[2.436803] (px4_msgs) StdoutLine: {'line': b'-- Up-to-date symlink: /home/carlos/ros2_ws/install/px4_msgs/share/px4_msgs/msg/FollowTargetEstimator.json\n'}
[2.436906] (px4_msgs) StdoutLine: {'line': b'-- Up-to-date symlink: /home/carlos/ros2_ws/install/px4_msgs/share/px4_msgs/msg/FollowTargetStatus.json\n'}
[2.437011] (px4_msgs) StdoutLine: {'line': b'-- Up-to-date symlink: /home/carlos/ros2_ws/install/px4_msgs/share/px4_msgs/msg/FuelTankStatus.json\n'}
[2.437114] (px4_msgs) StdoutLine: {'line': b'-- Up-to-date symlink: /home/carlos/ros2_ws/install/px4_msgs/share/px4_msgs/msg/GeneratorStatus.json\n'}
[2.437217] (px4_msgs) StdoutLine: {'line': b'-- Up-to-date symlink: /home/carlos/ros2_ws/install/px4_msgs/share/px4_msgs/msg/GeofenceResult.json\n'}
[2.437326] (px4_msgs) StdoutLine: {'line': b'-- Up-to-date symlink: /home/carlos/ros2_ws/install/px4_msgs/share/px4_msgs/msg/GeofenceStatus.json\n'}
[2.437440] (px4_msgs) StdoutLine: {'line': b'-- Up-to-date symlink: /home/carlos/ros2_ws/install/px4_msgs/share/px4_msgs/msg/GimbalControls.json\n'}
[2.437569] (px4_msgs) StdoutLine: {'line': b'-- Up-to-date symlink: /home/carlos/ros2_ws/install/px4_msgs/share/px4_msgs/msg/GimbalDeviceAttitudeStatus.json\n'}
[2.437666] (px4_msgs) StdoutLine: {'line': b'-- Up-to-date symlink: /home/carlos/ros2_ws/install/px4_msgs/share/px4_msgs/msg/GimbalDeviceInformation.json\n'}
[2.437784] (px4_msgs) StdoutLine: {'line': b'-- Up-to-date symlink: /home/carlos/ros2_ws/install/px4_msgs/share/px4_msgs/msg/GimbalDeviceSetAttitude.json\n'}
[2.437876] (px4_msgs) StdoutLine: {'line': b'-- Up-to-date symlink: /home/carlos/ros2_ws/install/px4_msgs/share/px4_msgs/msg/GimbalManagerInformation.json\n'}
[2.437968] (px4_msgs) StdoutLine: {'line': b'-- Up-to-date symlink: /home/carlos/ros2_ws/install/px4_msgs/share/px4_msgs/msg/GimbalManagerSetAttitude.json\n'}
[2.438072] (px4_msgs) StdoutLine: {'line': b'-- Up-to-date symlink: /home/carlos/ros2_ws/install/px4_msgs/share/px4_msgs/msg/GimbalManagerSetManualControl.json\n'}
[2.438175] (px4_msgs) StdoutLine: {'line': b'-- Up-to-date symlink: /home/carlos/ros2_ws/install/px4_msgs/share/px4_msgs/msg/GimbalManagerStatus.json\n'}
[2.438289] (px4_msgs) StdoutLine: {'line': b'-- Up-to-date symlink: /home/carlos/ros2_ws/install/px4_msgs/share/px4_msgs/msg/GotoSetpoint.json\n'}
[2.438401] (px4_msgs) StdoutLine: {'line': b'-- Up-to-date symlink: /home/carlos/ros2_ws/install/px4_msgs/share/px4_msgs/msg/GpioConfig.json\n'}
[2.438511] (px4_msgs) StdoutLine: {'line': b'-- Up-to-date symlink: /home/carlos/ros2_ws/install/px4_msgs/share/px4_msgs/msg/GpioIn.json\n'}
[2.438615] (px4_msgs) StdoutLine: {'line': b'-- Up-to-date symlink: /home/carlos/ros2_ws/install/px4_msgs/share/px4_msgs/msg/GpioOut.json\n'}
[2.438719] (px4_msgs) StdoutLine: {'line': b'-- Up-to-date symlink: /home/carlos/ros2_ws/install/px4_msgs/share/px4_msgs/msg/GpioRequest.json\n'}
[2.438846] (px4_msgs) StdoutLine: {'line': b'-- Up-to-date symlink: /home/carlos/ros2_ws/install/px4_msgs/share/px4_msgs/msg/GpsDump.json\n'}
[2.438945] (px4_msgs) StdoutLine: {'line': b'-- Up-to-date symlink: /home/carlos/ros2_ws/install/px4_msgs/share/px4_msgs/msg/GpsInjectData.json\n'}
[2.439061] (px4_msgs) StdoutLine: {'line': b'-- Up-to-date symlink: /home/carlos/ros2_ws/install/px4_msgs/share/px4_msgs/msg/Gripper.json\n'}
[2.439159] (px4_msgs) StdoutLine: {'line': b'-- Up-to-date symlink: /home/carlos/ros2_ws/install/px4_msgs/share/px4_msgs/msg/HealthReport.json\n'}
[2.439249] (px4_msgs) StdoutLine: {'line': b'-- Up-to-date symlink: /home/carlos/ros2_ws/install/px4_msgs/share/px4_msgs/msg/HeaterStatus.json\n'}
[2.439365] (px4_msgs) StdoutLine: {'line': b'-- Up-to-date symlink: /home/carlos/ros2_ws/install/px4_msgs/share/px4_msgs/msg/HomePosition.json\n'}
[2.439474] (px4_msgs) StdoutLine: {'line': b'-- Up-to-date symlink: /home/carlos/ros2_ws/install/px4_msgs/share/px4_msgs/msg/HoverThrustEstimate.json\n'}
[2.439578] (px4_msgs) StdoutLine: {'line': b'-- Up-to-date symlink: /home/carlos/ros2_ws/install/px4_msgs/share/px4_msgs/msg/InputRc.json\n'}
[2.439676] (px4_msgs) StdoutLine: {'line': b'-- Up-to-date symlink: /home/carlos/ros2_ws/install/px4_msgs/share/px4_msgs/msg/InternalCombustionEngineControl.json\n'}
[2.439779] (px4_msgs) StdoutLine: {'line': b'-- Up-to-date symlink: /home/carlos/ros2_ws/install/px4_msgs/share/px4_msgs/msg/InternalCombustionEngineStatus.json\n'}
[2.439883] (px4_msgs) StdoutLine: {'line': b'-- Up-to-date symlink: /home/carlos/ros2_ws/install/px4_msgs/share/px4_msgs/msg/IridiumsbdStatus.json\n'}
[2.440014] (px4_msgs) StdoutLine: {'line': b'-- Up-to-date symlink: /home/carlos/ros2_ws/install/px4_msgs/share/px4_msgs/msg/IrlockReport.json\n'}
[2.440108] (px4_msgs) StdoutLine: {'line': b'-- Up-to-date symlink: /home/carlos/ros2_ws/install/px4_msgs/share/px4_msgs/msg/LandingGear.json\n'}
[2.440201] (px4_msgs) StdoutLine: {'line': b'-- Up-to-date symlink: /home/carlos/ros2_ws/install/px4_msgs/share/px4_msgs/msg/LandingGearWheel.json\n'}
[2.440305] (px4_msgs) StdoutLine: {'line': b'-- Up-to-date symlink: /home/carlos/ros2_ws/install/px4_msgs/share/px4_msgs/msg/LandingTargetInnovations.json\n'}
[2.440428] (px4_msgs) StdoutLine: {'line': b'-- Up-to-date symlink: /home/carlos/ros2_ws/install/px4_msgs/share/px4_msgs/msg/LandingTargetPose.json\n'}
[2.440538] (px4_msgs) StdoutLine: {'line': b'-- Up-to-date symlink: /home/carlos/ros2_ws/install/px4_msgs/share/px4_msgs/msg/LateralControlConfiguration.json\n'}
[2.440666] (px4_msgs) StdoutLine: {'line': b'-- Up-to-date symlink: /home/carlos/ros2_ws/install/px4_msgs/share/px4_msgs/msg/LaunchDetectionStatus.json\n'}
[2.440759] (px4_msgs) StdoutLine: {'line': b'-- Up-to-date symlink: /home/carlos/ros2_ws/install/px4_msgs/share/px4_msgs/msg/LedControl.json\n'}
[2.440862] (px4_msgs) StdoutLine: {'line': b'-- Up-to-date symlink: /home/carlos/ros2_ws/install/px4_msgs/share/px4_msgs/msg/LogMessage.json\n'}
[2.440966] (px4_msgs) StdoutLine: {'line': b'-- Up-to-date symlink: /home/carlos/ros2_ws/install/px4_msgs/share/px4_msgs/msg/LoggerStatus.json\n'}
[2.441071] (px4_msgs) StdoutLine: {'line': b'-- Up-to-date symlink: /home/carlos/ros2_ws/install/px4_msgs/share/px4_msgs/msg/LongitudinalControlConfiguration.json\n'}
[2.441199] (px4_msgs) StdoutLine: {'line': b'-- Up-to-date symlink: /home/carlos/ros2_ws/install/px4_msgs/share/px4_msgs/msg/MagWorkerData.json\n'}
[2.441294] (px4_msgs) StdoutLine: {'line': b'-- Up-to-date symlink: /home/carlos/ros2_ws/install/px4_msgs/share/px4_msgs/msg/MagnetometerBiasEstimate.json\n'}
[2.441395] (px4_msgs) StdoutLine: {'line': b'-- Up-to-date symlink: /home/carlos/ros2_ws/install/px4_msgs/share/px4_msgs/msg/ManualControlSetpoint.json\n'}
[2.441498] (px4_msgs) StdoutLine: {'line': b'-- Up-to-date symlink: /home/carlos/ros2_ws/install/px4_msgs/share/px4_msgs/msg/ManualControlSwitches.json\n'}
[2.441601] (px4_msgs) StdoutLine: {'line': b'-- Up-to-date symlink: /home/carlos/ros2_ws/install/px4_msgs/share/px4_msgs/msg/MavlinkLog.json\n'}
[2.441705] (px4_msgs) StdoutLine: {'line': b'-- Up-to-date symlink: /home/carlos/ros2_ws/install/px4_msgs/share/px4_msgs/msg/MavlinkTunnel.json\n'}
[2.441808] (px4_msgs) StdoutLine: {'line': b'-- Up-to-date symlink: /home/carlos/ros2_ws/install/px4_msgs/share/px4_msgs/msg/MessageFormatRequest.json\n'}
[2.441911] (px4_msgs) StdoutLine: {'line': b'-- Up-to-date symlink: /home/carlos/ros2_ws/install/px4_msgs/share/px4_msgs/msg/MessageFormatResponse.json\n'}
[2.442014] (px4_msgs) StdoutLine: {'line': b'-- Up-to-date symlink: /home/carlos/ros2_ws/install/px4_msgs/share/px4_msgs/msg/Mission.json\n'}
[2.442112] (px4_msgs) StdoutLine: {'line': b'-- Up-to-date symlink: /home/carlos/ros2_ws/install/px4_msgs/share/px4_msgs/msg/MissionResult.json\n'}
[2.442239] (px4_msgs) StdoutLine: {'line': b'-- Up-to-date symlink: /home/carlos/ros2_ws/install/px4_msgs/share/px4_msgs/msg/ModeCompleted.json\n'}
[2.442339] (px4_msgs) StdoutLine: {'line': b'-- Up-to-date symlink: /home/carlos/ros2_ws/install/px4_msgs/share/px4_msgs/msg/MountOrientation.json\n'}
[2.442534] (px4_msgs) StdoutLine: {'line': b'-- Up-to-date symlink: /home/carlos/ros2_ws/install/px4_msgs/share/px4_msgs/msg/NavigatorMissionItem.json\n'}
[2.442638] (px4_msgs) StdoutLine: {'line': b'-- Up-to-date symlink: /home/carlos/ros2_ws/install/px4_msgs/share/px4_msgs/msg/NavigatorStatus.json\n'}
[2.442771] (px4_msgs) StdoutLine: {'line': b'-- Up-to-date symlink: /home/carlos/ros2_ws/install/px4_msgs/share/px4_msgs/msg/NeuralControl.json\n'}
[2.442880] (px4_msgs) StdoutLine: {'line': b'-- Up-to-date symlink: /home/carlos/ros2_ws/install/px4_msgs/share/px4_msgs/msg/NormalizedUnsignedSetpoint.json\n'}
[2.442987] (px4_msgs) StdoutLine: {'line': b'-- Up-to-date symlink: /home/carlos/ros2_ws/install/px4_msgs/share/px4_msgs/msg/ObstacleDistance.json\n'}
[2.443104] (px4_msgs) StdoutLine: {'line': b'-- Up-to-date symlink: /home/carlos/ros2_ws/install/px4_msgs/share/px4_msgs/msg/OffboardControlMode.json\n'}
[2.443190] (px4_msgs) StdoutLine: {'line': b'-- Up-to-date symlink: /home/carlos/ros2_ws/install/px4_msgs/share/px4_msgs/msg/OnboardComputerStatus.json\n'}
[2.443303] (px4_msgs) StdoutLine: {'line': b'-- Up-to-date symlink: /home/carlos/ros2_ws/install/px4_msgs/share/px4_msgs/msg/OpenDroneIdArmStatus.json\n'}
[2.443427] (px4_msgs) StdoutLine: {'line': b'-- Up-to-date symlink: /home/carlos/ros2_ws/install/px4_msgs/share/px4_msgs/msg/OpenDroneIdOperatorId.json\n'}
[2.443552] (px4_msgs) StdoutLine: {'line': b'-- Up-to-date symlink: /home/carlos/ros2_ws/install/px4_msgs/share/px4_msgs/msg/OpenDroneIdSelfId.json\n'}
[2.443650] (px4_msgs) StdoutLine: {'line': b'-- Up-to-date symlink: /home/carlos/ros2_ws/install/px4_msgs/share/px4_msgs/msg/OpenDroneIdSystem.json\n'}
[2.443740] (px4_msgs) StdoutLine: {'line': b'-- Up-to-date symlink: /home/carlos/ros2_ws/install/px4_msgs/share/px4_msgs/msg/OrbTest.json\n'}
[2.443841] (px4_msgs) StdoutLine: {'line': b'-- Up-to-date symlink: /home/carlos/ros2_ws/install/px4_msgs/share/px4_msgs/msg/OrbTestLarge.json\n'}
[2.443943] (px4_msgs) StdoutLine: {'line': b'-- Up-to-date symlink: /home/carlos/ros2_ws/install/px4_msgs/share/px4_msgs/msg/OrbTestMedium.json\n'}
[2.444051] (px4_msgs) StdoutLine: {'line': b'-- Up-to-date symlink: /home/carlos/ros2_ws/install/px4_msgs/share/px4_msgs/msg/OrbitStatus.json\n'}
[2.444151] (px4_msgs) StdoutLine: {'line': b'-- Up-to-date symlink: /home/carlos/ros2_ws/install/px4_msgs/share/px4_msgs/msg/ParameterResetRequest.json\n'}
[2.444259] (px4_msgs) StdoutLine: {'line': b'-- Up-to-date symlink: /home/carlos/ros2_ws/install/px4_msgs/share/px4_msgs/msg/ParameterSetUsedRequest.json\n'}
[2.444381] (px4_msgs) StdoutLine: {'line': b'-- Up-to-date symlink: /home/carlos/ros2_ws/install/px4_msgs/share/px4_msgs/msg/ParameterSetValueRequest.json\n'}
[2.444511] (px4_msgs) StdoutLine: {'line': b'-- Up-to-date symlink: /home/carlos/ros2_ws/install/px4_msgs/share/px4_msgs/msg/ParameterSetValueResponse.json\n'}
[2.444615] (px4_msgs) StdoutLine: {'line': b'-- Up-to-date symlink: /home/carlos/ros2_ws/install/px4_msgs/share/px4_msgs/msg/ParameterUpdate.json\n'}
[2.444699] (px4_msgs) StdoutLine: {'line': b'-- Up-to-date symlink: /home/carlos/ros2_ws/install/px4_msgs/share/px4_msgs/msg/Ping.json\n'}
[2.444801] (px4_msgs) StdoutLine: {'line': b'-- Up-to-date symlink: /home/carlos/ros2_ws/install/px4_msgs/share/px4_msgs/msg/PositionControllerLandingStatus.json\n'}
[2.444906] (px4_msgs) StdoutLine: {'line': b'-- Up-to-date symlink: /home/carlos/ros2_ws/install/px4_msgs/share/px4_msgs/msg/PositionControllerStatus.json\n'}
[2.445009] (px4_msgs) StdoutLine: {'line': b'-- Up-to-date symlink: /home/carlos/ros2_ws/install/px4_msgs/share/px4_msgs/msg/PositionSetpoint.json\n'}
[2.445130] (px4_msgs) StdoutLine: {'line': b'-- Up-to-date symlink: /home/carlos/ros2_ws/install/px4_msgs/share/px4_msgs/msg/PositionSetpointTriplet.json\n'}
[2.445234] (px4_msgs) StdoutLine: {'line': b'-- Up-to-date symlink: /home/carlos/ros2_ws/install/px4_msgs/share/px4_msgs/msg/PowerButtonState.json\n'}
[2.445350] (px4_msgs) StdoutLine: {'line': b'-- Up-to-date symlink: /home/carlos/ros2_ws/install/px4_msgs/share/px4_msgs/msg/PowerMonitor.json\n'}
[2.445460] (px4_msgs) StdoutLine: {'line': b'-- Up-to-date symlink: /home/carlos/ros2_ws/install/px4_msgs/share/px4_msgs/msg/PpsCapture.json\n'}
[2.445590] (px4_msgs) StdoutLine: {'line': b'-- Up-to-date symlink: /home/carlos/ros2_ws/install/px4_msgs/share/px4_msgs/msg/PurePursuitStatus.json\n'}
[2.445680] (px4_msgs) StdoutLine: {'line': b'-- Up-to-date symlink: /home/carlos/ros2_ws/install/px4_msgs/share/px4_msgs/msg/PwmInput.json\n'}
[2.445805] (px4_msgs) StdoutLine: {'line': b'-- Up-to-date symlink: /home/carlos/ros2_ws/install/px4_msgs/share/px4_msgs/msg/Px4ioStatus.json\n'}
[2.445898] (px4_msgs) StdoutLine: {'line': b'-- Up-to-date symlink: /home/carlos/ros2_ws/install/px4_msgs/share/px4_msgs/msg/QshellReq.json\n'}
[2.445991] (px4_msgs) StdoutLine: {'line': b'-- Up-to-date symlink: /home/carlos/ros2_ws/install/px4_msgs/share/px4_msgs/msg/QshellRetval.json\n'}
[2.446095] (px4_msgs) StdoutLine: {'line': b'-- Up-to-date symlink: /home/carlos/ros2_ws/install/px4_msgs/share/px4_msgs/msg/RadioStatus.json\n'}
[2.446198] (px4_msgs) StdoutLine: {'line': b'-- Up-to-date symlink: /home/carlos/ros2_ws/install/px4_msgs/share/px4_msgs/msg/RateCtrlStatus.json\n'}
[2.446301] (px4_msgs) StdoutLine: {'line': b'-- Up-to-date symlink: /home/carlos/ros2_ws/install/px4_msgs/share/px4_msgs/msg/RcChannels.json\n'}
[2.446430] (px4_msgs) StdoutLine: {'line': b'-- Up-to-date symlink: /home/carlos/ros2_ws/install/px4_msgs/share/px4_msgs/msg/RcParameterMap.json\n'}
[2.446535] (px4_msgs) StdoutLine: {'line': b'-- Up-to-date symlink: /home/carlos/ros2_ws/install/px4_msgs/share/px4_msgs/msg/RegisterExtComponentReply.json\n'}
[2.446640] (px4_msgs) StdoutLine: {'line': b'-- Up-to-date symlink: /home/carlos/ros2_ws/install/px4_msgs/share/px4_msgs/msg/RegisterExtComponentRequest.json\n'}
[2.446769] (px4_msgs) StdoutLine: {'line': b'-- Up-to-date symlink: /home/carlos/ros2_ws/install/px4_msgs/share/px4_msgs/msg/RoverAttitudeSetpoint.json\n'}
[2.446858] (px4_msgs) StdoutLine: {'line': b'-- Up-to-date symlink: /home/carlos/ros2_ws/install/px4_msgs/share/px4_msgs/msg/RoverAttitudeStatus.json\n'}
[2.446983] (px4_msgs) StdoutLine: {'line': b'-- Up-to-date symlink: /home/carlos/ros2_ws/install/px4_msgs/share/px4_msgs/msg/RoverPositionSetpoint.json\n'}
[2.447081] (px4_msgs) StdoutLine: {'line': b'-- Up-to-date symlink: /home/carlos/ros2_ws/install/px4_msgs/share/px4_msgs/msg/RoverRateSetpoint.json\n'}
[2.447191] (px4_msgs) StdoutLine: {'line': b'-- Up-to-date symlink: /home/carlos/ros2_ws/install/px4_msgs/share/px4_msgs/msg/RoverRateStatus.json\n'}
[2.447289] (px4_msgs) StdoutLine: {'line': b'-- Up-to-date symlink: /home/carlos/ros2_ws/install/px4_msgs/share/px4_msgs/msg/RoverSpeedSetpoint.json\n'}
[2.447394] (px4_msgs) StdoutLine: {'line': b'-- Up-to-date symlink: /home/carlos/ros2_ws/install/px4_msgs/share/px4_msgs/msg/RoverSpeedStatus.json\n'}
[2.447500] (px4_msgs) StdoutLine: {'line': b'-- Up-to-date symlink: /home/carlos/ros2_ws/install/px4_msgs/share/px4_msgs/msg/RoverSteeringSetpoint.json\n'}
[2.447603] (px4_msgs) StdoutLine: {'line': b'-- Up-to-date symlink: /home/carlos/ros2_ws/install/px4_msgs/share/px4_msgs/msg/RoverThrottleSetpoint.json\n'}
[2.447707] (px4_msgs) StdoutLine: {'line': b'-- Up-to-date symlink: /home/carlos/ros2_ws/install/px4_msgs/share/px4_msgs/msg/Rpm.json\n'}
[2.447811] (px4_msgs) StdoutLine: {'line': b'-- Up-to-date symlink: /home/carlos/ros2_ws/install/px4_msgs/share/px4_msgs/msg/RtlStatus.json\n'}
[2.447915] (px4_msgs) StdoutLine: {'line': b'-- Up-to-date symlink: /home/carlos/ros2_ws/install/px4_msgs/share/px4_msgs/msg/RtlTimeEstimate.json\n'}
[2.448019] (px4_msgs) StdoutLine: {'line': b'-- Up-to-date symlink: /home/carlos/ros2_ws/install/px4_msgs/share/px4_msgs/msg/SatelliteInfo.json\n'}
[2.448123] (px4_msgs) StdoutLine: {'line': b'-- Up-to-date symlink: /home/carlos/ros2_ws/install/px4_msgs/share/px4_msgs/msg/SensorAccel.json\n'}
[2.448249] (px4_msgs) StdoutLine: {'line': b'-- Up-to-date symlink: /home/carlos/ros2_ws/install/px4_msgs/share/px4_msgs/msg/SensorAccelFifo.json\n'}
[2.448949] (px4_msgs) StdoutLine: {'line': b'-- Up-to-date symlink: /home/carlos/ros2_ws/install/px4_msgs/share/px4_msgs/msg/SensorAirflow.json\n'}
[2.449024] (px4_msgs) StdoutLine: {'line': b'-- Up-to-date symlink: /home/carlos/ros2_ws/install/px4_msgs/share/px4_msgs/msg/SensorBaro.json\n'}
[2.449073] (px4_msgs) StdoutLine: {'line': b'-- Up-to-date symlink: /home/carlos/ros2_ws/install/px4_msgs/share/px4_msgs/msg/SensorCombined.json\n'}
[2.449185] (px4_msgs) StdoutLine: {'line': b'-- Up-to-date symlink: /home/carlos/ros2_ws/install/px4_msgs/share/px4_msgs/msg/SensorCorrection.json\n'}
[2.449394] (px4_msgs) StdoutLine: {'line': b'-- Up-to-date symlink: /home/carlos/ros2_ws/install/px4_msgs/share/px4_msgs/msg/SensorGnssRelative.json\n'}
[2.449526] (px4_msgs) StdoutLine: {'line': b'-- Up-to-date symlink: /home/carlos/ros2_ws/install/px4_msgs/share/px4_msgs/msg/SensorGnssStatus.json\n'}
[2.449617] (px4_msgs) StdoutLine: {'line': b'-- Up-to-date symlink: /home/carlos/ros2_ws/install/px4_msgs/share/px4_msgs/msg/SensorGps.json\n'}
[2.449721] (px4_msgs) StdoutLine: {'line': b'-- Up-to-date symlink: /home/carlos/ros2_ws/install/px4_msgs/share/px4_msgs/msg/SensorGyro.json\n'}
[2.449832] (px4_msgs) StdoutLine: {'line': b'-- Up-to-date symlink: /home/carlos/ros2_ws/install/px4_msgs/share/px4_msgs/msg/SensorGyroFft.json\n'}
[2.449941] (px4_msgs) StdoutLine: {'line': b'-- Up-to-date symlink: /home/carlos/ros2_ws/install/px4_msgs/share/px4_msgs/msg/SensorGyroFifo.json\n'}
[2.450018] (px4_msgs) StdoutLine: {'line': b'-- Up-to-date symlink: /home/carlos/ros2_ws/install/px4_msgs/share/px4_msgs/msg/SensorHygrometer.json\n'}
[2.450117] (px4_msgs) StdoutLine: {'line': b'-- Up-to-date symlink: /home/carlos/ros2_ws/install/px4_msgs/share/px4_msgs/msg/SensorMag.json\n'}
[2.450223] (px4_msgs) StdoutLine: {'line': b'-- Up-to-date symlink: /home/carlos/ros2_ws/install/px4_msgs/share/px4_msgs/msg/SensorOpticalFlow.json\n'}
[2.450368] (px4_msgs) StdoutLine: {'line': b'-- Up-to-date symlink: /home/carlos/ros2_ws/install/px4_msgs/share/px4_msgs/msg/SensorPreflightMag.json\n'}
[2.450453] (px4_msgs) StdoutLine: {'line': b'-- Up-to-date symlink: /home/carlos/ros2_ws/install/px4_msgs/share/px4_msgs/msg/SensorSelection.json\n'}
[2.450556] (px4_msgs) StdoutLine: {'line': b'-- Up-to-date symlink: /home/carlos/ros2_ws/install/px4_msgs/share/px4_msgs/msg/SensorUwb.json\n'}
[2.450641] (px4_msgs) StdoutLine: {'line': b'-- Up-to-date symlink: /home/carlos/ros2_ws/install/px4_msgs/share/px4_msgs/msg/SensorsStatus.json\n'}
[2.450764] (px4_msgs) StdoutLine: {'line': b'-- Up-to-date symlink: /home/carlos/ros2_ws/install/px4_msgs/share/px4_msgs/msg/SensorsStatusImu.json\n'}
[2.450855] (px4_msgs) StdoutLine: {'line': b'-- Up-to-date symlink: /home/carlos/ros2_ws/install/px4_msgs/share/px4_msgs/msg/SystemPower.json\n'}
[2.450972] (px4_msgs) StdoutLine: {'line': b'-- Up-to-date symlink: /home/carlos/ros2_ws/install/px4_msgs/share/px4_msgs/msg/TakeoffStatus.json\n'}
[2.451071] (px4_msgs) StdoutLine: {'line': b'-- Up-to-date symlink: /home/carlos/ros2_ws/install/px4_msgs/share/px4_msgs/msg/TaskStackInfo.json\n'}
[2.451153] (px4_msgs) StdoutLine: {'line': b'-- Up-to-date symlink: /home/carlos/ros2_ws/install/px4_msgs/share/px4_msgs/msg/TecsStatus.json\n'}
[2.451280] (px4_msgs) StdoutLine: {'line': b'-- Up-to-date symlink: /home/carlos/ros2_ws/install/px4_msgs/share/px4_msgs/msg/TelemetryStatus.json\n'}
[2.451541] (px4_msgs) StdoutLine: {'line': b'-- Up-to-date symlink: /home/carlos/ros2_ws/install/px4_msgs/share/px4_msgs/msg/TiltrotorExtraControls.json\n'}
[2.451825] (px4_msgs) StdoutLine: {'line': b'-- Up-to-date symlink: /home/carlos/ros2_ws/install/px4_msgs/share/px4_msgs/msg/TimesyncStatus.json\n'}
[2.452101] (px4_msgs) StdoutLine: {'line': b'-- Up-to-date symlink: /home/carlos/ros2_ws/install/px4_msgs/share/px4_msgs/msg/TrajectorySetpoint.json\n'}
[2.452354] (px4_msgs) StdoutLine: {'line': b'-- Up-to-date symlink: /home/carlos/ros2_ws/install/px4_msgs/share/px4_msgs/msg/TrajectorySetpoint6dof.json\n'}
[2.452591] (px4_msgs) StdoutLine: {'line': b'-- Up-to-date symlink: /home/carlos/ros2_ws/install/px4_msgs/share/px4_msgs/msg/TransponderReport.json\n'}
[2.452761] (px4_msgs) StdoutLine: {'line': b'-- Up-to-date symlink: /home/carlos/ros2_ws/install/px4_msgs/share/px4_msgs/msg/TuneControl.json\n'}
[2.452944] (px4_msgs) StdoutLine: {'line': b'-- Up-to-date symlink: /home/carlos/ros2_ws/install/px4_msgs/share/px4_msgs/msg/UavcanParameterRequest.json\n'}
[2.453107] (px4_msgs) StdoutLine: {'line': b'-- Up-to-date symlink: /home/carlos/ros2_ws/install/px4_msgs/share/px4_msgs/msg/UavcanParameterValue.json\n'}
[2.453271] (px4_msgs) StdoutLine: {'line': b'-- Up-to-date symlink: /home/carlos/ros2_ws/install/px4_msgs/share/px4_msgs/msg/UlogStream.json\n'}
[2.453446] (px4_msgs) StdoutLine: {'line': b'-- Up-to-date symlink: /home/carlos/ros2_ws/install/px4_msgs/share/px4_msgs/msg/UlogStreamAck.json\n'}
[2.453606] (px4_msgs) StdoutLine: {'line': b'-- Up-to-date symlink: /home/carlos/ros2_ws/install/px4_msgs/share/px4_msgs/msg/UnregisterExtComponent.json\n'}
[2.453772] (px4_msgs) StdoutLine: {'line': b'-- Up-to-date symlink: /home/carlos/ros2_ws/install/px4_msgs/share/px4_msgs/msg/VehicleAcceleration.json\n'}
[2.453931] (px4_msgs) StdoutLine: {'line': b'-- Up-to-date symlink: /home/carlos/ros2_ws/install/px4_msgs/share/px4_msgs/msg/VehicleAirData.json\n'}
[2.454093] (px4_msgs) StdoutLine: {'line': b'-- Up-to-date symlink: /home/carlos/ros2_ws/install/px4_msgs/share/px4_msgs/msg/VehicleAngularAccelerationSetpoint.json\n'}
[2.454252] (px4_msgs) StdoutLine: {'line': b'-- Up-to-date symlink: /home/carlos/ros2_ws/install/px4_msgs/share/px4_msgs/msg/VehicleAngularVelocity.json\n'}
[2.454420] (px4_msgs) StdoutLine: {'line': b'-- Up-to-date symlink: /home/carlos/ros2_ws/install/px4_msgs/share/px4_msgs/msg/VehicleAttitude.json\n'}
[2.454579] (px4_msgs) StdoutLine: {'line': b'-- Up-to-date symlink: /home/carlos/ros2_ws/install/px4_msgs/share/px4_msgs/msg/VehicleAttitudeSetpoint.json\n'}
[2.454737] (px4_msgs) StdoutLine: {'line': b'-- Up-to-date symlink: /home/carlos/ros2_ws/install/px4_msgs/share/px4_msgs/msg/VehicleCommand.json\n'}
[2.454896] (px4_msgs) StdoutLine: {'line': b'-- Up-to-date symlink: /home/carlos/ros2_ws/install/px4_msgs/share/px4_msgs/msg/VehicleCommandAck.json\n'}
[2.455056] (px4_msgs) StdoutLine: {'line': b'-- Up-to-date symlink: /home/carlos/ros2_ws/install/px4_msgs/share/px4_msgs/msg/VehicleConstraints.json\n'}
[2.455215] (px4_msgs) StdoutLine: {'line': b'-- Up-to-date symlink: /home/carlos/ros2_ws/install/px4_msgs/share/px4_msgs/msg/VehicleControlMode.json\n'}
[2.455393] (px4_msgs) StdoutLine: {'line': b'-- Up-to-date symlink: /home/carlos/ros2_ws/install/px4_msgs/share/px4_msgs/msg/VehicleGlobalPosition.json\n'}
[2.455554] (px4_msgs) StdoutLine: {'line': b'-- Up-to-date symlink: /home/carlos/ros2_ws/install/px4_msgs/share/px4_msgs/msg/VehicleImu.json\n'}
[2.455713] (px4_msgs) StdoutLine: {'line': b'-- Up-to-date symlink: /home/carlos/ros2_ws/install/px4_msgs/share/px4_msgs/msg/VehicleImuStatus.json\n'}
[2.455867] (px4_msgs) StdoutLine: {'line': b'-- Up-to-date symlink: /home/carlos/ros2_ws/install/px4_msgs/share/px4_msgs/msg/VehicleLandDetected.json\n'}
[2.456025] (px4_msgs) StdoutLine: {'line': b'-- Up-to-date symlink: /home/carlos/ros2_ws/install/px4_msgs/share/px4_msgs/msg/VehicleLocalPosition.json\n'}
[2.456184] (px4_msgs) StdoutLine: {'line': b'-- Up-to-date symlink: /home/carlos/ros2_ws/install/px4_msgs/share/px4_msgs/msg/VehicleLocalPositionSetpoint.json\n'}
[2.456351] (px4_msgs) StdoutLine: {'line': b'-- Up-to-date symlink: /home/carlos/ros2_ws/install/px4_msgs/share/px4_msgs/msg/VehicleMagnetometer.json\n'}
[2.456521] (px4_msgs) StdoutLine: {'line': b'-- Up-to-date symlink: /home/carlos/ros2_ws/install/px4_msgs/share/px4_msgs/msg/VehicleOdometry.json\n'}
[2.456680] (px4_msgs) StdoutLine: {'line': b'-- Up-to-date symlink: /home/carlos/ros2_ws/install/px4_msgs/share/px4_msgs/msg/VehicleOpticalFlow.json\n'}
[2.456839] (px4_msgs) StdoutLine: {'line': b'-- Up-to-date symlink: /home/carlos/ros2_ws/install/px4_msgs/share/px4_msgs/msg/VehicleOpticalFlowVel.json\n'}
[2.457000] (px4_msgs) StdoutLine: {'line': b'-- Up-to-date symlink: /home/carlos/ros2_ws/install/px4_msgs/share/px4_msgs/msg/VehicleRatesSetpoint.json\n'}
[2.457167] (px4_msgs) StdoutLine: {'line': b'-- Up-to-date symlink: /home/carlos/ros2_ws/install/px4_msgs/share/px4_msgs/msg/VehicleRoi.json\n'}
[2.457340] (px4_msgs) StdoutLine: {'line': b'-- Up-to-date symlink: /home/carlos/ros2_ws/install/px4_msgs/share/px4_msgs/msg/VehicleStatus.json\n'}
[2.457507] (px4_msgs) StdoutLine: {'line': b'-- Up-to-date symlink: /home/carlos/ros2_ws/install/px4_msgs/share/px4_msgs/msg/VehicleThrustSetpoint.json\n'}
[2.457668] (px4_msgs) StdoutLine: {'line': b'-- Up-to-date symlink: /home/carlos/ros2_ws/install/px4_msgs/share/px4_msgs/msg/VehicleTorqueSetpoint.json\n'}
[2.457827] (px4_msgs) StdoutLine: {'line': b'-- Up-to-date symlink: /home/carlos/ros2_ws/install/px4_msgs/share/px4_msgs/msg/VelocityLimits.json\n'}
[2.457984] (px4_msgs) StdoutLine: {'line': b'-- Up-to-date symlink: /home/carlos/ros2_ws/install/px4_msgs/share/px4_msgs/msg/VtolVehicleStatus.json\n'}
[2.458151] (px4_msgs) StdoutLine: {'line': b'-- Up-to-date symlink: /home/carlos/ros2_ws/install/px4_msgs/share/px4_msgs/msg/WheelEncoders.json\n'}
[2.458339] (px4_msgs) StdoutLine: {'line': b'-- Up-to-date symlink: /home/carlos/ros2_ws/install/px4_msgs/share/px4_msgs/msg/Wind.json\n'}
[2.458574] (px4_msgs) StdoutLine: {'line': b'-- Up-to-date symlink: /home/carlos/ros2_ws/install/px4_msgs/share/px4_msgs/msg/YawEstimatorStatus.json\n'}
[2.458737] (px4_msgs) StdoutLine: {'line': b'-- Up-to-date symlink: /home/carlos/ros2_ws/install/px4_msgs/share/px4_msgs/srv/VehicleCommand.json\n'}
[2.469389] (px4_msgs) StdoutLine: {'line': b'-- Up-to-date symlink: /home/carlos/ros2_ws/install/px4_msgs/include/px4_msgs/px4_msgs/msg/action_request.h\n'}
[2.469640] (px4_msgs) StdoutLine: {'line': b'-- Up-to-date symlink: /home/carlos/ros2_ws/install/px4_msgs/include/px4_msgs/px4_msgs/msg/actuator_armed.h\n'}
[2.469777] (px4_msgs) StdoutLine: {'line': b'-- Up-to-date symlink: /home/carlos/ros2_ws/install/px4_msgs/include/px4_msgs/px4_msgs/msg/actuator_controls_status.h\n'}
[2.469896] (px4_msgs) StdoutLine: {'line': b'-- Up-to-date symlink: /home/carlos/ros2_ws/install/px4_msgs/include/px4_msgs/px4_msgs/msg/actuator_motors.h\n'}
[2.470000] (px4_msgs) StdoutLine: {'line': b'-- Up-to-date symlink: /home/carlos/ros2_ws/install/px4_msgs/include/px4_msgs/px4_msgs/msg/actuator_outputs.h\n'}
[2.470106] (px4_msgs) StdoutLine: {'line': b'-- Up-to-date symlink: /home/carlos/ros2_ws/install/px4_msgs/include/px4_msgs/px4_msgs/msg/actuator_servos.h\n'}
[2.470295] (px4_msgs) StdoutLine: {'line': b'-- Up-to-date symlink: /home/carlos/ros2_ws/install/px4_msgs/include/px4_msgs/px4_msgs/msg/actuator_servos_trim.h\n'}
[2.470578] (px4_msgs) StdoutLine: {'line': b'-- Up-to-date symlink: /home/carlos/ros2_ws/install/px4_msgs/include/px4_msgs/px4_msgs/msg/actuator_test.h\n'}
[2.470707] (px4_msgs) StdoutLine: {'line': b'-- Up-to-date symlink: /home/carlos/ros2_ws/install/px4_msgs/include/px4_msgs/px4_msgs/msg/adc_report.h\n'}
[2.470817] (px4_msgs) StdoutLine: {'line': b'-- Up-to-date symlink: /home/carlos/ros2_ws/install/px4_msgs/include/px4_msgs/px4_msgs/msg/airspeed.h\n'}
[2.470945] (px4_msgs) StdoutLine: {'line': b'-- Up-to-date symlink: /home/carlos/ros2_ws/install/px4_msgs/include/px4_msgs/px4_msgs/msg/airspeed_validated.h\n'}
[2.471085] (px4_msgs) StdoutLine: {'line': b'-- Up-to-date symlink: /home/carlos/ros2_ws/install/px4_msgs/include/px4_msgs/px4_msgs/msg/airspeed_wind.h\n'}
[2.471185] (px4_msgs) StdoutLine: {'line': b'-- Up-to-date symlink: /home/carlos/ros2_ws/install/px4_msgs/include/px4_msgs/px4_msgs/msg/arming_check_reply.h\n'}
[2.471295] (px4_msgs) StdoutLine: {'line': b'-- Up-to-date symlink: /home/carlos/ros2_ws/install/px4_msgs/include/px4_msgs/px4_msgs/msg/arming_check_request.h\n'}
[2.471436] (px4_msgs) StdoutLine: {'line': b'-- Up-to-date symlink: /home/carlos/ros2_ws/install/px4_msgs/include/px4_msgs/px4_msgs/msg/autotune_attitude_control_status.h\n'}
[2.471496] (px4_msgs) StdoutLine: {'line': b'-- Up-to-date symlink: /home/carlos/ros2_ws/install/px4_msgs/include/px4_msgs/px4_msgs/msg/battery_info.h\n'}
[2.471546] (px4_msgs) StdoutLine: {'line': b'-- Up-to-date symlink: /home/carlos/ros2_ws/install/px4_msgs/include/px4_msgs/px4_msgs/msg/battery_status.h\n'}
[2.471593] (px4_msgs) StdoutLine: {'line': b'-- Up-to-date symlink: /home/carlos/ros2_ws/install/px4_msgs/include/px4_msgs/px4_msgs/msg/button_event.h\n'}
[2.471639] (px4_msgs) StdoutLine: {'line': b'-- Up-to-date symlink: /home/carlos/ros2_ws/install/px4_msgs/include/px4_msgs/px4_msgs/msg/camera_capture.h\n'}
[2.471681] (px4_msgs) StdoutLine: {'line': b'-- Up-to-date symlink: /home/carlos/ros2_ws/install/px4_msgs/include/px4_msgs/px4_msgs/msg/camera_status.h\n'}
[2.471725] (px4_msgs) StdoutLine: {'line': b'-- Up-to-date symlink: /home/carlos/ros2_ws/install/px4_msgs/include/px4_msgs/px4_msgs/msg/camera_trigger.h\n'}
[2.471766] (px4_msgs) StdoutLine: {'line': b'-- Up-to-date symlink: /home/carlos/ros2_ws/install/px4_msgs/include/px4_msgs/px4_msgs/msg/can_interface_status.h\n'}
[2.471811] (px4_msgs) StdoutLine: {'line': b'-- Up-to-date symlink: /home/carlos/ros2_ws/install/px4_msgs/include/px4_msgs/px4_msgs/msg/cellular_status.h\n'}
[2.471852] (px4_msgs) StdoutLine: {'line': b'-- Up-to-date symlink: /home/carlos/ros2_ws/install/px4_msgs/include/px4_msgs/px4_msgs/msg/collision_constraints.h\n'}
[2.471897] (px4_msgs) StdoutLine: {'line': b'-- Up-to-date symlink: /home/carlos/ros2_ws/install/px4_msgs/include/px4_msgs/px4_msgs/msg/config_overrides.h\n'}
[2.471937] (px4_msgs) StdoutLine: {'line': b'-- Up-to-date symlink: /home/carlos/ros2_ws/install/px4_msgs/include/px4_msgs/px4_msgs/msg/control_allocator_status.h\n'}
[2.471981] (px4_msgs) StdoutLine: {'line': b'-- Up-to-date symlink: /home/carlos/ros2_ws/install/px4_msgs/include/px4_msgs/px4_msgs/msg/cpuload.h\n'}
[2.472025] (px4_msgs) StdoutLine: {'line': b'-- Up-to-date symlink: /home/carlos/ros2_ws/install/px4_msgs/include/px4_msgs/px4_msgs/msg/dataman_request.h\n'}
[2.472077] (px4_msgs) StdoutLine: {'line': b'-- Up-to-date symlink: /home/carlos/ros2_ws/install/px4_msgs/include/px4_msgs/px4_msgs/msg/dataman_response.h\n'}
[2.472210] (px4_msgs) StdoutLine: {'line': b'-- Up-to-date symlink: /home/carlos/ros2_ws/install/px4_msgs/include/px4_msgs/px4_msgs/msg/debug_array.h\n'}
[2.472286] (px4_msgs) StdoutLine: {'line': b'-- Up-to-date symlink: /home/carlos/ros2_ws/install/px4_msgs/include/px4_msgs/px4_msgs/msg/debug_key_value.h\n'}
[2.472375] (px4_msgs) StdoutLine: {'line': b'-- Up-to-date symlink: /home/carlos/ros2_ws/install/px4_msgs/include/px4_msgs/px4_msgs/msg/debug_value.h\n'}
[2.472431] (px4_msgs) StdoutLine: {'line': b'-- Up-to-date symlink: /home/carlos/ros2_ws/install/px4_msgs/include/px4_msgs/px4_msgs/msg/debug_vect.h\n'}
[2.472474] (px4_msgs) StdoutLine: {'line': b'-- Up-to-date symlink: /home/carlos/ros2_ws/install/px4_msgs/include/px4_msgs/px4_msgs/msg/detail/action_request__functions.h\n'}
[2.472528] (px4_msgs) StdoutLine: {'line': b'-- Up-to-date symlink: /home/carlos/ros2_ws/install/px4_msgs/include/px4_msgs/px4_msgs/msg/detail/action_request__struct.h\n'}
[2.472584] (px4_msgs) StdoutLine: {'line': b'-- Up-to-date symlink: /home/carlos/ros2_ws/install/px4_msgs/include/px4_msgs/px4_msgs/msg/detail/action_request__type_support.h\n'}
[2.472642] (px4_msgs) StdoutLine: {'line': b'-- Up-to-date symlink: /home/carlos/ros2_ws/install/px4_msgs/include/px4_msgs/px4_msgs/msg/detail/actuator_armed__functions.h\n'}
[2.472710] (px4_msgs) StdoutLine: {'line': b'-- Up-to-date symlink: /home/carlos/ros2_ws/install/px4_msgs/include/px4_msgs/px4_msgs/msg/detail/actuator_armed__struct.h\n'}
[2.472772] (px4_msgs) StdoutLine: {'line': b'-- Up-to-date symlink: /home/carlos/ros2_ws/install/px4_msgs/include/px4_msgs/px4_msgs/msg/detail/actuator_armed__type_support.h\n'}
[2.472816] (px4_msgs) StdoutLine: {'line': b'-- Up-to-date symlink: /home/carlos/ros2_ws/install/px4_msgs/include/px4_msgs/px4_msgs/msg/detail/actuator_controls_status__functions.h\n'}
[2.472870] (px4_msgs) StdoutLine: {'line': b'-- Up-to-date symlink: /home/carlos/ros2_ws/install/px4_msgs/include/px4_msgs/px4_msgs/msg/detail/actuator_controls_status__struct.h\n'}
[2.472912] (px4_msgs) StdoutLine: {'line': b'-- Up-to-date symlink: /home/carlos/ros2_ws/install/px4_msgs/include/px4_msgs/px4_msgs/msg/detail/actuator_controls_status__type_support.h\n'}
[2.472963] (px4_msgs) StdoutLine: {'line': b'-- Up-to-date symlink: /home/carlos/ros2_ws/install/px4_msgs/include/px4_msgs/px4_msgs/msg/detail/actuator_motors__functions.h\n'}
[2.473027] (px4_msgs) StdoutLine: {'line': b'-- Up-to-date symlink: /home/carlos/ros2_ws/install/px4_msgs/include/px4_msgs/px4_msgs/msg/detail/actuator_motors__struct.h\n'}
[2.473068] (px4_msgs) StdoutLine: {'line': b'-- Up-to-date symlink: /home/carlos/ros2_ws/install/px4_msgs/include/px4_msgs/px4_msgs/msg/detail/actuator_motors__type_support.h\n'}
[2.473121] (px4_msgs) StdoutLine: {'line': b'-- Up-to-date symlink: /home/carlos/ros2_ws/install/px4_msgs/include/px4_msgs/px4_msgs/msg/detail/actuator_outputs__functions.h\n'}
[2.473183] (px4_msgs) StdoutLine: {'line': b'-- Up-to-date symlink: /home/carlos/ros2_ws/install/px4_msgs/include/px4_msgs/px4_msgs/msg/detail/actuator_outputs__struct.h\n'}
[2.473225] (px4_msgs) StdoutLine: {'line': b'-- Up-to-date symlink: /home/carlos/ros2_ws/install/px4_msgs/include/px4_msgs/px4_msgs/msg/detail/actuator_outputs__type_support.h\n'}
[2.473266] (px4_msgs) StdoutLine: {'line': b'-- Up-to-date symlink: /home/carlos/ros2_ws/install/px4_msgs/include/px4_msgs/px4_msgs/msg/detail/actuator_servos__functions.h\n'}
[2.473309] (px4_msgs) StdoutLine: {'line': b'-- Up-to-date symlink: /home/carlos/ros2_ws/install/px4_msgs/include/px4_msgs/px4_msgs/msg/detail/actuator_servos__struct.h\n'}
[2.473377] (px4_msgs) StdoutLine: {'line': b'-- Up-to-date symlink: /home/carlos/ros2_ws/install/px4_msgs/include/px4_msgs/px4_msgs/msg/detail/actuator_servos__type_support.h\n'}
[2.473430] (px4_msgs) StdoutLine: {'line': b'-- Up-to-date symlink: /home/carlos/ros2_ws/install/px4_msgs/include/px4_msgs/px4_msgs/msg/detail/actuator_servos_trim__functions.h\n'}
[2.473487] (px4_msgs) StdoutLine: {'line': b'-- Up-to-date symlink: /home/carlos/ros2_ws/install/px4_msgs/include/px4_msgs/px4_msgs/msg/detail/actuator_servos_trim__struct.h\n'}
[2.473546] (px4_msgs) StdoutLine: {'line': b'-- Up-to-date symlink: /home/carlos/ros2_ws/install/px4_msgs/include/px4_msgs/px4_msgs/msg/detail/actuator_servos_trim__type_support.h\n'}
[2.473661] (px4_msgs) StdoutLine: {'line': b'-- Up-to-date symlink: /home/carlos/ros2_ws/install/px4_msgs/include/px4_msgs/px4_msgs/msg/detail/actuator_test__functions.h\n'}
[2.473750] (px4_msgs) StdoutLine: {'line': b'-- Up-to-date symlink: /home/carlos/ros2_ws/install/px4_msgs/include/px4_msgs/px4_msgs/msg/detail/actuator_test__struct.h\n'}
[2.473833] (px4_msgs) StdoutLine: {'line': b'-- Up-to-date symlink: /home/carlos/ros2_ws/install/px4_msgs/include/px4_msgs/px4_msgs/msg/detail/actuator_test__type_support.h\n'}
[2.473944] (px4_msgs) StdoutLine: {'line': b'-- Up-to-date symlink: /home/carlos/ros2_ws/install/px4_msgs/include/px4_msgs/px4_msgs/msg/detail/adc_report__functions.h\n'}
[2.474028] (px4_msgs) StdoutLine: {'line': b'-- Up-to-date symlink: /home/carlos/ros2_ws/install/px4_msgs/include/px4_msgs/px4_msgs/msg/detail/adc_report__struct.h\n'}
[2.474109] (px4_msgs) StdoutLine: {'line': b'-- Up-to-date symlink: /home/carlos/ros2_ws/install/px4_msgs/include/px4_msgs/px4_msgs/msg/detail/adc_report__type_support.h\n'}
[2.474173] (px4_msgs) StdoutLine: {'line': b'-- Up-to-date symlink: /home/carlos/ros2_ws/install/px4_msgs/include/px4_msgs/px4_msgs/msg/detail/airspeed__functions.h\n'}
[2.474253] (px4_msgs) StdoutLine: {'line': b'-- Up-to-date symlink: /home/carlos/ros2_ws/install/px4_msgs/include/px4_msgs/px4_msgs/msg/detail/airspeed__struct.h\n'}
[2.474340] (px4_msgs) StdoutLine: {'line': b'-- Up-to-date symlink: /home/carlos/ros2_ws/install/px4_msgs/include/px4_msgs/px4_msgs/msg/detail/airspeed__type_support.h\n'}
[2.474426] (px4_msgs) StdoutLine: {'line': b'-- Up-to-date symlink: /home/carlos/ros2_ws/install/px4_msgs/include/px4_msgs/px4_msgs/msg/detail/airspeed_validated__functions.h\n'}
[2.474507] (px4_msgs) StdoutLine: {'line': b'-- Up-to-date symlink: /home/carlos/ros2_ws/install/px4_msgs/include/px4_msgs/px4_msgs/msg/detail/airspeed_validated__struct.h\n'}
[2.474589] (px4_msgs) StdoutLine: {'line': b'-- Up-to-date symlink: /home/carlos/ros2_ws/install/px4_msgs/include/px4_msgs/px4_msgs/msg/detail/airspeed_validated__type_support.h\n'}
[2.474670] (px4_msgs) StdoutLine: {'line': b'-- Up-to-date symlink: /home/carlos/ros2_ws/install/px4_msgs/include/px4_msgs/px4_msgs/msg/detail/airspeed_wind__functions.h\n'}
[2.474751] (px4_msgs) StdoutLine: {'line': b'-- Up-to-date symlink: /home/carlos/ros2_ws/install/px4_msgs/include/px4_msgs/px4_msgs/msg/detail/airspeed_wind__struct.h\n'}
[2.474832] (px4_msgs) StdoutLine: {'line': b'-- Up-to-date symlink: /home/carlos/ros2_ws/install/px4_msgs/include/px4_msgs/px4_msgs/msg/detail/airspeed_wind__type_support.h\n'}
[2.474914] (px4_msgs) StdoutLine: {'line': b'-- Up-to-date symlink: /home/carlos/ros2_ws/install/px4_msgs/include/px4_msgs/px4_msgs/msg/detail/arming_check_reply__functions.h\n'}
[2.474996] (px4_msgs) StdoutLine: {'line': b'-- Up-to-date symlink: /home/carlos/ros2_ws/install/px4_msgs/include/px4_msgs/px4_msgs/msg/detail/arming_check_reply__struct.h\n'}
[2.475076] (px4_msgs) StdoutLine: {'line': b'-- Up-to-date symlink: /home/carlos/ros2_ws/install/px4_msgs/include/px4_msgs/px4_msgs/msg/detail/arming_check_reply__type_support.h\n'}
[2.475158] (px4_msgs) StdoutLine: {'line': b'-- Up-to-date symlink: /home/carlos/ros2_ws/install/px4_msgs/include/px4_msgs/px4_msgs/msg/detail/arming_check_request__functions.h\n'}
[2.475241] (px4_msgs) StdoutLine: {'line': b'-- Up-to-date symlink: /home/carlos/ros2_ws/install/px4_msgs/include/px4_msgs/px4_msgs/msg/detail/arming_check_request__struct.h\n'}
[2.475324] (px4_msgs) StdoutLine: {'line': b'-- Up-to-date symlink: /home/carlos/ros2_ws/install/px4_msgs/include/px4_msgs/px4_msgs/msg/detail/arming_check_request__type_support.h\n'}
[2.475419] (px4_msgs) StdoutLine: {'line': b'-- Up-to-date symlink: /home/carlos/ros2_ws/install/px4_msgs/include/px4_msgs/px4_msgs/msg/detail/autotune_attitude_control_status__functions.h\n'}
[2.475496] (px4_msgs) StdoutLine: {'line': b'-- Up-to-date symlink: /home/carlos/ros2_ws/install/px4_msgs/include/px4_msgs/px4_msgs/msg/detail/autotune_attitude_control_status__struct.h\n'}
[2.475578] (px4_msgs) StdoutLine: {'line': b'-- Up-to-date symlink: /home/carlos/ros2_ws/install/px4_msgs/include/px4_msgs/px4_msgs/msg/detail/autotune_attitude_control_status__type_support.h\n'}
[2.475666] (px4_msgs) StdoutLine: {'line': b'-- Up-to-date symlink: /home/carlos/ros2_ws/install/px4_msgs/include/px4_msgs/px4_msgs/msg/detail/battery_info__functions.h\n'}
[2.475747] (px4_msgs) StdoutLine: {'line': b'-- Up-to-date symlink: /home/carlos/ros2_ws/install/px4_msgs/include/px4_msgs/px4_msgs/msg/detail/battery_info__struct.h\n'}
[2.475827] (px4_msgs) StdoutLine: {'line': b'-- Up-to-date symlink: /home/carlos/ros2_ws/install/px4_msgs/include/px4_msgs/px4_msgs/msg/detail/battery_info__type_support.h\n'}
[2.475908] (px4_msgs) StdoutLine: {'line': b'-- Up-to-date symlink: /home/carlos/ros2_ws/install/px4_msgs/include/px4_msgs/px4_msgs/msg/detail/battery_status__functions.h\n'}
[2.475990] (px4_msgs) StdoutLine: {'line': b'-- Up-to-date symlink: /home/carlos/ros2_ws/install/px4_msgs/include/px4_msgs/px4_msgs/msg/detail/battery_status__struct.h\n'}
[2.476071] (px4_msgs) StdoutLine: {'line': b'-- Up-to-date symlink: /home/carlos/ros2_ws/install/px4_msgs/include/px4_msgs/px4_msgs/msg/detail/battery_status__type_support.h\n'}
[2.476152] (px4_msgs) StdoutLine: {'line': b'-- Up-to-date symlink: /home/carlos/ros2_ws/install/px4_msgs/include/px4_msgs/px4_msgs/msg/detail/button_event__functions.h\n'}
[2.476232] (px4_msgs) StdoutLine: {'line': b'-- Up-to-date symlink: /home/carlos/ros2_ws/install/px4_msgs/include/px4_msgs/px4_msgs/msg/detail/button_event__struct.h\n'}
[2.476316] (px4_msgs) StdoutLine: {'line': b'-- Up-to-date symlink: /home/carlos/ros2_ws/install/px4_msgs/include/px4_msgs/px4_msgs/msg/detail/button_event__type_support.h\n'}
[2.476404] (px4_msgs) StdoutLine: {'line': b'-- Up-to-date symlink: /home/carlos/ros2_ws/install/px4_msgs/include/px4_msgs/px4_msgs/msg/detail/camera_capture__functions.h\n'}
[2.476484] (px4_msgs) StdoutLine: {'line': b'-- Up-to-date symlink: /home/carlos/ros2_ws/install/px4_msgs/include/px4_msgs/px4_msgs/msg/detail/camera_capture__struct.h\n'}
[2.476565] (px4_msgs) StdoutLine: {'line': b'-- Up-to-date symlink: /home/carlos/ros2_ws/install/px4_msgs/include/px4_msgs/px4_msgs/msg/detail/camera_capture__type_support.h\n'}
[2.476646] (px4_msgs) StdoutLine: {'line': b'-- Up-to-date symlink: /home/carlos/ros2_ws/install/px4_msgs/include/px4_msgs/px4_msgs/msg/detail/camera_status__functions.h\n'}
[2.476726] (px4_msgs) StdoutLine: {'line': b'-- Up-to-date symlink: /home/carlos/ros2_ws/install/px4_msgs/include/px4_msgs/px4_msgs/msg/detail/camera_status__struct.h\n'}
[2.476808] (px4_msgs) StdoutLine: {'line': b'-- Up-to-date symlink: /home/carlos/ros2_ws/install/px4_msgs/include/px4_msgs/px4_msgs/msg/detail/camera_status__type_support.h\n'}
[2.476882] (px4_msgs) StdoutLine: {'line': b'-- Up-to-date symlink: /home/carlos/ros2_ws/install/px4_msgs/include/px4_msgs/px4_msgs/msg/detail/camera_trigger__functions.h\n'}
[2.476963] (px4_msgs) StdoutLine: {'line': b'-- Up-to-date symlink: /home/carlos/ros2_ws/install/px4_msgs/include/px4_msgs/px4_msgs/msg/detail/camera_trigger__struct.h\n'}
[2.477044] (px4_msgs) StdoutLine: {'line': b'-- Up-to-date symlink: /home/carlos/ros2_ws/install/px4_msgs/include/px4_msgs/px4_msgs/msg/detail/camera_trigger__type_support.h\n'}
[2.477125] (px4_msgs) StdoutLine: {'line': b'-- Up-to-date symlink: /home/carlos/ros2_ws/install/px4_msgs/include/px4_msgs/px4_msgs/msg/detail/can_interface_status__functions.h\n'}
[2.477206] (px4_msgs) StdoutLine: {'line': b'-- Up-to-date symlink: /home/carlos/ros2_ws/install/px4_msgs/include/px4_msgs/px4_msgs/msg/detail/can_interface_status__struct.h\n'}
[2.477338] (px4_msgs) StdoutLine: {'line': b'-- Up-to-date symlink: /home/carlos/ros2_ws/install/px4_msgs/include/px4_msgs/px4_msgs/msg/detail/can_interface_status__type_support.h\n'}
[2.477525] (px4_msgs) StdoutLine: {'line': b'-- Up-to-date symlink: /home/carlos/ros2_ws/install/px4_msgs/include/px4_msgs/px4_msgs/msg/detail/cellular_status__functions.h\n'}
[2.477673] (px4_msgs) StdoutLine: {'line': b'-- Up-to-date symlink: /home/carlos/ros2_ws/install/px4_msgs/include/px4_msgs/px4_msgs/msg/detail/cellular_status__struct.h\n'}
[2.477863] (px4_msgs) StdoutLine: {'line': b'-- Up-to-date symlink: /home/carlos/ros2_ws/install/px4_msgs/include/px4_msgs/px4_msgs/msg/detail/cellular_status__type_support.h\n'}
[2.477992] (px4_msgs) StdoutLine: {'line': b'-- Up-to-date symlink: /home/carlos/ros2_ws/install/px4_msgs/include/px4_msgs/px4_msgs/msg/detail/collision_constraints__functions.h\n'}
[2.478078] (px4_msgs) StdoutLine: {'line': b'-- Up-to-date symlink: /home/carlos/ros2_ws/install/px4_msgs/include/px4_msgs/px4_msgs/msg/detail/collision_constraints__struct.h\n'}
[2.478202] (px4_msgs) StdoutLine: {'line': b'-- Up-to-date symlink: /home/carlos/ros2_ws/install/px4_msgs/include/px4_msgs/px4_msgs/msg/detail/collision_constraints__type_support.h\n'}
[2.478247] (px4_msgs) StdoutLine: {'line': b'-- Up-to-date symlink: /home/carlos/ros2_ws/install/px4_msgs/include/px4_msgs/px4_msgs/msg/detail/config_overrides__functions.h\n'}
[2.478303] (px4_msgs) StdoutLine: {'line': b'-- Up-to-date symlink: /home/carlos/ros2_ws/install/px4_msgs/include/px4_msgs/px4_msgs/msg/detail/config_overrides__struct.h\n'}
[2.478446] (px4_msgs) StdoutLine: {'line': b'-- Up-to-date symlink: /home/carlos/ros2_ws/install/px4_msgs/include/px4_msgs/px4_msgs/msg/detail/config_overrides__type_support.h\n'}
[2.478532] (px4_msgs) StdoutLine: {'line': b'-- Up-to-date symlink: /home/carlos/ros2_ws/install/px4_msgs/include/px4_msgs/px4_msgs/msg/detail/control_allocator_status__functions.h\n'}
[2.478664] (px4_msgs) StdoutLine: {'line': b'-- Up-to-date symlink: /home/carlos/ros2_ws/install/px4_msgs/include/px4_msgs/px4_msgs/msg/detail/control_allocator_status__struct.h\n'}
[2.478725] (px4_msgs) StdoutLine: {'line': b'-- Up-to-date symlink: /home/carlos/ros2_ws/install/px4_msgs/include/px4_msgs/px4_msgs/msg/detail/control_allocator_status__type_support.h\n'}
[2.478781] (px4_msgs) StdoutLine: {'line': b'-- Up-to-date symlink: /home/carlos/ros2_ws/install/px4_msgs/include/px4_msgs/px4_msgs/msg/detail/cpuload__functions.h\n'}
[2.478833] (px4_msgs) StdoutLine: {'line': b'-- Up-to-date symlink: /home/carlos/ros2_ws/install/px4_msgs/include/px4_msgs/px4_msgs/msg/detail/cpuload__struct.h\n'}
[2.478942] (px4_msgs) StdoutLine: {'line': b'-- Up-to-date symlink: /home/carlos/ros2_ws/install/px4_msgs/include/px4_msgs/px4_msgs/msg/detail/cpuload__type_support.h\n'}
[2.478997] (px4_msgs) StdoutLine: {'line': b'-- Up-to-date symlink: /home/carlos/ros2_ws/install/px4_msgs/include/px4_msgs/px4_msgs/msg/detail/dataman_request__functions.h\n'}
[2.479069] (px4_msgs) StdoutLine: {'line': b'-- Up-to-date symlink: /home/carlos/ros2_ws/install/px4_msgs/include/px4_msgs/px4_msgs/msg/detail/dataman_request__struct.h\n'}
[2.479112] (px4_msgs) StdoutLine: {'line': b'-- Up-to-date symlink: /home/carlos/ros2_ws/install/px4_msgs/include/px4_msgs/px4_msgs/msg/detail/dataman_request__type_support.h\n'}
[2.479152] (px4_msgs) StdoutLine: {'line': b'-- Up-to-date symlink: /home/carlos/ros2_ws/install/px4_msgs/include/px4_msgs/px4_msgs/msg/detail/dataman_response__functions.h\n'}
[2.479220] (px4_msgs) StdoutLine: {'line': b'-- Up-to-date symlink: /home/carlos/ros2_ws/install/px4_msgs/include/px4_msgs/px4_msgs/msg/detail/dataman_response__struct.h\n'}
[2.479263] (px4_msgs) StdoutLine: {'line': b'-- Up-to-date symlink: /home/carlos/ros2_ws/install/px4_msgs/include/px4_msgs/px4_msgs/msg/detail/dataman_response__type_support.h\n'}
[2.479335] (px4_msgs) StdoutLine: {'line': b'-- Up-to-date symlink: /home/carlos/ros2_ws/install/px4_msgs/include/px4_msgs/px4_msgs/msg/detail/debug_array__functions.h\n'}
[2.479391] (px4_msgs) StdoutLine: {'line': b'-- Up-to-date symlink: /home/carlos/ros2_ws/install/px4_msgs/include/px4_msgs/px4_msgs/msg/detail/debug_array__struct.h\n'}
[2.479446] (px4_msgs) StdoutLine: {'line': b'-- Up-to-date symlink: /home/carlos/ros2_ws/install/px4_msgs/include/px4_msgs/px4_msgs/msg/detail/debug_array__type_support.h\n'}
[2.479506] (px4_msgs) StdoutLine: {'line': b'-- Up-to-date symlink: /home/carlos/ros2_ws/install/px4_msgs/include/px4_msgs/px4_msgs/msg/detail/debug_key_value__functions.h\n'}
[2.479578] (px4_msgs) StdoutLine: {'line': b'-- Up-to-date symlink: /home/carlos/ros2_ws/install/px4_msgs/include/px4_msgs/px4_msgs/msg/detail/debug_key_value__struct.h\n'}
[2.479659] (px4_msgs) StdoutLine: {'line': b'-- Up-to-date symlink: /home/carlos/ros2_ws/install/px4_msgs/include/px4_msgs/px4_msgs/msg/detail/debug_key_value__type_support.h\n'}
[2.479741] (px4_msgs) StdoutLine: {'line': b'-- Up-to-date symlink: /home/carlos/ros2_ws/install/px4_msgs/include/px4_msgs/px4_msgs/msg/detail/debug_value__functions.h\n'}
[2.479822] (px4_msgs) StdoutLine: {'line': b'-- Up-to-date symlink: /home/carlos/ros2_ws/install/px4_msgs/include/px4_msgs/px4_msgs/msg/detail/debug_value__struct.h\n'}
[2.479904] (px4_msgs) StdoutLine: {'line': b'-- Up-to-date symlink: /home/carlos/ros2_ws/install/px4_msgs/include/px4_msgs/px4_msgs/msg/detail/debug_value__type_support.h\n'}
[2.479985] (px4_msgs) StdoutLine: {'line': b'-- Up-to-date symlink: /home/carlos/ros2_ws/install/px4_msgs/include/px4_msgs/px4_msgs/msg/detail/debug_vect__functions.h\n'}
[2.480066] (px4_msgs) StdoutLine: {'line': b'-- Up-to-date symlink: /home/carlos/ros2_ws/install/px4_msgs/include/px4_msgs/px4_msgs/msg/detail/debug_vect__struct.h\n'}
[2.480147] (px4_msgs) StdoutLine: {'line': b'-- Up-to-date symlink: /home/carlos/ros2_ws/install/px4_msgs/include/px4_msgs/px4_msgs/msg/detail/debug_vect__type_support.h\n'}
[2.480229] (px4_msgs) StdoutLine: {'line': b'-- Up-to-date symlink: /home/carlos/ros2_ws/install/px4_msgs/include/px4_msgs/px4_msgs/msg/detail/differential_pressure__functions.h\n'}
[2.480323] (px4_msgs) StdoutLine: {'line': b'-- Up-to-date symlink: /home/carlos/ros2_ws/install/px4_msgs/include/px4_msgs/px4_msgs/msg/detail/differential_pressure__struct.h\n'}
[2.480427] (px4_msgs) StdoutLine: {'line': b'-- Up-to-date symlink: /home/carlos/ros2_ws/install/px4_msgs/include/px4_msgs/px4_msgs/msg/detail/differential_pressure__type_support.h\n'}
[2.480509] (px4_msgs) StdoutLine: {'line': b'-- Up-to-date symlink: /home/carlos/ros2_ws/install/px4_msgs/include/px4_msgs/px4_msgs/msg/detail/distance_sensor__functions.h\n'}
[2.480590] (px4_msgs) StdoutLine: {'line': b'-- Up-to-date symlink: /home/carlos/ros2_ws/install/px4_msgs/include/px4_msgs/px4_msgs/msg/detail/distance_sensor__struct.h\n'}
[2.480672] (px4_msgs) StdoutLine: {'line': b'-- Up-to-date symlink: /home/carlos/ros2_ws/install/px4_msgs/include/px4_msgs/px4_msgs/msg/detail/distance_sensor__type_support.h\n'}
[2.480755] (px4_msgs) StdoutLine: {'line': b'-- Up-to-date symlink: /home/carlos/ros2_ws/install/px4_msgs/include/px4_msgs/px4_msgs/msg/detail/distance_sensor_mode_change_request__functions.h\n'}
[2.480842] (px4_msgs) StdoutLine: {'line': b'-- Up-to-date symlink: /home/carlos/ros2_ws/install/px4_msgs/include/px4_msgs/px4_msgs/msg/detail/distance_sensor_mode_change_request__struct.h\n'}
[2.480925] (px4_msgs) StdoutLine: {'line': b'-- Up-to-date symlink: /home/carlos/ros2_ws/install/px4_msgs/include/px4_msgs/px4_msgs/msg/detail/distance_sensor_mode_change_request__type_support.h\n'}
[2.481007] (px4_msgs) StdoutLine: {'line': b'-- Up-to-date symlink: /home/carlos/ros2_ws/install/px4_msgs/include/px4_msgs/px4_msgs/msg/detail/dronecan_node_status__functions.h\n'}
[2.481089] (px4_msgs) StdoutLine: {'line': b'-- Up-to-date symlink: /home/carlos/ros2_ws/install/px4_msgs/include/px4_msgs/px4_msgs/msg/detail/dronecan_node_status__struct.h\n'}
[2.481170] (px4_msgs) StdoutLine: {'line': b'-- Up-to-date symlink: /home/carlos/ros2_ws/install/px4_msgs/include/px4_msgs/px4_msgs/msg/detail/dronecan_node_status__type_support.h\n'}
[2.481252] (px4_msgs) StdoutLine: {'line': b'-- Up-to-date symlink: /home/carlos/ros2_ws/install/px4_msgs/include/px4_msgs/px4_msgs/msg/detail/ekf2_timestamps__functions.h\n'}
[2.481346] (px4_msgs) StdoutLine: {'line': b'-- Up-to-date symlink: /home/carlos/ros2_ws/install/px4_msgs/include/px4_msgs/px4_msgs/msg/detail/ekf2_timestamps__struct.h\n'}
[2.481440] (px4_msgs) StdoutLine: {'line': b'-- Up-to-date symlink: /home/carlos/ros2_ws/install/px4_msgs/include/px4_msgs/px4_msgs/msg/detail/ekf2_timestamps__type_support.h\n'}
[2.481522] (px4_msgs) StdoutLine: {'line': b'-- Up-to-date symlink: /home/carlos/ros2_ws/install/px4_msgs/include/px4_msgs/px4_msgs/msg/detail/esc_report__functions.h\n'}
[2.481606] (px4_msgs) StdoutLine: {'line': b'-- Up-to-date symlink: /home/carlos/ros2_ws/install/px4_msgs/include/px4_msgs/px4_msgs/msg/detail/esc_report__struct.h\n'}
[2.481691] (px4_msgs) StdoutLine: {'line': b'-- Up-to-date symlink: /home/carlos/ros2_ws/install/px4_msgs/include/px4_msgs/px4_msgs/msg/detail/esc_report__type_support.h\n'}
[2.481773] (px4_msgs) StdoutLine: {'line': b'-- Up-to-date symlink: /home/carlos/ros2_ws/install/px4_msgs/include/px4_msgs/px4_msgs/msg/detail/esc_status__functions.h\n'}
[2.481855] (px4_msgs) StdoutLine: {'line': b'-- Up-to-date symlink: /home/carlos/ros2_ws/install/px4_msgs/include/px4_msgs/px4_msgs/msg/detail/esc_status__struct.h\n'}
[2.481937] (px4_msgs) StdoutLine: {'line': b'-- Up-to-date symlink: /home/carlos/ros2_ws/install/px4_msgs/include/px4_msgs/px4_msgs/msg/detail/esc_status__type_support.h\n'}
[2.482020] (px4_msgs) StdoutLine: {'line': b'-- Up-to-date symlink: /home/carlos/ros2_ws/install/px4_msgs/include/px4_msgs/px4_msgs/msg/detail/estimator_aid_source1d__functions.h\n'}
[2.482102] (px4_msgs) StdoutLine: {'line': b'-- Up-to-date symlink: /home/carlos/ros2_ws/install/px4_msgs/include/px4_msgs/px4_msgs/msg/detail/estimator_aid_source1d__struct.h\n'}
[2.482185] (px4_msgs) StdoutLine: {'line': b'-- Up-to-date symlink: /home/carlos/ros2_ws/install/px4_msgs/include/px4_msgs/px4_msgs/msg/detail/estimator_aid_source1d__type_support.h\n'}
[2.482267] (px4_msgs) StdoutLine: {'line': b'-- Up-to-date symlink: /home/carlos/ros2_ws/install/px4_msgs/include/px4_msgs/px4_msgs/msg/detail/estimator_aid_source2d__functions.h\n'}
[2.482360] (px4_msgs) StdoutLine: {'line': b'-- Up-to-date symlink: /home/carlos/ros2_ws/install/px4_msgs/include/px4_msgs/px4_msgs/msg/detail/estimator_aid_source2d__struct.h\n'}
[2.482455] (px4_msgs) StdoutLine: {'line': b'-- Up-to-date symlink: /home/carlos/ros2_ws/install/px4_msgs/include/px4_msgs/px4_msgs/msg/detail/estimator_aid_source2d__type_support.h\n'}
[2.482537] (px4_msgs) StdoutLine: {'line': b'-- Up-to-date symlink: /home/carlos/ros2_ws/install/px4_msgs/include/px4_msgs/px4_msgs/msg/detail/estimator_aid_source3d__functions.h\n'}
[2.482618] (px4_msgs) StdoutLine: {'line': b'-- Up-to-date symlink: /home/carlos/ros2_ws/install/px4_msgs/include/px4_msgs/px4_msgs/msg/detail/estimator_aid_source3d__struct.h\n'}
[2.482700] (px4_msgs) StdoutLine: {'line': b'-- Up-to-date symlink: /home/carlos/ros2_ws/install/px4_msgs/include/px4_msgs/px4_msgs/msg/detail/estimator_aid_source3d__type_support.h\n'}
[2.482781] (px4_msgs) StdoutLine: {'line': b'-- Up-to-date symlink: /home/carlos/ros2_ws/install/px4_msgs/include/px4_msgs/px4_msgs/msg/detail/estimator_bias3d__functions.h\n'}
[2.482860] (px4_msgs) StdoutLine: {'line': b'-- Up-to-date symlink: /home/carlos/ros2_ws/install/px4_msgs/include/px4_msgs/px4_msgs/msg/detail/estimator_bias3d__struct.h\n'}
[2.482940] (px4_msgs) StdoutLine: {'line': b'-- Up-to-date symlink: /home/carlos/ros2_ws/install/px4_msgs/include/px4_msgs/px4_msgs/msg/detail/estimator_bias3d__type_support.h\n'}
[2.483023] (px4_msgs) StdoutLine: {'line': b'-- Up-to-date symlink: /home/carlos/ros2_ws/install/px4_msgs/include/px4_msgs/px4_msgs/msg/detail/estimator_bias__functions.h\n'}
[2.483105] (px4_msgs) StdoutLine: {'line': b'-- Up-to-date symlink: /home/carlos/ros2_ws/install/px4_msgs/include/px4_msgs/px4_msgs/msg/detail/estimator_bias__struct.h\n'}
[2.483188] (px4_msgs) StdoutLine: {'line': b'-- Up-to-date symlink: /home/carlos/ros2_ws/install/px4_msgs/include/px4_msgs/px4_msgs/msg/detail/estimator_bias__type_support.h\n'}
[2.483271] (px4_msgs) StdoutLine: {'line': b'-- Up-to-date symlink: /home/carlos/ros2_ws/install/px4_msgs/include/px4_msgs/px4_msgs/msg/detail/estimator_event_flags__functions.h\n'}
[2.483371] (px4_msgs) StdoutLine: {'line': b'-- Up-to-date symlink: /home/carlos/ros2_ws/install/px4_msgs/include/px4_msgs/px4_msgs/msg/detail/estimator_event_flags__struct.h\n'}
[2.483456] (px4_msgs) StdoutLine: {'line': b'-- Up-to-date symlink: /home/carlos/ros2_ws/install/px4_msgs/include/px4_msgs/px4_msgs/msg/detail/estimator_event_flags__type_support.h\n'}
[2.483539] (px4_msgs) StdoutLine: {'line': b'-- Up-to-date symlink: /home/carlos/ros2_ws/install/px4_msgs/include/px4_msgs/px4_msgs/msg/detail/estimator_gps_status__functions.h\n'}
[2.483623] (px4_msgs) StdoutLine: {'line': b'-- Up-to-date symlink: /home/carlos/ros2_ws/install/px4_msgs/include/px4_msgs/px4_msgs/msg/detail/estimator_gps_status__struct.h\n'}
[2.483705] (px4_msgs) StdoutLine: {'line': b'-- Up-to-date symlink: /home/carlos/ros2_ws/install/px4_msgs/include/px4_msgs/px4_msgs/msg/detail/estimator_gps_status__type_support.h\n'}
[2.483788] (px4_msgs) StdoutLine: {'line': b'-- Up-to-date symlink: /home/carlos/ros2_ws/install/px4_msgs/include/px4_msgs/px4_msgs/msg/detail/estimator_innovations__functions.h\n'}
[2.483870] (px4_msgs) StdoutLine: {'line': b'-- Up-to-date symlink: /home/carlos/ros2_ws/install/px4_msgs/include/px4_msgs/px4_msgs/msg/detail/estimator_innovations__struct.h\n'}
[2.483952] (px4_msgs) StdoutLine: {'line': b'-- Up-to-date symlink: /home/carlos/ros2_ws/install/px4_msgs/include/px4_msgs/px4_msgs/msg/detail/estimator_innovations__type_support.h\n'}
[2.484039] (px4_msgs) StdoutLine: {'line': b'-- Up-to-date symlink: /home/carlos/ros2_ws/install/px4_msgs/include/px4_msgs/px4_msgs/msg/detail/estimator_selector_status__functions.h\n'}
[2.484121] (px4_msgs) StdoutLine: {'line': b'-- Up-to-date symlink: /home/carlos/ros2_ws/install/px4_msgs/include/px4_msgs/px4_msgs/msg/detail/estimator_selector_status__struct.h\n'}
[2.484204] (px4_msgs) StdoutLine: {'line': b'-- Up-to-date symlink: /home/carlos/ros2_ws/install/px4_msgs/include/px4_msgs/px4_msgs/msg/detail/estimator_selector_status__type_support.h\n'}
[2.484286] (px4_msgs) StdoutLine: {'line': b'-- Up-to-date symlink: /home/carlos/ros2_ws/install/px4_msgs/include/px4_msgs/px4_msgs/msg/detail/estimator_sensor_bias__functions.h\n'}
[2.484379] (px4_msgs) StdoutLine: {'line': b'-- Up-to-date symlink: /home/carlos/ros2_ws/install/px4_msgs/include/px4_msgs/px4_msgs/msg/detail/estimator_sensor_bias__struct.h\n'}
[2.484461] (px4_msgs) StdoutLine: {'line': b'-- Up-to-date symlink: /home/carlos/ros2_ws/install/px4_msgs/include/px4_msgs/px4_msgs/msg/detail/estimator_sensor_bias__type_support.h\n'}
[2.484543] (px4_msgs) StdoutLine: {'line': b'-- Up-to-date symlink: /home/carlos/ros2_ws/install/px4_msgs/include/px4_msgs/px4_msgs/msg/detail/estimator_states__functions.h\n'}
[2.484625] (px4_msgs) StdoutLine: {'line': b'-- Up-to-date symlink: /home/carlos/ros2_ws/install/px4_msgs/include/px4_msgs/px4_msgs/msg/detail/estimator_states__struct.h\n'}
[2.484721] (px4_msgs) StdoutLine: {'line': b'-- Up-to-date symlink: /home/carlos/ros2_ws/install/px4_msgs/include/px4_msgs/px4_msgs/msg/detail/estimator_states__type_support.h\n'}
[2.484802] (px4_msgs) StdoutLine: {'line': b'-- Up-to-date symlink: /home/carlos/ros2_ws/install/px4_msgs/include/px4_msgs/px4_msgs/msg/detail/estimator_status__functions.h\n'}
[2.484884] (px4_msgs) StdoutLine: {'line': b'-- Up-to-date symlink: /home/carlos/ros2_ws/install/px4_msgs/include/px4_msgs/px4_msgs/msg/detail/estimator_status__struct.h\n'}
[2.484966] (px4_msgs) StdoutLine: {'line': b'-- Up-to-date symlink: /home/carlos/ros2_ws/install/px4_msgs/include/px4_msgs/px4_msgs/msg/detail/estimator_status__type_support.h\n'}
[2.485049] (px4_msgs) StdoutLine: {'line': b'-- Up-to-date symlink: /home/carlos/ros2_ws/install/px4_msgs/include/px4_msgs/px4_msgs/msg/detail/estimator_status_flags__functions.h\n'}
[2.485131] (px4_msgs) StdoutLine: {'line': b'-- Up-to-date symlink: /home/carlos/ros2_ws/install/px4_msgs/include/px4_msgs/px4_msgs/msg/detail/estimator_status_flags__struct.h\n'}
[2.485213] (px4_msgs) StdoutLine: {'line': b'-- Up-to-date symlink: /home/carlos/ros2_ws/install/px4_msgs/include/px4_msgs/px4_msgs/msg/detail/estimator_status_flags__type_support.h\n'}
[2.485304] (px4_msgs) StdoutLine: {'line': b'-- Up-to-date symlink: /home/carlos/ros2_ws/install/px4_msgs/include/px4_msgs/px4_msgs/msg/detail/event__functions.h\n'}
[2.485395] (px4_msgs) StdoutLine: {'line': b'-- Up-to-date symlink: /home/carlos/ros2_ws/install/px4_msgs/include/px4_msgs/px4_msgs/msg/detail/event__struct.h\n'}
[2.485478] (px4_msgs) StdoutLine: {'line': b'-- Up-to-date symlink: /home/carlos/ros2_ws/install/px4_msgs/include/px4_msgs/px4_msgs/msg/detail/event__type_support.h\n'}
[2.485562] (px4_msgs) StdoutLine: {'line': b'-- Up-to-date symlink: /home/carlos/ros2_ws/install/px4_msgs/include/px4_msgs/px4_msgs/msg/detail/failsafe_flags__functions.h\n'}
[2.485641] (px4_msgs) StdoutLine: {'line': b'-- Up-to-date symlink: /home/carlos/ros2_ws/install/px4_msgs/include/px4_msgs/px4_msgs/msg/detail/failsafe_flags__struct.h\n'}
[2.485726] (px4_msgs) StdoutLine: {'line': b'-- Up-to-date symlink: /home/carlos/ros2_ws/install/px4_msgs/include/px4_msgs/px4_msgs/msg/detail/failsafe_flags__type_support.h\n'}
[2.485849] (px4_msgs) StdoutLine: {'line': b'-- Up-to-date symlink: /home/carlos/ros2_ws/install/px4_msgs/include/px4_msgs/px4_msgs/msg/detail/failure_detector_status__functions.h\n'}
[2.485968] (px4_msgs) StdoutLine: {'line': b'-- Up-to-date symlink: /home/carlos/ros2_ws/install/px4_msgs/include/px4_msgs/px4_msgs/msg/detail/failure_detector_status__struct.h\n'}
[2.486082] (px4_msgs) StdoutLine: {'line': b'-- Up-to-date symlink: /home/carlos/ros2_ws/install/px4_msgs/include/px4_msgs/px4_msgs/msg/detail/failure_detector_status__type_support.h\n'}
[2.486168] (px4_msgs) StdoutLine: {'line': b'-- Up-to-date symlink: /home/carlos/ros2_ws/install/px4_msgs/include/px4_msgs/px4_msgs/msg/detail/figure_eight_status__functions.h\n'}
[2.486237] (px4_msgs) StdoutLine: {'line': b'-- Up-to-date symlink: /home/carlos/ros2_ws/install/px4_msgs/include/px4_msgs/px4_msgs/msg/detail/figure_eight_status__struct.h\n'}
[2.486304] (px4_msgs) StdoutLine: {'line': b'-- Up-to-date symlink: /home/carlos/ros2_ws/install/px4_msgs/include/px4_msgs/px4_msgs/msg/detail/figure_eight_status__type_support.h\n'}
[2.486432] (px4_msgs) StdoutLine: {'line': b'-- Up-to-date symlink: /home/carlos/ros2_ws/install/px4_msgs/include/px4_msgs/px4_msgs/msg/detail/fixed_wing_lateral_guidance_status__functions.h\n'}
[2.486511] (px4_msgs) StdoutLine: {'line': b'-- Up-to-date symlink: /home/carlos/ros2_ws/install/px4_msgs/include/px4_msgs/px4_msgs/msg/detail/fixed_wing_lateral_guidance_status__struct.h\n'}
[2.486595] (px4_msgs) StdoutLine: {'line': b'-- Up-to-date symlink: /home/carlos/ros2_ws/install/px4_msgs/include/px4_msgs/px4_msgs/msg/detail/fixed_wing_lateral_guidance_status__type_support.h\n'}
[2.486680] (px4_msgs) StdoutLine: {'line': b'-- Up-to-date symlink: /home/carlos/ros2_ws/install/px4_msgs/include/px4_msgs/px4_msgs/msg/detail/fixed_wing_lateral_setpoint__functions.h\n'}
[2.486765] (px4_msgs) StdoutLine: {'line': b'-- Up-to-date symlink: /home/carlos/ros2_ws/install/px4_msgs/include/px4_msgs/px4_msgs/msg/detail/fixed_wing_lateral_setpoint__struct.h\n'}
[2.486849] (px4_msgs) StdoutLine: {'line': b'-- Up-to-date symlink: /home/carlos/ros2_ws/install/px4_msgs/include/px4_msgs/px4_msgs/msg/detail/fixed_wing_lateral_setpoint__type_support.h\n'}
[2.486934] (px4_msgs) StdoutLine: {'line': b'-- Up-to-date symlink: /home/carlos/ros2_ws/install/px4_msgs/include/px4_msgs/px4_msgs/msg/detail/fixed_wing_lateral_status__functions.h\n'}
[2.487018] (px4_msgs) StdoutLine: {'line': b'-- Up-to-date symlink: /home/carlos/ros2_ws/install/px4_msgs/include/px4_msgs/px4_msgs/msg/detail/fixed_wing_lateral_status__struct.h\n'}
[2.487102] (px4_msgs) StdoutLine: {'line': b'-- Up-to-date symlink: /home/carlos/ros2_ws/install/px4_msgs/include/px4_msgs/px4_msgs/msg/detail/fixed_wing_lateral_status__type_support.h\n'}
[2.487203] (px4_msgs) StdoutLine: {'line': b'-- Up-to-date symlink: /home/carlos/ros2_ws/install/px4_msgs/include/px4_msgs/px4_msgs/msg/detail/fixed_wing_longitudinal_setpoint__functions.h\n'}
[2.487297] (px4_msgs) StdoutLine: {'line': b'-- Up-to-date symlink: /home/carlos/ros2_ws/install/px4_msgs/include/px4_msgs/px4_msgs/msg/detail/fixed_wing_longitudinal_setpoint__struct.h\n'}
[2.487474] (px4_msgs) StdoutLine: {'line': b'-- Up-to-date symlink: /home/carlos/ros2_ws/install/px4_msgs/include/px4_msgs/px4_msgs/msg/detail/fixed_wing_longitudinal_setpoint__type_support.h\n'}
[2.487637] (px4_msgs) StdoutLine: {'line': b'-- Up-to-date symlink: /home/carlos/ros2_ws/install/px4_msgs/include/px4_msgs/px4_msgs/msg/detail/fixed_wing_runway_control__functions.h\n'}
[2.487697] (px4_msgs) StdoutLine: {'line': b'-- Up-to-date symlink: /home/carlos/ros2_ws/install/px4_msgs/include/px4_msgs/px4_msgs/msg/detail/fixed_wing_runway_control__struct.h\n'}
[2.487760] (px4_msgs) StdoutLine: {'line': b'-- Up-to-date symlink: /home/carlos/ros2_ws/install/px4_msgs/include/px4_msgs/px4_msgs/msg/detail/fixed_wing_runway_control__type_support.h\n'}
[2.487824] (px4_msgs) StdoutLine: {'line': b'-- Up-to-date symlink: /home/carlos/ros2_ws/install/px4_msgs/include/px4_msgs/px4_msgs/msg/detail/flight_phase_estimation__functions.h\n'}
[2.487869] (px4_msgs) StdoutLine: {'line': b'-- Up-to-date symlink: /home/carlos/ros2_ws/install/px4_msgs/include/px4_msgs/px4_msgs/msg/detail/flight_phase_estimation__struct.h\n'}
[2.487930] (px4_msgs) StdoutLine: {'line': b'-- Up-to-date symlink: /home/carlos/ros2_ws/install/px4_msgs/include/px4_msgs/px4_msgs/msg/detail/flight_phase_estimation__type_support.h\n'}
[2.488004] (px4_msgs) StdoutLine: {'line': b'-- Up-to-date symlink: /home/carlos/ros2_ws/install/px4_msgs/include/px4_msgs/px4_msgs/msg/detail/follow_target__functions.h\n'}
[2.488070] (px4_msgs) StdoutLine: {'line': b'-- Up-to-date symlink: /home/carlos/ros2_ws/install/px4_msgs/include/px4_msgs/px4_msgs/msg/detail/follow_target__struct.h\n'}
[2.488152] (px4_msgs) StdoutLine: {'line': b'-- Up-to-date symlink: /home/carlos/ros2_ws/install/px4_msgs/include/px4_msgs/px4_msgs/msg/detail/follow_target__type_support.h\n'}
[2.488262] (px4_msgs) StdoutLine: {'line': b'-- Up-to-date symlink: /home/carlos/ros2_ws/install/px4_msgs/include/px4_msgs/px4_msgs/msg/detail/follow_target_estimator__functions.h\n'}
[2.488363] (px4_msgs) StdoutLine: {'line': b'-- Up-to-date symlink: /home/carlos/ros2_ws/install/px4_msgs/include/px4_msgs/px4_msgs/msg/detail/follow_target_estimator__struct.h\n'}
[2.488448] (px4_msgs) StdoutLine: {'line': b'-- Up-to-date symlink: /home/carlos/ros2_ws/install/px4_msgs/include/px4_msgs/px4_msgs/msg/detail/follow_target_estimator__type_support.h\n'}
[2.488533] (px4_msgs) StdoutLine: {'line': b'-- Up-to-date symlink: /home/carlos/ros2_ws/install/px4_msgs/include/px4_msgs/px4_msgs/msg/detail/follow_target_status__functions.h\n'}
[2.488621] (px4_msgs) StdoutLine: {'line': b'-- Up-to-date symlink: /home/carlos/ros2_ws/install/px4_msgs/include/px4_msgs/px4_msgs/msg/detail/follow_target_status__struct.h\n'}
[2.488703] (px4_msgs) StdoutLine: {'line': b'-- Up-to-date symlink: /home/carlos/ros2_ws/install/px4_msgs/include/px4_msgs/px4_msgs/msg/detail/follow_target_status__type_support.h\n'}
[2.488787] (px4_msgs) StdoutLine: {'line': b'-- Up-to-date symlink: /home/carlos/ros2_ws/install/px4_msgs/include/px4_msgs/px4_msgs/msg/detail/fuel_tank_status__functions.h\n'}
[2.488871] (px4_msgs) StdoutLine: {'line': b'-- Up-to-date symlink: /home/carlos/ros2_ws/install/px4_msgs/include/px4_msgs/px4_msgs/msg/detail/fuel_tank_status__struct.h\n'}
[2.488955] (px4_msgs) StdoutLine: {'line': b'-- Up-to-date symlink: /home/carlos/ros2_ws/install/px4_msgs/include/px4_msgs/px4_msgs/msg/detail/fuel_tank_status__type_support.h\n'}
[2.489038] (px4_msgs) StdoutLine: {'line': b'-- Up-to-date symlink: /home/carlos/ros2_ws/install/px4_msgs/include/px4_msgs/px4_msgs/msg/detail/generator_status__functions.h\n'}
[2.489121] (px4_msgs) StdoutLine: {'line': b'-- Up-to-date symlink: /home/carlos/ros2_ws/install/px4_msgs/include/px4_msgs/px4_msgs/msg/detail/generator_status__struct.h\n'}
[2.489178] (px4_msgs) StdoutLine: {'line': b'-- Up-to-date symlink: /home/carlos/ros2_ws/install/px4_msgs/include/px4_msgs/px4_msgs/msg/detail/generator_status__type_support.h\n'}
[2.489257] (px4_msgs) StdoutLine: {'line': b'-- Up-to-date symlink: /home/carlos/ros2_ws/install/px4_msgs/include/px4_msgs/px4_msgs/msg/detail/geofence_result__functions.h\n'}
[2.489348] (px4_msgs) StdoutLine: {'line': b'-- Up-to-date symlink: /home/carlos/ros2_ws/install/px4_msgs/include/px4_msgs/px4_msgs/msg/detail/geofence_result__struct.h\n'}
[2.489431] (px4_msgs) StdoutLine: {'line': b'-- Up-to-date symlink: /home/carlos/ros2_ws/install/px4_msgs/include/px4_msgs/px4_msgs/msg/detail/geofence_result__type_support.h\n'}
[2.489512] (px4_msgs) StdoutLine: {'line': b'-- Up-to-date symlink: /home/carlos/ros2_ws/install/px4_msgs/include/px4_msgs/px4_msgs/msg/detail/geofence_status__functions.h\n'}
[2.489597] (px4_msgs) StdoutLine: {'line': b'-- Up-to-date symlink: /home/carlos/ros2_ws/install/px4_msgs/include/px4_msgs/px4_msgs/msg/detail/geofence_status__struct.h\n'}
[2.489683] (px4_msgs) StdoutLine: {'line': b'-- Up-to-date symlink: /home/carlos/ros2_ws/install/px4_msgs/include/px4_msgs/px4_msgs/msg/detail/geofence_status__type_support.h\n'}
[2.489764] (px4_msgs) StdoutLine: {'line': b'-- Up-to-date symlink: /home/carlos/ros2_ws/install/px4_msgs/include/px4_msgs/px4_msgs/msg/detail/gimbal_controls__functions.h\n'}
[2.489844] (px4_msgs) StdoutLine: {'line': b'-- Up-to-date symlink: /home/carlos/ros2_ws/install/px4_msgs/include/px4_msgs/px4_msgs/msg/detail/gimbal_controls__struct.h\n'}
[2.489926] (px4_msgs) StdoutLine: {'line': b'-- Up-to-date symlink: /home/carlos/ros2_ws/install/px4_msgs/include/px4_msgs/px4_msgs/msg/detail/gimbal_controls__type_support.h\n'}
[2.490007] (px4_msgs) StdoutLine: {'line': b'-- Up-to-date symlink: /home/carlos/ros2_ws/install/px4_msgs/include/px4_msgs/px4_msgs/msg/detail/gimbal_device_attitude_status__functions.h\n'}
[2.490091] (px4_msgs) StdoutLine: {'line': b'-- Up-to-date symlink: /home/carlos/ros2_ws/install/px4_msgs/include/px4_msgs/px4_msgs/msg/detail/gimbal_device_attitude_status__struct.h\n'}
[2.490174] (px4_msgs) StdoutLine: {'line': b'-- Up-to-date symlink: /home/carlos/ros2_ws/install/px4_msgs/include/px4_msgs/px4_msgs/msg/detail/gimbal_device_attitude_status__type_support.h\n'}
[2.490256] (px4_msgs) StdoutLine: {'line': b'-- Up-to-date symlink: /home/carlos/ros2_ws/install/px4_msgs/include/px4_msgs/px4_msgs/msg/detail/gimbal_device_information__functions.h\n'}
[2.490345] (px4_msgs) StdoutLine: {'line': b'-- Up-to-date symlink: /home/carlos/ros2_ws/install/px4_msgs/include/px4_msgs/px4_msgs/msg/detail/gimbal_device_information__struct.h\n'}
[2.490435] (px4_msgs) StdoutLine: {'line': b'-- Up-to-date symlink: /home/carlos/ros2_ws/install/px4_msgs/include/px4_msgs/px4_msgs/msg/detail/gimbal_device_information__type_support.h\n'}
[2.490517] (px4_msgs) StdoutLine: {'line': b'-- Up-to-date symlink: /home/carlos/ros2_ws/install/px4_msgs/include/px4_msgs/px4_msgs/msg/detail/gimbal_device_set_attitude__functions.h\n'}
[2.490597] (px4_msgs) StdoutLine: {'line': b'-- Up-to-date symlink: /home/carlos/ros2_ws/install/px4_msgs/include/px4_msgs/px4_msgs/msg/detail/gimbal_device_set_attitude__struct.h\n'}
[2.490678] (px4_msgs) StdoutLine: {'line': b'-- Up-to-date symlink: /home/carlos/ros2_ws/install/px4_msgs/include/px4_msgs/px4_msgs/msg/detail/gimbal_device_set_attitude__type_support.h\n'}
[2.490758] (px4_msgs) StdoutLine: {'line': b'-- Up-to-date symlink: /home/carlos/ros2_ws/install/px4_msgs/include/px4_msgs/px4_msgs/msg/detail/gimbal_manager_information__functions.h\n'}
[2.490839] (px4_msgs) StdoutLine: {'line': b'-- Up-to-date symlink: /home/carlos/ros2_ws/install/px4_msgs/include/px4_msgs/px4_msgs/msg/detail/gimbal_manager_information__struct.h\n'}
[2.490925] (px4_msgs) StdoutLine: {'line': b'-- Up-to-date symlink: /home/carlos/ros2_ws/install/px4_msgs/include/px4_msgs/px4_msgs/msg/detail/gimbal_manager_information__type_support.h\n'}
[2.491008] (px4_msgs) StdoutLine: {'line': b'-- Up-to-date symlink: /home/carlos/ros2_ws/install/px4_msgs/include/px4_msgs/px4_msgs/msg/detail/gimbal_manager_set_attitude__functions.h\n'}
[2.491091] (px4_msgs) StdoutLine: {'line': b'-- Up-to-date symlink: /home/carlos/ros2_ws/install/px4_msgs/include/px4_msgs/px4_msgs/msg/detail/gimbal_manager_set_attitude__struct.h\n'}
[2.491173] (px4_msgs) StdoutLine: {'line': b'-- Up-to-date symlink: /home/carlos/ros2_ws/install/px4_msgs/include/px4_msgs/px4_msgs/msg/detail/gimbal_manager_set_attitude__type_support.h\n'}
[2.491251] (px4_msgs) StdoutLine: {'line': b'-- Up-to-date symlink: /home/carlos/ros2_ws/install/px4_msgs/include/px4_msgs/px4_msgs/msg/detail/gimbal_manager_set_manual_control__functions.h\n'}
[2.491339] (px4_msgs) StdoutLine: {'line': b'-- Up-to-date symlink: /home/carlos/ros2_ws/install/px4_msgs/include/px4_msgs/px4_msgs/msg/detail/gimbal_manager_set_manual_control__struct.h\n'}
[2.491431] (px4_msgs) StdoutLine: {'line': b'-- Up-to-date symlink: /home/carlos/ros2_ws/install/px4_msgs/include/px4_msgs/px4_msgs/msg/detail/gimbal_manager_set_manual_control__type_support.h\n'}
[2.491512] (px4_msgs) StdoutLine: {'line': b'-- Up-to-date symlink: /home/carlos/ros2_ws/install/px4_msgs/include/px4_msgs/px4_msgs/msg/detail/gimbal_manager_status__functions.h\n'}
[2.491599] (px4_msgs) StdoutLine: {'line': b'-- Up-to-date symlink: /home/carlos/ros2_ws/install/px4_msgs/include/px4_msgs/px4_msgs/msg/detail/gimbal_manager_status__struct.h\n'}
[2.491688] (px4_msgs) StdoutLine: {'line': b'-- Up-to-date symlink: /home/carlos/ros2_ws/install/px4_msgs/include/px4_msgs/px4_msgs/msg/detail/gimbal_manager_status__type_support.h\n'}
[2.491770] (px4_msgs) StdoutLine: {'line': b'-- Up-to-date symlink: /home/carlos/ros2_ws/install/px4_msgs/include/px4_msgs/px4_msgs/msg/detail/goto_setpoint__functions.h\n'}
[2.491857] (px4_msgs) StdoutLine: {'line': b'-- Up-to-date symlink: /home/carlos/ros2_ws/install/px4_msgs/include/px4_msgs/px4_msgs/msg/detail/goto_setpoint__struct.h\n'}
[2.491942] (px4_msgs) StdoutLine: {'line': b'-- Up-to-date symlink: /home/carlos/ros2_ws/install/px4_msgs/include/px4_msgs/px4_msgs/msg/detail/goto_setpoint__type_support.h\n'}
[2.492023] (px4_msgs) StdoutLine: {'line': b'-- Up-to-date symlink: /home/carlos/ros2_ws/install/px4_msgs/include/px4_msgs/px4_msgs/msg/detail/gpio_config__functions.h\n'}
[2.492104] (px4_msgs) StdoutLine: {'line': b'-- Up-to-date symlink: /home/carlos/ros2_ws/install/px4_msgs/include/px4_msgs/px4_msgs/msg/detail/gpio_config__struct.h\n'}
[2.492185] (px4_msgs) StdoutLine: {'line': b'-- Up-to-date symlink: /home/carlos/ros2_ws/install/px4_msgs/include/px4_msgs/px4_msgs/msg/detail/gpio_config__type_support.h\n'}
[2.492267] (px4_msgs) StdoutLine: {'line': b'-- Up-to-date symlink: /home/carlos/ros2_ws/install/px4_msgs/include/px4_msgs/px4_msgs/msg/detail/gpio_in__functions.h\n'}
[2.492354] (px4_msgs) StdoutLine: {'line': b'-- Up-to-date symlink: /home/carlos/ros2_ws/install/px4_msgs/include/px4_msgs/px4_msgs/msg/detail/gpio_in__struct.h\n'}
[2.492454] (px4_msgs) StdoutLine: {'line': b'-- Up-to-date symlink: /home/carlos/ros2_ws/install/px4_msgs/include/px4_msgs/px4_msgs/msg/detail/gpio_in__type_support.h\n'}
[2.492536] (px4_msgs) StdoutLine: {'line': b'-- Up-to-date symlink: /home/carlos/ros2_ws/install/px4_msgs/include/px4_msgs/px4_msgs/msg/detail/gpio_out__functions.h\n'}
[2.492617] (px4_msgs) StdoutLine: {'line': b'-- Up-to-date symlink: /home/carlos/ros2_ws/install/px4_msgs/include/px4_msgs/px4_msgs/msg/detail/gpio_out__struct.h\n'}
[2.492697] (px4_msgs) StdoutLine: {'line': b'-- Up-to-date symlink: /home/carlos/ros2_ws/install/px4_msgs/include/px4_msgs/px4_msgs/msg/detail/gpio_out__type_support.h\n'}
[2.492816] (px4_msgs) StdoutLine: {'line': b'-- Up-to-date symlink: /home/carlos/ros2_ws/install/px4_msgs/include/px4_msgs/px4_msgs/msg/detail/gpio_request__functions.h\n'}
[2.492927] (px4_msgs) StdoutLine: {'line': b'-- Up-to-date symlink: /home/carlos/ros2_ws/install/px4_msgs/include/px4_msgs/px4_msgs/msg/detail/gpio_request__struct.h\n'}
[2.493045] (px4_msgs) StdoutLine: {'line': b'-- Up-to-date symlink: /home/carlos/ros2_ws/install/px4_msgs/include/px4_msgs/px4_msgs/msg/detail/gpio_request__type_support.h\n'}
[2.493118] (px4_msgs) StdoutLine: {'line': b'-- Up-to-date symlink: /home/carlos/ros2_ws/install/px4_msgs/include/px4_msgs/px4_msgs/msg/detail/gps_dump__functions.h\n'}
[2.493202] (px4_msgs) StdoutLine: {'line': b'-- Up-to-date symlink: /home/carlos/ros2_ws/install/px4_msgs/include/px4_msgs/px4_msgs/msg/detail/gps_dump__struct.h\n'}
[2.493287] (px4_msgs) StdoutLine: {'line': b'-- Up-to-date symlink: /home/carlos/ros2_ws/install/px4_msgs/include/px4_msgs/px4_msgs/msg/detail/gps_dump__type_support.h\n'}
[2.493388] (px4_msgs) StdoutLine: {'line': b'-- Up-to-date symlink: /home/carlos/ros2_ws/install/px4_msgs/include/px4_msgs/px4_msgs/msg/detail/gps_inject_data__functions.h\n'}
[2.493474] (px4_msgs) StdoutLine: {'line': b'-- Up-to-date symlink: /home/carlos/ros2_ws/install/px4_msgs/include/px4_msgs/px4_msgs/msg/detail/gps_inject_data__struct.h\n'}
[2.493540] (px4_msgs) StdoutLine: {'line': b'-- Up-to-date symlink: /home/carlos/ros2_ws/install/px4_msgs/include/px4_msgs/px4_msgs/msg/detail/gps_inject_data__type_support.h\n'}
[2.493617] (px4_msgs) StdoutLine: {'line': b'-- Up-to-date symlink: /home/carlos/ros2_ws/install/px4_msgs/include/px4_msgs/px4_msgs/msg/detail/gripper__functions.h\n'}
[2.493691] (px4_msgs) StdoutLine: {'line': b'-- Up-to-date symlink: /home/carlos/ros2_ws/install/px4_msgs/include/px4_msgs/px4_msgs/msg/detail/gripper__struct.h\n'}
[2.493779] (px4_msgs) StdoutLine: {'line': b'-- Up-to-date symlink: /home/carlos/ros2_ws/install/px4_msgs/include/px4_msgs/px4_msgs/msg/detail/gripper__type_support.h\n'}
[2.493862] (px4_msgs) StdoutLine: {'line': b'-- Up-to-date symlink: /home/carlos/ros2_ws/install/px4_msgs/include/px4_msgs/px4_msgs/msg/detail/health_report__functions.h\n'}
[2.493944] (px4_msgs) StdoutLine: {'line': b'-- Up-to-date symlink: /home/carlos/ros2_ws/install/px4_msgs/include/px4_msgs/px4_msgs/msg/detail/health_report__struct.h\n'}
[2.494036] (px4_msgs) StdoutLine: {'line': b'-- Up-to-date symlink: /home/carlos/ros2_ws/install/px4_msgs/include/px4_msgs/px4_msgs/msg/detail/health_report__type_support.h\n'}
[2.494121] (px4_msgs) StdoutLine: {'line': b'-- Up-to-date symlink: /home/carlos/ros2_ws/install/px4_msgs/include/px4_msgs/px4_msgs/msg/detail/heater_status__functions.h\n'}
[2.494205] (px4_msgs) StdoutLine: {'line': b'-- Up-to-date symlink: /home/carlos/ros2_ws/install/px4_msgs/include/px4_msgs/px4_msgs/msg/detail/heater_status__struct.h\n'}
[2.494291] (px4_msgs) StdoutLine: {'line': b'-- Up-to-date symlink: /home/carlos/ros2_ws/install/px4_msgs/include/px4_msgs/px4_msgs/msg/detail/heater_status__type_support.h\n'}
[2.494388] (px4_msgs) StdoutLine: {'line': b'-- Up-to-date symlink: /home/carlos/ros2_ws/install/px4_msgs/include/px4_msgs/px4_msgs/msg/detail/home_position__functions.h\n'}
[2.494471] (px4_msgs) StdoutLine: {'line': b'-- Up-to-date symlink: /home/carlos/ros2_ws/install/px4_msgs/include/px4_msgs/px4_msgs/msg/detail/home_position__struct.h\n'}
[2.494554] (px4_msgs) StdoutLine: {'line': b'-- Up-to-date symlink: /home/carlos/ros2_ws/install/px4_msgs/include/px4_msgs/px4_msgs/msg/detail/home_position__type_support.h\n'}
[2.494639] (px4_msgs) StdoutLine: {'line': b'-- Up-to-date symlink: /home/carlos/ros2_ws/install/px4_msgs/include/px4_msgs/px4_msgs/msg/detail/hover_thrust_estimate__functions.h\n'}
[2.494719] (px4_msgs) StdoutLine: {'line': b'-- Up-to-date symlink: /home/carlos/ros2_ws/install/px4_msgs/include/px4_msgs/px4_msgs/msg/detail/hover_thrust_estimate__struct.h\n'}
[2.494804] (px4_msgs) StdoutLine: {'line': b'-- Up-to-date symlink: /home/carlos/ros2_ws/install/px4_msgs/include/px4_msgs/px4_msgs/msg/detail/hover_thrust_estimate__type_support.h\n'}
[2.494891] (px4_msgs) StdoutLine: {'line': b'-- Up-to-date symlink: /home/carlos/ros2_ws/install/px4_msgs/include/px4_msgs/px4_msgs/msg/detail/input_rc__functions.h\n'}
[2.494972] (px4_msgs) StdoutLine: {'line': b'-- Up-to-date symlink: /home/carlos/ros2_ws/install/px4_msgs/include/px4_msgs/px4_msgs/msg/detail/input_rc__struct.h\n'}
[2.495063] (px4_msgs) StdoutLine: {'line': b'-- Up-to-date symlink: /home/carlos/ros2_ws/install/px4_msgs/include/px4_msgs/px4_msgs/msg/detail/input_rc__type_support.h\n'}
[2.495158] (px4_msgs) StdoutLine: {'line': b'-- Up-to-date symlink: /home/carlos/ros2_ws/install/px4_msgs/include/px4_msgs/px4_msgs/msg/detail/internal_combustion_engine_control__functions.h\n'}
[2.495240] (px4_msgs) StdoutLine: {'line': b'-- Up-to-date symlink: /home/carlos/ros2_ws/install/px4_msgs/include/px4_msgs/px4_msgs/msg/detail/internal_combustion_engine_control__struct.h\n'}
[2.495327] (px4_msgs) StdoutLine: {'line': b'-- Up-to-date symlink: /home/carlos/ros2_ws/install/px4_msgs/include/px4_msgs/px4_msgs/msg/detail/internal_combustion_engine_control__type_support.h\n'}
[2.495415] (px4_msgs) StdoutLine: {'line': b'-- Up-to-date symlink: /home/carlos/ros2_ws/install/px4_msgs/include/px4_msgs/px4_msgs/msg/detail/internal_combustion_engine_status__functions.h\n'}
[2.495500] (px4_msgs) StdoutLine: {'line': b'-- Up-to-date symlink: /home/carlos/ros2_ws/install/px4_msgs/include/px4_msgs/px4_msgs/msg/detail/internal_combustion_engine_status__struct.h\n'}
[2.495582] (px4_msgs) StdoutLine: {'line': b'-- Up-to-date symlink: /home/carlos/ros2_ws/install/px4_msgs/include/px4_msgs/px4_msgs/msg/detail/internal_combustion_engine_status__type_support.h\n'}
[2.495666] (px4_msgs) StdoutLine: {'line': b'-- Up-to-date symlink: /home/carlos/ros2_ws/install/px4_msgs/include/px4_msgs/px4_msgs/msg/detail/iridiumsbd_status__functions.h\n'}
[2.495748] (px4_msgs) StdoutLine: {'line': b'-- Up-to-date symlink: /home/carlos/ros2_ws/install/px4_msgs/include/px4_msgs/px4_msgs/msg/detail/iridiumsbd_status__struct.h\n'}
[2.495831] (px4_msgs) StdoutLine: {'line': b'-- Up-to-date symlink: /home/carlos/ros2_ws/install/px4_msgs/include/px4_msgs/px4_msgs/msg/detail/iridiumsbd_status__type_support.h\n'}
[2.495913] (px4_msgs) StdoutLine: {'line': b'-- Up-to-date symlink: /home/carlos/ros2_ws/install/px4_msgs/include/px4_msgs/px4_msgs/msg/detail/irlock_report__functions.h\n'}
[2.495994] (px4_msgs) StdoutLine: {'line': b'-- Up-to-date symlink: /home/carlos/ros2_ws/install/px4_msgs/include/px4_msgs/px4_msgs/msg/detail/irlock_report__struct.h\n'}
[2.496071] (px4_msgs) StdoutLine: {'line': b'-- Up-to-date symlink: /home/carlos/ros2_ws/install/px4_msgs/include/px4_msgs/px4_msgs/msg/detail/irlock_report__type_support.h\n'}
[2.496153] (px4_msgs) StdoutLine: {'line': b'-- Up-to-date symlink: /home/carlos/ros2_ws/install/px4_msgs/include/px4_msgs/px4_msgs/msg/detail/landing_gear__functions.h\n'}
[2.496234] (px4_msgs) StdoutLine: {'line': b'-- Up-to-date symlink: /home/carlos/ros2_ws/install/px4_msgs/include/px4_msgs/px4_msgs/msg/detail/landing_gear__struct.h\n'}
[2.496319] (px4_msgs) StdoutLine: {'line': b'-- Up-to-date symlink: /home/carlos/ros2_ws/install/px4_msgs/include/px4_msgs/px4_msgs/msg/detail/landing_gear__type_support.h\n'}
[2.496411] (px4_msgs) StdoutLine: {'line': b'-- Up-to-date symlink: /home/carlos/ros2_ws/install/px4_msgs/include/px4_msgs/px4_msgs/msg/detail/landing_gear_wheel__functions.h\n'}
[2.496493] (px4_msgs) StdoutLine: {'line': b'-- Up-to-date symlink: /home/carlos/ros2_ws/install/px4_msgs/include/px4_msgs/px4_msgs/msg/detail/landing_gear_wheel__struct.h\n'}
[2.496575] (px4_msgs) StdoutLine: {'line': b'-- Up-to-date symlink: /home/carlos/ros2_ws/install/px4_msgs/include/px4_msgs/px4_msgs/msg/detail/landing_gear_wheel__type_support.h\n'}
[2.496657] (px4_msgs) StdoutLine: {'line': b'-- Up-to-date symlink: /home/carlos/ros2_ws/install/px4_msgs/include/px4_msgs/px4_msgs/msg/detail/landing_target_innovations__functions.h\n'}
[2.496738] (px4_msgs) StdoutLine: {'line': b'-- Up-to-date symlink: /home/carlos/ros2_ws/install/px4_msgs/include/px4_msgs/px4_msgs/msg/detail/landing_target_innovations__struct.h\n'}
[2.496819] (px4_msgs) StdoutLine: {'line': b'-- Up-to-date symlink: /home/carlos/ros2_ws/install/px4_msgs/include/px4_msgs/px4_msgs/msg/detail/landing_target_innovations__type_support.h\n'}
[2.496901] (px4_msgs) StdoutLine: {'line': b'-- Up-to-date symlink: /home/carlos/ros2_ws/install/px4_msgs/include/px4_msgs/px4_msgs/msg/detail/landing_target_pose__functions.h\n'}
[2.496987] (px4_msgs) StdoutLine: {'line': b'-- Up-to-date symlink: /home/carlos/ros2_ws/install/px4_msgs/include/px4_msgs/px4_msgs/msg/detail/landing_target_pose__struct.h\n'}
[2.497068] (px4_msgs) StdoutLine: {'line': b'-- Up-to-date symlink: /home/carlos/ros2_ws/install/px4_msgs/include/px4_msgs/px4_msgs/msg/detail/landing_target_pose__type_support.h\n'}
[2.497149] (px4_msgs) StdoutLine: {'line': b'-- Up-to-date symlink: /home/carlos/ros2_ws/install/px4_msgs/include/px4_msgs/px4_msgs/msg/detail/lateral_control_configuration__functions.h\n'}
[2.497237] (px4_msgs) StdoutLine: {'line': b'-- Up-to-date symlink: /home/carlos/ros2_ws/install/px4_msgs/include/px4_msgs/px4_msgs/msg/detail/lateral_control_configuration__struct.h\n'}
[2.497325] (px4_msgs) StdoutLine: {'line': b'-- Up-to-date symlink: /home/carlos/ros2_ws/install/px4_msgs/include/px4_msgs/px4_msgs/msg/detail/lateral_control_configuration__type_support.h\n'}
[2.497413] (px4_msgs) StdoutLine: {'line': b'-- Up-to-date symlink: /home/carlos/ros2_ws/install/px4_msgs/include/px4_msgs/px4_msgs/msg/detail/launch_detection_status__functions.h\n'}
[2.497494] (px4_msgs) StdoutLine: {'line': b'-- Up-to-date symlink: /home/carlos/ros2_ws/install/px4_msgs/include/px4_msgs/px4_msgs/msg/detail/launch_detection_status__struct.h\n'}
[2.497575] (px4_msgs) StdoutLine: {'line': b'-- Up-to-date symlink: /home/carlos/ros2_ws/install/px4_msgs/include/px4_msgs/px4_msgs/msg/detail/launch_detection_status__type_support.h\n'}
[2.497657] (px4_msgs) StdoutLine: {'line': b'-- Up-to-date symlink: /home/carlos/ros2_ws/install/px4_msgs/include/px4_msgs/px4_msgs/msg/detail/led_control__functions.h\n'}
[2.497738] (px4_msgs) StdoutLine: {'line': b'-- Up-to-date symlink: /home/carlos/ros2_ws/install/px4_msgs/include/px4_msgs/px4_msgs/msg/detail/led_control__struct.h\n'}
[2.497819] (px4_msgs) StdoutLine: {'line': b'-- Up-to-date symlink: /home/carlos/ros2_ws/install/px4_msgs/include/px4_msgs/px4_msgs/msg/detail/led_control__type_support.h\n'}
[2.497900] (px4_msgs) StdoutLine: {'line': b'-- Up-to-date symlink: /home/carlos/ros2_ws/install/px4_msgs/include/px4_msgs/px4_msgs/msg/detail/log_message__functions.h\n'}
[2.497981] (px4_msgs) StdoutLine: {'line': b'-- Up-to-date symlink: /home/carlos/ros2_ws/install/px4_msgs/include/px4_msgs/px4_msgs/msg/detail/log_message__struct.h\n'}
[2.498062] (px4_msgs) StdoutLine: {'line': b'-- Up-to-date symlink: /home/carlos/ros2_ws/install/px4_msgs/include/px4_msgs/px4_msgs/msg/detail/log_message__type_support.h\n'}
[2.498143] (px4_msgs) StdoutLine: {'line': b'-- Up-to-date symlink: /home/carlos/ros2_ws/install/px4_msgs/include/px4_msgs/px4_msgs/msg/detail/logger_status__functions.h\n'}
[2.498224] (px4_msgs) StdoutLine: {'line': b'-- Up-to-date symlink: /home/carlos/ros2_ws/install/px4_msgs/include/px4_msgs/px4_msgs/msg/detail/logger_status__struct.h\n'}
[2.498305] (px4_msgs) StdoutLine: {'line': b'-- Up-to-date symlink: /home/carlos/ros2_ws/install/px4_msgs/include/px4_msgs/px4_msgs/msg/detail/logger_status__type_support.h\n'}
[2.498397] (px4_msgs) StdoutLine: {'line': b'-- Up-to-date symlink: /home/carlos/ros2_ws/install/px4_msgs/include/px4_msgs/px4_msgs/msg/detail/longitudinal_control_configuration__functions.h\n'}
[2.498475] (px4_msgs) StdoutLine: {'line': b'-- Up-to-date symlink: /home/carlos/ros2_ws/install/px4_msgs/include/px4_msgs/px4_msgs/msg/detail/longitudinal_control_configuration__struct.h\n'}
[2.498568] (px4_msgs) StdoutLine: {'line': b'-- Up-to-date symlink: /home/carlos/ros2_ws/install/px4_msgs/include/px4_msgs/px4_msgs/msg/detail/longitudinal_control_configuration__type_support.h\n'}
[2.498651] (px4_msgs) StdoutLine: {'line': b'-- Up-to-date symlink: /home/carlos/ros2_ws/install/px4_msgs/include/px4_msgs/px4_msgs/msg/detail/mag_worker_data__functions.h\n'}
[2.498734] (px4_msgs) StdoutLine: {'line': b'-- Up-to-date symlink: /home/carlos/ros2_ws/install/px4_msgs/include/px4_msgs/px4_msgs/msg/detail/mag_worker_data__struct.h\n'}
[2.498820] (px4_msgs) StdoutLine: {'line': b'-- Up-to-date symlink: /home/carlos/ros2_ws/install/px4_msgs/include/px4_msgs/px4_msgs/msg/detail/mag_worker_data__type_support.h\n'}
[2.498906] (px4_msgs) StdoutLine: {'line': b'-- Up-to-date symlink: /home/carlos/ros2_ws/install/px4_msgs/include/px4_msgs/px4_msgs/msg/detail/magnetometer_bias_estimate__functions.h\n'}
[2.498990] (px4_msgs) StdoutLine: {'line': b'-- Up-to-date symlink: /home/carlos/ros2_ws/install/px4_msgs/include/px4_msgs/px4_msgs/msg/detail/magnetometer_bias_estimate__struct.h\n'}
[2.499075] (px4_msgs) StdoutLine: {'line': b'-- Up-to-date symlink: /home/carlos/ros2_ws/install/px4_msgs/include/px4_msgs/px4_msgs/msg/detail/magnetometer_bias_estimate__type_support.h\n'}
[2.499158] (px4_msgs) StdoutLine: {'line': b'-- Up-to-date symlink: /home/carlos/ros2_ws/install/px4_msgs/include/px4_msgs/px4_msgs/msg/detail/manual_control_setpoint__functions.h\n'}
[2.499240] (px4_msgs) StdoutLine: {'line': b'-- Up-to-date symlink: /home/carlos/ros2_ws/install/px4_msgs/include/px4_msgs/px4_msgs/msg/detail/manual_control_setpoint__struct.h\n'}
[2.499325] (px4_msgs) StdoutLine: {'line': b'-- Up-to-date symlink: /home/carlos/ros2_ws/install/px4_msgs/include/px4_msgs/px4_msgs/msg/detail/manual_control_setpoint__type_support.h\n'}
[2.499412] (px4_msgs) StdoutLine: {'line': b'-- Up-to-date symlink: /home/carlos/ros2_ws/install/px4_msgs/include/px4_msgs/px4_msgs/msg/detail/manual_control_switches__functions.h\n'}
[2.499494] (px4_msgs) StdoutLine: {'line': b'-- Up-to-date symlink: /home/carlos/ros2_ws/install/px4_msgs/include/px4_msgs/px4_msgs/msg/detail/manual_control_switches__struct.h\n'}
[2.499607] (px4_msgs) StdoutLine: {'line': b'-- Up-to-date symlink: /home/carlos/ros2_ws/install/px4_msgs/include/px4_msgs/px4_msgs/msg/detail/manual_control_switches__type_support.h\n'}
[2.499696] (px4_msgs) StdoutLine: {'line': b'-- Up-to-date symlink: /home/carlos/ros2_ws/install/px4_msgs/include/px4_msgs/px4_msgs/msg/detail/mavlink_log__functions.h\n'}
[2.499814] (px4_msgs) StdoutLine: {'line': b'-- Up-to-date symlink: /home/carlos/ros2_ws/install/px4_msgs/include/px4_msgs/px4_msgs/msg/detail/mavlink_log__struct.h\n'}
[2.499930] (px4_msgs) StdoutLine: {'line': b'-- Up-to-date symlink: /home/carlos/ros2_ws/install/px4_msgs/include/px4_msgs/px4_msgs/msg/detail/mavlink_log__type_support.h\n'}
[2.500002] (px4_msgs) StdoutLine: {'line': b'-- Up-to-date symlink: /home/carlos/ros2_ws/install/px4_msgs/include/px4_msgs/px4_msgs/msg/detail/mavlink_tunnel__functions.h\n'}
[2.500086] (px4_msgs) StdoutLine: {'line': b'-- Up-to-date symlink: /home/carlos/ros2_ws/install/px4_msgs/include/px4_msgs/px4_msgs/msg/detail/mavlink_tunnel__struct.h\n'}
[2.500172] (px4_msgs) StdoutLine: {'line': b'-- Up-to-date symlink: /home/carlos/ros2_ws/install/px4_msgs/include/px4_msgs/px4_msgs/msg/detail/mavlink_tunnel__type_support.h\n'}
[2.500233] (px4_msgs) StdoutLine: {'line': b'-- Up-to-date symlink: /home/carlos/ros2_ws/install/px4_msgs/include/px4_msgs/px4_msgs/msg/detail/message_format_request__functions.h\n'}
[2.500318] (px4_msgs) StdoutLine: {'line': b'-- Up-to-date symlink: /home/carlos/ros2_ws/install/px4_msgs/include/px4_msgs/px4_msgs/msg/detail/message_format_request__struct.h\n'}
[2.500448] (px4_msgs) StdoutLine: {'line': b'-- Up-to-date symlink: /home/carlos/ros2_ws/install/px4_msgs/include/px4_msgs/px4_msgs/msg/detail/message_format_request__type_support.h\n'}
[2.500530] (px4_msgs) StdoutLine: {'line': b'-- Up-to-date symlink: /home/carlos/ros2_ws/install/px4_msgs/include/px4_msgs/px4_msgs/msg/detail/message_format_response__functions.h\n'}
[2.500608] (px4_msgs) StdoutLine: {'line': b'-- Up-to-date symlink: /home/carlos/ros2_ws/install/px4_msgs/include/px4_msgs/px4_msgs/msg/detail/message_format_response__struct.h\n'}
[2.500669] (px4_msgs) StdoutLine: {'line': b'-- Up-to-date symlink: /home/carlos/ros2_ws/install/px4_msgs/include/px4_msgs/px4_msgs/msg/detail/message_format_response__type_support.h\n'}
[2.500753] (px4_msgs) StdoutLine: {'line': b'-- Up-to-date symlink: /home/carlos/ros2_ws/install/px4_msgs/include/px4_msgs/px4_msgs/msg/detail/mission__functions.h\n'}
[2.500830] (px4_msgs) StdoutLine: {'line': b'-- Up-to-date symlink: /home/carlos/ros2_ws/install/px4_msgs/include/px4_msgs/px4_msgs/msg/detail/mission__struct.h\n'}
[2.500915] (px4_msgs) StdoutLine: {'line': b'-- Up-to-date symlink: /home/carlos/ros2_ws/install/px4_msgs/include/px4_msgs/px4_msgs/msg/detail/mission__type_support.h\n'}
[2.501006] (px4_msgs) StdoutLine: {'line': b'-- Up-to-date symlink: /home/carlos/ros2_ws/install/px4_msgs/include/px4_msgs/px4_msgs/msg/detail/mission_result__functions.h\n'}
[2.501100] (px4_msgs) StdoutLine: {'line': b'-- Up-to-date symlink: /home/carlos/ros2_ws/install/px4_msgs/include/px4_msgs/px4_msgs/msg/detail/mission_result__struct.h\n'}
[2.501182] (px4_msgs) StdoutLine: {'line': b'-- Up-to-date symlink: /home/carlos/ros2_ws/install/px4_msgs/include/px4_msgs/px4_msgs/msg/detail/mission_result__type_support.h\n'}
[2.501264] (px4_msgs) StdoutLine: {'line': b'-- Up-to-date symlink: /home/carlos/ros2_ws/install/px4_msgs/include/px4_msgs/px4_msgs/msg/detail/mode_completed__functions.h\n'}
[2.501353] (px4_msgs) StdoutLine: {'line': b'-- Up-to-date symlink: /home/carlos/ros2_ws/install/px4_msgs/include/px4_msgs/px4_msgs/msg/detail/mode_completed__struct.h\n'}
[2.501442] (px4_msgs) StdoutLine: {'line': b'-- Up-to-date symlink: /home/carlos/ros2_ws/install/px4_msgs/include/px4_msgs/px4_msgs/msg/detail/mode_completed__type_support.h\n'}
[2.501523] (px4_msgs) StdoutLine: {'line': b'-- Up-to-date symlink: /home/carlos/ros2_ws/install/px4_msgs/include/px4_msgs/px4_msgs/msg/detail/mount_orientation__functions.h\n'}
[2.501605] (px4_msgs) StdoutLine: {'line': b'-- Up-to-date symlink: /home/carlos/ros2_ws/install/px4_msgs/include/px4_msgs/px4_msgs/msg/detail/mount_orientation__struct.h\n'}
[2.501686] (px4_msgs) StdoutLine: {'line': b'-- Up-to-date symlink: /home/carlos/ros2_ws/install/px4_msgs/include/px4_msgs/px4_msgs/msg/detail/mount_orientation__type_support.h\n'}
[2.501768] (px4_msgs) StdoutLine: {'line': b'-- Up-to-date symlink: /home/carlos/ros2_ws/install/px4_msgs/include/px4_msgs/px4_msgs/msg/detail/navigator_mission_item__functions.h\n'}
[2.501849] (px4_msgs) StdoutLine: {'line': b'-- Up-to-date symlink: /home/carlos/ros2_ws/install/px4_msgs/include/px4_msgs/px4_msgs/msg/detail/navigator_mission_item__struct.h\n'}
[2.501931] (px4_msgs) StdoutLine: {'line': b'-- Up-to-date symlink: /home/carlos/ros2_ws/install/px4_msgs/include/px4_msgs/px4_msgs/msg/detail/navigator_mission_item__type_support.h\n'}
[2.502023] (px4_msgs) StdoutLine: {'line': b'-- Up-to-date symlink: /home/carlos/ros2_ws/install/px4_msgs/include/px4_msgs/px4_msgs/msg/detail/navigator_status__functions.h\n'}
[2.502111] (px4_msgs) StdoutLine: {'line': b'-- Up-to-date symlink: /home/carlos/ros2_ws/install/px4_msgs/include/px4_msgs/px4_msgs/msg/detail/navigator_status__struct.h\n'}
[2.502193] (px4_msgs) StdoutLine: {'line': b'-- Up-to-date symlink: /home/carlos/ros2_ws/install/px4_msgs/include/px4_msgs/px4_msgs/msg/detail/navigator_status__type_support.h\n'}
[2.502275] (px4_msgs) StdoutLine: {'line': b'-- Up-to-date symlink: /home/carlos/ros2_ws/install/px4_msgs/include/px4_msgs/px4_msgs/msg/detail/neural_control__functions.h\n'}
[2.502365] (px4_msgs) StdoutLine: {'line': b'-- Up-to-date symlink: /home/carlos/ros2_ws/install/px4_msgs/include/px4_msgs/px4_msgs/msg/detail/neural_control__struct.h\n'}
[2.502452] (px4_msgs) StdoutLine: {'line': b'-- Up-to-date symlink: /home/carlos/ros2_ws/install/px4_msgs/include/px4_msgs/px4_msgs/msg/detail/neural_control__type_support.h\n'}
[2.502534] (px4_msgs) StdoutLine: {'line': b'-- Up-to-date symlink: /home/carlos/ros2_ws/install/px4_msgs/include/px4_msgs/px4_msgs/msg/detail/normalized_unsigned_setpoint__functions.h\n'}
[2.502616] (px4_msgs) StdoutLine: {'line': b'-- Up-to-date symlink: /home/carlos/ros2_ws/install/px4_msgs/include/px4_msgs/px4_msgs/msg/detail/normalized_unsigned_setpoint__struct.h\n'}
[2.502698] (px4_msgs) StdoutLine: {'line': b'-- Up-to-date symlink: /home/carlos/ros2_ws/install/px4_msgs/include/px4_msgs/px4_msgs/msg/detail/normalized_unsigned_setpoint__type_support.h\n'}
[2.502780] (px4_msgs) StdoutLine: {'line': b'-- Up-to-date symlink: /home/carlos/ros2_ws/install/px4_msgs/include/px4_msgs/px4_msgs/msg/detail/obstacle_distance__functions.h\n'}
[2.502862] (px4_msgs) StdoutLine: {'line': b'-- Up-to-date symlink: /home/carlos/ros2_ws/install/px4_msgs/include/px4_msgs/px4_msgs/msg/detail/obstacle_distance__struct.h\n'}
[2.502944] (px4_msgs) StdoutLine: {'line': b'-- Up-to-date symlink: /home/carlos/ros2_ws/install/px4_msgs/include/px4_msgs/px4_msgs/msg/detail/obstacle_distance__type_support.h\n'}
[2.503026] (px4_msgs) StdoutLine: {'line': b'-- Up-to-date symlink: /home/carlos/ros2_ws/install/px4_msgs/include/px4_msgs/px4_msgs/msg/detail/offboard_control_mode__functions.h\n'}
[2.503108] (px4_msgs) StdoutLine: {'line': b'-- Up-to-date symlink: /home/carlos/ros2_ws/install/px4_msgs/include/px4_msgs/px4_msgs/msg/detail/offboard_control_mode__struct.h\n'}
[2.503190] (px4_msgs) StdoutLine: {'line': b'-- Up-to-date symlink: /home/carlos/ros2_ws/install/px4_msgs/include/px4_msgs/px4_msgs/msg/detail/offboard_control_mode__type_support.h\n'}
[2.503277] (px4_msgs) StdoutLine: {'line': b'-- Up-to-date symlink: /home/carlos/ros2_ws/install/px4_msgs/include/px4_msgs/px4_msgs/msg/detail/onboard_computer_status__functions.h\n'}
[2.503364] (px4_msgs) StdoutLine: {'line': b'-- Up-to-date symlink: /home/carlos/ros2_ws/install/px4_msgs/include/px4_msgs/px4_msgs/msg/detail/onboard_computer_status__struct.h\n'}
[2.503457] (px4_msgs) StdoutLine: {'line': b'-- Up-to-date symlink: /home/carlos/ros2_ws/install/px4_msgs/include/px4_msgs/px4_msgs/msg/detail/onboard_computer_status__type_support.h\n'}
[2.503540] (px4_msgs) StdoutLine: {'line': b'-- Up-to-date symlink: /home/carlos/ros2_ws/install/px4_msgs/include/px4_msgs/px4_msgs/msg/detail/open_drone_id_arm_status__functions.h\n'}
[2.503621] (px4_msgs) StdoutLine: {'line': b'-- Up-to-date symlink: /home/carlos/ros2_ws/install/px4_msgs/include/px4_msgs/px4_msgs/msg/detail/open_drone_id_arm_status__struct.h\n'}
[2.503703] (px4_msgs) StdoutLine: {'line': b'-- Up-to-date symlink: /home/carlos/ros2_ws/install/px4_msgs/include/px4_msgs/px4_msgs/msg/detail/open_drone_id_arm_status__type_support.h\n'}
[2.503785] (px4_msgs) StdoutLine: {'line': b'-- Up-to-date symlink: /home/carlos/ros2_ws/install/px4_msgs/include/px4_msgs/px4_msgs/msg/detail/open_drone_id_operator_id__functions.h\n'}
[2.503866] (px4_msgs) StdoutLine: {'line': b'-- Up-to-date symlink: /home/carlos/ros2_ws/install/px4_msgs/include/px4_msgs/px4_msgs/msg/detail/open_drone_id_operator_id__struct.h\n'}
[2.503948] (px4_msgs) StdoutLine: {'line': b'-- Up-to-date symlink: /home/carlos/ros2_ws/install/px4_msgs/include/px4_msgs/px4_msgs/msg/detail/open_drone_id_operator_id__type_support.h\n'}
[2.504030] (px4_msgs) StdoutLine: {'line': b'-- Up-to-date symlink: /home/carlos/ros2_ws/install/px4_msgs/include/px4_msgs/px4_msgs/msg/detail/open_drone_id_self_id__functions.h\n'}
[2.504110] (px4_msgs) StdoutLine: {'line': b'-- Up-to-date symlink: /home/carlos/ros2_ws/install/px4_msgs/include/px4_msgs/px4_msgs/msg/detail/open_drone_id_self_id__struct.h\n'}
[2.504192] (px4_msgs) StdoutLine: {'line': b'-- Up-to-date symlink: /home/carlos/ros2_ws/install/px4_msgs/include/px4_msgs/px4_msgs/msg/detail/open_drone_id_self_id__type_support.h\n'}
[2.504273] (px4_msgs) StdoutLine: {'line': b'-- Up-to-date symlink: /home/carlos/ros2_ws/install/px4_msgs/include/px4_msgs/px4_msgs/msg/detail/open_drone_id_system__functions.h\n'}
[2.504361] (px4_msgs) StdoutLine: {'line': b'-- Up-to-date symlink: /home/carlos/ros2_ws/install/px4_msgs/include/px4_msgs/px4_msgs/msg/detail/open_drone_id_system__struct.h\n'}
[2.504449] (px4_msgs) StdoutLine: {'line': b'-- Up-to-date symlink: /home/carlos/ros2_ws/install/px4_msgs/include/px4_msgs/px4_msgs/msg/detail/open_drone_id_system__type_support.h\n'}
[2.504525] (px4_msgs) StdoutLine: {'line': b'-- Up-to-date symlink: /home/carlos/ros2_ws/install/px4_msgs/include/px4_msgs/px4_msgs/msg/detail/orb_test__functions.h\n'}
[2.504607] (px4_msgs) StdoutLine: {'line': b'-- Up-to-date symlink: /home/carlos/ros2_ws/install/px4_msgs/include/px4_msgs/px4_msgs/msg/detail/orb_test__struct.h\n'}
[2.504692] (px4_msgs) StdoutLine: {'line': b'-- Up-to-date symlink: /home/carlos/ros2_ws/install/px4_msgs/include/px4_msgs/px4_msgs/msg/detail/orb_test__type_support.h\n'}
[2.504773] (px4_msgs) StdoutLine: {'line': b'-- Up-to-date symlink: /home/carlos/ros2_ws/install/px4_msgs/include/px4_msgs/px4_msgs/msg/detail/orb_test_large__functions.h\n'}
[2.504855] (px4_msgs) StdoutLine: {'line': b'-- Up-to-date symlink: /home/carlos/ros2_ws/install/px4_msgs/include/px4_msgs/px4_msgs/msg/detail/orb_test_large__struct.h\n'}
[2.504937] (px4_msgs) StdoutLine: {'line': b'-- Up-to-date symlink: /home/carlos/ros2_ws/install/px4_msgs/include/px4_msgs/px4_msgs/msg/detail/orb_test_large__type_support.h\n'}
[2.505019] (px4_msgs) StdoutLine: {'line': b'-- Up-to-date symlink: /home/carlos/ros2_ws/install/px4_msgs/include/px4_msgs/px4_msgs/msg/detail/orb_test_medium__functions.h\n'}
[2.505100] (px4_msgs) StdoutLine: {'line': b'-- Up-to-date symlink: /home/carlos/ros2_ws/install/px4_msgs/include/px4_msgs/px4_msgs/msg/detail/orb_test_medium__struct.h\n'}
[2.505183] (px4_msgs) StdoutLine: {'line': b'-- Up-to-date symlink: /home/carlos/ros2_ws/install/px4_msgs/include/px4_msgs/px4_msgs/msg/detail/orb_test_medium__type_support.h\n'}
[2.505264] (px4_msgs) StdoutLine: {'line': b'-- Up-to-date symlink: /home/carlos/ros2_ws/install/px4_msgs/include/px4_msgs/px4_msgs/msg/detail/orbit_status__functions.h\n'}
[2.505355] (px4_msgs) StdoutLine: {'line': b'-- Up-to-date symlink: /home/carlos/ros2_ws/install/px4_msgs/include/px4_msgs/px4_msgs/msg/detail/orbit_status__struct.h\n'}
[2.505445] (px4_msgs) StdoutLine: {'line': b'-- Up-to-date symlink: /home/carlos/ros2_ws/install/px4_msgs/include/px4_msgs/px4_msgs/msg/detail/orbit_status__type_support.h\n'}
[2.505529] (px4_msgs) StdoutLine: {'line': b'-- Up-to-date symlink: /home/carlos/ros2_ws/install/px4_msgs/include/px4_msgs/px4_msgs/msg/detail/parameter_reset_request__functions.h\n'}
[2.505623] (px4_msgs) StdoutLine: {'line': b'-- Up-to-date symlink: /home/carlos/ros2_ws/install/px4_msgs/include/px4_msgs/px4_msgs/msg/detail/parameter_reset_request__struct.h\n'}
[2.505705] (px4_msgs) StdoutLine: {'line': b'-- Up-to-date symlink: /home/carlos/ros2_ws/install/px4_msgs/include/px4_msgs/px4_msgs/msg/detail/parameter_reset_request__type_support.h\n'}
[2.505788] (px4_msgs) StdoutLine: {'line': b'-- Up-to-date symlink: /home/carlos/ros2_ws/install/px4_msgs/include/px4_msgs/px4_msgs/msg/detail/parameter_set_used_request__functions.h\n'}
[2.505870] (px4_msgs) StdoutLine: {'line': b'-- Up-to-date symlink: /home/carlos/ros2_ws/install/px4_msgs/include/px4_msgs/px4_msgs/msg/detail/parameter_set_used_request__struct.h\n'}
[2.505957] (px4_msgs) StdoutLine: {'line': b'-- Up-to-date symlink: /home/carlos/ros2_ws/install/px4_msgs/include/px4_msgs/px4_msgs/msg/detail/parameter_set_used_request__type_support.h\n'}
[2.506039] (px4_msgs) StdoutLine: {'line': b'-- Up-to-date symlink: /home/carlos/ros2_ws/install/px4_msgs/include/px4_msgs/px4_msgs/msg/detail/parameter_set_value_request__functions.h\n'}
[2.506120] (px4_msgs) StdoutLine: {'line': b'-- Up-to-date symlink: /home/carlos/ros2_ws/install/px4_msgs/include/px4_msgs/px4_msgs/msg/detail/parameter_set_value_request__struct.h\n'}
[2.506202] (px4_msgs) StdoutLine: {'line': b'-- Up-to-date symlink: /home/carlos/ros2_ws/install/px4_msgs/include/px4_msgs/px4_msgs/msg/detail/parameter_set_value_request__type_support.h\n'}
[2.506284] (px4_msgs) StdoutLine: {'line': b'-- Up-to-date symlink: /home/carlos/ros2_ws/install/px4_msgs/include/px4_msgs/px4_msgs/msg/detail/parameter_set_value_response__functions.h\n'}
[2.506379] (px4_msgs) StdoutLine: {'line': b'-- Up-to-date symlink: /home/carlos/ros2_ws/install/px4_msgs/include/px4_msgs/px4_msgs/msg/detail/parameter_set_value_response__struct.h\n'}
[2.506461] (px4_msgs) StdoutLine: {'line': b'-- Up-to-date symlink: /home/carlos/ros2_ws/install/px4_msgs/include/px4_msgs/px4_msgs/msg/detail/parameter_set_value_response__type_support.h\n'}
[2.506542] (px4_msgs) StdoutLine: {'line': b'-- Up-to-date symlink: /home/carlos/ros2_ws/install/px4_msgs/include/px4_msgs/px4_msgs/msg/detail/parameter_update__functions.h\n'}
[2.506669] (px4_msgs) StdoutLine: {'line': b'-- Up-to-date symlink: /home/carlos/ros2_ws/install/px4_msgs/include/px4_msgs/px4_msgs/msg/detail/parameter_update__struct.h\n'}
[2.506787] (px4_msgs) StdoutLine: {'line': b'-- Up-to-date symlink: /home/carlos/ros2_ws/install/px4_msgs/include/px4_msgs/px4_msgs/msg/detail/parameter_update__type_support.h\n'}
[2.506849] (px4_msgs) StdoutLine: {'line': b'-- Up-to-date symlink: /home/carlos/ros2_ws/install/px4_msgs/include/px4_msgs/px4_msgs/msg/detail/ping__functions.h\n'}
[2.506930] (px4_msgs) StdoutLine: {'line': b'-- Up-to-date symlink: /home/carlos/ros2_ws/install/px4_msgs/include/px4_msgs/px4_msgs/msg/detail/ping__struct.h\n'}
[2.507012] (px4_msgs) StdoutLine: {'line': b'-- Up-to-date symlink: /home/carlos/ros2_ws/install/px4_msgs/include/px4_msgs/px4_msgs/msg/detail/ping__type_support.h\n'}
[2.507095] (px4_msgs) StdoutLine: {'line': b'-- Up-to-date symlink: /home/carlos/ros2_ws/install/px4_msgs/include/px4_msgs/px4_msgs/msg/detail/position_controller_landing_status__functions.h\n'}
[2.507179] (px4_msgs) StdoutLine: {'line': b'-- Up-to-date symlink: /home/carlos/ros2_ws/install/px4_msgs/include/px4_msgs/px4_msgs/msg/detail/position_controller_landing_status__struct.h\n'}
[2.507261] (px4_msgs) StdoutLine: {'line': b'-- Up-to-date symlink: /home/carlos/ros2_ws/install/px4_msgs/include/px4_msgs/px4_msgs/msg/detail/position_controller_landing_status__type_support.h\n'}
[2.507354] (px4_msgs) StdoutLine: {'line': b'-- Up-to-date symlink: /home/carlos/ros2_ws/install/px4_msgs/include/px4_msgs/px4_msgs/msg/detail/position_controller_status__functions.h\n'}
[2.507442] (px4_msgs) StdoutLine: {'line': b'-- Up-to-date symlink: /home/carlos/ros2_ws/install/px4_msgs/include/px4_msgs/px4_msgs/msg/detail/position_controller_status__struct.h\n'}
[2.507524] (px4_msgs) StdoutLine: {'line': b'-- Up-to-date symlink: /home/carlos/ros2_ws/install/px4_msgs/include/px4_msgs/px4_msgs/msg/detail/position_controller_status__type_support.h\n'}
[2.507606] (px4_msgs) StdoutLine: {'line': b'-- Up-to-date symlink: /home/carlos/ros2_ws/install/px4_msgs/include/px4_msgs/px4_msgs/msg/detail/position_setpoint__functions.h\n'}
[2.507689] (px4_msgs) StdoutLine: {'line': b'-- Up-to-date symlink: /home/carlos/ros2_ws/install/px4_msgs/include/px4_msgs/px4_msgs/msg/detail/position_setpoint__struct.h\n'}
[2.507770] (px4_msgs) StdoutLine: {'line': b'-- Up-to-date symlink: /home/carlos/ros2_ws/install/px4_msgs/include/px4_msgs/px4_msgs/msg/detail/position_setpoint__type_support.h\n'}
[2.507861] (px4_msgs) StdoutLine: {'line': b'-- Up-to-date symlink: /home/carlos/ros2_ws/install/px4_msgs/include/px4_msgs/px4_msgs/msg/detail/position_setpoint_triplet__functions.h\n'}
[2.507945] (px4_msgs) StdoutLine: {'line': b'-- Up-to-date symlink: /home/carlos/ros2_ws/install/px4_msgs/include/px4_msgs/px4_msgs/msg/detail/position_setpoint_triplet__struct.h\n'}
[2.508027] (px4_msgs) StdoutLine: {'line': b'-- Up-to-date symlink: /home/carlos/ros2_ws/install/px4_msgs/include/px4_msgs/px4_msgs/msg/detail/position_setpoint_triplet__type_support.h\n'}
[2.508108] (px4_msgs) StdoutLine: {'line': b'-- Up-to-date symlink: /home/carlos/ros2_ws/install/px4_msgs/include/px4_msgs/px4_msgs/msg/detail/power_button_state__functions.h\n'}
[2.508154] (-) TimerEvent: {}
[2.508223] (px4_msgs) StdoutLine: {'line': b'-- Up-to-date symlink: /home/carlos/ros2_ws/install/px4_msgs/include/px4_msgs/px4_msgs/msg/detail/power_button_state__struct.h\n'}
[2.508293] (px4_msgs) StdoutLine: {'line': b'-- Up-to-date symlink: /home/carlos/ros2_ws/install/px4_msgs/include/px4_msgs/px4_msgs/msg/detail/power_button_state__type_support.h\n'}
[2.508361] (px4_msgs) StdoutLine: {'line': b'-- Up-to-date symlink: /home/carlos/ros2_ws/install/px4_msgs/include/px4_msgs/px4_msgs/msg/detail/power_monitor__functions.h\n'}
[2.508448] (px4_msgs) StdoutLine: {'line': b'-- Up-to-date symlink: /home/carlos/ros2_ws/install/px4_msgs/include/px4_msgs/px4_msgs/msg/detail/power_monitor__struct.h\n'}
[2.508531] (px4_msgs) StdoutLine: {'line': b'-- Up-to-date symlink: /home/carlos/ros2_ws/install/px4_msgs/include/px4_msgs/px4_msgs/msg/detail/power_monitor__type_support.h\n'}
[2.508613] (px4_msgs) StdoutLine: {'line': b'-- Up-to-date symlink: /home/carlos/ros2_ws/install/px4_msgs/include/px4_msgs/px4_msgs/msg/detail/pps_capture__functions.h\n'}
[2.508695] (px4_msgs) StdoutLine: {'line': b'-- Up-to-date symlink: /home/carlos/ros2_ws/install/px4_msgs/include/px4_msgs/px4_msgs/msg/detail/pps_capture__struct.h\n'}
[2.508776] (px4_msgs) StdoutLine: {'line': b'-- Up-to-date symlink: /home/carlos/ros2_ws/install/px4_msgs/include/px4_msgs/px4_msgs/msg/detail/pps_capture__type_support.h\n'}
[2.508861] (px4_msgs) StdoutLine: {'line': b'-- Up-to-date symlink: /home/carlos/ros2_ws/install/px4_msgs/include/px4_msgs/px4_msgs/msg/detail/pure_pursuit_status__functions.h\n'}
[2.508956] (px4_msgs) StdoutLine: {'line': b'-- Up-to-date symlink: /home/carlos/ros2_ws/install/px4_msgs/include/px4_msgs/px4_msgs/msg/detail/pure_pursuit_status__struct.h\n'}
[2.509038] (px4_msgs) StdoutLine: {'line': b'-- Up-to-date symlink: /home/carlos/ros2_ws/install/px4_msgs/include/px4_msgs/px4_msgs/msg/detail/pure_pursuit_status__type_support.h\n'}
[2.509120] (px4_msgs) StdoutLine: {'line': b'-- Up-to-date symlink: /home/carlos/ros2_ws/install/px4_msgs/include/px4_msgs/px4_msgs/msg/detail/pwm_input__functions.h\n'}
[2.509224] (px4_msgs) StdoutLine: {'line': b'-- Up-to-date symlink: /home/carlos/ros2_ws/install/px4_msgs/include/px4_msgs/px4_msgs/msg/detail/pwm_input__struct.h\n'}
[2.509337] (px4_msgs) StdoutLine: {'line': b'-- Up-to-date symlink: /home/carlos/ros2_ws/install/px4_msgs/include/px4_msgs/px4_msgs/msg/detail/pwm_input__type_support.h\n'}
[2.509442] (px4_msgs) StdoutLine: {'line': b'-- Up-to-date symlink: /home/carlos/ros2_ws/install/px4_msgs/include/px4_msgs/px4_msgs/msg/detail/px4io_status__functions.h\n'}
[2.509586] (px4_msgs) StdoutLine: {'line': b'-- Up-to-date symlink: /home/carlos/ros2_ws/install/px4_msgs/include/px4_msgs/px4_msgs/msg/detail/px4io_status__struct.h\n'}
[2.509723] (px4_msgs) StdoutLine: {'line': b'-- Up-to-date symlink: /home/carlos/ros2_ws/install/px4_msgs/include/px4_msgs/px4_msgs/msg/detail/px4io_status__type_support.h\n'}
[2.509877] (px4_msgs) StdoutLine: {'line': b'-- Up-to-date symlink: /home/carlos/ros2_ws/install/px4_msgs/include/px4_msgs/px4_msgs/msg/detail/qshell_req__functions.h\n'}
[2.509975] (px4_msgs) StdoutLine: {'line': b'-- Up-to-date symlink: /home/carlos/ros2_ws/install/px4_msgs/include/px4_msgs/px4_msgs/msg/detail/qshell_req__struct.h\n'}
[2.510083] (px4_msgs) StdoutLine: {'line': b'-- Up-to-date symlink: /home/carlos/ros2_ws/install/px4_msgs/include/px4_msgs/px4_msgs/msg/detail/qshell_req__type_support.h\n'}
[2.510189] (px4_msgs) StdoutLine: {'line': b'-- Up-to-date symlink: /home/carlos/ros2_ws/install/px4_msgs/include/px4_msgs/px4_msgs/msg/detail/qshell_retval__functions.h\n'}
[2.510259] (px4_msgs) StdoutLine: {'line': b'-- Up-to-date symlink: /home/carlos/ros2_ws/install/px4_msgs/include/px4_msgs/px4_msgs/msg/detail/qshell_retval__struct.h\n'}
[2.510332] (px4_msgs) StdoutLine: {'line': b'-- Up-to-date symlink: /home/carlos/ros2_ws/install/px4_msgs/include/px4_msgs/px4_msgs/msg/detail/qshell_retval__type_support.h\n'}
[2.510444] (px4_msgs) StdoutLine: {'line': b'-- Up-to-date symlink: /home/carlos/ros2_ws/install/px4_msgs/include/px4_msgs/px4_msgs/msg/detail/radio_status__functions.h\n'}
[2.510552] (px4_msgs) StdoutLine: {'line': b'-- Up-to-date symlink: /home/carlos/ros2_ws/install/px4_msgs/include/px4_msgs/px4_msgs/msg/detail/radio_status__struct.h\n'}
[2.510636] (px4_msgs) StdoutLine: {'line': b'-- Up-to-date symlink: /home/carlos/ros2_ws/install/px4_msgs/include/px4_msgs/px4_msgs/msg/detail/radio_status__type_support.h\n'}
[2.510707] (px4_msgs) StdoutLine: {'line': b'-- Up-to-date symlink: /home/carlos/ros2_ws/install/px4_msgs/include/px4_msgs/px4_msgs/msg/detail/rate_ctrl_status__functions.h\n'}
[2.510773] (px4_msgs) StdoutLine: {'line': b'-- Up-to-date symlink: /home/carlos/ros2_ws/install/px4_msgs/include/px4_msgs/px4_msgs/msg/detail/rate_ctrl_status__struct.h\n'}
[2.510834] (px4_msgs) StdoutLine: {'line': b'-- Up-to-date symlink: /home/carlos/ros2_ws/install/px4_msgs/include/px4_msgs/px4_msgs/msg/detail/rate_ctrl_status__type_support.h\n'}
[2.510911] (px4_msgs) StdoutLine: {'line': b'-- Up-to-date symlink: /home/carlos/ros2_ws/install/px4_msgs/include/px4_msgs/px4_msgs/msg/detail/rc_channels__functions.h\n'}
[2.510994] (px4_msgs) StdoutLine: {'line': b'-- Up-to-date symlink: /home/carlos/ros2_ws/install/px4_msgs/include/px4_msgs/px4_msgs/msg/detail/rc_channels__struct.h\n'}
[2.511076] (px4_msgs) StdoutLine: {'line': b'-- Up-to-date symlink: /home/carlos/ros2_ws/install/px4_msgs/include/px4_msgs/px4_msgs/msg/detail/rc_channels__type_support.h\n'}
[2.511159] (px4_msgs) StdoutLine: {'line': b'-- Up-to-date symlink: /home/carlos/ros2_ws/install/px4_msgs/include/px4_msgs/px4_msgs/msg/detail/rc_parameter_map__functions.h\n'}
[2.511241] (px4_msgs) StdoutLine: {'line': b'-- Up-to-date symlink: /home/carlos/ros2_ws/install/px4_msgs/include/px4_msgs/px4_msgs/msg/detail/rc_parameter_map__struct.h\n'}
[2.511327] (px4_msgs) StdoutLine: {'line': b'-- Up-to-date symlink: /home/carlos/ros2_ws/install/px4_msgs/include/px4_msgs/px4_msgs/msg/detail/rc_parameter_map__type_support.h\n'}
[2.511417] (px4_msgs) StdoutLine: {'line': b'-- Up-to-date symlink: /home/carlos/ros2_ws/install/px4_msgs/include/px4_msgs/px4_msgs/msg/detail/register_ext_component_reply__functions.h\n'}
[2.511500] (px4_msgs) StdoutLine: {'line': b'-- Up-to-date symlink: /home/carlos/ros2_ws/install/px4_msgs/include/px4_msgs/px4_msgs/msg/detail/register_ext_component_reply__struct.h\n'}
[2.511582] (px4_msgs) StdoutLine: {'line': b'-- Up-to-date symlink: /home/carlos/ros2_ws/install/px4_msgs/include/px4_msgs/px4_msgs/msg/detail/register_ext_component_reply__type_support.h\n'}
[2.511664] (px4_msgs) StdoutLine: {'line': b'-- Up-to-date symlink: /home/carlos/ros2_ws/install/px4_msgs/include/px4_msgs/px4_msgs/msg/detail/register_ext_component_request__functions.h\n'}
[2.511746] (px4_msgs) StdoutLine: {'line': b'-- Up-to-date symlink: /home/carlos/ros2_ws/install/px4_msgs/include/px4_msgs/px4_msgs/msg/detail/register_ext_component_request__struct.h\n'}
[2.511830] (px4_msgs) StdoutLine: {'line': b'-- Up-to-date symlink: /home/carlos/ros2_ws/install/px4_msgs/include/px4_msgs/px4_msgs/msg/detail/register_ext_component_request__type_support.h\n'}
[2.511916] (px4_msgs) StdoutLine: {'line': b'-- Up-to-date symlink: /home/carlos/ros2_ws/install/px4_msgs/include/px4_msgs/px4_msgs/msg/detail/rover_attitude_setpoint__functions.h\n'}
[2.511998] (px4_msgs) StdoutLine: {'line': b'-- Up-to-date symlink: /home/carlos/ros2_ws/install/px4_msgs/include/px4_msgs/px4_msgs/msg/detail/rover_attitude_setpoint__struct.h\n'}
[2.512079] (px4_msgs) StdoutLine: {'line': b'-- Up-to-date symlink: /home/carlos/ros2_ws/install/px4_msgs/include/px4_msgs/px4_msgs/msg/detail/rover_attitude_setpoint__type_support.h\n'}
[2.512160] (px4_msgs) StdoutLine: {'line': b'-- Up-to-date symlink: /home/carlos/ros2_ws/install/px4_msgs/include/px4_msgs/px4_msgs/msg/detail/rover_attitude_status__functions.h\n'}
[2.512241] (px4_msgs) StdoutLine: {'line': b'-- Up-to-date symlink: /home/carlos/ros2_ws/install/px4_msgs/include/px4_msgs/px4_msgs/msg/detail/rover_attitude_status__struct.h\n'}
[2.512325] (px4_msgs) StdoutLine: {'line': b'-- Up-to-date symlink: /home/carlos/ros2_ws/install/px4_msgs/include/px4_msgs/px4_msgs/msg/detail/rover_attitude_status__type_support.h\n'}
[2.512427] (px4_msgs) StdoutLine: {'line': b'-- Up-to-date symlink: /home/carlos/ros2_ws/install/px4_msgs/include/px4_msgs/px4_msgs/msg/detail/rover_position_setpoint__functions.h\n'}
[2.512511] (px4_msgs) StdoutLine: {'line': b'-- Up-to-date symlink: /home/carlos/ros2_ws/install/px4_msgs/include/px4_msgs/px4_msgs/msg/detail/rover_position_setpoint__struct.h\n'}
[2.512594] (px4_msgs) StdoutLine: {'line': b'-- Up-to-date symlink: /home/carlos/ros2_ws/install/px4_msgs/include/px4_msgs/px4_msgs/msg/detail/rover_position_setpoint__type_support.h\n'}
[2.512677] (px4_msgs) StdoutLine: {'line': b'-- Up-to-date symlink: /home/carlos/ros2_ws/install/px4_msgs/include/px4_msgs/px4_msgs/msg/detail/rover_rate_setpoint__functions.h\n'}
[2.512761] (px4_msgs) StdoutLine: {'line': b'-- Up-to-date symlink: /home/carlos/ros2_ws/install/px4_msgs/include/px4_msgs/px4_msgs/msg/detail/rover_rate_setpoint__struct.h\n'}
[2.512845] (px4_msgs) StdoutLine: {'line': b'-- Up-to-date symlink: /home/carlos/ros2_ws/install/px4_msgs/include/px4_msgs/px4_msgs/msg/detail/rover_rate_setpoint__type_support.h\n'}
[2.512926] (px4_msgs) StdoutLine: {'line': b'-- Up-to-date symlink: /home/carlos/ros2_ws/install/px4_msgs/include/px4_msgs/px4_msgs/msg/detail/rover_rate_status__functions.h\n'}
[2.513007] (px4_msgs) StdoutLine: {'line': b'-- Up-to-date symlink: /home/carlos/ros2_ws/install/px4_msgs/include/px4_msgs/px4_msgs/msg/detail/rover_rate_status__struct.h\n'}
[2.513095] (px4_msgs) StdoutLine: {'line': b'-- Up-to-date symlink: /home/carlos/ros2_ws/install/px4_msgs/include/px4_msgs/px4_msgs/msg/detail/rover_rate_status__type_support.h\n'}
[2.513176] (px4_msgs) StdoutLine: {'line': b'-- Up-to-date symlink: /home/carlos/ros2_ws/install/px4_msgs/include/px4_msgs/px4_msgs/msg/detail/rover_speed_setpoint__functions.h\n'}
[2.513258] (px4_msgs) StdoutLine: {'line': b'-- Up-to-date symlink: /home/carlos/ros2_ws/install/px4_msgs/include/px4_msgs/px4_msgs/msg/detail/rover_speed_setpoint__struct.h\n'}
[2.513359] (px4_msgs) StdoutLine: {'line': b'-- Up-to-date symlink: /home/carlos/ros2_ws/install/px4_msgs/include/px4_msgs/px4_msgs/msg/detail/rover_speed_setpoint__type_support.h\n'}
[2.513441] (px4_msgs) StdoutLine: {'line': b'-- Up-to-date symlink: /home/carlos/ros2_ws/install/px4_msgs/include/px4_msgs/px4_msgs/msg/detail/rover_speed_status__functions.h\n'}
[2.513523] (px4_msgs) StdoutLine: {'line': b'-- Up-to-date symlink: /home/carlos/ros2_ws/install/px4_msgs/include/px4_msgs/px4_msgs/msg/detail/rover_speed_status__struct.h\n'}
[2.513655] (px4_msgs) StdoutLine: {'line': b'-- Up-to-date symlink: /home/carlos/ros2_ws/install/px4_msgs/include/px4_msgs/px4_msgs/msg/detail/rover_speed_status__type_support.h\n'}
[2.513757] (px4_msgs) StdoutLine: {'line': b'-- Up-to-date symlink: /home/carlos/ros2_ws/install/px4_msgs/include/px4_msgs/px4_msgs/msg/detail/rover_steering_setpoint__functions.h\n'}
[2.513830] (px4_msgs) StdoutLine: {'line': b'-- Up-to-date symlink: /home/carlos/ros2_ws/install/px4_msgs/include/px4_msgs/px4_msgs/msg/detail/rover_steering_setpoint__struct.h\n'}
[2.513911] (px4_msgs) StdoutLine: {'line': b'-- Up-to-date symlink: /home/carlos/ros2_ws/install/px4_msgs/include/px4_msgs/px4_msgs/msg/detail/rover_steering_setpoint__type_support.h\n'}
[2.513995] (px4_msgs) StdoutLine: {'line': b'-- Up-to-date symlink: /home/carlos/ros2_ws/install/px4_msgs/include/px4_msgs/px4_msgs/msg/detail/rover_throttle_setpoint__functions.h\n'}
[2.514077] (px4_msgs) StdoutLine: {'line': b'-- Up-to-date symlink: /home/carlos/ros2_ws/install/px4_msgs/include/px4_msgs/px4_msgs/msg/detail/rover_throttle_setpoint__struct.h\n'}
[2.514153] (px4_msgs) StdoutLine: {'line': b'-- Up-to-date symlink: /home/carlos/ros2_ws/install/px4_msgs/include/px4_msgs/px4_msgs/msg/detail/rover_throttle_setpoint__type_support.h\n'}
[2.514237] (px4_msgs) StdoutLine: {'line': b'-- Up-to-date symlink: /home/carlos/ros2_ws/install/px4_msgs/include/px4_msgs/px4_msgs/msg/detail/rpm__functions.h\n'}
[2.514323] (px4_msgs) StdoutLine: {'line': b'-- Up-to-date symlink: /home/carlos/ros2_ws/install/px4_msgs/include/px4_msgs/px4_msgs/msg/detail/rpm__struct.h\n'}
[2.514415] (px4_msgs) StdoutLine: {'line': b'-- Up-to-date symlink: /home/carlos/ros2_ws/install/px4_msgs/include/px4_msgs/px4_msgs/msg/detail/rpm__type_support.h\n'}
[2.514498] (px4_msgs) StdoutLine: {'line': b'-- Up-to-date symlink: /home/carlos/ros2_ws/install/px4_msgs/include/px4_msgs/px4_msgs/msg/detail/rtl_status__functions.h\n'}
[2.514579] (px4_msgs) StdoutLine: {'line': b'-- Up-to-date symlink: /home/carlos/ros2_ws/install/px4_msgs/include/px4_msgs/px4_msgs/msg/detail/rtl_status__struct.h\n'}
[2.514660] (px4_msgs) StdoutLine: {'line': b'-- Up-to-date symlink: /home/carlos/ros2_ws/install/px4_msgs/include/px4_msgs/px4_msgs/msg/detail/rtl_status__type_support.h\n'}
[2.514742] (px4_msgs) StdoutLine: {'line': b'-- Up-to-date symlink: /home/carlos/ros2_ws/install/px4_msgs/include/px4_msgs/px4_msgs/msg/detail/rtl_time_estimate__functions.h\n'}
[2.514836] (px4_msgs) StdoutLine: {'line': b'-- Up-to-date symlink: /home/carlos/ros2_ws/install/px4_msgs/include/px4_msgs/px4_msgs/msg/detail/rtl_time_estimate__struct.h\n'}
[2.514920] (px4_msgs) StdoutLine: {'line': b'-- Up-to-date symlink: /home/carlos/ros2_ws/install/px4_msgs/include/px4_msgs/px4_msgs/msg/detail/rtl_time_estimate__type_support.h\n'}
[2.515002] (px4_msgs) StdoutLine: {'line': b'-- Up-to-date symlink: /home/carlos/ros2_ws/install/px4_msgs/include/px4_msgs/px4_msgs/msg/detail/satellite_info__functions.h\n'}
[2.515084] (px4_msgs) StdoutLine: {'line': b'-- Up-to-date symlink: /home/carlos/ros2_ws/install/px4_msgs/include/px4_msgs/px4_msgs/msg/detail/satellite_info__struct.h\n'}
[2.515166] (px4_msgs) StdoutLine: {'line': b'-- Up-to-date symlink: /home/carlos/ros2_ws/install/px4_msgs/include/px4_msgs/px4_msgs/msg/detail/satellite_info__type_support.h\n'}
[2.515248] (px4_msgs) StdoutLine: {'line': b'-- Up-to-date symlink: /home/carlos/ros2_ws/install/px4_msgs/include/px4_msgs/px4_msgs/msg/detail/sensor_accel__functions.h\n'}
[2.515338] (px4_msgs) StdoutLine: {'line': b'-- Up-to-date symlink: /home/carlos/ros2_ws/install/px4_msgs/include/px4_msgs/px4_msgs/msg/detail/sensor_accel__struct.h\n'}
[2.515429] (px4_msgs) StdoutLine: {'line': b'-- Up-to-date symlink: /home/carlos/ros2_ws/install/px4_msgs/include/px4_msgs/px4_msgs/msg/detail/sensor_accel__type_support.h\n'}
[2.515512] (px4_msgs) StdoutLine: {'line': b'-- Up-to-date symlink: /home/carlos/ros2_ws/install/px4_msgs/include/px4_msgs/px4_msgs/msg/detail/sensor_accel_fifo__functions.h\n'}
[2.515594] (px4_msgs) StdoutLine: {'line': b'-- Up-to-date symlink: /home/carlos/ros2_ws/install/px4_msgs/include/px4_msgs/px4_msgs/msg/detail/sensor_accel_fifo__struct.h\n'}
[2.515677] (px4_msgs) StdoutLine: {'line': b'-- Up-to-date symlink: /home/carlos/ros2_ws/install/px4_msgs/include/px4_msgs/px4_msgs/msg/detail/sensor_accel_fifo__type_support.h\n'}
[2.515760] (px4_msgs) StdoutLine: {'line': b'-- Up-to-date symlink: /home/carlos/ros2_ws/install/px4_msgs/include/px4_msgs/px4_msgs/msg/detail/sensor_airflow__functions.h\n'}
[2.515852] (px4_msgs) StdoutLine: {'line': b'-- Up-to-date symlink: /home/carlos/ros2_ws/install/px4_msgs/include/px4_msgs/px4_msgs/msg/detail/sensor_airflow__struct.h\n'}
[2.515939] (px4_msgs) StdoutLine: {'line': b'-- Up-to-date symlink: /home/carlos/ros2_ws/install/px4_msgs/include/px4_msgs/px4_msgs/msg/detail/sensor_airflow__type_support.h\n'}
[2.516021] (px4_msgs) StdoutLine: {'line': b'-- Up-to-date symlink: /home/carlos/ros2_ws/install/px4_msgs/include/px4_msgs/px4_msgs/msg/detail/sensor_baro__functions.h\n'}
[2.516104] (px4_msgs) StdoutLine: {'line': b'-- Up-to-date symlink: /home/carlos/ros2_ws/install/px4_msgs/include/px4_msgs/px4_msgs/msg/detail/sensor_baro__struct.h\n'}
[2.516186] (px4_msgs) StdoutLine: {'line': b'-- Up-to-date symlink: /home/carlos/ros2_ws/install/px4_msgs/include/px4_msgs/px4_msgs/msg/detail/sensor_baro__type_support.h\n'}
[2.516268] (px4_msgs) StdoutLine: {'line': b'-- Up-to-date symlink: /home/carlos/ros2_ws/install/px4_msgs/include/px4_msgs/px4_msgs/msg/detail/sensor_combined__functions.h\n'}
[2.516355] (px4_msgs) StdoutLine: {'line': b'-- Up-to-date symlink: /home/carlos/ros2_ws/install/px4_msgs/include/px4_msgs/px4_msgs/msg/detail/sensor_combined__struct.h\n'}
[2.516444] (px4_msgs) StdoutLine: {'line': b'-- Up-to-date symlink: /home/carlos/ros2_ws/install/px4_msgs/include/px4_msgs/px4_msgs/msg/detail/sensor_combined__type_support.h\n'}
[2.516531] (px4_msgs) StdoutLine: {'line': b'-- Up-to-date symlink: /home/carlos/ros2_ws/install/px4_msgs/include/px4_msgs/px4_msgs/msg/detail/sensor_correction__functions.h\n'}
[2.516614] (px4_msgs) StdoutLine: {'line': b'-- Up-to-date symlink: /home/carlos/ros2_ws/install/px4_msgs/include/px4_msgs/px4_msgs/msg/detail/sensor_correction__struct.h\n'}
[2.516696] (px4_msgs) StdoutLine: {'line': b'-- Up-to-date symlink: /home/carlos/ros2_ws/install/px4_msgs/include/px4_msgs/px4_msgs/msg/detail/sensor_correction__type_support.h\n'}
[2.516783] (px4_msgs) StdoutLine: {'line': b'-- Up-to-date symlink: /home/carlos/ros2_ws/install/px4_msgs/include/px4_msgs/px4_msgs/msg/detail/sensor_gnss_relative__functions.h\n'}
[2.516866] (px4_msgs) StdoutLine: {'line': b'-- Up-to-date symlink: /home/carlos/ros2_ws/install/px4_msgs/include/px4_msgs/px4_msgs/msg/detail/sensor_gnss_relative__struct.h\n'}
[2.516947] (px4_msgs) StdoutLine: {'line': b'-- Up-to-date symlink: /home/carlos/ros2_ws/install/px4_msgs/include/px4_msgs/px4_msgs/msg/detail/sensor_gnss_relative__type_support.h\n'}
[2.517029] (px4_msgs) StdoutLine: {'line': b'-- Up-to-date symlink: /home/carlos/ros2_ws/install/px4_msgs/include/px4_msgs/px4_msgs/msg/detail/sensor_gnss_status__functions.h\n'}
[2.517111] (px4_msgs) StdoutLine: {'line': b'-- Up-to-date symlink: /home/carlos/ros2_ws/install/px4_msgs/include/px4_msgs/px4_msgs/msg/detail/sensor_gnss_status__struct.h\n'}
[2.517194] (px4_msgs) StdoutLine: {'line': b'-- Up-to-date symlink: /home/carlos/ros2_ws/install/px4_msgs/include/px4_msgs/px4_msgs/msg/detail/sensor_gnss_status__type_support.h\n'}
[2.517276] (px4_msgs) StdoutLine: {'line': b'-- Up-to-date symlink: /home/carlos/ros2_ws/install/px4_msgs/include/px4_msgs/px4_msgs/msg/detail/sensor_gps__functions.h\n'}
[2.517371] (px4_msgs) StdoutLine: {'line': b'-- Up-to-date symlink: /home/carlos/ros2_ws/install/px4_msgs/include/px4_msgs/px4_msgs/msg/detail/sensor_gps__struct.h\n'}
[2.517455] (px4_msgs) StdoutLine: {'line': b'-- Up-to-date symlink: /home/carlos/ros2_ws/install/px4_msgs/include/px4_msgs/px4_msgs/msg/detail/sensor_gps__type_support.h\n'}
[2.517536] (px4_msgs) StdoutLine: {'line': b'-- Up-to-date symlink: /home/carlos/ros2_ws/install/px4_msgs/include/px4_msgs/px4_msgs/msg/detail/sensor_gyro__functions.h\n'}
[2.517618] (px4_msgs) StdoutLine: {'line': b'-- Up-to-date symlink: /home/carlos/ros2_ws/install/px4_msgs/include/px4_msgs/px4_msgs/msg/detail/sensor_gyro__struct.h\n'}
[2.517693] (px4_msgs) StdoutLine: {'line': b'-- Up-to-date symlink: /home/carlos/ros2_ws/install/px4_msgs/include/px4_msgs/px4_msgs/msg/detail/sensor_gyro__type_support.h\n'}
[2.517775] (px4_msgs) StdoutLine: {'line': b'-- Up-to-date symlink: /home/carlos/ros2_ws/install/px4_msgs/include/px4_msgs/px4_msgs/msg/detail/sensor_gyro_fft__functions.h\n'}
[2.517855] (px4_msgs) StdoutLine: {'line': b'-- Up-to-date symlink: /home/carlos/ros2_ws/install/px4_msgs/include/px4_msgs/px4_msgs/msg/detail/sensor_gyro_fft__struct.h\n'}
[2.517937] (px4_msgs) StdoutLine: {'line': b'-- Up-to-date symlink: /home/carlos/ros2_ws/install/px4_msgs/include/px4_msgs/px4_msgs/msg/detail/sensor_gyro_fft__type_support.h\n'}
[2.518018] (px4_msgs) StdoutLine: {'line': b'-- Up-to-date symlink: /home/carlos/ros2_ws/install/px4_msgs/include/px4_msgs/px4_msgs/msg/detail/sensor_gyro_fifo__functions.h\n'}
[2.518101] (px4_msgs) StdoutLine: {'line': b'-- Up-to-date symlink: /home/carlos/ros2_ws/install/px4_msgs/include/px4_msgs/px4_msgs/msg/detail/sensor_gyro_fifo__struct.h\n'}
[2.518182] (px4_msgs) StdoutLine: {'line': b'-- Up-to-date symlink: /home/carlos/ros2_ws/install/px4_msgs/include/px4_msgs/px4_msgs/msg/detail/sensor_gyro_fifo__type_support.h\n'}
[2.518262] (px4_msgs) StdoutLine: {'line': b'-- Up-to-date symlink: /home/carlos/ros2_ws/install/px4_msgs/include/px4_msgs/px4_msgs/msg/detail/sensor_hygrometer__functions.h\n'}
[2.518352] (px4_msgs) StdoutLine: {'line': b'-- Up-to-date symlink: /home/carlos/ros2_ws/install/px4_msgs/include/px4_msgs/px4_msgs/msg/detail/sensor_hygrometer__struct.h\n'}
[2.518444] (px4_msgs) StdoutLine: {'line': b'-- Up-to-date symlink: /home/carlos/ros2_ws/install/px4_msgs/include/px4_msgs/px4_msgs/msg/detail/sensor_hygrometer__type_support.h\n'}
[2.518525] (px4_msgs) StdoutLine: {'line': b'-- Up-to-date symlink: /home/carlos/ros2_ws/install/px4_msgs/include/px4_msgs/px4_msgs/msg/detail/sensor_mag__functions.h\n'}
[2.518607] (px4_msgs) StdoutLine: {'line': b'-- Up-to-date symlink: /home/carlos/ros2_ws/install/px4_msgs/include/px4_msgs/px4_msgs/msg/detail/sensor_mag__struct.h\n'}
[2.518688] (px4_msgs) StdoutLine: {'line': b'-- Up-to-date symlink: /home/carlos/ros2_ws/install/px4_msgs/include/px4_msgs/px4_msgs/msg/detail/sensor_mag__type_support.h\n'}
[2.518771] (px4_msgs) StdoutLine: {'line': b'-- Up-to-date symlink: /home/carlos/ros2_ws/install/px4_msgs/include/px4_msgs/px4_msgs/msg/detail/sensor_optical_flow__functions.h\n'}
[2.518853] (px4_msgs) StdoutLine: {'line': b'-- Up-to-date symlink: /home/carlos/ros2_ws/install/px4_msgs/include/px4_msgs/px4_msgs/msg/detail/sensor_optical_flow__struct.h\n'}
[2.518940] (px4_msgs) StdoutLine: {'line': b'-- Up-to-date symlink: /home/carlos/ros2_ws/install/px4_msgs/include/px4_msgs/px4_msgs/msg/detail/sensor_optical_flow__type_support.h\n'}
[2.519022] (px4_msgs) StdoutLine: {'line': b'-- Up-to-date symlink: /home/carlos/ros2_ws/install/px4_msgs/include/px4_msgs/px4_msgs/msg/detail/sensor_preflight_mag__functions.h\n'}
[2.519104] (px4_msgs) StdoutLine: {'line': b'-- Up-to-date symlink: /home/carlos/ros2_ws/install/px4_msgs/include/px4_msgs/px4_msgs/msg/detail/sensor_preflight_mag__struct.h\n'}
[2.519185] (px4_msgs) StdoutLine: {'line': b'-- Up-to-date symlink: /home/carlos/ros2_ws/install/px4_msgs/include/px4_msgs/px4_msgs/msg/detail/sensor_preflight_mag__type_support.h\n'}
[2.519267] (px4_msgs) StdoutLine: {'line': b'-- Up-to-date symlink: /home/carlos/ros2_ws/install/px4_msgs/include/px4_msgs/px4_msgs/msg/detail/sensor_selection__functions.h\n'}
[2.519376] (px4_msgs) StdoutLine: {'line': b'-- Up-to-date symlink: /home/carlos/ros2_ws/install/px4_msgs/include/px4_msgs/px4_msgs/msg/detail/sensor_selection__struct.h\n'}
[2.519460] (px4_msgs) StdoutLine: {'line': b'-- Up-to-date symlink: /home/carlos/ros2_ws/install/px4_msgs/include/px4_msgs/px4_msgs/msg/detail/sensor_selection__type_support.h\n'}
[2.519545] (px4_msgs) StdoutLine: {'line': b'-- Up-to-date symlink: /home/carlos/ros2_ws/install/px4_msgs/include/px4_msgs/px4_msgs/msg/detail/sensor_uwb__functions.h\n'}
[2.519629] (px4_msgs) StdoutLine: {'line': b'-- Up-to-date symlink: /home/carlos/ros2_ws/install/px4_msgs/include/px4_msgs/px4_msgs/msg/detail/sensor_uwb__struct.h\n'}
[2.519713] (px4_msgs) StdoutLine: {'line': b'-- Up-to-date symlink: /home/carlos/ros2_ws/install/px4_msgs/include/px4_msgs/px4_msgs/msg/detail/sensor_uwb__type_support.h\n'}
[2.519796] (px4_msgs) StdoutLine: {'line': b'-- Up-to-date symlink: /home/carlos/ros2_ws/install/px4_msgs/include/px4_msgs/px4_msgs/msg/detail/sensors_status__functions.h\n'}
[2.519879] (px4_msgs) StdoutLine: {'line': b'-- Up-to-date symlink: /home/carlos/ros2_ws/install/px4_msgs/include/px4_msgs/px4_msgs/msg/detail/sensors_status__struct.h\n'}
[2.519961] (px4_msgs) StdoutLine: {'line': b'-- Up-to-date symlink: /home/carlos/ros2_ws/install/px4_msgs/include/px4_msgs/px4_msgs/msg/detail/sensors_status__type_support.h\n'}
[2.520048] (px4_msgs) StdoutLine: {'line': b'-- Up-to-date symlink: /home/carlos/ros2_ws/install/px4_msgs/include/px4_msgs/px4_msgs/msg/detail/sensors_status_imu__functions.h\n'}
[2.520125] (px4_msgs) StdoutLine: {'line': b'-- Up-to-date symlink: /home/carlos/ros2_ws/install/px4_msgs/include/px4_msgs/px4_msgs/msg/detail/sensors_status_imu__struct.h\n'}
[2.520208] (px4_msgs) StdoutLine: {'line': b'-- Up-to-date symlink: /home/carlos/ros2_ws/install/px4_msgs/include/px4_msgs/px4_msgs/msg/detail/sensors_status_imu__type_support.h\n'}
[2.520291] (px4_msgs) StdoutLine: {'line': b'-- Up-to-date symlink: /home/carlos/ros2_ws/install/px4_msgs/include/px4_msgs/px4_msgs/msg/detail/system_power__functions.h\n'}
[2.520383] (px4_msgs) StdoutLine: {'line': b'-- Up-to-date symlink: /home/carlos/ros2_ws/install/px4_msgs/include/px4_msgs/px4_msgs/msg/detail/system_power__struct.h\n'}
[2.520467] (px4_msgs) StdoutLine: {'line': b'-- Up-to-date symlink: /home/carlos/ros2_ws/install/px4_msgs/include/px4_msgs/px4_msgs/msg/detail/system_power__type_support.h\n'}
[2.520580] (px4_msgs) StdoutLine: {'line': b'-- Up-to-date symlink: /home/carlos/ros2_ws/install/px4_msgs/include/px4_msgs/px4_msgs/msg/detail/takeoff_status__functions.h\n'}
[2.520690] (px4_msgs) StdoutLine: {'line': b'-- Up-to-date symlink: /home/carlos/ros2_ws/install/px4_msgs/include/px4_msgs/px4_msgs/msg/detail/takeoff_status__struct.h\n'}
[2.520772] (px4_msgs) StdoutLine: {'line': b'-- Up-to-date symlink: /home/carlos/ros2_ws/install/px4_msgs/include/px4_msgs/px4_msgs/msg/detail/takeoff_status__type_support.h\n'}
[2.520855] (px4_msgs) StdoutLine: {'line': b'-- Up-to-date symlink: /home/carlos/ros2_ws/install/px4_msgs/include/px4_msgs/px4_msgs/msg/detail/task_stack_info__functions.h\n'}
[2.520937] (px4_msgs) StdoutLine: {'line': b'-- Up-to-date symlink: /home/carlos/ros2_ws/install/px4_msgs/include/px4_msgs/px4_msgs/msg/detail/task_stack_info__struct.h\n'}
[2.521019] (px4_msgs) StdoutLine: {'line': b'-- Up-to-date symlink: /home/carlos/ros2_ws/install/px4_msgs/include/px4_msgs/px4_msgs/msg/detail/task_stack_info__type_support.h\n'}
[2.521101] (px4_msgs) StdoutLine: {'line': b'-- Up-to-date symlink: /home/carlos/ros2_ws/install/px4_msgs/include/px4_msgs/px4_msgs/msg/detail/tecs_status__functions.h\n'}
[2.521183] (px4_msgs) StdoutLine: {'line': b'-- Up-to-date symlink: /home/carlos/ros2_ws/install/px4_msgs/include/px4_msgs/px4_msgs/msg/detail/tecs_status__struct.h\n'}
[2.521265] (px4_msgs) StdoutLine: {'line': b'-- Up-to-date symlink: /home/carlos/ros2_ws/install/px4_msgs/include/px4_msgs/px4_msgs/msg/detail/tecs_status__type_support.h\n'}
[2.521355] (px4_msgs) StdoutLine: {'line': b'-- Up-to-date symlink: /home/carlos/ros2_ws/install/px4_msgs/include/px4_msgs/px4_msgs/msg/detail/telemetry_status__functions.h\n'}
[2.521445] (px4_msgs) StdoutLine: {'line': b'-- Up-to-date symlink: /home/carlos/ros2_ws/install/px4_msgs/include/px4_msgs/px4_msgs/msg/detail/telemetry_status__struct.h\n'}
[2.521527] (px4_msgs) StdoutLine: {'line': b'-- Up-to-date symlink: /home/carlos/ros2_ws/install/px4_msgs/include/px4_msgs/px4_msgs/msg/detail/telemetry_status__type_support.h\n'}
[2.521609] (px4_msgs) StdoutLine: {'line': b'-- Up-to-date symlink: /home/carlos/ros2_ws/install/px4_msgs/include/px4_msgs/px4_msgs/msg/detail/tiltrotor_extra_controls__functions.h\n'}
[2.521691] (px4_msgs) StdoutLine: {'line': b'-- Up-to-date symlink: /home/carlos/ros2_ws/install/px4_msgs/include/px4_msgs/px4_msgs/msg/detail/tiltrotor_extra_controls__struct.h\n'}
[2.521789] (px4_msgs) StdoutLine: {'line': b'-- Up-to-date symlink: /home/carlos/ros2_ws/install/px4_msgs/include/px4_msgs/px4_msgs/msg/detail/tiltrotor_extra_controls__type_support.h\n'}
[2.521872] (px4_msgs) StdoutLine: {'line': b'-- Up-to-date symlink: /home/carlos/ros2_ws/install/px4_msgs/include/px4_msgs/px4_msgs/msg/detail/timesync_status__functions.h\n'}
[2.521954] (px4_msgs) StdoutLine: {'line': b'-- Up-to-date symlink: /home/carlos/ros2_ws/install/px4_msgs/include/px4_msgs/px4_msgs/msg/detail/timesync_status__struct.h\n'}
[2.522037] (px4_msgs) StdoutLine: {'line': b'-- Up-to-date symlink: /home/carlos/ros2_ws/install/px4_msgs/include/px4_msgs/px4_msgs/msg/detail/timesync_status__type_support.h\n'}
[2.522120] (px4_msgs) StdoutLine: {'line': b'-- Up-to-date symlink: /home/carlos/ros2_ws/install/px4_msgs/include/px4_msgs/px4_msgs/msg/detail/trajectory_setpoint6dof__functions.h\n'}
[2.522201] (px4_msgs) StdoutLine: {'line': b'-- Up-to-date symlink: /home/carlos/ros2_ws/install/px4_msgs/include/px4_msgs/px4_msgs/msg/detail/trajectory_setpoint6dof__struct.h\n'}
[2.522283] (px4_msgs) StdoutLine: {'line': b'-- Up-to-date symlink: /home/carlos/ros2_ws/install/px4_msgs/include/px4_msgs/px4_msgs/msg/detail/trajectory_setpoint6dof__type_support.h\n'}
[2.522380] (px4_msgs) StdoutLine: {'line': b'-- Up-to-date symlink: /home/carlos/ros2_ws/install/px4_msgs/include/px4_msgs/px4_msgs/msg/detail/trajectory_setpoint__functions.h\n'}
[2.522467] (px4_msgs) StdoutLine: {'line': b'-- Up-to-date symlink: /home/carlos/ros2_ws/install/px4_msgs/include/px4_msgs/px4_msgs/msg/detail/trajectory_setpoint__struct.h\n'}
[2.522549] (px4_msgs) StdoutLine: {'line': b'-- Up-to-date symlink: /home/carlos/ros2_ws/install/px4_msgs/include/px4_msgs/px4_msgs/msg/detail/trajectory_setpoint__type_support.h\n'}
[2.522630] (px4_msgs) StdoutLine: {'line': b'-- Up-to-date symlink: /home/carlos/ros2_ws/install/px4_msgs/include/px4_msgs/px4_msgs/msg/detail/transponder_report__functions.h\n'}
[2.522712] (px4_msgs) StdoutLine: {'line': b'-- Up-to-date symlink: /home/carlos/ros2_ws/install/px4_msgs/include/px4_msgs/px4_msgs/msg/detail/transponder_report__struct.h\n'}
[2.522794] (px4_msgs) StdoutLine: {'line': b'-- Up-to-date symlink: /home/carlos/ros2_ws/install/px4_msgs/include/px4_msgs/px4_msgs/msg/detail/transponder_report__type_support.h\n'}
[2.522876] (px4_msgs) StdoutLine: {'line': b'-- Up-to-date symlink: /home/carlos/ros2_ws/install/px4_msgs/include/px4_msgs/px4_msgs/msg/detail/tune_control__functions.h\n'}
[2.522958] (px4_msgs) StdoutLine: {'line': b'-- Up-to-date symlink: /home/carlos/ros2_ws/install/px4_msgs/include/px4_msgs/px4_msgs/msg/detail/tune_control__struct.h\n'}
[2.523044] (px4_msgs) StdoutLine: {'line': b'-- Up-to-date symlink: /home/carlos/ros2_ws/install/px4_msgs/include/px4_msgs/px4_msgs/msg/detail/tune_control__type_support.h\n'}
[2.523126] (px4_msgs) StdoutLine: {'line': b'-- Up-to-date symlink: /home/carlos/ros2_ws/install/px4_msgs/include/px4_msgs/px4_msgs/msg/detail/uavcan_parameter_request__functions.h\n'}
[2.523208] (px4_msgs) StdoutLine: {'line': b'-- Up-to-date symlink: /home/carlos/ros2_ws/install/px4_msgs/include/px4_msgs/px4_msgs/msg/detail/uavcan_parameter_request__struct.h\n'}
[2.523290] (px4_msgs) StdoutLine: {'line': b'-- Up-to-date symlink: /home/carlos/ros2_ws/install/px4_msgs/include/px4_msgs/px4_msgs/msg/detail/uavcan_parameter_request__type_support.h\n'}
[2.523387] (px4_msgs) StdoutLine: {'line': b'-- Up-to-date symlink: /home/carlos/ros2_ws/install/px4_msgs/include/px4_msgs/px4_msgs/msg/detail/uavcan_parameter_value__functions.h\n'}
[2.523470] (px4_msgs) StdoutLine: {'line': b'-- Up-to-date symlink: /home/carlos/ros2_ws/install/px4_msgs/include/px4_msgs/px4_msgs/msg/detail/uavcan_parameter_value__struct.h\n'}
[2.523551] (px4_msgs) StdoutLine: {'line': b'-- Up-to-date symlink: /home/carlos/ros2_ws/install/px4_msgs/include/px4_msgs/px4_msgs/msg/detail/uavcan_parameter_value__type_support.h\n'}
[2.523633] (px4_msgs) StdoutLine: {'line': b'-- Up-to-date symlink: /home/carlos/ros2_ws/install/px4_msgs/include/px4_msgs/px4_msgs/msg/detail/ulog_stream__functions.h\n'}
[2.523715] (px4_msgs) StdoutLine: {'line': b'-- Up-to-date symlink: /home/carlos/ros2_ws/install/px4_msgs/include/px4_msgs/px4_msgs/msg/detail/ulog_stream__struct.h\n'}
[2.523791] (px4_msgs) StdoutLine: {'line': b'-- Up-to-date symlink: /home/carlos/ros2_ws/install/px4_msgs/include/px4_msgs/px4_msgs/msg/detail/ulog_stream__type_support.h\n'}
[2.523873] (px4_msgs) StdoutLine: {'line': b'-- Up-to-date symlink: /home/carlos/ros2_ws/install/px4_msgs/include/px4_msgs/px4_msgs/msg/detail/ulog_stream_ack__functions.h\n'}
[2.523954] (px4_msgs) StdoutLine: {'line': b'-- Up-to-date symlink: /home/carlos/ros2_ws/install/px4_msgs/include/px4_msgs/px4_msgs/msg/detail/ulog_stream_ack__struct.h\n'}
[2.524037] (px4_msgs) StdoutLine: {'line': b'-- Up-to-date symlink: /home/carlos/ros2_ws/install/px4_msgs/include/px4_msgs/px4_msgs/msg/detail/ulog_stream_ack__type_support.h\n'}
[2.524118] (px4_msgs) StdoutLine: {'line': b'-- Up-to-date symlink: /home/carlos/ros2_ws/install/px4_msgs/include/px4_msgs/px4_msgs/msg/detail/unregister_ext_component__functions.h\n'}
[2.524200] (px4_msgs) StdoutLine: {'line': b'-- Up-to-date symlink: /home/carlos/ros2_ws/install/px4_msgs/include/px4_msgs/px4_msgs/msg/detail/unregister_ext_component__struct.h\n'}
[2.524282] (px4_msgs) StdoutLine: {'line': b'-- Up-to-date symlink: /home/carlos/ros2_ws/install/px4_msgs/include/px4_msgs/px4_msgs/msg/detail/unregister_ext_component__type_support.h\n'}
[2.524377] (px4_msgs) StdoutLine: {'line': b'-- Up-to-date symlink: /home/carlos/ros2_ws/install/px4_msgs/include/px4_msgs/px4_msgs/msg/detail/vehicle_acceleration__functions.h\n'}
[2.524458] (px4_msgs) StdoutLine: {'line': b'-- Up-to-date symlink: /home/carlos/ros2_ws/install/px4_msgs/include/px4_msgs/px4_msgs/msg/detail/vehicle_acceleration__struct.h\n'}
[2.524539] (px4_msgs) StdoutLine: {'line': b'-- Up-to-date symlink: /home/carlos/ros2_ws/install/px4_msgs/include/px4_msgs/px4_msgs/msg/detail/vehicle_acceleration__type_support.h\n'}
[2.524620] (px4_msgs) StdoutLine: {'line': b'-- Up-to-date symlink: /home/carlos/ros2_ws/install/px4_msgs/include/px4_msgs/px4_msgs/msg/detail/vehicle_air_data__functions.h\n'}
[2.524702] (px4_msgs) StdoutLine: {'line': b'-- Up-to-date symlink: /home/carlos/ros2_ws/install/px4_msgs/include/px4_msgs/px4_msgs/msg/detail/vehicle_air_data__struct.h\n'}
[2.524785] (px4_msgs) StdoutLine: {'line': b'-- Up-to-date symlink: /home/carlos/ros2_ws/install/px4_msgs/include/px4_msgs/px4_msgs/msg/detail/vehicle_air_data__type_support.h\n'}
[2.524873] (px4_msgs) StdoutLine: {'line': b'-- Up-to-date symlink: /home/carlos/ros2_ws/install/px4_msgs/include/px4_msgs/px4_msgs/msg/detail/vehicle_angular_acceleration_setpoint__functions.h\n'}
[2.524956] (px4_msgs) StdoutLine: {'line': b'-- Up-to-date symlink: /home/carlos/ros2_ws/install/px4_msgs/include/px4_msgs/px4_msgs/msg/detail/vehicle_angular_acceleration_setpoint__struct.h\n'}
[2.525039] (px4_msgs) StdoutLine: {'line': b'-- Up-to-date symlink: /home/carlos/ros2_ws/install/px4_msgs/include/px4_msgs/px4_msgs/msg/detail/vehicle_angular_acceleration_setpoint__type_support.h\n'}
[2.525121] (px4_msgs) StdoutLine: {'line': b'-- Up-to-date symlink: /home/carlos/ros2_ws/install/px4_msgs/include/px4_msgs/px4_msgs/msg/detail/vehicle_angular_velocity__functions.h\n'}
[2.525202] (px4_msgs) StdoutLine: {'line': b'-- Up-to-date symlink: /home/carlos/ros2_ws/install/px4_msgs/include/px4_msgs/px4_msgs/msg/detail/vehicle_angular_velocity__struct.h\n'}
[2.525284] (px4_msgs) StdoutLine: {'line': b'-- Up-to-date symlink: /home/carlos/ros2_ws/install/px4_msgs/include/px4_msgs/px4_msgs/msg/detail/vehicle_angular_velocity__type_support.h\n'}
[2.525373] (px4_msgs) StdoutLine: {'line': b'-- Up-to-date symlink: /home/carlos/ros2_ws/install/px4_msgs/include/px4_msgs/px4_msgs/msg/detail/vehicle_attitude__functions.h\n'}
[2.525457] (px4_msgs) StdoutLine: {'line': b'-- Up-to-date symlink: /home/carlos/ros2_ws/install/px4_msgs/include/px4_msgs/px4_msgs/msg/detail/vehicle_attitude__struct.h\n'}
[2.525540] (px4_msgs) StdoutLine: {'line': b'-- Up-to-date symlink: /home/carlos/ros2_ws/install/px4_msgs/include/px4_msgs/px4_msgs/msg/detail/vehicle_attitude__type_support.h\n'}
[2.525621] (px4_msgs) StdoutLine: {'line': b'-- Up-to-date symlink: /home/carlos/ros2_ws/install/px4_msgs/include/px4_msgs/px4_msgs/msg/detail/vehicle_attitude_setpoint__functions.h\n'}
[2.525701] (px4_msgs) StdoutLine: {'line': b'-- Up-to-date symlink: /home/carlos/ros2_ws/install/px4_msgs/include/px4_msgs/px4_msgs/msg/detail/vehicle_attitude_setpoint__struct.h\n'}
[2.525783] (px4_msgs) StdoutLine: {'line': b'-- Up-to-date symlink: /home/carlos/ros2_ws/install/px4_msgs/include/px4_msgs/px4_msgs/msg/detail/vehicle_attitude_setpoint__type_support.h\n'}
[2.525866] (px4_msgs) StdoutLine: {'line': b'-- Up-to-date symlink: /home/carlos/ros2_ws/install/px4_msgs/include/px4_msgs/px4_msgs/msg/detail/vehicle_command__functions.h\n'}
[2.525948] (px4_msgs) StdoutLine: {'line': b'-- Up-to-date symlink: /home/carlos/ros2_ws/install/px4_msgs/include/px4_msgs/px4_msgs/msg/detail/vehicle_command__struct.h\n'}
[2.526031] (px4_msgs) StdoutLine: {'line': b'-- Up-to-date symlink: /home/carlos/ros2_ws/install/px4_msgs/include/px4_msgs/px4_msgs/msg/detail/vehicle_command__type_support.h\n'}
[2.526108] (px4_msgs) StdoutLine: {'line': b'-- Up-to-date symlink: /home/carlos/ros2_ws/install/px4_msgs/include/px4_msgs/px4_msgs/msg/detail/vehicle_command_ack__functions.h\n'}
[2.526193] (px4_msgs) StdoutLine: {'line': b'-- Up-to-date symlink: /home/carlos/ros2_ws/install/px4_msgs/include/px4_msgs/px4_msgs/msg/detail/vehicle_command_ack__struct.h\n'}
[2.526284] (px4_msgs) StdoutLine: {'line': b'-- Up-to-date symlink: /home/carlos/ros2_ws/install/px4_msgs/include/px4_msgs/px4_msgs/msg/detail/vehicle_command_ack__type_support.h\n'}
[2.526380] (px4_msgs) StdoutLine: {'line': b'-- Up-to-date symlink: /home/carlos/ros2_ws/install/px4_msgs/include/px4_msgs/px4_msgs/msg/detail/vehicle_constraints__functions.h\n'}
[2.526464] (px4_msgs) StdoutLine: {'line': b'-- Up-to-date symlink: /home/carlos/ros2_ws/install/px4_msgs/include/px4_msgs/px4_msgs/msg/detail/vehicle_constraints__struct.h\n'}
[2.526548] (px4_msgs) StdoutLine: {'line': b'-- Up-to-date symlink: /home/carlos/ros2_ws/install/px4_msgs/include/px4_msgs/px4_msgs/msg/detail/vehicle_constraints__type_support.h\n'}
[2.526631] (px4_msgs) StdoutLine: {'line': b'-- Up-to-date symlink: /home/carlos/ros2_ws/install/px4_msgs/include/px4_msgs/px4_msgs/msg/detail/vehicle_control_mode__functions.h\n'}
[2.526712] (px4_msgs) StdoutLine: {'line': b'-- Up-to-date symlink: /home/carlos/ros2_ws/install/px4_msgs/include/px4_msgs/px4_msgs/msg/detail/vehicle_control_mode__struct.h\n'}
[2.526795] (px4_msgs) StdoutLine: {'line': b'-- Up-to-date symlink: /home/carlos/ros2_ws/install/px4_msgs/include/px4_msgs/px4_msgs/msg/detail/vehicle_control_mode__type_support.h\n'}
[2.526876] (px4_msgs) StdoutLine: {'line': b'-- Up-to-date symlink: /home/carlos/ros2_ws/install/px4_msgs/include/px4_msgs/px4_msgs/msg/detail/vehicle_global_position__functions.h\n'}
[2.526958] (px4_msgs) StdoutLine: {'line': b'-- Up-to-date symlink: /home/carlos/ros2_ws/install/px4_msgs/include/px4_msgs/px4_msgs/msg/detail/vehicle_global_position__struct.h\n'}
[2.527040] (px4_msgs) StdoutLine: {'line': b'-- Up-to-date symlink: /home/carlos/ros2_ws/install/px4_msgs/include/px4_msgs/px4_msgs/msg/detail/vehicle_global_position__type_support.h\n'}
[2.527123] (px4_msgs) StdoutLine: {'line': b'-- Up-to-date symlink: /home/carlos/ros2_ws/install/px4_msgs/include/px4_msgs/px4_msgs/msg/detail/vehicle_imu__functions.h\n'}
[2.527205] (px4_msgs) StdoutLine: {'line': b'-- Up-to-date symlink: /home/carlos/ros2_ws/install/px4_msgs/include/px4_msgs/px4_msgs/msg/detail/vehicle_imu__struct.h\n'}
[2.527392] (px4_msgs) StdoutLine: {'line': b'-- Up-to-date symlink: /home/carlos/ros2_ws/install/px4_msgs/include/px4_msgs/px4_msgs/msg/detail/vehicle_imu__type_support.h\n'}
[2.527619] (px4_msgs) StdoutLine: {'line': b'-- Up-to-date symlink: /home/carlos/ros2_ws/install/px4_msgs/include/px4_msgs/px4_msgs/msg/detail/vehicle_imu_status__functions.h\n'}
[2.527804] (px4_msgs) StdoutLine: {'line': b'-- Up-to-date symlink: /home/carlos/ros2_ws/install/px4_msgs/include/px4_msgs/px4_msgs/msg/detail/vehicle_imu_status__struct.h\n'}
[2.527937] (px4_msgs) StdoutLine: {'line': b'-- Up-to-date symlink: /home/carlos/ros2_ws/install/px4_msgs/include/px4_msgs/px4_msgs/msg/detail/vehicle_imu_status__type_support.h\n'}
[2.528093] (px4_msgs) StdoutLine: {'line': b'-- Up-to-date symlink: /home/carlos/ros2_ws/install/px4_msgs/include/px4_msgs/px4_msgs/msg/detail/vehicle_land_detected__functions.h\n'}
[2.528249] (px4_msgs) StdoutLine: {'line': b'-- Up-to-date symlink: /home/carlos/ros2_ws/install/px4_msgs/include/px4_msgs/px4_msgs/msg/detail/vehicle_land_detected__struct.h\n'}
[2.528416] (px4_msgs) StdoutLine: {'line': b'-- Up-to-date symlink: /home/carlos/ros2_ws/install/px4_msgs/include/px4_msgs/px4_msgs/msg/detail/vehicle_land_detected__type_support.h\n'}
[2.528466] (px4_msgs) StdoutLine: {'line': b'-- Up-to-date symlink: /home/carlos/ros2_ws/install/px4_msgs/include/px4_msgs/px4_msgs/msg/detail/vehicle_local_position__functions.h\n'}
[2.528515] (px4_msgs) StdoutLine: {'line': b'-- Up-to-date symlink: /home/carlos/ros2_ws/install/px4_msgs/include/px4_msgs/px4_msgs/msg/detail/vehicle_local_position__struct.h\n'}
[2.528579] (px4_msgs) StdoutLine: {'line': b'-- Up-to-date symlink: /home/carlos/ros2_ws/install/px4_msgs/include/px4_msgs/px4_msgs/msg/detail/vehicle_local_position__type_support.h\n'}
[2.528624] (px4_msgs) StdoutLine: {'line': b'-- Up-to-date symlink: /home/carlos/ros2_ws/install/px4_msgs/include/px4_msgs/px4_msgs/msg/detail/vehicle_local_position_setpoint__functions.h\n'}
[2.528672] (px4_msgs) StdoutLine: {'line': b'-- Up-to-date symlink: /home/carlos/ros2_ws/install/px4_msgs/include/px4_msgs/px4_msgs/msg/detail/vehicle_local_position_setpoint__struct.h\n'}
[2.528719] (px4_msgs) StdoutLine: {'line': b'-- Up-to-date symlink: /home/carlos/ros2_ws/install/px4_msgs/include/px4_msgs/px4_msgs/msg/detail/vehicle_local_position_setpoint__type_support.h\n'}
[2.528772] (px4_msgs) StdoutLine: {'line': b'-- Up-to-date symlink: /home/carlos/ros2_ws/install/px4_msgs/include/px4_msgs/px4_msgs/msg/detail/vehicle_magnetometer__functions.h\n'}
[2.528852] (px4_msgs) StdoutLine: {'line': b'-- Up-to-date symlink: /home/carlos/ros2_ws/install/px4_msgs/include/px4_msgs/px4_msgs/msg/detail/vehicle_magnetometer__struct.h\n'}
[2.528903] (px4_msgs) StdoutLine: {'line': b'-- Up-to-date symlink: /home/carlos/ros2_ws/install/px4_msgs/include/px4_msgs/px4_msgs/msg/detail/vehicle_magnetometer__type_support.h\n'}
[2.528954] (px4_msgs) StdoutLine: {'line': b'-- Up-to-date symlink: /home/carlos/ros2_ws/install/px4_msgs/include/px4_msgs/px4_msgs/msg/detail/vehicle_odometry__functions.h\n'}
[2.528998] (px4_msgs) StdoutLine: {'line': b'-- Up-to-date symlink: /home/carlos/ros2_ws/install/px4_msgs/include/px4_msgs/px4_msgs/msg/detail/vehicle_odometry__struct.h\n'}
[2.529070] (px4_msgs) StdoutLine: {'line': b'-- Up-to-date symlink: /home/carlos/ros2_ws/install/px4_msgs/include/px4_msgs/px4_msgs/msg/detail/vehicle_odometry__type_support.h\n'}
[2.529137] (px4_msgs) StdoutLine: {'line': b'-- Up-to-date symlink: /home/carlos/ros2_ws/install/px4_msgs/include/px4_msgs/px4_msgs/msg/detail/vehicle_optical_flow__functions.h\n'}
[2.529196] (px4_msgs) StdoutLine: {'line': b'-- Up-to-date symlink: /home/carlos/ros2_ws/install/px4_msgs/include/px4_msgs/px4_msgs/msg/detail/vehicle_optical_flow__struct.h\n'}
[2.529249] (px4_msgs) StdoutLine: {'line': b'-- Up-to-date symlink: /home/carlos/ros2_ws/install/px4_msgs/include/px4_msgs/px4_msgs/msg/detail/vehicle_optical_flow__type_support.h\n'}
[2.529325] (px4_msgs) StdoutLine: {'line': b'-- Up-to-date symlink: /home/carlos/ros2_ws/install/px4_msgs/include/px4_msgs/px4_msgs/msg/detail/vehicle_optical_flow_vel__functions.h\n'}
[2.529411] (px4_msgs) StdoutLine: {'line': b'-- Up-to-date symlink: /home/carlos/ros2_ws/install/px4_msgs/include/px4_msgs/px4_msgs/msg/detail/vehicle_optical_flow_vel__struct.h\n'}
[2.529475] (px4_msgs) StdoutLine: {'line': b'-- Up-to-date symlink: /home/carlos/ros2_ws/install/px4_msgs/include/px4_msgs/px4_msgs/msg/detail/vehicle_optical_flow_vel__type_support.h\n'}
[2.529547] (px4_msgs) StdoutLine: {'line': b'-- Up-to-date symlink: /home/carlos/ros2_ws/install/px4_msgs/include/px4_msgs/px4_msgs/msg/detail/vehicle_rates_setpoint__functions.h\n'}
[2.529630] (px4_msgs) StdoutLine: {'line': b'-- Up-to-date symlink: /home/carlos/ros2_ws/install/px4_msgs/include/px4_msgs/px4_msgs/msg/detail/vehicle_rates_setpoint__struct.h\n'}
[2.529715] (px4_msgs) StdoutLine: {'line': b'-- Up-to-date symlink: /home/carlos/ros2_ws/install/px4_msgs/include/px4_msgs/px4_msgs/msg/detail/vehicle_rates_setpoint__type_support.h\n'}
[2.529823] (px4_msgs) StdoutLine: {'line': b'-- Up-to-date symlink: /home/carlos/ros2_ws/install/px4_msgs/include/px4_msgs/px4_msgs/msg/detail/vehicle_roi__functions.h\n'}
[2.529907] (px4_msgs) StdoutLine: {'line': b'-- Up-to-date symlink: /home/carlos/ros2_ws/install/px4_msgs/include/px4_msgs/px4_msgs/msg/detail/vehicle_roi__struct.h\n'}
[2.529991] (px4_msgs) StdoutLine: {'line': b'-- Up-to-date symlink: /home/carlos/ros2_ws/install/px4_msgs/include/px4_msgs/px4_msgs/msg/detail/vehicle_roi__type_support.h\n'}
[2.530075] (px4_msgs) StdoutLine: {'line': b'-- Up-to-date symlink: /home/carlos/ros2_ws/install/px4_msgs/include/px4_msgs/px4_msgs/msg/detail/vehicle_status__functions.h\n'}
[2.530159] (px4_msgs) StdoutLine: {'line': b'-- Up-to-date symlink: /home/carlos/ros2_ws/install/px4_msgs/include/px4_msgs/px4_msgs/msg/detail/vehicle_status__struct.h\n'}
[2.530243] (px4_msgs) StdoutLine: {'line': b'-- Up-to-date symlink: /home/carlos/ros2_ws/install/px4_msgs/include/px4_msgs/px4_msgs/msg/detail/vehicle_status__type_support.h\n'}
[2.530338] (px4_msgs) StdoutLine: {'line': b'-- Up-to-date symlink: /home/carlos/ros2_ws/install/px4_msgs/include/px4_msgs/px4_msgs/msg/detail/vehicle_thrust_setpoint__functions.h\n'}
[2.530427] (px4_msgs) StdoutLine: {'line': b'-- Up-to-date symlink: /home/carlos/ros2_ws/install/px4_msgs/include/px4_msgs/px4_msgs/msg/detail/vehicle_thrust_setpoint__struct.h\n'}
[2.530512] (px4_msgs) StdoutLine: {'line': b'-- Up-to-date symlink: /home/carlos/ros2_ws/install/px4_msgs/include/px4_msgs/px4_msgs/msg/detail/vehicle_thrust_setpoint__type_support.h\n'}
[2.530596] (px4_msgs) StdoutLine: {'line': b'-- Up-to-date symlink: /home/carlos/ros2_ws/install/px4_msgs/include/px4_msgs/px4_msgs/msg/detail/vehicle_torque_setpoint__functions.h\n'}
[2.530678] (px4_msgs) StdoutLine: {'line': b'-- Up-to-date symlink: /home/carlos/ros2_ws/install/px4_msgs/include/px4_msgs/px4_msgs/msg/detail/vehicle_torque_setpoint__struct.h\n'}
[2.530761] (px4_msgs) StdoutLine: {'line': b'-- Up-to-date symlink: /home/carlos/ros2_ws/install/px4_msgs/include/px4_msgs/px4_msgs/msg/detail/vehicle_torque_setpoint__type_support.h\n'}
[2.530845] (px4_msgs) StdoutLine: {'line': b'-- Up-to-date symlink: /home/carlos/ros2_ws/install/px4_msgs/include/px4_msgs/px4_msgs/msg/detail/velocity_limits__functions.h\n'}
[2.530929] (px4_msgs) StdoutLine: {'line': b'-- Up-to-date symlink: /home/carlos/ros2_ws/install/px4_msgs/include/px4_msgs/px4_msgs/msg/detail/velocity_limits__struct.h\n'}
[2.531021] (px4_msgs) StdoutLine: {'line': b'-- Up-to-date symlink: /home/carlos/ros2_ws/install/px4_msgs/include/px4_msgs/px4_msgs/msg/detail/velocity_limits__type_support.h\n'}
[2.531081] (px4_msgs) StdoutLine: {'line': b'-- Up-to-date symlink: /home/carlos/ros2_ws/install/px4_msgs/include/px4_msgs/px4_msgs/msg/detail/vtol_vehicle_status__functions.h\n'}
[2.531161] (px4_msgs) StdoutLine: {'line': b'-- Up-to-date symlink: /home/carlos/ros2_ws/install/px4_msgs/include/px4_msgs/px4_msgs/msg/detail/vtol_vehicle_status__struct.h\n'}
[2.531242] (px4_msgs) StdoutLine: {'line': b'-- Up-to-date symlink: /home/carlos/ros2_ws/install/px4_msgs/include/px4_msgs/px4_msgs/msg/detail/vtol_vehicle_status__type_support.h\n'}
[2.531328] (px4_msgs) StdoutLine: {'line': b'-- Up-to-date symlink: /home/carlos/ros2_ws/install/px4_msgs/include/px4_msgs/px4_msgs/msg/detail/wheel_encoders__functions.h\n'}
[2.531422] (px4_msgs) StdoutLine: {'line': b'-- Up-to-date symlink: /home/carlos/ros2_ws/install/px4_msgs/include/px4_msgs/px4_msgs/msg/detail/wheel_encoders__struct.h\n'}
[2.531505] (px4_msgs) StdoutLine: {'line': b'-- Up-to-date symlink: /home/carlos/ros2_ws/install/px4_msgs/include/px4_msgs/px4_msgs/msg/detail/wheel_encoders__type_support.h\n'}
[2.531587] (px4_msgs) StdoutLine: {'line': b'-- Up-to-date symlink: /home/carlos/ros2_ws/install/px4_msgs/include/px4_msgs/px4_msgs/msg/detail/wind__functions.h\n'}
[2.531668] (px4_msgs) StdoutLine: {'line': b'-- Up-to-date symlink: /home/carlos/ros2_ws/install/px4_msgs/include/px4_msgs/px4_msgs/msg/detail/wind__struct.h\n'}
[2.531750] (px4_msgs) StdoutLine: {'line': b'-- Up-to-date symlink: /home/carlos/ros2_ws/install/px4_msgs/include/px4_msgs/px4_msgs/msg/detail/wind__type_support.h\n'}
[2.531832] (px4_msgs) StdoutLine: {'line': b'-- Up-to-date symlink: /home/carlos/ros2_ws/install/px4_msgs/include/px4_msgs/px4_msgs/msg/detail/yaw_estimator_status__functions.h\n'}
[2.531914] (px4_msgs) StdoutLine: {'line': b'-- Up-to-date symlink: /home/carlos/ros2_ws/install/px4_msgs/include/px4_msgs/px4_msgs/msg/detail/yaw_estimator_status__struct.h\n'}
[2.531994] (px4_msgs) StdoutLine: {'line': b'-- Up-to-date symlink: /home/carlos/ros2_ws/install/px4_msgs/include/px4_msgs/px4_msgs/msg/detail/yaw_estimator_status__type_support.h\n'}
[2.532072] (px4_msgs) StdoutLine: {'line': b'-- Up-to-date symlink: /home/carlos/ros2_ws/install/px4_msgs/include/px4_msgs/px4_msgs/msg/differential_pressure.h\n'}
[2.532151] (px4_msgs) StdoutLine: {'line': b'-- Up-to-date symlink: /home/carlos/ros2_ws/install/px4_msgs/include/px4_msgs/px4_msgs/msg/distance_sensor.h\n'}
[2.532230] (px4_msgs) StdoutLine: {'line': b'-- Up-to-date symlink: /home/carlos/ros2_ws/install/px4_msgs/include/px4_msgs/px4_msgs/msg/distance_sensor_mode_change_request.h\n'}
[2.532308] (px4_msgs) StdoutLine: {'line': b'-- Up-to-date symlink: /home/carlos/ros2_ws/install/px4_msgs/include/px4_msgs/px4_msgs/msg/dronecan_node_status.h\n'}
[2.532395] (px4_msgs) StdoutLine: {'line': b'-- Up-to-date symlink: /home/carlos/ros2_ws/install/px4_msgs/include/px4_msgs/px4_msgs/msg/ekf2_timestamps.h\n'}
[2.532473] (px4_msgs) StdoutLine: {'line': b'-- Up-to-date symlink: /home/carlos/ros2_ws/install/px4_msgs/include/px4_msgs/px4_msgs/msg/esc_report.h\n'}
[2.532551] (px4_msgs) StdoutLine: {'line': b'-- Up-to-date symlink: /home/carlos/ros2_ws/install/px4_msgs/include/px4_msgs/px4_msgs/msg/esc_status.h\n'}
[2.532629] (px4_msgs) StdoutLine: {'line': b'-- Up-to-date symlink: /home/carlos/ros2_ws/install/px4_msgs/include/px4_msgs/px4_msgs/msg/estimator_aid_source1d.h\n'}
[2.532707] (px4_msgs) StdoutLine: {'line': b'-- Up-to-date symlink: /home/carlos/ros2_ws/install/px4_msgs/include/px4_msgs/px4_msgs/msg/estimator_aid_source2d.h\n'}
[2.532785] (px4_msgs) StdoutLine: {'line': b'-- Up-to-date symlink: /home/carlos/ros2_ws/install/px4_msgs/include/px4_msgs/px4_msgs/msg/estimator_aid_source3d.h\n'}
[2.532863] (px4_msgs) StdoutLine: {'line': b'-- Up-to-date symlink: /home/carlos/ros2_ws/install/px4_msgs/include/px4_msgs/px4_msgs/msg/estimator_bias.h\n'}
[2.532941] (px4_msgs) StdoutLine: {'line': b'-- Up-to-date symlink: /home/carlos/ros2_ws/install/px4_msgs/include/px4_msgs/px4_msgs/msg/estimator_bias3d.h\n'}
[2.533019] (px4_msgs) StdoutLine: {'line': b'-- Up-to-date symlink: /home/carlos/ros2_ws/install/px4_msgs/include/px4_msgs/px4_msgs/msg/estimator_event_flags.h\n'}
[2.533097] (px4_msgs) StdoutLine: {'line': b'-- Up-to-date symlink: /home/carlos/ros2_ws/install/px4_msgs/include/px4_msgs/px4_msgs/msg/estimator_gps_status.h\n'}
[2.533189] (px4_msgs) StdoutLine: {'line': b'-- Up-to-date symlink: /home/carlos/ros2_ws/install/px4_msgs/include/px4_msgs/px4_msgs/msg/estimator_innovations.h\n'}
[2.533278] (px4_msgs) StdoutLine: {'line': b'-- Up-to-date symlink: /home/carlos/ros2_ws/install/px4_msgs/include/px4_msgs/px4_msgs/msg/estimator_selector_status.h\n'}
[2.533368] (px4_msgs) StdoutLine: {'line': b'-- Up-to-date symlink: /home/carlos/ros2_ws/install/px4_msgs/include/px4_msgs/px4_msgs/msg/estimator_sensor_bias.h\n'}
[2.533451] (px4_msgs) StdoutLine: {'line': b'-- Up-to-date symlink: /home/carlos/ros2_ws/install/px4_msgs/include/px4_msgs/px4_msgs/msg/estimator_states.h\n'}
[2.533532] (px4_msgs) StdoutLine: {'line': b'-- Up-to-date symlink: /home/carlos/ros2_ws/install/px4_msgs/include/px4_msgs/px4_msgs/msg/estimator_status.h\n'}
[2.533609] (px4_msgs) StdoutLine: {'line': b'-- Up-to-date symlink: /home/carlos/ros2_ws/install/px4_msgs/include/px4_msgs/px4_msgs/msg/estimator_status_flags.h\n'}
[2.533688] (px4_msgs) StdoutLine: {'line': b'-- Up-to-date symlink: /home/carlos/ros2_ws/install/px4_msgs/include/px4_msgs/px4_msgs/msg/event.h\n'}
[2.533766] (px4_msgs) StdoutLine: {'line': b'-- Up-to-date symlink: /home/carlos/ros2_ws/install/px4_msgs/include/px4_msgs/px4_msgs/msg/failsafe_flags.h\n'}
[2.533844] (px4_msgs) StdoutLine: {'line': b'-- Up-to-date symlink: /home/carlos/ros2_ws/install/px4_msgs/include/px4_msgs/px4_msgs/msg/failure_detector_status.h\n'}
[2.533922] (px4_msgs) StdoutLine: {'line': b'-- Up-to-date symlink: /home/carlos/ros2_ws/install/px4_msgs/include/px4_msgs/px4_msgs/msg/figure_eight_status.h\n'}
[2.534002] (px4_msgs) StdoutLine: {'line': b'-- Up-to-date symlink: /home/carlos/ros2_ws/install/px4_msgs/include/px4_msgs/px4_msgs/msg/fixed_wing_lateral_guidance_status.h\n'}
[2.534081] (px4_msgs) StdoutLine: {'line': b'-- Up-to-date symlink: /home/carlos/ros2_ws/install/px4_msgs/include/px4_msgs/px4_msgs/msg/fixed_wing_lateral_setpoint.h\n'}
[2.534163] (px4_msgs) StdoutLine: {'line': b'-- Up-to-date symlink: /home/carlos/ros2_ws/install/px4_msgs/include/px4_msgs/px4_msgs/msg/fixed_wing_lateral_status.h\n'}
[2.534243] (px4_msgs) StdoutLine: {'line': b'-- Up-to-date symlink: /home/carlos/ros2_ws/install/px4_msgs/include/px4_msgs/px4_msgs/msg/fixed_wing_longitudinal_setpoint.h\n'}
[2.534328] (px4_msgs) StdoutLine: {'line': b'-- Up-to-date symlink: /home/carlos/ros2_ws/install/px4_msgs/include/px4_msgs/px4_msgs/msg/fixed_wing_runway_control.h\n'}
[2.534436] (px4_msgs) StdoutLine: {'line': b'-- Up-to-date symlink: /home/carlos/ros2_ws/install/px4_msgs/include/px4_msgs/px4_msgs/msg/flight_phase_estimation.h\n'}
[2.534532] (px4_msgs) StdoutLine: {'line': b'-- Up-to-date symlink: /home/carlos/ros2_ws/install/px4_msgs/include/px4_msgs/px4_msgs/msg/follow_target.h\n'}
[2.534625] (px4_msgs) StdoutLine: {'line': b'-- Up-to-date symlink: /home/carlos/ros2_ws/install/px4_msgs/include/px4_msgs/px4_msgs/msg/follow_target_estimator.h\n'}
[2.534718] (px4_msgs) StdoutLine: {'line': b'-- Up-to-date symlink: /home/carlos/ros2_ws/install/px4_msgs/include/px4_msgs/px4_msgs/msg/follow_target_status.h\n'}
[2.534797] (px4_msgs) StdoutLine: {'line': b'-- Up-to-date symlink: /home/carlos/ros2_ws/install/px4_msgs/include/px4_msgs/px4_msgs/msg/fuel_tank_status.h\n'}
[2.534874] (px4_msgs) StdoutLine: {'line': b'-- Up-to-date symlink: /home/carlos/ros2_ws/install/px4_msgs/include/px4_msgs/px4_msgs/msg/generator_status.h\n'}
[2.534952] (px4_msgs) StdoutLine: {'line': b'-- Up-to-date symlink: /home/carlos/ros2_ws/install/px4_msgs/include/px4_msgs/px4_msgs/msg/geofence_result.h\n'}
[2.535031] (px4_msgs) StdoutLine: {'line': b'-- Up-to-date symlink: /home/carlos/ros2_ws/install/px4_msgs/include/px4_msgs/px4_msgs/msg/geofence_status.h\n'}
[2.535108] (px4_msgs) StdoutLine: {'line': b'-- Up-to-date symlink: /home/carlos/ros2_ws/install/px4_msgs/include/px4_msgs/px4_msgs/msg/gimbal_controls.h\n'}
[2.535188] (px4_msgs) StdoutLine: {'line': b'-- Up-to-date symlink: /home/carlos/ros2_ws/install/px4_msgs/include/px4_msgs/px4_msgs/msg/gimbal_device_attitude_status.h\n'}
[2.535266] (px4_msgs) StdoutLine: {'line': b'-- Up-to-date symlink: /home/carlos/ros2_ws/install/px4_msgs/include/px4_msgs/px4_msgs/msg/gimbal_device_information.h\n'}
[2.535354] (px4_msgs) StdoutLine: {'line': b'-- Up-to-date symlink: /home/carlos/ros2_ws/install/px4_msgs/include/px4_msgs/px4_msgs/msg/gimbal_device_set_attitude.h\n'}
[2.535442] (px4_msgs) StdoutLine: {'line': b'-- Up-to-date symlink: /home/carlos/ros2_ws/install/px4_msgs/include/px4_msgs/px4_msgs/msg/gimbal_manager_information.h\n'}
[2.535520] (px4_msgs) StdoutLine: {'line': b'-- Up-to-date symlink: /home/carlos/ros2_ws/install/px4_msgs/include/px4_msgs/px4_msgs/msg/gimbal_manager_set_attitude.h\n'}
[2.535598] (px4_msgs) StdoutLine: {'line': b'-- Up-to-date symlink: /home/carlos/ros2_ws/install/px4_msgs/include/px4_msgs/px4_msgs/msg/gimbal_manager_set_manual_control.h\n'}
[2.535695] (px4_msgs) StdoutLine: {'line': b'-- Up-to-date symlink: /home/carlos/ros2_ws/install/px4_msgs/include/px4_msgs/px4_msgs/msg/gimbal_manager_status.h\n'}
[2.535775] (px4_msgs) StdoutLine: {'line': b'-- Up-to-date symlink: /home/carlos/ros2_ws/install/px4_msgs/include/px4_msgs/px4_msgs/msg/goto_setpoint.h\n'}
[2.535853] (px4_msgs) StdoutLine: {'line': b'-- Up-to-date symlink: /home/carlos/ros2_ws/install/px4_msgs/include/px4_msgs/px4_msgs/msg/gpio_config.h\n'}
[2.535931] (px4_msgs) StdoutLine: {'line': b'-- Up-to-date symlink: /home/carlos/ros2_ws/install/px4_msgs/include/px4_msgs/px4_msgs/msg/gpio_in.h\n'}
[2.536009] (px4_msgs) StdoutLine: {'line': b'-- Up-to-date symlink: /home/carlos/ros2_ws/install/px4_msgs/include/px4_msgs/px4_msgs/msg/gpio_out.h\n'}
[2.536087] (px4_msgs) StdoutLine: {'line': b'-- Up-to-date symlink: /home/carlos/ros2_ws/install/px4_msgs/include/px4_msgs/px4_msgs/msg/gpio_request.h\n'}
[2.536164] (px4_msgs) StdoutLine: {'line': b'-- Up-to-date symlink: /home/carlos/ros2_ws/install/px4_msgs/include/px4_msgs/px4_msgs/msg/gps_dump.h\n'}
[2.536242] (px4_msgs) StdoutLine: {'line': b'-- Up-to-date symlink: /home/carlos/ros2_ws/install/px4_msgs/include/px4_msgs/px4_msgs/msg/gps_inject_data.h\n'}
[2.536354] (px4_msgs) StdoutLine: {'line': b'-- Up-to-date symlink: /home/carlos/ros2_ws/install/px4_msgs/include/px4_msgs/px4_msgs/msg/gripper.h\n'}
[2.536474] (px4_msgs) StdoutLine: {'line': b'-- Up-to-date symlink: /home/carlos/ros2_ws/install/px4_msgs/include/px4_msgs/px4_msgs/msg/health_report.h\n'}
[2.536565] (px4_msgs) StdoutLine: {'line': b'-- Up-to-date symlink: /home/carlos/ros2_ws/install/px4_msgs/include/px4_msgs/px4_msgs/msg/heater_status.h\n'}
[2.536621] (px4_msgs) StdoutLine: {'line': b'-- Up-to-date symlink: /home/carlos/ros2_ws/install/px4_msgs/include/px4_msgs/px4_msgs/msg/home_position.h\n'}
[2.536696] (px4_msgs) StdoutLine: {'line': b'-- Up-to-date symlink: /home/carlos/ros2_ws/install/px4_msgs/include/px4_msgs/px4_msgs/msg/hover_thrust_estimate.h\n'}
[2.536776] (px4_msgs) StdoutLine: {'line': b'-- Up-to-date symlink: /home/carlos/ros2_ws/install/px4_msgs/include/px4_msgs/px4_msgs/msg/input_rc.h\n'}
[2.536861] (px4_msgs) StdoutLine: {'line': b'-- Up-to-date symlink: /home/carlos/ros2_ws/install/px4_msgs/include/px4_msgs/px4_msgs/msg/internal_combustion_engine_control.h\n'}
[2.536959] (px4_msgs) StdoutLine: {'line': b'-- Up-to-date symlink: /home/carlos/ros2_ws/install/px4_msgs/include/px4_msgs/px4_msgs/msg/internal_combustion_engine_status.h\n'}
[2.537088] (px4_msgs) StdoutLine: {'line': b'-- Up-to-date symlink: /home/carlos/ros2_ws/install/px4_msgs/include/px4_msgs/px4_msgs/msg/iridiumsbd_status.h\n'}
[2.537202] (px4_msgs) StdoutLine: {'line': b'-- Up-to-date symlink: /home/carlos/ros2_ws/install/px4_msgs/include/px4_msgs/px4_msgs/msg/irlock_report.h\n'}
[2.537335] (px4_msgs) StdoutLine: {'line': b'-- Up-to-date symlink: /home/carlos/ros2_ws/install/px4_msgs/include/px4_msgs/px4_msgs/msg/landing_gear.h\n'}
[2.537438] (px4_msgs) StdoutLine: {'line': b'-- Up-to-date symlink: /home/carlos/ros2_ws/install/px4_msgs/include/px4_msgs/px4_msgs/msg/landing_gear_wheel.h\n'}
[2.537579] (px4_msgs) StdoutLine: {'line': b'-- Up-to-date symlink: /home/carlos/ros2_ws/install/px4_msgs/include/px4_msgs/px4_msgs/msg/landing_target_innovations.h\n'}
[2.537675] (px4_msgs) StdoutLine: {'line': b'-- Up-to-date symlink: /home/carlos/ros2_ws/install/px4_msgs/include/px4_msgs/px4_msgs/msg/landing_target_pose.h\n'}
[2.537811] (px4_msgs) StdoutLine: {'line': b'-- Up-to-date symlink: /home/carlos/ros2_ws/install/px4_msgs/include/px4_msgs/px4_msgs/msg/lateral_control_configuration.h\n'}
[2.537942] (px4_msgs) StdoutLine: {'line': b'-- Up-to-date symlink: /home/carlos/ros2_ws/install/px4_msgs/include/px4_msgs/px4_msgs/msg/launch_detection_status.h\n'}
[2.538051] (px4_msgs) StdoutLine: {'line': b'-- Up-to-date symlink: /home/carlos/ros2_ws/install/px4_msgs/include/px4_msgs/px4_msgs/msg/led_control.h\n'}
[2.538096] (px4_msgs) StdoutLine: {'line': b'-- Up-to-date symlink: /home/carlos/ros2_ws/install/px4_msgs/include/px4_msgs/px4_msgs/msg/log_message.h\n'}
[2.538138] (px4_msgs) StdoutLine: {'line': b'-- Up-to-date symlink: /home/carlos/ros2_ws/install/px4_msgs/include/px4_msgs/px4_msgs/msg/logger_status.h\n'}
[2.538181] (px4_msgs) StdoutLine: {'line': b'-- Up-to-date symlink: /home/carlos/ros2_ws/install/px4_msgs/include/px4_msgs/px4_msgs/msg/longitudinal_control_configuration.h\n'}
[2.538223] (px4_msgs) StdoutLine: {'line': b'-- Up-to-date symlink: /home/carlos/ros2_ws/install/px4_msgs/include/px4_msgs/px4_msgs/msg/mag_worker_data.h\n'}
[2.538279] (px4_msgs) StdoutLine: {'line': b'-- Up-to-date symlink: /home/carlos/ros2_ws/install/px4_msgs/include/px4_msgs/px4_msgs/msg/magnetometer_bias_estimate.h\n'}
[2.538329] (px4_msgs) StdoutLine: {'line': b'-- Up-to-date symlink: /home/carlos/ros2_ws/install/px4_msgs/include/px4_msgs/px4_msgs/msg/manual_control_setpoint.h\n'}
[2.538394] (px4_msgs) StdoutLine: {'line': b'-- Up-to-date symlink: /home/carlos/ros2_ws/install/px4_msgs/include/px4_msgs/px4_msgs/msg/manual_control_switches.h\n'}
[2.538438] (px4_msgs) StdoutLine: {'line': b'-- Up-to-date symlink: /home/carlos/ros2_ws/install/px4_msgs/include/px4_msgs/px4_msgs/msg/mavlink_log.h\n'}
[2.538479] (px4_msgs) StdoutLine: {'line': b'-- Up-to-date symlink: /home/carlos/ros2_ws/install/px4_msgs/include/px4_msgs/px4_msgs/msg/mavlink_tunnel.h\n'}
[2.538550] (px4_msgs) StdoutLine: {'line': b'-- Up-to-date symlink: /home/carlos/ros2_ws/install/px4_msgs/include/px4_msgs/px4_msgs/msg/message_format_request.h\n'}
[2.538598] (px4_msgs) StdoutLine: {'line': b'-- Up-to-date symlink: /home/carlos/ros2_ws/install/px4_msgs/include/px4_msgs/px4_msgs/msg/message_format_response.h\n'}
[2.538641] (px4_msgs) StdoutLine: {'line': b'-- Up-to-date symlink: /home/carlos/ros2_ws/install/px4_msgs/include/px4_msgs/px4_msgs/msg/mission.h\n'}
[2.538699] (px4_msgs) StdoutLine: {'line': b'-- Up-to-date symlink: /home/carlos/ros2_ws/install/px4_msgs/include/px4_msgs/px4_msgs/msg/mission_result.h\n'}
[2.538743] (px4_msgs) StdoutLine: {'line': b'-- Up-to-date symlink: /home/carlos/ros2_ws/install/px4_msgs/include/px4_msgs/px4_msgs/msg/mode_completed.h\n'}
[2.538795] (px4_msgs) StdoutLine: {'line': b'-- Up-to-date symlink: /home/carlos/ros2_ws/install/px4_msgs/include/px4_msgs/px4_msgs/msg/mount_orientation.h\n'}
[2.538854] (px4_msgs) StdoutLine: {'line': b'-- Up-to-date symlink: /home/carlos/ros2_ws/install/px4_msgs/include/px4_msgs/px4_msgs/msg/navigator_mission_item.h\n'}
[2.538932] (px4_msgs) StdoutLine: {'line': b'-- Up-to-date symlink: /home/carlos/ros2_ws/install/px4_msgs/include/px4_msgs/px4_msgs/msg/navigator_status.h\n'}
[2.539009] (px4_msgs) StdoutLine: {'line': b'-- Up-to-date symlink: /home/carlos/ros2_ws/install/px4_msgs/include/px4_msgs/px4_msgs/msg/neural_control.h\n'}
[2.539088] (px4_msgs) StdoutLine: {'line': b'-- Up-to-date symlink: /home/carlos/ros2_ws/install/px4_msgs/include/px4_msgs/px4_msgs/msg/normalized_unsigned_setpoint.h\n'}
[2.539166] (px4_msgs) StdoutLine: {'line': b'-- Up-to-date symlink: /home/carlos/ros2_ws/install/px4_msgs/include/px4_msgs/px4_msgs/msg/obstacle_distance.h\n'}
[2.539245] (px4_msgs) StdoutLine: {'line': b'-- Up-to-date symlink: /home/carlos/ros2_ws/install/px4_msgs/include/px4_msgs/px4_msgs/msg/offboard_control_mode.h\n'}
[2.539327] (px4_msgs) StdoutLine: {'line': b'-- Up-to-date symlink: /home/carlos/ros2_ws/install/px4_msgs/include/px4_msgs/px4_msgs/msg/onboard_computer_status.h\n'}
[2.539411] (px4_msgs) StdoutLine: {'line': b'-- Up-to-date symlink: /home/carlos/ros2_ws/install/px4_msgs/include/px4_msgs/px4_msgs/msg/open_drone_id_arm_status.h\n'}
[2.539489] (px4_msgs) StdoutLine: {'line': b'-- Up-to-date symlink: /home/carlos/ros2_ws/install/px4_msgs/include/px4_msgs/px4_msgs/msg/open_drone_id_operator_id.h\n'}
[2.539567] (px4_msgs) StdoutLine: {'line': b'-- Up-to-date symlink: /home/carlos/ros2_ws/install/px4_msgs/include/px4_msgs/px4_msgs/msg/open_drone_id_self_id.h\n'}
[2.539644] (px4_msgs) StdoutLine: {'line': b'-- Up-to-date symlink: /home/carlos/ros2_ws/install/px4_msgs/include/px4_msgs/px4_msgs/msg/open_drone_id_system.h\n'}
[2.539722] (px4_msgs) StdoutLine: {'line': b'-- Up-to-date symlink: /home/carlos/ros2_ws/install/px4_msgs/include/px4_msgs/px4_msgs/msg/orb_test.h\n'}
[2.539801] (px4_msgs) StdoutLine: {'line': b'-- Up-to-date symlink: /home/carlos/ros2_ws/install/px4_msgs/include/px4_msgs/px4_msgs/msg/orb_test_large.h\n'}
[2.539878] (px4_msgs) StdoutLine: {'line': b'-- Up-to-date symlink: /home/carlos/ros2_ws/install/px4_msgs/include/px4_msgs/px4_msgs/msg/orb_test_medium.h\n'}
[2.539955] (px4_msgs) StdoutLine: {'line': b'-- Up-to-date symlink: /home/carlos/ros2_ws/install/px4_msgs/include/px4_msgs/px4_msgs/msg/orbit_status.h\n'}
[2.540034] (px4_msgs) StdoutLine: {'line': b'-- Up-to-date symlink: /home/carlos/ros2_ws/install/px4_msgs/include/px4_msgs/px4_msgs/msg/parameter_reset_request.h\n'}
[2.540122] (px4_msgs) StdoutLine: {'line': b'-- Up-to-date symlink: /home/carlos/ros2_ws/install/px4_msgs/include/px4_msgs/px4_msgs/msg/parameter_set_used_request.h\n'}
[2.540203] (px4_msgs) StdoutLine: {'line': b'-- Up-to-date symlink: /home/carlos/ros2_ws/install/px4_msgs/include/px4_msgs/px4_msgs/msg/parameter_set_value_request.h\n'}
[2.540286] (px4_msgs) StdoutLine: {'line': b'-- Up-to-date symlink: /home/carlos/ros2_ws/install/px4_msgs/include/px4_msgs/px4_msgs/msg/parameter_set_value_response.h\n'}
[2.540373] (px4_msgs) StdoutLine: {'line': b'-- Up-to-date symlink: /home/carlos/ros2_ws/install/px4_msgs/include/px4_msgs/px4_msgs/msg/parameter_update.h\n'}
[2.540462] (px4_msgs) StdoutLine: {'line': b'-- Up-to-date symlink: /home/carlos/ros2_ws/install/px4_msgs/include/px4_msgs/px4_msgs/msg/ping.h\n'}
[2.540549] (px4_msgs) StdoutLine: {'line': b'-- Up-to-date symlink: /home/carlos/ros2_ws/install/px4_msgs/include/px4_msgs/px4_msgs/msg/position_controller_landing_status.h\n'}
[2.540630] (px4_msgs) StdoutLine: {'line': b'-- Up-to-date symlink: /home/carlos/ros2_ws/install/px4_msgs/include/px4_msgs/px4_msgs/msg/position_controller_status.h\n'}
[2.540708] (px4_msgs) StdoutLine: {'line': b'-- Up-to-date symlink: /home/carlos/ros2_ws/install/px4_msgs/include/px4_msgs/px4_msgs/msg/position_setpoint.h\n'}
[2.540786] (px4_msgs) StdoutLine: {'line': b'-- Up-to-date symlink: /home/carlos/ros2_ws/install/px4_msgs/include/px4_msgs/px4_msgs/msg/position_setpoint_triplet.h\n'}
[2.540865] (px4_msgs) StdoutLine: {'line': b'-- Up-to-date symlink: /home/carlos/ros2_ws/install/px4_msgs/include/px4_msgs/px4_msgs/msg/power_button_state.h\n'}
[2.540943] (px4_msgs) StdoutLine: {'line': b'-- Up-to-date symlink: /home/carlos/ros2_ws/install/px4_msgs/include/px4_msgs/px4_msgs/msg/power_monitor.h\n'}
[2.541021] (px4_msgs) StdoutLine: {'line': b'-- Up-to-date symlink: /home/carlos/ros2_ws/install/px4_msgs/include/px4_msgs/px4_msgs/msg/pps_capture.h\n'}
[2.541100] (px4_msgs) StdoutLine: {'line': b'-- Up-to-date symlink: /home/carlos/ros2_ws/install/px4_msgs/include/px4_msgs/px4_msgs/msg/pure_pursuit_status.h\n'}
[2.541177] (px4_msgs) StdoutLine: {'line': b'-- Up-to-date symlink: /home/carlos/ros2_ws/install/px4_msgs/include/px4_msgs/px4_msgs/msg/pwm_input.h\n'}
[2.541287] (px4_msgs) StdoutLine: {'line': b'-- Up-to-date symlink: /home/carlos/ros2_ws/install/px4_msgs/include/px4_msgs/px4_msgs/msg/px4io_status.h\n'}
[2.541414] (px4_msgs) StdoutLine: {'line': b'-- Up-to-date symlink: /home/carlos/ros2_ws/install/px4_msgs/include/px4_msgs/px4_msgs/msg/qshell_req.h\n'}
[2.541491] (px4_msgs) StdoutLine: {'line': b'-- Up-to-date symlink: /home/carlos/ros2_ws/install/px4_msgs/include/px4_msgs/px4_msgs/msg/qshell_retval.h\n'}
[2.541557] (px4_msgs) StdoutLine: {'line': b'-- Up-to-date symlink: /home/carlos/ros2_ws/install/px4_msgs/include/px4_msgs/px4_msgs/msg/radio_status.h\n'}
[2.541634] (px4_msgs) StdoutLine: {'line': b'-- Up-to-date symlink: /home/carlos/ros2_ws/install/px4_msgs/include/px4_msgs/px4_msgs/msg/rate_ctrl_status.h\n'}
[2.541707] (px4_msgs) StdoutLine: {'line': b'-- Up-to-date symlink: /home/carlos/ros2_ws/install/px4_msgs/include/px4_msgs/px4_msgs/msg/rc_channels.h\n'}
[2.541784] (px4_msgs) StdoutLine: {'line': b'-- Up-to-date symlink: /home/carlos/ros2_ws/install/px4_msgs/include/px4_msgs/px4_msgs/msg/rc_parameter_map.h\n'}
[2.541864] (px4_msgs) StdoutLine: {'line': b'-- Up-to-date symlink: /home/carlos/ros2_ws/install/px4_msgs/include/px4_msgs/px4_msgs/msg/register_ext_component_reply.h\n'}
[2.541942] (px4_msgs) StdoutLine: {'line': b'-- Up-to-date symlink: /home/carlos/ros2_ws/install/px4_msgs/include/px4_msgs/px4_msgs/msg/register_ext_component_request.h\n'}
[2.542022] (px4_msgs) StdoutLine: {'line': b'-- Up-to-date symlink: /home/carlos/ros2_ws/install/px4_msgs/include/px4_msgs/px4_msgs/msg/rosidl_generator_c__visibility_control.h\n'}
[2.542100] (px4_msgs) StdoutLine: {'line': b'-- Up-to-date symlink: /home/carlos/ros2_ws/install/px4_msgs/include/px4_msgs/px4_msgs/msg/rover_attitude_setpoint.h\n'}
[2.542179] (px4_msgs) StdoutLine: {'line': b'-- Up-to-date symlink: /home/carlos/ros2_ws/install/px4_msgs/include/px4_msgs/px4_msgs/msg/rover_attitude_status.h\n'}
[2.542257] (px4_msgs) StdoutLine: {'line': b'-- Up-to-date symlink: /home/carlos/ros2_ws/install/px4_msgs/include/px4_msgs/px4_msgs/msg/rover_position_setpoint.h\n'}
[2.542343] (px4_msgs) StdoutLine: {'line': b'-- Up-to-date symlink: /home/carlos/ros2_ws/install/px4_msgs/include/px4_msgs/px4_msgs/msg/rover_rate_setpoint.h\n'}
[2.542429] (px4_msgs) StdoutLine: {'line': b'-- Up-to-date symlink: /home/carlos/ros2_ws/install/px4_msgs/include/px4_msgs/px4_msgs/msg/rover_rate_status.h\n'}
[2.542519] (px4_msgs) StdoutLine: {'line': b'-- Up-to-date symlink: /home/carlos/ros2_ws/install/px4_msgs/include/px4_msgs/px4_msgs/msg/rover_speed_setpoint.h\n'}
[2.542598] (px4_msgs) StdoutLine: {'line': b'-- Up-to-date symlink: /home/carlos/ros2_ws/install/px4_msgs/include/px4_msgs/px4_msgs/msg/rover_speed_status.h\n'}
[2.542677] (px4_msgs) StdoutLine: {'line': b'-- Up-to-date symlink: /home/carlos/ros2_ws/install/px4_msgs/include/px4_msgs/px4_msgs/msg/rover_steering_setpoint.h\n'}
[2.542756] (px4_msgs) StdoutLine: {'line': b'-- Up-to-date symlink: /home/carlos/ros2_ws/install/px4_msgs/include/px4_msgs/px4_msgs/msg/rover_throttle_setpoint.h\n'}
[2.542834] (px4_msgs) StdoutLine: {'line': b'-- Up-to-date symlink: /home/carlos/ros2_ws/install/px4_msgs/include/px4_msgs/px4_msgs/msg/rpm.h\n'}
[2.542913] (px4_msgs) StdoutLine: {'line': b'-- Up-to-date symlink: /home/carlos/ros2_ws/install/px4_msgs/include/px4_msgs/px4_msgs/msg/rtl_status.h\n'}
[2.542991] (px4_msgs) StdoutLine: {'line': b'-- Up-to-date symlink: /home/carlos/ros2_ws/install/px4_msgs/include/px4_msgs/px4_msgs/msg/rtl_time_estimate.h\n'}
[2.543070] (px4_msgs) StdoutLine: {'line': b'-- Up-to-date symlink: /home/carlos/ros2_ws/install/px4_msgs/include/px4_msgs/px4_msgs/msg/satellite_info.h\n'}
[2.543147] (px4_msgs) StdoutLine: {'line': b'-- Up-to-date symlink: /home/carlos/ros2_ws/install/px4_msgs/include/px4_msgs/px4_msgs/msg/sensor_accel.h\n'}
[2.543229] (px4_msgs) StdoutLine: {'line': b'-- Up-to-date symlink: /home/carlos/ros2_ws/install/px4_msgs/include/px4_msgs/px4_msgs/msg/sensor_accel_fifo.h\n'}
[2.543328] (px4_msgs) StdoutLine: {'line': b'-- Up-to-date symlink: /home/carlos/ros2_ws/install/px4_msgs/include/px4_msgs/px4_msgs/msg/sensor_airflow.h\n'}
[2.543464] (px4_msgs) StdoutLine: {'line': b'-- Up-to-date symlink: /home/carlos/ros2_ws/install/px4_msgs/include/px4_msgs/px4_msgs/msg/sensor_baro.h\n'}
[2.543557] (px4_msgs) StdoutLine: {'line': b'-- Up-to-date symlink: /home/carlos/ros2_ws/install/px4_msgs/include/px4_msgs/px4_msgs/msg/sensor_combined.h\n'}
[2.543627] (px4_msgs) StdoutLine: {'line': b'-- Up-to-date symlink: /home/carlos/ros2_ws/install/px4_msgs/include/px4_msgs/px4_msgs/msg/sensor_correction.h\n'}
[2.543703] (px4_msgs) StdoutLine: {'line': b'-- Up-to-date symlink: /home/carlos/ros2_ws/install/px4_msgs/include/px4_msgs/px4_msgs/msg/sensor_gnss_relative.h\n'}
[2.543786] (px4_msgs) StdoutLine: {'line': b'-- Up-to-date symlink: /home/carlos/ros2_ws/install/px4_msgs/include/px4_msgs/px4_msgs/msg/sensor_gnss_status.h\n'}
[2.543875] (px4_msgs) StdoutLine: {'line': b'-- Up-to-date symlink: /home/carlos/ros2_ws/install/px4_msgs/include/px4_msgs/px4_msgs/msg/sensor_gps.h\n'}
[2.543940] (px4_msgs) StdoutLine: {'line': b'-- Up-to-date symlink: /home/carlos/ros2_ws/install/px4_msgs/include/px4_msgs/px4_msgs/msg/sensor_gyro.h\n'}
[2.544001] (px4_msgs) StdoutLine: {'line': b'-- Up-to-date symlink: /home/carlos/ros2_ws/install/px4_msgs/include/px4_msgs/px4_msgs/msg/sensor_gyro_fft.h\n'}
[2.544063] (px4_msgs) StdoutLine: {'line': b'-- Up-to-date symlink: /home/carlos/ros2_ws/install/px4_msgs/include/px4_msgs/px4_msgs/msg/sensor_gyro_fifo.h\n'}
[2.544123] (px4_msgs) StdoutLine: {'line': b'-- Up-to-date symlink: /home/carlos/ros2_ws/install/px4_msgs/include/px4_msgs/px4_msgs/msg/sensor_hygrometer.h\n'}
[2.544201] (px4_msgs) StdoutLine: {'line': b'-- Up-to-date symlink: /home/carlos/ros2_ws/install/px4_msgs/include/px4_msgs/px4_msgs/msg/sensor_mag.h\n'}
[2.544286] (px4_msgs) StdoutLine: {'line': b'-- Up-to-date symlink: /home/carlos/ros2_ws/install/px4_msgs/include/px4_msgs/px4_msgs/msg/sensor_optical_flow.h\n'}
[2.544429] (px4_msgs) StdoutLine: {'line': b'-- Up-to-date symlink: /home/carlos/ros2_ws/install/px4_msgs/include/px4_msgs/px4_msgs/msg/sensor_preflight_mag.h\n'}
[2.544509] (px4_msgs) StdoutLine: {'line': b'-- Up-to-date symlink: /home/carlos/ros2_ws/install/px4_msgs/include/px4_msgs/px4_msgs/msg/sensor_selection.h\n'}
[2.544570] (px4_msgs) StdoutLine: {'line': b'-- Up-to-date symlink: /home/carlos/ros2_ws/install/px4_msgs/include/px4_msgs/px4_msgs/msg/sensor_uwb.h\n'}
[2.544634] (px4_msgs) StdoutLine: {'line': b'-- Up-to-date symlink: /home/carlos/ros2_ws/install/px4_msgs/include/px4_msgs/px4_msgs/msg/sensors_status.h\n'}
[2.544698] (px4_msgs) StdoutLine: {'line': b'-- Up-to-date symlink: /home/carlos/ros2_ws/install/px4_msgs/include/px4_msgs/px4_msgs/msg/sensors_status_imu.h\n'}
[2.544778] (px4_msgs) StdoutLine: {'line': b'-- Up-to-date symlink: /home/carlos/ros2_ws/install/px4_msgs/include/px4_msgs/px4_msgs/msg/system_power.h\n'}
[2.544854] (px4_msgs) StdoutLine: {'line': b'-- Up-to-date symlink: /home/carlos/ros2_ws/install/px4_msgs/include/px4_msgs/px4_msgs/msg/takeoff_status.h\n'}
[2.544933] (px4_msgs) StdoutLine: {'line': b'-- Up-to-date symlink: /home/carlos/ros2_ws/install/px4_msgs/include/px4_msgs/px4_msgs/msg/task_stack_info.h\n'}
[2.545011] (px4_msgs) StdoutLine: {'line': b'-- Up-to-date symlink: /home/carlos/ros2_ws/install/px4_msgs/include/px4_msgs/px4_msgs/msg/tecs_status.h\n'}
[2.545090] (px4_msgs) StdoutLine: {'line': b'-- Up-to-date symlink: /home/carlos/ros2_ws/install/px4_msgs/include/px4_msgs/px4_msgs/msg/telemetry_status.h\n'}
[2.545169] (px4_msgs) StdoutLine: {'line': b'-- Up-to-date symlink: /home/carlos/ros2_ws/install/px4_msgs/include/px4_msgs/px4_msgs/msg/tiltrotor_extra_controls.h\n'}
[2.545248] (px4_msgs) StdoutLine: {'line': b'-- Up-to-date symlink: /home/carlos/ros2_ws/install/px4_msgs/include/px4_msgs/px4_msgs/msg/timesync_status.h\n'}
[2.545332] (px4_msgs) StdoutLine: {'line': b'-- Up-to-date symlink: /home/carlos/ros2_ws/install/px4_msgs/include/px4_msgs/px4_msgs/msg/trajectory_setpoint.h\n'}
[2.545417] (px4_msgs) StdoutLine: {'line': b'-- Up-to-date symlink: /home/carlos/ros2_ws/install/px4_msgs/include/px4_msgs/px4_msgs/msg/trajectory_setpoint6dof.h\n'}
[2.545494] (px4_msgs) StdoutLine: {'line': b'-- Up-to-date symlink: /home/carlos/ros2_ws/install/px4_msgs/include/px4_msgs/px4_msgs/msg/transponder_report.h\n'}
[2.545571] (px4_msgs) StdoutLine: {'line': b'-- Up-to-date symlink: /home/carlos/ros2_ws/install/px4_msgs/include/px4_msgs/px4_msgs/msg/tune_control.h\n'}
[2.545649] (px4_msgs) StdoutLine: {'line': b'-- Up-to-date symlink: /home/carlos/ros2_ws/install/px4_msgs/include/px4_msgs/px4_msgs/msg/uavcan_parameter_request.h\n'}
[2.545726] (px4_msgs) StdoutLine: {'line': b'-- Up-to-date symlink: /home/carlos/ros2_ws/install/px4_msgs/include/px4_msgs/px4_msgs/msg/uavcan_parameter_value.h\n'}
[2.545803] (px4_msgs) StdoutLine: {'line': b'-- Up-to-date symlink: /home/carlos/ros2_ws/install/px4_msgs/include/px4_msgs/px4_msgs/msg/ulog_stream.h\n'}
[2.545881] (px4_msgs) StdoutLine: {'line': b'-- Up-to-date symlink: /home/carlos/ros2_ws/install/px4_msgs/include/px4_msgs/px4_msgs/msg/ulog_stream_ack.h\n'}
[2.545958] (px4_msgs) StdoutLine: {'line': b'-- Up-to-date symlink: /home/carlos/ros2_ws/install/px4_msgs/include/px4_msgs/px4_msgs/msg/unregister_ext_component.h\n'}
[2.546035] (px4_msgs) StdoutLine: {'line': b'-- Up-to-date symlink: /home/carlos/ros2_ws/install/px4_msgs/include/px4_msgs/px4_msgs/msg/vehicle_acceleration.h\n'}
[2.546112] (px4_msgs) StdoutLine: {'line': b'-- Up-to-date symlink: /home/carlos/ros2_ws/install/px4_msgs/include/px4_msgs/px4_msgs/msg/vehicle_air_data.h\n'}
[2.546191] (px4_msgs) StdoutLine: {'line': b'-- Up-to-date symlink: /home/carlos/ros2_ws/install/px4_msgs/include/px4_msgs/px4_msgs/msg/vehicle_angular_acceleration_setpoint.h\n'}
[2.546268] (px4_msgs) StdoutLine: {'line': b'-- Up-to-date symlink: /home/carlos/ros2_ws/install/px4_msgs/include/px4_msgs/px4_msgs/msg/vehicle_angular_velocity.h\n'}
[2.546353] (px4_msgs) StdoutLine: {'line': b'-- Up-to-date symlink: /home/carlos/ros2_ws/install/px4_msgs/include/px4_msgs/px4_msgs/msg/vehicle_attitude.h\n'}
[2.546431] (px4_msgs) StdoutLine: {'line': b'-- Up-to-date symlink: /home/carlos/ros2_ws/install/px4_msgs/include/px4_msgs/px4_msgs/msg/vehicle_attitude_setpoint.h\n'}
[2.546509] (px4_msgs) StdoutLine: {'line': b'-- Up-to-date symlink: /home/carlos/ros2_ws/install/px4_msgs/include/px4_msgs/px4_msgs/msg/vehicle_command.h\n'}
[2.546587] (px4_msgs) StdoutLine: {'line': b'-- Up-to-date symlink: /home/carlos/ros2_ws/install/px4_msgs/include/px4_msgs/px4_msgs/msg/vehicle_command_ack.h\n'}
[2.546665] (px4_msgs) StdoutLine: {'line': b'-- Up-to-date symlink: /home/carlos/ros2_ws/install/px4_msgs/include/px4_msgs/px4_msgs/msg/vehicle_constraints.h\n'}
[2.546742] (px4_msgs) StdoutLine: {'line': b'-- Up-to-date symlink: /home/carlos/ros2_ws/install/px4_msgs/include/px4_msgs/px4_msgs/msg/vehicle_control_mode.h\n'}
[2.546820] (px4_msgs) StdoutLine: {'line': b'-- Up-to-date symlink: /home/carlos/ros2_ws/install/px4_msgs/include/px4_msgs/px4_msgs/msg/vehicle_global_position.h\n'}
[2.546898] (px4_msgs) StdoutLine: {'line': b'-- Up-to-date symlink: /home/carlos/ros2_ws/install/px4_msgs/include/px4_msgs/px4_msgs/msg/vehicle_imu.h\n'}
[2.546985] (px4_msgs) StdoutLine: {'line': b'-- Up-to-date symlink: /home/carlos/ros2_ws/install/px4_msgs/include/px4_msgs/px4_msgs/msg/vehicle_imu_status.h\n'}
[2.547063] (px4_msgs) StdoutLine: {'line': b'-- Up-to-date symlink: /home/carlos/ros2_ws/install/px4_msgs/include/px4_msgs/px4_msgs/msg/vehicle_land_detected.h\n'}
[2.547144] (px4_msgs) StdoutLine: {'line': b'-- Up-to-date symlink: /home/carlos/ros2_ws/install/px4_msgs/include/px4_msgs/px4_msgs/msg/vehicle_local_position.h\n'}
[2.547221] (px4_msgs) StdoutLine: {'line': b'-- Up-to-date symlink: /home/carlos/ros2_ws/install/px4_msgs/include/px4_msgs/px4_msgs/msg/vehicle_local_position_setpoint.h\n'}
[2.547298] (px4_msgs) StdoutLine: {'line': b'-- Up-to-date symlink: /home/carlos/ros2_ws/install/px4_msgs/include/px4_msgs/px4_msgs/msg/vehicle_magnetometer.h\n'}
[2.547386] (px4_msgs) StdoutLine: {'line': b'-- Up-to-date symlink: /home/carlos/ros2_ws/install/px4_msgs/include/px4_msgs/px4_msgs/msg/vehicle_odometry.h\n'}
[2.547463] (px4_msgs) StdoutLine: {'line': b'-- Up-to-date symlink: /home/carlos/ros2_ws/install/px4_msgs/include/px4_msgs/px4_msgs/msg/vehicle_optical_flow.h\n'}
[2.547540] (px4_msgs) StdoutLine: {'line': b'-- Up-to-date symlink: /home/carlos/ros2_ws/install/px4_msgs/include/px4_msgs/px4_msgs/msg/vehicle_optical_flow_vel.h\n'}
[2.547617] (px4_msgs) StdoutLine: {'line': b'-- Up-to-date symlink: /home/carlos/ros2_ws/install/px4_msgs/include/px4_msgs/px4_msgs/msg/vehicle_rates_setpoint.h\n'}
[2.547701] (px4_msgs) StdoutLine: {'line': b'-- Up-to-date symlink: /home/carlos/ros2_ws/install/px4_msgs/include/px4_msgs/px4_msgs/msg/vehicle_roi.h\n'}
[2.547779] (px4_msgs) StdoutLine: {'line': b'-- Up-to-date symlink: /home/carlos/ros2_ws/install/px4_msgs/include/px4_msgs/px4_msgs/msg/vehicle_status.h\n'}
[2.547857] (px4_msgs) StdoutLine: {'line': b'-- Up-to-date symlink: /home/carlos/ros2_ws/install/px4_msgs/include/px4_msgs/px4_msgs/msg/vehicle_thrust_setpoint.h\n'}
[2.547939] (px4_msgs) StdoutLine: {'line': b'-- Up-to-date symlink: /home/carlos/ros2_ws/install/px4_msgs/include/px4_msgs/px4_msgs/msg/vehicle_torque_setpoint.h\n'}
[2.548037] (px4_msgs) StdoutLine: {'line': b'-- Up-to-date symlink: /home/carlos/ros2_ws/install/px4_msgs/include/px4_msgs/px4_msgs/msg/velocity_limits.h\n'}
[2.548130] (px4_msgs) StdoutLine: {'line': b'-- Up-to-date symlink: /home/carlos/ros2_ws/install/px4_msgs/include/px4_msgs/px4_msgs/msg/vtol_vehicle_status.h\n'}
[2.548221] (px4_msgs) StdoutLine: {'line': b'-- Up-to-date symlink: /home/carlos/ros2_ws/install/px4_msgs/include/px4_msgs/px4_msgs/msg/wheel_encoders.h\n'}
[2.548317] (px4_msgs) StdoutLine: {'line': b'-- Up-to-date symlink: /home/carlos/ros2_ws/install/px4_msgs/include/px4_msgs/px4_msgs/msg/wind.h\n'}
[2.548406] (px4_msgs) StdoutLine: {'line': b'-- Up-to-date symlink: /home/carlos/ros2_ws/install/px4_msgs/include/px4_msgs/px4_msgs/msg/yaw_estimator_status.h\n'}
[2.548491] (px4_msgs) StdoutLine: {'line': b'-- Up-to-date symlink: /home/carlos/ros2_ws/install/px4_msgs/include/px4_msgs/px4_msgs/srv/detail/vehicle_command__functions.h\n'}
[2.548573] (px4_msgs) StdoutLine: {'line': b'-- Up-to-date symlink: /home/carlos/ros2_ws/install/px4_msgs/include/px4_msgs/px4_msgs/srv/detail/vehicle_command__struct.h\n'}
[2.548655] (px4_msgs) StdoutLine: {'line': b'-- Up-to-date symlink: /home/carlos/ros2_ws/install/px4_msgs/include/px4_msgs/px4_msgs/srv/detail/vehicle_command__type_support.h\n'}
[2.548736] (px4_msgs) StdoutLine: {'line': b'-- Up-to-date symlink: /home/carlos/ros2_ws/install/px4_msgs/include/px4_msgs/px4_msgs/srv/vehicle_command.h\n'}
[2.548900] (px4_msgs) StdoutLine: {'line': b'-- Up-to-date symlink: /home/carlos/ros2_ws/install/px4_msgs/share/px4_msgs/environment/library_path.sh\n'}
[2.549005] (px4_msgs) StdoutLine: {'line': b'-- Up-to-date symlink: /home/carlos/ros2_ws/install/px4_msgs/share/px4_msgs/environment/library_path.dsv\n'}
[2.555067] (px4_msgs) StdoutLine: {'line': b'-- Up-to-date symlink: /home/carlos/ros2_ws/install/px4_msgs/include/px4_msgs/px4_msgs/msg/detail/action_request__rosidl_typesupport_fastrtps_c.h\n'}
[2.555255] (px4_msgs) StdoutLine: {'line': b'-- Up-to-date symlink: /home/carlos/ros2_ws/install/px4_msgs/include/px4_msgs/px4_msgs/msg/detail/actuator_armed__rosidl_typesupport_fastrtps_c.h\n'}
[2.555492] (px4_msgs) StdoutLine: {'line': b'-- Up-to-date symlink: /home/carlos/ros2_ws/install/px4_msgs/include/px4_msgs/px4_msgs/msg/detail/actuator_controls_status__rosidl_typesupport_fastrtps_c.h\n'}
[2.555646] (px4_msgs) StdoutLine: {'line': b'-- Up-to-date symlink: /home/carlos/ros2_ws/install/px4_msgs/include/px4_msgs/px4_msgs/msg/detail/actuator_motors__rosidl_typesupport_fastrtps_c.h\n'}
[2.555772] (px4_msgs) StdoutLine: {'line': b'-- Up-to-date symlink: /home/carlos/ros2_ws/install/px4_msgs/include/px4_msgs/px4_msgs/msg/detail/actuator_outputs__rosidl_typesupport_fastrtps_c.h\n'}
[2.555880] (px4_msgs) StdoutLine: {'line': b'-- Up-to-date symlink: /home/carlos/ros2_ws/install/px4_msgs/include/px4_msgs/px4_msgs/msg/detail/actuator_servos__rosidl_typesupport_fastrtps_c.h\n'}
[2.555984] (px4_msgs) StdoutLine: {'line': b'-- Up-to-date symlink: /home/carlos/ros2_ws/install/px4_msgs/include/px4_msgs/px4_msgs/msg/detail/actuator_servos_trim__rosidl_typesupport_fastrtps_c.h\n'}
[2.556107] (px4_msgs) StdoutLine: {'line': b'-- Up-to-date symlink: /home/carlos/ros2_ws/install/px4_msgs/include/px4_msgs/px4_msgs/msg/detail/actuator_test__rosidl_typesupport_fastrtps_c.h\n'}
[2.556157] (px4_msgs) StdoutLine: {'line': b'-- Up-to-date symlink: /home/carlos/ros2_ws/install/px4_msgs/include/px4_msgs/px4_msgs/msg/detail/adc_report__rosidl_typesupport_fastrtps_c.h\n'}
[2.556206] (px4_msgs) StdoutLine: {'line': b'-- Up-to-date symlink: /home/carlos/ros2_ws/install/px4_msgs/include/px4_msgs/px4_msgs/msg/detail/airspeed__rosidl_typesupport_fastrtps_c.h\n'}
[2.556266] (px4_msgs) StdoutLine: {'line': b'-- Up-to-date symlink: /home/carlos/ros2_ws/install/px4_msgs/include/px4_msgs/px4_msgs/msg/detail/airspeed_validated__rosidl_typesupport_fastrtps_c.h\n'}
[2.556317] (px4_msgs) StdoutLine: {'line': b'-- Up-to-date symlink: /home/carlos/ros2_ws/install/px4_msgs/include/px4_msgs/px4_msgs/msg/detail/airspeed_wind__rosidl_typesupport_fastrtps_c.h\n'}
[2.556364] (px4_msgs) StdoutLine: {'line': b'-- Up-to-date symlink: /home/carlos/ros2_ws/install/px4_msgs/include/px4_msgs/px4_msgs/msg/detail/arming_check_reply__rosidl_typesupport_fastrtps_c.h\n'}
[2.556410] (px4_msgs) StdoutLine: {'line': b'-- Up-to-date symlink: /home/carlos/ros2_ws/install/px4_msgs/include/px4_msgs/px4_msgs/msg/detail/arming_check_request__rosidl_typesupport_fastrtps_c.h\n'}
[2.556456] (px4_msgs) StdoutLine: {'line': b'-- Up-to-date symlink: /home/carlos/ros2_ws/install/px4_msgs/include/px4_msgs/px4_msgs/msg/detail/autotune_attitude_control_status__rosidl_typesupport_fastrtps_c.h\n'}
[2.556516] (px4_msgs) StdoutLine: {'line': b'-- Up-to-date symlink: /home/carlos/ros2_ws/install/px4_msgs/include/px4_msgs/px4_msgs/msg/detail/battery_info__rosidl_typesupport_fastrtps_c.h\n'}
[2.556566] (px4_msgs) StdoutLine: {'line': b'-- Up-to-date symlink: /home/carlos/ros2_ws/install/px4_msgs/include/px4_msgs/px4_msgs/msg/detail/battery_status__rosidl_typesupport_fastrtps_c.h\n'}
[2.556611] (px4_msgs) StdoutLine: {'line': b'-- Up-to-date symlink: /home/carlos/ros2_ws/install/px4_msgs/include/px4_msgs/px4_msgs/msg/detail/button_event__rosidl_typesupport_fastrtps_c.h\n'}
[2.556669] (px4_msgs) StdoutLine: {'line': b'-- Up-to-date symlink: /home/carlos/ros2_ws/install/px4_msgs/include/px4_msgs/px4_msgs/msg/detail/camera_capture__rosidl_typesupport_fastrtps_c.h\n'}
[2.556717] (px4_msgs) StdoutLine: {'line': b'-- Up-to-date symlink: /home/carlos/ros2_ws/install/px4_msgs/include/px4_msgs/px4_msgs/msg/detail/camera_status__rosidl_typesupport_fastrtps_c.h\n'}
[2.556772] (px4_msgs) StdoutLine: {'line': b'-- Up-to-date symlink: /home/carlos/ros2_ws/install/px4_msgs/include/px4_msgs/px4_msgs/msg/detail/camera_trigger__rosidl_typesupport_fastrtps_c.h\n'}
[2.556833] (px4_msgs) StdoutLine: {'line': b'-- Up-to-date symlink: /home/carlos/ros2_ws/install/px4_msgs/include/px4_msgs/px4_msgs/msg/detail/can_interface_status__rosidl_typesupport_fastrtps_c.h\n'}
[2.556902] (px4_msgs) StdoutLine: {'line': b'-- Up-to-date symlink: /home/carlos/ros2_ws/install/px4_msgs/include/px4_msgs/px4_msgs/msg/detail/cellular_status__rosidl_typesupport_fastrtps_c.h\n'}
[2.556986] (px4_msgs) StdoutLine: {'line': b'-- Up-to-date symlink: /home/carlos/ros2_ws/install/px4_msgs/include/px4_msgs/px4_msgs/msg/detail/collision_constraints__rosidl_typesupport_fastrtps_c.h\n'}
[2.557076] (px4_msgs) StdoutLine: {'line': b'-- Up-to-date symlink: /home/carlos/ros2_ws/install/px4_msgs/include/px4_msgs/px4_msgs/msg/detail/config_overrides__rosidl_typesupport_fastrtps_c.h\n'}
[2.557189] (px4_msgs) StdoutLine: {'line': b'-- Up-to-date symlink: /home/carlos/ros2_ws/install/px4_msgs/include/px4_msgs/px4_msgs/msg/detail/control_allocator_status__rosidl_typesupport_fastrtps_c.h\n'}
[2.557275] (px4_msgs) StdoutLine: {'line': b'-- Up-to-date symlink: /home/carlos/ros2_ws/install/px4_msgs/include/px4_msgs/px4_msgs/msg/detail/cpuload__rosidl_typesupport_fastrtps_c.h\n'}
[2.557372] (px4_msgs) StdoutLine: {'line': b'-- Up-to-date symlink: /home/carlos/ros2_ws/install/px4_msgs/include/px4_msgs/px4_msgs/msg/detail/dataman_request__rosidl_typesupport_fastrtps_c.h\n'}
[2.557458] (px4_msgs) StdoutLine: {'line': b'-- Up-to-date symlink: /home/carlos/ros2_ws/install/px4_msgs/include/px4_msgs/px4_msgs/msg/detail/dataman_response__rosidl_typesupport_fastrtps_c.h\n'}
[2.557543] (px4_msgs) StdoutLine: {'line': b'-- Up-to-date symlink: /home/carlos/ros2_ws/install/px4_msgs/include/px4_msgs/px4_msgs/msg/detail/debug_array__rosidl_typesupport_fastrtps_c.h\n'}
[2.557629] (px4_msgs) StdoutLine: {'line': b'-- Up-to-date symlink: /home/carlos/ros2_ws/install/px4_msgs/include/px4_msgs/px4_msgs/msg/detail/debug_key_value__rosidl_typesupport_fastrtps_c.h\n'}
[2.557714] (px4_msgs) StdoutLine: {'line': b'-- Up-to-date symlink: /home/carlos/ros2_ws/install/px4_msgs/include/px4_msgs/px4_msgs/msg/detail/debug_value__rosidl_typesupport_fastrtps_c.h\n'}
[2.557799] (px4_msgs) StdoutLine: {'line': b'-- Up-to-date symlink: /home/carlos/ros2_ws/install/px4_msgs/include/px4_msgs/px4_msgs/msg/detail/debug_vect__rosidl_typesupport_fastrtps_c.h\n'}
[2.557890] (px4_msgs) StdoutLine: {'line': b'-- Up-to-date symlink: /home/carlos/ros2_ws/install/px4_msgs/include/px4_msgs/px4_msgs/msg/detail/differential_pressure__rosidl_typesupport_fastrtps_c.h\n'}
[2.557975] (px4_msgs) StdoutLine: {'line': b'-- Up-to-date symlink: /home/carlos/ros2_ws/install/px4_msgs/include/px4_msgs/px4_msgs/msg/detail/distance_sensor__rosidl_typesupport_fastrtps_c.h\n'}
[2.558061] (px4_msgs) StdoutLine: {'line': b'-- Up-to-date symlink: /home/carlos/ros2_ws/install/px4_msgs/include/px4_msgs/px4_msgs/msg/detail/distance_sensor_mode_change_request__rosidl_typesupport_fastrtps_c.h\n'}
[2.558145] (px4_msgs) StdoutLine: {'line': b'-- Up-to-date symlink: /home/carlos/ros2_ws/install/px4_msgs/include/px4_msgs/px4_msgs/msg/detail/dronecan_node_status__rosidl_typesupport_fastrtps_c.h\n'}
[2.558230] (px4_msgs) StdoutLine: {'line': b'-- Up-to-date symlink: /home/carlos/ros2_ws/install/px4_msgs/include/px4_msgs/px4_msgs/msg/detail/ekf2_timestamps__rosidl_typesupport_fastrtps_c.h\n'}
[2.558320] (px4_msgs) StdoutLine: {'line': b'-- Up-to-date symlink: /home/carlos/ros2_ws/install/px4_msgs/include/px4_msgs/px4_msgs/msg/detail/esc_report__rosidl_typesupport_fastrtps_c.h\n'}
[2.558399] (px4_msgs) StdoutLine: {'line': b'-- Up-to-date symlink: /home/carlos/ros2_ws/install/px4_msgs/include/px4_msgs/px4_msgs/msg/detail/esc_status__rosidl_typesupport_fastrtps_c.h\n'}
[2.558472] (px4_msgs) StdoutLine: {'line': b'-- Up-to-date symlink: /home/carlos/ros2_ws/install/px4_msgs/include/px4_msgs/px4_msgs/msg/detail/estimator_aid_source1d__rosidl_typesupport_fastrtps_c.h\n'}
[2.558554] (px4_msgs) StdoutLine: {'line': b'-- Up-to-date symlink: /home/carlos/ros2_ws/install/px4_msgs/include/px4_msgs/px4_msgs/msg/detail/estimator_aid_source2d__rosidl_typesupport_fastrtps_c.h\n'}
[2.558638] (px4_msgs) StdoutLine: {'line': b'-- Up-to-date symlink: /home/carlos/ros2_ws/install/px4_msgs/include/px4_msgs/px4_msgs/msg/detail/estimator_aid_source3d__rosidl_typesupport_fastrtps_c.h\n'}
[2.558721] (px4_msgs) StdoutLine: {'line': b'-- Up-to-date symlink: /home/carlos/ros2_ws/install/px4_msgs/include/px4_msgs/px4_msgs/msg/detail/estimator_bias3d__rosidl_typesupport_fastrtps_c.h\n'}
[2.558805] (px4_msgs) StdoutLine: {'line': b'-- Up-to-date symlink: /home/carlos/ros2_ws/install/px4_msgs/include/px4_msgs/px4_msgs/msg/detail/estimator_bias__rosidl_typesupport_fastrtps_c.h\n'}
[2.558889] (px4_msgs) StdoutLine: {'line': b'-- Up-to-date symlink: /home/carlos/ros2_ws/install/px4_msgs/include/px4_msgs/px4_msgs/msg/detail/estimator_event_flags__rosidl_typesupport_fastrtps_c.h\n'}
[2.558971] (px4_msgs) StdoutLine: {'line': b'-- Up-to-date symlink: /home/carlos/ros2_ws/install/px4_msgs/include/px4_msgs/px4_msgs/msg/detail/estimator_gps_status__rosidl_typesupport_fastrtps_c.h\n'}
[2.559053] (px4_msgs) StdoutLine: {'line': b'-- Up-to-date symlink: /home/carlos/ros2_ws/install/px4_msgs/include/px4_msgs/px4_msgs/msg/detail/estimator_innovations__rosidl_typesupport_fastrtps_c.h\n'}
[2.559136] (px4_msgs) StdoutLine: {'line': b'-- Up-to-date symlink: /home/carlos/ros2_ws/install/px4_msgs/include/px4_msgs/px4_msgs/msg/detail/estimator_selector_status__rosidl_typesupport_fastrtps_c.h\n'}
[2.559218] (px4_msgs) StdoutLine: {'line': b'-- Up-to-date symlink: /home/carlos/ros2_ws/install/px4_msgs/include/px4_msgs/px4_msgs/msg/detail/estimator_sensor_bias__rosidl_typesupport_fastrtps_c.h\n'}
[2.559302] (px4_msgs) StdoutLine: {'line': b'-- Up-to-date symlink: /home/carlos/ros2_ws/install/px4_msgs/include/px4_msgs/px4_msgs/msg/detail/estimator_states__rosidl_typesupport_fastrtps_c.h\n'}
[2.559452] (px4_msgs) StdoutLine: {'line': b'-- Up-to-date symlink: /home/carlos/ros2_ws/install/px4_msgs/include/px4_msgs/px4_msgs/msg/detail/estimator_status__rosidl_typesupport_fastrtps_c.h\n'}
[2.559550] (px4_msgs) StdoutLine: {'line': b'-- Up-to-date symlink: /home/carlos/ros2_ws/install/px4_msgs/include/px4_msgs/px4_msgs/msg/detail/estimator_status_flags__rosidl_typesupport_fastrtps_c.h\n'}
[2.559633] (px4_msgs) StdoutLine: {'line': b'-- Up-to-date symlink: /home/carlos/ros2_ws/install/px4_msgs/include/px4_msgs/px4_msgs/msg/detail/event__rosidl_typesupport_fastrtps_c.h\n'}
[2.559698] (px4_msgs) StdoutLine: {'line': b'-- Up-to-date symlink: /home/carlos/ros2_ws/install/px4_msgs/include/px4_msgs/px4_msgs/msg/detail/failsafe_flags__rosidl_typesupport_fastrtps_c.h\n'}
[2.559782] (px4_msgs) StdoutLine: {'line': b'-- Up-to-date symlink: /home/carlos/ros2_ws/install/px4_msgs/include/px4_msgs/px4_msgs/msg/detail/failure_detector_status__rosidl_typesupport_fastrtps_c.h\n'}
[2.559892] (px4_msgs) StdoutLine: {'line': b'-- Up-to-date symlink: /home/carlos/ros2_ws/install/px4_msgs/include/px4_msgs/px4_msgs/msg/detail/figure_eight_status__rosidl_typesupport_fastrtps_c.h\n'}
[2.559980] (px4_msgs) StdoutLine: {'line': b'-- Up-to-date symlink: /home/carlos/ros2_ws/install/px4_msgs/include/px4_msgs/px4_msgs/msg/detail/fixed_wing_lateral_guidance_status__rosidl_typesupport_fastrtps_c.h\n'}
[2.560058] (px4_msgs) StdoutLine: {'line': b'-- Up-to-date symlink: /home/carlos/ros2_ws/install/px4_msgs/include/px4_msgs/px4_msgs/msg/detail/fixed_wing_lateral_setpoint__rosidl_typesupport_fastrtps_c.h\n'}
[2.560136] (px4_msgs) StdoutLine: {'line': b'-- Up-to-date symlink: /home/carlos/ros2_ws/install/px4_msgs/include/px4_msgs/px4_msgs/msg/detail/fixed_wing_lateral_status__rosidl_typesupport_fastrtps_c.h\n'}
[2.560206] (px4_msgs) StdoutLine: {'line': b'-- Up-to-date symlink: /home/carlos/ros2_ws/install/px4_msgs/include/px4_msgs/px4_msgs/msg/detail/fixed_wing_longitudinal_setpoint__rosidl_typesupport_fastrtps_c.h\n'}
[2.560266] (px4_msgs) StdoutLine: {'line': b'-- Up-to-date symlink: /home/carlos/ros2_ws/install/px4_msgs/include/px4_msgs/px4_msgs/msg/detail/fixed_wing_runway_control__rosidl_typesupport_fastrtps_c.h\n'}
[2.560420] (px4_msgs) StdoutLine: {'line': b'-- Up-to-date symlink: /home/carlos/ros2_ws/install/px4_msgs/include/px4_msgs/px4_msgs/msg/detail/flight_phase_estimation__rosidl_typesupport_fastrtps_c.h\n'}
[2.560509] (px4_msgs) StdoutLine: {'line': b'-- Up-to-date symlink: /home/carlos/ros2_ws/install/px4_msgs/include/px4_msgs/px4_msgs/msg/detail/follow_target__rosidl_typesupport_fastrtps_c.h\n'}
[2.560578] (px4_msgs) StdoutLine: {'line': b'-- Up-to-date symlink: /home/carlos/ros2_ws/install/px4_msgs/include/px4_msgs/px4_msgs/msg/detail/follow_target_estimator__rosidl_typesupport_fastrtps_c.h\n'}
[2.560642] (px4_msgs) StdoutLine: {'line': b'-- Up-to-date symlink: /home/carlos/ros2_ws/install/px4_msgs/include/px4_msgs/px4_msgs/msg/detail/follow_target_status__rosidl_typesupport_fastrtps_c.h\n'}
[2.560706] (px4_msgs) StdoutLine: {'line': b'-- Up-to-date symlink: /home/carlos/ros2_ws/install/px4_msgs/include/px4_msgs/px4_msgs/msg/detail/fuel_tank_status__rosidl_typesupport_fastrtps_c.h\n'}
[2.560775] (px4_msgs) StdoutLine: {'line': b'-- Up-to-date symlink: /home/carlos/ros2_ws/install/px4_msgs/include/px4_msgs/px4_msgs/msg/detail/generator_status__rosidl_typesupport_fastrtps_c.h\n'}
[2.560892] (px4_msgs) StdoutLine: {'line': b'-- Up-to-date symlink: /home/carlos/ros2_ws/install/px4_msgs/include/px4_msgs/px4_msgs/msg/detail/geofence_result__rosidl_typesupport_fastrtps_c.h\n'}
[2.560952] (px4_msgs) StdoutLine: {'line': b'-- Up-to-date symlink: /home/carlos/ros2_ws/install/px4_msgs/include/px4_msgs/px4_msgs/msg/detail/geofence_status__rosidl_typesupport_fastrtps_c.h\n'}
[2.561037] (px4_msgs) StdoutLine: {'line': b'-- Up-to-date symlink: /home/carlos/ros2_ws/install/px4_msgs/include/px4_msgs/px4_msgs/msg/detail/gimbal_controls__rosidl_typesupport_fastrtps_c.h\n'}
[2.561122] (px4_msgs) StdoutLine: {'line': b'-- Up-to-date symlink: /home/carlos/ros2_ws/install/px4_msgs/include/px4_msgs/px4_msgs/msg/detail/gimbal_device_attitude_status__rosidl_typesupport_fastrtps_c.h\n'}
[2.561206] (px4_msgs) StdoutLine: {'line': b'-- Up-to-date symlink: /home/carlos/ros2_ws/install/px4_msgs/include/px4_msgs/px4_msgs/msg/detail/gimbal_device_information__rosidl_typesupport_fastrtps_c.h\n'}
[2.561289] (px4_msgs) StdoutLine: {'line': b'-- Up-to-date symlink: /home/carlos/ros2_ws/install/px4_msgs/include/px4_msgs/px4_msgs/msg/detail/gimbal_device_set_attitude__rosidl_typesupport_fastrtps_c.h\n'}
[2.561394] (px4_msgs) StdoutLine: {'line': b'-- Up-to-date symlink: /home/carlos/ros2_ws/install/px4_msgs/include/px4_msgs/px4_msgs/msg/detail/gimbal_manager_information__rosidl_typesupport_fastrtps_c.h\n'}
[2.561463] (px4_msgs) StdoutLine: {'line': b'-- Up-to-date symlink: /home/carlos/ros2_ws/install/px4_msgs/include/px4_msgs/px4_msgs/msg/detail/gimbal_manager_set_attitude__rosidl_typesupport_fastrtps_c.h\n'}
[2.561546] (px4_msgs) StdoutLine: {'line': b'-- Up-to-date symlink: /home/carlos/ros2_ws/install/px4_msgs/include/px4_msgs/px4_msgs/msg/detail/gimbal_manager_set_manual_control__rosidl_typesupport_fastrtps_c.h\n'}
[2.561628] (px4_msgs) StdoutLine: {'line': b'-- Up-to-date symlink: /home/carlos/ros2_ws/install/px4_msgs/include/px4_msgs/px4_msgs/msg/detail/gimbal_manager_status__rosidl_typesupport_fastrtps_c.h\n'}
[2.561711] (px4_msgs) StdoutLine: {'line': b'-- Up-to-date symlink: /home/carlos/ros2_ws/install/px4_msgs/include/px4_msgs/px4_msgs/msg/detail/goto_setpoint__rosidl_typesupport_fastrtps_c.h\n'}
[2.561791] (px4_msgs) StdoutLine: {'line': b'-- Up-to-date symlink: /home/carlos/ros2_ws/install/px4_msgs/include/px4_msgs/px4_msgs/msg/detail/gpio_config__rosidl_typesupport_fastrtps_c.h\n'}
[2.561867] (px4_msgs) StdoutLine: {'line': b'-- Up-to-date symlink: /home/carlos/ros2_ws/install/px4_msgs/include/px4_msgs/px4_msgs/msg/detail/gpio_in__rosidl_typesupport_fastrtps_c.h\n'}
[2.561956] (px4_msgs) StdoutLine: {'line': b'-- Up-to-date symlink: /home/carlos/ros2_ws/install/px4_msgs/include/px4_msgs/px4_msgs/msg/detail/gpio_out__rosidl_typesupport_fastrtps_c.h\n'}
[2.562058] (px4_msgs) StdoutLine: {'line': b'-- Up-to-date symlink: /home/carlos/ros2_ws/install/px4_msgs/include/px4_msgs/px4_msgs/msg/detail/gpio_request__rosidl_typesupport_fastrtps_c.h\n'}
[2.562156] (px4_msgs) StdoutLine: {'line': b'-- Up-to-date symlink: /home/carlos/ros2_ws/install/px4_msgs/include/px4_msgs/px4_msgs/msg/detail/gps_dump__rosidl_typesupport_fastrtps_c.h\n'}
[2.562255] (px4_msgs) StdoutLine: {'line': b'-- Up-to-date symlink: /home/carlos/ros2_ws/install/px4_msgs/include/px4_msgs/px4_msgs/msg/detail/gps_inject_data__rosidl_typesupport_fastrtps_c.h\n'}
[2.562349] (px4_msgs) StdoutLine: {'line': b'-- Up-to-date symlink: /home/carlos/ros2_ws/install/px4_msgs/include/px4_msgs/px4_msgs/msg/detail/gripper__rosidl_typesupport_fastrtps_c.h\n'}
[2.562438] (px4_msgs) StdoutLine: {'line': b'-- Up-to-date symlink: /home/carlos/ros2_ws/install/px4_msgs/include/px4_msgs/px4_msgs/msg/detail/health_report__rosidl_typesupport_fastrtps_c.h\n'}
[2.562521] (px4_msgs) StdoutLine: {'line': b'-- Up-to-date symlink: /home/carlos/ros2_ws/install/px4_msgs/include/px4_msgs/px4_msgs/msg/detail/heater_status__rosidl_typesupport_fastrtps_c.h\n'}
[2.562609] (px4_msgs) StdoutLine: {'line': b'-- Up-to-date symlink: /home/carlos/ros2_ws/install/px4_msgs/include/px4_msgs/px4_msgs/msg/detail/home_position__rosidl_typesupport_fastrtps_c.h\n'}
[2.562693] (px4_msgs) StdoutLine: {'line': b'-- Up-to-date symlink: /home/carlos/ros2_ws/install/px4_msgs/include/px4_msgs/px4_msgs/msg/detail/hover_thrust_estimate__rosidl_typesupport_fastrtps_c.h\n'}
[2.562776] (px4_msgs) StdoutLine: {'line': b'-- Up-to-date symlink: /home/carlos/ros2_ws/install/px4_msgs/include/px4_msgs/px4_msgs/msg/detail/input_rc__rosidl_typesupport_fastrtps_c.h\n'}
[2.562860] (px4_msgs) StdoutLine: {'line': b'-- Up-to-date symlink: /home/carlos/ros2_ws/install/px4_msgs/include/px4_msgs/px4_msgs/msg/detail/internal_combustion_engine_control__rosidl_typesupport_fastrtps_c.h\n'}
[2.562942] (px4_msgs) StdoutLine: {'line': b'-- Up-to-date symlink: /home/carlos/ros2_ws/install/px4_msgs/include/px4_msgs/px4_msgs/msg/detail/internal_combustion_engine_status__rosidl_typesupport_fastrtps_c.h\n'}
[2.563025] (px4_msgs) StdoutLine: {'line': b'-- Up-to-date symlink: /home/carlos/ros2_ws/install/px4_msgs/include/px4_msgs/px4_msgs/msg/detail/iridiumsbd_status__rosidl_typesupport_fastrtps_c.h\n'}
[2.563108] (px4_msgs) StdoutLine: {'line': b'-- Up-to-date symlink: /home/carlos/ros2_ws/install/px4_msgs/include/px4_msgs/px4_msgs/msg/detail/irlock_report__rosidl_typesupport_fastrtps_c.h\n'}
[2.563198] (px4_msgs) StdoutLine: {'line': b'-- Up-to-date symlink: /home/carlos/ros2_ws/install/px4_msgs/include/px4_msgs/px4_msgs/msg/detail/landing_gear__rosidl_typesupport_fastrtps_c.h\n'}
[2.563285] (px4_msgs) StdoutLine: {'line': b'-- Up-to-date symlink: /home/carlos/ros2_ws/install/px4_msgs/include/px4_msgs/px4_msgs/msg/detail/landing_gear_wheel__rosidl_typesupport_fastrtps_c.h\n'}
[2.563383] (px4_msgs) StdoutLine: {'line': b'-- Up-to-date symlink: /home/carlos/ros2_ws/install/px4_msgs/include/px4_msgs/px4_msgs/msg/detail/landing_target_innovations__rosidl_typesupport_fastrtps_c.h\n'}
[2.563467] (px4_msgs) StdoutLine: {'line': b'-- Up-to-date symlink: /home/carlos/ros2_ws/install/px4_msgs/include/px4_msgs/px4_msgs/msg/detail/landing_target_pose__rosidl_typesupport_fastrtps_c.h\n'}
[2.563550] (px4_msgs) StdoutLine: {'line': b'-- Up-to-date symlink: /home/carlos/ros2_ws/install/px4_msgs/include/px4_msgs/px4_msgs/msg/detail/lateral_control_configuration__rosidl_typesupport_fastrtps_c.h\n'}
[2.563634] (px4_msgs) StdoutLine: {'line': b'-- Up-to-date symlink: /home/carlos/ros2_ws/install/px4_msgs/include/px4_msgs/px4_msgs/msg/detail/launch_detection_status__rosidl_typesupport_fastrtps_c.h\n'}
[2.563717] (px4_msgs) StdoutLine: {'line': b'-- Up-to-date symlink: /home/carlos/ros2_ws/install/px4_msgs/include/px4_msgs/px4_msgs/msg/detail/led_control__rosidl_typesupport_fastrtps_c.h\n'}
[2.563803] (px4_msgs) StdoutLine: {'line': b'-- Up-to-date symlink: /home/carlos/ros2_ws/install/px4_msgs/include/px4_msgs/px4_msgs/msg/detail/log_message__rosidl_typesupport_fastrtps_c.h\n'}
[2.563888] (px4_msgs) StdoutLine: {'line': b'-- Up-to-date symlink: /home/carlos/ros2_ws/install/px4_msgs/include/px4_msgs/px4_msgs/msg/detail/logger_status__rosidl_typesupport_fastrtps_c.h\n'}
[2.563971] (px4_msgs) StdoutLine: {'line': b'-- Up-to-date symlink: /home/carlos/ros2_ws/install/px4_msgs/include/px4_msgs/px4_msgs/msg/detail/longitudinal_control_configuration__rosidl_typesupport_fastrtps_c.h\n'}
[2.564055] (px4_msgs) StdoutLine: {'line': b'-- Up-to-date symlink: /home/carlos/ros2_ws/install/px4_msgs/include/px4_msgs/px4_msgs/msg/detail/mag_worker_data__rosidl_typesupport_fastrtps_c.h\n'}
[2.564139] (px4_msgs) StdoutLine: {'line': b'-- Up-to-date symlink: /home/carlos/ros2_ws/install/px4_msgs/include/px4_msgs/px4_msgs/msg/detail/magnetometer_bias_estimate__rosidl_typesupport_fastrtps_c.h\n'}
[2.564221] (px4_msgs) StdoutLine: {'line': b'-- Up-to-date symlink: /home/carlos/ros2_ws/install/px4_msgs/include/px4_msgs/px4_msgs/msg/detail/manual_control_setpoint__rosidl_typesupport_fastrtps_c.h\n'}
[2.564322] (px4_msgs) StdoutLine: {'line': b'-- Up-to-date symlink: /home/carlos/ros2_ws/install/px4_msgs/include/px4_msgs/px4_msgs/msg/detail/manual_control_switches__rosidl_typesupport_fastrtps_c.h\n'}
[2.564414] (px4_msgs) StdoutLine: {'line': b'-- Up-to-date symlink: /home/carlos/ros2_ws/install/px4_msgs/include/px4_msgs/px4_msgs/msg/detail/mavlink_log__rosidl_typesupport_fastrtps_c.h\n'}
[2.564502] (px4_msgs) StdoutLine: {'line': b'-- Up-to-date symlink: /home/carlos/ros2_ws/install/px4_msgs/include/px4_msgs/px4_msgs/msg/detail/mavlink_tunnel__rosidl_typesupport_fastrtps_c.h\n'}
[2.564584] (px4_msgs) StdoutLine: {'line': b'-- Up-to-date symlink: /home/carlos/ros2_ws/install/px4_msgs/include/px4_msgs/px4_msgs/msg/detail/message_format_request__rosidl_typesupport_fastrtps_c.h\n'}
[2.564667] (px4_msgs) StdoutLine: {'line': b'-- Up-to-date symlink: /home/carlos/ros2_ws/install/px4_msgs/include/px4_msgs/px4_msgs/msg/detail/message_format_response__rosidl_typesupport_fastrtps_c.h\n'}
[2.564749] (px4_msgs) StdoutLine: {'line': b'-- Up-to-date symlink: /home/carlos/ros2_ws/install/px4_msgs/include/px4_msgs/px4_msgs/msg/detail/mission__rosidl_typesupport_fastrtps_c.h\n'}
[2.564833] (px4_msgs) StdoutLine: {'line': b'-- Up-to-date symlink: /home/carlos/ros2_ws/install/px4_msgs/include/px4_msgs/px4_msgs/msg/detail/mission_result__rosidl_typesupport_fastrtps_c.h\n'}
[2.564916] (px4_msgs) StdoutLine: {'line': b'-- Up-to-date symlink: /home/carlos/ros2_ws/install/px4_msgs/include/px4_msgs/px4_msgs/msg/detail/mode_completed__rosidl_typesupport_fastrtps_c.h\n'}
[2.564998] (px4_msgs) StdoutLine: {'line': b'-- Up-to-date symlink: /home/carlos/ros2_ws/install/px4_msgs/include/px4_msgs/px4_msgs/msg/detail/mount_orientation__rosidl_typesupport_fastrtps_c.h\n'}
[2.565080] (px4_msgs) StdoutLine: {'line': b'-- Up-to-date symlink: /home/carlos/ros2_ws/install/px4_msgs/include/px4_msgs/px4_msgs/msg/detail/navigator_mission_item__rosidl_typesupport_fastrtps_c.h\n'}
[2.565163] (px4_msgs) StdoutLine: {'line': b'-- Up-to-date symlink: /home/carlos/ros2_ws/install/px4_msgs/include/px4_msgs/px4_msgs/msg/detail/navigator_status__rosidl_typesupport_fastrtps_c.h\n'}
[2.565245] (px4_msgs) StdoutLine: {'line': b'-- Up-to-date symlink: /home/carlos/ros2_ws/install/px4_msgs/include/px4_msgs/px4_msgs/msg/detail/neural_control__rosidl_typesupport_fastrtps_c.h\n'}
[2.565336] (px4_msgs) StdoutLine: {'line': b'-- Up-to-date symlink: /home/carlos/ros2_ws/install/px4_msgs/include/px4_msgs/px4_msgs/msg/detail/normalized_unsigned_setpoint__rosidl_typesupport_fastrtps_c.h\n'}
[2.565423] (px4_msgs) StdoutLine: {'line': b'-- Up-to-date symlink: /home/carlos/ros2_ws/install/px4_msgs/include/px4_msgs/px4_msgs/msg/detail/obstacle_distance__rosidl_typesupport_fastrtps_c.h\n'}
[2.565505] (px4_msgs) StdoutLine: {'line': b'-- Up-to-date symlink: /home/carlos/ros2_ws/install/px4_msgs/include/px4_msgs/px4_msgs/msg/detail/offboard_control_mode__rosidl_typesupport_fastrtps_c.h\n'}
[2.565587] (px4_msgs) StdoutLine: {'line': b'-- Up-to-date symlink: /home/carlos/ros2_ws/install/px4_msgs/include/px4_msgs/px4_msgs/msg/detail/onboard_computer_status__rosidl_typesupport_fastrtps_c.h\n'}
[2.565669] (px4_msgs) StdoutLine: {'line': b'-- Up-to-date symlink: /home/carlos/ros2_ws/install/px4_msgs/include/px4_msgs/px4_msgs/msg/detail/open_drone_id_arm_status__rosidl_typesupport_fastrtps_c.h\n'}
[2.565745] (px4_msgs) StdoutLine: {'line': b'-- Up-to-date symlink: /home/carlos/ros2_ws/install/px4_msgs/include/px4_msgs/px4_msgs/msg/detail/open_drone_id_operator_id__rosidl_typesupport_fastrtps_c.h\n'}
[2.565828] (px4_msgs) StdoutLine: {'line': b'-- Up-to-date symlink: /home/carlos/ros2_ws/install/px4_msgs/include/px4_msgs/px4_msgs/msg/detail/open_drone_id_self_id__rosidl_typesupport_fastrtps_c.h\n'}
[2.565910] (px4_msgs) StdoutLine: {'line': b'-- Up-to-date symlink: /home/carlos/ros2_ws/install/px4_msgs/include/px4_msgs/px4_msgs/msg/detail/open_drone_id_system__rosidl_typesupport_fastrtps_c.h\n'}
[2.565993] (px4_msgs) StdoutLine: {'line': b'-- Up-to-date symlink: /home/carlos/ros2_ws/install/px4_msgs/include/px4_msgs/px4_msgs/msg/detail/orb_test__rosidl_typesupport_fastrtps_c.h\n'}
[2.566077] (px4_msgs) StdoutLine: {'line': b'-- Up-to-date symlink: /home/carlos/ros2_ws/install/px4_msgs/include/px4_msgs/px4_msgs/msg/detail/orb_test_large__rosidl_typesupport_fastrtps_c.h\n'}
[2.566160] (px4_msgs) StdoutLine: {'line': b'-- Up-to-date symlink: /home/carlos/ros2_ws/install/px4_msgs/include/px4_msgs/px4_msgs/msg/detail/orb_test_medium__rosidl_typesupport_fastrtps_c.h\n'}
[2.566244] (px4_msgs) StdoutLine: {'line': b'-- Up-to-date symlink: /home/carlos/ros2_ws/install/px4_msgs/include/px4_msgs/px4_msgs/msg/detail/orbit_status__rosidl_typesupport_fastrtps_c.h\n'}
[2.566329] (px4_msgs) StdoutLine: {'line': b'-- Up-to-date symlink: /home/carlos/ros2_ws/install/px4_msgs/include/px4_msgs/px4_msgs/msg/detail/parameter_reset_request__rosidl_typesupport_fastrtps_c.h\n'}
[2.566415] (px4_msgs) StdoutLine: {'line': b'-- Up-to-date symlink: /home/carlos/ros2_ws/install/px4_msgs/include/px4_msgs/px4_msgs/msg/detail/parameter_set_used_request__rosidl_typesupport_fastrtps_c.h\n'}
[2.566499] (px4_msgs) StdoutLine: {'line': b'-- Up-to-date symlink: /home/carlos/ros2_ws/install/px4_msgs/include/px4_msgs/px4_msgs/msg/detail/parameter_set_value_request__rosidl_typesupport_fastrtps_c.h\n'}
[2.566581] (px4_msgs) StdoutLine: {'line': b'-- Up-to-date symlink: /home/carlos/ros2_ws/install/px4_msgs/include/px4_msgs/px4_msgs/msg/detail/parameter_set_value_response__rosidl_typesupport_fastrtps_c.h\n'}
[2.566664] (px4_msgs) StdoutLine: {'line': b'-- Up-to-date symlink: /home/carlos/ros2_ws/install/px4_msgs/include/px4_msgs/px4_msgs/msg/detail/parameter_update__rosidl_typesupport_fastrtps_c.h\n'}
[2.566747] (px4_msgs) StdoutLine: {'line': b'-- Up-to-date symlink: /home/carlos/ros2_ws/install/px4_msgs/include/px4_msgs/px4_msgs/msg/detail/ping__rosidl_typesupport_fastrtps_c.h\n'}
[2.566833] (px4_msgs) StdoutLine: {'line': b'-- Up-to-date symlink: /home/carlos/ros2_ws/install/px4_msgs/include/px4_msgs/px4_msgs/msg/detail/position_controller_landing_status__rosidl_typesupport_fastrtps_c.h\n'}
[2.566919] (px4_msgs) StdoutLine: {'line': b'-- Up-to-date symlink: /home/carlos/ros2_ws/install/px4_msgs/include/px4_msgs/px4_msgs/msg/detail/position_controller_status__rosidl_typesupport_fastrtps_c.h\n'}
[2.567003] (px4_msgs) StdoutLine: {'line': b'-- Up-to-date symlink: /home/carlos/ros2_ws/install/px4_msgs/include/px4_msgs/px4_msgs/msg/detail/position_setpoint__rosidl_typesupport_fastrtps_c.h\n'}
[2.567085] (px4_msgs) StdoutLine: {'line': b'-- Up-to-date symlink: /home/carlos/ros2_ws/install/px4_msgs/include/px4_msgs/px4_msgs/msg/detail/position_setpoint_triplet__rosidl_typesupport_fastrtps_c.h\n'}
[2.567167] (px4_msgs) StdoutLine: {'line': b'-- Up-to-date symlink: /home/carlos/ros2_ws/install/px4_msgs/include/px4_msgs/px4_msgs/msg/detail/power_button_state__rosidl_typesupport_fastrtps_c.h\n'}
[2.567251] (px4_msgs) StdoutLine: {'line': b'-- Up-to-date symlink: /home/carlos/ros2_ws/install/px4_msgs/include/px4_msgs/px4_msgs/msg/detail/power_monitor__rosidl_typesupport_fastrtps_c.h\n'}
[2.567352] (px4_msgs) StdoutLine: {'line': b'-- Up-to-date symlink: /home/carlos/ros2_ws/install/px4_msgs/include/px4_msgs/px4_msgs/msg/detail/pps_capture__rosidl_typesupport_fastrtps_c.h\n'}
[2.567439] (px4_msgs) StdoutLine: {'line': b'-- Up-to-date symlink: /home/carlos/ros2_ws/install/px4_msgs/include/px4_msgs/px4_msgs/msg/detail/pure_pursuit_status__rosidl_typesupport_fastrtps_c.h\n'}
[2.567525] (px4_msgs) StdoutLine: {'line': b'-- Up-to-date symlink: /home/carlos/ros2_ws/install/px4_msgs/include/px4_msgs/px4_msgs/msg/detail/pwm_input__rosidl_typesupport_fastrtps_c.h\n'}
[2.567611] (px4_msgs) StdoutLine: {'line': b'-- Up-to-date symlink: /home/carlos/ros2_ws/install/px4_msgs/include/px4_msgs/px4_msgs/msg/detail/px4io_status__rosidl_typesupport_fastrtps_c.h\n'}
[2.567694] (px4_msgs) StdoutLine: {'line': b'-- Up-to-date symlink: /home/carlos/ros2_ws/install/px4_msgs/include/px4_msgs/px4_msgs/msg/detail/qshell_req__rosidl_typesupport_fastrtps_c.h\n'}
[2.567812] (px4_msgs) StdoutLine: {'line': b'-- Up-to-date symlink: /home/carlos/ros2_ws/install/px4_msgs/include/px4_msgs/px4_msgs/msg/detail/qshell_retval__rosidl_typesupport_fastrtps_c.h\n'}
[2.567872] (px4_msgs) StdoutLine: {'line': b'-- Up-to-date symlink: /home/carlos/ros2_ws/install/px4_msgs/include/px4_msgs/px4_msgs/msg/detail/radio_status__rosidl_typesupport_fastrtps_c.h\n'}
[2.567957] (px4_msgs) StdoutLine: {'line': b'-- Up-to-date symlink: /home/carlos/ros2_ws/install/px4_msgs/include/px4_msgs/px4_msgs/msg/detail/rate_ctrl_status__rosidl_typesupport_fastrtps_c.h\n'}
[2.568041] (px4_msgs) StdoutLine: {'line': b'-- Up-to-date symlink: /home/carlos/ros2_ws/install/px4_msgs/include/px4_msgs/px4_msgs/msg/detail/rc_channels__rosidl_typesupport_fastrtps_c.h\n'}
[2.568121] (px4_msgs) StdoutLine: {'line': b'-- Up-to-date symlink: /home/carlos/ros2_ws/install/px4_msgs/include/px4_msgs/px4_msgs/msg/detail/rc_parameter_map__rosidl_typesupport_fastrtps_c.h\n'}
[2.568206] (px4_msgs) StdoutLine: {'line': b'-- Up-to-date symlink: /home/carlos/ros2_ws/install/px4_msgs/include/px4_msgs/px4_msgs/msg/detail/register_ext_component_reply__rosidl_typesupport_fastrtps_c.h\n'}
[2.568289] (px4_msgs) StdoutLine: {'line': b'-- Up-to-date symlink: /home/carlos/ros2_ws/install/px4_msgs/include/px4_msgs/px4_msgs/msg/detail/register_ext_component_request__rosidl_typesupport_fastrtps_c.h\n'}
[2.568382] (px4_msgs) StdoutLine: {'line': b'-- Up-to-date symlink: /home/carlos/ros2_ws/install/px4_msgs/include/px4_msgs/px4_msgs/msg/detail/rover_attitude_setpoint__rosidl_typesupport_fastrtps_c.h\n'}
[2.568462] (px4_msgs) StdoutLine: {'line': b'-- Up-to-date symlink: /home/carlos/ros2_ws/install/px4_msgs/include/px4_msgs/px4_msgs/msg/detail/rover_attitude_status__rosidl_typesupport_fastrtps_c.h\n'}
[2.568546] (px4_msgs) StdoutLine: {'line': b'-- Up-to-date symlink: /home/carlos/ros2_ws/install/px4_msgs/include/px4_msgs/px4_msgs/msg/detail/rover_position_setpoint__rosidl_typesupport_fastrtps_c.h\n'}
[2.568629] (px4_msgs) StdoutLine: {'line': b'-- Up-to-date symlink: /home/carlos/ros2_ws/install/px4_msgs/include/px4_msgs/px4_msgs/msg/detail/rover_rate_setpoint__rosidl_typesupport_fastrtps_c.h\n'}
[2.568703] (px4_msgs) StdoutLine: {'line': b'-- Up-to-date symlink: /home/carlos/ros2_ws/install/px4_msgs/include/px4_msgs/px4_msgs/msg/detail/rover_rate_status__rosidl_typesupport_fastrtps_c.h\n'}
[2.568784] (px4_msgs) StdoutLine: {'line': b'-- Up-to-date symlink: /home/carlos/ros2_ws/install/px4_msgs/include/px4_msgs/px4_msgs/msg/detail/rover_speed_setpoint__rosidl_typesupport_fastrtps_c.h\n'}
[2.568866] (px4_msgs) StdoutLine: {'line': b'-- Up-to-date symlink: /home/carlos/ros2_ws/install/px4_msgs/include/px4_msgs/px4_msgs/msg/detail/rover_speed_status__rosidl_typesupport_fastrtps_c.h\n'}
[2.568972] (px4_msgs) StdoutLine: {'line': b'-- Up-to-date symlink: /home/carlos/ros2_ws/install/px4_msgs/include/px4_msgs/px4_msgs/msg/detail/rover_steering_setpoint__rosidl_typesupport_fastrtps_c.h\n'}
[2.569072] (px4_msgs) StdoutLine: {'line': b'-- Up-to-date symlink: /home/carlos/ros2_ws/install/px4_msgs/include/px4_msgs/px4_msgs/msg/detail/rover_throttle_setpoint__rosidl_typesupport_fastrtps_c.h\n'}
[2.569168] (px4_msgs) StdoutLine: {'line': b'-- Up-to-date symlink: /home/carlos/ros2_ws/install/px4_msgs/include/px4_msgs/px4_msgs/msg/detail/rpm__rosidl_typesupport_fastrtps_c.h\n'}
[2.569259] (px4_msgs) StdoutLine: {'line': b'-- Up-to-date symlink: /home/carlos/ros2_ws/install/px4_msgs/include/px4_msgs/px4_msgs/msg/detail/rtl_status__rosidl_typesupport_fastrtps_c.h\n'}
[2.569349] (px4_msgs) StdoutLine: {'line': b'-- Up-to-date symlink: /home/carlos/ros2_ws/install/px4_msgs/include/px4_msgs/px4_msgs/msg/detail/rtl_time_estimate__rosidl_typesupport_fastrtps_c.h\n'}
[2.569434] (px4_msgs) StdoutLine: {'line': b'-- Up-to-date symlink: /home/carlos/ros2_ws/install/px4_msgs/include/px4_msgs/px4_msgs/msg/detail/satellite_info__rosidl_typesupport_fastrtps_c.h\n'}
[2.569517] (px4_msgs) StdoutLine: {'line': b'-- Up-to-date symlink: /home/carlos/ros2_ws/install/px4_msgs/include/px4_msgs/px4_msgs/msg/detail/sensor_accel__rosidl_typesupport_fastrtps_c.h\n'}
[2.569600] (px4_msgs) StdoutLine: {'line': b'-- Up-to-date symlink: /home/carlos/ros2_ws/install/px4_msgs/include/px4_msgs/px4_msgs/msg/detail/sensor_accel_fifo__rosidl_typesupport_fastrtps_c.h\n'}
[2.569683] (px4_msgs) StdoutLine: {'line': b'-- Up-to-date symlink: /home/carlos/ros2_ws/install/px4_msgs/include/px4_msgs/px4_msgs/msg/detail/sensor_airflow__rosidl_typesupport_fastrtps_c.h\n'}
[2.569765] (px4_msgs) StdoutLine: {'line': b'-- Up-to-date symlink: /home/carlos/ros2_ws/install/px4_msgs/include/px4_msgs/px4_msgs/msg/detail/sensor_baro__rosidl_typesupport_fastrtps_c.h\n'}
[2.569849] (px4_msgs) StdoutLine: {'line': b'-- Up-to-date symlink: /home/carlos/ros2_ws/install/px4_msgs/include/px4_msgs/px4_msgs/msg/detail/sensor_combined__rosidl_typesupport_fastrtps_c.h\n'}
[2.569932] (px4_msgs) StdoutLine: {'line': b'-- Up-to-date symlink: /home/carlos/ros2_ws/install/px4_msgs/include/px4_msgs/px4_msgs/msg/detail/sensor_correction__rosidl_typesupport_fastrtps_c.h\n'}
[2.570015] (px4_msgs) StdoutLine: {'line': b'-- Up-to-date symlink: /home/carlos/ros2_ws/install/px4_msgs/include/px4_msgs/px4_msgs/msg/detail/sensor_gnss_relative__rosidl_typesupport_fastrtps_c.h\n'}
[2.570097] (px4_msgs) StdoutLine: {'line': b'-- Up-to-date symlink: /home/carlos/ros2_ws/install/px4_msgs/include/px4_msgs/px4_msgs/msg/detail/sensor_gnss_status__rosidl_typesupport_fastrtps_c.h\n'}
[2.570181] (px4_msgs) StdoutLine: {'line': b'-- Up-to-date symlink: /home/carlos/ros2_ws/install/px4_msgs/include/px4_msgs/px4_msgs/msg/detail/sensor_gps__rosidl_typesupport_fastrtps_c.h\n'}
[2.570273] (px4_msgs) StdoutLine: {'line': b'-- Up-to-date symlink: /home/carlos/ros2_ws/install/px4_msgs/include/px4_msgs/px4_msgs/msg/detail/sensor_gyro__rosidl_typesupport_fastrtps_c.h\n'}
[2.570367] (px4_msgs) StdoutLine: {'line': b'-- Up-to-date symlink: /home/carlos/ros2_ws/install/px4_msgs/include/px4_msgs/px4_msgs/msg/detail/sensor_gyro_fft__rosidl_typesupport_fastrtps_c.h\n'}
[2.570459] (px4_msgs) StdoutLine: {'line': b'-- Up-to-date symlink: /home/carlos/ros2_ws/install/px4_msgs/include/px4_msgs/px4_msgs/msg/detail/sensor_gyro_fifo__rosidl_typesupport_fastrtps_c.h\n'}
[2.570541] (px4_msgs) StdoutLine: {'line': b'-- Up-to-date symlink: /home/carlos/ros2_ws/install/px4_msgs/include/px4_msgs/px4_msgs/msg/detail/sensor_hygrometer__rosidl_typesupport_fastrtps_c.h\n'}
[2.570624] (px4_msgs) StdoutLine: {'line': b'-- Up-to-date symlink: /home/carlos/ros2_ws/install/px4_msgs/include/px4_msgs/px4_msgs/msg/detail/sensor_mag__rosidl_typesupport_fastrtps_c.h\n'}
[2.570707] (px4_msgs) StdoutLine: {'line': b'-- Up-to-date symlink: /home/carlos/ros2_ws/install/px4_msgs/include/px4_msgs/px4_msgs/msg/detail/sensor_optical_flow__rosidl_typesupport_fastrtps_c.h\n'}
[2.570790] (px4_msgs) StdoutLine: {'line': b'-- Up-to-date symlink: /home/carlos/ros2_ws/install/px4_msgs/include/px4_msgs/px4_msgs/msg/detail/sensor_preflight_mag__rosidl_typesupport_fastrtps_c.h\n'}
[2.570878] (px4_msgs) StdoutLine: {'line': b'-- Up-to-date symlink: /home/carlos/ros2_ws/install/px4_msgs/include/px4_msgs/px4_msgs/msg/detail/sensor_selection__rosidl_typesupport_fastrtps_c.h\n'}
[2.570961] (px4_msgs) StdoutLine: {'line': b'-- Up-to-date symlink: /home/carlos/ros2_ws/install/px4_msgs/include/px4_msgs/px4_msgs/msg/detail/sensor_uwb__rosidl_typesupport_fastrtps_c.h\n'}
[2.571044] (px4_msgs) StdoutLine: {'line': b'-- Up-to-date symlink: /home/carlos/ros2_ws/install/px4_msgs/include/px4_msgs/px4_msgs/msg/detail/sensors_status__rosidl_typesupport_fastrtps_c.h\n'}
[2.571126] (px4_msgs) StdoutLine: {'line': b'-- Up-to-date symlink: /home/carlos/ros2_ws/install/px4_msgs/include/px4_msgs/px4_msgs/msg/detail/sensors_status_imu__rosidl_typesupport_fastrtps_c.h\n'}
[2.571210] (px4_msgs) StdoutLine: {'line': b'-- Up-to-date symlink: /home/carlos/ros2_ws/install/px4_msgs/include/px4_msgs/px4_msgs/msg/detail/system_power__rosidl_typesupport_fastrtps_c.h\n'}
[2.571304] (px4_msgs) StdoutLine: {'line': b'-- Up-to-date symlink: /home/carlos/ros2_ws/install/px4_msgs/include/px4_msgs/px4_msgs/msg/detail/takeoff_status__rosidl_typesupport_fastrtps_c.h\n'}
[2.571401] (px4_msgs) StdoutLine: {'line': b'-- Up-to-date symlink: /home/carlos/ros2_ws/install/px4_msgs/include/px4_msgs/px4_msgs/msg/detail/task_stack_info__rosidl_typesupport_fastrtps_c.h\n'}
[2.571486] (px4_msgs) StdoutLine: {'line': b'-- Up-to-date symlink: /home/carlos/ros2_ws/install/px4_msgs/include/px4_msgs/px4_msgs/msg/detail/tecs_status__rosidl_typesupport_fastrtps_c.h\n'}
[2.571568] (px4_msgs) StdoutLine: {'line': b'-- Up-to-date symlink: /home/carlos/ros2_ws/install/px4_msgs/include/px4_msgs/px4_msgs/msg/detail/telemetry_status__rosidl_typesupport_fastrtps_c.h\n'}
[2.571646] (px4_msgs) StdoutLine: {'line': b'-- Up-to-date symlink: /home/carlos/ros2_ws/install/px4_msgs/include/px4_msgs/px4_msgs/msg/detail/tiltrotor_extra_controls__rosidl_typesupport_fastrtps_c.h\n'}
[2.571730] (px4_msgs) StdoutLine: {'line': b'-- Up-to-date symlink: /home/carlos/ros2_ws/install/px4_msgs/include/px4_msgs/px4_msgs/msg/detail/timesync_status__rosidl_typesupport_fastrtps_c.h\n'}
[2.571813] (px4_msgs) StdoutLine: {'line': b'-- Up-to-date symlink: /home/carlos/ros2_ws/install/px4_msgs/include/px4_msgs/px4_msgs/msg/detail/trajectory_setpoint6dof__rosidl_typesupport_fastrtps_c.h\n'}
[2.571895] (px4_msgs) StdoutLine: {'line': b'-- Up-to-date symlink: /home/carlos/ros2_ws/install/px4_msgs/include/px4_msgs/px4_msgs/msg/detail/trajectory_setpoint__rosidl_typesupport_fastrtps_c.h\n'}
[2.571977] (px4_msgs) StdoutLine: {'line': b'-- Up-to-date symlink: /home/carlos/ros2_ws/install/px4_msgs/include/px4_msgs/px4_msgs/msg/detail/transponder_report__rosidl_typesupport_fastrtps_c.h\n'}
[2.572060] (px4_msgs) StdoutLine: {'line': b'-- Up-to-date symlink: /home/carlos/ros2_ws/install/px4_msgs/include/px4_msgs/px4_msgs/msg/detail/tune_control__rosidl_typesupport_fastrtps_c.h\n'}
[2.572142] (px4_msgs) StdoutLine: {'line': b'-- Up-to-date symlink: /home/carlos/ros2_ws/install/px4_msgs/include/px4_msgs/px4_msgs/msg/detail/uavcan_parameter_request__rosidl_typesupport_fastrtps_c.h\n'}
[2.572225] (px4_msgs) StdoutLine: {'line': b'-- Up-to-date symlink: /home/carlos/ros2_ws/install/px4_msgs/include/px4_msgs/px4_msgs/msg/detail/uavcan_parameter_value__rosidl_typesupport_fastrtps_c.h\n'}
[2.572307] (px4_msgs) StdoutLine: {'line': b'-- Up-to-date symlink: /home/carlos/ros2_ws/install/px4_msgs/include/px4_msgs/px4_msgs/msg/detail/ulog_stream__rosidl_typesupport_fastrtps_c.h\n'}
[2.572402] (px4_msgs) StdoutLine: {'line': b'-- Up-to-date symlink: /home/carlos/ros2_ws/install/px4_msgs/include/px4_msgs/px4_msgs/msg/detail/ulog_stream_ack__rosidl_typesupport_fastrtps_c.h\n'}
[2.572484] (px4_msgs) StdoutLine: {'line': b'-- Up-to-date symlink: /home/carlos/ros2_ws/install/px4_msgs/include/px4_msgs/px4_msgs/msg/detail/unregister_ext_component__rosidl_typesupport_fastrtps_c.h\n'}
[2.572567] (px4_msgs) StdoutLine: {'line': b'-- Up-to-date symlink: /home/carlos/ros2_ws/install/px4_msgs/include/px4_msgs/px4_msgs/msg/detail/vehicle_acceleration__rosidl_typesupport_fastrtps_c.h\n'}
[2.572650] (px4_msgs) StdoutLine: {'line': b'-- Up-to-date symlink: /home/carlos/ros2_ws/install/px4_msgs/include/px4_msgs/px4_msgs/msg/detail/vehicle_air_data__rosidl_typesupport_fastrtps_c.h\n'}
[2.572734] (px4_msgs) StdoutLine: {'line': b'-- Up-to-date symlink: /home/carlos/ros2_ws/install/px4_msgs/include/px4_msgs/px4_msgs/msg/detail/vehicle_angular_acceleration_setpoint__rosidl_typesupport_fastrtps_c.h\n'}
[2.572816] (px4_msgs) StdoutLine: {'line': b'-- Up-to-date symlink: /home/carlos/ros2_ws/install/px4_msgs/include/px4_msgs/px4_msgs/msg/detail/vehicle_angular_velocity__rosidl_typesupport_fastrtps_c.h\n'}
[2.572906] (px4_msgs) StdoutLine: {'line': b'-- Up-to-date symlink: /home/carlos/ros2_ws/install/px4_msgs/include/px4_msgs/px4_msgs/msg/detail/vehicle_attitude__rosidl_typesupport_fastrtps_c.h\n'}
[2.572989] (px4_msgs) StdoutLine: {'line': b'-- Up-to-date symlink: /home/carlos/ros2_ws/install/px4_msgs/include/px4_msgs/px4_msgs/msg/detail/vehicle_attitude_setpoint__rosidl_typesupport_fastrtps_c.h\n'}
[2.573072] (px4_msgs) StdoutLine: {'line': b'-- Up-to-date symlink: /home/carlos/ros2_ws/install/px4_msgs/include/px4_msgs/px4_msgs/msg/detail/vehicle_command__rosidl_typesupport_fastrtps_c.h\n'}
[2.573154] (px4_msgs) StdoutLine: {'line': b'-- Up-to-date symlink: /home/carlos/ros2_ws/install/px4_msgs/include/px4_msgs/px4_msgs/msg/detail/vehicle_command_ack__rosidl_typesupport_fastrtps_c.h\n'}
[2.573236] (px4_msgs) StdoutLine: {'line': b'-- Up-to-date symlink: /home/carlos/ros2_ws/install/px4_msgs/include/px4_msgs/px4_msgs/msg/detail/vehicle_constraints__rosidl_typesupport_fastrtps_c.h\n'}
[2.573324] (px4_msgs) StdoutLine: {'line': b'-- Up-to-date symlink: /home/carlos/ros2_ws/install/px4_msgs/include/px4_msgs/px4_msgs/msg/detail/vehicle_control_mode__rosidl_typesupport_fastrtps_c.h\n'}
[2.573408] (px4_msgs) StdoutLine: {'line': b'-- Up-to-date symlink: /home/carlos/ros2_ws/install/px4_msgs/include/px4_msgs/px4_msgs/msg/detail/vehicle_global_position__rosidl_typesupport_fastrtps_c.h\n'}
[2.573491] (px4_msgs) StdoutLine: {'line': b'-- Up-to-date symlink: /home/carlos/ros2_ws/install/px4_msgs/include/px4_msgs/px4_msgs/msg/detail/vehicle_imu__rosidl_typesupport_fastrtps_c.h\n'}
[2.573579] (px4_msgs) StdoutLine: {'line': b'-- Up-to-date symlink: /home/carlos/ros2_ws/install/px4_msgs/include/px4_msgs/px4_msgs/msg/detail/vehicle_imu_status__rosidl_typesupport_fastrtps_c.h\n'}
[2.573662] (px4_msgs) StdoutLine: {'line': b'-- Up-to-date symlink: /home/carlos/ros2_ws/install/px4_msgs/include/px4_msgs/px4_msgs/msg/detail/vehicle_land_detected__rosidl_typesupport_fastrtps_c.h\n'}
[2.573744] (px4_msgs) StdoutLine: {'line': b'-- Up-to-date symlink: /home/carlos/ros2_ws/install/px4_msgs/include/px4_msgs/px4_msgs/msg/detail/vehicle_local_position__rosidl_typesupport_fastrtps_c.h\n'}
[2.573827] (px4_msgs) StdoutLine: {'line': b'-- Up-to-date symlink: /home/carlos/ros2_ws/install/px4_msgs/include/px4_msgs/px4_msgs/msg/detail/vehicle_local_position_setpoint__rosidl_typesupport_fastrtps_c.h\n'}
[2.573910] (px4_msgs) StdoutLine: {'line': b'-- Up-to-date symlink: /home/carlos/ros2_ws/install/px4_msgs/include/px4_msgs/px4_msgs/msg/detail/vehicle_magnetometer__rosidl_typesupport_fastrtps_c.h\n'}
[2.573993] (px4_msgs) StdoutLine: {'line': b'-- Up-to-date symlink: /home/carlos/ros2_ws/install/px4_msgs/include/px4_msgs/px4_msgs/msg/detail/vehicle_odometry__rosidl_typesupport_fastrtps_c.h\n'}
[2.574070] (px4_msgs) StdoutLine: {'line': b'-- Up-to-date symlink: /home/carlos/ros2_ws/install/px4_msgs/include/px4_msgs/px4_msgs/msg/detail/vehicle_optical_flow__rosidl_typesupport_fastrtps_c.h\n'}
[2.574154] (px4_msgs) StdoutLine: {'line': b'-- Up-to-date symlink: /home/carlos/ros2_ws/install/px4_msgs/include/px4_msgs/px4_msgs/msg/detail/vehicle_optical_flow_vel__rosidl_typesupport_fastrtps_c.h\n'}
[2.574236] (px4_msgs) StdoutLine: {'line': b'-- Up-to-date symlink: /home/carlos/ros2_ws/install/px4_msgs/include/px4_msgs/px4_msgs/msg/detail/vehicle_rates_setpoint__rosidl_typesupport_fastrtps_c.h\n'}
[2.574324] (px4_msgs) StdoutLine: {'line': b'-- Up-to-date symlink: /home/carlos/ros2_ws/install/px4_msgs/include/px4_msgs/px4_msgs/msg/detail/vehicle_roi__rosidl_typesupport_fastrtps_c.h\n'}
[2.574410] (px4_msgs) StdoutLine: {'line': b'-- Up-to-date symlink: /home/carlos/ros2_ws/install/px4_msgs/include/px4_msgs/px4_msgs/msg/detail/vehicle_status__rosidl_typesupport_fastrtps_c.h\n'}
[2.574493] (px4_msgs) StdoutLine: {'line': b'-- Up-to-date symlink: /home/carlos/ros2_ws/install/px4_msgs/include/px4_msgs/px4_msgs/msg/detail/vehicle_thrust_setpoint__rosidl_typesupport_fastrtps_c.h\n'}
[2.574576] (px4_msgs) StdoutLine: {'line': b'-- Up-to-date symlink: /home/carlos/ros2_ws/install/px4_msgs/include/px4_msgs/px4_msgs/msg/detail/vehicle_torque_setpoint__rosidl_typesupport_fastrtps_c.h\n'}
[2.574660] (px4_msgs) StdoutLine: {'line': b'-- Up-to-date symlink: /home/carlos/ros2_ws/install/px4_msgs/include/px4_msgs/px4_msgs/msg/detail/velocity_limits__rosidl_typesupport_fastrtps_c.h\n'}
[2.574742] (px4_msgs) StdoutLine: {'line': b'-- Up-to-date symlink: /home/carlos/ros2_ws/install/px4_msgs/include/px4_msgs/px4_msgs/msg/detail/vtol_vehicle_status__rosidl_typesupport_fastrtps_c.h\n'}
[2.574826] (px4_msgs) StdoutLine: {'line': b'-- Up-to-date symlink: /home/carlos/ros2_ws/install/px4_msgs/include/px4_msgs/px4_msgs/msg/detail/wheel_encoders__rosidl_typesupport_fastrtps_c.h\n'}
[2.574910] (px4_msgs) StdoutLine: {'line': b'-- Up-to-date symlink: /home/carlos/ros2_ws/install/px4_msgs/include/px4_msgs/px4_msgs/msg/detail/wind__rosidl_typesupport_fastrtps_c.h\n'}
[2.574993] (px4_msgs) StdoutLine: {'line': b'-- Up-to-date symlink: /home/carlos/ros2_ws/install/px4_msgs/include/px4_msgs/px4_msgs/msg/detail/yaw_estimator_status__rosidl_typesupport_fastrtps_c.h\n'}
[2.575105] (px4_msgs) StdoutLine: {'line': b'-- Up-to-date symlink: /home/carlos/ros2_ws/install/px4_msgs/include/px4_msgs/px4_msgs/msg/rosidl_typesupport_fastrtps_c__visibility_control.h\n'}
[2.575166] (px4_msgs) StdoutLine: {'line': b'-- Up-to-date symlink: /home/carlos/ros2_ws/install/px4_msgs/include/px4_msgs/px4_msgs/srv/detail/vehicle_command__rosidl_typesupport_fastrtps_c.h\n'}
[2.584155] (px4_msgs) StdoutLine: {'line': b'-- Up-to-date symlink: /home/carlos/ros2_ws/install/px4_msgs/include/px4_msgs/px4_msgs/msg/action_request.hpp\n'}
[2.584460] (px4_msgs) StdoutLine: {'line': b'-- Up-to-date symlink: /home/carlos/ros2_ws/install/px4_msgs/include/px4_msgs/px4_msgs/msg/actuator_armed.hpp\n'}
[2.584605] (px4_msgs) StdoutLine: {'line': b'-- Up-to-date symlink: /home/carlos/ros2_ws/install/px4_msgs/include/px4_msgs/px4_msgs/msg/actuator_controls_status.hpp\n'}
[2.584751] (px4_msgs) StdoutLine: {'line': b'-- Up-to-date symlink: /home/carlos/ros2_ws/install/px4_msgs/include/px4_msgs/px4_msgs/msg/actuator_motors.hpp\n'}
[2.584888] (px4_msgs) StdoutLine: {'line': b'-- Up-to-date symlink: /home/carlos/ros2_ws/install/px4_msgs/include/px4_msgs/px4_msgs/msg/actuator_outputs.hpp\n'}
[2.585033] (px4_msgs) StdoutLine: {'line': b'-- Up-to-date symlink: /home/carlos/ros2_ws/install/px4_msgs/include/px4_msgs/px4_msgs/msg/actuator_servos.hpp\n'}
[2.585121] (px4_msgs) StdoutLine: {'line': b'-- Up-to-date symlink: /home/carlos/ros2_ws/install/px4_msgs/include/px4_msgs/px4_msgs/msg/actuator_servos_trim.hpp\n'}
[2.585171] (px4_msgs) StdoutLine: {'line': b'-- Up-to-date symlink: /home/carlos/ros2_ws/install/px4_msgs/include/px4_msgs/px4_msgs/msg/actuator_test.hpp\n'}
[2.585219] (px4_msgs) StdoutLine: {'line': b'-- Up-to-date symlink: /home/carlos/ros2_ws/install/px4_msgs/include/px4_msgs/px4_msgs/msg/adc_report.hpp\n'}
[2.585266] (px4_msgs) StdoutLine: {'line': b'-- Up-to-date symlink: /home/carlos/ros2_ws/install/px4_msgs/include/px4_msgs/px4_msgs/msg/airspeed.hpp\n'}
[2.585319] (px4_msgs) StdoutLine: {'line': b'-- Up-to-date symlink: /home/carlos/ros2_ws/install/px4_msgs/include/px4_msgs/px4_msgs/msg/airspeed_validated.hpp\n'}
[2.585381] (px4_msgs) StdoutLine: {'line': b'-- Up-to-date symlink: /home/carlos/ros2_ws/install/px4_msgs/include/px4_msgs/px4_msgs/msg/airspeed_wind.hpp\n'}
[2.585428] (px4_msgs) StdoutLine: {'line': b'-- Up-to-date symlink: /home/carlos/ros2_ws/install/px4_msgs/include/px4_msgs/px4_msgs/msg/arming_check_reply.hpp\n'}
[2.585526] (px4_msgs) StdoutLine: {'line': b'-- Up-to-date symlink: /home/carlos/ros2_ws/install/px4_msgs/include/px4_msgs/px4_msgs/msg/arming_check_request.hpp\n'}
[2.585581] (px4_msgs) StdoutLine: {'line': b'-- Up-to-date symlink: /home/carlos/ros2_ws/install/px4_msgs/include/px4_msgs/px4_msgs/msg/autotune_attitude_control_status.hpp\n'}
[2.585632] (px4_msgs) StdoutLine: {'line': b'-- Up-to-date symlink: /home/carlos/ros2_ws/install/px4_msgs/include/px4_msgs/px4_msgs/msg/battery_info.hpp\n'}
[2.585680] (px4_msgs) StdoutLine: {'line': b'-- Up-to-date symlink: /home/carlos/ros2_ws/install/px4_msgs/include/px4_msgs/px4_msgs/msg/battery_status.hpp\n'}
[2.585758] (px4_msgs) StdoutLine: {'line': b'-- Up-to-date symlink: /home/carlos/ros2_ws/install/px4_msgs/include/px4_msgs/px4_msgs/msg/button_event.hpp\n'}
[2.585807] (px4_msgs) StdoutLine: {'line': b'-- Up-to-date symlink: /home/carlos/ros2_ws/install/px4_msgs/include/px4_msgs/px4_msgs/msg/camera_capture.hpp\n'}
[2.585854] (px4_msgs) StdoutLine: {'line': b'-- Up-to-date symlink: /home/carlos/ros2_ws/install/px4_msgs/include/px4_msgs/px4_msgs/msg/camera_status.hpp\n'}
[2.585933] (px4_msgs) StdoutLine: {'line': b'-- Up-to-date symlink: /home/carlos/ros2_ws/install/px4_msgs/include/px4_msgs/px4_msgs/msg/camera_trigger.hpp\n'}
[2.585986] (px4_msgs) StdoutLine: {'line': b'-- Up-to-date symlink: /home/carlos/ros2_ws/install/px4_msgs/include/px4_msgs/px4_msgs/msg/can_interface_status.hpp\n'}
[2.586034] (px4_msgs) StdoutLine: {'line': b'-- Up-to-date symlink: /home/carlos/ros2_ws/install/px4_msgs/include/px4_msgs/px4_msgs/msg/cellular_status.hpp\n'}
[2.586112] (px4_msgs) StdoutLine: {'line': b'-- Up-to-date symlink: /home/carlos/ros2_ws/install/px4_msgs/include/px4_msgs/px4_msgs/msg/collision_constraints.hpp\n'}
[2.586172] (px4_msgs) StdoutLine: {'line': b'-- Up-to-date symlink: /home/carlos/ros2_ws/install/px4_msgs/include/px4_msgs/px4_msgs/msg/config_overrides.hpp\n'}
[2.586218] (px4_msgs) StdoutLine: {'line': b'-- Up-to-date symlink: /home/carlos/ros2_ws/install/px4_msgs/include/px4_msgs/px4_msgs/msg/control_allocator_status.hpp\n'}
[2.586285] (px4_msgs) StdoutLine: {'line': b'-- Up-to-date symlink: /home/carlos/ros2_ws/install/px4_msgs/include/px4_msgs/px4_msgs/msg/cpuload.hpp\n'}
[2.586340] (px4_msgs) StdoutLine: {'line': b'-- Up-to-date symlink: /home/carlos/ros2_ws/install/px4_msgs/include/px4_msgs/px4_msgs/msg/dataman_request.hpp\n'}
[2.586417] (px4_msgs) StdoutLine: {'line': b'-- Up-to-date symlink: /home/carlos/ros2_ws/install/px4_msgs/include/px4_msgs/px4_msgs/msg/dataman_response.hpp\n'}
[2.586482] (px4_msgs) StdoutLine: {'line': b'-- Up-to-date symlink: /home/carlos/ros2_ws/install/px4_msgs/include/px4_msgs/px4_msgs/msg/debug_array.hpp\n'}
[2.586541] (px4_msgs) StdoutLine: {'line': b'-- Up-to-date symlink: /home/carlos/ros2_ws/install/px4_msgs/include/px4_msgs/px4_msgs/msg/debug_key_value.hpp\n'}
[2.586619] (px4_msgs) StdoutLine: {'line': b'-- Up-to-date symlink: /home/carlos/ros2_ws/install/px4_msgs/include/px4_msgs/px4_msgs/msg/debug_value.hpp\n'}
[2.586698] (px4_msgs) StdoutLine: {'line': b'-- Up-to-date symlink: /home/carlos/ros2_ws/install/px4_msgs/include/px4_msgs/px4_msgs/msg/debug_vect.hpp\n'}
[2.586781] (px4_msgs) StdoutLine: {'line': b'-- Up-to-date symlink: /home/carlos/ros2_ws/install/px4_msgs/include/px4_msgs/px4_msgs/msg/detail/action_request__builder.hpp\n'}
[2.586865] (px4_msgs) StdoutLine: {'line': b'-- Up-to-date symlink: /home/carlos/ros2_ws/install/px4_msgs/include/px4_msgs/px4_msgs/msg/detail/action_request__struct.hpp\n'}
[2.586947] (px4_msgs) StdoutLine: {'line': b'-- Up-to-date symlink: /home/carlos/ros2_ws/install/px4_msgs/include/px4_msgs/px4_msgs/msg/detail/action_request__traits.hpp\n'}
[2.587030] (px4_msgs) StdoutLine: {'line': b'-- Up-to-date symlink: /home/carlos/ros2_ws/install/px4_msgs/include/px4_msgs/px4_msgs/msg/detail/action_request__type_support.hpp\n'}
[2.587112] (px4_msgs) StdoutLine: {'line': b'-- Up-to-date symlink: /home/carlos/ros2_ws/install/px4_msgs/include/px4_msgs/px4_msgs/msg/detail/actuator_armed__builder.hpp\n'}
[2.587195] (px4_msgs) StdoutLine: {'line': b'-- Up-to-date symlink: /home/carlos/ros2_ws/install/px4_msgs/include/px4_msgs/px4_msgs/msg/detail/actuator_armed__struct.hpp\n'}
[2.587277] (px4_msgs) StdoutLine: {'line': b'-- Up-to-date symlink: /home/carlos/ros2_ws/install/px4_msgs/include/px4_msgs/px4_msgs/msg/detail/actuator_armed__traits.hpp\n'}
[2.587377] (px4_msgs) StdoutLine: {'line': b'-- Up-to-date symlink: /home/carlos/ros2_ws/install/px4_msgs/include/px4_msgs/px4_msgs/msg/detail/actuator_armed__type_support.hpp\n'}
[2.587469] (px4_msgs) StdoutLine: {'line': b'-- Up-to-date symlink: /home/carlos/ros2_ws/install/px4_msgs/include/px4_msgs/px4_msgs/msg/detail/actuator_controls_status__builder.hpp\n'}
[2.587552] (px4_msgs) StdoutLine: {'line': b'-- Up-to-date symlink: /home/carlos/ros2_ws/install/px4_msgs/include/px4_msgs/px4_msgs/msg/detail/actuator_controls_status__struct.hpp\n'}
[2.587634] (px4_msgs) StdoutLine: {'line': b'-- Up-to-date symlink: /home/carlos/ros2_ws/install/px4_msgs/include/px4_msgs/px4_msgs/msg/detail/actuator_controls_status__traits.hpp\n'}
[2.587723] (px4_msgs) StdoutLine: {'line': b'-- Up-to-date symlink: /home/carlos/ros2_ws/install/px4_msgs/include/px4_msgs/px4_msgs/msg/detail/actuator_controls_status__type_support.hpp\n'}
[2.587806] (px4_msgs) StdoutLine: {'line': b'-- Up-to-date symlink: /home/carlos/ros2_ws/install/px4_msgs/include/px4_msgs/px4_msgs/msg/detail/actuator_motors__builder.hpp\n'}
[2.587888] (px4_msgs) StdoutLine: {'line': b'-- Up-to-date symlink: /home/carlos/ros2_ws/install/px4_msgs/include/px4_msgs/px4_msgs/msg/detail/actuator_motors__struct.hpp\n'}
[2.587971] (px4_msgs) StdoutLine: {'line': b'-- Up-to-date symlink: /home/carlos/ros2_ws/install/px4_msgs/include/px4_msgs/px4_msgs/msg/detail/actuator_motors__traits.hpp\n'}
[2.588054] (px4_msgs) StdoutLine: {'line': b'-- Up-to-date symlink: /home/carlos/ros2_ws/install/px4_msgs/include/px4_msgs/px4_msgs/msg/detail/actuator_motors__type_support.hpp\n'}
[2.588137] (px4_msgs) StdoutLine: {'line': b'-- Up-to-date symlink: /home/carlos/ros2_ws/install/px4_msgs/include/px4_msgs/px4_msgs/msg/detail/actuator_outputs__builder.hpp\n'}
[2.588219] (px4_msgs) StdoutLine: {'line': b'-- Up-to-date symlink: /home/carlos/ros2_ws/install/px4_msgs/include/px4_msgs/px4_msgs/msg/detail/actuator_outputs__struct.hpp\n'}
[2.588301] (px4_msgs) StdoutLine: {'line': b'-- Up-to-date symlink: /home/carlos/ros2_ws/install/px4_msgs/include/px4_msgs/px4_msgs/msg/detail/actuator_outputs__traits.hpp\n'}
[2.588395] (px4_msgs) StdoutLine: {'line': b'-- Up-to-date symlink: /home/carlos/ros2_ws/install/px4_msgs/include/px4_msgs/px4_msgs/msg/detail/actuator_outputs__type_support.hpp\n'}
[2.588477] (px4_msgs) StdoutLine: {'line': b'-- Up-to-date symlink: /home/carlos/ros2_ws/install/px4_msgs/include/px4_msgs/px4_msgs/msg/detail/actuator_servos__builder.hpp\n'}
[2.588611] (px4_msgs) StdoutLine: {'line': b'-- Up-to-date symlink: /home/carlos/ros2_ws/install/px4_msgs/include/px4_msgs/px4_msgs/msg/detail/actuator_servos__struct.hpp\n'}
[2.588669] (px4_msgs) StdoutLine: {'line': b'-- Up-to-date symlink: /home/carlos/ros2_ws/install/px4_msgs/include/px4_msgs/px4_msgs/msg/detail/actuator_servos__traits.hpp\n'}
[2.588754] (px4_msgs) StdoutLine: {'line': b'-- Up-to-date symlink: /home/carlos/ros2_ws/install/px4_msgs/include/px4_msgs/px4_msgs/msg/detail/actuator_servos__type_support.hpp\n'}
[2.588839] (px4_msgs) StdoutLine: {'line': b'-- Up-to-date symlink: /home/carlos/ros2_ws/install/px4_msgs/include/px4_msgs/px4_msgs/msg/detail/actuator_servos_trim__builder.hpp\n'}
[2.588921] (px4_msgs) StdoutLine: {'line': b'-- Up-to-date symlink: /home/carlos/ros2_ws/install/px4_msgs/include/px4_msgs/px4_msgs/msg/detail/actuator_servos_trim__struct.hpp\n'}
[2.589009] (px4_msgs) StdoutLine: {'line': b'-- Up-to-date symlink: /home/carlos/ros2_ws/install/px4_msgs/include/px4_msgs/px4_msgs/msg/detail/actuator_servos_trim__traits.hpp\n'}
[2.589093] (px4_msgs) StdoutLine: {'line': b'-- Up-to-date symlink: /home/carlos/ros2_ws/install/px4_msgs/include/px4_msgs/px4_msgs/msg/detail/actuator_servos_trim__type_support.hpp\n'}
[2.589175] (px4_msgs) StdoutLine: {'line': b'-- Up-to-date symlink: /home/carlos/ros2_ws/install/px4_msgs/include/px4_msgs/px4_msgs/msg/detail/actuator_test__builder.hpp\n'}
[2.589247] (px4_msgs) StdoutLine: {'line': b'-- Up-to-date symlink: /home/carlos/ros2_ws/install/px4_msgs/include/px4_msgs/px4_msgs/msg/detail/actuator_test__struct.hpp\n'}
[2.589390] (px4_msgs) StdoutLine: {'line': b'-- Up-to-date symlink: /home/carlos/ros2_ws/install/px4_msgs/include/px4_msgs/px4_msgs/msg/detail/actuator_test__traits.hpp\n'}
[2.589505] (px4_msgs) StdoutLine: {'line': b'-- Up-to-date symlink: /home/carlos/ros2_ws/install/px4_msgs/include/px4_msgs/px4_msgs/msg/detail/actuator_test__type_support.hpp\n'}
[2.589588] (px4_msgs) StdoutLine: {'line': b'-- Up-to-date symlink: /home/carlos/ros2_ws/install/px4_msgs/include/px4_msgs/px4_msgs/msg/detail/adc_report__builder.hpp\n'}
[2.589666] (px4_msgs) StdoutLine: {'line': b'-- Up-to-date symlink: /home/carlos/ros2_ws/install/px4_msgs/include/px4_msgs/px4_msgs/msg/detail/adc_report__struct.hpp\n'}
[2.589738] (px4_msgs) StdoutLine: {'line': b'-- Up-to-date symlink: /home/carlos/ros2_ws/install/px4_msgs/include/px4_msgs/px4_msgs/msg/detail/adc_report__traits.hpp\n'}
[2.589827] (px4_msgs) StdoutLine: {'line': b'-- Up-to-date symlink: /home/carlos/ros2_ws/install/px4_msgs/include/px4_msgs/px4_msgs/msg/detail/adc_report__type_support.hpp\n'}
[2.589913] (px4_msgs) StdoutLine: {'line': b'-- Up-to-date symlink: /home/carlos/ros2_ws/install/px4_msgs/include/px4_msgs/px4_msgs/msg/detail/airspeed__builder.hpp\n'}
[2.590022] (px4_msgs) StdoutLine: {'line': b'-- Up-to-date symlink: /home/carlos/ros2_ws/install/px4_msgs/include/px4_msgs/px4_msgs/msg/detail/airspeed__struct.hpp\n'}
[2.590140] (px4_msgs) StdoutLine: {'line': b'-- Up-to-date symlink: /home/carlos/ros2_ws/install/px4_msgs/include/px4_msgs/px4_msgs/msg/detail/airspeed__traits.hpp\n'}
[2.590203] (px4_msgs) StdoutLine: {'line': b'-- Up-to-date symlink: /home/carlos/ros2_ws/install/px4_msgs/include/px4_msgs/px4_msgs/msg/detail/airspeed__type_support.hpp\n'}
[2.590288] (px4_msgs) StdoutLine: {'line': b'-- Up-to-date symlink: /home/carlos/ros2_ws/install/px4_msgs/include/px4_msgs/px4_msgs/msg/detail/airspeed_validated__builder.hpp\n'}
[2.590388] (px4_msgs) StdoutLine: {'line': b'-- Up-to-date symlink: /home/carlos/ros2_ws/install/px4_msgs/include/px4_msgs/px4_msgs/msg/detail/airspeed_validated__struct.hpp\n'}
[2.590472] (px4_msgs) StdoutLine: {'line': b'-- Up-to-date symlink: /home/carlos/ros2_ws/install/px4_msgs/include/px4_msgs/px4_msgs/msg/detail/airspeed_validated__traits.hpp\n'}
[2.590554] (px4_msgs) StdoutLine: {'line': b'-- Up-to-date symlink: /home/carlos/ros2_ws/install/px4_msgs/include/px4_msgs/px4_msgs/msg/detail/airspeed_validated__type_support.hpp\n'}
[2.590637] (px4_msgs) StdoutLine: {'line': b'-- Up-to-date symlink: /home/carlos/ros2_ws/install/px4_msgs/include/px4_msgs/px4_msgs/msg/detail/airspeed_wind__builder.hpp\n'}
[2.590720] (px4_msgs) StdoutLine: {'line': b'-- Up-to-date symlink: /home/carlos/ros2_ws/install/px4_msgs/include/px4_msgs/px4_msgs/msg/detail/airspeed_wind__struct.hpp\n'}
[2.590802] (px4_msgs) StdoutLine: {'line': b'-- Up-to-date symlink: /home/carlos/ros2_ws/install/px4_msgs/include/px4_msgs/px4_msgs/msg/detail/airspeed_wind__traits.hpp\n'}
[2.590885] (px4_msgs) StdoutLine: {'line': b'-- Up-to-date symlink: /home/carlos/ros2_ws/install/px4_msgs/include/px4_msgs/px4_msgs/msg/detail/airspeed_wind__type_support.hpp\n'}
[2.590964] (px4_msgs) StdoutLine: {'line': b'-- Up-to-date symlink: /home/carlos/ros2_ws/install/px4_msgs/include/px4_msgs/px4_msgs/msg/detail/arming_check_reply__builder.hpp\n'}
[2.591053] (px4_msgs) StdoutLine: {'line': b'-- Up-to-date symlink: /home/carlos/ros2_ws/install/px4_msgs/include/px4_msgs/px4_msgs/msg/detail/arming_check_reply__struct.hpp\n'}
[2.591143] (px4_msgs) StdoutLine: {'line': b'-- Up-to-date symlink: /home/carlos/ros2_ws/install/px4_msgs/include/px4_msgs/px4_msgs/msg/detail/arming_check_reply__traits.hpp\n'}
[2.591231] (px4_msgs) StdoutLine: {'line': b'-- Up-to-date symlink: /home/carlos/ros2_ws/install/px4_msgs/include/px4_msgs/px4_msgs/msg/detail/arming_check_reply__type_support.hpp\n'}
[2.591316] (px4_msgs) StdoutLine: {'line': b'-- Up-to-date symlink: /home/carlos/ros2_ws/install/px4_msgs/include/px4_msgs/px4_msgs/msg/detail/arming_check_request__builder.hpp\n'}
[2.591409] (px4_msgs) StdoutLine: {'line': b'-- Up-to-date symlink: /home/carlos/ros2_ws/install/px4_msgs/include/px4_msgs/px4_msgs/msg/detail/arming_check_request__struct.hpp\n'}
[2.591491] (px4_msgs) StdoutLine: {'line': b'-- Up-to-date symlink: /home/carlos/ros2_ws/install/px4_msgs/include/px4_msgs/px4_msgs/msg/detail/arming_check_request__traits.hpp\n'}
[2.591574] (px4_msgs) StdoutLine: {'line': b'-- Up-to-date symlink: /home/carlos/ros2_ws/install/px4_msgs/include/px4_msgs/px4_msgs/msg/detail/arming_check_request__type_support.hpp\n'}
[2.591658] (px4_msgs) StdoutLine: {'line': b'-- Up-to-date symlink: /home/carlos/ros2_ws/install/px4_msgs/include/px4_msgs/px4_msgs/msg/detail/autotune_attitude_control_status__builder.hpp\n'}
[2.591741] (px4_msgs) StdoutLine: {'line': b'-- Up-to-date symlink: /home/carlos/ros2_ws/install/px4_msgs/include/px4_msgs/px4_msgs/msg/detail/autotune_attitude_control_status__struct.hpp\n'}
[2.591823] (px4_msgs) StdoutLine: {'line': b'-- Up-to-date symlink: /home/carlos/ros2_ws/install/px4_msgs/include/px4_msgs/px4_msgs/msg/detail/autotune_attitude_control_status__traits.hpp\n'}
[2.591907] (px4_msgs) StdoutLine: {'line': b'-- Up-to-date symlink: /home/carlos/ros2_ws/install/px4_msgs/include/px4_msgs/px4_msgs/msg/detail/autotune_attitude_control_status__type_support.hpp\n'}
[2.591992] (px4_msgs) StdoutLine: {'line': b'-- Up-to-date symlink: /home/carlos/ros2_ws/install/px4_msgs/include/px4_msgs/px4_msgs/msg/detail/battery_info__builder.hpp\n'}
[2.592075] (px4_msgs) StdoutLine: {'line': b'-- Up-to-date symlink: /home/carlos/ros2_ws/install/px4_msgs/include/px4_msgs/px4_msgs/msg/detail/battery_info__struct.hpp\n'}
[2.592165] (px4_msgs) StdoutLine: {'line': b'-- Up-to-date symlink: /home/carlos/ros2_ws/install/px4_msgs/include/px4_msgs/px4_msgs/msg/detail/battery_info__traits.hpp\n'}
[2.592256] (px4_msgs) StdoutLine: {'line': b'-- Up-to-date symlink: /home/carlos/ros2_ws/install/px4_msgs/include/px4_msgs/px4_msgs/msg/detail/battery_info__type_support.hpp\n'}
[2.592356] (px4_msgs) StdoutLine: {'line': b'-- Up-to-date symlink: /home/carlos/ros2_ws/install/px4_msgs/include/px4_msgs/px4_msgs/msg/detail/battery_status__builder.hpp\n'}
[2.592456] (px4_msgs) StdoutLine: {'line': b'-- Up-to-date symlink: /home/carlos/ros2_ws/install/px4_msgs/include/px4_msgs/px4_msgs/msg/detail/battery_status__struct.hpp\n'}
[2.592539] (px4_msgs) StdoutLine: {'line': b'-- Up-to-date symlink: /home/carlos/ros2_ws/install/px4_msgs/include/px4_msgs/px4_msgs/msg/detail/battery_status__traits.hpp\n'}
[2.592622] (px4_msgs) StdoutLine: {'line': b'-- Up-to-date symlink: /home/carlos/ros2_ws/install/px4_msgs/include/px4_msgs/px4_msgs/msg/detail/battery_status__type_support.hpp\n'}
[2.592704] (px4_msgs) StdoutLine: {'line': b'-- Up-to-date symlink: /home/carlos/ros2_ws/install/px4_msgs/include/px4_msgs/px4_msgs/msg/detail/button_event__builder.hpp\n'}
[2.592787] (px4_msgs) StdoutLine: {'line': b'-- Up-to-date symlink: /home/carlos/ros2_ws/install/px4_msgs/include/px4_msgs/px4_msgs/msg/detail/button_event__struct.hpp\n'}
[2.592868] (px4_msgs) StdoutLine: {'line': b'-- Up-to-date symlink: /home/carlos/ros2_ws/install/px4_msgs/include/px4_msgs/px4_msgs/msg/detail/button_event__traits.hpp\n'}
[2.592951] (px4_msgs) StdoutLine: {'line': b'-- Up-to-date symlink: /home/carlos/ros2_ws/install/px4_msgs/include/px4_msgs/px4_msgs/msg/detail/button_event__type_support.hpp\n'}
[2.593032] (px4_msgs) StdoutLine: {'line': b'-- Up-to-date symlink: /home/carlos/ros2_ws/install/px4_msgs/include/px4_msgs/px4_msgs/msg/detail/camera_capture__builder.hpp\n'}
[2.593114] (px4_msgs) StdoutLine: {'line': b'-- Up-to-date symlink: /home/carlos/ros2_ws/install/px4_msgs/include/px4_msgs/px4_msgs/msg/detail/camera_capture__struct.hpp\n'}
[2.593227] (px4_msgs) StdoutLine: {'line': b'-- Up-to-date symlink: /home/carlos/ros2_ws/install/px4_msgs/include/px4_msgs/px4_msgs/msg/detail/camera_capture__traits.hpp\n'}
[2.593317] (px4_msgs) StdoutLine: {'line': b'-- Up-to-date symlink: /home/carlos/ros2_ws/install/px4_msgs/include/px4_msgs/px4_msgs/msg/detail/camera_capture__type_support.hpp\n'}
[2.593406] (px4_msgs) StdoutLine: {'line': b'-- Up-to-date symlink: /home/carlos/ros2_ws/install/px4_msgs/include/px4_msgs/px4_msgs/msg/detail/camera_status__builder.hpp\n'}
[2.593492] (px4_msgs) StdoutLine: {'line': b'-- Up-to-date symlink: /home/carlos/ros2_ws/install/px4_msgs/include/px4_msgs/px4_msgs/msg/detail/camera_status__struct.hpp\n'}
[2.593576] (px4_msgs) StdoutLine: {'line': b'-- Up-to-date symlink: /home/carlos/ros2_ws/install/px4_msgs/include/px4_msgs/px4_msgs/msg/detail/camera_status__traits.hpp\n'}
[2.593659] (px4_msgs) StdoutLine: {'line': b'-- Up-to-date symlink: /home/carlos/ros2_ws/install/px4_msgs/include/px4_msgs/px4_msgs/msg/detail/camera_status__type_support.hpp\n'}
[2.593716] (px4_msgs) StdoutLine: {'line': b'-- Up-to-date symlink: /home/carlos/ros2_ws/install/px4_msgs/include/px4_msgs/px4_msgs/msg/detail/camera_trigger__builder.hpp\n'}
[2.593794] (px4_msgs) StdoutLine: {'line': b'-- Up-to-date symlink: /home/carlos/ros2_ws/install/px4_msgs/include/px4_msgs/px4_msgs/msg/detail/camera_trigger__struct.hpp\n'}
[2.593876] (px4_msgs) StdoutLine: {'line': b'-- Up-to-date symlink: /home/carlos/ros2_ws/install/px4_msgs/include/px4_msgs/px4_msgs/msg/detail/camera_trigger__traits.hpp\n'}
[2.593959] (px4_msgs) StdoutLine: {'line': b'-- Up-to-date symlink: /home/carlos/ros2_ws/install/px4_msgs/include/px4_msgs/px4_msgs/msg/detail/camera_trigger__type_support.hpp\n'}
[2.594041] (px4_msgs) StdoutLine: {'line': b'-- Up-to-date symlink: /home/carlos/ros2_ws/install/px4_msgs/include/px4_msgs/px4_msgs/msg/detail/can_interface_status__builder.hpp\n'}
[2.594122] (px4_msgs) StdoutLine: {'line': b'-- Up-to-date symlink: /home/carlos/ros2_ws/install/px4_msgs/include/px4_msgs/px4_msgs/msg/detail/can_interface_status__struct.hpp\n'}
[2.594214] (px4_msgs) StdoutLine: {'line': b'-- Up-to-date symlink: /home/carlos/ros2_ws/install/px4_msgs/include/px4_msgs/px4_msgs/msg/detail/can_interface_status__traits.hpp\n'}
[2.594294] (px4_msgs) StdoutLine: {'line': b'-- Up-to-date symlink: /home/carlos/ros2_ws/install/px4_msgs/include/px4_msgs/px4_msgs/msg/detail/can_interface_status__type_support.hpp\n'}
[2.594391] (px4_msgs) StdoutLine: {'line': b'-- Up-to-date symlink: /home/carlos/ros2_ws/install/px4_msgs/include/px4_msgs/px4_msgs/msg/detail/cellular_status__builder.hpp\n'}
[2.594476] (px4_msgs) StdoutLine: {'line': b'-- Up-to-date symlink: /home/carlos/ros2_ws/install/px4_msgs/include/px4_msgs/px4_msgs/msg/detail/cellular_status__struct.hpp\n'}
[2.594559] (px4_msgs) StdoutLine: {'line': b'-- Up-to-date symlink: /home/carlos/ros2_ws/install/px4_msgs/include/px4_msgs/px4_msgs/msg/detail/cellular_status__traits.hpp\n'}
[2.594640] (px4_msgs) StdoutLine: {'line': b'-- Up-to-date symlink: /home/carlos/ros2_ws/install/px4_msgs/include/px4_msgs/px4_msgs/msg/detail/cellular_status__type_support.hpp\n'}
[2.594722] (px4_msgs) StdoutLine: {'line': b'-- Up-to-date symlink: /home/carlos/ros2_ws/install/px4_msgs/include/px4_msgs/px4_msgs/msg/detail/collision_constraints__builder.hpp\n'}
[2.594803] (px4_msgs) StdoutLine: {'line': b'-- Up-to-date symlink: /home/carlos/ros2_ws/install/px4_msgs/include/px4_msgs/px4_msgs/msg/detail/collision_constraints__struct.hpp\n'}
[2.594885] (px4_msgs) StdoutLine: {'line': b'-- Up-to-date symlink: /home/carlos/ros2_ws/install/px4_msgs/include/px4_msgs/px4_msgs/msg/detail/collision_constraints__traits.hpp\n'}
[2.594968] (px4_msgs) StdoutLine: {'line': b'-- Up-to-date symlink: /home/carlos/ros2_ws/install/px4_msgs/include/px4_msgs/px4_msgs/msg/detail/collision_constraints__type_support.hpp\n'}
[2.595060] (px4_msgs) StdoutLine: {'line': b'-- Up-to-date symlink: /home/carlos/ros2_ws/install/px4_msgs/include/px4_msgs/px4_msgs/msg/detail/config_overrides__builder.hpp\n'}
[2.595189] (px4_msgs) StdoutLine: {'line': b'-- Up-to-date symlink: /home/carlos/ros2_ws/install/px4_msgs/include/px4_msgs/px4_msgs/msg/detail/config_overrides__struct.hpp\n'}
[2.595383] (px4_msgs) StdoutLine: {'line': b'-- Up-to-date symlink: /home/carlos/ros2_ws/install/px4_msgs/include/px4_msgs/px4_msgs/msg/detail/config_overrides__traits.hpp\n'}
[2.595560] (px4_msgs) StdoutLine: {'line': b'-- Up-to-date symlink: /home/carlos/ros2_ws/install/px4_msgs/include/px4_msgs/px4_msgs/msg/detail/config_overrides__type_support.hpp\n'}
[2.595679] (px4_msgs) StdoutLine: {'line': b'-- Up-to-date symlink: /home/carlos/ros2_ws/install/px4_msgs/include/px4_msgs/px4_msgs/msg/detail/control_allocator_status__builder.hpp\n'}
[2.595800] (px4_msgs) StdoutLine: {'line': b'-- Up-to-date symlink: /home/carlos/ros2_ws/install/px4_msgs/include/px4_msgs/px4_msgs/msg/detail/control_allocator_status__struct.hpp\n'}
[2.595904] (px4_msgs) StdoutLine: {'line': b'-- Up-to-date symlink: /home/carlos/ros2_ws/install/px4_msgs/include/px4_msgs/px4_msgs/msg/detail/control_allocator_status__traits.hpp\n'}
[2.596092] (px4_msgs) StdoutLine: {'line': b'-- Up-to-date symlink: /home/carlos/ros2_ws/install/px4_msgs/include/px4_msgs/px4_msgs/msg/detail/control_allocator_status__type_support.hpp\n'}
[2.596204] (px4_msgs) StdoutLine: {'line': b'-- Up-to-date symlink: /home/carlos/ros2_ws/install/px4_msgs/include/px4_msgs/px4_msgs/msg/detail/cpuload__builder.hpp\n'}
[2.596308] (px4_msgs) StdoutLine: {'line': b'-- Up-to-date symlink: /home/carlos/ros2_ws/install/px4_msgs/include/px4_msgs/px4_msgs/msg/detail/cpuload__struct.hpp\n'}
[2.596434] (px4_msgs) StdoutLine: {'line': b'-- Up-to-date symlink: /home/carlos/ros2_ws/install/px4_msgs/include/px4_msgs/px4_msgs/msg/detail/cpuload__traits.hpp\n'}
[2.596532] (px4_msgs) StdoutLine: {'line': b'-- Up-to-date symlink: /home/carlos/ros2_ws/install/px4_msgs/include/px4_msgs/px4_msgs/msg/detail/cpuload__type_support.hpp\n'}
[2.596631] (px4_msgs) StdoutLine: {'line': b'-- Up-to-date symlink: /home/carlos/ros2_ws/install/px4_msgs/include/px4_msgs/px4_msgs/msg/detail/dataman_request__builder.hpp\n'}
[2.596780] (px4_msgs) StdoutLine: {'line': b'-- Up-to-date symlink: /home/carlos/ros2_ws/install/px4_msgs/include/px4_msgs/px4_msgs/msg/detail/dataman_request__struct.hpp\n'}
[2.596877] (px4_msgs) StdoutLine: {'line': b'-- Up-to-date symlink: /home/carlos/ros2_ws/install/px4_msgs/include/px4_msgs/px4_msgs/msg/detail/dataman_request__traits.hpp\n'}
[2.596945] (px4_msgs) StdoutLine: {'line': b'-- Up-to-date symlink: /home/carlos/ros2_ws/install/px4_msgs/include/px4_msgs/px4_msgs/msg/detail/dataman_request__type_support.hpp\n'}
[2.596987] (px4_msgs) StdoutLine: {'line': b'-- Up-to-date symlink: /home/carlos/ros2_ws/install/px4_msgs/include/px4_msgs/px4_msgs/msg/detail/dataman_response__builder.hpp\n'}
[2.597037] (px4_msgs) StdoutLine: {'line': b'-- Up-to-date symlink: /home/carlos/ros2_ws/install/px4_msgs/include/px4_msgs/px4_msgs/msg/detail/dataman_response__struct.hpp\n'}
[2.597080] (px4_msgs) StdoutLine: {'line': b'-- Up-to-date symlink: /home/carlos/ros2_ws/install/px4_msgs/include/px4_msgs/px4_msgs/msg/detail/dataman_response__traits.hpp\n'}
[2.597124] (px4_msgs) StdoutLine: {'line': b'-- Up-to-date symlink: /home/carlos/ros2_ws/install/px4_msgs/include/px4_msgs/px4_msgs/msg/detail/dataman_response__type_support.hpp\n'}
[2.597165] (px4_msgs) StdoutLine: {'line': b'-- Up-to-date symlink: /home/carlos/ros2_ws/install/px4_msgs/include/px4_msgs/px4_msgs/msg/detail/debug_array__builder.hpp\n'}
[2.597209] (px4_msgs) StdoutLine: {'line': b'-- Up-to-date symlink: /home/carlos/ros2_ws/install/px4_msgs/include/px4_msgs/px4_msgs/msg/detail/debug_array__struct.hpp\n'}
[2.597251] (px4_msgs) StdoutLine: {'line': b'-- Up-to-date symlink: /home/carlos/ros2_ws/install/px4_msgs/include/px4_msgs/px4_msgs/msg/detail/debug_array__traits.hpp\n'}
[2.597327] (px4_msgs) StdoutLine: {'line': b'-- Up-to-date symlink: /home/carlos/ros2_ws/install/px4_msgs/include/px4_msgs/px4_msgs/msg/detail/debug_array__type_support.hpp\n'}
[2.597379] (px4_msgs) StdoutLine: {'line': b'-- Up-to-date symlink: /home/carlos/ros2_ws/install/px4_msgs/include/px4_msgs/px4_msgs/msg/detail/debug_key_value__builder.hpp\n'}
[2.597420] (px4_msgs) StdoutLine: {'line': b'-- Up-to-date symlink: /home/carlos/ros2_ws/install/px4_msgs/include/px4_msgs/px4_msgs/msg/detail/debug_key_value__struct.hpp\n'}
[2.597464] (px4_msgs) StdoutLine: {'line': b'-- Up-to-date symlink: /home/carlos/ros2_ws/install/px4_msgs/include/px4_msgs/px4_msgs/msg/detail/debug_key_value__traits.hpp\n'}
[2.597520] (px4_msgs) StdoutLine: {'line': b'-- Up-to-date symlink: /home/carlos/ros2_ws/install/px4_msgs/include/px4_msgs/px4_msgs/msg/detail/debug_key_value__type_support.hpp\n'}
[2.597572] (px4_msgs) StdoutLine: {'line': b'-- Up-to-date symlink: /home/carlos/ros2_ws/install/px4_msgs/include/px4_msgs/px4_msgs/msg/detail/debug_value__builder.hpp\n'}
[2.597631] (px4_msgs) StdoutLine: {'line': b'-- Up-to-date symlink: /home/carlos/ros2_ws/install/px4_msgs/include/px4_msgs/px4_msgs/msg/detail/debug_value__struct.hpp\n'}
[2.597692] (px4_msgs) StdoutLine: {'line': b'-- Up-to-date symlink: /home/carlos/ros2_ws/install/px4_msgs/include/px4_msgs/px4_msgs/msg/detail/debug_value__traits.hpp\n'}
[2.597746] (px4_msgs) StdoutLine: {'line': b'-- Up-to-date symlink: /home/carlos/ros2_ws/install/px4_msgs/include/px4_msgs/px4_msgs/msg/detail/debug_value__type_support.hpp\n'}
[2.597819] (px4_msgs) StdoutLine: {'line': b'-- Up-to-date symlink: /home/carlos/ros2_ws/install/px4_msgs/include/px4_msgs/px4_msgs/msg/detail/debug_vect__builder.hpp\n'}
[2.597905] (px4_msgs) StdoutLine: {'line': b'-- Up-to-date symlink: /home/carlos/ros2_ws/install/px4_msgs/include/px4_msgs/px4_msgs/msg/detail/debug_vect__struct.hpp\n'}
[2.597995] (px4_msgs) StdoutLine: {'line': b'-- Up-to-date symlink: /home/carlos/ros2_ws/install/px4_msgs/include/px4_msgs/px4_msgs/msg/detail/debug_vect__traits.hpp\n'}
[2.598106] (px4_msgs) StdoutLine: {'line': b'-- Up-to-date symlink: /home/carlos/ros2_ws/install/px4_msgs/include/px4_msgs/px4_msgs/msg/detail/debug_vect__type_support.hpp\n'}
[2.598165] (px4_msgs) StdoutLine: {'line': b'-- Up-to-date symlink: /home/carlos/ros2_ws/install/px4_msgs/include/px4_msgs/px4_msgs/msg/detail/differential_pressure__builder.hpp\n'}
[2.598245] (px4_msgs) StdoutLine: {'line': b'-- Up-to-date symlink: /home/carlos/ros2_ws/install/px4_msgs/include/px4_msgs/px4_msgs/msg/detail/differential_pressure__struct.hpp\n'}
[2.598330] (px4_msgs) StdoutLine: {'line': b'-- Up-to-date symlink: /home/carlos/ros2_ws/install/px4_msgs/include/px4_msgs/px4_msgs/msg/detail/differential_pressure__traits.hpp\n'}
[2.598421] (px4_msgs) StdoutLine: {'line': b'-- Up-to-date symlink: /home/carlos/ros2_ws/install/px4_msgs/include/px4_msgs/px4_msgs/msg/detail/differential_pressure__type_support.hpp\n'}
[2.598503] (px4_msgs) StdoutLine: {'line': b'-- Up-to-date symlink: /home/carlos/ros2_ws/install/px4_msgs/include/px4_msgs/px4_msgs/msg/detail/distance_sensor__builder.hpp\n'}
[2.598585] (px4_msgs) StdoutLine: {'line': b'-- Up-to-date symlink: /home/carlos/ros2_ws/install/px4_msgs/include/px4_msgs/px4_msgs/msg/detail/distance_sensor__struct.hpp\n'}
[2.598668] (px4_msgs) StdoutLine: {'line': b'-- Up-to-date symlink: /home/carlos/ros2_ws/install/px4_msgs/include/px4_msgs/px4_msgs/msg/detail/distance_sensor__traits.hpp\n'}
[2.598750] (px4_msgs) StdoutLine: {'line': b'-- Up-to-date symlink: /home/carlos/ros2_ws/install/px4_msgs/include/px4_msgs/px4_msgs/msg/detail/distance_sensor__type_support.hpp\n'}
[2.598833] (px4_msgs) StdoutLine: {'line': b'-- Up-to-date symlink: /home/carlos/ros2_ws/install/px4_msgs/include/px4_msgs/px4_msgs/msg/detail/distance_sensor_mode_change_request__builder.hpp\n'}
[2.598931] (px4_msgs) StdoutLine: {'line': b'-- Up-to-date symlink: /home/carlos/ros2_ws/install/px4_msgs/include/px4_msgs/px4_msgs/msg/detail/distance_sensor_mode_change_request__struct.hpp\n'}
[2.599015] (px4_msgs) StdoutLine: {'line': b'-- Up-to-date symlink: /home/carlos/ros2_ws/install/px4_msgs/include/px4_msgs/px4_msgs/msg/detail/distance_sensor_mode_change_request__traits.hpp\n'}
[2.599105] (px4_msgs) StdoutLine: {'line': b'-- Up-to-date symlink: /home/carlos/ros2_ws/install/px4_msgs/include/px4_msgs/px4_msgs/msg/detail/distance_sensor_mode_change_request__type_support.hpp\n'}
[2.599188] (px4_msgs) StdoutLine: {'line': b'-- Up-to-date symlink: /home/carlos/ros2_ws/install/px4_msgs/include/px4_msgs/px4_msgs/msg/detail/dronecan_node_status__builder.hpp\n'}
[2.599273] (px4_msgs) StdoutLine: {'line': b'-- Up-to-date symlink: /home/carlos/ros2_ws/install/px4_msgs/include/px4_msgs/px4_msgs/msg/detail/dronecan_node_status__struct.hpp\n'}
[2.599378] (px4_msgs) StdoutLine: {'line': b'-- Up-to-date symlink: /home/carlos/ros2_ws/install/px4_msgs/include/px4_msgs/px4_msgs/msg/detail/dronecan_node_status__traits.hpp\n'}
[2.599463] (px4_msgs) StdoutLine: {'line': b'-- Up-to-date symlink: /home/carlos/ros2_ws/install/px4_msgs/include/px4_msgs/px4_msgs/msg/detail/dronecan_node_status__type_support.hpp\n'}
[2.599545] (px4_msgs) StdoutLine: {'line': b'-- Up-to-date symlink: /home/carlos/ros2_ws/install/px4_msgs/include/px4_msgs/px4_msgs/msg/detail/ekf2_timestamps__builder.hpp\n'}
[2.599627] (px4_msgs) StdoutLine: {'line': b'-- Up-to-date symlink: /home/carlos/ros2_ws/install/px4_msgs/include/px4_msgs/px4_msgs/msg/detail/ekf2_timestamps__struct.hpp\n'}
[2.599709] (px4_msgs) StdoutLine: {'line': b'-- Up-to-date symlink: /home/carlos/ros2_ws/install/px4_msgs/include/px4_msgs/px4_msgs/msg/detail/ekf2_timestamps__traits.hpp\n'}
[2.599791] (px4_msgs) StdoutLine: {'line': b'-- Up-to-date symlink: /home/carlos/ros2_ws/install/px4_msgs/include/px4_msgs/px4_msgs/msg/detail/ekf2_timestamps__type_support.hpp\n'}
[2.599873] (px4_msgs) StdoutLine: {'line': b'-- Up-to-date symlink: /home/carlos/ros2_ws/install/px4_msgs/include/px4_msgs/px4_msgs/msg/detail/esc_report__builder.hpp\n'}
[2.599954] (px4_msgs) StdoutLine: {'line': b'-- Up-to-date symlink: /home/carlos/ros2_ws/install/px4_msgs/include/px4_msgs/px4_msgs/msg/detail/esc_report__struct.hpp\n'}
[2.600036] (px4_msgs) StdoutLine: {'line': b'-- Up-to-date symlink: /home/carlos/ros2_ws/install/px4_msgs/include/px4_msgs/px4_msgs/msg/detail/esc_report__traits.hpp\n'}
[2.600117] (px4_msgs) StdoutLine: {'line': b'-- Up-to-date symlink: /home/carlos/ros2_ws/install/px4_msgs/include/px4_msgs/px4_msgs/msg/detail/esc_report__type_support.hpp\n'}
[2.600198] (px4_msgs) StdoutLine: {'line': b'-- Up-to-date symlink: /home/carlos/ros2_ws/install/px4_msgs/include/px4_msgs/px4_msgs/msg/detail/esc_status__builder.hpp\n'}
[2.600280] (px4_msgs) StdoutLine: {'line': b'-- Up-to-date symlink: /home/carlos/ros2_ws/install/px4_msgs/include/px4_msgs/px4_msgs/msg/detail/esc_status__struct.hpp\n'}
[2.600370] (px4_msgs) StdoutLine: {'line': b'-- Up-to-date symlink: /home/carlos/ros2_ws/install/px4_msgs/include/px4_msgs/px4_msgs/msg/detail/esc_status__traits.hpp\n'}
[2.600461] (px4_msgs) StdoutLine: {'line': b'-- Up-to-date symlink: /home/carlos/ros2_ws/install/px4_msgs/include/px4_msgs/px4_msgs/msg/detail/esc_status__type_support.hpp\n'}
[2.600544] (px4_msgs) StdoutLine: {'line': b'-- Up-to-date symlink: /home/carlos/ros2_ws/install/px4_msgs/include/px4_msgs/px4_msgs/msg/detail/estimator_aid_source1d__builder.hpp\n'}
[2.600626] (px4_msgs) StdoutLine: {'line': b'-- Up-to-date symlink: /home/carlos/ros2_ws/install/px4_msgs/include/px4_msgs/px4_msgs/msg/detail/estimator_aid_source1d__struct.hpp\n'}
[2.600707] (px4_msgs) StdoutLine: {'line': b'-- Up-to-date symlink: /home/carlos/ros2_ws/install/px4_msgs/include/px4_msgs/px4_msgs/msg/detail/estimator_aid_source1d__traits.hpp\n'}
[2.600790] (px4_msgs) StdoutLine: {'line': b'-- Up-to-date symlink: /home/carlos/ros2_ws/install/px4_msgs/include/px4_msgs/px4_msgs/msg/detail/estimator_aid_source1d__type_support.hpp\n'}
[2.600872] (px4_msgs) StdoutLine: {'line': b'-- Up-to-date symlink: /home/carlos/ros2_ws/install/px4_msgs/include/px4_msgs/px4_msgs/msg/detail/estimator_aid_source2d__builder.hpp\n'}
[2.600957] (px4_msgs) StdoutLine: {'line': b'-- Up-to-date symlink: /home/carlos/ros2_ws/install/px4_msgs/include/px4_msgs/px4_msgs/msg/detail/estimator_aid_source2d__struct.hpp\n'}
[2.601039] (px4_msgs) StdoutLine: {'line': b'-- Up-to-date symlink: /home/carlos/ros2_ws/install/px4_msgs/include/px4_msgs/px4_msgs/msg/detail/estimator_aid_source2d__traits.hpp\n'}
[2.601122] (px4_msgs) StdoutLine: {'line': b'-- Up-to-date symlink: /home/carlos/ros2_ws/install/px4_msgs/include/px4_msgs/px4_msgs/msg/detail/estimator_aid_source2d__type_support.hpp\n'}
[2.601203] (px4_msgs) StdoutLine: {'line': b'-- Up-to-date symlink: /home/carlos/ros2_ws/install/px4_msgs/include/px4_msgs/px4_msgs/msg/detail/estimator_aid_source3d__builder.hpp\n'}
[2.601285] (px4_msgs) StdoutLine: {'line': b'-- Up-to-date symlink: /home/carlos/ros2_ws/install/px4_msgs/include/px4_msgs/px4_msgs/msg/detail/estimator_aid_source3d__struct.hpp\n'}
[2.601373] (px4_msgs) StdoutLine: {'line': b'-- Up-to-date symlink: /home/carlos/ros2_ws/install/px4_msgs/include/px4_msgs/px4_msgs/msg/detail/estimator_aid_source3d__traits.hpp\n'}
[2.601457] (px4_msgs) StdoutLine: {'line': b'-- Up-to-date symlink: /home/carlos/ros2_ws/install/px4_msgs/include/px4_msgs/px4_msgs/msg/detail/estimator_aid_source3d__type_support.hpp\n'}
[2.601539] (px4_msgs) StdoutLine: {'line': b'-- Up-to-date symlink: /home/carlos/ros2_ws/install/px4_msgs/include/px4_msgs/px4_msgs/msg/detail/estimator_bias3d__builder.hpp\n'}
[2.601620] (px4_msgs) StdoutLine: {'line': b'-- Up-to-date symlink: /home/carlos/ros2_ws/install/px4_msgs/include/px4_msgs/px4_msgs/msg/detail/estimator_bias3d__struct.hpp\n'}
[2.601696] (px4_msgs) StdoutLine: {'line': b'-- Up-to-date symlink: /home/carlos/ros2_ws/install/px4_msgs/include/px4_msgs/px4_msgs/msg/detail/estimator_bias3d__traits.hpp\n'}
[2.601778] (px4_msgs) StdoutLine: {'line': b'-- Up-to-date symlink: /home/carlos/ros2_ws/install/px4_msgs/include/px4_msgs/px4_msgs/msg/detail/estimator_bias3d__type_support.hpp\n'}
[2.601859] (px4_msgs) StdoutLine: {'line': b'-- Up-to-date symlink: /home/carlos/ros2_ws/install/px4_msgs/include/px4_msgs/px4_msgs/msg/detail/estimator_bias__builder.hpp\n'}
[2.601941] (px4_msgs) StdoutLine: {'line': b'-- Up-to-date symlink: /home/carlos/ros2_ws/install/px4_msgs/include/px4_msgs/px4_msgs/msg/detail/estimator_bias__struct.hpp\n'}
[2.602023] (px4_msgs) StdoutLine: {'line': b'-- Up-to-date symlink: /home/carlos/ros2_ws/install/px4_msgs/include/px4_msgs/px4_msgs/msg/detail/estimator_bias__traits.hpp\n'}
[2.602106] (px4_msgs) StdoutLine: {'line': b'-- Up-to-date symlink: /home/carlos/ros2_ws/install/px4_msgs/include/px4_msgs/px4_msgs/msg/detail/estimator_bias__type_support.hpp\n'}
[2.602187] (px4_msgs) StdoutLine: {'line': b'-- Up-to-date symlink: /home/carlos/ros2_ws/install/px4_msgs/include/px4_msgs/px4_msgs/msg/detail/estimator_event_flags__builder.hpp\n'}
[2.602273] (px4_msgs) StdoutLine: {'line': b'-- Up-to-date symlink: /home/carlos/ros2_ws/install/px4_msgs/include/px4_msgs/px4_msgs/msg/detail/estimator_event_flags__struct.hpp\n'}
[2.602361] (px4_msgs) StdoutLine: {'line': b'-- Up-to-date symlink: /home/carlos/ros2_ws/install/px4_msgs/include/px4_msgs/px4_msgs/msg/detail/estimator_event_flags__traits.hpp\n'}
[2.602468] (px4_msgs) StdoutLine: {'line': b'-- Up-to-date symlink: /home/carlos/ros2_ws/install/px4_msgs/include/px4_msgs/px4_msgs/msg/detail/estimator_event_flags__type_support.hpp\n'}
[2.602549] (px4_msgs) StdoutLine: {'line': b'-- Up-to-date symlink: /home/carlos/ros2_ws/install/px4_msgs/include/px4_msgs/px4_msgs/msg/detail/estimator_gps_status__builder.hpp\n'}
[2.602620] (px4_msgs) StdoutLine: {'line': b'-- Up-to-date symlink: /home/carlos/ros2_ws/install/px4_msgs/include/px4_msgs/px4_msgs/msg/detail/estimator_gps_status__struct.hpp\n'}
[2.602702] (px4_msgs) StdoutLine: {'line': b'-- Up-to-date symlink: /home/carlos/ros2_ws/install/px4_msgs/include/px4_msgs/px4_msgs/msg/detail/estimator_gps_status__traits.hpp\n'}
[2.602783] (px4_msgs) StdoutLine: {'line': b'-- Up-to-date symlink: /home/carlos/ros2_ws/install/px4_msgs/include/px4_msgs/px4_msgs/msg/detail/estimator_gps_status__type_support.hpp\n'}
[2.602866] (px4_msgs) StdoutLine: {'line': b'-- Up-to-date symlink: /home/carlos/ros2_ws/install/px4_msgs/include/px4_msgs/px4_msgs/msg/detail/estimator_innovations__builder.hpp\n'}
[2.602951] (px4_msgs) StdoutLine: {'line': b'-- Up-to-date symlink: /home/carlos/ros2_ws/install/px4_msgs/include/px4_msgs/px4_msgs/msg/detail/estimator_innovations__struct.hpp\n'}
[2.603036] (px4_msgs) StdoutLine: {'line': b'-- Up-to-date symlink: /home/carlos/ros2_ws/install/px4_msgs/include/px4_msgs/px4_msgs/msg/detail/estimator_innovations__traits.hpp\n'}
[2.603119] (px4_msgs) StdoutLine: {'line': b'-- Up-to-date symlink: /home/carlos/ros2_ws/install/px4_msgs/include/px4_msgs/px4_msgs/msg/detail/estimator_innovations__type_support.hpp\n'}
[2.603201] (px4_msgs) StdoutLine: {'line': b'-- Up-to-date symlink: /home/carlos/ros2_ws/install/px4_msgs/include/px4_msgs/px4_msgs/msg/detail/estimator_selector_status__builder.hpp\n'}
[2.603273] (px4_msgs) StdoutLine: {'line': b'-- Up-to-date symlink: /home/carlos/ros2_ws/install/px4_msgs/include/px4_msgs/px4_msgs/msg/detail/estimator_selector_status__struct.hpp\n'}
[2.603363] (px4_msgs) StdoutLine: {'line': b'-- Up-to-date symlink: /home/carlos/ros2_ws/install/px4_msgs/include/px4_msgs/px4_msgs/msg/detail/estimator_selector_status__traits.hpp\n'}
[2.603445] (px4_msgs) StdoutLine: {'line': b'-- Up-to-date symlink: /home/carlos/ros2_ws/install/px4_msgs/include/px4_msgs/px4_msgs/msg/detail/estimator_selector_status__type_support.hpp\n'}
[2.603526] (px4_msgs) StdoutLine: {'line': b'-- Up-to-date symlink: /home/carlos/ros2_ws/install/px4_msgs/include/px4_msgs/px4_msgs/msg/detail/estimator_sensor_bias__builder.hpp\n'}
[2.603642] (px4_msgs) StdoutLine: {'line': b'-- Up-to-date symlink: /home/carlos/ros2_ws/install/px4_msgs/include/px4_msgs/px4_msgs/msg/detail/estimator_sensor_bias__struct.hpp\n'}
[2.603747] (px4_msgs) StdoutLine: {'line': b'-- Up-to-date symlink: /home/carlos/ros2_ws/install/px4_msgs/include/px4_msgs/px4_msgs/msg/detail/estimator_sensor_bias__traits.hpp\n'}
[2.603839] (px4_msgs) StdoutLine: {'line': b'-- Up-to-date symlink: /home/carlos/ros2_ws/install/px4_msgs/include/px4_msgs/px4_msgs/msg/detail/estimator_sensor_bias__type_support.hpp\n'}
[2.603923] (px4_msgs) StdoutLine: {'line': b'-- Up-to-date symlink: /home/carlos/ros2_ws/install/px4_msgs/include/px4_msgs/px4_msgs/msg/detail/estimator_states__builder.hpp\n'}
[2.604003] (px4_msgs) StdoutLine: {'line': b'-- Up-to-date symlink: /home/carlos/ros2_ws/install/px4_msgs/include/px4_msgs/px4_msgs/msg/detail/estimator_states__struct.hpp\n'}
[2.604083] (px4_msgs) StdoutLine: {'line': b'-- Up-to-date symlink: /home/carlos/ros2_ws/install/px4_msgs/include/px4_msgs/px4_msgs/msg/detail/estimator_states__traits.hpp\n'}
[2.604166] (px4_msgs) StdoutLine: {'line': b'-- Up-to-date symlink: /home/carlos/ros2_ws/install/px4_msgs/include/px4_msgs/px4_msgs/msg/detail/estimator_states__type_support.hpp\n'}
[2.604267] (px4_msgs) StdoutLine: {'line': b'-- Up-to-date symlink: /home/carlos/ros2_ws/install/px4_msgs/include/px4_msgs/px4_msgs/msg/detail/estimator_status__builder.hpp\n'}
[2.604359] (px4_msgs) StdoutLine: {'line': b'-- Up-to-date symlink: /home/carlos/ros2_ws/install/px4_msgs/include/px4_msgs/px4_msgs/msg/detail/estimator_status__struct.hpp\n'}
[2.604445] (px4_msgs) StdoutLine: {'line': b'-- Up-to-date symlink: /home/carlos/ros2_ws/install/px4_msgs/include/px4_msgs/px4_msgs/msg/detail/estimator_status__traits.hpp\n'}
[2.604527] (px4_msgs) StdoutLine: {'line': b'-- Up-to-date symlink: /home/carlos/ros2_ws/install/px4_msgs/include/px4_msgs/px4_msgs/msg/detail/estimator_status__type_support.hpp\n'}
[2.604609] (px4_msgs) StdoutLine: {'line': b'-- Up-to-date symlink: /home/carlos/ros2_ws/install/px4_msgs/include/px4_msgs/px4_msgs/msg/detail/estimator_status_flags__builder.hpp\n'}
[2.604690] (px4_msgs) StdoutLine: {'line': b'-- Up-to-date symlink: /home/carlos/ros2_ws/install/px4_msgs/include/px4_msgs/px4_msgs/msg/detail/estimator_status_flags__struct.hpp\n'}
[2.604772] (px4_msgs) StdoutLine: {'line': b'-- Up-to-date symlink: /home/carlos/ros2_ws/install/px4_msgs/include/px4_msgs/px4_msgs/msg/detail/estimator_status_flags__traits.hpp\n'}
[2.604865] (px4_msgs) StdoutLine: {'line': b'-- Up-to-date symlink: /home/carlos/ros2_ws/install/px4_msgs/include/px4_msgs/px4_msgs/msg/detail/estimator_status_flags__type_support.hpp\n'}
[2.604949] (px4_msgs) StdoutLine: {'line': b'-- Up-to-date symlink: /home/carlos/ros2_ws/install/px4_msgs/include/px4_msgs/px4_msgs/msg/detail/event__builder.hpp\n'}
[2.605032] (px4_msgs) StdoutLine: {'line': b'-- Up-to-date symlink: /home/carlos/ros2_ws/install/px4_msgs/include/px4_msgs/px4_msgs/msg/detail/event__struct.hpp\n'}
[2.605114] (px4_msgs) StdoutLine: {'line': b'-- Up-to-date symlink: /home/carlos/ros2_ws/install/px4_msgs/include/px4_msgs/px4_msgs/msg/detail/event__traits.hpp\n'}
[2.605196] (px4_msgs) StdoutLine: {'line': b'-- Up-to-date symlink: /home/carlos/ros2_ws/install/px4_msgs/include/px4_msgs/px4_msgs/msg/detail/event__type_support.hpp\n'}
[2.605279] (px4_msgs) StdoutLine: {'line': b'-- Up-to-date symlink: /home/carlos/ros2_ws/install/px4_msgs/include/px4_msgs/px4_msgs/msg/detail/failsafe_flags__builder.hpp\n'}
[2.605370] (px4_msgs) StdoutLine: {'line': b'-- Up-to-date symlink: /home/carlos/ros2_ws/install/px4_msgs/include/px4_msgs/px4_msgs/msg/detail/failsafe_flags__struct.hpp\n'}
[2.605454] (px4_msgs) StdoutLine: {'line': b'-- Up-to-date symlink: /home/carlos/ros2_ws/install/px4_msgs/include/px4_msgs/px4_msgs/msg/detail/failsafe_flags__traits.hpp\n'}
[2.605542] (px4_msgs) StdoutLine: {'line': b'-- Up-to-date symlink: /home/carlos/ros2_ws/install/px4_msgs/include/px4_msgs/px4_msgs/msg/detail/failsafe_flags__type_support.hpp\n'}
[2.605626] (px4_msgs) StdoutLine: {'line': b'-- Up-to-date symlink: /home/carlos/ros2_ws/install/px4_msgs/include/px4_msgs/px4_msgs/msg/detail/failure_detector_status__builder.hpp\n'}
[2.605707] (px4_msgs) StdoutLine: {'line': b'-- Up-to-date symlink: /home/carlos/ros2_ws/install/px4_msgs/include/px4_msgs/px4_msgs/msg/detail/failure_detector_status__struct.hpp\n'}
[2.605789] (px4_msgs) StdoutLine: {'line': b'-- Up-to-date symlink: /home/carlos/ros2_ws/install/px4_msgs/include/px4_msgs/px4_msgs/msg/detail/failure_detector_status__traits.hpp\n'}
[2.605878] (px4_msgs) StdoutLine: {'line': b'-- Up-to-date symlink: /home/carlos/ros2_ws/install/px4_msgs/include/px4_msgs/px4_msgs/msg/detail/failure_detector_status__type_support.hpp\n'}
[2.605964] (px4_msgs) StdoutLine: {'line': b'-- Up-to-date symlink: /home/carlos/ros2_ws/install/px4_msgs/include/px4_msgs/px4_msgs/msg/detail/figure_eight_status__builder.hpp\n'}
[2.606047] (px4_msgs) StdoutLine: {'line': b'-- Up-to-date symlink: /home/carlos/ros2_ws/install/px4_msgs/include/px4_msgs/px4_msgs/msg/detail/figure_eight_status__struct.hpp\n'}
[2.606129] (px4_msgs) StdoutLine: {'line': b'-- Up-to-date symlink: /home/carlos/ros2_ws/install/px4_msgs/include/px4_msgs/px4_msgs/msg/detail/figure_eight_status__traits.hpp\n'}
[2.606211] (px4_msgs) StdoutLine: {'line': b'-- Up-to-date symlink: /home/carlos/ros2_ws/install/px4_msgs/include/px4_msgs/px4_msgs/msg/detail/figure_eight_status__type_support.hpp\n'}
[2.606295] (px4_msgs) StdoutLine: {'line': b'-- Up-to-date symlink: /home/carlos/ros2_ws/install/px4_msgs/include/px4_msgs/px4_msgs/msg/detail/fixed_wing_lateral_guidance_status__builder.hpp\n'}
[2.606389] (px4_msgs) StdoutLine: {'line': b'-- Up-to-date symlink: /home/carlos/ros2_ws/install/px4_msgs/include/px4_msgs/px4_msgs/msg/detail/fixed_wing_lateral_guidance_status__struct.hpp\n'}
[2.606473] (px4_msgs) StdoutLine: {'line': b'-- Up-to-date symlink: /home/carlos/ros2_ws/install/px4_msgs/include/px4_msgs/px4_msgs/msg/detail/fixed_wing_lateral_guidance_status__traits.hpp\n'}
[2.606554] (px4_msgs) StdoutLine: {'line': b'-- Up-to-date symlink: /home/carlos/ros2_ws/install/px4_msgs/include/px4_msgs/px4_msgs/msg/detail/fixed_wing_lateral_guidance_status__type_support.hpp\n'}
[2.606637] (px4_msgs) StdoutLine: {'line': b'-- Up-to-date symlink: /home/carlos/ros2_ws/install/px4_msgs/include/px4_msgs/px4_msgs/msg/detail/fixed_wing_lateral_setpoint__builder.hpp\n'}
[2.606723] (px4_msgs) StdoutLine: {'line': b'-- Up-to-date symlink: /home/carlos/ros2_ws/install/px4_msgs/include/px4_msgs/px4_msgs/msg/detail/fixed_wing_lateral_setpoint__struct.hpp\n'}
[2.606804] (px4_msgs) StdoutLine: {'line': b'-- Up-to-date symlink: /home/carlos/ros2_ws/install/px4_msgs/include/px4_msgs/px4_msgs/msg/detail/fixed_wing_lateral_setpoint__traits.hpp\n'}
[2.606887] (px4_msgs) StdoutLine: {'line': b'-- Up-to-date symlink: /home/carlos/ros2_ws/install/px4_msgs/include/px4_msgs/px4_msgs/msg/detail/fixed_wing_lateral_setpoint__type_support.hpp\n'}
[2.606970] (px4_msgs) StdoutLine: {'line': b'-- Up-to-date symlink: /home/carlos/ros2_ws/install/px4_msgs/include/px4_msgs/px4_msgs/msg/detail/fixed_wing_lateral_status__builder.hpp\n'}
[2.607052] (px4_msgs) StdoutLine: {'line': b'-- Up-to-date symlink: /home/carlos/ros2_ws/install/px4_msgs/include/px4_msgs/px4_msgs/msg/detail/fixed_wing_lateral_status__struct.hpp\n'}
[2.607134] (px4_msgs) StdoutLine: {'line': b'-- Up-to-date symlink: /home/carlos/ros2_ws/install/px4_msgs/include/px4_msgs/px4_msgs/msg/detail/fixed_wing_lateral_status__traits.hpp\n'}
[2.607216] (px4_msgs) StdoutLine: {'line': b'-- Up-to-date symlink: /home/carlos/ros2_ws/install/px4_msgs/include/px4_msgs/px4_msgs/msg/detail/fixed_wing_lateral_status__type_support.hpp\n'}
[2.607299] (px4_msgs) StdoutLine: {'line': b'-- Up-to-date symlink: /home/carlos/ros2_ws/install/px4_msgs/include/px4_msgs/px4_msgs/msg/detail/fixed_wing_longitudinal_setpoint__builder.hpp\n'}
[2.607395] (px4_msgs) StdoutLine: {'line': b'-- Up-to-date symlink: /home/carlos/ros2_ws/install/px4_msgs/include/px4_msgs/px4_msgs/msg/detail/fixed_wing_longitudinal_setpoint__struct.hpp\n'}
[2.607479] (px4_msgs) StdoutLine: {'line': b'-- Up-to-date symlink: /home/carlos/ros2_ws/install/px4_msgs/include/px4_msgs/px4_msgs/msg/detail/fixed_wing_longitudinal_setpoint__traits.hpp\n'}
[2.607562] (px4_msgs) StdoutLine: {'line': b'-- Up-to-date symlink: /home/carlos/ros2_ws/install/px4_msgs/include/px4_msgs/px4_msgs/msg/detail/fixed_wing_longitudinal_setpoint__type_support.hpp\n'}
[2.607645] (px4_msgs) StdoutLine: {'line': b'-- Up-to-date symlink: /home/carlos/ros2_ws/install/px4_msgs/include/px4_msgs/px4_msgs/msg/detail/fixed_wing_runway_control__builder.hpp\n'}
[2.607733] (px4_msgs) StdoutLine: {'line': b'-- Up-to-date symlink: /home/carlos/ros2_ws/install/px4_msgs/include/px4_msgs/px4_msgs/msg/detail/fixed_wing_runway_control__struct.hpp\n'}
[2.607816] (px4_msgs) StdoutLine: {'line': b'-- Up-to-date symlink: /home/carlos/ros2_ws/install/px4_msgs/include/px4_msgs/px4_msgs/msg/detail/fixed_wing_runway_control__traits.hpp\n'}
[2.607898] (px4_msgs) StdoutLine: {'line': b'-- Up-to-date symlink: /home/carlos/ros2_ws/install/px4_msgs/include/px4_msgs/px4_msgs/msg/detail/fixed_wing_runway_control__type_support.hpp\n'}
[2.607980] (px4_msgs) StdoutLine: {'line': b'-- Up-to-date symlink: /home/carlos/ros2_ws/install/px4_msgs/include/px4_msgs/px4_msgs/msg/detail/flight_phase_estimation__builder.hpp\n'}
[2.608061] (px4_msgs) StdoutLine: {'line': b'-- Up-to-date symlink: /home/carlos/ros2_ws/install/px4_msgs/include/px4_msgs/px4_msgs/msg/detail/flight_phase_estimation__struct.hpp\n'}
[2.608143] (px4_msgs) StdoutLine: {'line': b'-- Up-to-date symlink: /home/carlos/ros2_ws/install/px4_msgs/include/px4_msgs/px4_msgs/msg/detail/flight_phase_estimation__traits.hpp\n'}
[2.608189] (-) TimerEvent: {}
[2.608263] (px4_msgs) StdoutLine: {'line': b'-- Up-to-date symlink: /home/carlos/ros2_ws/install/px4_msgs/include/px4_msgs/px4_msgs/msg/detail/flight_phase_estimation__type_support.hpp\n'}
[2.608350] (px4_msgs) StdoutLine: {'line': b'-- Up-to-date symlink: /home/carlos/ros2_ws/install/px4_msgs/include/px4_msgs/px4_msgs/msg/detail/follow_target__builder.hpp\n'}
[2.608426] (px4_msgs) StdoutLine: {'line': b'-- Up-to-date symlink: /home/carlos/ros2_ws/install/px4_msgs/include/px4_msgs/px4_msgs/msg/detail/follow_target__struct.hpp\n'}
[2.608493] (px4_msgs) StdoutLine: {'line': b'-- Up-to-date symlink: /home/carlos/ros2_ws/install/px4_msgs/include/px4_msgs/px4_msgs/msg/detail/follow_target__traits.hpp\n'}
[2.608569] (px4_msgs) StdoutLine: {'line': b'-- Up-to-date symlink: /home/carlos/ros2_ws/install/px4_msgs/include/px4_msgs/px4_msgs/msg/detail/follow_target__type_support.hpp\n'}
[2.608651] (px4_msgs) StdoutLine: {'line': b'-- Up-to-date symlink: /home/carlos/ros2_ws/install/px4_msgs/include/px4_msgs/px4_msgs/msg/detail/follow_target_estimator__builder.hpp\n'}
[2.608733] (px4_msgs) StdoutLine: {'line': b'-- Up-to-date symlink: /home/carlos/ros2_ws/install/px4_msgs/include/px4_msgs/px4_msgs/msg/detail/follow_target_estimator__struct.hpp\n'}
[2.608815] (px4_msgs) StdoutLine: {'line': b'-- Up-to-date symlink: /home/carlos/ros2_ws/install/px4_msgs/include/px4_msgs/px4_msgs/msg/detail/follow_target_estimator__traits.hpp\n'}
[2.608894] (px4_msgs) StdoutLine: {'line': b'-- Up-to-date symlink: /home/carlos/ros2_ws/install/px4_msgs/include/px4_msgs/px4_msgs/msg/detail/follow_target_estimator__type_support.hpp\n'}
[2.608974] (px4_msgs) StdoutLine: {'line': b'-- Up-to-date symlink: /home/carlos/ros2_ws/install/px4_msgs/include/px4_msgs/px4_msgs/msg/detail/follow_target_status__builder.hpp\n'}
[2.609056] (px4_msgs) StdoutLine: {'line': b'-- Up-to-date symlink: /home/carlos/ros2_ws/install/px4_msgs/include/px4_msgs/px4_msgs/msg/detail/follow_target_status__struct.hpp\n'}
[2.609138] (px4_msgs) StdoutLine: {'line': b'-- Up-to-date symlink: /home/carlos/ros2_ws/install/px4_msgs/include/px4_msgs/px4_msgs/msg/detail/follow_target_status__traits.hpp\n'}
[2.609228] (px4_msgs) StdoutLine: {'line': b'-- Up-to-date symlink: /home/carlos/ros2_ws/install/px4_msgs/include/px4_msgs/px4_msgs/msg/detail/follow_target_status__type_support.hpp\n'}
[2.609421] (px4_msgs) StdoutLine: {'line': b'-- Up-to-date symlink: /home/carlos/ros2_ws/install/px4_msgs/include/px4_msgs/px4_msgs/msg/detail/fuel_tank_status__builder.hpp\n'}
[2.609589] (px4_msgs) StdoutLine: {'line': b'-- Up-to-date symlink: /home/carlos/ros2_ws/install/px4_msgs/include/px4_msgs/px4_msgs/msg/detail/fuel_tank_status__struct.hpp\n'}
[2.609749] (px4_msgs) StdoutLine: {'line': b'-- Up-to-date symlink: /home/carlos/ros2_ws/install/px4_msgs/include/px4_msgs/px4_msgs/msg/detail/fuel_tank_status__traits.hpp\n'}
[2.609856] (px4_msgs) StdoutLine: {'line': b'-- Up-to-date symlink: /home/carlos/ros2_ws/install/px4_msgs/include/px4_msgs/px4_msgs/msg/detail/fuel_tank_status__type_support.hpp\n'}
[2.609988] (px4_msgs) StdoutLine: {'line': b'-- Up-to-date symlink: /home/carlos/ros2_ws/install/px4_msgs/include/px4_msgs/px4_msgs/msg/detail/generator_status__builder.hpp\n'}
[2.610174] (px4_msgs) StdoutLine: {'line': b'-- Up-to-date symlink: /home/carlos/ros2_ws/install/px4_msgs/include/px4_msgs/px4_msgs/msg/detail/generator_status__struct.hpp\n'}
[2.610258] (px4_msgs) StdoutLine: {'line': b'-- Up-to-date symlink: /home/carlos/ros2_ws/install/px4_msgs/include/px4_msgs/px4_msgs/msg/detail/generator_status__traits.hpp\n'}
[2.610322] (px4_msgs) StdoutLine: {'line': b'-- Up-to-date symlink: /home/carlos/ros2_ws/install/px4_msgs/include/px4_msgs/px4_msgs/msg/detail/generator_status__type_support.hpp\n'}
[2.610367] (px4_msgs) StdoutLine: {'line': b'-- Up-to-date symlink: /home/carlos/ros2_ws/install/px4_msgs/include/px4_msgs/px4_msgs/msg/detail/geofence_result__builder.hpp\n'}
[2.610445] (px4_msgs) StdoutLine: {'line': b'-- Up-to-date symlink: /home/carlos/ros2_ws/install/px4_msgs/include/px4_msgs/px4_msgs/msg/detail/geofence_result__struct.hpp\n'}
[2.610504] (px4_msgs) StdoutLine: {'line': b'-- Up-to-date symlink: /home/carlos/ros2_ws/install/px4_msgs/include/px4_msgs/px4_msgs/msg/detail/geofence_result__traits.hpp\n'}
[2.610571] (px4_msgs) StdoutLine: {'line': b'-- Up-to-date symlink: /home/carlos/ros2_ws/install/px4_msgs/include/px4_msgs/px4_msgs/msg/detail/geofence_result__type_support.hpp\n'}
[2.610655] (px4_msgs) StdoutLine: {'line': b'-- Up-to-date symlink: /home/carlos/ros2_ws/install/px4_msgs/include/px4_msgs/px4_msgs/msg/detail/geofence_status__builder.hpp\n'}
[2.610805] (px4_msgs) StdoutLine: {'line': b'-- Up-to-date symlink: /home/carlos/ros2_ws/install/px4_msgs/include/px4_msgs/px4_msgs/msg/detail/geofence_status__struct.hpp\n'}
[2.610914] (px4_msgs) StdoutLine: {'line': b'-- Up-to-date symlink: /home/carlos/ros2_ws/install/px4_msgs/include/px4_msgs/px4_msgs/msg/detail/geofence_status__traits.hpp\n'}
[2.610987] (px4_msgs) StdoutLine: {'line': b'-- Up-to-date symlink: /home/carlos/ros2_ws/install/px4_msgs/include/px4_msgs/px4_msgs/msg/detail/geofence_status__type_support.hpp\n'}
[2.611066] (px4_msgs) StdoutLine: {'line': b'-- Up-to-date symlink: /home/carlos/ros2_ws/install/px4_msgs/include/px4_msgs/px4_msgs/msg/detail/gimbal_controls__builder.hpp\n'}
[2.611149] (px4_msgs) StdoutLine: {'line': b'-- Up-to-date symlink: /home/carlos/ros2_ws/install/px4_msgs/include/px4_msgs/px4_msgs/msg/detail/gimbal_controls__struct.hpp\n'}
[2.611234] (px4_msgs) StdoutLine: {'line': b'-- Up-to-date symlink: /home/carlos/ros2_ws/install/px4_msgs/include/px4_msgs/px4_msgs/msg/detail/gimbal_controls__traits.hpp\n'}
[2.611309] (px4_msgs) StdoutLine: {'line': b'-- Up-to-date symlink: /home/carlos/ros2_ws/install/px4_msgs/include/px4_msgs/px4_msgs/msg/detail/gimbal_controls__type_support.hpp\n'}
[2.611389] (px4_msgs) StdoutLine: {'line': b'-- Up-to-date symlink: /home/carlos/ros2_ws/install/px4_msgs/include/px4_msgs/px4_msgs/msg/detail/gimbal_device_attitude_status__builder.hpp\n'}
[2.611451] (px4_msgs) StdoutLine: {'line': b'-- Up-to-date symlink: /home/carlos/ros2_ws/install/px4_msgs/include/px4_msgs/px4_msgs/msg/detail/gimbal_device_attitude_status__struct.hpp\n'}
[2.611516] (px4_msgs) StdoutLine: {'line': b'-- Up-to-date symlink: /home/carlos/ros2_ws/install/px4_msgs/include/px4_msgs/px4_msgs/msg/detail/gimbal_device_attitude_status__traits.hpp\n'}
[2.611596] (px4_msgs) StdoutLine: {'line': b'-- Up-to-date symlink: /home/carlos/ros2_ws/install/px4_msgs/include/px4_msgs/px4_msgs/msg/detail/gimbal_device_attitude_status__type_support.hpp\n'}
[2.611679] (px4_msgs) StdoutLine: {'line': b'-- Up-to-date symlink: /home/carlos/ros2_ws/install/px4_msgs/include/px4_msgs/px4_msgs/msg/detail/gimbal_device_information__builder.hpp\n'}
[2.611773] (px4_msgs) StdoutLine: {'line': b'-- Up-to-date symlink: /home/carlos/ros2_ws/install/px4_msgs/include/px4_msgs/px4_msgs/msg/detail/gimbal_device_information__struct.hpp\n'}
[2.611856] (px4_msgs) StdoutLine: {'line': b'-- Up-to-date symlink: /home/carlos/ros2_ws/install/px4_msgs/include/px4_msgs/px4_msgs/msg/detail/gimbal_device_information__traits.hpp\n'}
[2.611939] (px4_msgs) StdoutLine: {'line': b'-- Up-to-date symlink: /home/carlos/ros2_ws/install/px4_msgs/include/px4_msgs/px4_msgs/msg/detail/gimbal_device_information__type_support.hpp\n'}
[2.612031] (px4_msgs) StdoutLine: {'line': b'-- Up-to-date symlink: /home/carlos/ros2_ws/install/px4_msgs/include/px4_msgs/px4_msgs/msg/detail/gimbal_device_set_attitude__builder.hpp\n'}
[2.612120] (px4_msgs) StdoutLine: {'line': b'-- Up-to-date symlink: /home/carlos/ros2_ws/install/px4_msgs/include/px4_msgs/px4_msgs/msg/detail/gimbal_device_set_attitude__struct.hpp\n'}
[2.612201] (px4_msgs) StdoutLine: {'line': b'-- Up-to-date symlink: /home/carlos/ros2_ws/install/px4_msgs/include/px4_msgs/px4_msgs/msg/detail/gimbal_device_set_attitude__traits.hpp\n'}
[2.612287] (px4_msgs) StdoutLine: {'line': b'-- Up-to-date symlink: /home/carlos/ros2_ws/install/px4_msgs/include/px4_msgs/px4_msgs/msg/detail/gimbal_device_set_attitude__type_support.hpp\n'}
[2.612380] (px4_msgs) StdoutLine: {'line': b'-- Up-to-date symlink: /home/carlos/ros2_ws/install/px4_msgs/include/px4_msgs/px4_msgs/msg/detail/gimbal_manager_information__builder.hpp\n'}
[2.612463] (px4_msgs) StdoutLine: {'line': b'-- Up-to-date symlink: /home/carlos/ros2_ws/install/px4_msgs/include/px4_msgs/px4_msgs/msg/detail/gimbal_manager_information__struct.hpp\n'}
[2.612545] (px4_msgs) StdoutLine: {'line': b'-- Up-to-date symlink: /home/carlos/ros2_ws/install/px4_msgs/include/px4_msgs/px4_msgs/msg/detail/gimbal_manager_information__traits.hpp\n'}
[2.612629] (px4_msgs) StdoutLine: {'line': b'-- Up-to-date symlink: /home/carlos/ros2_ws/install/px4_msgs/include/px4_msgs/px4_msgs/msg/detail/gimbal_manager_information__type_support.hpp\n'}
[2.612713] (px4_msgs) StdoutLine: {'line': b'-- Up-to-date symlink: /home/carlos/ros2_ws/install/px4_msgs/include/px4_msgs/px4_msgs/msg/detail/gimbal_manager_set_attitude__builder.hpp\n'}
[2.612798] (px4_msgs) StdoutLine: {'line': b'-- Up-to-date symlink: /home/carlos/ros2_ws/install/px4_msgs/include/px4_msgs/px4_msgs/msg/detail/gimbal_manager_set_attitude__struct.hpp\n'}
[2.612881] (px4_msgs) StdoutLine: {'line': b'-- Up-to-date symlink: /home/carlos/ros2_ws/install/px4_msgs/include/px4_msgs/px4_msgs/msg/detail/gimbal_manager_set_attitude__traits.hpp\n'}
[2.612964] (px4_msgs) StdoutLine: {'line': b'-- Up-to-date symlink: /home/carlos/ros2_ws/install/px4_msgs/include/px4_msgs/px4_msgs/msg/detail/gimbal_manager_set_attitude__type_support.hpp\n'}
[2.613046] (px4_msgs) StdoutLine: {'line': b'-- Up-to-date symlink: /home/carlos/ros2_ws/install/px4_msgs/include/px4_msgs/px4_msgs/msg/detail/gimbal_manager_set_manual_control__builder.hpp\n'}
[2.613131] (px4_msgs) StdoutLine: {'line': b'-- Up-to-date symlink: /home/carlos/ros2_ws/install/px4_msgs/include/px4_msgs/px4_msgs/msg/detail/gimbal_manager_set_manual_control__struct.hpp\n'}
[2.613230] (px4_msgs) StdoutLine: {'line': b'-- Up-to-date symlink: /home/carlos/ros2_ws/install/px4_msgs/include/px4_msgs/px4_msgs/msg/detail/gimbal_manager_set_manual_control__traits.hpp\n'}
[2.613319] (px4_msgs) StdoutLine: {'line': b'-- Up-to-date symlink: /home/carlos/ros2_ws/install/px4_msgs/include/px4_msgs/px4_msgs/msg/detail/gimbal_manager_set_manual_control__type_support.hpp\n'}
[2.613418] (px4_msgs) StdoutLine: {'line': b'-- Up-to-date symlink: /home/carlos/ros2_ws/install/px4_msgs/include/px4_msgs/px4_msgs/msg/detail/gimbal_manager_status__builder.hpp\n'}
[2.613501] (px4_msgs) StdoutLine: {'line': b'-- Up-to-date symlink: /home/carlos/ros2_ws/install/px4_msgs/include/px4_msgs/px4_msgs/msg/detail/gimbal_manager_status__struct.hpp\n'}
[2.613583] (px4_msgs) StdoutLine: {'line': b'-- Up-to-date symlink: /home/carlos/ros2_ws/install/px4_msgs/include/px4_msgs/px4_msgs/msg/detail/gimbal_manager_status__traits.hpp\n'}
[2.613665] (px4_msgs) StdoutLine: {'line': b'-- Up-to-date symlink: /home/carlos/ros2_ws/install/px4_msgs/include/px4_msgs/px4_msgs/msg/detail/gimbal_manager_status__type_support.hpp\n'}
[2.613754] (px4_msgs) StdoutLine: {'line': b'-- Up-to-date symlink: /home/carlos/ros2_ws/install/px4_msgs/include/px4_msgs/px4_msgs/msg/detail/goto_setpoint__builder.hpp\n'}
[2.613835] (px4_msgs) StdoutLine: {'line': b'-- Up-to-date symlink: /home/carlos/ros2_ws/install/px4_msgs/include/px4_msgs/px4_msgs/msg/detail/goto_setpoint__struct.hpp\n'}
[2.613917] (px4_msgs) StdoutLine: {'line': b'-- Up-to-date symlink: /home/carlos/ros2_ws/install/px4_msgs/include/px4_msgs/px4_msgs/msg/detail/goto_setpoint__traits.hpp\n'}
[2.613999] (px4_msgs) StdoutLine: {'line': b'-- Up-to-date symlink: /home/carlos/ros2_ws/install/px4_msgs/include/px4_msgs/px4_msgs/msg/detail/goto_setpoint__type_support.hpp\n'}
[2.614081] (px4_msgs) StdoutLine: {'line': b'-- Up-to-date symlink: /home/carlos/ros2_ws/install/px4_msgs/include/px4_msgs/px4_msgs/msg/detail/gpio_config__builder.hpp\n'}
[2.614163] (px4_msgs) StdoutLine: {'line': b'-- Up-to-date symlink: /home/carlos/ros2_ws/install/px4_msgs/include/px4_msgs/px4_msgs/msg/detail/gpio_config__struct.hpp\n'}
[2.614245] (px4_msgs) StdoutLine: {'line': b'-- Up-to-date symlink: /home/carlos/ros2_ws/install/px4_msgs/include/px4_msgs/px4_msgs/msg/detail/gpio_config__traits.hpp\n'}
[2.614331] (px4_msgs) StdoutLine: {'line': b'-- Up-to-date symlink: /home/carlos/ros2_ws/install/px4_msgs/include/px4_msgs/px4_msgs/msg/detail/gpio_config__type_support.hpp\n'}
[2.614427] (px4_msgs) StdoutLine: {'line': b'-- Up-to-date symlink: /home/carlos/ros2_ws/install/px4_msgs/include/px4_msgs/px4_msgs/msg/detail/gpio_in__builder.hpp\n'}
[2.614511] (px4_msgs) StdoutLine: {'line': b'-- Up-to-date symlink: /home/carlos/ros2_ws/install/px4_msgs/include/px4_msgs/px4_msgs/msg/detail/gpio_in__struct.hpp\n'}
[2.614592] (px4_msgs) StdoutLine: {'line': b'-- Up-to-date symlink: /home/carlos/ros2_ws/install/px4_msgs/include/px4_msgs/px4_msgs/msg/detail/gpio_in__traits.hpp\n'}
[2.614674] (px4_msgs) StdoutLine: {'line': b'-- Up-to-date symlink: /home/carlos/ros2_ws/install/px4_msgs/include/px4_msgs/px4_msgs/msg/detail/gpio_in__type_support.hpp\n'}
[2.614756] (px4_msgs) StdoutLine: {'line': b'-- Up-to-date symlink: /home/carlos/ros2_ws/install/px4_msgs/include/px4_msgs/px4_msgs/msg/detail/gpio_out__builder.hpp\n'}
[2.614852] (px4_msgs) StdoutLine: {'line': b'-- Up-to-date symlink: /home/carlos/ros2_ws/install/px4_msgs/include/px4_msgs/px4_msgs/msg/detail/gpio_out__struct.hpp\n'}
[2.614946] (px4_msgs) StdoutLine: {'line': b'-- Up-to-date symlink: /home/carlos/ros2_ws/install/px4_msgs/include/px4_msgs/px4_msgs/msg/detail/gpio_out__traits.hpp\n'}
[2.615029] (px4_msgs) StdoutLine: {'line': b'-- Up-to-date symlink: /home/carlos/ros2_ws/install/px4_msgs/include/px4_msgs/px4_msgs/msg/detail/gpio_out__type_support.hpp\n'}
[2.615111] (px4_msgs) StdoutLine: {'line': b'-- Up-to-date symlink: /home/carlos/ros2_ws/install/px4_msgs/include/px4_msgs/px4_msgs/msg/detail/gpio_request__builder.hpp\n'}
[2.615193] (px4_msgs) StdoutLine: {'line': b'-- Up-to-date symlink: /home/carlos/ros2_ws/install/px4_msgs/include/px4_msgs/px4_msgs/msg/detail/gpio_request__struct.hpp\n'}
[2.615282] (px4_msgs) StdoutLine: {'line': b'-- Up-to-date symlink: /home/carlos/ros2_ws/install/px4_msgs/include/px4_msgs/px4_msgs/msg/detail/gpio_request__traits.hpp\n'}
[2.615360] (px4_msgs) StdoutLine: {'line': b'-- Up-to-date symlink: /home/carlos/ros2_ws/install/px4_msgs/include/px4_msgs/px4_msgs/msg/detail/gpio_request__type_support.hpp\n'}
[2.615435] (px4_msgs) StdoutLine: {'line': b'-- Up-to-date symlink: /home/carlos/ros2_ws/install/px4_msgs/include/px4_msgs/px4_msgs/msg/detail/gps_dump__builder.hpp\n'}
[2.615523] (px4_msgs) StdoutLine: {'line': b'-- Up-to-date symlink: /home/carlos/ros2_ws/install/px4_msgs/include/px4_msgs/px4_msgs/msg/detail/gps_dump__struct.hpp\n'}
[2.615628] (px4_msgs) StdoutLine: {'line': b'-- Up-to-date symlink: /home/carlos/ros2_ws/install/px4_msgs/include/px4_msgs/px4_msgs/msg/detail/gps_dump__traits.hpp\n'}
[2.615712] (px4_msgs) StdoutLine: {'line': b'-- Up-to-date symlink: /home/carlos/ros2_ws/install/px4_msgs/include/px4_msgs/px4_msgs/msg/detail/gps_dump__type_support.hpp\n'}
[2.615796] (px4_msgs) StdoutLine: {'line': b'-- Up-to-date symlink: /home/carlos/ros2_ws/install/px4_msgs/include/px4_msgs/px4_msgs/msg/detail/gps_inject_data__builder.hpp\n'}
[2.615880] (px4_msgs) StdoutLine: {'line': b'-- Up-to-date symlink: /home/carlos/ros2_ws/install/px4_msgs/include/px4_msgs/px4_msgs/msg/detail/gps_inject_data__struct.hpp\n'}
[2.615963] (px4_msgs) StdoutLine: {'line': b'-- Up-to-date symlink: /home/carlos/ros2_ws/install/px4_msgs/include/px4_msgs/px4_msgs/msg/detail/gps_inject_data__traits.hpp\n'}
[2.616050] (px4_msgs) StdoutLine: {'line': b'-- Up-to-date symlink: /home/carlos/ros2_ws/install/px4_msgs/include/px4_msgs/px4_msgs/msg/detail/gps_inject_data__type_support.hpp\n'}
[2.616141] (px4_msgs) StdoutLine: {'line': b'-- Up-to-date symlink: /home/carlos/ros2_ws/install/px4_msgs/include/px4_msgs/px4_msgs/msg/detail/gripper__builder.hpp\n'}
[2.616226] (px4_msgs) StdoutLine: {'line': b'-- Up-to-date symlink: /home/carlos/ros2_ws/install/px4_msgs/include/px4_msgs/px4_msgs/msg/detail/gripper__struct.hpp\n'}
[2.616336] (px4_msgs) StdoutLine: {'line': b'-- Up-to-date symlink: /home/carlos/ros2_ws/install/px4_msgs/include/px4_msgs/px4_msgs/msg/detail/gripper__traits.hpp\n'}
[2.616424] (px4_msgs) StdoutLine: {'line': b'-- Up-to-date symlink: /home/carlos/ros2_ws/install/px4_msgs/include/px4_msgs/px4_msgs/msg/detail/gripper__type_support.hpp\n'}
[2.616482] (px4_msgs) StdoutLine: {'line': b'-- Up-to-date symlink: /home/carlos/ros2_ws/install/px4_msgs/include/px4_msgs/px4_msgs/msg/detail/health_report__builder.hpp\n'}
[2.616566] (px4_msgs) StdoutLine: {'line': b'-- Up-to-date symlink: /home/carlos/ros2_ws/install/px4_msgs/include/px4_msgs/px4_msgs/msg/detail/health_report__struct.hpp\n'}
[2.616650] (px4_msgs) StdoutLine: {'line': b'-- Up-to-date symlink: /home/carlos/ros2_ws/install/px4_msgs/include/px4_msgs/px4_msgs/msg/detail/health_report__traits.hpp\n'}
[2.616734] (px4_msgs) StdoutLine: {'line': b'-- Up-to-date symlink: /home/carlos/ros2_ws/install/px4_msgs/include/px4_msgs/px4_msgs/msg/detail/health_report__type_support.hpp\n'}
[2.616816] (px4_msgs) StdoutLine: {'line': b'-- Up-to-date symlink: /home/carlos/ros2_ws/install/px4_msgs/include/px4_msgs/px4_msgs/msg/detail/heater_status__builder.hpp\n'}
[2.616897] (px4_msgs) StdoutLine: {'line': b'-- Up-to-date symlink: /home/carlos/ros2_ws/install/px4_msgs/include/px4_msgs/px4_msgs/msg/detail/heater_status__struct.hpp\n'}
[2.616981] (px4_msgs) StdoutLine: {'line': b'-- Up-to-date symlink: /home/carlos/ros2_ws/install/px4_msgs/include/px4_msgs/px4_msgs/msg/detail/heater_status__traits.hpp\n'}
[2.617051] (px4_msgs) StdoutLine: {'line': b'-- Up-to-date symlink: /home/carlos/ros2_ws/install/px4_msgs/include/px4_msgs/px4_msgs/msg/detail/heater_status__type_support.hpp\n'}
[2.617133] (px4_msgs) StdoutLine: {'line': b'-- Up-to-date symlink: /home/carlos/ros2_ws/install/px4_msgs/include/px4_msgs/px4_msgs/msg/detail/home_position__builder.hpp\n'}
[2.617213] (px4_msgs) StdoutLine: {'line': b'-- Up-to-date symlink: /home/carlos/ros2_ws/install/px4_msgs/include/px4_msgs/px4_msgs/msg/detail/home_position__struct.hpp\n'}
[2.617301] (px4_msgs) StdoutLine: {'line': b'-- Up-to-date symlink: /home/carlos/ros2_ws/install/px4_msgs/include/px4_msgs/px4_msgs/msg/detail/home_position__traits.hpp\n'}
[2.617386] (px4_msgs) StdoutLine: {'line': b'-- Up-to-date symlink: /home/carlos/ros2_ws/install/px4_msgs/include/px4_msgs/px4_msgs/msg/detail/home_position__type_support.hpp\n'}
[2.617490] (px4_msgs) StdoutLine: {'line': b'-- Up-to-date symlink: /home/carlos/ros2_ws/install/px4_msgs/include/px4_msgs/px4_msgs/msg/detail/hover_thrust_estimate__builder.hpp\n'}
[2.617599] (px4_msgs) StdoutLine: {'line': b'-- Up-to-date symlink: /home/carlos/ros2_ws/install/px4_msgs/include/px4_msgs/px4_msgs/msg/detail/hover_thrust_estimate__struct.hpp\n'}
[2.617685] (px4_msgs) StdoutLine: {'line': b'-- Up-to-date symlink: /home/carlos/ros2_ws/install/px4_msgs/include/px4_msgs/px4_msgs/msg/detail/hover_thrust_estimate__traits.hpp\n'}
[2.617767] (px4_msgs) StdoutLine: {'line': b'-- Up-to-date symlink: /home/carlos/ros2_ws/install/px4_msgs/include/px4_msgs/px4_msgs/msg/detail/hover_thrust_estimate__type_support.hpp\n'}
[2.617861] (px4_msgs) StdoutLine: {'line': b'-- Up-to-date symlink: /home/carlos/ros2_ws/install/px4_msgs/include/px4_msgs/px4_msgs/msg/detail/input_rc__builder.hpp\n'}
[2.617953] (px4_msgs) StdoutLine: {'line': b'-- Up-to-date symlink: /home/carlos/ros2_ws/install/px4_msgs/include/px4_msgs/px4_msgs/msg/detail/input_rc__struct.hpp\n'}
[2.618035] (px4_msgs) StdoutLine: {'line': b'-- Up-to-date symlink: /home/carlos/ros2_ws/install/px4_msgs/include/px4_msgs/px4_msgs/msg/detail/input_rc__traits.hpp\n'}
[2.618116] (px4_msgs) StdoutLine: {'line': b'-- Up-to-date symlink: /home/carlos/ros2_ws/install/px4_msgs/include/px4_msgs/px4_msgs/msg/detail/input_rc__type_support.hpp\n'}
[2.618200] (px4_msgs) StdoutLine: {'line': b'-- Up-to-date symlink: /home/carlos/ros2_ws/install/px4_msgs/include/px4_msgs/px4_msgs/msg/detail/internal_combustion_engine_control__builder.hpp\n'}
[2.618282] (px4_msgs) StdoutLine: {'line': b'-- Up-to-date symlink: /home/carlos/ros2_ws/install/px4_msgs/include/px4_msgs/px4_msgs/msg/detail/internal_combustion_engine_control__struct.hpp\n'}
[2.618374] (px4_msgs) StdoutLine: {'line': b'-- Up-to-date symlink: /home/carlos/ros2_ws/install/px4_msgs/include/px4_msgs/px4_msgs/msg/detail/internal_combustion_engine_control__traits.hpp\n'}
[2.618459] (px4_msgs) StdoutLine: {'line': b'-- Up-to-date symlink: /home/carlos/ros2_ws/install/px4_msgs/include/px4_msgs/px4_msgs/msg/detail/internal_combustion_engine_control__type_support.hpp\n'}
[2.618542] (px4_msgs) StdoutLine: {'line': b'-- Up-to-date symlink: /home/carlos/ros2_ws/install/px4_msgs/include/px4_msgs/px4_msgs/msg/detail/internal_combustion_engine_status__builder.hpp\n'}
[2.618631] (px4_msgs) StdoutLine: {'line': b'-- Up-to-date symlink: /home/carlos/ros2_ws/install/px4_msgs/include/px4_msgs/px4_msgs/msg/detail/internal_combustion_engine_status__struct.hpp\n'}
[2.618728] (px4_msgs) StdoutLine: {'line': b'-- Up-to-date symlink: /home/carlos/ros2_ws/install/px4_msgs/include/px4_msgs/px4_msgs/msg/detail/internal_combustion_engine_status__traits.hpp\n'}
[2.618811] (px4_msgs) StdoutLine: {'line': b'-- Up-to-date symlink: /home/carlos/ros2_ws/install/px4_msgs/include/px4_msgs/px4_msgs/msg/detail/internal_combustion_engine_status__type_support.hpp\n'}
[2.618894] (px4_msgs) StdoutLine: {'line': b'-- Up-to-date symlink: /home/carlos/ros2_ws/install/px4_msgs/include/px4_msgs/px4_msgs/msg/detail/iridiumsbd_status__builder.hpp\n'}
[2.618976] (px4_msgs) StdoutLine: {'line': b'-- Up-to-date symlink: /home/carlos/ros2_ws/install/px4_msgs/include/px4_msgs/px4_msgs/msg/detail/iridiumsbd_status__struct.hpp\n'}
[2.619058] (px4_msgs) StdoutLine: {'line': b'-- Up-to-date symlink: /home/carlos/ros2_ws/install/px4_msgs/include/px4_msgs/px4_msgs/msg/detail/iridiumsbd_status__traits.hpp\n'}
[2.619140] (px4_msgs) StdoutLine: {'line': b'-- Up-to-date symlink: /home/carlos/ros2_ws/install/px4_msgs/include/px4_msgs/px4_msgs/msg/detail/iridiumsbd_status__type_support.hpp\n'}
[2.619223] (px4_msgs) StdoutLine: {'line': b'-- Up-to-date symlink: /home/carlos/ros2_ws/install/px4_msgs/include/px4_msgs/px4_msgs/msg/detail/irlock_report__builder.hpp\n'}
[2.619305] (px4_msgs) StdoutLine: {'line': b'-- Up-to-date symlink: /home/carlos/ros2_ws/install/px4_msgs/include/px4_msgs/px4_msgs/msg/detail/irlock_report__struct.hpp\n'}
[2.619399] (px4_msgs) StdoutLine: {'line': b'-- Up-to-date symlink: /home/carlos/ros2_ws/install/px4_msgs/include/px4_msgs/px4_msgs/msg/detail/irlock_report__traits.hpp\n'}
[2.619482] (px4_msgs) StdoutLine: {'line': b'-- Up-to-date symlink: /home/carlos/ros2_ws/install/px4_msgs/include/px4_msgs/px4_msgs/msg/detail/irlock_report__type_support.hpp\n'}
[2.619565] (px4_msgs) StdoutLine: {'line': b'-- Up-to-date symlink: /home/carlos/ros2_ws/install/px4_msgs/include/px4_msgs/px4_msgs/msg/detail/landing_gear__builder.hpp\n'}
[2.619647] (px4_msgs) StdoutLine: {'line': b'-- Up-to-date symlink: /home/carlos/ros2_ws/install/px4_msgs/include/px4_msgs/px4_msgs/msg/detail/landing_gear__struct.hpp\n'}
[2.619738] (px4_msgs) StdoutLine: {'line': b'-- Up-to-date symlink: /home/carlos/ros2_ws/install/px4_msgs/include/px4_msgs/px4_msgs/msg/detail/landing_gear__traits.hpp\n'}
[2.619820] (px4_msgs) StdoutLine: {'line': b'-- Up-to-date symlink: /home/carlos/ros2_ws/install/px4_msgs/include/px4_msgs/px4_msgs/msg/detail/landing_gear__type_support.hpp\n'}
[2.619902] (px4_msgs) StdoutLine: {'line': b'-- Up-to-date symlink: /home/carlos/ros2_ws/install/px4_msgs/include/px4_msgs/px4_msgs/msg/detail/landing_gear_wheel__builder.hpp\n'}
[2.619984] (px4_msgs) StdoutLine: {'line': b'-- Up-to-date symlink: /home/carlos/ros2_ws/install/px4_msgs/include/px4_msgs/px4_msgs/msg/detail/landing_gear_wheel__struct.hpp\n'}
[2.620064] (px4_msgs) StdoutLine: {'line': b'-- Up-to-date symlink: /home/carlos/ros2_ws/install/px4_msgs/include/px4_msgs/px4_msgs/msg/detail/landing_gear_wheel__traits.hpp\n'}
[2.620146] (px4_msgs) StdoutLine: {'line': b'-- Up-to-date symlink: /home/carlos/ros2_ws/install/px4_msgs/include/px4_msgs/px4_msgs/msg/detail/landing_gear_wheel__type_support.hpp\n'}
[2.620228] (px4_msgs) StdoutLine: {'line': b'-- Up-to-date symlink: /home/carlos/ros2_ws/install/px4_msgs/include/px4_msgs/px4_msgs/msg/detail/landing_target_innovations__builder.hpp\n'}
[2.620314] (px4_msgs) StdoutLine: {'line': b'-- Up-to-date symlink: /home/carlos/ros2_ws/install/px4_msgs/include/px4_msgs/px4_msgs/msg/detail/landing_target_innovations__struct.hpp\n'}
[2.620400] (px4_msgs) StdoutLine: {'line': b'-- Up-to-date symlink: /home/carlos/ros2_ws/install/px4_msgs/include/px4_msgs/px4_msgs/msg/detail/landing_target_innovations__traits.hpp\n'}
[2.620485] (px4_msgs) StdoutLine: {'line': b'-- Up-to-date symlink: /home/carlos/ros2_ws/install/px4_msgs/include/px4_msgs/px4_msgs/msg/detail/landing_target_innovations__type_support.hpp\n'}
[2.620567] (px4_msgs) StdoutLine: {'line': b'-- Up-to-date symlink: /home/carlos/ros2_ws/install/px4_msgs/include/px4_msgs/px4_msgs/msg/detail/landing_target_pose__builder.hpp\n'}
[2.620647] (px4_msgs) StdoutLine: {'line': b'-- Up-to-date symlink: /home/carlos/ros2_ws/install/px4_msgs/include/px4_msgs/px4_msgs/msg/detail/landing_target_pose__struct.hpp\n'}
[2.620729] (px4_msgs) StdoutLine: {'line': b'-- Up-to-date symlink: /home/carlos/ros2_ws/install/px4_msgs/include/px4_msgs/px4_msgs/msg/detail/landing_target_pose__traits.hpp\n'}
[2.620811] (px4_msgs) StdoutLine: {'line': b'-- Up-to-date symlink: /home/carlos/ros2_ws/install/px4_msgs/include/px4_msgs/px4_msgs/msg/detail/landing_target_pose__type_support.hpp\n'}
[2.620892] (px4_msgs) StdoutLine: {'line': b'-- Up-to-date symlink: /home/carlos/ros2_ws/install/px4_msgs/include/px4_msgs/px4_msgs/msg/detail/lateral_control_configuration__builder.hpp\n'}
[2.620968] (px4_msgs) StdoutLine: {'line': b'-- Up-to-date symlink: /home/carlos/ros2_ws/install/px4_msgs/include/px4_msgs/px4_msgs/msg/detail/lateral_control_configuration__struct.hpp\n'}
[2.621049] (px4_msgs) StdoutLine: {'line': b'-- Up-to-date symlink: /home/carlos/ros2_ws/install/px4_msgs/include/px4_msgs/px4_msgs/msg/detail/lateral_control_configuration__traits.hpp\n'}
[2.621133] (px4_msgs) StdoutLine: {'line': b'-- Up-to-date symlink: /home/carlos/ros2_ws/install/px4_msgs/include/px4_msgs/px4_msgs/msg/detail/lateral_control_configuration__type_support.hpp\n'}
[2.621215] (px4_msgs) StdoutLine: {'line': b'-- Up-to-date symlink: /home/carlos/ros2_ws/install/px4_msgs/include/px4_msgs/px4_msgs/msg/detail/launch_detection_status__builder.hpp\n'}
[2.621296] (px4_msgs) StdoutLine: {'line': b'-- Up-to-date symlink: /home/carlos/ros2_ws/install/px4_msgs/include/px4_msgs/px4_msgs/msg/detail/launch_detection_status__struct.hpp\n'}
[2.621383] (px4_msgs) StdoutLine: {'line': b'-- Up-to-date symlink: /home/carlos/ros2_ws/install/px4_msgs/include/px4_msgs/px4_msgs/msg/detail/launch_detection_status__traits.hpp\n'}
[2.621465] (px4_msgs) StdoutLine: {'line': b'-- Up-to-date symlink: /home/carlos/ros2_ws/install/px4_msgs/include/px4_msgs/px4_msgs/msg/detail/launch_detection_status__type_support.hpp\n'}
[2.621547] (px4_msgs) StdoutLine: {'line': b'-- Up-to-date symlink: /home/carlos/ros2_ws/install/px4_msgs/include/px4_msgs/px4_msgs/msg/detail/led_control__builder.hpp\n'}
[2.621629] (px4_msgs) StdoutLine: {'line': b'-- Up-to-date symlink: /home/carlos/ros2_ws/install/px4_msgs/include/px4_msgs/px4_msgs/msg/detail/led_control__struct.hpp\n'}
[2.621716] (px4_msgs) StdoutLine: {'line': b'-- Up-to-date symlink: /home/carlos/ros2_ws/install/px4_msgs/include/px4_msgs/px4_msgs/msg/detail/led_control__traits.hpp\n'}
[2.621798] (px4_msgs) StdoutLine: {'line': b'-- Up-to-date symlink: /home/carlos/ros2_ws/install/px4_msgs/include/px4_msgs/px4_msgs/msg/detail/led_control__type_support.hpp\n'}
[2.621879] (px4_msgs) StdoutLine: {'line': b'-- Up-to-date symlink: /home/carlos/ros2_ws/install/px4_msgs/include/px4_msgs/px4_msgs/msg/detail/log_message__builder.hpp\n'}
[2.621960] (px4_msgs) StdoutLine: {'line': b'-- Up-to-date symlink: /home/carlos/ros2_ws/install/px4_msgs/include/px4_msgs/px4_msgs/msg/detail/log_message__struct.hpp\n'}
[2.622042] (px4_msgs) StdoutLine: {'line': b'-- Up-to-date symlink: /home/carlos/ros2_ws/install/px4_msgs/include/px4_msgs/px4_msgs/msg/detail/log_message__traits.hpp\n'}
[2.622124] (px4_msgs) StdoutLine: {'line': b'-- Up-to-date symlink: /home/carlos/ros2_ws/install/px4_msgs/include/px4_msgs/px4_msgs/msg/detail/log_message__type_support.hpp\n'}
[2.622205] (px4_msgs) StdoutLine: {'line': b'-- Up-to-date symlink: /home/carlos/ros2_ws/install/px4_msgs/include/px4_msgs/px4_msgs/msg/detail/logger_status__builder.hpp\n'}
[2.622287] (px4_msgs) StdoutLine: {'line': b'-- Up-to-date symlink: /home/carlos/ros2_ws/install/px4_msgs/include/px4_msgs/px4_msgs/msg/detail/logger_status__struct.hpp\n'}
[2.622375] (px4_msgs) StdoutLine: {'line': b'-- Up-to-date symlink: /home/carlos/ros2_ws/install/px4_msgs/include/px4_msgs/px4_msgs/msg/detail/logger_status__traits.hpp\n'}
[2.622459] (px4_msgs) StdoutLine: {'line': b'-- Up-to-date symlink: /home/carlos/ros2_ws/install/px4_msgs/include/px4_msgs/px4_msgs/msg/detail/logger_status__type_support.hpp\n'}
[2.622541] (px4_msgs) StdoutLine: {'line': b'-- Up-to-date symlink: /home/carlos/ros2_ws/install/px4_msgs/include/px4_msgs/px4_msgs/msg/detail/longitudinal_control_configuration__builder.hpp\n'}
[2.622623] (px4_msgs) StdoutLine: {'line': b'-- Up-to-date symlink: /home/carlos/ros2_ws/install/px4_msgs/include/px4_msgs/px4_msgs/msg/detail/longitudinal_control_configuration__struct.hpp\n'}
[2.622704] (px4_msgs) StdoutLine: {'line': b'-- Up-to-date symlink: /home/carlos/ros2_ws/install/px4_msgs/include/px4_msgs/px4_msgs/msg/detail/longitudinal_control_configuration__traits.hpp\n'}
[2.622787] (px4_msgs) StdoutLine: {'line': b'-- Up-to-date symlink: /home/carlos/ros2_ws/install/px4_msgs/include/px4_msgs/px4_msgs/msg/detail/longitudinal_control_configuration__type_support.hpp\n'}
[2.622869] (px4_msgs) StdoutLine: {'line': b'-- Up-to-date symlink: /home/carlos/ros2_ws/install/px4_msgs/include/px4_msgs/px4_msgs/msg/detail/mag_worker_data__builder.hpp\n'}
[2.622951] (px4_msgs) StdoutLine: {'line': b'-- Up-to-date symlink: /home/carlos/ros2_ws/install/px4_msgs/include/px4_msgs/px4_msgs/msg/detail/mag_worker_data__struct.hpp\n'}
[2.623032] (px4_msgs) StdoutLine: {'line': b'-- Up-to-date symlink: /home/carlos/ros2_ws/install/px4_msgs/include/px4_msgs/px4_msgs/msg/detail/mag_worker_data__traits.hpp\n'}
[2.623115] (px4_msgs) StdoutLine: {'line': b'-- Up-to-date symlink: /home/carlos/ros2_ws/install/px4_msgs/include/px4_msgs/px4_msgs/msg/detail/mag_worker_data__type_support.hpp\n'}
[2.623231] (px4_msgs) StdoutLine: {'line': b'-- Up-to-date symlink: /home/carlos/ros2_ws/install/px4_msgs/include/px4_msgs/px4_msgs/msg/detail/magnetometer_bias_estimate__builder.hpp\n'}
[2.623298] (px4_msgs) StdoutLine: {'line': b'-- Up-to-date symlink: /home/carlos/ros2_ws/install/px4_msgs/include/px4_msgs/px4_msgs/msg/detail/magnetometer_bias_estimate__struct.hpp\n'}
[2.623398] (px4_msgs) StdoutLine: {'line': b'-- Up-to-date symlink: /home/carlos/ros2_ws/install/px4_msgs/include/px4_msgs/px4_msgs/msg/detail/magnetometer_bias_estimate__traits.hpp\n'}
[2.623482] (px4_msgs) StdoutLine: {'line': b'-- Up-to-date symlink: /home/carlos/ros2_ws/install/px4_msgs/include/px4_msgs/px4_msgs/msg/detail/magnetometer_bias_estimate__type_support.hpp\n'}
[2.623553] (px4_msgs) StdoutLine: {'line': b'-- Up-to-date symlink: /home/carlos/ros2_ws/install/px4_msgs/include/px4_msgs/px4_msgs/msg/detail/manual_control_setpoint__builder.hpp\n'}
[2.623635] (px4_msgs) StdoutLine: {'line': b'-- Up-to-date symlink: /home/carlos/ros2_ws/install/px4_msgs/include/px4_msgs/px4_msgs/msg/detail/manual_control_setpoint__struct.hpp\n'}
[2.623720] (px4_msgs) StdoutLine: {'line': b'-- Up-to-date symlink: /home/carlos/ros2_ws/install/px4_msgs/include/px4_msgs/px4_msgs/msg/detail/manual_control_setpoint__traits.hpp\n'}
[2.623804] (px4_msgs) StdoutLine: {'line': b'-- Up-to-date symlink: /home/carlos/ros2_ws/install/px4_msgs/include/px4_msgs/px4_msgs/msg/detail/manual_control_setpoint__type_support.hpp\n'}
[2.623888] (px4_msgs) StdoutLine: {'line': b'-- Up-to-date symlink: /home/carlos/ros2_ws/install/px4_msgs/include/px4_msgs/px4_msgs/msg/detail/manual_control_switches__builder.hpp\n'}
[2.623960] (px4_msgs) StdoutLine: {'line': b'-- Up-to-date symlink: /home/carlos/ros2_ws/install/px4_msgs/include/px4_msgs/px4_msgs/msg/detail/manual_control_switches__struct.hpp\n'}
[2.624041] (px4_msgs) StdoutLine: {'line': b'-- Up-to-date symlink: /home/carlos/ros2_ws/install/px4_msgs/include/px4_msgs/px4_msgs/msg/detail/manual_control_switches__traits.hpp\n'}
[2.624130] (px4_msgs) StdoutLine: {'line': b'-- Up-to-date symlink: /home/carlos/ros2_ws/install/px4_msgs/include/px4_msgs/px4_msgs/msg/detail/manual_control_switches__type_support.hpp\n'}
[2.624232] (px4_msgs) StdoutLine: {'line': b'-- Up-to-date symlink: /home/carlos/ros2_ws/install/px4_msgs/include/px4_msgs/px4_msgs/msg/detail/mavlink_log__builder.hpp\n'}
[2.624330] (px4_msgs) StdoutLine: {'line': b'-- Up-to-date symlink: /home/carlos/ros2_ws/install/px4_msgs/include/px4_msgs/px4_msgs/msg/detail/mavlink_log__struct.hpp\n'}
[2.624459] (px4_msgs) StdoutLine: {'line': b'-- Up-to-date symlink: /home/carlos/ros2_ws/install/px4_msgs/include/px4_msgs/px4_msgs/msg/detail/mavlink_log__traits.hpp\n'}
[2.624633] (px4_msgs) StdoutLine: {'line': b'-- Up-to-date symlink: /home/carlos/ros2_ws/install/px4_msgs/include/px4_msgs/px4_msgs/msg/detail/mavlink_log__type_support.hpp\n'}
[2.624781] (px4_msgs) StdoutLine: {'line': b'-- Up-to-date symlink: /home/carlos/ros2_ws/install/px4_msgs/include/px4_msgs/px4_msgs/msg/detail/mavlink_tunnel__builder.hpp\n'}
[2.624945] (px4_msgs) StdoutLine: {'line': b'-- Up-to-date symlink: /home/carlos/ros2_ws/install/px4_msgs/include/px4_msgs/px4_msgs/msg/detail/mavlink_tunnel__struct.hpp\n'}
[2.625075] (px4_msgs) StdoutLine: {'line': b'-- Up-to-date symlink: /home/carlos/ros2_ws/install/px4_msgs/include/px4_msgs/px4_msgs/msg/detail/mavlink_tunnel__traits.hpp\n'}
[2.625217] (px4_msgs) StdoutLine: {'line': b'-- Up-to-date symlink: /home/carlos/ros2_ws/install/px4_msgs/include/px4_msgs/px4_msgs/msg/detail/mavlink_tunnel__type_support.hpp\n'}
[2.625355] (px4_msgs) StdoutLine: {'line': b'-- Up-to-date symlink: /home/carlos/ros2_ws/install/px4_msgs/include/px4_msgs/px4_msgs/msg/detail/message_format_request__builder.hpp\n'}
[2.625497] (px4_msgs) StdoutLine: {'line': b'-- Up-to-date symlink: /home/carlos/ros2_ws/install/px4_msgs/include/px4_msgs/px4_msgs/msg/detail/message_format_request__struct.hpp\n'}
[2.625556] (px4_msgs) StdoutLine: {'line': b'-- Up-to-date symlink: /home/carlos/ros2_ws/install/px4_msgs/include/px4_msgs/px4_msgs/msg/detail/message_format_request__traits.hpp\n'}
[2.625609] (px4_msgs) StdoutLine: {'line': b'-- Up-to-date symlink: /home/carlos/ros2_ws/install/px4_msgs/include/px4_msgs/px4_msgs/msg/detail/message_format_request__type_support.hpp\n'}
[2.625690] (px4_msgs) StdoutLine: {'line': b'-- Up-to-date symlink: /home/carlos/ros2_ws/install/px4_msgs/include/px4_msgs/px4_msgs/msg/detail/message_format_response__builder.hpp\n'}
[2.625773] (px4_msgs) StdoutLine: {'line': b'-- Up-to-date symlink: /home/carlos/ros2_ws/install/px4_msgs/include/px4_msgs/px4_msgs/msg/detail/message_format_response__struct.hpp\n'}
[2.625842] (px4_msgs) StdoutLine: {'line': b'-- Up-to-date symlink: /home/carlos/ros2_ws/install/px4_msgs/include/px4_msgs/px4_msgs/msg/detail/message_format_response__traits.hpp\n'}
[2.625922] (px4_msgs) StdoutLine: {'line': b'-- Up-to-date symlink: /home/carlos/ros2_ws/install/px4_msgs/include/px4_msgs/px4_msgs/msg/detail/message_format_response__type_support.hpp\n'}
[2.625995] (px4_msgs) StdoutLine: {'line': b'-- Up-to-date symlink: /home/carlos/ros2_ws/install/px4_msgs/include/px4_msgs/px4_msgs/msg/detail/mission__builder.hpp\n'}
[2.626133] (px4_msgs) StdoutLine: {'line': b'-- Up-to-date symlink: /home/carlos/ros2_ws/install/px4_msgs/include/px4_msgs/px4_msgs/msg/detail/mission__struct.hpp\n'}
[2.626238] (px4_msgs) StdoutLine: {'line': b'-- Up-to-date symlink: /home/carlos/ros2_ws/install/px4_msgs/include/px4_msgs/px4_msgs/msg/detail/mission__traits.hpp\n'}
[2.626309] (px4_msgs) StdoutLine: {'line': b'-- Up-to-date symlink: /home/carlos/ros2_ws/install/px4_msgs/include/px4_msgs/px4_msgs/msg/detail/mission__type_support.hpp\n'}
[2.626387] (px4_msgs) StdoutLine: {'line': b'-- Up-to-date symlink: /home/carlos/ros2_ws/install/px4_msgs/include/px4_msgs/px4_msgs/msg/detail/mission_result__builder.hpp\n'}
[2.626461] (px4_msgs) StdoutLine: {'line': b'-- Up-to-date symlink: /home/carlos/ros2_ws/install/px4_msgs/include/px4_msgs/px4_msgs/msg/detail/mission_result__struct.hpp\n'}
[2.626546] (px4_msgs) StdoutLine: {'line': b'-- Up-to-date symlink: /home/carlos/ros2_ws/install/px4_msgs/include/px4_msgs/px4_msgs/msg/detail/mission_result__traits.hpp\n'}
[2.626632] (px4_msgs) StdoutLine: {'line': b'-- Up-to-date symlink: /home/carlos/ros2_ws/install/px4_msgs/include/px4_msgs/px4_msgs/msg/detail/mission_result__type_support.hpp\n'}
[2.626715] (px4_msgs) StdoutLine: {'line': b'-- Up-to-date symlink: /home/carlos/ros2_ws/install/px4_msgs/include/px4_msgs/px4_msgs/msg/detail/mode_completed__builder.hpp\n'}
[2.626798] (px4_msgs) StdoutLine: {'line': b'-- Up-to-date symlink: /home/carlos/ros2_ws/install/px4_msgs/include/px4_msgs/px4_msgs/msg/detail/mode_completed__struct.hpp\n'}
[2.626882] (px4_msgs) StdoutLine: {'line': b'-- Up-to-date symlink: /home/carlos/ros2_ws/install/px4_msgs/include/px4_msgs/px4_msgs/msg/detail/mode_completed__traits.hpp\n'}
[2.626966] (px4_msgs) StdoutLine: {'line': b'-- Up-to-date symlink: /home/carlos/ros2_ws/install/px4_msgs/include/px4_msgs/px4_msgs/msg/detail/mode_completed__type_support.hpp\n'}
[2.627049] (px4_msgs) StdoutLine: {'line': b'-- Up-to-date symlink: /home/carlos/ros2_ws/install/px4_msgs/include/px4_msgs/px4_msgs/msg/detail/mount_orientation__builder.hpp\n'}
[2.627131] (px4_msgs) StdoutLine: {'line': b'-- Up-to-date symlink: /home/carlos/ros2_ws/install/px4_msgs/include/px4_msgs/px4_msgs/msg/detail/mount_orientation__struct.hpp\n'}
[2.627214] (px4_msgs) StdoutLine: {'line': b'-- Up-to-date symlink: /home/carlos/ros2_ws/install/px4_msgs/include/px4_msgs/px4_msgs/msg/detail/mount_orientation__traits.hpp\n'}
[2.627274] (px4_msgs) StdoutLine: {'line': b'-- Up-to-date symlink: /home/carlos/ros2_ws/install/px4_msgs/include/px4_msgs/px4_msgs/msg/detail/mount_orientation__type_support.hpp\n'}
[2.627369] (px4_msgs) StdoutLine: {'line': b'-- Up-to-date symlink: /home/carlos/ros2_ws/install/px4_msgs/include/px4_msgs/px4_msgs/msg/detail/navigator_mission_item__builder.hpp\n'}
[2.627451] (px4_msgs) StdoutLine: {'line': b'-- Up-to-date symlink: /home/carlos/ros2_ws/install/px4_msgs/include/px4_msgs/px4_msgs/msg/detail/navigator_mission_item__struct.hpp\n'}
[2.627532] (px4_msgs) StdoutLine: {'line': b'-- Up-to-date symlink: /home/carlos/ros2_ws/install/px4_msgs/include/px4_msgs/px4_msgs/msg/detail/navigator_mission_item__traits.hpp\n'}
[2.627614] (px4_msgs) StdoutLine: {'line': b'-- Up-to-date symlink: /home/carlos/ros2_ws/install/px4_msgs/include/px4_msgs/px4_msgs/msg/detail/navigator_mission_item__type_support.hpp\n'}
[2.627695] (px4_msgs) StdoutLine: {'line': b'-- Up-to-date symlink: /home/carlos/ros2_ws/install/px4_msgs/include/px4_msgs/px4_msgs/msg/detail/navigator_status__builder.hpp\n'}
[2.627775] (px4_msgs) StdoutLine: {'line': b'-- Up-to-date symlink: /home/carlos/ros2_ws/install/px4_msgs/include/px4_msgs/px4_msgs/msg/detail/navigator_status__struct.hpp\n'}
[2.627857] (px4_msgs) StdoutLine: {'line': b'-- Up-to-date symlink: /home/carlos/ros2_ws/install/px4_msgs/include/px4_msgs/px4_msgs/msg/detail/navigator_status__traits.hpp\n'}
[2.627939] (px4_msgs) StdoutLine: {'line': b'-- Up-to-date symlink: /home/carlos/ros2_ws/install/px4_msgs/include/px4_msgs/px4_msgs/msg/detail/navigator_status__type_support.hpp\n'}
[2.628020] (px4_msgs) StdoutLine: {'line': b'-- Up-to-date symlink: /home/carlos/ros2_ws/install/px4_msgs/include/px4_msgs/px4_msgs/msg/detail/neural_control__builder.hpp\n'}
[2.628101] (px4_msgs) StdoutLine: {'line': b'-- Up-to-date symlink: /home/carlos/ros2_ws/install/px4_msgs/include/px4_msgs/px4_msgs/msg/detail/neural_control__struct.hpp\n'}
[2.628183] (px4_msgs) StdoutLine: {'line': b'-- Up-to-date symlink: /home/carlos/ros2_ws/install/px4_msgs/include/px4_msgs/px4_msgs/msg/detail/neural_control__traits.hpp\n'}
[2.628264] (px4_msgs) StdoutLine: {'line': b'-- Up-to-date symlink: /home/carlos/ros2_ws/install/px4_msgs/include/px4_msgs/px4_msgs/msg/detail/neural_control__type_support.hpp\n'}
[2.628354] (px4_msgs) StdoutLine: {'line': b'-- Up-to-date symlink: /home/carlos/ros2_ws/install/px4_msgs/include/px4_msgs/px4_msgs/msg/detail/normalized_unsigned_setpoint__builder.hpp\n'}
[2.628435] (px4_msgs) StdoutLine: {'line': b'-- Up-to-date symlink: /home/carlos/ros2_ws/install/px4_msgs/include/px4_msgs/px4_msgs/msg/detail/normalized_unsigned_setpoint__struct.hpp\n'}
[2.628523] (px4_msgs) StdoutLine: {'line': b'-- Up-to-date symlink: /home/carlos/ros2_ws/install/px4_msgs/include/px4_msgs/px4_msgs/msg/detail/normalized_unsigned_setpoint__traits.hpp\n'}
[2.628606] (px4_msgs) StdoutLine: {'line': b'-- Up-to-date symlink: /home/carlos/ros2_ws/install/px4_msgs/include/px4_msgs/px4_msgs/msg/detail/normalized_unsigned_setpoint__type_support.hpp\n'}
[2.628687] (px4_msgs) StdoutLine: {'line': b'-- Up-to-date symlink: /home/carlos/ros2_ws/install/px4_msgs/include/px4_msgs/px4_msgs/msg/detail/obstacle_distance__builder.hpp\n'}
[2.628769] (px4_msgs) StdoutLine: {'line': b'-- Up-to-date symlink: /home/carlos/ros2_ws/install/px4_msgs/include/px4_msgs/px4_msgs/msg/detail/obstacle_distance__struct.hpp\n'}
[2.628850] (px4_msgs) StdoutLine: {'line': b'-- Up-to-date symlink: /home/carlos/ros2_ws/install/px4_msgs/include/px4_msgs/px4_msgs/msg/detail/obstacle_distance__traits.hpp\n'}
[2.628931] (px4_msgs) StdoutLine: {'line': b'-- Up-to-date symlink: /home/carlos/ros2_ws/install/px4_msgs/include/px4_msgs/px4_msgs/msg/detail/obstacle_distance__type_support.hpp\n'}
[2.629012] (px4_msgs) StdoutLine: {'line': b'-- Up-to-date symlink: /home/carlos/ros2_ws/install/px4_msgs/include/px4_msgs/px4_msgs/msg/detail/offboard_control_mode__builder.hpp\n'}
[2.629093] (px4_msgs) StdoutLine: {'line': b'-- Up-to-date symlink: /home/carlos/ros2_ws/install/px4_msgs/include/px4_msgs/px4_msgs/msg/detail/offboard_control_mode__struct.hpp\n'}
[2.629174] (px4_msgs) StdoutLine: {'line': b'-- Up-to-date symlink: /home/carlos/ros2_ws/install/px4_msgs/include/px4_msgs/px4_msgs/msg/detail/offboard_control_mode__traits.hpp\n'}
[2.629255] (px4_msgs) StdoutLine: {'line': b'-- Up-to-date symlink: /home/carlos/ros2_ws/install/px4_msgs/include/px4_msgs/px4_msgs/msg/detail/offboard_control_mode__type_support.hpp\n'}
[2.629359] (px4_msgs) StdoutLine: {'line': b'-- Up-to-date symlink: /home/carlos/ros2_ws/install/px4_msgs/include/px4_msgs/px4_msgs/msg/detail/onboard_computer_status__builder.hpp\n'}
[2.629448] (px4_msgs) StdoutLine: {'line': b'-- Up-to-date symlink: /home/carlos/ros2_ws/install/px4_msgs/include/px4_msgs/px4_msgs/msg/detail/onboard_computer_status__struct.hpp\n'}
[2.629530] (px4_msgs) StdoutLine: {'line': b'-- Up-to-date symlink: /home/carlos/ros2_ws/install/px4_msgs/include/px4_msgs/px4_msgs/msg/detail/onboard_computer_status__traits.hpp\n'}
[2.629611] (px4_msgs) StdoutLine: {'line': b'-- Up-to-date symlink: /home/carlos/ros2_ws/install/px4_msgs/include/px4_msgs/px4_msgs/msg/detail/onboard_computer_status__type_support.hpp\n'}
[2.629693] (px4_msgs) StdoutLine: {'line': b'-- Up-to-date symlink: /home/carlos/ros2_ws/install/px4_msgs/include/px4_msgs/px4_msgs/msg/detail/open_drone_id_arm_status__builder.hpp\n'}
[2.629775] (px4_msgs) StdoutLine: {'line': b'-- Up-to-date symlink: /home/carlos/ros2_ws/install/px4_msgs/include/px4_msgs/px4_msgs/msg/detail/open_drone_id_arm_status__struct.hpp\n'}
[2.629856] (px4_msgs) StdoutLine: {'line': b'-- Up-to-date symlink: /home/carlos/ros2_ws/install/px4_msgs/include/px4_msgs/px4_msgs/msg/detail/open_drone_id_arm_status__traits.hpp\n'}
[2.629949] (px4_msgs) StdoutLine: {'line': b'-- Up-to-date symlink: /home/carlos/ros2_ws/install/px4_msgs/include/px4_msgs/px4_msgs/msg/detail/open_drone_id_arm_status__type_support.hpp\n'}
[2.630077] (px4_msgs) StdoutLine: {'line': b'-- Up-to-date symlink: /home/carlos/ros2_ws/install/px4_msgs/include/px4_msgs/px4_msgs/msg/detail/open_drone_id_operator_id__builder.hpp\n'}
[2.630145] (px4_msgs) StdoutLine: {'line': b'-- Up-to-date symlink: /home/carlos/ros2_ws/install/px4_msgs/include/px4_msgs/px4_msgs/msg/detail/open_drone_id_operator_id__struct.hpp\n'}
[2.630236] (px4_msgs) StdoutLine: {'line': b'-- Up-to-date symlink: /home/carlos/ros2_ws/install/px4_msgs/include/px4_msgs/px4_msgs/msg/detail/open_drone_id_operator_id__traits.hpp\n'}
[2.630317] (px4_msgs) StdoutLine: {'line': b'-- Up-to-date symlink: /home/carlos/ros2_ws/install/px4_msgs/include/px4_msgs/px4_msgs/msg/detail/open_drone_id_operator_id__type_support.hpp\n'}
[2.630405] (px4_msgs) StdoutLine: {'line': b'-- Up-to-date symlink: /home/carlos/ros2_ws/install/px4_msgs/include/px4_msgs/px4_msgs/msg/detail/open_drone_id_self_id__builder.hpp\n'}
[2.630492] (px4_msgs) StdoutLine: {'line': b'-- Up-to-date symlink: /home/carlos/ros2_ws/install/px4_msgs/include/px4_msgs/px4_msgs/msg/detail/open_drone_id_self_id__struct.hpp\n'}
[2.630563] (px4_msgs) StdoutLine: {'line': b'-- Up-to-date symlink: /home/carlos/ros2_ws/install/px4_msgs/include/px4_msgs/px4_msgs/msg/detail/open_drone_id_self_id__traits.hpp\n'}
[2.630621] (px4_msgs) StdoutLine: {'line': b'-- Up-to-date symlink: /home/carlos/ros2_ws/install/px4_msgs/include/px4_msgs/px4_msgs/msg/detail/open_drone_id_self_id__type_support.hpp\n'}
[2.630701] (px4_msgs) StdoutLine: {'line': b'-- Up-to-date symlink: /home/carlos/ros2_ws/install/px4_msgs/include/px4_msgs/px4_msgs/msg/detail/open_drone_id_system__builder.hpp\n'}
[2.630782] (px4_msgs) StdoutLine: {'line': b'-- Up-to-date symlink: /home/carlos/ros2_ws/install/px4_msgs/include/px4_msgs/px4_msgs/msg/detail/open_drone_id_system__struct.hpp\n'}
[2.630864] (px4_msgs) StdoutLine: {'line': b'-- Up-to-date symlink: /home/carlos/ros2_ws/install/px4_msgs/include/px4_msgs/px4_msgs/msg/detail/open_drone_id_system__traits.hpp\n'}
[2.630946] (px4_msgs) StdoutLine: {'line': b'-- Up-to-date symlink: /home/carlos/ros2_ws/install/px4_msgs/include/px4_msgs/px4_msgs/msg/detail/open_drone_id_system__type_support.hpp\n'}
[2.631029] (px4_msgs) StdoutLine: {'line': b'-- Up-to-date symlink: /home/carlos/ros2_ws/install/px4_msgs/include/px4_msgs/px4_msgs/msg/detail/orb_test__builder.hpp\n'}
[2.631111] (px4_msgs) StdoutLine: {'line': b'-- Up-to-date symlink: /home/carlos/ros2_ws/install/px4_msgs/include/px4_msgs/px4_msgs/msg/detail/orb_test__struct.hpp\n'}
[2.631200] (px4_msgs) StdoutLine: {'line': b'-- Up-to-date symlink: /home/carlos/ros2_ws/install/px4_msgs/include/px4_msgs/px4_msgs/msg/detail/orb_test__traits.hpp\n'}
[2.631283] (px4_msgs) StdoutLine: {'line': b'-- Up-to-date symlink: /home/carlos/ros2_ws/install/px4_msgs/include/px4_msgs/px4_msgs/msg/detail/orb_test__type_support.hpp\n'}
[2.631551] (px4_msgs) StdoutLine: {'line': b'-- Up-to-date symlink: /home/carlos/ros2_ws/install/px4_msgs/include/px4_msgs/px4_msgs/msg/detail/orb_test_large__builder.hpp\n'}
[2.631714] (px4_msgs) StdoutLine: {'line': b'-- Up-to-date symlink: /home/carlos/ros2_ws/install/px4_msgs/include/px4_msgs/px4_msgs/msg/detail/orb_test_large__struct.hpp\n'}
[2.631869] (px4_msgs) StdoutLine: {'line': b'-- Up-to-date symlink: /home/carlos/ros2_ws/install/px4_msgs/include/px4_msgs/px4_msgs/msg/detail/orb_test_large__traits.hpp\n'}
[2.631995] (px4_msgs) StdoutLine: {'line': b'-- Up-to-date symlink: /home/carlos/ros2_ws/install/px4_msgs/include/px4_msgs/px4_msgs/msg/detail/orb_test_large__type_support.hpp\n'}
[2.632105] (px4_msgs) StdoutLine: {'line': b'-- Up-to-date symlink: /home/carlos/ros2_ws/install/px4_msgs/include/px4_msgs/px4_msgs/msg/detail/orb_test_medium__builder.hpp\n'}
[2.632258] (px4_msgs) StdoutLine: {'line': b'-- Up-to-date symlink: /home/carlos/ros2_ws/install/px4_msgs/include/px4_msgs/px4_msgs/msg/detail/orb_test_medium__struct.hpp\n'}
[2.632412] (px4_msgs) StdoutLine: {'line': b'-- Up-to-date symlink: /home/carlos/ros2_ws/install/px4_msgs/include/px4_msgs/px4_msgs/msg/detail/orb_test_medium__traits.hpp\n'}
[2.632517] (px4_msgs) StdoutLine: {'line': b'-- Up-to-date symlink: /home/carlos/ros2_ws/install/px4_msgs/include/px4_msgs/px4_msgs/msg/detail/orb_test_medium__type_support.hpp\n'}
[2.632642] (px4_msgs) StdoutLine: {'line': b'-- Up-to-date symlink: /home/carlos/ros2_ws/install/px4_msgs/include/px4_msgs/px4_msgs/msg/detail/orbit_status__builder.hpp\n'}
[2.632757] (px4_msgs) StdoutLine: {'line': b'-- Up-to-date symlink: /home/carlos/ros2_ws/install/px4_msgs/include/px4_msgs/px4_msgs/msg/detail/orbit_status__struct.hpp\n'}
[2.632851] (px4_msgs) StdoutLine: {'line': b'-- Up-to-date symlink: /home/carlos/ros2_ws/install/px4_msgs/include/px4_msgs/px4_msgs/msg/detail/orbit_status__traits.hpp\n'}
[2.632907] (px4_msgs) StdoutLine: {'line': b'-- Up-to-date symlink: /home/carlos/ros2_ws/install/px4_msgs/include/px4_msgs/px4_msgs/msg/detail/orbit_status__type_support.hpp\n'}
[2.632948] (px4_msgs) StdoutLine: {'line': b'-- Up-to-date symlink: /home/carlos/ros2_ws/install/px4_msgs/include/px4_msgs/px4_msgs/msg/detail/parameter_reset_request__builder.hpp\n'}
[2.633002] (px4_msgs) StdoutLine: {'line': b'-- Up-to-date symlink: /home/carlos/ros2_ws/install/px4_msgs/include/px4_msgs/px4_msgs/msg/detail/parameter_reset_request__struct.hpp\n'}
[2.633044] (px4_msgs) StdoutLine: {'line': b'-- Up-to-date symlink: /home/carlos/ros2_ws/install/px4_msgs/include/px4_msgs/px4_msgs/msg/detail/parameter_reset_request__traits.hpp\n'}
[2.633089] (px4_msgs) StdoutLine: {'line': b'-- Up-to-date symlink: /home/carlos/ros2_ws/install/px4_msgs/include/px4_msgs/px4_msgs/msg/detail/parameter_reset_request__type_support.hpp\n'}
[2.633131] (px4_msgs) StdoutLine: {'line': b'-- Up-to-date symlink: /home/carlos/ros2_ws/install/px4_msgs/include/px4_msgs/px4_msgs/msg/detail/parameter_set_used_request__builder.hpp\n'}
[2.633190] (px4_msgs) StdoutLine: {'line': b'-- Up-to-date symlink: /home/carlos/ros2_ws/install/px4_msgs/include/px4_msgs/px4_msgs/msg/detail/parameter_set_used_request__struct.hpp\n'}
[2.633234] (px4_msgs) StdoutLine: {'line': b'-- Up-to-date symlink: /home/carlos/ros2_ws/install/px4_msgs/include/px4_msgs/px4_msgs/msg/detail/parameter_set_used_request__traits.hpp\n'}
[2.633278] (px4_msgs) StdoutLine: {'line': b'-- Up-to-date symlink: /home/carlos/ros2_ws/install/px4_msgs/include/px4_msgs/px4_msgs/msg/detail/parameter_set_used_request__type_support.hpp\n'}
[2.633361] (px4_msgs) StdoutLine: {'line': b'-- Up-to-date symlink: /home/carlos/ros2_ws/install/px4_msgs/include/px4_msgs/px4_msgs/msg/detail/parameter_set_value_request__builder.hpp\n'}
[2.633413] (px4_msgs) StdoutLine: {'line': b'-- Up-to-date symlink: /home/carlos/ros2_ws/install/px4_msgs/include/px4_msgs/px4_msgs/msg/detail/parameter_set_value_request__struct.hpp\n'}
[2.633458] (px4_msgs) StdoutLine: {'line': b'-- Up-to-date symlink: /home/carlos/ros2_ws/install/px4_msgs/include/px4_msgs/px4_msgs/msg/detail/parameter_set_value_request__traits.hpp\n'}
[2.633498] (px4_msgs) StdoutLine: {'line': b'-- Up-to-date symlink: /home/carlos/ros2_ws/install/px4_msgs/include/px4_msgs/px4_msgs/msg/detail/parameter_set_value_request__type_support.hpp\n'}
[2.633550] (px4_msgs) StdoutLine: {'line': b'-- Up-to-date symlink: /home/carlos/ros2_ws/install/px4_msgs/include/px4_msgs/px4_msgs/msg/detail/parameter_set_value_response__builder.hpp\n'}
[2.633594] (px4_msgs) StdoutLine: {'line': b'-- Up-to-date symlink: /home/carlos/ros2_ws/install/px4_msgs/include/px4_msgs/px4_msgs/msg/detail/parameter_set_value_response__struct.hpp\n'}
[2.633654] (px4_msgs) StdoutLine: {'line': b'-- Up-to-date symlink: /home/carlos/ros2_ws/install/px4_msgs/include/px4_msgs/px4_msgs/msg/detail/parameter_set_value_response__traits.hpp\n'}
[2.633704] (px4_msgs) StdoutLine: {'line': b'-- Up-to-date symlink: /home/carlos/ros2_ws/install/px4_msgs/include/px4_msgs/px4_msgs/msg/detail/parameter_set_value_response__type_support.hpp\n'}
[2.633772] (px4_msgs) StdoutLine: {'line': b'-- Up-to-date symlink: /home/carlos/ros2_ws/install/px4_msgs/include/px4_msgs/px4_msgs/msg/detail/parameter_update__builder.hpp\n'}
[2.633831] (px4_msgs) StdoutLine: {'line': b'-- Up-to-date symlink: /home/carlos/ros2_ws/install/px4_msgs/include/px4_msgs/px4_msgs/msg/detail/parameter_update__struct.hpp\n'}
[2.633934] (px4_msgs) StdoutLine: {'line': b'-- Up-to-date symlink: /home/carlos/ros2_ws/install/px4_msgs/include/px4_msgs/px4_msgs/msg/detail/parameter_update__traits.hpp\n'}
[2.634028] (px4_msgs) StdoutLine: {'line': b'-- Up-to-date symlink: /home/carlos/ros2_ws/install/px4_msgs/include/px4_msgs/px4_msgs/msg/detail/parameter_update__type_support.hpp\n'}
[2.634105] (px4_msgs) StdoutLine: {'line': b'-- Up-to-date symlink: /home/carlos/ros2_ws/install/px4_msgs/include/px4_msgs/px4_msgs/msg/detail/ping__builder.hpp\n'}
[2.634173] (px4_msgs) StdoutLine: {'line': b'-- Up-to-date symlink: /home/carlos/ros2_ws/install/px4_msgs/include/px4_msgs/px4_msgs/msg/detail/ping__struct.hpp\n'}
[2.634238] (px4_msgs) StdoutLine: {'line': b'-- Up-to-date symlink: /home/carlos/ros2_ws/install/px4_msgs/include/px4_msgs/px4_msgs/msg/detail/ping__traits.hpp\n'}
[2.634327] (px4_msgs) StdoutLine: {'line': b'-- Up-to-date symlink: /home/carlos/ros2_ws/install/px4_msgs/include/px4_msgs/px4_msgs/msg/detail/ping__type_support.hpp\n'}
[2.634431] (px4_msgs) StdoutLine: {'line': b'-- Up-to-date symlink: /home/carlos/ros2_ws/install/px4_msgs/include/px4_msgs/px4_msgs/msg/detail/position_controller_landing_status__builder.hpp\n'}
[2.634513] (px4_msgs) StdoutLine: {'line': b'-- Up-to-date symlink: /home/carlos/ros2_ws/install/px4_msgs/include/px4_msgs/px4_msgs/msg/detail/position_controller_landing_status__struct.hpp\n'}
[2.634596] (px4_msgs) StdoutLine: {'line': b'-- Up-to-date symlink: /home/carlos/ros2_ws/install/px4_msgs/include/px4_msgs/px4_msgs/msg/detail/position_controller_landing_status__traits.hpp\n'}
[2.634681] (px4_msgs) StdoutLine: {'line': b'-- Up-to-date symlink: /home/carlos/ros2_ws/install/px4_msgs/include/px4_msgs/px4_msgs/msg/detail/position_controller_landing_status__type_support.hpp\n'}
[2.634764] (px4_msgs) StdoutLine: {'line': b'-- Up-to-date symlink: /home/carlos/ros2_ws/install/px4_msgs/include/px4_msgs/px4_msgs/msg/detail/position_controller_status__builder.hpp\n'}
[2.634852] (px4_msgs) StdoutLine: {'line': b'-- Up-to-date symlink: /home/carlos/ros2_ws/install/px4_msgs/include/px4_msgs/px4_msgs/msg/detail/position_controller_status__struct.hpp\n'}
[2.634936] (px4_msgs) StdoutLine: {'line': b'-- Up-to-date symlink: /home/carlos/ros2_ws/install/px4_msgs/include/px4_msgs/px4_msgs/msg/detail/position_controller_status__traits.hpp\n'}
[2.635018] (px4_msgs) StdoutLine: {'line': b'-- Up-to-date symlink: /home/carlos/ros2_ws/install/px4_msgs/include/px4_msgs/px4_msgs/msg/detail/position_controller_status__type_support.hpp\n'}
[2.635101] (px4_msgs) StdoutLine: {'line': b'-- Up-to-date symlink: /home/carlos/ros2_ws/install/px4_msgs/include/px4_msgs/px4_msgs/msg/detail/position_setpoint__builder.hpp\n'}
[2.635184] (px4_msgs) StdoutLine: {'line': b'-- Up-to-date symlink: /home/carlos/ros2_ws/install/px4_msgs/include/px4_msgs/px4_msgs/msg/detail/position_setpoint__struct.hpp\n'}
[2.635288] (px4_msgs) StdoutLine: {'line': b'-- Up-to-date symlink: /home/carlos/ros2_ws/install/px4_msgs/include/px4_msgs/px4_msgs/msg/detail/position_setpoint__traits.hpp\n'}
[2.635393] (px4_msgs) StdoutLine: {'line': b'-- Up-to-date symlink: /home/carlos/ros2_ws/install/px4_msgs/include/px4_msgs/px4_msgs/msg/detail/position_setpoint__type_support.hpp\n'}
[2.635457] (px4_msgs) StdoutLine: {'line': b'-- Up-to-date symlink: /home/carlos/ros2_ws/install/px4_msgs/include/px4_msgs/px4_msgs/msg/detail/position_setpoint_triplet__builder.hpp\n'}
[2.635540] (px4_msgs) StdoutLine: {'line': b'-- Up-to-date symlink: /home/carlos/ros2_ws/install/px4_msgs/include/px4_msgs/px4_msgs/msg/detail/position_setpoint_triplet__struct.hpp\n'}
[2.635623] (px4_msgs) StdoutLine: {'line': b'-- Up-to-date symlink: /home/carlos/ros2_ws/install/px4_msgs/include/px4_msgs/px4_msgs/msg/detail/position_setpoint_triplet__traits.hpp\n'}
[2.635705] (px4_msgs) StdoutLine: {'line': b'-- Up-to-date symlink: /home/carlos/ros2_ws/install/px4_msgs/include/px4_msgs/px4_msgs/msg/detail/position_setpoint_triplet__type_support.hpp\n'}
[2.635788] (px4_msgs) StdoutLine: {'line': b'-- Up-to-date symlink: /home/carlos/ros2_ws/install/px4_msgs/include/px4_msgs/px4_msgs/msg/detail/power_button_state__builder.hpp\n'}
[2.635870] (px4_msgs) StdoutLine: {'line': b'-- Up-to-date symlink: /home/carlos/ros2_ws/install/px4_msgs/include/px4_msgs/px4_msgs/msg/detail/power_button_state__struct.hpp\n'}
[2.635955] (px4_msgs) StdoutLine: {'line': b'-- Up-to-date symlink: /home/carlos/ros2_ws/install/px4_msgs/include/px4_msgs/px4_msgs/msg/detail/power_button_state__traits.hpp\n'}
[2.636037] (px4_msgs) StdoutLine: {'line': b'-- Up-to-date symlink: /home/carlos/ros2_ws/install/px4_msgs/include/px4_msgs/px4_msgs/msg/detail/power_button_state__type_support.hpp\n'}
[2.636120] (px4_msgs) StdoutLine: {'line': b'-- Up-to-date symlink: /home/carlos/ros2_ws/install/px4_msgs/include/px4_msgs/px4_msgs/msg/detail/power_monitor__builder.hpp\n'}
[2.636203] (px4_msgs) StdoutLine: {'line': b'-- Up-to-date symlink: /home/carlos/ros2_ws/install/px4_msgs/include/px4_msgs/px4_msgs/msg/detail/power_monitor__struct.hpp\n'}
[2.636284] (px4_msgs) StdoutLine: {'line': b'-- Up-to-date symlink: /home/carlos/ros2_ws/install/px4_msgs/include/px4_msgs/px4_msgs/msg/detail/power_monitor__traits.hpp\n'}
[2.636387] (px4_msgs) StdoutLine: {'line': b'-- Up-to-date symlink: /home/carlos/ros2_ws/install/px4_msgs/include/px4_msgs/px4_msgs/msg/detail/power_monitor__type_support.hpp\n'}
[2.636475] (px4_msgs) StdoutLine: {'line': b'-- Up-to-date symlink: /home/carlos/ros2_ws/install/px4_msgs/include/px4_msgs/px4_msgs/msg/detail/pps_capture__builder.hpp\n'}
[2.636557] (px4_msgs) StdoutLine: {'line': b'-- Up-to-date symlink: /home/carlos/ros2_ws/install/px4_msgs/include/px4_msgs/px4_msgs/msg/detail/pps_capture__struct.hpp\n'}
[2.636638] (px4_msgs) StdoutLine: {'line': b'-- Up-to-date symlink: /home/carlos/ros2_ws/install/px4_msgs/include/px4_msgs/px4_msgs/msg/detail/pps_capture__traits.hpp\n'}
[2.636721] (px4_msgs) StdoutLine: {'line': b'-- Up-to-date symlink: /home/carlos/ros2_ws/install/px4_msgs/include/px4_msgs/px4_msgs/msg/detail/pps_capture__type_support.hpp\n'}
[2.636804] (px4_msgs) StdoutLine: {'line': b'-- Up-to-date symlink: /home/carlos/ros2_ws/install/px4_msgs/include/px4_msgs/px4_msgs/msg/detail/pure_pursuit_status__builder.hpp\n'}
[2.636885] (px4_msgs) StdoutLine: {'line': b'-- Up-to-date symlink: /home/carlos/ros2_ws/install/px4_msgs/include/px4_msgs/px4_msgs/msg/detail/pure_pursuit_status__struct.hpp\n'}
[2.636967] (px4_msgs) StdoutLine: {'line': b'-- Up-to-date symlink: /home/carlos/ros2_ws/install/px4_msgs/include/px4_msgs/px4_msgs/msg/detail/pure_pursuit_status__traits.hpp\n'}
[2.637102] (px4_msgs) StdoutLine: {'line': b'-- Up-to-date symlink: /home/carlos/ros2_ws/install/px4_msgs/include/px4_msgs/px4_msgs/msg/detail/pure_pursuit_status__type_support.hpp\n'}
[2.637171] (px4_msgs) StdoutLine: {'line': b'-- Up-to-date symlink: /home/carlos/ros2_ws/install/px4_msgs/include/px4_msgs/px4_msgs/msg/detail/pwm_input__builder.hpp\n'}
[2.637244] (px4_msgs) StdoutLine: {'line': b'-- Up-to-date symlink: /home/carlos/ros2_ws/install/px4_msgs/include/px4_msgs/px4_msgs/msg/detail/pwm_input__struct.hpp\n'}
[2.637307] (px4_msgs) StdoutLine: {'line': b'-- Up-to-date symlink: /home/carlos/ros2_ws/install/px4_msgs/include/px4_msgs/px4_msgs/msg/detail/pwm_input__traits.hpp\n'}
[2.637410] (px4_msgs) StdoutLine: {'line': b'-- Up-to-date symlink: /home/carlos/ros2_ws/install/px4_msgs/include/px4_msgs/px4_msgs/msg/detail/pwm_input__type_support.hpp\n'}
[2.637494] (px4_msgs) StdoutLine: {'line': b'-- Up-to-date symlink: /home/carlos/ros2_ws/install/px4_msgs/include/px4_msgs/px4_msgs/msg/detail/px4io_status__builder.hpp\n'}
[2.637567] (px4_msgs) StdoutLine: {'line': b'-- Up-to-date symlink: /home/carlos/ros2_ws/install/px4_msgs/include/px4_msgs/px4_msgs/msg/detail/px4io_status__struct.hpp\n'}
[2.637649] (px4_msgs) StdoutLine: {'line': b'-- Up-to-date symlink: /home/carlos/ros2_ws/install/px4_msgs/include/px4_msgs/px4_msgs/msg/detail/px4io_status__traits.hpp\n'}
[2.637726] (px4_msgs) StdoutLine: {'line': b'-- Up-to-date symlink: /home/carlos/ros2_ws/install/px4_msgs/include/px4_msgs/px4_msgs/msg/detail/px4io_status__type_support.hpp\n'}
[2.637812] (px4_msgs) StdoutLine: {'line': b'-- Up-to-date symlink: /home/carlos/ros2_ws/install/px4_msgs/include/px4_msgs/px4_msgs/msg/detail/qshell_req__builder.hpp\n'}
[2.637896] (px4_msgs) StdoutLine: {'line': b'-- Up-to-date symlink: /home/carlos/ros2_ws/install/px4_msgs/include/px4_msgs/px4_msgs/msg/detail/qshell_req__struct.hpp\n'}
[2.637986] (px4_msgs) StdoutLine: {'line': b'-- Up-to-date symlink: /home/carlos/ros2_ws/install/px4_msgs/include/px4_msgs/px4_msgs/msg/detail/qshell_req__traits.hpp\n'}
[2.638119] (px4_msgs) StdoutLine: {'line': b'-- Up-to-date symlink: /home/carlos/ros2_ws/install/px4_msgs/include/px4_msgs/px4_msgs/msg/detail/qshell_req__type_support.hpp\n'}
[2.638188] (px4_msgs) StdoutLine: {'line': b'-- Up-to-date symlink: /home/carlos/ros2_ws/install/px4_msgs/include/px4_msgs/px4_msgs/msg/detail/qshell_retval__builder.hpp\n'}
[2.638301] (px4_msgs) StdoutLine: {'line': b'-- Up-to-date symlink: /home/carlos/ros2_ws/install/px4_msgs/include/px4_msgs/px4_msgs/msg/detail/qshell_retval__struct.hpp\n'}
[2.638399] (px4_msgs) StdoutLine: {'line': b'-- Up-to-date symlink: /home/carlos/ros2_ws/install/px4_msgs/include/px4_msgs/px4_msgs/msg/detail/qshell_retval__traits.hpp\n'}
[2.638518] (px4_msgs) StdoutLine: {'line': b'-- Up-to-date symlink: /home/carlos/ros2_ws/install/px4_msgs/include/px4_msgs/px4_msgs/msg/detail/qshell_retval__type_support.hpp\n'}
[2.638586] (px4_msgs) StdoutLine: {'line': b'-- Up-to-date symlink: /home/carlos/ros2_ws/install/px4_msgs/include/px4_msgs/px4_msgs/msg/detail/radio_status__builder.hpp\n'}
[2.638680] (px4_msgs) StdoutLine: {'line': b'-- Up-to-date symlink: /home/carlos/ros2_ws/install/px4_msgs/include/px4_msgs/px4_msgs/msg/detail/radio_status__struct.hpp\n'}
[2.638739] (px4_msgs) StdoutLine: {'line': b'-- Up-to-date symlink: /home/carlos/ros2_ws/install/px4_msgs/include/px4_msgs/px4_msgs/msg/detail/radio_status__traits.hpp\n'}
[2.638822] (px4_msgs) StdoutLine: {'line': b'-- Up-to-date symlink: /home/carlos/ros2_ws/install/px4_msgs/include/px4_msgs/px4_msgs/msg/detail/radio_status__type_support.hpp\n'}
[2.638895] (px4_msgs) StdoutLine: {'line': b'-- Up-to-date symlink: /home/carlos/ros2_ws/install/px4_msgs/include/px4_msgs/px4_msgs/msg/detail/rate_ctrl_status__builder.hpp\n'}
[2.638980] (px4_msgs) StdoutLine: {'line': b'-- Up-to-date symlink: /home/carlos/ros2_ws/install/px4_msgs/include/px4_msgs/px4_msgs/msg/detail/rate_ctrl_status__struct.hpp\n'}
[2.639062] (px4_msgs) StdoutLine: {'line': b'-- Up-to-date symlink: /home/carlos/ros2_ws/install/px4_msgs/include/px4_msgs/px4_msgs/msg/detail/rate_ctrl_status__traits.hpp\n'}
[2.639174] (px4_msgs) StdoutLine: {'line': b'-- Up-to-date symlink: /home/carlos/ros2_ws/install/px4_msgs/include/px4_msgs/px4_msgs/msg/detail/rate_ctrl_status__type_support.hpp\n'}
[2.639258] (px4_msgs) StdoutLine: {'line': b'-- Up-to-date symlink: /home/carlos/ros2_ws/install/px4_msgs/include/px4_msgs/px4_msgs/msg/detail/rc_channels__builder.hpp\n'}
[2.639347] (px4_msgs) StdoutLine: {'line': b'-- Up-to-date symlink: /home/carlos/ros2_ws/install/px4_msgs/include/px4_msgs/px4_msgs/msg/detail/rc_channels__struct.hpp\n'}
[2.639435] (px4_msgs) StdoutLine: {'line': b'-- Up-to-date symlink: /home/carlos/ros2_ws/install/px4_msgs/include/px4_msgs/px4_msgs/msg/detail/rc_channels__traits.hpp\n'}
[2.639518] (px4_msgs) StdoutLine: {'line': b'-- Up-to-date symlink: /home/carlos/ros2_ws/install/px4_msgs/include/px4_msgs/px4_msgs/msg/detail/rc_channels__type_support.hpp\n'}
[2.639609] (px4_msgs) StdoutLine: {'line': b'-- Up-to-date symlink: /home/carlos/ros2_ws/install/px4_msgs/include/px4_msgs/px4_msgs/msg/detail/rc_parameter_map__builder.hpp\n'}
[2.639692] (px4_msgs) StdoutLine: {'line': b'-- Up-to-date symlink: /home/carlos/ros2_ws/install/px4_msgs/include/px4_msgs/px4_msgs/msg/detail/rc_parameter_map__struct.hpp\n'}
[2.639776] (px4_msgs) StdoutLine: {'line': b'-- Up-to-date symlink: /home/carlos/ros2_ws/install/px4_msgs/include/px4_msgs/px4_msgs/msg/detail/rc_parameter_map__traits.hpp\n'}
[2.639859] (px4_msgs) StdoutLine: {'line': b'-- Up-to-date symlink: /home/carlos/ros2_ws/install/px4_msgs/include/px4_msgs/px4_msgs/msg/detail/rc_parameter_map__type_support.hpp\n'}
[2.639921] (px4_msgs) StdoutLine: {'line': b'-- Up-to-date symlink: /home/carlos/ros2_ws/install/px4_msgs/include/px4_msgs/px4_msgs/msg/detail/register_ext_component_reply__builder.hpp\n'}
[2.640002] (px4_msgs) StdoutLine: {'line': b'-- Up-to-date symlink: /home/carlos/ros2_ws/install/px4_msgs/include/px4_msgs/px4_msgs/msg/detail/register_ext_component_reply__struct.hpp\n'}
[2.640085] (px4_msgs) StdoutLine: {'line': b'-- Up-to-date symlink: /home/carlos/ros2_ws/install/px4_msgs/include/px4_msgs/px4_msgs/msg/detail/register_ext_component_reply__traits.hpp\n'}
[2.640169] (px4_msgs) StdoutLine: {'line': b'-- Up-to-date symlink: /home/carlos/ros2_ws/install/px4_msgs/include/px4_msgs/px4_msgs/msg/detail/register_ext_component_reply__type_support.hpp\n'}
[2.640253] (px4_msgs) StdoutLine: {'line': b'-- Up-to-date symlink: /home/carlos/ros2_ws/install/px4_msgs/include/px4_msgs/px4_msgs/msg/detail/register_ext_component_request__builder.hpp\n'}
[2.640434] (px4_msgs) StdoutLine: {'line': b'-- Up-to-date symlink: /home/carlos/ros2_ws/install/px4_msgs/include/px4_msgs/px4_msgs/msg/detail/register_ext_component_request__struct.hpp\n'}
[2.640551] (px4_msgs) StdoutLine: {'line': b'-- Up-to-date symlink: /home/carlos/ros2_ws/install/px4_msgs/include/px4_msgs/px4_msgs/msg/detail/register_ext_component_request__traits.hpp\n'}
[2.640623] (px4_msgs) StdoutLine: {'line': b'-- Up-to-date symlink: /home/carlos/ros2_ws/install/px4_msgs/include/px4_msgs/px4_msgs/msg/detail/register_ext_component_request__type_support.hpp\n'}
[2.640696] (px4_msgs) StdoutLine: {'line': b'-- Up-to-date symlink: /home/carlos/ros2_ws/install/px4_msgs/include/px4_msgs/px4_msgs/msg/detail/rover_attitude_setpoint__builder.hpp\n'}
[2.640782] (px4_msgs) StdoutLine: {'line': b'-- Up-to-date symlink: /home/carlos/ros2_ws/install/px4_msgs/include/px4_msgs/px4_msgs/msg/detail/rover_attitude_setpoint__struct.hpp\n'}
[2.640865] (px4_msgs) StdoutLine: {'line': b'-- Up-to-date symlink: /home/carlos/ros2_ws/install/px4_msgs/include/px4_msgs/px4_msgs/msg/detail/rover_attitude_setpoint__traits.hpp\n'}
[2.640949] (px4_msgs) StdoutLine: {'line': b'-- Up-to-date symlink: /home/carlos/ros2_ws/install/px4_msgs/include/px4_msgs/px4_msgs/msg/detail/rover_attitude_setpoint__type_support.hpp\n'}
[2.641033] (px4_msgs) StdoutLine: {'line': b'-- Up-to-date symlink: /home/carlos/ros2_ws/install/px4_msgs/include/px4_msgs/px4_msgs/msg/detail/rover_attitude_status__builder.hpp\n'}
[2.641119] (px4_msgs) StdoutLine: {'line': b'-- Up-to-date symlink: /home/carlos/ros2_ws/install/px4_msgs/include/px4_msgs/px4_msgs/msg/detail/rover_attitude_status__struct.hpp\n'}
[2.641201] (px4_msgs) StdoutLine: {'line': b'-- Up-to-date symlink: /home/carlos/ros2_ws/install/px4_msgs/include/px4_msgs/px4_msgs/msg/detail/rover_attitude_status__traits.hpp\n'}
[2.641279] (px4_msgs) StdoutLine: {'line': b'-- Up-to-date symlink: /home/carlos/ros2_ws/install/px4_msgs/include/px4_msgs/px4_msgs/msg/detail/rover_attitude_status__type_support.hpp\n'}
[2.641376] (px4_msgs) StdoutLine: {'line': b'-- Up-to-date symlink: /home/carlos/ros2_ws/install/px4_msgs/include/px4_msgs/px4_msgs/msg/detail/rover_position_setpoint__builder.hpp\n'}
[2.641465] (px4_msgs) StdoutLine: {'line': b'-- Up-to-date symlink: /home/carlos/ros2_ws/install/px4_msgs/include/px4_msgs/px4_msgs/msg/detail/rover_position_setpoint__struct.hpp\n'}
[2.641549] (px4_msgs) StdoutLine: {'line': b'-- Up-to-date symlink: /home/carlos/ros2_ws/install/px4_msgs/include/px4_msgs/px4_msgs/msg/detail/rover_position_setpoint__traits.hpp\n'}
[2.641633] (px4_msgs) StdoutLine: {'line': b'-- Up-to-date symlink: /home/carlos/ros2_ws/install/px4_msgs/include/px4_msgs/px4_msgs/msg/detail/rover_position_setpoint__type_support.hpp\n'}
[2.641716] (px4_msgs) StdoutLine: {'line': b'-- Up-to-date symlink: /home/carlos/ros2_ws/install/px4_msgs/include/px4_msgs/px4_msgs/msg/detail/rover_rate_setpoint__builder.hpp\n'}
[2.641798] (px4_msgs) StdoutLine: {'line': b'-- Up-to-date symlink: /home/carlos/ros2_ws/install/px4_msgs/include/px4_msgs/px4_msgs/msg/detail/rover_rate_setpoint__struct.hpp\n'}
[2.641880] (px4_msgs) StdoutLine: {'line': b'-- Up-to-date symlink: /home/carlos/ros2_ws/install/px4_msgs/include/px4_msgs/px4_msgs/msg/detail/rover_rate_setpoint__traits.hpp\n'}
[2.641963] (px4_msgs) StdoutLine: {'line': b'-- Up-to-date symlink: /home/carlos/ros2_ws/install/px4_msgs/include/px4_msgs/px4_msgs/msg/detail/rover_rate_setpoint__type_support.hpp\n'}
[2.642045] (px4_msgs) StdoutLine: {'line': b'-- Up-to-date symlink: /home/carlos/ros2_ws/install/px4_msgs/include/px4_msgs/px4_msgs/msg/detail/rover_rate_status__builder.hpp\n'}
[2.642128] (px4_msgs) StdoutLine: {'line': b'-- Up-to-date symlink: /home/carlos/ros2_ws/install/px4_msgs/include/px4_msgs/px4_msgs/msg/detail/rover_rate_status__struct.hpp\n'}
[2.642209] (px4_msgs) StdoutLine: {'line': b'-- Up-to-date symlink: /home/carlos/ros2_ws/install/px4_msgs/include/px4_msgs/px4_msgs/msg/detail/rover_rate_status__traits.hpp\n'}
[2.642291] (px4_msgs) StdoutLine: {'line': b'-- Up-to-date symlink: /home/carlos/ros2_ws/install/px4_msgs/include/px4_msgs/px4_msgs/msg/detail/rover_rate_status__type_support.hpp\n'}
[2.642384] (px4_msgs) StdoutLine: {'line': b'-- Up-to-date symlink: /home/carlos/ros2_ws/install/px4_msgs/include/px4_msgs/px4_msgs/msg/detail/rover_speed_setpoint__builder.hpp\n'}
[2.642473] (px4_msgs) StdoutLine: {'line': b'-- Up-to-date symlink: /home/carlos/ros2_ws/install/px4_msgs/include/px4_msgs/px4_msgs/msg/detail/rover_speed_setpoint__struct.hpp\n'}
[2.642557] (px4_msgs) StdoutLine: {'line': b'-- Up-to-date symlink: /home/carlos/ros2_ws/install/px4_msgs/include/px4_msgs/px4_msgs/msg/detail/rover_speed_setpoint__traits.hpp\n'}
[2.642639] (px4_msgs) StdoutLine: {'line': b'-- Up-to-date symlink: /home/carlos/ros2_ws/install/px4_msgs/include/px4_msgs/px4_msgs/msg/detail/rover_speed_setpoint__type_support.hpp\n'}
[2.642721] (px4_msgs) StdoutLine: {'line': b'-- Up-to-date symlink: /home/carlos/ros2_ws/install/px4_msgs/include/px4_msgs/px4_msgs/msg/detail/rover_speed_status__builder.hpp\n'}
[2.642804] (px4_msgs) StdoutLine: {'line': b'-- Up-to-date symlink: /home/carlos/ros2_ws/install/px4_msgs/include/px4_msgs/px4_msgs/msg/detail/rover_speed_status__struct.hpp\n'}
[2.642885] (px4_msgs) StdoutLine: {'line': b'-- Up-to-date symlink: /home/carlos/ros2_ws/install/px4_msgs/include/px4_msgs/px4_msgs/msg/detail/rover_speed_status__traits.hpp\n'}
[2.642967] (px4_msgs) StdoutLine: {'line': b'-- Up-to-date symlink: /home/carlos/ros2_ws/install/px4_msgs/include/px4_msgs/px4_msgs/msg/detail/rover_speed_status__type_support.hpp\n'}
[2.643049] (px4_msgs) StdoutLine: {'line': b'-- Up-to-date symlink: /home/carlos/ros2_ws/install/px4_msgs/include/px4_msgs/px4_msgs/msg/detail/rover_steering_setpoint__builder.hpp\n'}
[2.643131] (px4_msgs) StdoutLine: {'line': b'-- Up-to-date symlink: /home/carlos/ros2_ws/install/px4_msgs/include/px4_msgs/px4_msgs/msg/detail/rover_steering_setpoint__struct.hpp\n'}
[2.643212] (px4_msgs) StdoutLine: {'line': b'-- Up-to-date symlink: /home/carlos/ros2_ws/install/px4_msgs/include/px4_msgs/px4_msgs/msg/detail/rover_steering_setpoint__traits.hpp\n'}
[2.643294] (px4_msgs) StdoutLine: {'line': b'-- Up-to-date symlink: /home/carlos/ros2_ws/install/px4_msgs/include/px4_msgs/px4_msgs/msg/detail/rover_steering_setpoint__type_support.hpp\n'}
[2.643389] (px4_msgs) StdoutLine: {'line': b'-- Up-to-date symlink: /home/carlos/ros2_ws/install/px4_msgs/include/px4_msgs/px4_msgs/msg/detail/rover_throttle_setpoint__builder.hpp\n'}
[2.643474] (px4_msgs) StdoutLine: {'line': b'-- Up-to-date symlink: /home/carlos/ros2_ws/install/px4_msgs/include/px4_msgs/px4_msgs/msg/detail/rover_throttle_setpoint__struct.hpp\n'}
[2.643556] (px4_msgs) StdoutLine: {'line': b'-- Up-to-date symlink: /home/carlos/ros2_ws/install/px4_msgs/include/px4_msgs/px4_msgs/msg/detail/rover_throttle_setpoint__traits.hpp\n'}
[2.643638] (px4_msgs) StdoutLine: {'line': b'-- Up-to-date symlink: /home/carlos/ros2_ws/install/px4_msgs/include/px4_msgs/px4_msgs/msg/detail/rover_throttle_setpoint__type_support.hpp\n'}
[2.643717] (px4_msgs) StdoutLine: {'line': b'-- Up-to-date symlink: /home/carlos/ros2_ws/install/px4_msgs/include/px4_msgs/px4_msgs/msg/detail/rpm__builder.hpp\n'}
[2.643800] (px4_msgs) StdoutLine: {'line': b'-- Up-to-date symlink: /home/carlos/ros2_ws/install/px4_msgs/include/px4_msgs/px4_msgs/msg/detail/rpm__struct.hpp\n'}
[2.643883] (px4_msgs) StdoutLine: {'line': b'-- Up-to-date symlink: /home/carlos/ros2_ws/install/px4_msgs/include/px4_msgs/px4_msgs/msg/detail/rpm__traits.hpp\n'}
[2.643969] (px4_msgs) StdoutLine: {'line': b'-- Up-to-date symlink: /home/carlos/ros2_ws/install/px4_msgs/include/px4_msgs/px4_msgs/msg/detail/rpm__type_support.hpp\n'}
[2.644056] (px4_msgs) StdoutLine: {'line': b'-- Up-to-date symlink: /home/carlos/ros2_ws/install/px4_msgs/include/px4_msgs/px4_msgs/msg/detail/rtl_status__builder.hpp\n'}
[2.644139] (px4_msgs) StdoutLine: {'line': b'-- Up-to-date symlink: /home/carlos/ros2_ws/install/px4_msgs/include/px4_msgs/px4_msgs/msg/detail/rtl_status__struct.hpp\n'}
[2.644223] (px4_msgs) StdoutLine: {'line': b'-- Up-to-date symlink: /home/carlos/ros2_ws/install/px4_msgs/include/px4_msgs/px4_msgs/msg/detail/rtl_status__traits.hpp\n'}
[2.644308] (px4_msgs) StdoutLine: {'line': b'-- Up-to-date symlink: /home/carlos/ros2_ws/install/px4_msgs/include/px4_msgs/px4_msgs/msg/detail/rtl_status__type_support.hpp\n'}
[2.644396] (px4_msgs) StdoutLine: {'line': b'-- Up-to-date symlink: /home/carlos/ros2_ws/install/px4_msgs/include/px4_msgs/px4_msgs/msg/detail/rtl_time_estimate__builder.hpp\n'}
[2.644479] (px4_msgs) StdoutLine: {'line': b'-- Up-to-date symlink: /home/carlos/ros2_ws/install/px4_msgs/include/px4_msgs/px4_msgs/msg/detail/rtl_time_estimate__struct.hpp\n'}
[2.644564] (px4_msgs) StdoutLine: {'line': b'-- Up-to-date symlink: /home/carlos/ros2_ws/install/px4_msgs/include/px4_msgs/px4_msgs/msg/detail/rtl_time_estimate__traits.hpp\n'}
[2.644649] (px4_msgs) StdoutLine: {'line': b'-- Up-to-date symlink: /home/carlos/ros2_ws/install/px4_msgs/include/px4_msgs/px4_msgs/msg/detail/rtl_time_estimate__type_support.hpp\n'}
[2.644734] (px4_msgs) StdoutLine: {'line': b'-- Up-to-date symlink: /home/carlos/ros2_ws/install/px4_msgs/include/px4_msgs/px4_msgs/msg/detail/satellite_info__builder.hpp\n'}
[2.644820] (px4_msgs) StdoutLine: {'line': b'-- Up-to-date symlink: /home/carlos/ros2_ws/install/px4_msgs/include/px4_msgs/px4_msgs/msg/detail/satellite_info__struct.hpp\n'}
[2.644911] (px4_msgs) StdoutLine: {'line': b'-- Up-to-date symlink: /home/carlos/ros2_ws/install/px4_msgs/include/px4_msgs/px4_msgs/msg/detail/satellite_info__traits.hpp\n'}
[2.645021] (px4_msgs) StdoutLine: {'line': b'-- Up-to-date symlink: /home/carlos/ros2_ws/install/px4_msgs/include/px4_msgs/px4_msgs/msg/detail/satellite_info__type_support.hpp\n'}
[2.645084] (px4_msgs) StdoutLine: {'line': b'-- Up-to-date symlink: /home/carlos/ros2_ws/install/px4_msgs/include/px4_msgs/px4_msgs/msg/detail/sensor_accel__builder.hpp\n'}
[2.645207] (px4_msgs) StdoutLine: {'line': b'-- Up-to-date symlink: /home/carlos/ros2_ws/install/px4_msgs/include/px4_msgs/px4_msgs/msg/detail/sensor_accel__struct.hpp\n'}
[2.645297] (px4_msgs) StdoutLine: {'line': b'-- Up-to-date symlink: /home/carlos/ros2_ws/install/px4_msgs/include/px4_msgs/px4_msgs/msg/detail/sensor_accel__traits.hpp\n'}
[2.645398] (px4_msgs) StdoutLine: {'line': b'-- Up-to-date symlink: /home/carlos/ros2_ws/install/px4_msgs/include/px4_msgs/px4_msgs/msg/detail/sensor_accel__type_support.hpp\n'}
[2.645501] (px4_msgs) StdoutLine: {'line': b'-- Up-to-date symlink: /home/carlos/ros2_ws/install/px4_msgs/include/px4_msgs/px4_msgs/msg/detail/sensor_accel_fifo__builder.hpp\n'}
[2.645569] (px4_msgs) StdoutLine: {'line': b'-- Up-to-date symlink: /home/carlos/ros2_ws/install/px4_msgs/include/px4_msgs/px4_msgs/msg/detail/sensor_accel_fifo__struct.hpp\n'}
[2.645642] (px4_msgs) StdoutLine: {'line': b'-- Up-to-date symlink: /home/carlos/ros2_ws/install/px4_msgs/include/px4_msgs/px4_msgs/msg/detail/sensor_accel_fifo__traits.hpp\n'}
[2.645704] (px4_msgs) StdoutLine: {'line': b'-- Up-to-date symlink: /home/carlos/ros2_ws/install/px4_msgs/include/px4_msgs/px4_msgs/msg/detail/sensor_accel_fifo__type_support.hpp\n'}
[2.645786] (px4_msgs) StdoutLine: {'line': b'-- Up-to-date symlink: /home/carlos/ros2_ws/install/px4_msgs/include/px4_msgs/px4_msgs/msg/detail/sensor_airflow__builder.hpp\n'}
[2.645868] (px4_msgs) StdoutLine: {'line': b'-- Up-to-date symlink: /home/carlos/ros2_ws/install/px4_msgs/include/px4_msgs/px4_msgs/msg/detail/sensor_airflow__struct.hpp\n'}
[2.645951] (px4_msgs) StdoutLine: {'line': b'-- Up-to-date symlink: /home/carlos/ros2_ws/install/px4_msgs/include/px4_msgs/px4_msgs/msg/detail/sensor_airflow__traits.hpp\n'}
[2.646081] (px4_msgs) StdoutLine: {'line': b'-- Up-to-date symlink: /home/carlos/ros2_ws/install/px4_msgs/include/px4_msgs/px4_msgs/msg/detail/sensor_airflow__type_support.hpp\n'}
[2.646151] (px4_msgs) StdoutLine: {'line': b'-- Up-to-date symlink: /home/carlos/ros2_ws/install/px4_msgs/include/px4_msgs/px4_msgs/msg/detail/sensor_baro__builder.hpp\n'}
[2.646225] (px4_msgs) StdoutLine: {'line': b'-- Up-to-date symlink: /home/carlos/ros2_ws/install/px4_msgs/include/px4_msgs/px4_msgs/msg/detail/sensor_baro__struct.hpp\n'}
[2.646284] (px4_msgs) StdoutLine: {'line': b'-- Up-to-date symlink: /home/carlos/ros2_ws/install/px4_msgs/include/px4_msgs/px4_msgs/msg/detail/sensor_baro__traits.hpp\n'}
[2.646410] (px4_msgs) StdoutLine: {'line': b'-- Up-to-date symlink: /home/carlos/ros2_ws/install/px4_msgs/include/px4_msgs/px4_msgs/msg/detail/sensor_baro__type_support.hpp\n'}
[2.646495] (px4_msgs) StdoutLine: {'line': b'-- Up-to-date symlink: /home/carlos/ros2_ws/install/px4_msgs/include/px4_msgs/px4_msgs/msg/detail/sensor_combined__builder.hpp\n'}
[2.646558] (px4_msgs) StdoutLine: {'line': b'-- Up-to-date symlink: /home/carlos/ros2_ws/install/px4_msgs/include/px4_msgs/px4_msgs/msg/detail/sensor_combined__struct.hpp\n'}
[2.646638] (px4_msgs) StdoutLine: {'line': b'-- Up-to-date symlink: /home/carlos/ros2_ws/install/px4_msgs/include/px4_msgs/px4_msgs/msg/detail/sensor_combined__traits.hpp\n'}
[2.646720] (px4_msgs) StdoutLine: {'line': b'-- Up-to-date symlink: /home/carlos/ros2_ws/install/px4_msgs/include/px4_msgs/px4_msgs/msg/detail/sensor_combined__type_support.hpp\n'}
[2.646804] (px4_msgs) StdoutLine: {'line': b'-- Up-to-date symlink: /home/carlos/ros2_ws/install/px4_msgs/include/px4_msgs/px4_msgs/msg/detail/sensor_correction__builder.hpp\n'}
[2.646887] (px4_msgs) StdoutLine: {'line': b'-- Up-to-date symlink: /home/carlos/ros2_ws/install/px4_msgs/include/px4_msgs/px4_msgs/msg/detail/sensor_correction__struct.hpp\n'}
[2.646970] (px4_msgs) StdoutLine: {'line': b'-- Up-to-date symlink: /home/carlos/ros2_ws/install/px4_msgs/include/px4_msgs/px4_msgs/msg/detail/sensor_correction__traits.hpp\n'}
[2.647053] (px4_msgs) StdoutLine: {'line': b'-- Up-to-date symlink: /home/carlos/ros2_ws/install/px4_msgs/include/px4_msgs/px4_msgs/msg/detail/sensor_correction__type_support.hpp\n'}
[2.647134] (px4_msgs) StdoutLine: {'line': b'-- Up-to-date symlink: /home/carlos/ros2_ws/install/px4_msgs/include/px4_msgs/px4_msgs/msg/detail/sensor_gnss_relative__builder.hpp\n'}
[2.647217] (px4_msgs) StdoutLine: {'line': b'-- Up-to-date symlink: /home/carlos/ros2_ws/install/px4_msgs/include/px4_msgs/px4_msgs/msg/detail/sensor_gnss_relative__struct.hpp\n'}
[2.647302] (px4_msgs) StdoutLine: {'line': b'-- Up-to-date symlink: /home/carlos/ros2_ws/install/px4_msgs/include/px4_msgs/px4_msgs/msg/detail/sensor_gnss_relative__traits.hpp\n'}
[2.647397] (px4_msgs) StdoutLine: {'line': b'-- Up-to-date symlink: /home/carlos/ros2_ws/install/px4_msgs/include/px4_msgs/px4_msgs/msg/detail/sensor_gnss_relative__type_support.hpp\n'}
[2.647482] (px4_msgs) StdoutLine: {'line': b'-- Up-to-date symlink: /home/carlos/ros2_ws/install/px4_msgs/include/px4_msgs/px4_msgs/msg/detail/sensor_gnss_status__builder.hpp\n'}
[2.647564] (px4_msgs) StdoutLine: {'line': b'-- Up-to-date symlink: /home/carlos/ros2_ws/install/px4_msgs/include/px4_msgs/px4_msgs/msg/detail/sensor_gnss_status__struct.hpp\n'}
[2.647647] (px4_msgs) StdoutLine: {'line': b'-- Up-to-date symlink: /home/carlos/ros2_ws/install/px4_msgs/include/px4_msgs/px4_msgs/msg/detail/sensor_gnss_status__traits.hpp\n'}
[2.647730] (px4_msgs) StdoutLine: {'line': b'-- Up-to-date symlink: /home/carlos/ros2_ws/install/px4_msgs/include/px4_msgs/px4_msgs/msg/detail/sensor_gnss_status__type_support.hpp\n'}
[2.647813] (px4_msgs) StdoutLine: {'line': b'-- Up-to-date symlink: /home/carlos/ros2_ws/install/px4_msgs/include/px4_msgs/px4_msgs/msg/detail/sensor_gps__builder.hpp\n'}
[2.647899] (px4_msgs) StdoutLine: {'line': b'-- Up-to-date symlink: /home/carlos/ros2_ws/install/px4_msgs/include/px4_msgs/px4_msgs/msg/detail/sensor_gps__struct.hpp\n'}
[2.647981] (px4_msgs) StdoutLine: {'line': b'-- Up-to-date symlink: /home/carlos/ros2_ws/install/px4_msgs/include/px4_msgs/px4_msgs/msg/detail/sensor_gps__traits.hpp\n'}
[2.648071] (px4_msgs) StdoutLine: {'line': b'-- Up-to-date symlink: /home/carlos/ros2_ws/install/px4_msgs/include/px4_msgs/px4_msgs/msg/detail/sensor_gps__type_support.hpp\n'}
[2.648154] (px4_msgs) StdoutLine: {'line': b'-- Up-to-date symlink: /home/carlos/ros2_ws/install/px4_msgs/include/px4_msgs/px4_msgs/msg/detail/sensor_gyro__builder.hpp\n'}
[2.648245] (px4_msgs) StdoutLine: {'line': b'-- Up-to-date symlink: /home/carlos/ros2_ws/install/px4_msgs/include/px4_msgs/px4_msgs/msg/detail/sensor_gyro__struct.hpp\n'}
[2.648333] (px4_msgs) StdoutLine: {'line': b'-- Up-to-date symlink: /home/carlos/ros2_ws/install/px4_msgs/include/px4_msgs/px4_msgs/msg/detail/sensor_gyro__traits.hpp\n'}
[2.648423] (px4_msgs) StdoutLine: {'line': b'-- Up-to-date symlink: /home/carlos/ros2_ws/install/px4_msgs/include/px4_msgs/px4_msgs/msg/detail/sensor_gyro__type_support.hpp\n'}
[2.648511] (px4_msgs) StdoutLine: {'line': b'-- Up-to-date symlink: /home/carlos/ros2_ws/install/px4_msgs/include/px4_msgs/px4_msgs/msg/detail/sensor_gyro_fft__builder.hpp\n'}
[2.648594] (px4_msgs) StdoutLine: {'line': b'-- Up-to-date symlink: /home/carlos/ros2_ws/install/px4_msgs/include/px4_msgs/px4_msgs/msg/detail/sensor_gyro_fft__struct.hpp\n'}
[2.648677] (px4_msgs) StdoutLine: {'line': b'-- Up-to-date symlink: /home/carlos/ros2_ws/install/px4_msgs/include/px4_msgs/px4_msgs/msg/detail/sensor_gyro_fft__traits.hpp\n'}
[2.648760] (px4_msgs) StdoutLine: {'line': b'-- Up-to-date symlink: /home/carlos/ros2_ws/install/px4_msgs/include/px4_msgs/px4_msgs/msg/detail/sensor_gyro_fft__type_support.hpp\n'}
[2.648843] (px4_msgs) StdoutLine: {'line': b'-- Up-to-date symlink: /home/carlos/ros2_ws/install/px4_msgs/include/px4_msgs/px4_msgs/msg/detail/sensor_gyro_fifo__builder.hpp\n'}
[2.648925] (px4_msgs) StdoutLine: {'line': b'-- Up-to-date symlink: /home/carlos/ros2_ws/install/px4_msgs/include/px4_msgs/px4_msgs/msg/detail/sensor_gyro_fifo__struct.hpp\n'}
[2.649008] (px4_msgs) StdoutLine: {'line': b'-- Up-to-date symlink: /home/carlos/ros2_ws/install/px4_msgs/include/px4_msgs/px4_msgs/msg/detail/sensor_gyro_fifo__traits.hpp\n'}
[2.649092] (px4_msgs) StdoutLine: {'line': b'-- Up-to-date symlink: /home/carlos/ros2_ws/install/px4_msgs/include/px4_msgs/px4_msgs/msg/detail/sensor_gyro_fifo__type_support.hpp\n'}
[2.649174] (px4_msgs) StdoutLine: {'line': b'-- Up-to-date symlink: /home/carlos/ros2_ws/install/px4_msgs/include/px4_msgs/px4_msgs/msg/detail/sensor_hygrometer__builder.hpp\n'}
[2.649256] (px4_msgs) StdoutLine: {'line': b'-- Up-to-date symlink: /home/carlos/ros2_ws/install/px4_msgs/include/px4_msgs/px4_msgs/msg/detail/sensor_hygrometer__struct.hpp\n'}
[2.649346] (px4_msgs) StdoutLine: {'line': b'-- Up-to-date symlink: /home/carlos/ros2_ws/install/px4_msgs/include/px4_msgs/px4_msgs/msg/detail/sensor_hygrometer__traits.hpp\n'}
[2.649432] (px4_msgs) StdoutLine: {'line': b'-- Up-to-date symlink: /home/carlos/ros2_ws/install/px4_msgs/include/px4_msgs/px4_msgs/msg/detail/sensor_hygrometer__type_support.hpp\n'}
[2.649516] (px4_msgs) StdoutLine: {'line': b'-- Up-to-date symlink: /home/carlos/ros2_ws/install/px4_msgs/include/px4_msgs/px4_msgs/msg/detail/sensor_mag__builder.hpp\n'}
[2.649598] (px4_msgs) StdoutLine: {'line': b'-- Up-to-date symlink: /home/carlos/ros2_ws/install/px4_msgs/include/px4_msgs/px4_msgs/msg/detail/sensor_mag__struct.hpp\n'}
[2.649681] (px4_msgs) StdoutLine: {'line': b'-- Up-to-date symlink: /home/carlos/ros2_ws/install/px4_msgs/include/px4_msgs/px4_msgs/msg/detail/sensor_mag__traits.hpp\n'}
[2.649758] (px4_msgs) StdoutLine: {'line': b'-- Up-to-date symlink: /home/carlos/ros2_ws/install/px4_msgs/include/px4_msgs/px4_msgs/msg/detail/sensor_mag__type_support.hpp\n'}
[2.649840] (px4_msgs) StdoutLine: {'line': b'-- Up-to-date symlink: /home/carlos/ros2_ws/install/px4_msgs/include/px4_msgs/px4_msgs/msg/detail/sensor_optical_flow__builder.hpp\n'}
[2.649922] (px4_msgs) StdoutLine: {'line': b'-- Up-to-date symlink: /home/carlos/ros2_ws/install/px4_msgs/include/px4_msgs/px4_msgs/msg/detail/sensor_optical_flow__struct.hpp\n'}
[2.650004] (px4_msgs) StdoutLine: {'line': b'-- Up-to-date symlink: /home/carlos/ros2_ws/install/px4_msgs/include/px4_msgs/px4_msgs/msg/detail/sensor_optical_flow__traits.hpp\n'}
[2.650087] (px4_msgs) StdoutLine: {'line': b'-- Up-to-date symlink: /home/carlos/ros2_ws/install/px4_msgs/include/px4_msgs/px4_msgs/msg/detail/sensor_optical_flow__type_support.hpp\n'}
[2.650169] (px4_msgs) StdoutLine: {'line': b'-- Up-to-date symlink: /home/carlos/ros2_ws/install/px4_msgs/include/px4_msgs/px4_msgs/msg/detail/sensor_preflight_mag__builder.hpp\n'}
[2.650250] (px4_msgs) StdoutLine: {'line': b'-- Up-to-date symlink: /home/carlos/ros2_ws/install/px4_msgs/include/px4_msgs/px4_msgs/msg/detail/sensor_preflight_mag__struct.hpp\n'}
[2.650338] (px4_msgs) StdoutLine: {'line': b'-- Up-to-date symlink: /home/carlos/ros2_ws/install/px4_msgs/include/px4_msgs/px4_msgs/msg/detail/sensor_preflight_mag__traits.hpp\n'}
[2.650424] (px4_msgs) StdoutLine: {'line': b'-- Up-to-date symlink: /home/carlos/ros2_ws/install/px4_msgs/include/px4_msgs/px4_msgs/msg/detail/sensor_preflight_mag__type_support.hpp\n'}
[2.650505] (px4_msgs) StdoutLine: {'line': b'-- Up-to-date symlink: /home/carlos/ros2_ws/install/px4_msgs/include/px4_msgs/px4_msgs/msg/detail/sensor_selection__builder.hpp\n'}
[2.650587] (px4_msgs) StdoutLine: {'line': b'-- Up-to-date symlink: /home/carlos/ros2_ws/install/px4_msgs/include/px4_msgs/px4_msgs/msg/detail/sensor_selection__struct.hpp\n'}
[2.650670] (px4_msgs) StdoutLine: {'line': b'-- Up-to-date symlink: /home/carlos/ros2_ws/install/px4_msgs/include/px4_msgs/px4_msgs/msg/detail/sensor_selection__traits.hpp\n'}
[2.650752] (px4_msgs) StdoutLine: {'line': b'-- Up-to-date symlink: /home/carlos/ros2_ws/install/px4_msgs/include/px4_msgs/px4_msgs/msg/detail/sensor_selection__type_support.hpp\n'}
[2.650834] (px4_msgs) StdoutLine: {'line': b'-- Up-to-date symlink: /home/carlos/ros2_ws/install/px4_msgs/include/px4_msgs/px4_msgs/msg/detail/sensor_uwb__builder.hpp\n'}
[2.650919] (px4_msgs) StdoutLine: {'line': b'-- Up-to-date symlink: /home/carlos/ros2_ws/install/px4_msgs/include/px4_msgs/px4_msgs/msg/detail/sensor_uwb__struct.hpp\n'}
[2.651001] (px4_msgs) StdoutLine: {'line': b'-- Up-to-date symlink: /home/carlos/ros2_ws/install/px4_msgs/include/px4_msgs/px4_msgs/msg/detail/sensor_uwb__traits.hpp\n'}
[2.651087] (px4_msgs) StdoutLine: {'line': b'-- Up-to-date symlink: /home/carlos/ros2_ws/install/px4_msgs/include/px4_msgs/px4_msgs/msg/detail/sensor_uwb__type_support.hpp\n'}
[2.651171] (px4_msgs) StdoutLine: {'line': b'-- Up-to-date symlink: /home/carlos/ros2_ws/install/px4_msgs/include/px4_msgs/px4_msgs/msg/detail/sensors_status__builder.hpp\n'}
[2.651256] (px4_msgs) StdoutLine: {'line': b'-- Up-to-date symlink: /home/carlos/ros2_ws/install/px4_msgs/include/px4_msgs/px4_msgs/msg/detail/sensors_status__struct.hpp\n'}
[2.651350] (px4_msgs) StdoutLine: {'line': b'-- Up-to-date symlink: /home/carlos/ros2_ws/install/px4_msgs/include/px4_msgs/px4_msgs/msg/detail/sensors_status__traits.hpp\n'}
[2.651439] (px4_msgs) StdoutLine: {'line': b'-- Up-to-date symlink: /home/carlos/ros2_ws/install/px4_msgs/include/px4_msgs/px4_msgs/msg/detail/sensors_status__type_support.hpp\n'}
[2.651521] (px4_msgs) StdoutLine: {'line': b'-- Up-to-date symlink: /home/carlos/ros2_ws/install/px4_msgs/include/px4_msgs/px4_msgs/msg/detail/sensors_status_imu__builder.hpp\n'}
[2.651604] (px4_msgs) StdoutLine: {'line': b'-- Up-to-date symlink: /home/carlos/ros2_ws/install/px4_msgs/include/px4_msgs/px4_msgs/msg/detail/sensors_status_imu__struct.hpp\n'}
[2.651686] (px4_msgs) StdoutLine: {'line': b'-- Up-to-date symlink: /home/carlos/ros2_ws/install/px4_msgs/include/px4_msgs/px4_msgs/msg/detail/sensors_status_imu__traits.hpp\n'}
[2.651769] (px4_msgs) StdoutLine: {'line': b'-- Up-to-date symlink: /home/carlos/ros2_ws/install/px4_msgs/include/px4_msgs/px4_msgs/msg/detail/sensors_status_imu__type_support.hpp\n'}
[2.651856] (px4_msgs) StdoutLine: {'line': b'-- Up-to-date symlink: /home/carlos/ros2_ws/install/px4_msgs/include/px4_msgs/px4_msgs/msg/detail/system_power__builder.hpp\n'}
[2.651936] (px4_msgs) StdoutLine: {'line': b'-- Up-to-date symlink: /home/carlos/ros2_ws/install/px4_msgs/include/px4_msgs/px4_msgs/msg/detail/system_power__struct.hpp\n'}
[2.652018] (px4_msgs) StdoutLine: {'line': b'-- Up-to-date symlink: /home/carlos/ros2_ws/install/px4_msgs/include/px4_msgs/px4_msgs/msg/detail/system_power__traits.hpp\n'}
[2.652108] (px4_msgs) StdoutLine: {'line': b'-- Up-to-date symlink: /home/carlos/ros2_ws/install/px4_msgs/include/px4_msgs/px4_msgs/msg/detail/system_power__type_support.hpp\n'}
[2.652206] (px4_msgs) StdoutLine: {'line': b'-- Up-to-date symlink: /home/carlos/ros2_ws/install/px4_msgs/include/px4_msgs/px4_msgs/msg/detail/takeoff_status__builder.hpp\n'}
[2.652303] (px4_msgs) StdoutLine: {'line': b'-- Up-to-date symlink: /home/carlos/ros2_ws/install/px4_msgs/include/px4_msgs/px4_msgs/msg/detail/takeoff_status__struct.hpp\n'}
[2.652477] (px4_msgs) StdoutLine: {'line': b'-- Up-to-date symlink: /home/carlos/ros2_ws/install/px4_msgs/include/px4_msgs/px4_msgs/msg/detail/takeoff_status__traits.hpp\n'}
[2.652631] (px4_msgs) StdoutLine: {'line': b'-- Up-to-date symlink: /home/carlos/ros2_ws/install/px4_msgs/include/px4_msgs/px4_msgs/msg/detail/takeoff_status__type_support.hpp\n'}
[2.652745] (px4_msgs) StdoutLine: {'line': b'-- Up-to-date symlink: /home/carlos/ros2_ws/install/px4_msgs/include/px4_msgs/px4_msgs/msg/detail/task_stack_info__builder.hpp\n'}
[2.652844] (px4_msgs) StdoutLine: {'line': b'-- Up-to-date symlink: /home/carlos/ros2_ws/install/px4_msgs/include/px4_msgs/px4_msgs/msg/detail/task_stack_info__struct.hpp\n'}
[2.652982] (px4_msgs) StdoutLine: {'line': b'-- Up-to-date symlink: /home/carlos/ros2_ws/install/px4_msgs/include/px4_msgs/px4_msgs/msg/detail/task_stack_info__traits.hpp\n'}
[2.653083] (px4_msgs) StdoutLine: {'line': b'-- Up-to-date symlink: /home/carlos/ros2_ws/install/px4_msgs/include/px4_msgs/px4_msgs/msg/detail/task_stack_info__type_support.hpp\n'}
[2.653183] (px4_msgs) StdoutLine: {'line': b'-- Up-to-date symlink: /home/carlos/ros2_ws/install/px4_msgs/include/px4_msgs/px4_msgs/msg/detail/tecs_status__builder.hpp\n'}
[2.653303] (px4_msgs) StdoutLine: {'line': b'-- Up-to-date symlink: /home/carlos/ros2_ws/install/px4_msgs/include/px4_msgs/px4_msgs/msg/detail/tecs_status__struct.hpp\n'}
[2.653367] (px4_msgs) StdoutLine: {'line': b'-- Up-to-date symlink: /home/carlos/ros2_ws/install/px4_msgs/include/px4_msgs/px4_msgs/msg/detail/tecs_status__traits.hpp\n'}
[2.653421] (px4_msgs) StdoutLine: {'line': b'-- Up-to-date symlink: /home/carlos/ros2_ws/install/px4_msgs/include/px4_msgs/px4_msgs/msg/detail/tecs_status__type_support.hpp\n'}
[2.653485] (px4_msgs) StdoutLine: {'line': b'-- Up-to-date symlink: /home/carlos/ros2_ws/install/px4_msgs/include/px4_msgs/px4_msgs/msg/detail/telemetry_status__builder.hpp\n'}
[2.653535] (px4_msgs) StdoutLine: {'line': b'-- Up-to-date symlink: /home/carlos/ros2_ws/install/px4_msgs/include/px4_msgs/px4_msgs/msg/detail/telemetry_status__struct.hpp\n'}
[2.653581] (px4_msgs) StdoutLine: {'line': b'-- Up-to-date symlink: /home/carlos/ros2_ws/install/px4_msgs/include/px4_msgs/px4_msgs/msg/detail/telemetry_status__traits.hpp\n'}
[2.653645] (px4_msgs) StdoutLine: {'line': b'-- Up-to-date symlink: /home/carlos/ros2_ws/install/px4_msgs/include/px4_msgs/px4_msgs/msg/detail/telemetry_status__type_support.hpp\n'}
[2.653694] (px4_msgs) StdoutLine: {'line': b'-- Up-to-date symlink: /home/carlos/ros2_ws/install/px4_msgs/include/px4_msgs/px4_msgs/msg/detail/tiltrotor_extra_controls__builder.hpp\n'}
[2.653760] (px4_msgs) StdoutLine: {'line': b'-- Up-to-date symlink: /home/carlos/ros2_ws/install/px4_msgs/include/px4_msgs/px4_msgs/msg/detail/tiltrotor_extra_controls__struct.hpp\n'}
[2.653830] (px4_msgs) StdoutLine: {'line': b'-- Up-to-date symlink: /home/carlos/ros2_ws/install/px4_msgs/include/px4_msgs/px4_msgs/msg/detail/tiltrotor_extra_controls__traits.hpp\n'}
[2.653895] (px4_msgs) StdoutLine: {'line': b'-- Up-to-date symlink: /home/carlos/ros2_ws/install/px4_msgs/include/px4_msgs/px4_msgs/msg/detail/tiltrotor_extra_controls__type_support.hpp\n'}
[2.653960] (px4_msgs) StdoutLine: {'line': b'-- Up-to-date symlink: /home/carlos/ros2_ws/install/px4_msgs/include/px4_msgs/px4_msgs/msg/detail/timesync_status__builder.hpp\n'}
[2.654029] (px4_msgs) StdoutLine: {'line': b'-- Up-to-date symlink: /home/carlos/ros2_ws/install/px4_msgs/include/px4_msgs/px4_msgs/msg/detail/timesync_status__struct.hpp\n'}
[2.654113] (px4_msgs) StdoutLine: {'line': b'-- Up-to-date symlink: /home/carlos/ros2_ws/install/px4_msgs/include/px4_msgs/px4_msgs/msg/detail/timesync_status__traits.hpp\n'}
[2.654198] (px4_msgs) StdoutLine: {'line': b'-- Up-to-date symlink: /home/carlos/ros2_ws/install/px4_msgs/include/px4_msgs/px4_msgs/msg/detail/timesync_status__type_support.hpp\n'}
[2.654282] (px4_msgs) StdoutLine: {'line': b'-- Up-to-date symlink: /home/carlos/ros2_ws/install/px4_msgs/include/px4_msgs/px4_msgs/msg/detail/trajectory_setpoint6dof__builder.hpp\n'}
[2.654367] (px4_msgs) StdoutLine: {'line': b'-- Up-to-date symlink: /home/carlos/ros2_ws/install/px4_msgs/include/px4_msgs/px4_msgs/msg/detail/trajectory_setpoint6dof__struct.hpp\n'}
[2.654437] (px4_msgs) StdoutLine: {'line': b'-- Up-to-date symlink: /home/carlos/ros2_ws/install/px4_msgs/include/px4_msgs/px4_msgs/msg/detail/trajectory_setpoint6dof__traits.hpp\n'}
[2.654547] (px4_msgs) StdoutLine: {'line': b'-- Up-to-date symlink: /home/carlos/ros2_ws/install/px4_msgs/include/px4_msgs/px4_msgs/msg/detail/trajectory_setpoint6dof__type_support.hpp\n'}
[2.654631] (px4_msgs) StdoutLine: {'line': b'-- Up-to-date symlink: /home/carlos/ros2_ws/install/px4_msgs/include/px4_msgs/px4_msgs/msg/detail/trajectory_setpoint__builder.hpp\n'}
[2.654720] (px4_msgs) StdoutLine: {'line': b'-- Up-to-date symlink: /home/carlos/ros2_ws/install/px4_msgs/include/px4_msgs/px4_msgs/msg/detail/trajectory_setpoint__struct.hpp\n'}
[2.654805] (px4_msgs) StdoutLine: {'line': b'-- Up-to-date symlink: /home/carlos/ros2_ws/install/px4_msgs/include/px4_msgs/px4_msgs/msg/detail/trajectory_setpoint__traits.hpp\n'}
[2.654890] (px4_msgs) StdoutLine: {'line': b'-- Up-to-date symlink: /home/carlos/ros2_ws/install/px4_msgs/include/px4_msgs/px4_msgs/msg/detail/trajectory_setpoint__type_support.hpp\n'}
[2.654973] (px4_msgs) StdoutLine: {'line': b'-- Up-to-date symlink: /home/carlos/ros2_ws/install/px4_msgs/include/px4_msgs/px4_msgs/msg/detail/transponder_report__builder.hpp\n'}
[2.655058] (px4_msgs) StdoutLine: {'line': b'-- Up-to-date symlink: /home/carlos/ros2_ws/install/px4_msgs/include/px4_msgs/px4_msgs/msg/detail/transponder_report__struct.hpp\n'}
[2.655141] (px4_msgs) StdoutLine: {'line': b'-- Up-to-date symlink: /home/carlos/ros2_ws/install/px4_msgs/include/px4_msgs/px4_msgs/msg/detail/transponder_report__traits.hpp\n'}
[2.655225] (px4_msgs) StdoutLine: {'line': b'-- Up-to-date symlink: /home/carlos/ros2_ws/install/px4_msgs/include/px4_msgs/px4_msgs/msg/detail/transponder_report__type_support.hpp\n'}
[2.655315] (px4_msgs) StdoutLine: {'line': b'-- Up-to-date symlink: /home/carlos/ros2_ws/install/px4_msgs/include/px4_msgs/px4_msgs/msg/detail/tune_control__builder.hpp\n'}
[2.655379] (px4_msgs) StdoutLine: {'line': b'-- Up-to-date symlink: /home/carlos/ros2_ws/install/px4_msgs/include/px4_msgs/px4_msgs/msg/detail/tune_control__struct.hpp\n'}
[2.655461] (px4_msgs) StdoutLine: {'line': b'-- Up-to-date symlink: /home/carlos/ros2_ws/install/px4_msgs/include/px4_msgs/px4_msgs/msg/detail/tune_control__traits.hpp\n'}
[2.655544] (px4_msgs) StdoutLine: {'line': b'-- Up-to-date symlink: /home/carlos/ros2_ws/install/px4_msgs/include/px4_msgs/px4_msgs/msg/detail/tune_control__type_support.hpp\n'}
[2.655627] (px4_msgs) StdoutLine: {'line': b'-- Up-to-date symlink: /home/carlos/ros2_ws/install/px4_msgs/include/px4_msgs/px4_msgs/msg/detail/uavcan_parameter_request__builder.hpp\n'}
[2.655714] (px4_msgs) StdoutLine: {'line': b'-- Up-to-date symlink: /home/carlos/ros2_ws/install/px4_msgs/include/px4_msgs/px4_msgs/msg/detail/uavcan_parameter_request__struct.hpp\n'}
[2.655796] (px4_msgs) StdoutLine: {'line': b'-- Up-to-date symlink: /home/carlos/ros2_ws/install/px4_msgs/include/px4_msgs/px4_msgs/msg/detail/uavcan_parameter_request__traits.hpp\n'}
[2.655879] (px4_msgs) StdoutLine: {'line': b'-- Up-to-date symlink: /home/carlos/ros2_ws/install/px4_msgs/include/px4_msgs/px4_msgs/msg/detail/uavcan_parameter_request__type_support.hpp\n'}
[2.655961] (px4_msgs) StdoutLine: {'line': b'-- Up-to-date symlink: /home/carlos/ros2_ws/install/px4_msgs/include/px4_msgs/px4_msgs/msg/detail/uavcan_parameter_value__builder.hpp\n'}
[2.656043] (px4_msgs) StdoutLine: {'line': b'-- Up-to-date symlink: /home/carlos/ros2_ws/install/px4_msgs/include/px4_msgs/px4_msgs/msg/detail/uavcan_parameter_value__struct.hpp\n'}
[2.656126] (px4_msgs) StdoutLine: {'line': b'-- Up-to-date symlink: /home/carlos/ros2_ws/install/px4_msgs/include/px4_msgs/px4_msgs/msg/detail/uavcan_parameter_value__traits.hpp\n'}
[2.656208] (px4_msgs) StdoutLine: {'line': b'-- Up-to-date symlink: /home/carlos/ros2_ws/install/px4_msgs/include/px4_msgs/px4_msgs/msg/detail/uavcan_parameter_value__type_support.hpp\n'}
[2.656291] (px4_msgs) StdoutLine: {'line': b'-- Up-to-date symlink: /home/carlos/ros2_ws/install/px4_msgs/include/px4_msgs/px4_msgs/msg/detail/ulog_stream__builder.hpp\n'}
[2.656386] (px4_msgs) StdoutLine: {'line': b'-- Up-to-date symlink: /home/carlos/ros2_ws/install/px4_msgs/include/px4_msgs/px4_msgs/msg/detail/ulog_stream__struct.hpp\n'}
[2.656468] (px4_msgs) StdoutLine: {'line': b'-- Up-to-date symlink: /home/carlos/ros2_ws/install/px4_msgs/include/px4_msgs/px4_msgs/msg/detail/ulog_stream__traits.hpp\n'}
[2.656553] (px4_msgs) StdoutLine: {'line': b'-- Up-to-date symlink: /home/carlos/ros2_ws/install/px4_msgs/include/px4_msgs/px4_msgs/msg/detail/ulog_stream__type_support.hpp\n'}
[2.656639] (px4_msgs) StdoutLine: {'line': b'-- Up-to-date symlink: /home/carlos/ros2_ws/install/px4_msgs/include/px4_msgs/px4_msgs/msg/detail/ulog_stream_ack__builder.hpp\n'}
[2.656721] (px4_msgs) StdoutLine: {'line': b'-- Up-to-date symlink: /home/carlos/ros2_ws/install/px4_msgs/include/px4_msgs/px4_msgs/msg/detail/ulog_stream_ack__struct.hpp\n'}
[2.656803] (px4_msgs) StdoutLine: {'line': b'-- Up-to-date symlink: /home/carlos/ros2_ws/install/px4_msgs/include/px4_msgs/px4_msgs/msg/detail/ulog_stream_ack__traits.hpp\n'}
[2.656884] (px4_msgs) StdoutLine: {'line': b'-- Up-to-date symlink: /home/carlos/ros2_ws/install/px4_msgs/include/px4_msgs/px4_msgs/msg/detail/ulog_stream_ack__type_support.hpp\n'}
[2.656963] (px4_msgs) StdoutLine: {'line': b'-- Up-to-date symlink: /home/carlos/ros2_ws/install/px4_msgs/include/px4_msgs/px4_msgs/msg/detail/unregister_ext_component__builder.hpp\n'}
[2.657045] (px4_msgs) StdoutLine: {'line': b'-- Up-to-date symlink: /home/carlos/ros2_ws/install/px4_msgs/include/px4_msgs/px4_msgs/msg/detail/unregister_ext_component__struct.hpp\n'}
[2.657127] (px4_msgs) StdoutLine: {'line': b'-- Up-to-date symlink: /home/carlos/ros2_ws/install/px4_msgs/include/px4_msgs/px4_msgs/msg/detail/unregister_ext_component__traits.hpp\n'}
[2.657211] (px4_msgs) StdoutLine: {'line': b'-- Up-to-date symlink: /home/carlos/ros2_ws/install/px4_msgs/include/px4_msgs/px4_msgs/msg/detail/unregister_ext_component__type_support.hpp\n'}
[2.657292] (px4_msgs) StdoutLine: {'line': b'-- Up-to-date symlink: /home/carlos/ros2_ws/install/px4_msgs/include/px4_msgs/px4_msgs/msg/detail/vehicle_acceleration__builder.hpp\n'}
[2.657423] (px4_msgs) StdoutLine: {'line': b'-- Up-to-date symlink: /home/carlos/ros2_ws/install/px4_msgs/include/px4_msgs/px4_msgs/msg/detail/vehicle_acceleration__struct.hpp\n'}
[2.657513] (px4_msgs) StdoutLine: {'line': b'-- Up-to-date symlink: /home/carlos/ros2_ws/install/px4_msgs/include/px4_msgs/px4_msgs/msg/detail/vehicle_acceleration__traits.hpp\n'}
[2.657622] (px4_msgs) StdoutLine: {'line': b'-- Up-to-date symlink: /home/carlos/ros2_ws/install/px4_msgs/include/px4_msgs/px4_msgs/msg/detail/vehicle_acceleration__type_support.hpp\n'}
[2.657706] (px4_msgs) StdoutLine: {'line': b'-- Up-to-date symlink: /home/carlos/ros2_ws/install/px4_msgs/include/px4_msgs/px4_msgs/msg/detail/vehicle_air_data__builder.hpp\n'}
[2.657780] (px4_msgs) StdoutLine: {'line': b'-- Up-to-date symlink: /home/carlos/ros2_ws/install/px4_msgs/include/px4_msgs/px4_msgs/msg/detail/vehicle_air_data__struct.hpp\n'}
[2.657924] (px4_msgs) StdoutLine: {'line': b'-- Up-to-date symlink: /home/carlos/ros2_ws/install/px4_msgs/include/px4_msgs/px4_msgs/msg/detail/vehicle_air_data__traits.hpp\n'}
[2.658008] (px4_msgs) StdoutLine: {'line': b'-- Up-to-date symlink: /home/carlos/ros2_ws/install/px4_msgs/include/px4_msgs/px4_msgs/msg/detail/vehicle_air_data__type_support.hpp\n'}
[2.658054] (px4_msgs) StdoutLine: {'line': b'-- Up-to-date symlink: /home/carlos/ros2_ws/install/px4_msgs/include/px4_msgs/px4_msgs/msg/detail/vehicle_angular_acceleration_setpoint__builder.hpp\n'}
[2.658118] (px4_msgs) StdoutLine: {'line': b'-- Up-to-date symlink: /home/carlos/ros2_ws/install/px4_msgs/include/px4_msgs/px4_msgs/msg/detail/vehicle_angular_acceleration_setpoint__struct.hpp\n'}
[2.658201] (px4_msgs) StdoutLine: {'line': b'-- Up-to-date symlink: /home/carlos/ros2_ws/install/px4_msgs/include/px4_msgs/px4_msgs/msg/detail/vehicle_angular_acceleration_setpoint__traits.hpp\n'}
[2.658263] (px4_msgs) StdoutLine: {'line': b'-- Up-to-date symlink: /home/carlos/ros2_ws/install/px4_msgs/include/px4_msgs/px4_msgs/msg/detail/vehicle_angular_acceleration_setpoint__type_support.hpp\n'}
[2.658349] (px4_msgs) StdoutLine: {'line': b'-- Up-to-date symlink: /home/carlos/ros2_ws/install/px4_msgs/include/px4_msgs/px4_msgs/msg/detail/vehicle_angular_velocity__builder.hpp\n'}
[2.658433] (px4_msgs) StdoutLine: {'line': b'-- Up-to-date symlink: /home/carlos/ros2_ws/install/px4_msgs/include/px4_msgs/px4_msgs/msg/detail/vehicle_angular_velocity__struct.hpp\n'}
[2.658525] (px4_msgs) StdoutLine: {'line': b'-- Up-to-date symlink: /home/carlos/ros2_ws/install/px4_msgs/include/px4_msgs/px4_msgs/msg/detail/vehicle_angular_velocity__traits.hpp\n'}
[2.658608] (px4_msgs) StdoutLine: {'line': b'-- Up-to-date symlink: /home/carlos/ros2_ws/install/px4_msgs/include/px4_msgs/px4_msgs/msg/detail/vehicle_angular_velocity__type_support.hpp\n'}
[2.658690] (px4_msgs) StdoutLine: {'line': b'-- Up-to-date symlink: /home/carlos/ros2_ws/install/px4_msgs/include/px4_msgs/px4_msgs/msg/detail/vehicle_attitude__builder.hpp\n'}
[2.658780] (px4_msgs) StdoutLine: {'line': b'-- Up-to-date symlink: /home/carlos/ros2_ws/install/px4_msgs/include/px4_msgs/px4_msgs/msg/detail/vehicle_attitude__struct.hpp\n'}
[2.658848] (px4_msgs) StdoutLine: {'line': b'-- Up-to-date symlink: /home/carlos/ros2_ws/install/px4_msgs/include/px4_msgs/px4_msgs/msg/detail/vehicle_attitude__traits.hpp\n'}
[2.658925] (px4_msgs) StdoutLine: {'line': b'-- Up-to-date symlink: /home/carlos/ros2_ws/install/px4_msgs/include/px4_msgs/px4_msgs/msg/detail/vehicle_attitude__type_support.hpp\n'}
[2.659010] (px4_msgs) StdoutLine: {'line': b'-- Up-to-date symlink: /home/carlos/ros2_ws/install/px4_msgs/include/px4_msgs/px4_msgs/msg/detail/vehicle_attitude_setpoint__builder.hpp\n'}
[2.659118] (px4_msgs) StdoutLine: {'line': b'-- Up-to-date symlink: /home/carlos/ros2_ws/install/px4_msgs/include/px4_msgs/px4_msgs/msg/detail/vehicle_attitude_setpoint__struct.hpp\n'}
[2.659209] (px4_msgs) StdoutLine: {'line': b'-- Up-to-date symlink: /home/carlos/ros2_ws/install/px4_msgs/include/px4_msgs/px4_msgs/msg/detail/vehicle_attitude_setpoint__traits.hpp\n'}
[2.659284] (px4_msgs) StdoutLine: {'line': b'-- Up-to-date symlink: /home/carlos/ros2_ws/install/px4_msgs/include/px4_msgs/px4_msgs/msg/detail/vehicle_attitude_setpoint__type_support.hpp\n'}
[2.659379] (px4_msgs) StdoutLine: {'line': b'-- Up-to-date symlink: /home/carlos/ros2_ws/install/px4_msgs/include/px4_msgs/px4_msgs/msg/detail/vehicle_command__builder.hpp\n'}
[2.659461] (px4_msgs) StdoutLine: {'line': b'-- Up-to-date symlink: /home/carlos/ros2_ws/install/px4_msgs/include/px4_msgs/px4_msgs/msg/detail/vehicle_command__struct.hpp\n'}
[2.659543] (px4_msgs) StdoutLine: {'line': b'-- Up-to-date symlink: /home/carlos/ros2_ws/install/px4_msgs/include/px4_msgs/px4_msgs/msg/detail/vehicle_command__traits.hpp\n'}
[2.659629] (px4_msgs) StdoutLine: {'line': b'-- Up-to-date symlink: /home/carlos/ros2_ws/install/px4_msgs/include/px4_msgs/px4_msgs/msg/detail/vehicle_command__type_support.hpp\n'}
[2.659711] (px4_msgs) StdoutLine: {'line': b'-- Up-to-date symlink: /home/carlos/ros2_ws/install/px4_msgs/include/px4_msgs/px4_msgs/msg/detail/vehicle_command_ack__builder.hpp\n'}
[2.659793] (px4_msgs) StdoutLine: {'line': b'-- Up-to-date symlink: /home/carlos/ros2_ws/install/px4_msgs/include/px4_msgs/px4_msgs/msg/detail/vehicle_command_ack__struct.hpp\n'}
[2.659878] (px4_msgs) StdoutLine: {'line': b'-- Up-to-date symlink: /home/carlos/ros2_ws/install/px4_msgs/include/px4_msgs/px4_msgs/msg/detail/vehicle_command_ack__traits.hpp\n'}
[2.659961] (px4_msgs) StdoutLine: {'line': b'-- Up-to-date symlink: /home/carlos/ros2_ws/install/px4_msgs/include/px4_msgs/px4_msgs/msg/detail/vehicle_command_ack__type_support.hpp\n'}
[2.660044] (px4_msgs) StdoutLine: {'line': b'-- Up-to-date symlink: /home/carlos/ros2_ws/install/px4_msgs/include/px4_msgs/px4_msgs/msg/detail/vehicle_constraints__builder.hpp\n'}
[2.660127] (px4_msgs) StdoutLine: {'line': b'-- Up-to-date symlink: /home/carlos/ros2_ws/install/px4_msgs/include/px4_msgs/px4_msgs/msg/detail/vehicle_constraints__struct.hpp\n'}
[2.660210] (px4_msgs) StdoutLine: {'line': b'-- Up-to-date symlink: /home/carlos/ros2_ws/install/px4_msgs/include/px4_msgs/px4_msgs/msg/detail/vehicle_constraints__traits.hpp\n'}
[2.660300] (px4_msgs) StdoutLine: {'line': b'-- Up-to-date symlink: /home/carlos/ros2_ws/install/px4_msgs/include/px4_msgs/px4_msgs/msg/detail/vehicle_constraints__type_support.hpp\n'}
[2.660396] (px4_msgs) StdoutLine: {'line': b'-- Up-to-date symlink: /home/carlos/ros2_ws/install/px4_msgs/include/px4_msgs/px4_msgs/msg/detail/vehicle_control_mode__builder.hpp\n'}
[2.660481] (px4_msgs) StdoutLine: {'line': b'-- Up-to-date symlink: /home/carlos/ros2_ws/install/px4_msgs/include/px4_msgs/px4_msgs/msg/detail/vehicle_control_mode__struct.hpp\n'}
[2.660557] (px4_msgs) StdoutLine: {'line': b'-- Up-to-date symlink: /home/carlos/ros2_ws/install/px4_msgs/include/px4_msgs/px4_msgs/msg/detail/vehicle_control_mode__traits.hpp\n'}
[2.660640] (px4_msgs) StdoutLine: {'line': b'-- Up-to-date symlink: /home/carlos/ros2_ws/install/px4_msgs/include/px4_msgs/px4_msgs/msg/detail/vehicle_control_mode__type_support.hpp\n'}
[2.660723] (px4_msgs) StdoutLine: {'line': b'-- Up-to-date symlink: /home/carlos/ros2_ws/install/px4_msgs/include/px4_msgs/px4_msgs/msg/detail/vehicle_global_position__builder.hpp\n'}
[2.660806] (px4_msgs) StdoutLine: {'line': b'-- Up-to-date symlink: /home/carlos/ros2_ws/install/px4_msgs/include/px4_msgs/px4_msgs/msg/detail/vehicle_global_position__struct.hpp\n'}
[2.660889] (px4_msgs) StdoutLine: {'line': b'-- Up-to-date symlink: /home/carlos/ros2_ws/install/px4_msgs/include/px4_msgs/px4_msgs/msg/detail/vehicle_global_position__traits.hpp\n'}
[2.660977] (px4_msgs) StdoutLine: {'line': b'-- Up-to-date symlink: /home/carlos/ros2_ws/install/px4_msgs/include/px4_msgs/px4_msgs/msg/detail/vehicle_global_position__type_support.hpp\n'}
[2.661061] (px4_msgs) StdoutLine: {'line': b'-- Up-to-date symlink: /home/carlos/ros2_ws/install/px4_msgs/include/px4_msgs/px4_msgs/msg/detail/vehicle_imu__builder.hpp\n'}
[2.661145] (px4_msgs) StdoutLine: {'line': b'-- Up-to-date symlink: /home/carlos/ros2_ws/install/px4_msgs/include/px4_msgs/px4_msgs/msg/detail/vehicle_imu__struct.hpp\n'}
[2.661227] (px4_msgs) StdoutLine: {'line': b'-- Up-to-date symlink: /home/carlos/ros2_ws/install/px4_msgs/include/px4_msgs/px4_msgs/msg/detail/vehicle_imu__traits.hpp\n'}
[2.661315] (px4_msgs) StdoutLine: {'line': b'-- Up-to-date symlink: /home/carlos/ros2_ws/install/px4_msgs/include/px4_msgs/px4_msgs/msg/detail/vehicle_imu__type_support.hpp\n'}
[2.661403] (px4_msgs) StdoutLine: {'line': b'-- Up-to-date symlink: /home/carlos/ros2_ws/install/px4_msgs/include/px4_msgs/px4_msgs/msg/detail/vehicle_imu_status__builder.hpp\n'}
[2.661485] (px4_msgs) StdoutLine: {'line': b'-- Up-to-date symlink: /home/carlos/ros2_ws/install/px4_msgs/include/px4_msgs/px4_msgs/msg/detail/vehicle_imu_status__struct.hpp\n'}
[2.661568] (px4_msgs) StdoutLine: {'line': b'-- Up-to-date symlink: /home/carlos/ros2_ws/install/px4_msgs/include/px4_msgs/px4_msgs/msg/detail/vehicle_imu_status__traits.hpp\n'}
[2.661650] (px4_msgs) StdoutLine: {'line': b'-- Up-to-date symlink: /home/carlos/ros2_ws/install/px4_msgs/include/px4_msgs/px4_msgs/msg/detail/vehicle_imu_status__type_support.hpp\n'}
[2.661736] (px4_msgs) StdoutLine: {'line': b'-- Up-to-date symlink: /home/carlos/ros2_ws/install/px4_msgs/include/px4_msgs/px4_msgs/msg/detail/vehicle_land_detected__builder.hpp\n'}
[2.661818] (px4_msgs) StdoutLine: {'line': b'-- Up-to-date symlink: /home/carlos/ros2_ws/install/px4_msgs/include/px4_msgs/px4_msgs/msg/detail/vehicle_land_detected__struct.hpp\n'}
[2.661901] (px4_msgs) StdoutLine: {'line': b'-- Up-to-date symlink: /home/carlos/ros2_ws/install/px4_msgs/include/px4_msgs/px4_msgs/msg/detail/vehicle_land_detected__traits.hpp\n'}
[2.661984] (px4_msgs) StdoutLine: {'line': b'-- Up-to-date symlink: /home/carlos/ros2_ws/install/px4_msgs/include/px4_msgs/px4_msgs/msg/detail/vehicle_land_detected__type_support.hpp\n'}
[2.662065] (px4_msgs) StdoutLine: {'line': b'-- Up-to-date symlink: /home/carlos/ros2_ws/install/px4_msgs/include/px4_msgs/px4_msgs/msg/detail/vehicle_local_position__builder.hpp\n'}
[2.662148] (px4_msgs) StdoutLine: {'line': b'-- Up-to-date symlink: /home/carlos/ros2_ws/install/px4_msgs/include/px4_msgs/px4_msgs/msg/detail/vehicle_local_position__struct.hpp\n'}
[2.662230] (px4_msgs) StdoutLine: {'line': b'-- Up-to-date symlink: /home/carlos/ros2_ws/install/px4_msgs/include/px4_msgs/px4_msgs/msg/detail/vehicle_local_position__traits.hpp\n'}
[2.662317] (px4_msgs) StdoutLine: {'line': b'-- Up-to-date symlink: /home/carlos/ros2_ws/install/px4_msgs/include/px4_msgs/px4_msgs/msg/detail/vehicle_local_position__type_support.hpp\n'}
[2.662408] (px4_msgs) StdoutLine: {'line': b'-- Up-to-date symlink: /home/carlos/ros2_ws/install/px4_msgs/include/px4_msgs/px4_msgs/msg/detail/vehicle_local_position_setpoint__builder.hpp\n'}
[2.662491] (px4_msgs) StdoutLine: {'line': b'-- Up-to-date symlink: /home/carlos/ros2_ws/install/px4_msgs/include/px4_msgs/px4_msgs/msg/detail/vehicle_local_position_setpoint__struct.hpp\n'}
[2.662574] (px4_msgs) StdoutLine: {'line': b'-- Up-to-date symlink: /home/carlos/ros2_ws/install/px4_msgs/include/px4_msgs/px4_msgs/msg/detail/vehicle_local_position_setpoint__traits.hpp\n'}
[2.662658] (px4_msgs) StdoutLine: {'line': b'-- Up-to-date symlink: /home/carlos/ros2_ws/install/px4_msgs/include/px4_msgs/px4_msgs/msg/detail/vehicle_local_position_setpoint__type_support.hpp\n'}
[2.662741] (px4_msgs) StdoutLine: {'line': b'-- Up-to-date symlink: /home/carlos/ros2_ws/install/px4_msgs/include/px4_msgs/px4_msgs/msg/detail/vehicle_magnetometer__builder.hpp\n'}
[2.662823] (px4_msgs) StdoutLine: {'line': b'-- Up-to-date symlink: /home/carlos/ros2_ws/install/px4_msgs/include/px4_msgs/px4_msgs/msg/detail/vehicle_magnetometer__struct.hpp\n'}
[2.662911] (px4_msgs) StdoutLine: {'line': b'-- Up-to-date symlink: /home/carlos/ros2_ws/install/px4_msgs/include/px4_msgs/px4_msgs/msg/detail/vehicle_magnetometer__traits.hpp\n'}
[2.662994] (px4_msgs) StdoutLine: {'line': b'-- Up-to-date symlink: /home/carlos/ros2_ws/install/px4_msgs/include/px4_msgs/px4_msgs/msg/detail/vehicle_magnetometer__type_support.hpp\n'}
[2.663076] (px4_msgs) StdoutLine: {'line': b'-- Up-to-date symlink: /home/carlos/ros2_ws/install/px4_msgs/include/px4_msgs/px4_msgs/msg/detail/vehicle_odometry__builder.hpp\n'}
[2.663158] (px4_msgs) StdoutLine: {'line': b'-- Up-to-date symlink: /home/carlos/ros2_ws/install/px4_msgs/include/px4_msgs/px4_msgs/msg/detail/vehicle_odometry__struct.hpp\n'}
[2.663241] (px4_msgs) StdoutLine: {'line': b'-- Up-to-date symlink: /home/carlos/ros2_ws/install/px4_msgs/include/px4_msgs/px4_msgs/msg/detail/vehicle_odometry__traits.hpp\n'}
[2.663329] (px4_msgs) StdoutLine: {'line': b'-- Up-to-date symlink: /home/carlos/ros2_ws/install/px4_msgs/include/px4_msgs/px4_msgs/msg/detail/vehicle_odometry__type_support.hpp\n'}
[2.663428] (px4_msgs) StdoutLine: {'line': b'-- Up-to-date symlink: /home/carlos/ros2_ws/install/px4_msgs/include/px4_msgs/px4_msgs/msg/detail/vehicle_optical_flow__builder.hpp\n'}
[2.663511] (px4_msgs) StdoutLine: {'line': b'-- Up-to-date symlink: /home/carlos/ros2_ws/install/px4_msgs/include/px4_msgs/px4_msgs/msg/detail/vehicle_optical_flow__struct.hpp\n'}
[2.663593] (px4_msgs) StdoutLine: {'line': b'-- Up-to-date symlink: /home/carlos/ros2_ws/install/px4_msgs/include/px4_msgs/px4_msgs/msg/detail/vehicle_optical_flow__traits.hpp\n'}
[2.663675] (px4_msgs) StdoutLine: {'line': b'-- Up-to-date symlink: /home/carlos/ros2_ws/install/px4_msgs/include/px4_msgs/px4_msgs/msg/detail/vehicle_optical_flow__type_support.hpp\n'}
[2.663757] (px4_msgs) StdoutLine: {'line': b'-- Up-to-date symlink: /home/carlos/ros2_ws/install/px4_msgs/include/px4_msgs/px4_msgs/msg/detail/vehicle_optical_flow_vel__builder.hpp\n'}
[2.663839] (px4_msgs) StdoutLine: {'line': b'-- Up-to-date symlink: /home/carlos/ros2_ws/install/px4_msgs/include/px4_msgs/px4_msgs/msg/detail/vehicle_optical_flow_vel__struct.hpp\n'}
[2.663922] (px4_msgs) StdoutLine: {'line': b'-- Up-to-date symlink: /home/carlos/ros2_ws/install/px4_msgs/include/px4_msgs/px4_msgs/msg/detail/vehicle_optical_flow_vel__traits.hpp\n'}
[2.664005] (px4_msgs) StdoutLine: {'line': b'-- Up-to-date symlink: /home/carlos/ros2_ws/install/px4_msgs/include/px4_msgs/px4_msgs/msg/detail/vehicle_optical_flow_vel__type_support.hpp\n'}
[2.664080] (px4_msgs) StdoutLine: {'line': b'-- Up-to-date symlink: /home/carlos/ros2_ws/install/px4_msgs/include/px4_msgs/px4_msgs/msg/detail/vehicle_rates_setpoint__builder.hpp\n'}
[2.664168] (px4_msgs) StdoutLine: {'line': b'-- Up-to-date symlink: /home/carlos/ros2_ws/install/px4_msgs/include/px4_msgs/px4_msgs/msg/detail/vehicle_rates_setpoint__struct.hpp\n'}
[2.664251] (px4_msgs) StdoutLine: {'line': b'-- Up-to-date symlink: /home/carlos/ros2_ws/install/px4_msgs/include/px4_msgs/px4_msgs/msg/detail/vehicle_rates_setpoint__traits.hpp\n'}
[2.664341] (px4_msgs) StdoutLine: {'line': b'-- Up-to-date symlink: /home/carlos/ros2_ws/install/px4_msgs/include/px4_msgs/px4_msgs/msg/detail/vehicle_rates_setpoint__type_support.hpp\n'}
[2.664428] (px4_msgs) StdoutLine: {'line': b'-- Up-to-date symlink: /home/carlos/ros2_ws/install/px4_msgs/include/px4_msgs/px4_msgs/msg/detail/vehicle_roi__builder.hpp\n'}
[2.664511] (px4_msgs) StdoutLine: {'line': b'-- Up-to-date symlink: /home/carlos/ros2_ws/install/px4_msgs/include/px4_msgs/px4_msgs/msg/detail/vehicle_roi__struct.hpp\n'}
[2.664593] (px4_msgs) StdoutLine: {'line': b'-- Up-to-date symlink: /home/carlos/ros2_ws/install/px4_msgs/include/px4_msgs/px4_msgs/msg/detail/vehicle_roi__traits.hpp\n'}
[2.664676] (px4_msgs) StdoutLine: {'line': b'-- Up-to-date symlink: /home/carlos/ros2_ws/install/px4_msgs/include/px4_msgs/px4_msgs/msg/detail/vehicle_roi__type_support.hpp\n'}
[2.664759] (px4_msgs) StdoutLine: {'line': b'-- Up-to-date symlink: /home/carlos/ros2_ws/install/px4_msgs/include/px4_msgs/px4_msgs/msg/detail/vehicle_status__builder.hpp\n'}
[2.664842] (px4_msgs) StdoutLine: {'line': b'-- Up-to-date symlink: /home/carlos/ros2_ws/install/px4_msgs/include/px4_msgs/px4_msgs/msg/detail/vehicle_status__struct.hpp\n'}
[2.664926] (px4_msgs) StdoutLine: {'line': b'-- Up-to-date symlink: /home/carlos/ros2_ws/install/px4_msgs/include/px4_msgs/px4_msgs/msg/detail/vehicle_status__traits.hpp\n'}
[2.665010] (px4_msgs) StdoutLine: {'line': b'-- Up-to-date symlink: /home/carlos/ros2_ws/install/px4_msgs/include/px4_msgs/px4_msgs/msg/detail/vehicle_status__type_support.hpp\n'}
[2.665092] (px4_msgs) StdoutLine: {'line': b'-- Up-to-date symlink: /home/carlos/ros2_ws/install/px4_msgs/include/px4_msgs/px4_msgs/msg/detail/vehicle_thrust_setpoint__builder.hpp\n'}
[2.665174] (px4_msgs) StdoutLine: {'line': b'-- Up-to-date symlink: /home/carlos/ros2_ws/install/px4_msgs/include/px4_msgs/px4_msgs/msg/detail/vehicle_thrust_setpoint__struct.hpp\n'}
[2.665257] (px4_msgs) StdoutLine: {'line': b'-- Up-to-date symlink: /home/carlos/ros2_ws/install/px4_msgs/include/px4_msgs/px4_msgs/msg/detail/vehicle_thrust_setpoint__traits.hpp\n'}
[2.665346] (px4_msgs) StdoutLine: {'line': b'-- Up-to-date symlink: /home/carlos/ros2_ws/install/px4_msgs/include/px4_msgs/px4_msgs/msg/detail/vehicle_thrust_setpoint__type_support.hpp\n'}
[2.665435] (px4_msgs) StdoutLine: {'line': b'-- Up-to-date symlink: /home/carlos/ros2_ws/install/px4_msgs/include/px4_msgs/px4_msgs/msg/detail/vehicle_torque_setpoint__builder.hpp\n'}
[2.665517] (px4_msgs) StdoutLine: {'line': b'-- Up-to-date symlink: /home/carlos/ros2_ws/install/px4_msgs/include/px4_msgs/px4_msgs/msg/detail/vehicle_torque_setpoint__struct.hpp\n'}
[2.665599] (px4_msgs) StdoutLine: {'line': b'-- Up-to-date symlink: /home/carlos/ros2_ws/install/px4_msgs/include/px4_msgs/px4_msgs/msg/detail/vehicle_torque_setpoint__traits.hpp\n'}
[2.665683] (px4_msgs) StdoutLine: {'line': b'-- Up-to-date symlink: /home/carlos/ros2_ws/install/px4_msgs/include/px4_msgs/px4_msgs/msg/detail/vehicle_torque_setpoint__type_support.hpp\n'}
[2.665766] (px4_msgs) StdoutLine: {'line': b'-- Up-to-date symlink: /home/carlos/ros2_ws/install/px4_msgs/include/px4_msgs/px4_msgs/msg/detail/velocity_limits__builder.hpp\n'}
[2.665847] (px4_msgs) StdoutLine: {'line': b'-- Up-to-date symlink: /home/carlos/ros2_ws/install/px4_msgs/include/px4_msgs/px4_msgs/msg/detail/velocity_limits__struct.hpp\n'}
[2.665932] (px4_msgs) StdoutLine: {'line': b'-- Up-to-date symlink: /home/carlos/ros2_ws/install/px4_msgs/include/px4_msgs/px4_msgs/msg/detail/velocity_limits__traits.hpp\n'}
[2.666045] (px4_msgs) StdoutLine: {'line': b'-- Up-to-date symlink: /home/carlos/ros2_ws/install/px4_msgs/include/px4_msgs/px4_msgs/msg/detail/velocity_limits__type_support.hpp\n'}
[2.666139] (px4_msgs) StdoutLine: {'line': b'-- Up-to-date symlink: /home/carlos/ros2_ws/install/px4_msgs/include/px4_msgs/px4_msgs/msg/detail/vtol_vehicle_status__builder.hpp\n'}
[2.666199] (px4_msgs) StdoutLine: {'line': b'-- Up-to-date symlink: /home/carlos/ros2_ws/install/px4_msgs/include/px4_msgs/px4_msgs/msg/detail/vtol_vehicle_status__struct.hpp\n'}
[2.666289] (px4_msgs) StdoutLine: {'line': b'-- Up-to-date symlink: /home/carlos/ros2_ws/install/px4_msgs/include/px4_msgs/px4_msgs/msg/detail/vtol_vehicle_status__traits.hpp\n'}
[2.666382] (px4_msgs) StdoutLine: {'line': b'-- Up-to-date symlink: /home/carlos/ros2_ws/install/px4_msgs/include/px4_msgs/px4_msgs/msg/detail/vtol_vehicle_status__type_support.hpp\n'}
[2.666468] (px4_msgs) StdoutLine: {'line': b'-- Up-to-date symlink: /home/carlos/ros2_ws/install/px4_msgs/include/px4_msgs/px4_msgs/msg/detail/wheel_encoders__builder.hpp\n'}
[2.666552] (px4_msgs) StdoutLine: {'line': b'-- Up-to-date symlink: /home/carlos/ros2_ws/install/px4_msgs/include/px4_msgs/px4_msgs/msg/detail/wheel_encoders__struct.hpp\n'}
[2.666635] (px4_msgs) StdoutLine: {'line': b'-- Up-to-date symlink: /home/carlos/ros2_ws/install/px4_msgs/include/px4_msgs/px4_msgs/msg/detail/wheel_encoders__traits.hpp\n'}
[2.666718] (px4_msgs) StdoutLine: {'line': b'-- Up-to-date symlink: /home/carlos/ros2_ws/install/px4_msgs/include/px4_msgs/px4_msgs/msg/detail/wheel_encoders__type_support.hpp\n'}
[2.666801] (px4_msgs) StdoutLine: {'line': b'-- Up-to-date symlink: /home/carlos/ros2_ws/install/px4_msgs/include/px4_msgs/px4_msgs/msg/detail/wind__builder.hpp\n'}
[2.666884] (px4_msgs) StdoutLine: {'line': b'-- Up-to-date symlink: /home/carlos/ros2_ws/install/px4_msgs/include/px4_msgs/px4_msgs/msg/detail/wind__struct.hpp\n'}
[2.666967] (px4_msgs) StdoutLine: {'line': b'-- Up-to-date symlink: /home/carlos/ros2_ws/install/px4_msgs/include/px4_msgs/px4_msgs/msg/detail/wind__traits.hpp\n'}
[2.667049] (px4_msgs) StdoutLine: {'line': b'-- Up-to-date symlink: /home/carlos/ros2_ws/install/px4_msgs/include/px4_msgs/px4_msgs/msg/detail/wind__type_support.hpp\n'}
[2.667132] (px4_msgs) StdoutLine: {'line': b'-- Up-to-date symlink: /home/carlos/ros2_ws/install/px4_msgs/include/px4_msgs/px4_msgs/msg/detail/yaw_estimator_status__builder.hpp\n'}
[2.667228] (px4_msgs) StdoutLine: {'line': b'-- Up-to-date symlink: /home/carlos/ros2_ws/install/px4_msgs/include/px4_msgs/px4_msgs/msg/detail/yaw_estimator_status__struct.hpp\n'}
[2.667306] (px4_msgs) StdoutLine: {'line': b'-- Up-to-date symlink: /home/carlos/ros2_ws/install/px4_msgs/include/px4_msgs/px4_msgs/msg/detail/yaw_estimator_status__traits.hpp\n'}
[2.667403] (px4_msgs) StdoutLine: {'line': b'-- Up-to-date symlink: /home/carlos/ros2_ws/install/px4_msgs/include/px4_msgs/px4_msgs/msg/detail/yaw_estimator_status__type_support.hpp\n'}
[2.667484] (px4_msgs) StdoutLine: {'line': b'-- Up-to-date symlink: /home/carlos/ros2_ws/install/px4_msgs/include/px4_msgs/px4_msgs/msg/differential_pressure.hpp\n'}
[2.667563] (px4_msgs) StdoutLine: {'line': b'-- Up-to-date symlink: /home/carlos/ros2_ws/install/px4_msgs/include/px4_msgs/px4_msgs/msg/distance_sensor.hpp\n'}
[2.667643] (px4_msgs) StdoutLine: {'line': b'-- Up-to-date symlink: /home/carlos/ros2_ws/install/px4_msgs/include/px4_msgs/px4_msgs/msg/distance_sensor_mode_change_request.hpp\n'}
[2.667717] (px4_msgs) StdoutLine: {'line': b'-- Up-to-date symlink: /home/carlos/ros2_ws/install/px4_msgs/include/px4_msgs/px4_msgs/msg/dronecan_node_status.hpp\n'}
[2.667796] (px4_msgs) StdoutLine: {'line': b'-- Up-to-date symlink: /home/carlos/ros2_ws/install/px4_msgs/include/px4_msgs/px4_msgs/msg/ekf2_timestamps.hpp\n'}
[2.667875] (px4_msgs) StdoutLine: {'line': b'-- Up-to-date symlink: /home/carlos/ros2_ws/install/px4_msgs/include/px4_msgs/px4_msgs/msg/esc_report.hpp\n'}
[2.667954] (px4_msgs) StdoutLine: {'line': b'-- Up-to-date symlink: /home/carlos/ros2_ws/install/px4_msgs/include/px4_msgs/px4_msgs/msg/esc_status.hpp\n'}
[2.668034] (px4_msgs) StdoutLine: {'line': b'-- Up-to-date symlink: /home/carlos/ros2_ws/install/px4_msgs/include/px4_msgs/px4_msgs/msg/estimator_aid_source1d.hpp\n'}
[2.668113] (px4_msgs) StdoutLine: {'line': b'-- Up-to-date symlink: /home/carlos/ros2_ws/install/px4_msgs/include/px4_msgs/px4_msgs/msg/estimator_aid_source2d.hpp\n'}
[2.668193] (px4_msgs) StdoutLine: {'line': b'-- Up-to-date symlink: /home/carlos/ros2_ws/install/px4_msgs/include/px4_msgs/px4_msgs/msg/estimator_aid_source3d.hpp\n'}
[2.668272] (px4_msgs) StdoutLine: {'line': b'-- Up-to-date symlink: /home/carlos/ros2_ws/install/px4_msgs/include/px4_msgs/px4_msgs/msg/estimator_bias.hpp\n'}
[2.668359] (px4_msgs) StdoutLine: {'line': b'-- Up-to-date symlink: /home/carlos/ros2_ws/install/px4_msgs/include/px4_msgs/px4_msgs/msg/estimator_bias3d.hpp\n'}
[2.668444] (px4_msgs) StdoutLine: {'line': b'-- Up-to-date symlink: /home/carlos/ros2_ws/install/px4_msgs/include/px4_msgs/px4_msgs/msg/estimator_event_flags.hpp\n'}
[2.668527] (px4_msgs) StdoutLine: {'line': b'-- Up-to-date symlink: /home/carlos/ros2_ws/install/px4_msgs/include/px4_msgs/px4_msgs/msg/estimator_gps_status.hpp\n'}
[2.668603] (px4_msgs) StdoutLine: {'line': b'-- Up-to-date symlink: /home/carlos/ros2_ws/install/px4_msgs/include/px4_msgs/px4_msgs/msg/estimator_innovations.hpp\n'}
[2.668682] (px4_msgs) StdoutLine: {'line': b'-- Up-to-date symlink: /home/carlos/ros2_ws/install/px4_msgs/include/px4_msgs/px4_msgs/msg/estimator_selector_status.hpp\n'}
[2.668760] (px4_msgs) StdoutLine: {'line': b'-- Up-to-date symlink: /home/carlos/ros2_ws/install/px4_msgs/include/px4_msgs/px4_msgs/msg/estimator_sensor_bias.hpp\n'}
[2.668839] (px4_msgs) StdoutLine: {'line': b'-- Up-to-date symlink: /home/carlos/ros2_ws/install/px4_msgs/include/px4_msgs/px4_msgs/msg/estimator_states.hpp\n'}
[2.668920] (px4_msgs) StdoutLine: {'line': b'-- Up-to-date symlink: /home/carlos/ros2_ws/install/px4_msgs/include/px4_msgs/px4_msgs/msg/estimator_status.hpp\n'}
[2.668999] (px4_msgs) StdoutLine: {'line': b'-- Up-to-date symlink: /home/carlos/ros2_ws/install/px4_msgs/include/px4_msgs/px4_msgs/msg/estimator_status_flags.hpp\n'}
[2.669078] (px4_msgs) StdoutLine: {'line': b'-- Up-to-date symlink: /home/carlos/ros2_ws/install/px4_msgs/include/px4_msgs/px4_msgs/msg/event.hpp\n'}
[2.669157] (px4_msgs) StdoutLine: {'line': b'-- Up-to-date symlink: /home/carlos/ros2_ws/install/px4_msgs/include/px4_msgs/px4_msgs/msg/failsafe_flags.hpp\n'}
[2.669236] (px4_msgs) StdoutLine: {'line': b'-- Up-to-date symlink: /home/carlos/ros2_ws/install/px4_msgs/include/px4_msgs/px4_msgs/msg/failure_detector_status.hpp\n'}
[2.669321] (px4_msgs) StdoutLine: {'line': b'-- Up-to-date symlink: /home/carlos/ros2_ws/install/px4_msgs/include/px4_msgs/px4_msgs/msg/figure_eight_status.hpp\n'}
[2.669404] (px4_msgs) StdoutLine: {'line': b'-- Up-to-date symlink: /home/carlos/ros2_ws/install/px4_msgs/include/px4_msgs/px4_msgs/msg/fixed_wing_lateral_guidance_status.hpp\n'}
[2.669483] (px4_msgs) StdoutLine: {'line': b'-- Up-to-date symlink: /home/carlos/ros2_ws/install/px4_msgs/include/px4_msgs/px4_msgs/msg/fixed_wing_lateral_setpoint.hpp\n'}
[2.669563] (px4_msgs) StdoutLine: {'line': b'-- Up-to-date symlink: /home/carlos/ros2_ws/install/px4_msgs/include/px4_msgs/px4_msgs/msg/fixed_wing_lateral_status.hpp\n'}
[2.669641] (px4_msgs) StdoutLine: {'line': b'-- Up-to-date symlink: /home/carlos/ros2_ws/install/px4_msgs/include/px4_msgs/px4_msgs/msg/fixed_wing_longitudinal_setpoint.hpp\n'}
[2.669719] (px4_msgs) StdoutLine: {'line': b'-- Up-to-date symlink: /home/carlos/ros2_ws/install/px4_msgs/include/px4_msgs/px4_msgs/msg/fixed_wing_runway_control.hpp\n'}
[2.669799] (px4_msgs) StdoutLine: {'line': b'-- Up-to-date symlink: /home/carlos/ros2_ws/install/px4_msgs/include/px4_msgs/px4_msgs/msg/flight_phase_estimation.hpp\n'}
[2.669878] (px4_msgs) StdoutLine: {'line': b'-- Up-to-date symlink: /home/carlos/ros2_ws/install/px4_msgs/include/px4_msgs/px4_msgs/msg/follow_target.hpp\n'}
[2.669957] (px4_msgs) StdoutLine: {'line': b'-- Up-to-date symlink: /home/carlos/ros2_ws/install/px4_msgs/include/px4_msgs/px4_msgs/msg/follow_target_estimator.hpp\n'}
[2.670037] (px4_msgs) StdoutLine: {'line': b'-- Up-to-date symlink: /home/carlos/ros2_ws/install/px4_msgs/include/px4_msgs/px4_msgs/msg/follow_target_status.hpp\n'}
[2.670122] (px4_msgs) StdoutLine: {'line': b'-- Up-to-date symlink: /home/carlos/ros2_ws/install/px4_msgs/include/px4_msgs/px4_msgs/msg/fuel_tank_status.hpp\n'}
[2.670200] (px4_msgs) StdoutLine: {'line': b'-- Up-to-date symlink: /home/carlos/ros2_ws/install/px4_msgs/include/px4_msgs/px4_msgs/msg/generator_status.hpp\n'}
[2.670279] (px4_msgs) StdoutLine: {'line': b'-- Up-to-date symlink: /home/carlos/ros2_ws/install/px4_msgs/include/px4_msgs/px4_msgs/msg/geofence_result.hpp\n'}
[2.670364] (px4_msgs) StdoutLine: {'line': b'-- Up-to-date symlink: /home/carlos/ros2_ws/install/px4_msgs/include/px4_msgs/px4_msgs/msg/geofence_status.hpp\n'}
[2.670447] (px4_msgs) StdoutLine: {'line': b'-- Up-to-date symlink: /home/carlos/ros2_ws/install/px4_msgs/include/px4_msgs/px4_msgs/msg/gimbal_controls.hpp\n'}
[2.670527] (px4_msgs) StdoutLine: {'line': b'-- Up-to-date symlink: /home/carlos/ros2_ws/install/px4_msgs/include/px4_msgs/px4_msgs/msg/gimbal_device_attitude_status.hpp\n'}
[2.670606] (px4_msgs) StdoutLine: {'line': b'-- Up-to-date symlink: /home/carlos/ros2_ws/install/px4_msgs/include/px4_msgs/px4_msgs/msg/gimbal_device_information.hpp\n'}
[2.670685] (px4_msgs) StdoutLine: {'line': b'-- Up-to-date symlink: /home/carlos/ros2_ws/install/px4_msgs/include/px4_msgs/px4_msgs/msg/gimbal_device_set_attitude.hpp\n'}
[2.670763] (px4_msgs) StdoutLine: {'line': b'-- Up-to-date symlink: /home/carlos/ros2_ws/install/px4_msgs/include/px4_msgs/px4_msgs/msg/gimbal_manager_information.hpp\n'}
[2.670842] (px4_msgs) StdoutLine: {'line': b'-- Up-to-date symlink: /home/carlos/ros2_ws/install/px4_msgs/include/px4_msgs/px4_msgs/msg/gimbal_manager_set_attitude.hpp\n'}
[2.670926] (px4_msgs) StdoutLine: {'line': b'-- Up-to-date symlink: /home/carlos/ros2_ws/install/px4_msgs/include/px4_msgs/px4_msgs/msg/gimbal_manager_set_manual_control.hpp\n'}
[2.671005] (px4_msgs) StdoutLine: {'line': b'-- Up-to-date symlink: /home/carlos/ros2_ws/install/px4_msgs/include/px4_msgs/px4_msgs/msg/gimbal_manager_status.hpp\n'}
[2.671084] (px4_msgs) StdoutLine: {'line': b'-- Up-to-date symlink: /home/carlos/ros2_ws/install/px4_msgs/include/px4_msgs/px4_msgs/msg/goto_setpoint.hpp\n'}
[2.671162] (px4_msgs) StdoutLine: {'line': b'-- Up-to-date symlink: /home/carlos/ros2_ws/install/px4_msgs/include/px4_msgs/px4_msgs/msg/gpio_config.hpp\n'}
[2.671241] (px4_msgs) StdoutLine: {'line': b'-- Up-to-date symlink: /home/carlos/ros2_ws/install/px4_msgs/include/px4_msgs/px4_msgs/msg/gpio_in.hpp\n'}
[2.671318] (px4_msgs) StdoutLine: {'line': b'-- Up-to-date symlink: /home/carlos/ros2_ws/install/px4_msgs/include/px4_msgs/px4_msgs/msg/gpio_out.hpp\n'}
[2.671414] (px4_msgs) StdoutLine: {'line': b'-- Up-to-date symlink: /home/carlos/ros2_ws/install/px4_msgs/include/px4_msgs/px4_msgs/msg/gpio_request.hpp\n'}
[2.671493] (px4_msgs) StdoutLine: {'line': b'-- Up-to-date symlink: /home/carlos/ros2_ws/install/px4_msgs/include/px4_msgs/px4_msgs/msg/gps_dump.hpp\n'}
[2.671573] (px4_msgs) StdoutLine: {'line': b'-- Up-to-date symlink: /home/carlos/ros2_ws/install/px4_msgs/include/px4_msgs/px4_msgs/msg/gps_inject_data.hpp\n'}
[2.671652] (px4_msgs) StdoutLine: {'line': b'-- Up-to-date symlink: /home/carlos/ros2_ws/install/px4_msgs/include/px4_msgs/px4_msgs/msg/gripper.hpp\n'}
[2.671731] (px4_msgs) StdoutLine: {'line': b'-- Up-to-date symlink: /home/carlos/ros2_ws/install/px4_msgs/include/px4_msgs/px4_msgs/msg/health_report.hpp\n'}
[2.671811] (px4_msgs) StdoutLine: {'line': b'-- Up-to-date symlink: /home/carlos/ros2_ws/install/px4_msgs/include/px4_msgs/px4_msgs/msg/heater_status.hpp\n'}
[2.671890] (px4_msgs) StdoutLine: {'line': b'-- Up-to-date symlink: /home/carlos/ros2_ws/install/px4_msgs/include/px4_msgs/px4_msgs/msg/home_position.hpp\n'}
[2.671969] (px4_msgs) StdoutLine: {'line': b'-- Up-to-date symlink: /home/carlos/ros2_ws/install/px4_msgs/include/px4_msgs/px4_msgs/msg/hover_thrust_estimate.hpp\n'}
[2.672050] (px4_msgs) StdoutLine: {'line': b'-- Up-to-date symlink: /home/carlos/ros2_ws/install/px4_msgs/include/px4_msgs/px4_msgs/msg/input_rc.hpp\n'}
[2.672134] (px4_msgs) StdoutLine: {'line': b'-- Up-to-date symlink: /home/carlos/ros2_ws/install/px4_msgs/include/px4_msgs/px4_msgs/msg/internal_combustion_engine_control.hpp\n'}
[2.672217] (px4_msgs) StdoutLine: {'line': b'-- Up-to-date symlink: /home/carlos/ros2_ws/install/px4_msgs/include/px4_msgs/px4_msgs/msg/internal_combustion_engine_status.hpp\n'}
[2.672294] (px4_msgs) StdoutLine: {'line': b'-- Up-to-date symlink: /home/carlos/ros2_ws/install/px4_msgs/include/px4_msgs/px4_msgs/msg/iridiumsbd_status.hpp\n'}
[2.672384] (px4_msgs) StdoutLine: {'line': b'-- Up-to-date symlink: /home/carlos/ros2_ws/install/px4_msgs/include/px4_msgs/px4_msgs/msg/irlock_report.hpp\n'}
[2.672464] (px4_msgs) StdoutLine: {'line': b'-- Up-to-date symlink: /home/carlos/ros2_ws/install/px4_msgs/include/px4_msgs/px4_msgs/msg/landing_gear.hpp\n'}
[2.672545] (px4_msgs) StdoutLine: {'line': b'-- Up-to-date symlink: /home/carlos/ros2_ws/install/px4_msgs/include/px4_msgs/px4_msgs/msg/landing_gear_wheel.hpp\n'}
[2.672624] (px4_msgs) StdoutLine: {'line': b'-- Up-to-date symlink: /home/carlos/ros2_ws/install/px4_msgs/include/px4_msgs/px4_msgs/msg/landing_target_innovations.hpp\n'}
[2.672704] (px4_msgs) StdoutLine: {'line': b'-- Up-to-date symlink: /home/carlos/ros2_ws/install/px4_msgs/include/px4_msgs/px4_msgs/msg/landing_target_pose.hpp\n'}
[2.672784] (px4_msgs) StdoutLine: {'line': b'-- Up-to-date symlink: /home/carlos/ros2_ws/install/px4_msgs/include/px4_msgs/px4_msgs/msg/lateral_control_configuration.hpp\n'}
[2.672863] (px4_msgs) StdoutLine: {'line': b'-- Up-to-date symlink: /home/carlos/ros2_ws/install/px4_msgs/include/px4_msgs/px4_msgs/msg/launch_detection_status.hpp\n'}
[2.672942] (px4_msgs) StdoutLine: {'line': b'-- Up-to-date symlink: /home/carlos/ros2_ws/install/px4_msgs/include/px4_msgs/px4_msgs/msg/led_control.hpp\n'}
[2.673022] (px4_msgs) StdoutLine: {'line': b'-- Up-to-date symlink: /home/carlos/ros2_ws/install/px4_msgs/include/px4_msgs/px4_msgs/msg/log_message.hpp\n'}
[2.673101] (px4_msgs) StdoutLine: {'line': b'-- Up-to-date symlink: /home/carlos/ros2_ws/install/px4_msgs/include/px4_msgs/px4_msgs/msg/logger_status.hpp\n'}
[2.673183] (px4_msgs) StdoutLine: {'line': b'-- Up-to-date symlink: /home/carlos/ros2_ws/install/px4_msgs/include/px4_msgs/px4_msgs/msg/longitudinal_control_configuration.hpp\n'}
[2.673296] (px4_msgs) StdoutLine: {'line': b'-- Up-to-date symlink: /home/carlos/ros2_ws/install/px4_msgs/include/px4_msgs/px4_msgs/msg/mag_worker_data.hpp\n'}
[2.673508] (px4_msgs) StdoutLine: {'line': b'-- Up-to-date symlink: /home/carlos/ros2_ws/install/px4_msgs/include/px4_msgs/px4_msgs/msg/magnetometer_bias_estimate.hpp\n'}
[2.673682] (px4_msgs) StdoutLine: {'line': b'-- Up-to-date symlink: /home/carlos/ros2_ws/install/px4_msgs/include/px4_msgs/px4_msgs/msg/manual_control_setpoint.hpp\n'}
[2.673805] (px4_msgs) StdoutLine: {'line': b'-- Up-to-date symlink: /home/carlos/ros2_ws/install/px4_msgs/include/px4_msgs/px4_msgs/msg/manual_control_switches.hpp\n'}
[2.673914] (px4_msgs) StdoutLine: {'line': b'-- Up-to-date symlink: /home/carlos/ros2_ws/install/px4_msgs/include/px4_msgs/px4_msgs/msg/mavlink_log.hpp\n'}
[2.674068] (px4_msgs) StdoutLine: {'line': b'-- Up-to-date symlink: /home/carlos/ros2_ws/install/px4_msgs/include/px4_msgs/px4_msgs/msg/mavlink_tunnel.hpp\n'}
[2.674184] (px4_msgs) StdoutLine: {'line': b'-- Up-to-date symlink: /home/carlos/ros2_ws/install/px4_msgs/include/px4_msgs/px4_msgs/msg/message_format_request.hpp\n'}
[2.674324] (px4_msgs) StdoutLine: {'line': b'-- Up-to-date symlink: /home/carlos/ros2_ws/install/px4_msgs/include/px4_msgs/px4_msgs/msg/message_format_response.hpp\n'}
[2.674569] (px4_msgs) StdoutLine: {'line': b'-- Up-to-date symlink: /home/carlos/ros2_ws/install/px4_msgs/include/px4_msgs/px4_msgs/msg/mission.hpp\n'}
[2.674688] (px4_msgs) StdoutLine: {'line': b'-- Up-to-date symlink: /home/carlos/ros2_ws/install/px4_msgs/include/px4_msgs/px4_msgs/msg/mission_result.hpp\n'}
[2.674797] (px4_msgs) StdoutLine: {'line': b'-- Up-to-date symlink: /home/carlos/ros2_ws/install/px4_msgs/include/px4_msgs/px4_msgs/msg/mode_completed.hpp\n'}
[2.674870] (px4_msgs) StdoutLine: {'line': b'-- Up-to-date symlink: /home/carlos/ros2_ws/install/px4_msgs/include/px4_msgs/px4_msgs/msg/mount_orientation.hpp\n'}
[2.674914] (px4_msgs) StdoutLine: {'line': b'-- Up-to-date symlink: /home/carlos/ros2_ws/install/px4_msgs/include/px4_msgs/px4_msgs/msg/navigator_mission_item.hpp\n'}
[2.674964] (px4_msgs) StdoutLine: {'line': b'-- Up-to-date symlink: /home/carlos/ros2_ws/install/px4_msgs/include/px4_msgs/px4_msgs/msg/navigator_status.hpp\n'}
[2.675009] (px4_msgs) StdoutLine: {'line': b'-- Up-to-date symlink: /home/carlos/ros2_ws/install/px4_msgs/include/px4_msgs/px4_msgs/msg/neural_control.hpp\n'}
[2.675084] (px4_msgs) StdoutLine: {'line': b'-- Up-to-date symlink: /home/carlos/ros2_ws/install/px4_msgs/include/px4_msgs/px4_msgs/msg/normalized_unsigned_setpoint.hpp\n'}
[2.675149] (px4_msgs) StdoutLine: {'line': b'-- Up-to-date symlink: /home/carlos/ros2_ws/install/px4_msgs/include/px4_msgs/px4_msgs/msg/obstacle_distance.hpp\n'}
[2.675210] (px4_msgs) StdoutLine: {'line': b'-- Up-to-date symlink: /home/carlos/ros2_ws/install/px4_msgs/include/px4_msgs/px4_msgs/msg/offboard_control_mode.hpp\n'}
[2.675252] (px4_msgs) StdoutLine: {'line': b'-- Up-to-date symlink: /home/carlos/ros2_ws/install/px4_msgs/include/px4_msgs/px4_msgs/msg/onboard_computer_status.hpp\n'}
[2.675319] (px4_msgs) StdoutLine: {'line': b'-- Up-to-date symlink: /home/carlos/ros2_ws/install/px4_msgs/include/px4_msgs/px4_msgs/msg/open_drone_id_arm_status.hpp\n'}
[2.675397] (px4_msgs) StdoutLine: {'line': b'-- Up-to-date symlink: /home/carlos/ros2_ws/install/px4_msgs/include/px4_msgs/px4_msgs/msg/open_drone_id_operator_id.hpp\n'}
[2.675451] (px4_msgs) StdoutLine: {'line': b'-- Up-to-date symlink: /home/carlos/ros2_ws/install/px4_msgs/include/px4_msgs/px4_msgs/msg/open_drone_id_self_id.hpp\n'}
[2.675493] (px4_msgs) StdoutLine: {'line': b'-- Up-to-date symlink: /home/carlos/ros2_ws/install/px4_msgs/include/px4_msgs/px4_msgs/msg/open_drone_id_system.hpp\n'}
[2.675544] (px4_msgs) StdoutLine: {'line': b'-- Up-to-date symlink: /home/carlos/ros2_ws/install/px4_msgs/include/px4_msgs/px4_msgs/msg/orb_test.hpp\n'}
[2.675590] (px4_msgs) StdoutLine: {'line': b'-- Up-to-date symlink: /home/carlos/ros2_ws/install/px4_msgs/include/px4_msgs/px4_msgs/msg/orb_test_large.hpp\n'}
[2.675633] (px4_msgs) StdoutLine: {'line': b'-- Up-to-date symlink: /home/carlos/ros2_ws/install/px4_msgs/include/px4_msgs/px4_msgs/msg/orb_test_medium.hpp\n'}
[2.675694] (px4_msgs) StdoutLine: {'line': b'-- Up-to-date symlink: /home/carlos/ros2_ws/install/px4_msgs/include/px4_msgs/px4_msgs/msg/orbit_status.hpp\n'}
[2.675747] (px4_msgs) StdoutLine: {'line': b'-- Up-to-date symlink: /home/carlos/ros2_ws/install/px4_msgs/include/px4_msgs/px4_msgs/msg/parameter_reset_request.hpp\n'}
[2.675793] (px4_msgs) StdoutLine: {'line': b'-- Up-to-date symlink: /home/carlos/ros2_ws/install/px4_msgs/include/px4_msgs/px4_msgs/msg/parameter_set_used_request.hpp\n'}
[2.675835] (px4_msgs) StdoutLine: {'line': b'-- Up-to-date symlink: /home/carlos/ros2_ws/install/px4_msgs/include/px4_msgs/px4_msgs/msg/parameter_set_value_request.hpp\n'}
[2.675905] (px4_msgs) StdoutLine: {'line': b'-- Up-to-date symlink: /home/carlos/ros2_ws/install/px4_msgs/include/px4_msgs/px4_msgs/msg/parameter_set_value_response.hpp\n'}
[2.675952] (px4_msgs) StdoutLine: {'line': b'-- Up-to-date symlink: /home/carlos/ros2_ws/install/px4_msgs/include/px4_msgs/px4_msgs/msg/parameter_update.hpp\n'}
[2.676000] (px4_msgs) StdoutLine: {'line': b'-- Up-to-date symlink: /home/carlos/ros2_ws/install/px4_msgs/include/px4_msgs/px4_msgs/msg/ping.hpp\n'}
[2.676057] (px4_msgs) StdoutLine: {'line': b'-- Up-to-date symlink: /home/carlos/ros2_ws/install/px4_msgs/include/px4_msgs/px4_msgs/msg/position_controller_landing_status.hpp\n'}
[2.676103] (px4_msgs) StdoutLine: {'line': b'-- Up-to-date symlink: /home/carlos/ros2_ws/install/px4_msgs/include/px4_msgs/px4_msgs/msg/position_controller_status.hpp\n'}
[2.676158] (px4_msgs) StdoutLine: {'line': b'-- Up-to-date symlink: /home/carlos/ros2_ws/install/px4_msgs/include/px4_msgs/px4_msgs/msg/position_setpoint.hpp\n'}
[2.676217] (px4_msgs) StdoutLine: {'line': b'-- Up-to-date symlink: /home/carlos/ros2_ws/install/px4_msgs/include/px4_msgs/px4_msgs/msg/position_setpoint_triplet.hpp\n'}
[2.676280] (px4_msgs) StdoutLine: {'line': b'-- Up-to-date symlink: /home/carlos/ros2_ws/install/px4_msgs/include/px4_msgs/px4_msgs/msg/power_button_state.hpp\n'}
[2.676373] (px4_msgs) StdoutLine: {'line': b'-- Up-to-date symlink: /home/carlos/ros2_ws/install/px4_msgs/include/px4_msgs/px4_msgs/msg/power_monitor.hpp\n'}
[2.676452] (px4_msgs) StdoutLine: {'line': b'-- Up-to-date symlink: /home/carlos/ros2_ws/install/px4_msgs/include/px4_msgs/px4_msgs/msg/pps_capture.hpp\n'}
[2.676531] (px4_msgs) StdoutLine: {'line': b'-- Up-to-date symlink: /home/carlos/ros2_ws/install/px4_msgs/include/px4_msgs/px4_msgs/msg/pure_pursuit_status.hpp\n'}
[2.676610] (px4_msgs) StdoutLine: {'line': b'-- Up-to-date symlink: /home/carlos/ros2_ws/install/px4_msgs/include/px4_msgs/px4_msgs/msg/pwm_input.hpp\n'}
[2.676690] (px4_msgs) StdoutLine: {'line': b'-- Up-to-date symlink: /home/carlos/ros2_ws/install/px4_msgs/include/px4_msgs/px4_msgs/msg/px4io_status.hpp\n'}
[2.676769] (px4_msgs) StdoutLine: {'line': b'-- Up-to-date symlink: /home/carlos/ros2_ws/install/px4_msgs/include/px4_msgs/px4_msgs/msg/qshell_req.hpp\n'}
[2.676878] (px4_msgs) StdoutLine: {'line': b'-- Up-to-date symlink: /home/carlos/ros2_ws/install/px4_msgs/include/px4_msgs/px4_msgs/msg/qshell_retval.hpp\n'}
[2.676956] (px4_msgs) StdoutLine: {'line': b'-- Up-to-date symlink: /home/carlos/ros2_ws/install/px4_msgs/include/px4_msgs/px4_msgs/msg/radio_status.hpp\n'}
[2.677037] (px4_msgs) StdoutLine: {'line': b'-- Up-to-date symlink: /home/carlos/ros2_ws/install/px4_msgs/include/px4_msgs/px4_msgs/msg/rate_ctrl_status.hpp\n'}
[2.677095] (px4_msgs) StdoutLine: {'line': b'-- Up-to-date symlink: /home/carlos/ros2_ws/install/px4_msgs/include/px4_msgs/px4_msgs/msg/rc_channels.hpp\n'}
[2.677171] (px4_msgs) StdoutLine: {'line': b'-- Up-to-date symlink: /home/carlos/ros2_ws/install/px4_msgs/include/px4_msgs/px4_msgs/msg/rc_parameter_map.hpp\n'}
[2.677250] (px4_msgs) StdoutLine: {'line': b'-- Up-to-date symlink: /home/carlos/ros2_ws/install/px4_msgs/include/px4_msgs/px4_msgs/msg/register_ext_component_reply.hpp\n'}
[2.677339] (px4_msgs) StdoutLine: {'line': b'-- Up-to-date symlink: /home/carlos/ros2_ws/install/px4_msgs/include/px4_msgs/px4_msgs/msg/register_ext_component_request.hpp\n'}
[2.677420] (px4_msgs) StdoutLine: {'line': b'-- Up-to-date symlink: /home/carlos/ros2_ws/install/px4_msgs/include/px4_msgs/px4_msgs/msg/rosidl_generator_cpp__visibility_control.hpp\n'}
[2.677498] (px4_msgs) StdoutLine: {'line': b'-- Up-to-date symlink: /home/carlos/ros2_ws/install/px4_msgs/include/px4_msgs/px4_msgs/msg/rover_attitude_setpoint.hpp\n'}
[2.677577] (px4_msgs) StdoutLine: {'line': b'-- Up-to-date symlink: /home/carlos/ros2_ws/install/px4_msgs/include/px4_msgs/px4_msgs/msg/rover_attitude_status.hpp\n'}
[2.677666] (px4_msgs) StdoutLine: {'line': b'-- Up-to-date symlink: /home/carlos/ros2_ws/install/px4_msgs/include/px4_msgs/px4_msgs/msg/rover_position_setpoint.hpp\n'}
[2.677744] (px4_msgs) StdoutLine: {'line': b'-- Up-to-date symlink: /home/carlos/ros2_ws/install/px4_msgs/include/px4_msgs/px4_msgs/msg/rover_rate_setpoint.hpp\n'}
[2.677822] (px4_msgs) StdoutLine: {'line': b'-- Up-to-date symlink: /home/carlos/ros2_ws/install/px4_msgs/include/px4_msgs/px4_msgs/msg/rover_rate_status.hpp\n'}
[2.677900] (px4_msgs) StdoutLine: {'line': b'-- Up-to-date symlink: /home/carlos/ros2_ws/install/px4_msgs/include/px4_msgs/px4_msgs/msg/rover_speed_setpoint.hpp\n'}
[2.677978] (px4_msgs) StdoutLine: {'line': b'-- Up-to-date symlink: /home/carlos/ros2_ws/install/px4_msgs/include/px4_msgs/px4_msgs/msg/rover_speed_status.hpp\n'}
[2.678056] (px4_msgs) StdoutLine: {'line': b'-- Up-to-date symlink: /home/carlos/ros2_ws/install/px4_msgs/include/px4_msgs/px4_msgs/msg/rover_steering_setpoint.hpp\n'}
[2.678134] (px4_msgs) StdoutLine: {'line': b'-- Up-to-date symlink: /home/carlos/ros2_ws/install/px4_msgs/include/px4_msgs/px4_msgs/msg/rover_throttle_setpoint.hpp\n'}
[2.678222] (px4_msgs) StdoutLine: {'line': b'-- Up-to-date symlink: /home/carlos/ros2_ws/install/px4_msgs/include/px4_msgs/px4_msgs/msg/rpm.hpp\n'}
[2.678302] (px4_msgs) StdoutLine: {'line': b'-- Up-to-date symlink: /home/carlos/ros2_ws/install/px4_msgs/include/px4_msgs/px4_msgs/msg/rtl_status.hpp\n'}
[2.678390] (px4_msgs) StdoutLine: {'line': b'-- Up-to-date symlink: /home/carlos/ros2_ws/install/px4_msgs/include/px4_msgs/px4_msgs/msg/rtl_time_estimate.hpp\n'}
[2.678474] (px4_msgs) StdoutLine: {'line': b'-- Up-to-date symlink: /home/carlos/ros2_ws/install/px4_msgs/include/px4_msgs/px4_msgs/msg/satellite_info.hpp\n'}
[2.678551] (px4_msgs) StdoutLine: {'line': b'-- Up-to-date symlink: /home/carlos/ros2_ws/install/px4_msgs/include/px4_msgs/px4_msgs/msg/sensor_accel.hpp\n'}
[2.678630] (px4_msgs) StdoutLine: {'line': b'-- Up-to-date symlink: /home/carlos/ros2_ws/install/px4_msgs/include/px4_msgs/px4_msgs/msg/sensor_accel_fifo.hpp\n'}
[2.678709] (px4_msgs) StdoutLine: {'line': b'-- Up-to-date symlink: /home/carlos/ros2_ws/install/px4_msgs/include/px4_msgs/px4_msgs/msg/sensor_airflow.hpp\n'}
[2.678789] (px4_msgs) StdoutLine: {'line': b'-- Up-to-date symlink: /home/carlos/ros2_ws/install/px4_msgs/include/px4_msgs/px4_msgs/msg/sensor_baro.hpp\n'}
[2.678870] (px4_msgs) StdoutLine: {'line': b'-- Up-to-date symlink: /home/carlos/ros2_ws/install/px4_msgs/include/px4_msgs/px4_msgs/msg/sensor_combined.hpp\n'}
[2.678949] (px4_msgs) StdoutLine: {'line': b'-- Up-to-date symlink: /home/carlos/ros2_ws/install/px4_msgs/include/px4_msgs/px4_msgs/msg/sensor_correction.hpp\n'}
[2.679037] (px4_msgs) StdoutLine: {'line': b'-- Up-to-date symlink: /home/carlos/ros2_ws/install/px4_msgs/include/px4_msgs/px4_msgs/msg/sensor_gnss_relative.hpp\n'}
[2.679115] (px4_msgs) StdoutLine: {'line': b'-- Up-to-date symlink: /home/carlos/ros2_ws/install/px4_msgs/include/px4_msgs/px4_msgs/msg/sensor_gnss_status.hpp\n'}
[2.679201] (px4_msgs) StdoutLine: {'line': b'-- Up-to-date symlink: /home/carlos/ros2_ws/install/px4_msgs/include/px4_msgs/px4_msgs/msg/sensor_gps.hpp\n'}
[2.679279] (px4_msgs) StdoutLine: {'line': b'-- Up-to-date symlink: /home/carlos/ros2_ws/install/px4_msgs/include/px4_msgs/px4_msgs/msg/sensor_gyro.hpp\n'}
[2.679366] (px4_msgs) StdoutLine: {'line': b'-- Up-to-date symlink: /home/carlos/ros2_ws/install/px4_msgs/include/px4_msgs/px4_msgs/msg/sensor_gyro_fft.hpp\n'}
[2.679444] (px4_msgs) StdoutLine: {'line': b'-- Up-to-date symlink: /home/carlos/ros2_ws/install/px4_msgs/include/px4_msgs/px4_msgs/msg/sensor_gyro_fifo.hpp\n'}
[2.679525] (px4_msgs) StdoutLine: {'line': b'-- Up-to-date symlink: /home/carlos/ros2_ws/install/px4_msgs/include/px4_msgs/px4_msgs/msg/sensor_hygrometer.hpp\n'}
[2.679639] (px4_msgs) StdoutLine: {'line': b'-- Up-to-date symlink: /home/carlos/ros2_ws/install/px4_msgs/include/px4_msgs/px4_msgs/msg/sensor_mag.hpp\n'}
[2.679699] (px4_msgs) StdoutLine: {'line': b'-- Up-to-date symlink: /home/carlos/ros2_ws/install/px4_msgs/include/px4_msgs/px4_msgs/msg/sensor_optical_flow.hpp\n'}
[2.679775] (px4_msgs) StdoutLine: {'line': b'-- Up-to-date symlink: /home/carlos/ros2_ws/install/px4_msgs/include/px4_msgs/px4_msgs/msg/sensor_preflight_mag.hpp\n'}
[2.679853] (px4_msgs) StdoutLine: {'line': b'-- Up-to-date symlink: /home/carlos/ros2_ws/install/px4_msgs/include/px4_msgs/px4_msgs/msg/sensor_selection.hpp\n'}
[2.679938] (px4_msgs) StdoutLine: {'line': b'-- Up-to-date symlink: /home/carlos/ros2_ws/install/px4_msgs/include/px4_msgs/px4_msgs/msg/sensor_uwb.hpp\n'}
[2.680020] (px4_msgs) StdoutLine: {'line': b'-- Up-to-date symlink: /home/carlos/ros2_ws/install/px4_msgs/include/px4_msgs/px4_msgs/msg/sensors_status.hpp\n'}
[2.680110] (px4_msgs) StdoutLine: {'line': b'-- Up-to-date symlink: /home/carlos/ros2_ws/install/px4_msgs/include/px4_msgs/px4_msgs/msg/sensors_status_imu.hpp\n'}
[2.680209] (px4_msgs) StdoutLine: {'line': b'-- Up-to-date symlink: /home/carlos/ros2_ws/install/px4_msgs/include/px4_msgs/px4_msgs/msg/system_power.hpp\n'}
[2.680284] (px4_msgs) StdoutLine: {'line': b'-- Up-to-date symlink: /home/carlos/ros2_ws/install/px4_msgs/include/px4_msgs/px4_msgs/msg/takeoff_status.hpp\n'}
[2.680371] (px4_msgs) StdoutLine: {'line': b'-- Up-to-date symlink: /home/carlos/ros2_ws/install/px4_msgs/include/px4_msgs/px4_msgs/msg/task_stack_info.hpp\n'}
[2.680451] (px4_msgs) StdoutLine: {'line': b'-- Up-to-date symlink: /home/carlos/ros2_ws/install/px4_msgs/include/px4_msgs/px4_msgs/msg/tecs_status.hpp\n'}
[2.680530] (px4_msgs) StdoutLine: {'line': b'-- Up-to-date symlink: /home/carlos/ros2_ws/install/px4_msgs/include/px4_msgs/px4_msgs/msg/telemetry_status.hpp\n'}
[2.680610] (px4_msgs) StdoutLine: {'line': b'-- Up-to-date symlink: /home/carlos/ros2_ws/install/px4_msgs/include/px4_msgs/px4_msgs/msg/tiltrotor_extra_controls.hpp\n'}
[2.680687] (px4_msgs) StdoutLine: {'line': b'-- Up-to-date symlink: /home/carlos/ros2_ws/install/px4_msgs/include/px4_msgs/px4_msgs/msg/timesync_status.hpp\n'}
[2.680766] (px4_msgs) StdoutLine: {'line': b'-- Up-to-date symlink: /home/carlos/ros2_ws/install/px4_msgs/include/px4_msgs/px4_msgs/msg/trajectory_setpoint.hpp\n'}
[2.680845] (px4_msgs) StdoutLine: {'line': b'-- Up-to-date symlink: /home/carlos/ros2_ws/install/px4_msgs/include/px4_msgs/px4_msgs/msg/trajectory_setpoint6dof.hpp\n'}
[2.680919] (px4_msgs) StdoutLine: {'line': b'-- Up-to-date symlink: /home/carlos/ros2_ws/install/px4_msgs/include/px4_msgs/px4_msgs/msg/transponder_report.hpp\n'}
[2.681003] (px4_msgs) StdoutLine: {'line': b'-- Up-to-date symlink: /home/carlos/ros2_ws/install/px4_msgs/include/px4_msgs/px4_msgs/msg/tune_control.hpp\n'}
[2.681082] (px4_msgs) StdoutLine: {'line': b'-- Up-to-date symlink: /home/carlos/ros2_ws/install/px4_msgs/include/px4_msgs/px4_msgs/msg/uavcan_parameter_request.hpp\n'}
[2.681160] (px4_msgs) StdoutLine: {'line': b'-- Up-to-date symlink: /home/carlos/ros2_ws/install/px4_msgs/include/px4_msgs/px4_msgs/msg/uavcan_parameter_value.hpp\n'}
[2.681240] (px4_msgs) StdoutLine: {'line': b'-- Up-to-date symlink: /home/carlos/ros2_ws/install/px4_msgs/include/px4_msgs/px4_msgs/msg/ulog_stream.hpp\n'}
[2.681335] (px4_msgs) StdoutLine: {'line': b'-- Up-to-date symlink: /home/carlos/ros2_ws/install/px4_msgs/include/px4_msgs/px4_msgs/msg/ulog_stream_ack.hpp\n'}
[2.681420] (px4_msgs) StdoutLine: {'line': b'-- Up-to-date symlink: /home/carlos/ros2_ws/install/px4_msgs/include/px4_msgs/px4_msgs/msg/unregister_ext_component.hpp\n'}
[2.681499] (px4_msgs) StdoutLine: {'line': b'-- Up-to-date symlink: /home/carlos/ros2_ws/install/px4_msgs/include/px4_msgs/px4_msgs/msg/vehicle_acceleration.hpp\n'}
[2.681578] (px4_msgs) StdoutLine: {'line': b'-- Up-to-date symlink: /home/carlos/ros2_ws/install/px4_msgs/include/px4_msgs/px4_msgs/msg/vehicle_air_data.hpp\n'}
[2.681658] (px4_msgs) StdoutLine: {'line': b'-- Up-to-date symlink: /home/carlos/ros2_ws/install/px4_msgs/include/px4_msgs/px4_msgs/msg/vehicle_angular_acceleration_setpoint.hpp\n'}
[2.681737] (px4_msgs) StdoutLine: {'line': b'-- Up-to-date symlink: /home/carlos/ros2_ws/install/px4_msgs/include/px4_msgs/px4_msgs/msg/vehicle_angular_velocity.hpp\n'}
[2.681815] (px4_msgs) StdoutLine: {'line': b'-- Up-to-date symlink: /home/carlos/ros2_ws/install/px4_msgs/include/px4_msgs/px4_msgs/msg/vehicle_attitude.hpp\n'}
[2.681900] (px4_msgs) StdoutLine: {'line': b'-- Up-to-date symlink: /home/carlos/ros2_ws/install/px4_msgs/include/px4_msgs/px4_msgs/msg/vehicle_attitude_setpoint.hpp\n'}
[2.681979] (px4_msgs) StdoutLine: {'line': b'-- Up-to-date symlink: /home/carlos/ros2_ws/install/px4_msgs/include/px4_msgs/px4_msgs/msg/vehicle_command.hpp\n'}
[2.682058] (px4_msgs) StdoutLine: {'line': b'-- Up-to-date symlink: /home/carlos/ros2_ws/install/px4_msgs/include/px4_msgs/px4_msgs/msg/vehicle_command_ack.hpp\n'}
[2.682138] (px4_msgs) StdoutLine: {'line': b'-- Up-to-date symlink: /home/carlos/ros2_ws/install/px4_msgs/include/px4_msgs/px4_msgs/msg/vehicle_constraints.hpp\n'}
[2.682215] (px4_msgs) StdoutLine: {'line': b'-- Up-to-date symlink: /home/carlos/ros2_ws/install/px4_msgs/include/px4_msgs/px4_msgs/msg/vehicle_control_mode.hpp\n'}
[2.682293] (px4_msgs) StdoutLine: {'line': b'-- Up-to-date symlink: /home/carlos/ros2_ws/install/px4_msgs/include/px4_msgs/px4_msgs/msg/vehicle_global_position.hpp\n'}
[2.682386] (px4_msgs) StdoutLine: {'line': b'-- Up-to-date symlink: /home/carlos/ros2_ws/install/px4_msgs/include/px4_msgs/px4_msgs/msg/vehicle_imu.hpp\n'}
[2.682467] (px4_msgs) StdoutLine: {'line': b'-- Up-to-date symlink: /home/carlos/ros2_ws/install/px4_msgs/include/px4_msgs/px4_msgs/msg/vehicle_imu_status.hpp\n'}
[2.682545] (px4_msgs) StdoutLine: {'line': b'-- Up-to-date symlink: /home/carlos/ros2_ws/install/px4_msgs/include/px4_msgs/px4_msgs/msg/vehicle_land_detected.hpp\n'}
[2.682623] (px4_msgs) StdoutLine: {'line': b'-- Up-to-date symlink: /home/carlos/ros2_ws/install/px4_msgs/include/px4_msgs/px4_msgs/msg/vehicle_local_position.hpp\n'}
[2.682702] (px4_msgs) StdoutLine: {'line': b'-- Up-to-date symlink: /home/carlos/ros2_ws/install/px4_msgs/include/px4_msgs/px4_msgs/msg/vehicle_local_position_setpoint.hpp\n'}
[2.682779] (px4_msgs) StdoutLine: {'line': b'-- Up-to-date symlink: /home/carlos/ros2_ws/install/px4_msgs/include/px4_msgs/px4_msgs/msg/vehicle_magnetometer.hpp\n'}
[2.682858] (px4_msgs) StdoutLine: {'line': b'-- Up-to-date symlink: /home/carlos/ros2_ws/install/px4_msgs/include/px4_msgs/px4_msgs/msg/vehicle_odometry.hpp\n'}
[2.682936] (px4_msgs) StdoutLine: {'line': b'-- Up-to-date symlink: /home/carlos/ros2_ws/install/px4_msgs/include/px4_msgs/px4_msgs/msg/vehicle_optical_flow.hpp\n'}
[2.683014] (px4_msgs) StdoutLine: {'line': b'-- Up-to-date symlink: /home/carlos/ros2_ws/install/px4_msgs/include/px4_msgs/px4_msgs/msg/vehicle_optical_flow_vel.hpp\n'}
[2.683092] (px4_msgs) StdoutLine: {'line': b'-- Up-to-date symlink: /home/carlos/ros2_ws/install/px4_msgs/include/px4_msgs/px4_msgs/msg/vehicle_rates_setpoint.hpp\n'}
[2.683171] (px4_msgs) StdoutLine: {'line': b'-- Up-to-date symlink: /home/carlos/ros2_ws/install/px4_msgs/include/px4_msgs/px4_msgs/msg/vehicle_roi.hpp\n'}
[2.683249] (px4_msgs) StdoutLine: {'line': b'-- Up-to-date symlink: /home/carlos/ros2_ws/install/px4_msgs/include/px4_msgs/px4_msgs/msg/vehicle_status.hpp\n'}
[2.683339] (px4_msgs) StdoutLine: {'line': b'-- Up-to-date symlink: /home/carlos/ros2_ws/install/px4_msgs/include/px4_msgs/px4_msgs/msg/vehicle_thrust_setpoint.hpp\n'}
[2.683419] (px4_msgs) StdoutLine: {'line': b'-- Up-to-date symlink: /home/carlos/ros2_ws/install/px4_msgs/include/px4_msgs/px4_msgs/msg/vehicle_torque_setpoint.hpp\n'}
[2.683498] (px4_msgs) StdoutLine: {'line': b'-- Up-to-date symlink: /home/carlos/ros2_ws/install/px4_msgs/include/px4_msgs/px4_msgs/msg/velocity_limits.hpp\n'}
[2.683576] (px4_msgs) StdoutLine: {'line': b'-- Up-to-date symlink: /home/carlos/ros2_ws/install/px4_msgs/include/px4_msgs/px4_msgs/msg/vtol_vehicle_status.hpp\n'}
[2.683654] (px4_msgs) StdoutLine: {'line': b'-- Up-to-date symlink: /home/carlos/ros2_ws/install/px4_msgs/include/px4_msgs/px4_msgs/msg/wheel_encoders.hpp\n'}
[2.683733] (px4_msgs) StdoutLine: {'line': b'-- Up-to-date symlink: /home/carlos/ros2_ws/install/px4_msgs/include/px4_msgs/px4_msgs/msg/wind.hpp\n'}
[2.683811] (px4_msgs) StdoutLine: {'line': b'-- Up-to-date symlink: /home/carlos/ros2_ws/install/px4_msgs/include/px4_msgs/px4_msgs/msg/yaw_estimator_status.hpp\n'}
[2.683894] (px4_msgs) StdoutLine: {'line': b'-- Up-to-date symlink: /home/carlos/ros2_ws/install/px4_msgs/include/px4_msgs/px4_msgs/srv/detail/vehicle_command__builder.hpp\n'}
[2.683978] (px4_msgs) StdoutLine: {'line': b'-- Up-to-date symlink: /home/carlos/ros2_ws/install/px4_msgs/include/px4_msgs/px4_msgs/srv/detail/vehicle_command__struct.hpp\n'}
[2.684061] (px4_msgs) StdoutLine: {'line': b'-- Up-to-date symlink: /home/carlos/ros2_ws/install/px4_msgs/include/px4_msgs/px4_msgs/srv/detail/vehicle_command__traits.hpp\n'}
[2.684145] (px4_msgs) StdoutLine: {'line': b'-- Up-to-date symlink: /home/carlos/ros2_ws/install/px4_msgs/include/px4_msgs/px4_msgs/srv/detail/vehicle_command__type_support.hpp\n'}
[2.684223] (px4_msgs) StdoutLine: {'line': b'-- Up-to-date symlink: /home/carlos/ros2_ws/install/px4_msgs/include/px4_msgs/px4_msgs/srv/vehicle_command.hpp\n'}
[2.690503] (px4_msgs) StdoutLine: {'line': b'-- Up-to-date symlink: /home/carlos/ros2_ws/install/px4_msgs/include/px4_msgs/px4_msgs/msg/detail/action_request__rosidl_typesupport_fastrtps_cpp.hpp\n'}
[2.690803] (px4_msgs) StdoutLine: {'line': b'-- Up-to-date symlink: /home/carlos/ros2_ws/install/px4_msgs/include/px4_msgs/px4_msgs/msg/detail/actuator_armed__rosidl_typesupport_fastrtps_cpp.hpp\n'}
[2.690991] (px4_msgs) StdoutLine: {'line': b'-- Up-to-date symlink: /home/carlos/ros2_ws/install/px4_msgs/include/px4_msgs/px4_msgs/msg/detail/actuator_controls_status__rosidl_typesupport_fastrtps_cpp.hpp\n'}
[2.691142] (px4_msgs) StdoutLine: {'line': b'-- Up-to-date symlink: /home/carlos/ros2_ws/install/px4_msgs/include/px4_msgs/px4_msgs/msg/detail/actuator_motors__rosidl_typesupport_fastrtps_cpp.hpp\n'}
[2.691253] (px4_msgs) StdoutLine: {'line': b'-- Up-to-date symlink: /home/carlos/ros2_ws/install/px4_msgs/include/px4_msgs/px4_msgs/msg/detail/actuator_outputs__rosidl_typesupport_fastrtps_cpp.hpp\n'}
[2.691569] (px4_msgs) StdoutLine: {'line': b'-- Up-to-date symlink: /home/carlos/ros2_ws/install/px4_msgs/include/px4_msgs/px4_msgs/msg/detail/actuator_servos__rosidl_typesupport_fastrtps_cpp.hpp\n'}
[2.691709] (px4_msgs) StdoutLine: {'line': b'-- Up-to-date symlink: /home/carlos/ros2_ws/install/px4_msgs/include/px4_msgs/px4_msgs/msg/detail/actuator_servos_trim__rosidl_typesupport_fastrtps_cpp.hpp\n'}
[2.691766] (px4_msgs) StdoutLine: {'line': b'-- Up-to-date symlink: /home/carlos/ros2_ws/install/px4_msgs/include/px4_msgs/px4_msgs/msg/detail/actuator_test__rosidl_typesupport_fastrtps_cpp.hpp\n'}
[2.691821] (px4_msgs) StdoutLine: {'line': b'-- Up-to-date symlink: /home/carlos/ros2_ws/install/px4_msgs/include/px4_msgs/px4_msgs/msg/detail/adc_report__rosidl_typesupport_fastrtps_cpp.hpp\n'}
[2.691901] (px4_msgs) StdoutLine: {'line': b'-- Up-to-date symlink: /home/carlos/ros2_ws/install/px4_msgs/include/px4_msgs/px4_msgs/msg/detail/airspeed__rosidl_typesupport_fastrtps_cpp.hpp\n'}
[2.691953] (px4_msgs) StdoutLine: {'line': b'-- Up-to-date symlink: /home/carlos/ros2_ws/install/px4_msgs/include/px4_msgs/px4_msgs/msg/detail/airspeed_validated__rosidl_typesupport_fastrtps_cpp.hpp\n'}
[2.692006] (px4_msgs) StdoutLine: {'line': b'-- Up-to-date symlink: /home/carlos/ros2_ws/install/px4_msgs/include/px4_msgs/px4_msgs/msg/detail/airspeed_wind__rosidl_typesupport_fastrtps_cpp.hpp\n'}
[2.692066] (px4_msgs) StdoutLine: {'line': b'-- Up-to-date symlink: /home/carlos/ros2_ws/install/px4_msgs/include/px4_msgs/px4_msgs/msg/detail/arming_check_reply__rosidl_typesupport_fastrtps_cpp.hpp\n'}
[2.692166] (px4_msgs) StdoutLine: {'line': b'-- Up-to-date symlink: /home/carlos/ros2_ws/install/px4_msgs/include/px4_msgs/px4_msgs/msg/detail/arming_check_request__rosidl_typesupport_fastrtps_cpp.hpp\n'}
[2.692219] (px4_msgs) StdoutLine: {'line': b'-- Up-to-date symlink: /home/carlos/ros2_ws/install/px4_msgs/include/px4_msgs/px4_msgs/msg/detail/autotune_attitude_control_status__rosidl_typesupport_fastrtps_cpp.hpp\n'}
[2.692274] (px4_msgs) StdoutLine: {'line': b'-- Up-to-date symlink: /home/carlos/ros2_ws/install/px4_msgs/include/px4_msgs/px4_msgs/msg/detail/battery_info__rosidl_typesupport_fastrtps_cpp.hpp\n'}
[2.692353] (px4_msgs) StdoutLine: {'line': b'-- Up-to-date symlink: /home/carlos/ros2_ws/install/px4_msgs/include/px4_msgs/px4_msgs/msg/detail/battery_status__rosidl_typesupport_fastrtps_cpp.hpp\n'}
[2.692411] (px4_msgs) StdoutLine: {'line': b'-- Up-to-date symlink: /home/carlos/ros2_ws/install/px4_msgs/include/px4_msgs/px4_msgs/msg/detail/button_event__rosidl_typesupport_fastrtps_cpp.hpp\n'}
[2.692456] (px4_msgs) StdoutLine: {'line': b'-- Up-to-date symlink: /home/carlos/ros2_ws/install/px4_msgs/include/px4_msgs/px4_msgs/msg/detail/camera_capture__rosidl_typesupport_fastrtps_cpp.hpp\n'}
[2.692513] (px4_msgs) StdoutLine: {'line': b'-- Up-to-date symlink: /home/carlos/ros2_ws/install/px4_msgs/include/px4_msgs/px4_msgs/msg/detail/camera_status__rosidl_typesupport_fastrtps_cpp.hpp\n'}
[2.692558] (px4_msgs) StdoutLine: {'line': b'-- Up-to-date symlink: /home/carlos/ros2_ws/install/px4_msgs/include/px4_msgs/px4_msgs/msg/detail/camera_trigger__rosidl_typesupport_fastrtps_cpp.hpp\n'}
[2.692606] (px4_msgs) StdoutLine: {'line': b'-- Up-to-date symlink: /home/carlos/ros2_ws/install/px4_msgs/include/px4_msgs/px4_msgs/msg/detail/can_interface_status__rosidl_typesupport_fastrtps_cpp.hpp\n'}
[2.692668] (px4_msgs) StdoutLine: {'line': b'-- Up-to-date symlink: /home/carlos/ros2_ws/install/px4_msgs/include/px4_msgs/px4_msgs/msg/detail/cellular_status__rosidl_typesupport_fastrtps_cpp.hpp\n'}
[2.692722] (px4_msgs) StdoutLine: {'line': b'-- Up-to-date symlink: /home/carlos/ros2_ws/install/px4_msgs/include/px4_msgs/px4_msgs/msg/detail/collision_constraints__rosidl_typesupport_fastrtps_cpp.hpp\n'}
[2.692762] (px4_msgs) StdoutLine: {'line': b'-- Up-to-date symlink: /home/carlos/ros2_ws/install/px4_msgs/include/px4_msgs/px4_msgs/msg/detail/config_overrides__rosidl_typesupport_fastrtps_cpp.hpp\n'}
[2.692818] (px4_msgs) StdoutLine: {'line': b'-- Up-to-date symlink: /home/carlos/ros2_ws/install/px4_msgs/include/px4_msgs/px4_msgs/msg/detail/control_allocator_status__rosidl_typesupport_fastrtps_cpp.hpp\n'}
[2.692884] (px4_msgs) StdoutLine: {'line': b'-- Up-to-date symlink: /home/carlos/ros2_ws/install/px4_msgs/include/px4_msgs/px4_msgs/msg/detail/cpuload__rosidl_typesupport_fastrtps_cpp.hpp\n'}
[2.692939] (px4_msgs) StdoutLine: {'line': b'-- Up-to-date symlink: /home/carlos/ros2_ws/install/px4_msgs/include/px4_msgs/px4_msgs/msg/detail/dataman_request__rosidl_typesupport_fastrtps_cpp.hpp\n'}
[2.692985] (px4_msgs) StdoutLine: {'line': b'-- Up-to-date symlink: /home/carlos/ros2_ws/install/px4_msgs/include/px4_msgs/px4_msgs/msg/detail/dataman_response__rosidl_typesupport_fastrtps_cpp.hpp\n'}
[2.693026] (px4_msgs) StdoutLine: {'line': b'-- Up-to-date symlink: /home/carlos/ros2_ws/install/px4_msgs/include/px4_msgs/px4_msgs/msg/detail/debug_array__rosidl_typesupport_fastrtps_cpp.hpp\n'}
[2.693084] (px4_msgs) StdoutLine: {'line': b'-- Up-to-date symlink: /home/carlos/ros2_ws/install/px4_msgs/include/px4_msgs/px4_msgs/msg/detail/debug_key_value__rosidl_typesupport_fastrtps_cpp.hpp\n'}
[2.693130] (px4_msgs) StdoutLine: {'line': b'-- Up-to-date symlink: /home/carlos/ros2_ws/install/px4_msgs/include/px4_msgs/px4_msgs/msg/detail/debug_value__rosidl_typesupport_fastrtps_cpp.hpp\n'}
[2.693192] (px4_msgs) StdoutLine: {'line': b'-- Up-to-date symlink: /home/carlos/ros2_ws/install/px4_msgs/include/px4_msgs/px4_msgs/msg/detail/debug_vect__rosidl_typesupport_fastrtps_cpp.hpp\n'}
[2.693253] (px4_msgs) StdoutLine: {'line': b'-- Up-to-date symlink: /home/carlos/ros2_ws/install/px4_msgs/include/px4_msgs/px4_msgs/msg/detail/differential_pressure__rosidl_typesupport_fastrtps_cpp.hpp\n'}
[2.693368] (px4_msgs) StdoutLine: {'line': b'-- Up-to-date symlink: /home/carlos/ros2_ws/install/px4_msgs/include/px4_msgs/px4_msgs/msg/detail/distance_sensor__rosidl_typesupport_fastrtps_cpp.hpp\n'}
[2.693457] (px4_msgs) StdoutLine: {'line': b'-- Up-to-date symlink: /home/carlos/ros2_ws/install/px4_msgs/include/px4_msgs/px4_msgs/msg/detail/distance_sensor_mode_change_request__rosidl_typesupport_fastrtps_cpp.hpp\n'}
[2.693550] (px4_msgs) StdoutLine: {'line': b'-- Up-to-date symlink: /home/carlos/ros2_ws/install/px4_msgs/include/px4_msgs/px4_msgs/msg/detail/dronecan_node_status__rosidl_typesupport_fastrtps_cpp.hpp\n'}
[2.693632] (px4_msgs) StdoutLine: {'line': b'-- Up-to-date symlink: /home/carlos/ros2_ws/install/px4_msgs/include/px4_msgs/px4_msgs/msg/detail/ekf2_timestamps__rosidl_typesupport_fastrtps_cpp.hpp\n'}
[2.693733] (px4_msgs) StdoutLine: {'line': b'-- Up-to-date symlink: /home/carlos/ros2_ws/install/px4_msgs/include/px4_msgs/px4_msgs/msg/detail/esc_report__rosidl_typesupport_fastrtps_cpp.hpp\n'}
[2.693813] (px4_msgs) StdoutLine: {'line': b'-- Up-to-date symlink: /home/carlos/ros2_ws/install/px4_msgs/include/px4_msgs/px4_msgs/msg/detail/esc_status__rosidl_typesupport_fastrtps_cpp.hpp\n'}
[2.693914] (px4_msgs) StdoutLine: {'line': b'-- Up-to-date symlink: /home/carlos/ros2_ws/install/px4_msgs/include/px4_msgs/px4_msgs/msg/detail/estimator_aid_source1d__rosidl_typesupport_fastrtps_cpp.hpp\n'}
[2.693995] (px4_msgs) StdoutLine: {'line': b'-- Up-to-date symlink: /home/carlos/ros2_ws/install/px4_msgs/include/px4_msgs/px4_msgs/msg/detail/estimator_aid_source2d__rosidl_typesupport_fastrtps_cpp.hpp\n'}
[2.694082] (px4_msgs) StdoutLine: {'line': b'-- Up-to-date symlink: /home/carlos/ros2_ws/install/px4_msgs/include/px4_msgs/px4_msgs/msg/detail/estimator_aid_source3d__rosidl_typesupport_fastrtps_cpp.hpp\n'}
[2.694167] (px4_msgs) StdoutLine: {'line': b'-- Up-to-date symlink: /home/carlos/ros2_ws/install/px4_msgs/include/px4_msgs/px4_msgs/msg/detail/estimator_bias3d__rosidl_typesupport_fastrtps_cpp.hpp\n'}
[2.694251] (px4_msgs) StdoutLine: {'line': b'-- Up-to-date symlink: /home/carlos/ros2_ws/install/px4_msgs/include/px4_msgs/px4_msgs/msg/detail/estimator_bias__rosidl_typesupport_fastrtps_cpp.hpp\n'}
[2.694340] (px4_msgs) StdoutLine: {'line': b'-- Up-to-date symlink: /home/carlos/ros2_ws/install/px4_msgs/include/px4_msgs/px4_msgs/msg/detail/estimator_event_flags__rosidl_typesupport_fastrtps_cpp.hpp\n'}
[2.694434] (px4_msgs) StdoutLine: {'line': b'-- Up-to-date symlink: /home/carlos/ros2_ws/install/px4_msgs/include/px4_msgs/px4_msgs/msg/detail/estimator_gps_status__rosidl_typesupport_fastrtps_cpp.hpp\n'}
[2.694516] (px4_msgs) StdoutLine: {'line': b'-- Up-to-date symlink: /home/carlos/ros2_ws/install/px4_msgs/include/px4_msgs/px4_msgs/msg/detail/estimator_innovations__rosidl_typesupport_fastrtps_cpp.hpp\n'}
[2.694599] (px4_msgs) StdoutLine: {'line': b'-- Up-to-date symlink: /home/carlos/ros2_ws/install/px4_msgs/include/px4_msgs/px4_msgs/msg/detail/estimator_selector_status__rosidl_typesupport_fastrtps_cpp.hpp\n'}
[2.694681] (px4_msgs) StdoutLine: {'line': b'-- Up-to-date symlink: /home/carlos/ros2_ws/install/px4_msgs/include/px4_msgs/px4_msgs/msg/detail/estimator_sensor_bias__rosidl_typesupport_fastrtps_cpp.hpp\n'}
[2.694764] (px4_msgs) StdoutLine: {'line': b'-- Up-to-date symlink: /home/carlos/ros2_ws/install/px4_msgs/include/px4_msgs/px4_msgs/msg/detail/estimator_states__rosidl_typesupport_fastrtps_cpp.hpp\n'}
[2.694849] (px4_msgs) StdoutLine: {'line': b'-- Up-to-date symlink: /home/carlos/ros2_ws/install/px4_msgs/include/px4_msgs/px4_msgs/msg/detail/estimator_status__rosidl_typesupport_fastrtps_cpp.hpp\n'}
[2.694932] (px4_msgs) StdoutLine: {'line': b'-- Up-to-date symlink: /home/carlos/ros2_ws/install/px4_msgs/include/px4_msgs/px4_msgs/msg/detail/estimator_status_flags__rosidl_typesupport_fastrtps_cpp.hpp\n'}
[2.695015] (px4_msgs) StdoutLine: {'line': b'-- Up-to-date symlink: /home/carlos/ros2_ws/install/px4_msgs/include/px4_msgs/px4_msgs/msg/detail/event__rosidl_typesupport_fastrtps_cpp.hpp\n'}
[2.695098] (px4_msgs) StdoutLine: {'line': b'-- Up-to-date symlink: /home/carlos/ros2_ws/install/px4_msgs/include/px4_msgs/px4_msgs/msg/detail/failsafe_flags__rosidl_typesupport_fastrtps_cpp.hpp\n'}
[2.695181] (px4_msgs) StdoutLine: {'line': b'-- Up-to-date symlink: /home/carlos/ros2_ws/install/px4_msgs/include/px4_msgs/px4_msgs/msg/detail/failure_detector_status__rosidl_typesupport_fastrtps_cpp.hpp\n'}
[2.695264] (px4_msgs) StdoutLine: {'line': b'-- Up-to-date symlink: /home/carlos/ros2_ws/install/px4_msgs/include/px4_msgs/px4_msgs/msg/detail/figure_eight_status__rosidl_typesupport_fastrtps_cpp.hpp\n'}
[2.695366] (px4_msgs) StdoutLine: {'line': b'-- Up-to-date symlink: /home/carlos/ros2_ws/install/px4_msgs/include/px4_msgs/px4_msgs/msg/detail/fixed_wing_lateral_guidance_status__rosidl_typesupport_fastrtps_cpp.hpp\n'}
[2.695452] (px4_msgs) StdoutLine: {'line': b'-- Up-to-date symlink: /home/carlos/ros2_ws/install/px4_msgs/include/px4_msgs/px4_msgs/msg/detail/fixed_wing_lateral_setpoint__rosidl_typesupport_fastrtps_cpp.hpp\n'}
[2.695535] (px4_msgs) StdoutLine: {'line': b'-- Up-to-date symlink: /home/carlos/ros2_ws/install/px4_msgs/include/px4_msgs/px4_msgs/msg/detail/fixed_wing_lateral_status__rosidl_typesupport_fastrtps_cpp.hpp\n'}
[2.695618] (px4_msgs) StdoutLine: {'line': b'-- Up-to-date symlink: /home/carlos/ros2_ws/install/px4_msgs/include/px4_msgs/px4_msgs/msg/detail/fixed_wing_longitudinal_setpoint__rosidl_typesupport_fastrtps_cpp.hpp\n'}
[2.695704] (px4_msgs) StdoutLine: {'line': b'-- Up-to-date symlink: /home/carlos/ros2_ws/install/px4_msgs/include/px4_msgs/px4_msgs/msg/detail/fixed_wing_runway_control__rosidl_typesupport_fastrtps_cpp.hpp\n'}
[2.695791] (px4_msgs) StdoutLine: {'line': b'-- Up-to-date symlink: /home/carlos/ros2_ws/install/px4_msgs/include/px4_msgs/px4_msgs/msg/detail/flight_phase_estimation__rosidl_typesupport_fastrtps_cpp.hpp\n'}
[2.695875] (px4_msgs) StdoutLine: {'line': b'-- Up-to-date symlink: /home/carlos/ros2_ws/install/px4_msgs/include/px4_msgs/px4_msgs/msg/detail/follow_target__rosidl_typesupport_fastrtps_cpp.hpp\n'}
[2.695961] (px4_msgs) StdoutLine: {'line': b'-- Up-to-date symlink: /home/carlos/ros2_ws/install/px4_msgs/include/px4_msgs/px4_msgs/msg/detail/follow_target_estimator__rosidl_typesupport_fastrtps_cpp.hpp\n'}
[2.696045] (px4_msgs) StdoutLine: {'line': b'-- Up-to-date symlink: /home/carlos/ros2_ws/install/px4_msgs/include/px4_msgs/px4_msgs/msg/detail/follow_target_status__rosidl_typesupport_fastrtps_cpp.hpp\n'}
[2.696127] (px4_msgs) StdoutLine: {'line': b'-- Up-to-date symlink: /home/carlos/ros2_ws/install/px4_msgs/include/px4_msgs/px4_msgs/msg/detail/fuel_tank_status__rosidl_typesupport_fastrtps_cpp.hpp\n'}
[2.696210] (px4_msgs) StdoutLine: {'line': b'-- Up-to-date symlink: /home/carlos/ros2_ws/install/px4_msgs/include/px4_msgs/px4_msgs/msg/detail/generator_status__rosidl_typesupport_fastrtps_cpp.hpp\n'}
[2.696293] (px4_msgs) StdoutLine: {'line': b'-- Up-to-date symlink: /home/carlos/ros2_ws/install/px4_msgs/include/px4_msgs/px4_msgs/msg/detail/geofence_result__rosidl_typesupport_fastrtps_cpp.hpp\n'}
[2.696385] (px4_msgs) StdoutLine: {'line': b'-- Up-to-date symlink: /home/carlos/ros2_ws/install/px4_msgs/include/px4_msgs/px4_msgs/msg/detail/geofence_status__rosidl_typesupport_fastrtps_cpp.hpp\n'}
[2.696469] (px4_msgs) StdoutLine: {'line': b'-- Up-to-date symlink: /home/carlos/ros2_ws/install/px4_msgs/include/px4_msgs/px4_msgs/msg/detail/gimbal_controls__rosidl_typesupport_fastrtps_cpp.hpp\n'}
[2.696547] (px4_msgs) StdoutLine: {'line': b'-- Up-to-date symlink: /home/carlos/ros2_ws/install/px4_msgs/include/px4_msgs/px4_msgs/msg/detail/gimbal_device_attitude_status__rosidl_typesupport_fastrtps_cpp.hpp\n'}
[2.696630] (px4_msgs) StdoutLine: {'line': b'-- Up-to-date symlink: /home/carlos/ros2_ws/install/px4_msgs/include/px4_msgs/px4_msgs/msg/detail/gimbal_device_information__rosidl_typesupport_fastrtps_cpp.hpp\n'}
[2.696718] (px4_msgs) StdoutLine: {'line': b'-- Up-to-date symlink: /home/carlos/ros2_ws/install/px4_msgs/include/px4_msgs/px4_msgs/msg/detail/gimbal_device_set_attitude__rosidl_typesupport_fastrtps_cpp.hpp\n'}
[2.696801] (px4_msgs) StdoutLine: {'line': b'-- Up-to-date symlink: /home/carlos/ros2_ws/install/px4_msgs/include/px4_msgs/px4_msgs/msg/detail/gimbal_manager_information__rosidl_typesupport_fastrtps_cpp.hpp\n'}
[2.696885] (px4_msgs) StdoutLine: {'line': b'-- Up-to-date symlink: /home/carlos/ros2_ws/install/px4_msgs/include/px4_msgs/px4_msgs/msg/detail/gimbal_manager_set_attitude__rosidl_typesupport_fastrtps_cpp.hpp\n'}
[2.696967] (px4_msgs) StdoutLine: {'line': b'-- Up-to-date symlink: /home/carlos/ros2_ws/install/px4_msgs/include/px4_msgs/px4_msgs/msg/detail/gimbal_manager_set_manual_control__rosidl_typesupport_fastrtps_cpp.hpp\n'}
[2.697050] (px4_msgs) StdoutLine: {'line': b'-- Up-to-date symlink: /home/carlos/ros2_ws/install/px4_msgs/include/px4_msgs/px4_msgs/msg/detail/gimbal_manager_status__rosidl_typesupport_fastrtps_cpp.hpp\n'}
[2.697133] (px4_msgs) StdoutLine: {'line': b'-- Up-to-date symlink: /home/carlos/ros2_ws/install/px4_msgs/include/px4_msgs/px4_msgs/msg/detail/goto_setpoint__rosidl_typesupport_fastrtps_cpp.hpp\n'}
[2.697216] (px4_msgs) StdoutLine: {'line': b'-- Up-to-date symlink: /home/carlos/ros2_ws/install/px4_msgs/include/px4_msgs/px4_msgs/msg/detail/gpio_config__rosidl_typesupport_fastrtps_cpp.hpp\n'}
[2.697299] (px4_msgs) StdoutLine: {'line': b'-- Up-to-date symlink: /home/carlos/ros2_ws/install/px4_msgs/include/px4_msgs/px4_msgs/msg/detail/gpio_in__rosidl_typesupport_fastrtps_cpp.hpp\n'}
[2.697395] (px4_msgs) StdoutLine: {'line': b'-- Up-to-date symlink: /home/carlos/ros2_ws/install/px4_msgs/include/px4_msgs/px4_msgs/msg/detail/gpio_out__rosidl_typesupport_fastrtps_cpp.hpp\n'}
[2.697479] (px4_msgs) StdoutLine: {'line': b'-- Up-to-date symlink: /home/carlos/ros2_ws/install/px4_msgs/include/px4_msgs/px4_msgs/msg/detail/gpio_request__rosidl_typesupport_fastrtps_cpp.hpp\n'}
[2.697562] (px4_msgs) StdoutLine: {'line': b'-- Up-to-date symlink: /home/carlos/ros2_ws/install/px4_msgs/include/px4_msgs/px4_msgs/msg/detail/gps_dump__rosidl_typesupport_fastrtps_cpp.hpp\n'}
[2.697645] (px4_msgs) StdoutLine: {'line': b'-- Up-to-date symlink: /home/carlos/ros2_ws/install/px4_msgs/include/px4_msgs/px4_msgs/msg/detail/gps_inject_data__rosidl_typesupport_fastrtps_cpp.hpp\n'}
[2.697734] (px4_msgs) StdoutLine: {'line': b'-- Up-to-date symlink: /home/carlos/ros2_ws/install/px4_msgs/include/px4_msgs/px4_msgs/msg/detail/gripper__rosidl_typesupport_fastrtps_cpp.hpp\n'}
[2.697817] (px4_msgs) StdoutLine: {'line': b'-- Up-to-date symlink: /home/carlos/ros2_ws/install/px4_msgs/include/px4_msgs/px4_msgs/msg/detail/health_report__rosidl_typesupport_fastrtps_cpp.hpp\n'}
[2.697899] (px4_msgs) StdoutLine: {'line': b'-- Up-to-date symlink: /home/carlos/ros2_ws/install/px4_msgs/include/px4_msgs/px4_msgs/msg/detail/heater_status__rosidl_typesupport_fastrtps_cpp.hpp\n'}
[2.697983] (px4_msgs) StdoutLine: {'line': b'-- Up-to-date symlink: /home/carlos/ros2_ws/install/px4_msgs/include/px4_msgs/px4_msgs/msg/detail/home_position__rosidl_typesupport_fastrtps_cpp.hpp\n'}
[2.698084] (px4_msgs) StdoutLine: {'line': b'-- Up-to-date symlink: /home/carlos/ros2_ws/install/px4_msgs/include/px4_msgs/px4_msgs/msg/detail/hover_thrust_estimate__rosidl_typesupport_fastrtps_cpp.hpp\n'}
[2.698175] (px4_msgs) StdoutLine: {'line': b'-- Up-to-date symlink: /home/carlos/ros2_ws/install/px4_msgs/include/px4_msgs/px4_msgs/msg/detail/input_rc__rosidl_typesupport_fastrtps_cpp.hpp\n'}
[2.698249] (px4_msgs) StdoutLine: {'line': b'-- Up-to-date symlink: /home/carlos/ros2_ws/install/px4_msgs/include/px4_msgs/px4_msgs/msg/detail/internal_combustion_engine_control__rosidl_typesupport_fastrtps_cpp.hpp\n'}
[2.698338] (px4_msgs) StdoutLine: {'line': b'-- Up-to-date symlink: /home/carlos/ros2_ws/install/px4_msgs/include/px4_msgs/px4_msgs/msg/detail/internal_combustion_engine_status__rosidl_typesupport_fastrtps_cpp.hpp\n'}
[2.698422] (px4_msgs) StdoutLine: {'line': b'-- Up-to-date symlink: /home/carlos/ros2_ws/install/px4_msgs/include/px4_msgs/px4_msgs/msg/detail/iridiumsbd_status__rosidl_typesupport_fastrtps_cpp.hpp\n'}
[2.698506] (px4_msgs) StdoutLine: {'line': b'-- Up-to-date symlink: /home/carlos/ros2_ws/install/px4_msgs/include/px4_msgs/px4_msgs/msg/detail/irlock_report__rosidl_typesupport_fastrtps_cpp.hpp\n'}
[2.698589] (px4_msgs) StdoutLine: {'line': b'-- Up-to-date symlink: /home/carlos/ros2_ws/install/px4_msgs/include/px4_msgs/px4_msgs/msg/detail/landing_gear__rosidl_typesupport_fastrtps_cpp.hpp\n'}
[2.698672] (px4_msgs) StdoutLine: {'line': b'-- Up-to-date symlink: /home/carlos/ros2_ws/install/px4_msgs/include/px4_msgs/px4_msgs/msg/detail/landing_gear_wheel__rosidl_typesupport_fastrtps_cpp.hpp\n'}
[2.698756] (px4_msgs) StdoutLine: {'line': b'-- Up-to-date symlink: /home/carlos/ros2_ws/install/px4_msgs/include/px4_msgs/px4_msgs/msg/detail/landing_target_innovations__rosidl_typesupport_fastrtps_cpp.hpp\n'}
[2.698839] (px4_msgs) StdoutLine: {'line': b'-- Up-to-date symlink: /home/carlos/ros2_ws/install/px4_msgs/include/px4_msgs/px4_msgs/msg/detail/landing_target_pose__rosidl_typesupport_fastrtps_cpp.hpp\n'}
[2.698916] (px4_msgs) StdoutLine: {'line': b'-- Up-to-date symlink: /home/carlos/ros2_ws/install/px4_msgs/include/px4_msgs/px4_msgs/msg/detail/lateral_control_configuration__rosidl_typesupport_fastrtps_cpp.hpp\n'}
[2.698999] (px4_msgs) StdoutLine: {'line': b'-- Up-to-date symlink: /home/carlos/ros2_ws/install/px4_msgs/include/px4_msgs/px4_msgs/msg/detail/launch_detection_status__rosidl_typesupport_fastrtps_cpp.hpp\n'}
[2.699082] (px4_msgs) StdoutLine: {'line': b'-- Up-to-date symlink: /home/carlos/ros2_ws/install/px4_msgs/include/px4_msgs/px4_msgs/msg/detail/led_control__rosidl_typesupport_fastrtps_cpp.hpp\n'}
[2.699165] (px4_msgs) StdoutLine: {'line': b'-- Up-to-date symlink: /home/carlos/ros2_ws/install/px4_msgs/include/px4_msgs/px4_msgs/msg/detail/log_message__rosidl_typesupport_fastrtps_cpp.hpp\n'}
[2.699248] (px4_msgs) StdoutLine: {'line': b'-- Up-to-date symlink: /home/carlos/ros2_ws/install/px4_msgs/include/px4_msgs/px4_msgs/msg/detail/logger_status__rosidl_typesupport_fastrtps_cpp.hpp\n'}
[2.699344] (px4_msgs) StdoutLine: {'line': b'-- Up-to-date symlink: /home/carlos/ros2_ws/install/px4_msgs/include/px4_msgs/px4_msgs/msg/detail/longitudinal_control_configuration__rosidl_typesupport_fastrtps_cpp.hpp\n'}
[2.699438] (px4_msgs) StdoutLine: {'line': b'-- Up-to-date symlink: /home/carlos/ros2_ws/install/px4_msgs/include/px4_msgs/px4_msgs/msg/detail/mag_worker_data__rosidl_typesupport_fastrtps_cpp.hpp\n'}
[2.699520] (px4_msgs) StdoutLine: {'line': b'-- Up-to-date symlink: /home/carlos/ros2_ws/install/px4_msgs/include/px4_msgs/px4_msgs/msg/detail/magnetometer_bias_estimate__rosidl_typesupport_fastrtps_cpp.hpp\n'}
[2.699603] (px4_msgs) StdoutLine: {'line': b'-- Up-to-date symlink: /home/carlos/ros2_ws/install/px4_msgs/include/px4_msgs/px4_msgs/msg/detail/manual_control_setpoint__rosidl_typesupport_fastrtps_cpp.hpp\n'}
[2.699685] (px4_msgs) StdoutLine: {'line': b'-- Up-to-date symlink: /home/carlos/ros2_ws/install/px4_msgs/include/px4_msgs/px4_msgs/msg/detail/manual_control_switches__rosidl_typesupport_fastrtps_cpp.hpp\n'}
[2.699768] (px4_msgs) StdoutLine: {'line': b'-- Up-to-date symlink: /home/carlos/ros2_ws/install/px4_msgs/include/px4_msgs/px4_msgs/msg/detail/mavlink_log__rosidl_typesupport_fastrtps_cpp.hpp\n'}
[2.699853] (px4_msgs) StdoutLine: {'line': b'-- Up-to-date symlink: /home/carlos/ros2_ws/install/px4_msgs/include/px4_msgs/px4_msgs/msg/detail/mavlink_tunnel__rosidl_typesupport_fastrtps_cpp.hpp\n'}
[2.699938] (px4_msgs) StdoutLine: {'line': b'-- Up-to-date symlink: /home/carlos/ros2_ws/install/px4_msgs/include/px4_msgs/px4_msgs/msg/detail/message_format_request__rosidl_typesupport_fastrtps_cpp.hpp\n'}
[2.700023] (px4_msgs) StdoutLine: {'line': b'-- Up-to-date symlink: /home/carlos/ros2_ws/install/px4_msgs/include/px4_msgs/px4_msgs/msg/detail/message_format_response__rosidl_typesupport_fastrtps_cpp.hpp\n'}
[2.700109] (px4_msgs) StdoutLine: {'line': b'-- Up-to-date symlink: /home/carlos/ros2_ws/install/px4_msgs/include/px4_msgs/px4_msgs/msg/detail/mission__rosidl_typesupport_fastrtps_cpp.hpp\n'}
[2.700192] (px4_msgs) StdoutLine: {'line': b'-- Up-to-date symlink: /home/carlos/ros2_ws/install/px4_msgs/include/px4_msgs/px4_msgs/msg/detail/mission_result__rosidl_typesupport_fastrtps_cpp.hpp\n'}
[2.700276] (px4_msgs) StdoutLine: {'line': b'-- Up-to-date symlink: /home/carlos/ros2_ws/install/px4_msgs/include/px4_msgs/px4_msgs/msg/detail/mode_completed__rosidl_typesupport_fastrtps_cpp.hpp\n'}
[2.700356] (px4_msgs) StdoutLine: {'line': b'-- Up-to-date symlink: /home/carlos/ros2_ws/install/px4_msgs/include/px4_msgs/px4_msgs/msg/detail/mount_orientation__rosidl_typesupport_fastrtps_cpp.hpp\n'}
[2.700515] (px4_msgs) StdoutLine: {'line': b'-- Up-to-date symlink: /home/carlos/ros2_ws/install/px4_msgs/include/px4_msgs/px4_msgs/msg/detail/navigator_mission_item__rosidl_typesupport_fastrtps_cpp.hpp\n'}
[2.700609] (px4_msgs) StdoutLine: {'line': b'-- Up-to-date symlink: /home/carlos/ros2_ws/install/px4_msgs/include/px4_msgs/px4_msgs/msg/detail/navigator_status__rosidl_typesupport_fastrtps_cpp.hpp\n'}
[2.700693] (px4_msgs) StdoutLine: {'line': b'-- Up-to-date symlink: /home/carlos/ros2_ws/install/px4_msgs/include/px4_msgs/px4_msgs/msg/detail/neural_control__rosidl_typesupport_fastrtps_cpp.hpp\n'}
[2.700764] (px4_msgs) StdoutLine: {'line': b'-- Up-to-date symlink: /home/carlos/ros2_ws/install/px4_msgs/include/px4_msgs/px4_msgs/msg/detail/normalized_unsigned_setpoint__rosidl_typesupport_fastrtps_cpp.hpp\n'}
[2.700871] (px4_msgs) StdoutLine: {'line': b'-- Up-to-date symlink: /home/carlos/ros2_ws/install/px4_msgs/include/px4_msgs/px4_msgs/msg/detail/obstacle_distance__rosidl_typesupport_fastrtps_cpp.hpp\n'}
[2.700941] (px4_msgs) StdoutLine: {'line': b'-- Up-to-date symlink: /home/carlos/ros2_ws/install/px4_msgs/include/px4_msgs/px4_msgs/msg/detail/offboard_control_mode__rosidl_typesupport_fastrtps_cpp.hpp\n'}
[2.701024] (px4_msgs) StdoutLine: {'line': b'-- Up-to-date symlink: /home/carlos/ros2_ws/install/px4_msgs/include/px4_msgs/px4_msgs/msg/detail/onboard_computer_status__rosidl_typesupport_fastrtps_cpp.hpp\n'}
[2.701084] (px4_msgs) StdoutLine: {'line': b'-- Up-to-date symlink: /home/carlos/ros2_ws/install/px4_msgs/include/px4_msgs/px4_msgs/msg/detail/open_drone_id_arm_status__rosidl_typesupport_fastrtps_cpp.hpp\n'}
[2.701169] (px4_msgs) StdoutLine: {'line': b'-- Up-to-date symlink: /home/carlos/ros2_ws/install/px4_msgs/include/px4_msgs/px4_msgs/msg/detail/open_drone_id_operator_id__rosidl_typesupport_fastrtps_cpp.hpp\n'}
[2.701252] (px4_msgs) StdoutLine: {'line': b'-- Up-to-date symlink: /home/carlos/ros2_ws/install/px4_msgs/include/px4_msgs/px4_msgs/msg/detail/open_drone_id_self_id__rosidl_typesupport_fastrtps_cpp.hpp\n'}
[2.701342] (px4_msgs) StdoutLine: {'line': b'-- Up-to-date symlink: /home/carlos/ros2_ws/install/px4_msgs/include/px4_msgs/px4_msgs/msg/detail/open_drone_id_system__rosidl_typesupport_fastrtps_cpp.hpp\n'}
[2.701433] (px4_msgs) StdoutLine: {'line': b'-- Up-to-date symlink: /home/carlos/ros2_ws/install/px4_msgs/include/px4_msgs/px4_msgs/msg/detail/orb_test__rosidl_typesupport_fastrtps_cpp.hpp\n'}
[2.701579] (px4_msgs) StdoutLine: {'line': b'-- Up-to-date symlink: /home/carlos/ros2_ws/install/px4_msgs/include/px4_msgs/px4_msgs/msg/detail/orb_test_large__rosidl_typesupport_fastrtps_cpp.hpp\n'}
[2.701662] (px4_msgs) StdoutLine: {'line': b'-- Up-to-date symlink: /home/carlos/ros2_ws/install/px4_msgs/include/px4_msgs/px4_msgs/msg/detail/orb_test_medium__rosidl_typesupport_fastrtps_cpp.hpp\n'}
[2.701762] (px4_msgs) StdoutLine: {'line': b'-- Up-to-date symlink: /home/carlos/ros2_ws/install/px4_msgs/include/px4_msgs/px4_msgs/msg/detail/orbit_status__rosidl_typesupport_fastrtps_cpp.hpp\n'}
[2.701864] (px4_msgs) StdoutLine: {'line': b'-- Up-to-date symlink: /home/carlos/ros2_ws/install/px4_msgs/include/px4_msgs/px4_msgs/msg/detail/parameter_reset_request__rosidl_typesupport_fastrtps_cpp.hpp\n'}
[2.701943] (px4_msgs) StdoutLine: {'line': b'-- Up-to-date symlink: /home/carlos/ros2_ws/install/px4_msgs/include/px4_msgs/px4_msgs/msg/detail/parameter_set_used_request__rosidl_typesupport_fastrtps_cpp.hpp\n'}
[2.702005] (px4_msgs) StdoutLine: {'line': b'-- Up-to-date symlink: /home/carlos/ros2_ws/install/px4_msgs/include/px4_msgs/px4_msgs/msg/detail/parameter_set_value_request__rosidl_typesupport_fastrtps_cpp.hpp\n'}
[2.702065] (px4_msgs) StdoutLine: {'line': b'-- Up-to-date symlink: /home/carlos/ros2_ws/install/px4_msgs/include/px4_msgs/px4_msgs/msg/detail/parameter_set_value_response__rosidl_typesupport_fastrtps_cpp.hpp\n'}
[2.702135] (px4_msgs) StdoutLine: {'line': b'-- Up-to-date symlink: /home/carlos/ros2_ws/install/px4_msgs/include/px4_msgs/px4_msgs/msg/detail/parameter_update__rosidl_typesupport_fastrtps_cpp.hpp\n'}
[2.702219] (px4_msgs) StdoutLine: {'line': b'-- Up-to-date symlink: /home/carlos/ros2_ws/install/px4_msgs/include/px4_msgs/px4_msgs/msg/detail/ping__rosidl_typesupport_fastrtps_cpp.hpp\n'}
[2.702303] (px4_msgs) StdoutLine: {'line': b'-- Up-to-date symlink: /home/carlos/ros2_ws/install/px4_msgs/include/px4_msgs/px4_msgs/msg/detail/position_controller_landing_status__rosidl_typesupport_fastrtps_cpp.hpp\n'}
[2.702397] (px4_msgs) StdoutLine: {'line': b'-- Up-to-date symlink: /home/carlos/ros2_ws/install/px4_msgs/include/px4_msgs/px4_msgs/msg/detail/position_controller_status__rosidl_typesupport_fastrtps_cpp.hpp\n'}
[2.702480] (px4_msgs) StdoutLine: {'line': b'-- Up-to-date symlink: /home/carlos/ros2_ws/install/px4_msgs/include/px4_msgs/px4_msgs/msg/detail/position_setpoint__rosidl_typesupport_fastrtps_cpp.hpp\n'}
[2.702558] (px4_msgs) StdoutLine: {'line': b'-- Up-to-date symlink: /home/carlos/ros2_ws/install/px4_msgs/include/px4_msgs/px4_msgs/msg/detail/position_setpoint_triplet__rosidl_typesupport_fastrtps_cpp.hpp\n'}
[2.702641] (px4_msgs) StdoutLine: {'line': b'-- Up-to-date symlink: /home/carlos/ros2_ws/install/px4_msgs/include/px4_msgs/px4_msgs/msg/detail/power_button_state__rosidl_typesupport_fastrtps_cpp.hpp\n'}
[2.702724] (px4_msgs) StdoutLine: {'line': b'-- Up-to-date symlink: /home/carlos/ros2_ws/install/px4_msgs/include/px4_msgs/px4_msgs/msg/detail/power_monitor__rosidl_typesupport_fastrtps_cpp.hpp\n'}
[2.702807] (px4_msgs) StdoutLine: {'line': b'-- Up-to-date symlink: /home/carlos/ros2_ws/install/px4_msgs/include/px4_msgs/px4_msgs/msg/detail/pps_capture__rosidl_typesupport_fastrtps_cpp.hpp\n'}
[2.702889] (px4_msgs) StdoutLine: {'line': b'-- Up-to-date symlink: /home/carlos/ros2_ws/install/px4_msgs/include/px4_msgs/px4_msgs/msg/detail/pure_pursuit_status__rosidl_typesupport_fastrtps_cpp.hpp\n'}
[2.702976] (px4_msgs) StdoutLine: {'line': b'-- Up-to-date symlink: /home/carlos/ros2_ws/install/px4_msgs/include/px4_msgs/px4_msgs/msg/detail/pwm_input__rosidl_typesupport_fastrtps_cpp.hpp\n'}
[2.703060] (px4_msgs) StdoutLine: {'line': b'-- Up-to-date symlink: /home/carlos/ros2_ws/install/px4_msgs/include/px4_msgs/px4_msgs/msg/detail/px4io_status__rosidl_typesupport_fastrtps_cpp.hpp\n'}
[2.703143] (px4_msgs) StdoutLine: {'line': b'-- Up-to-date symlink: /home/carlos/ros2_ws/install/px4_msgs/include/px4_msgs/px4_msgs/msg/detail/qshell_req__rosidl_typesupport_fastrtps_cpp.hpp\n'}
[2.703226] (px4_msgs) StdoutLine: {'line': b'-- Up-to-date symlink: /home/carlos/ros2_ws/install/px4_msgs/include/px4_msgs/px4_msgs/msg/detail/qshell_retval__rosidl_typesupport_fastrtps_cpp.hpp\n'}
[2.703308] (px4_msgs) StdoutLine: {'line': b'-- Up-to-date symlink: /home/carlos/ros2_ws/install/px4_msgs/include/px4_msgs/px4_msgs/msg/detail/radio_status__rosidl_typesupport_fastrtps_cpp.hpp\n'}
[2.703398] (px4_msgs) StdoutLine: {'line': b'-- Up-to-date symlink: /home/carlos/ros2_ws/install/px4_msgs/include/px4_msgs/px4_msgs/msg/detail/rate_ctrl_status__rosidl_typesupport_fastrtps_cpp.hpp\n'}
[2.703481] (px4_msgs) StdoutLine: {'line': b'-- Up-to-date symlink: /home/carlos/ros2_ws/install/px4_msgs/include/px4_msgs/px4_msgs/msg/detail/rc_channels__rosidl_typesupport_fastrtps_cpp.hpp\n'}
[2.703564] (px4_msgs) StdoutLine: {'line': b'-- Up-to-date symlink: /home/carlos/ros2_ws/install/px4_msgs/include/px4_msgs/px4_msgs/msg/detail/rc_parameter_map__rosidl_typesupport_fastrtps_cpp.hpp\n'}
[2.703649] (px4_msgs) StdoutLine: {'line': b'-- Up-to-date symlink: /home/carlos/ros2_ws/install/px4_msgs/include/px4_msgs/px4_msgs/msg/detail/register_ext_component_reply__rosidl_typesupport_fastrtps_cpp.hpp\n'}
[2.703732] (px4_msgs) StdoutLine: {'line': b'-- Up-to-date symlink: /home/carlos/ros2_ws/install/px4_msgs/include/px4_msgs/px4_msgs/msg/detail/register_ext_component_request__rosidl_typesupport_fastrtps_cpp.hpp\n'}
[2.703815] (px4_msgs) StdoutLine: {'line': b'-- Up-to-date symlink: /home/carlos/ros2_ws/install/px4_msgs/include/px4_msgs/px4_msgs/msg/detail/rover_attitude_setpoint__rosidl_typesupport_fastrtps_cpp.hpp\n'}
[2.703897] (px4_msgs) StdoutLine: {'line': b'-- Up-to-date symlink: /home/carlos/ros2_ws/install/px4_msgs/include/px4_msgs/px4_msgs/msg/detail/rover_attitude_status__rosidl_typesupport_fastrtps_cpp.hpp\n'}
[2.703980] (px4_msgs) StdoutLine: {'line': b'-- Up-to-date symlink: /home/carlos/ros2_ws/install/px4_msgs/include/px4_msgs/px4_msgs/msg/detail/rover_position_setpoint__rosidl_typesupport_fastrtps_cpp.hpp\n'}
[2.704063] (px4_msgs) StdoutLine: {'line': b'-- Up-to-date symlink: /home/carlos/ros2_ws/install/px4_msgs/include/px4_msgs/px4_msgs/msg/detail/rover_rate_setpoint__rosidl_typesupport_fastrtps_cpp.hpp\n'}
[2.704145] (px4_msgs) StdoutLine: {'line': b'-- Up-to-date symlink: /home/carlos/ros2_ws/install/px4_msgs/include/px4_msgs/px4_msgs/msg/detail/rover_rate_status__rosidl_typesupport_fastrtps_cpp.hpp\n'}
[2.704228] (px4_msgs) StdoutLine: {'line': b'-- Up-to-date symlink: /home/carlos/ros2_ws/install/px4_msgs/include/px4_msgs/px4_msgs/msg/detail/rover_speed_setpoint__rosidl_typesupport_fastrtps_cpp.hpp\n'}
[2.704314] (px4_msgs) StdoutLine: {'line': b'-- Up-to-date symlink: /home/carlos/ros2_ws/install/px4_msgs/include/px4_msgs/px4_msgs/msg/detail/rover_speed_status__rosidl_typesupport_fastrtps_cpp.hpp\n'}
[2.704400] (px4_msgs) StdoutLine: {'line': b'-- Up-to-date symlink: /home/carlos/ros2_ws/install/px4_msgs/include/px4_msgs/px4_msgs/msg/detail/rover_steering_setpoint__rosidl_typesupport_fastrtps_cpp.hpp\n'}
[2.704483] (px4_msgs) StdoutLine: {'line': b'-- Up-to-date symlink: /home/carlos/ros2_ws/install/px4_msgs/include/px4_msgs/px4_msgs/msg/detail/rover_throttle_setpoint__rosidl_typesupport_fastrtps_cpp.hpp\n'}
[2.704566] (px4_msgs) StdoutLine: {'line': b'-- Up-to-date symlink: /home/carlos/ros2_ws/install/px4_msgs/include/px4_msgs/px4_msgs/msg/detail/rpm__rosidl_typesupport_fastrtps_cpp.hpp\n'}
[2.704656] (px4_msgs) StdoutLine: {'line': b'-- Up-to-date symlink: /home/carlos/ros2_ws/install/px4_msgs/include/px4_msgs/px4_msgs/msg/detail/rtl_status__rosidl_typesupport_fastrtps_cpp.hpp\n'}
[2.704739] (px4_msgs) StdoutLine: {'line': b'-- Up-to-date symlink: /home/carlos/ros2_ws/install/px4_msgs/include/px4_msgs/px4_msgs/msg/detail/rtl_time_estimate__rosidl_typesupport_fastrtps_cpp.hpp\n'}
[2.704822] (px4_msgs) StdoutLine: {'line': b'-- Up-to-date symlink: /home/carlos/ros2_ws/install/px4_msgs/include/px4_msgs/px4_msgs/msg/detail/satellite_info__rosidl_typesupport_fastrtps_cpp.hpp\n'}
[2.704906] (px4_msgs) StdoutLine: {'line': b'-- Up-to-date symlink: /home/carlos/ros2_ws/install/px4_msgs/include/px4_msgs/px4_msgs/msg/detail/sensor_accel__rosidl_typesupport_fastrtps_cpp.hpp\n'}
[2.704995] (px4_msgs) StdoutLine: {'line': b'-- Up-to-date symlink: /home/carlos/ros2_ws/install/px4_msgs/include/px4_msgs/px4_msgs/msg/detail/sensor_accel_fifo__rosidl_typesupport_fastrtps_cpp.hpp\n'}
[2.705077] (px4_msgs) StdoutLine: {'line': b'-- Up-to-date symlink: /home/carlos/ros2_ws/install/px4_msgs/include/px4_msgs/px4_msgs/msg/detail/sensor_airflow__rosidl_typesupport_fastrtps_cpp.hpp\n'}
[2.705159] (px4_msgs) StdoutLine: {'line': b'-- Up-to-date symlink: /home/carlos/ros2_ws/install/px4_msgs/include/px4_msgs/px4_msgs/msg/detail/sensor_baro__rosidl_typesupport_fastrtps_cpp.hpp\n'}
[2.705242] (px4_msgs) StdoutLine: {'line': b'-- Up-to-date symlink: /home/carlos/ros2_ws/install/px4_msgs/include/px4_msgs/px4_msgs/msg/detail/sensor_combined__rosidl_typesupport_fastrtps_cpp.hpp\n'}
[2.705335] (px4_msgs) StdoutLine: {'line': b'-- Up-to-date symlink: /home/carlos/ros2_ws/install/px4_msgs/include/px4_msgs/px4_msgs/msg/detail/sensor_correction__rosidl_typesupport_fastrtps_cpp.hpp\n'}
[2.705417] (px4_msgs) StdoutLine: {'line': b'-- Up-to-date symlink: /home/carlos/ros2_ws/install/px4_msgs/include/px4_msgs/px4_msgs/msg/detail/sensor_gnss_relative__rosidl_typesupport_fastrtps_cpp.hpp\n'}
[2.705504] (px4_msgs) StdoutLine: {'line': b'-- Up-to-date symlink: /home/carlos/ros2_ws/install/px4_msgs/include/px4_msgs/px4_msgs/msg/detail/sensor_gnss_status__rosidl_typesupport_fastrtps_cpp.hpp\n'}
[2.705584] (px4_msgs) StdoutLine: {'line': b'-- Up-to-date symlink: /home/carlos/ros2_ws/install/px4_msgs/include/px4_msgs/px4_msgs/msg/detail/sensor_gps__rosidl_typesupport_fastrtps_cpp.hpp\n'}
[2.705669] (px4_msgs) StdoutLine: {'line': b'-- Up-to-date symlink: /home/carlos/ros2_ws/install/px4_msgs/include/px4_msgs/px4_msgs/msg/detail/sensor_gyro__rosidl_typesupport_fastrtps_cpp.hpp\n'}
[2.705749] (px4_msgs) StdoutLine: {'line': b'-- Up-to-date symlink: /home/carlos/ros2_ws/install/px4_msgs/include/px4_msgs/px4_msgs/msg/detail/sensor_gyro_fft__rosidl_typesupport_fastrtps_cpp.hpp\n'}
[2.705831] (px4_msgs) StdoutLine: {'line': b'-- Up-to-date symlink: /home/carlos/ros2_ws/install/px4_msgs/include/px4_msgs/px4_msgs/msg/detail/sensor_gyro_fifo__rosidl_typesupport_fastrtps_cpp.hpp\n'}
[2.705914] (px4_msgs) StdoutLine: {'line': b'-- Up-to-date symlink: /home/carlos/ros2_ws/install/px4_msgs/include/px4_msgs/px4_msgs/msg/detail/sensor_hygrometer__rosidl_typesupport_fastrtps_cpp.hpp\n'}
[2.705997] (px4_msgs) StdoutLine: {'line': b'-- Up-to-date symlink: /home/carlos/ros2_ws/install/px4_msgs/include/px4_msgs/px4_msgs/msg/detail/sensor_mag__rosidl_typesupport_fastrtps_cpp.hpp\n'}
[2.706080] (px4_msgs) StdoutLine: {'line': b'-- Up-to-date symlink: /home/carlos/ros2_ws/install/px4_msgs/include/px4_msgs/px4_msgs/msg/detail/sensor_optical_flow__rosidl_typesupport_fastrtps_cpp.hpp\n'}
[2.706157] (px4_msgs) StdoutLine: {'line': b'-- Up-to-date symlink: /home/carlos/ros2_ws/install/px4_msgs/include/px4_msgs/px4_msgs/msg/detail/sensor_preflight_mag__rosidl_typesupport_fastrtps_cpp.hpp\n'}
[2.706240] (px4_msgs) StdoutLine: {'line': b'-- Up-to-date symlink: /home/carlos/ros2_ws/install/px4_msgs/include/px4_msgs/px4_msgs/msg/detail/sensor_selection__rosidl_typesupport_fastrtps_cpp.hpp\n'}
[2.706332] (px4_msgs) StdoutLine: {'line': b'-- Up-to-date symlink: /home/carlos/ros2_ws/install/px4_msgs/include/px4_msgs/px4_msgs/msg/detail/sensor_uwb__rosidl_typesupport_fastrtps_cpp.hpp\n'}
[2.706417] (px4_msgs) StdoutLine: {'line': b'-- Up-to-date symlink: /home/carlos/ros2_ws/install/px4_msgs/include/px4_msgs/px4_msgs/msg/detail/sensors_status__rosidl_typesupport_fastrtps_cpp.hpp\n'}
[2.706499] (px4_msgs) StdoutLine: {'line': b'-- Up-to-date symlink: /home/carlos/ros2_ws/install/px4_msgs/include/px4_msgs/px4_msgs/msg/detail/sensors_status_imu__rosidl_typesupport_fastrtps_cpp.hpp\n'}
[2.706582] (px4_msgs) StdoutLine: {'line': b'-- Up-to-date symlink: /home/carlos/ros2_ws/install/px4_msgs/include/px4_msgs/px4_msgs/msg/detail/system_power__rosidl_typesupport_fastrtps_cpp.hpp\n'}
[2.706666] (px4_msgs) StdoutLine: {'line': b'-- Up-to-date symlink: /home/carlos/ros2_ws/install/px4_msgs/include/px4_msgs/px4_msgs/msg/detail/takeoff_status__rosidl_typesupport_fastrtps_cpp.hpp\n'}
[2.706749] (px4_msgs) StdoutLine: {'line': b'-- Up-to-date symlink: /home/carlos/ros2_ws/install/px4_msgs/include/px4_msgs/px4_msgs/msg/detail/task_stack_info__rosidl_typesupport_fastrtps_cpp.hpp\n'}
[2.706832] (px4_msgs) StdoutLine: {'line': b'-- Up-to-date symlink: /home/carlos/ros2_ws/install/px4_msgs/include/px4_msgs/px4_msgs/msg/detail/tecs_status__rosidl_typesupport_fastrtps_cpp.hpp\n'}
[2.706915] (px4_msgs) StdoutLine: {'line': b'-- Up-to-date symlink: /home/carlos/ros2_ws/install/px4_msgs/include/px4_msgs/px4_msgs/msg/detail/telemetry_status__rosidl_typesupport_fastrtps_cpp.hpp\n'}
[2.706999] (px4_msgs) StdoutLine: {'line': b'-- Up-to-date symlink: /home/carlos/ros2_ws/install/px4_msgs/include/px4_msgs/px4_msgs/msg/detail/tiltrotor_extra_controls__rosidl_typesupport_fastrtps_cpp.hpp\n'}
[2.707082] (px4_msgs) StdoutLine: {'line': b'-- Up-to-date symlink: /home/carlos/ros2_ws/install/px4_msgs/include/px4_msgs/px4_msgs/msg/detail/timesync_status__rosidl_typesupport_fastrtps_cpp.hpp\n'}
[2.707165] (px4_msgs) StdoutLine: {'line': b'-- Up-to-date symlink: /home/carlos/ros2_ws/install/px4_msgs/include/px4_msgs/px4_msgs/msg/detail/trajectory_setpoint6dof__rosidl_typesupport_fastrtps_cpp.hpp\n'}
[2.707250] (px4_msgs) StdoutLine: {'line': b'-- Up-to-date symlink: /home/carlos/ros2_ws/install/px4_msgs/include/px4_msgs/px4_msgs/msg/detail/trajectory_setpoint__rosidl_typesupport_fastrtps_cpp.hpp\n'}
[2.707346] (px4_msgs) StdoutLine: {'line': b'-- Up-to-date symlink: /home/carlos/ros2_ws/install/px4_msgs/include/px4_msgs/px4_msgs/msg/detail/transponder_report__rosidl_typesupport_fastrtps_cpp.hpp\n'}
[2.707450] (px4_msgs) StdoutLine: {'line': b'-- Up-to-date symlink: /home/carlos/ros2_ws/install/px4_msgs/include/px4_msgs/px4_msgs/msg/detail/tune_control__rosidl_typesupport_fastrtps_cpp.hpp\n'}
[2.707541] (px4_msgs) StdoutLine: {'line': b'-- Up-to-date symlink: /home/carlos/ros2_ws/install/px4_msgs/include/px4_msgs/px4_msgs/msg/detail/uavcan_parameter_request__rosidl_typesupport_fastrtps_cpp.hpp\n'}
[2.707623] (px4_msgs) StdoutLine: {'line': b'-- Up-to-date symlink: /home/carlos/ros2_ws/install/px4_msgs/include/px4_msgs/px4_msgs/msg/detail/uavcan_parameter_value__rosidl_typesupport_fastrtps_cpp.hpp\n'}
[2.707707] (px4_msgs) StdoutLine: {'line': b'-- Up-to-date symlink: /home/carlos/ros2_ws/install/px4_msgs/include/px4_msgs/px4_msgs/msg/detail/ulog_stream__rosidl_typesupport_fastrtps_cpp.hpp\n'}
[2.707801] (px4_msgs) StdoutLine: {'line': b'-- Up-to-date symlink: /home/carlos/ros2_ws/install/px4_msgs/include/px4_msgs/px4_msgs/msg/detail/ulog_stream_ack__rosidl_typesupport_fastrtps_cpp.hpp\n'}
[2.707883] (px4_msgs) StdoutLine: {'line': b'-- Up-to-date symlink: /home/carlos/ros2_ws/install/px4_msgs/include/px4_msgs/px4_msgs/msg/detail/unregister_ext_component__rosidl_typesupport_fastrtps_cpp.hpp\n'}
[2.707967] (px4_msgs) StdoutLine: {'line': b'-- Up-to-date symlink: /home/carlos/ros2_ws/install/px4_msgs/include/px4_msgs/px4_msgs/msg/detail/vehicle_acceleration__rosidl_typesupport_fastrtps_cpp.hpp\n'}
[2.708050] (px4_msgs) StdoutLine: {'line': b'-- Up-to-date symlink: /home/carlos/ros2_ws/install/px4_msgs/include/px4_msgs/px4_msgs/msg/detail/vehicle_air_data__rosidl_typesupport_fastrtps_cpp.hpp\n'}
[2.708134] (px4_msgs) StdoutLine: {'line': b'-- Up-to-date symlink: /home/carlos/ros2_ws/install/px4_msgs/include/px4_msgs/px4_msgs/msg/detail/vehicle_angular_acceleration_setpoint__rosidl_typesupport_fastrtps_cpp.hpp\n'}
[2.708218] (px4_msgs) StdoutLine: {'line': b'-- Up-to-date symlink: /home/carlos/ros2_ws/install/px4_msgs/include/px4_msgs/px4_msgs/msg/detail/vehicle_angular_velocity__rosidl_typesupport_fastrtps_cpp.hpp\n'}
[2.708267] (-) TimerEvent: {}
[2.708346] (px4_msgs) StdoutLine: {'line': b'-- Up-to-date symlink: /home/carlos/ros2_ws/install/px4_msgs/include/px4_msgs/px4_msgs/msg/detail/vehicle_attitude__rosidl_typesupport_fastrtps_cpp.hpp\n'}
[2.708430] (px4_msgs) StdoutLine: {'line': b'-- Up-to-date symlink: /home/carlos/ros2_ws/install/px4_msgs/include/px4_msgs/px4_msgs/msg/detail/vehicle_attitude_setpoint__rosidl_typesupport_fastrtps_cpp.hpp\n'}
[2.708494] (px4_msgs) StdoutLine: {'line': b'-- Up-to-date symlink: /home/carlos/ros2_ws/install/px4_msgs/include/px4_msgs/px4_msgs/msg/detail/vehicle_command__rosidl_typesupport_fastrtps_cpp.hpp\n'}
[2.708559] (px4_msgs) StdoutLine: {'line': b'-- Up-to-date symlink: /home/carlos/ros2_ws/install/px4_msgs/include/px4_msgs/px4_msgs/msg/detail/vehicle_command_ack__rosidl_typesupport_fastrtps_cpp.hpp\n'}
[2.708644] (px4_msgs) StdoutLine: {'line': b'-- Up-to-date symlink: /home/carlos/ros2_ws/install/px4_msgs/include/px4_msgs/px4_msgs/msg/detail/vehicle_constraints__rosidl_typesupport_fastrtps_cpp.hpp\n'}
[2.708727] (px4_msgs) StdoutLine: {'line': b'-- Up-to-date symlink: /home/carlos/ros2_ws/install/px4_msgs/include/px4_msgs/px4_msgs/msg/detail/vehicle_control_mode__rosidl_typesupport_fastrtps_cpp.hpp\n'}
[2.708811] (px4_msgs) StdoutLine: {'line': b'-- Up-to-date symlink: /home/carlos/ros2_ws/install/px4_msgs/include/px4_msgs/px4_msgs/msg/detail/vehicle_global_position__rosidl_typesupport_fastrtps_cpp.hpp\n'}
[2.708894] (px4_msgs) StdoutLine: {'line': b'-- Up-to-date symlink: /home/carlos/ros2_ws/install/px4_msgs/include/px4_msgs/px4_msgs/msg/detail/vehicle_imu__rosidl_typesupport_fastrtps_cpp.hpp\n'}
[2.708977] (px4_msgs) StdoutLine: {'line': b'-- Up-to-date symlink: /home/carlos/ros2_ws/install/px4_msgs/include/px4_msgs/px4_msgs/msg/detail/vehicle_imu_status__rosidl_typesupport_fastrtps_cpp.hpp\n'}
[2.709059] (px4_msgs) StdoutLine: {'line': b'-- Up-to-date symlink: /home/carlos/ros2_ws/install/px4_msgs/include/px4_msgs/px4_msgs/msg/detail/vehicle_land_detected__rosidl_typesupport_fastrtps_cpp.hpp\n'}
[2.709143] (px4_msgs) StdoutLine: {'line': b'-- Up-to-date symlink: /home/carlos/ros2_ws/install/px4_msgs/include/px4_msgs/px4_msgs/msg/detail/vehicle_local_position__rosidl_typesupport_fastrtps_cpp.hpp\n'}
[2.709226] (px4_msgs) StdoutLine: {'line': b'-- Up-to-date symlink: /home/carlos/ros2_ws/install/px4_msgs/include/px4_msgs/px4_msgs/msg/detail/vehicle_local_position_setpoint__rosidl_typesupport_fastrtps_cpp.hpp\n'}
[2.709310] (px4_msgs) StdoutLine: {'line': b'-- Up-to-date symlink: /home/carlos/ros2_ws/install/px4_msgs/include/px4_msgs/px4_msgs/msg/detail/vehicle_magnetometer__rosidl_typesupport_fastrtps_cpp.hpp\n'}
[2.709408] (px4_msgs) StdoutLine: {'line': b'-- Up-to-date symlink: /home/carlos/ros2_ws/install/px4_msgs/include/px4_msgs/px4_msgs/msg/detail/vehicle_odometry__rosidl_typesupport_fastrtps_cpp.hpp\n'}
[2.709489] (px4_msgs) StdoutLine: {'line': b'-- Up-to-date symlink: /home/carlos/ros2_ws/install/px4_msgs/include/px4_msgs/px4_msgs/msg/detail/vehicle_optical_flow__rosidl_typesupport_fastrtps_cpp.hpp\n'}
[2.709578] (px4_msgs) StdoutLine: {'line': b'-- Up-to-date symlink: /home/carlos/ros2_ws/install/px4_msgs/include/px4_msgs/px4_msgs/msg/detail/vehicle_optical_flow_vel__rosidl_typesupport_fastrtps_cpp.hpp\n'}
[2.709662] (px4_msgs) StdoutLine: {'line': b'-- Up-to-date symlink: /home/carlos/ros2_ws/install/px4_msgs/include/px4_msgs/px4_msgs/msg/detail/vehicle_rates_setpoint__rosidl_typesupport_fastrtps_cpp.hpp\n'}
[2.709753] (px4_msgs) StdoutLine: {'line': b'-- Up-to-date symlink: /home/carlos/ros2_ws/install/px4_msgs/include/px4_msgs/px4_msgs/msg/detail/vehicle_roi__rosidl_typesupport_fastrtps_cpp.hpp\n'}
[2.709840] (px4_msgs) StdoutLine: {'line': b'-- Up-to-date symlink: /home/carlos/ros2_ws/install/px4_msgs/include/px4_msgs/px4_msgs/msg/detail/vehicle_status__rosidl_typesupport_fastrtps_cpp.hpp\n'}
[2.709932] (px4_msgs) StdoutLine: {'line': b'-- Up-to-date symlink: /home/carlos/ros2_ws/install/px4_msgs/include/px4_msgs/px4_msgs/msg/detail/vehicle_thrust_setpoint__rosidl_typesupport_fastrtps_cpp.hpp\n'}
[2.710015] (px4_msgs) StdoutLine: {'line': b'-- Up-to-date symlink: /home/carlos/ros2_ws/install/px4_msgs/include/px4_msgs/px4_msgs/msg/detail/vehicle_torque_setpoint__rosidl_typesupport_fastrtps_cpp.hpp\n'}
[2.710111] (px4_msgs) StdoutLine: {'line': b'-- Up-to-date symlink: /home/carlos/ros2_ws/install/px4_msgs/include/px4_msgs/px4_msgs/msg/detail/velocity_limits__rosidl_typesupport_fastrtps_cpp.hpp\n'}
[2.710194] (px4_msgs) StdoutLine: {'line': b'-- Up-to-date symlink: /home/carlos/ros2_ws/install/px4_msgs/include/px4_msgs/px4_msgs/msg/detail/vtol_vehicle_status__rosidl_typesupport_fastrtps_cpp.hpp\n'}
[2.710277] (px4_msgs) StdoutLine: {'line': b'-- Up-to-date symlink: /home/carlos/ros2_ws/install/px4_msgs/include/px4_msgs/px4_msgs/msg/detail/wheel_encoders__rosidl_typesupport_fastrtps_cpp.hpp\n'}
[2.710388] (px4_msgs) StdoutLine: {'line': b'-- Up-to-date symlink: /home/carlos/ros2_ws/install/px4_msgs/include/px4_msgs/px4_msgs/msg/detail/wind__rosidl_typesupport_fastrtps_cpp.hpp\n'}
[2.710463] (px4_msgs) StdoutLine: {'line': b'-- Up-to-date symlink: /home/carlos/ros2_ws/install/px4_msgs/include/px4_msgs/px4_msgs/msg/detail/yaw_estimator_status__rosidl_typesupport_fastrtps_cpp.hpp\n'}
[2.710542] (px4_msgs) StdoutLine: {'line': b'-- Up-to-date symlink: /home/carlos/ros2_ws/install/px4_msgs/include/px4_msgs/px4_msgs/msg/rosidl_typesupport_fastrtps_cpp__visibility_control.h\n'}
[2.710683] (px4_msgs) StdoutLine: {'line': b'-- Up-to-date symlink: /home/carlos/ros2_ws/install/px4_msgs/include/px4_msgs/px4_msgs/srv/detail/vehicle_command__rosidl_typesupport_fastrtps_cpp.hpp\n'}
[2.713740] (px4_msgs) StdoutLine: {'line': b'-- Up-to-date symlink: /home/carlos/ros2_ws/install/px4_msgs/include/px4_msgs/px4_msgs/msg/detail/action_request__rosidl_typesupport_introspection_c.h\n'}
[2.713988] (px4_msgs) StdoutLine: {'line': b'-- Up-to-date symlink: /home/carlos/ros2_ws/install/px4_msgs/include/px4_msgs/px4_msgs/msg/detail/actuator_armed__rosidl_typesupport_introspection_c.h\n'}
[2.714172] (px4_msgs) StdoutLine: {'line': b'-- Up-to-date symlink: /home/carlos/ros2_ws/install/px4_msgs/include/px4_msgs/px4_msgs/msg/detail/actuator_controls_status__rosidl_typesupport_introspection_c.h\n'}
[2.714287] (px4_msgs) StdoutLine: {'line': b'-- Up-to-date symlink: /home/carlos/ros2_ws/install/px4_msgs/include/px4_msgs/px4_msgs/msg/detail/actuator_motors__rosidl_typesupport_introspection_c.h\n'}
[2.714428] (px4_msgs) StdoutLine: {'line': b'-- Up-to-date symlink: /home/carlos/ros2_ws/install/px4_msgs/include/px4_msgs/px4_msgs/msg/detail/actuator_outputs__rosidl_typesupport_introspection_c.h\n'}
[2.714531] (px4_msgs) StdoutLine: {'line': b'-- Up-to-date symlink: /home/carlos/ros2_ws/install/px4_msgs/include/px4_msgs/px4_msgs/msg/detail/actuator_servos__rosidl_typesupport_introspection_c.h\n'}
[2.714592] (px4_msgs) StdoutLine: {'line': b'-- Up-to-date symlink: /home/carlos/ros2_ws/install/px4_msgs/include/px4_msgs/px4_msgs/msg/detail/actuator_servos_trim__rosidl_typesupport_introspection_c.h\n'}
[2.714721] (px4_msgs) StdoutLine: {'line': b'-- Up-to-date symlink: /home/carlos/ros2_ws/install/px4_msgs/include/px4_msgs/px4_msgs/msg/detail/actuator_test__rosidl_typesupport_introspection_c.h\n'}
[2.714799] (px4_msgs) StdoutLine: {'line': b'-- Up-to-date symlink: /home/carlos/ros2_ws/install/px4_msgs/include/px4_msgs/px4_msgs/msg/detail/adc_report__rosidl_typesupport_introspection_c.h\n'}
[2.714867] (px4_msgs) StdoutLine: {'line': b'-- Up-to-date symlink: /home/carlos/ros2_ws/install/px4_msgs/include/px4_msgs/px4_msgs/msg/detail/airspeed__rosidl_typesupport_introspection_c.h\n'}
[2.714920] (px4_msgs) StdoutLine: {'line': b'-- Up-to-date symlink: /home/carlos/ros2_ws/install/px4_msgs/include/px4_msgs/px4_msgs/msg/detail/airspeed_validated__rosidl_typesupport_introspection_c.h\n'}
[2.714972] (px4_msgs) StdoutLine: {'line': b'-- Up-to-date symlink: /home/carlos/ros2_ws/install/px4_msgs/include/px4_msgs/px4_msgs/msg/detail/airspeed_wind__rosidl_typesupport_introspection_c.h\n'}
[2.715061] (px4_msgs) StdoutLine: {'line': b'-- Up-to-date symlink: /home/carlos/ros2_ws/install/px4_msgs/include/px4_msgs/px4_msgs/msg/detail/arming_check_reply__rosidl_typesupport_introspection_c.h\n'}
[2.715109] (px4_msgs) StdoutLine: {'line': b'-- Up-to-date symlink: /home/carlos/ros2_ws/install/px4_msgs/include/px4_msgs/px4_msgs/msg/detail/arming_check_request__rosidl_typesupport_introspection_c.h\n'}
[2.715170] (px4_msgs) StdoutLine: {'line': b'-- Up-to-date symlink: /home/carlos/ros2_ws/install/px4_msgs/include/px4_msgs/px4_msgs/msg/detail/autotune_attitude_control_status__rosidl_typesupport_introspection_c.h\n'}
[2.715237] (px4_msgs) StdoutLine: {'line': b'-- Up-to-date symlink: /home/carlos/ros2_ws/install/px4_msgs/include/px4_msgs/px4_msgs/msg/detail/battery_info__rosidl_typesupport_introspection_c.h\n'}
[2.715286] (px4_msgs) StdoutLine: {'line': b'-- Up-to-date symlink: /home/carlos/ros2_ws/install/px4_msgs/include/px4_msgs/px4_msgs/msg/detail/battery_status__rosidl_typesupport_introspection_c.h\n'}
[2.715345] (px4_msgs) StdoutLine: {'line': b'-- Up-to-date symlink: /home/carlos/ros2_ws/install/px4_msgs/include/px4_msgs/px4_msgs/msg/detail/button_event__rosidl_typesupport_introspection_c.h\n'}
[2.715402] (px4_msgs) StdoutLine: {'line': b'-- Up-to-date symlink: /home/carlos/ros2_ws/install/px4_msgs/include/px4_msgs/px4_msgs/msg/detail/camera_capture__rosidl_typesupport_introspection_c.h\n'}
[2.715471] (px4_msgs) StdoutLine: {'line': b'-- Up-to-date symlink: /home/carlos/ros2_ws/install/px4_msgs/include/px4_msgs/px4_msgs/msg/detail/camera_status__rosidl_typesupport_introspection_c.h\n'}
[2.715514] (px4_msgs) StdoutLine: {'line': b'-- Up-to-date symlink: /home/carlos/ros2_ws/install/px4_msgs/include/px4_msgs/px4_msgs/msg/detail/camera_trigger__rosidl_typesupport_introspection_c.h\n'}
[2.715569] (px4_msgs) StdoutLine: {'line': b'-- Up-to-date symlink: /home/carlos/ros2_ws/install/px4_msgs/include/px4_msgs/px4_msgs/msg/detail/can_interface_status__rosidl_typesupport_introspection_c.h\n'}
[2.715621] (px4_msgs) StdoutLine: {'line': b'-- Up-to-date symlink: /home/carlos/ros2_ws/install/px4_msgs/include/px4_msgs/px4_msgs/msg/detail/cellular_status__rosidl_typesupport_introspection_c.h\n'}
[2.715688] (px4_msgs) StdoutLine: {'line': b'-- Up-to-date symlink: /home/carlos/ros2_ws/install/px4_msgs/include/px4_msgs/px4_msgs/msg/detail/collision_constraints__rosidl_typesupport_introspection_c.h\n'}
[2.715744] (px4_msgs) StdoutLine: {'line': b'-- Up-to-date symlink: /home/carlos/ros2_ws/install/px4_msgs/include/px4_msgs/px4_msgs/msg/detail/config_overrides__rosidl_typesupport_introspection_c.h\n'}
[2.715801] (px4_msgs) StdoutLine: {'line': b'-- Up-to-date symlink: /home/carlos/ros2_ws/install/px4_msgs/include/px4_msgs/px4_msgs/msg/detail/control_allocator_status__rosidl_typesupport_introspection_c.h\n'}
[2.715868] (px4_msgs) StdoutLine: {'line': b'-- Up-to-date symlink: /home/carlos/ros2_ws/install/px4_msgs/include/px4_msgs/px4_msgs/msg/detail/cpuload__rosidl_typesupport_introspection_c.h\n'}
[2.715953] (px4_msgs) StdoutLine: {'line': b'-- Up-to-date symlink: /home/carlos/ros2_ws/install/px4_msgs/include/px4_msgs/px4_msgs/msg/detail/dataman_request__rosidl_typesupport_introspection_c.h\n'}
[2.716036] (px4_msgs) StdoutLine: {'line': b'-- Up-to-date symlink: /home/carlos/ros2_ws/install/px4_msgs/include/px4_msgs/px4_msgs/msg/detail/dataman_response__rosidl_typesupport_introspection_c.h\n'}
[2.716121] (px4_msgs) StdoutLine: {'line': b'-- Up-to-date symlink: /home/carlos/ros2_ws/install/px4_msgs/include/px4_msgs/px4_msgs/msg/detail/debug_array__rosidl_typesupport_introspection_c.h\n'}
[2.716203] (px4_msgs) StdoutLine: {'line': b'-- Up-to-date symlink: /home/carlos/ros2_ws/install/px4_msgs/include/px4_msgs/px4_msgs/msg/detail/debug_key_value__rosidl_typesupport_introspection_c.h\n'}
[2.716287] (px4_msgs) StdoutLine: {'line': b'-- Up-to-date symlink: /home/carlos/ros2_ws/install/px4_msgs/include/px4_msgs/px4_msgs/msg/detail/debug_value__rosidl_typesupport_introspection_c.h\n'}
[2.716377] (px4_msgs) StdoutLine: {'line': b'-- Up-to-date symlink: /home/carlos/ros2_ws/install/px4_msgs/include/px4_msgs/px4_msgs/msg/detail/debug_vect__rosidl_typesupport_introspection_c.h\n'}
[2.716461] (px4_msgs) StdoutLine: {'line': b'-- Up-to-date symlink: /home/carlos/ros2_ws/install/px4_msgs/include/px4_msgs/px4_msgs/msg/detail/differential_pressure__rosidl_typesupport_introspection_c.h\n'}
[2.716544] (px4_msgs) StdoutLine: {'line': b'-- Up-to-date symlink: /home/carlos/ros2_ws/install/px4_msgs/include/px4_msgs/px4_msgs/msg/detail/distance_sensor__rosidl_typesupport_introspection_c.h\n'}
[2.716629] (px4_msgs) StdoutLine: {'line': b'-- Up-to-date symlink: /home/carlos/ros2_ws/install/px4_msgs/include/px4_msgs/px4_msgs/msg/detail/distance_sensor_mode_change_request__rosidl_typesupport_introspection_c.h\n'}
[2.716713] (px4_msgs) StdoutLine: {'line': b'-- Up-to-date symlink: /home/carlos/ros2_ws/install/px4_msgs/include/px4_msgs/px4_msgs/msg/detail/dronecan_node_status__rosidl_typesupport_introspection_c.h\n'}
[2.716797] (px4_msgs) StdoutLine: {'line': b'-- Up-to-date symlink: /home/carlos/ros2_ws/install/px4_msgs/include/px4_msgs/px4_msgs/msg/detail/ekf2_timestamps__rosidl_typesupport_introspection_c.h\n'}
[2.716881] (px4_msgs) StdoutLine: {'line': b'-- Up-to-date symlink: /home/carlos/ros2_ws/install/px4_msgs/include/px4_msgs/px4_msgs/msg/detail/esc_report__rosidl_typesupport_introspection_c.h\n'}
[2.716968] (px4_msgs) StdoutLine: {'line': b'-- Up-to-date symlink: /home/carlos/ros2_ws/install/px4_msgs/include/px4_msgs/px4_msgs/msg/detail/esc_status__rosidl_typesupport_introspection_c.h\n'}
[2.717051] (px4_msgs) StdoutLine: {'line': b'-- Up-to-date symlink: /home/carlos/ros2_ws/install/px4_msgs/include/px4_msgs/px4_msgs/msg/detail/estimator_aid_source1d__rosidl_typesupport_introspection_c.h\n'}
[2.717135] (px4_msgs) StdoutLine: {'line': b'-- Up-to-date symlink: /home/carlos/ros2_ws/install/px4_msgs/include/px4_msgs/px4_msgs/msg/detail/estimator_aid_source2d__rosidl_typesupport_introspection_c.h\n'}
[2.717219] (px4_msgs) StdoutLine: {'line': b'-- Up-to-date symlink: /home/carlos/ros2_ws/install/px4_msgs/include/px4_msgs/px4_msgs/msg/detail/estimator_aid_source3d__rosidl_typesupport_introspection_c.h\n'}
[2.717303] (px4_msgs) StdoutLine: {'line': b'-- Up-to-date symlink: /home/carlos/ros2_ws/install/px4_msgs/include/px4_msgs/px4_msgs/msg/detail/estimator_bias3d__rosidl_typesupport_introspection_c.h\n'}
[2.717398] (px4_msgs) StdoutLine: {'line': b'-- Up-to-date symlink: /home/carlos/ros2_ws/install/px4_msgs/include/px4_msgs/px4_msgs/msg/detail/estimator_bias__rosidl_typesupport_introspection_c.h\n'}
[2.717483] (px4_msgs) StdoutLine: {'line': b'-- Up-to-date symlink: /home/carlos/ros2_ws/install/px4_msgs/include/px4_msgs/px4_msgs/msg/detail/estimator_event_flags__rosidl_typesupport_introspection_c.h\n'}
[2.717567] (px4_msgs) StdoutLine: {'line': b'-- Up-to-date symlink: /home/carlos/ros2_ws/install/px4_msgs/include/px4_msgs/px4_msgs/msg/detail/estimator_gps_status__rosidl_typesupport_introspection_c.h\n'}
[2.717650] (px4_msgs) StdoutLine: {'line': b'-- Up-to-date symlink: /home/carlos/ros2_ws/install/px4_msgs/include/px4_msgs/px4_msgs/msg/detail/estimator_innovations__rosidl_typesupport_introspection_c.h\n'}
[2.717734] (px4_msgs) StdoutLine: {'line': b'-- Up-to-date symlink: /home/carlos/ros2_ws/install/px4_msgs/include/px4_msgs/px4_msgs/msg/detail/estimator_selector_status__rosidl_typesupport_introspection_c.h\n'}
[2.717818] (px4_msgs) StdoutLine: {'line': b'-- Up-to-date symlink: /home/carlos/ros2_ws/install/px4_msgs/include/px4_msgs/px4_msgs/msg/detail/estimator_sensor_bias__rosidl_typesupport_introspection_c.h\n'}
[2.717901] (px4_msgs) StdoutLine: {'line': b'-- Up-to-date symlink: /home/carlos/ros2_ws/install/px4_msgs/include/px4_msgs/px4_msgs/msg/detail/estimator_states__rosidl_typesupport_introspection_c.h\n'}
[2.717985] (px4_msgs) StdoutLine: {'line': b'-- Up-to-date symlink: /home/carlos/ros2_ws/install/px4_msgs/include/px4_msgs/px4_msgs/msg/detail/estimator_status__rosidl_typesupport_introspection_c.h\n'}
[2.718068] (px4_msgs) StdoutLine: {'line': b'-- Up-to-date symlink: /home/carlos/ros2_ws/install/px4_msgs/include/px4_msgs/px4_msgs/msg/detail/estimator_status_flags__rosidl_typesupport_introspection_c.h\n'}
[2.718158] (px4_msgs) StdoutLine: {'line': b'-- Up-to-date symlink: /home/carlos/ros2_ws/install/px4_msgs/include/px4_msgs/px4_msgs/msg/detail/event__rosidl_typesupport_introspection_c.h\n'}
[2.718242] (px4_msgs) StdoutLine: {'line': b'-- Up-to-date symlink: /home/carlos/ros2_ws/install/px4_msgs/include/px4_msgs/px4_msgs/msg/detail/failsafe_flags__rosidl_typesupport_introspection_c.h\n'}
[2.718366] (px4_msgs) StdoutLine: {'line': b'-- Up-to-date symlink: /home/carlos/ros2_ws/install/px4_msgs/include/px4_msgs/px4_msgs/msg/detail/failure_detector_status__rosidl_typesupport_introspection_c.h\n'}
[2.718468] (px4_msgs) StdoutLine: {'line': b'-- Up-to-date symlink: /home/carlos/ros2_ws/install/px4_msgs/include/px4_msgs/px4_msgs/msg/detail/figure_eight_status__rosidl_typesupport_introspection_c.h\n'}
[2.718553] (px4_msgs) StdoutLine: {'line': b'-- Up-to-date symlink: /home/carlos/ros2_ws/install/px4_msgs/include/px4_msgs/px4_msgs/msg/detail/fixed_wing_lateral_guidance_status__rosidl_typesupport_introspection_c.h\n'}
[2.718637] (px4_msgs) StdoutLine: {'line': b'-- Up-to-date symlink: /home/carlos/ros2_ws/install/px4_msgs/include/px4_msgs/px4_msgs/msg/detail/fixed_wing_lateral_setpoint__rosidl_typesupport_introspection_c.h\n'}
[2.718721] (px4_msgs) StdoutLine: {'line': b'-- Up-to-date symlink: /home/carlos/ros2_ws/install/px4_msgs/include/px4_msgs/px4_msgs/msg/detail/fixed_wing_lateral_status__rosidl_typesupport_introspection_c.h\n'}
[2.718805] (px4_msgs) StdoutLine: {'line': b'-- Up-to-date symlink: /home/carlos/ros2_ws/install/px4_msgs/include/px4_msgs/px4_msgs/msg/detail/fixed_wing_longitudinal_setpoint__rosidl_typesupport_introspection_c.h\n'}
[2.718888] (px4_msgs) StdoutLine: {'line': b'-- Up-to-date symlink: /home/carlos/ros2_ws/install/px4_msgs/include/px4_msgs/px4_msgs/msg/detail/fixed_wing_runway_control__rosidl_typesupport_introspection_c.h\n'}
[2.718971] (px4_msgs) StdoutLine: {'line': b'-- Up-to-date symlink: /home/carlos/ros2_ws/install/px4_msgs/include/px4_msgs/px4_msgs/msg/detail/flight_phase_estimation__rosidl_typesupport_introspection_c.h\n'}
[2.719057] (px4_msgs) StdoutLine: {'line': b'-- Up-to-date symlink: /home/carlos/ros2_ws/install/px4_msgs/include/px4_msgs/px4_msgs/msg/detail/follow_target__rosidl_typesupport_introspection_c.h\n'}
[2.719140] (px4_msgs) StdoutLine: {'line': b'-- Up-to-date symlink: /home/carlos/ros2_ws/install/px4_msgs/include/px4_msgs/px4_msgs/msg/detail/follow_target_estimator__rosidl_typesupport_introspection_c.h\n'}
[2.719224] (px4_msgs) StdoutLine: {'line': b'-- Up-to-date symlink: /home/carlos/ros2_ws/install/px4_msgs/include/px4_msgs/px4_msgs/msg/detail/follow_target_status__rosidl_typesupport_introspection_c.h\n'}
[2.719307] (px4_msgs) StdoutLine: {'line': b'-- Up-to-date symlink: /home/carlos/ros2_ws/install/px4_msgs/include/px4_msgs/px4_msgs/msg/detail/fuel_tank_status__rosidl_typesupport_introspection_c.h\n'}
[2.719397] (px4_msgs) StdoutLine: {'line': b'-- Up-to-date symlink: /home/carlos/ros2_ws/install/px4_msgs/include/px4_msgs/px4_msgs/msg/detail/generator_status__rosidl_typesupport_introspection_c.h\n'}
[2.719481] (px4_msgs) StdoutLine: {'line': b'-- Up-to-date symlink: /home/carlos/ros2_ws/install/px4_msgs/include/px4_msgs/px4_msgs/msg/detail/geofence_result__rosidl_typesupport_introspection_c.h\n'}
[2.719565] (px4_msgs) StdoutLine: {'line': b'-- Up-to-date symlink: /home/carlos/ros2_ws/install/px4_msgs/include/px4_msgs/px4_msgs/msg/detail/geofence_status__rosidl_typesupport_introspection_c.h\n'}
[2.719649] (px4_msgs) StdoutLine: {'line': b'-- Up-to-date symlink: /home/carlos/ros2_ws/install/px4_msgs/include/px4_msgs/px4_msgs/msg/detail/gimbal_controls__rosidl_typesupport_introspection_c.h\n'}
[2.719734] (px4_msgs) StdoutLine: {'line': b'-- Up-to-date symlink: /home/carlos/ros2_ws/install/px4_msgs/include/px4_msgs/px4_msgs/msg/detail/gimbal_device_attitude_status__rosidl_typesupport_introspection_c.h\n'}
[2.719818] (px4_msgs) StdoutLine: {'line': b'-- Up-to-date symlink: /home/carlos/ros2_ws/install/px4_msgs/include/px4_msgs/px4_msgs/msg/detail/gimbal_device_information__rosidl_typesupport_introspection_c.h\n'}
[2.719902] (px4_msgs) StdoutLine: {'line': b'-- Up-to-date symlink: /home/carlos/ros2_ws/install/px4_msgs/include/px4_msgs/px4_msgs/msg/detail/gimbal_device_set_attitude__rosidl_typesupport_introspection_c.h\n'}
[2.719985] (px4_msgs) StdoutLine: {'line': b'-- Up-to-date symlink: /home/carlos/ros2_ws/install/px4_msgs/include/px4_msgs/px4_msgs/msg/detail/gimbal_manager_information__rosidl_typesupport_introspection_c.h\n'}
[2.720069] (px4_msgs) StdoutLine: {'line': b'-- Up-to-date symlink: /home/carlos/ros2_ws/install/px4_msgs/include/px4_msgs/px4_msgs/msg/detail/gimbal_manager_set_attitude__rosidl_typesupport_introspection_c.h\n'}
[2.720154] (px4_msgs) StdoutLine: {'line': b'-- Up-to-date symlink: /home/carlos/ros2_ws/install/px4_msgs/include/px4_msgs/px4_msgs/msg/detail/gimbal_manager_set_manual_control__rosidl_typesupport_introspection_c.h\n'}
[2.720244] (px4_msgs) StdoutLine: {'line': b'-- Up-to-date symlink: /home/carlos/ros2_ws/install/px4_msgs/include/px4_msgs/px4_msgs/msg/detail/gimbal_manager_status__rosidl_typesupport_introspection_c.h\n'}
[2.720341] (px4_msgs) StdoutLine: {'line': b'-- Up-to-date symlink: /home/carlos/ros2_ws/install/px4_msgs/include/px4_msgs/px4_msgs/msg/detail/goto_setpoint__rosidl_typesupport_introspection_c.h\n'}
[2.720429] (px4_msgs) StdoutLine: {'line': b'-- Up-to-date symlink: /home/carlos/ros2_ws/install/px4_msgs/include/px4_msgs/px4_msgs/msg/detail/gpio_config__rosidl_typesupport_introspection_c.h\n'}
[2.720512] (px4_msgs) StdoutLine: {'line': b'-- Up-to-date symlink: /home/carlos/ros2_ws/install/px4_msgs/include/px4_msgs/px4_msgs/msg/detail/gpio_in__rosidl_typesupport_introspection_c.h\n'}
[2.720596] (px4_msgs) StdoutLine: {'line': b'-- Up-to-date symlink: /home/carlos/ros2_ws/install/px4_msgs/include/px4_msgs/px4_msgs/msg/detail/gpio_out__rosidl_typesupport_introspection_c.h\n'}
[2.720679] (px4_msgs) StdoutLine: {'line': b'-- Up-to-date symlink: /home/carlos/ros2_ws/install/px4_msgs/include/px4_msgs/px4_msgs/msg/detail/gpio_request__rosidl_typesupport_introspection_c.h\n'}
[2.720762] (px4_msgs) StdoutLine: {'line': b'-- Up-to-date symlink: /home/carlos/ros2_ws/install/px4_msgs/include/px4_msgs/px4_msgs/msg/detail/gps_dump__rosidl_typesupport_introspection_c.h\n'}
[2.720846] (px4_msgs) StdoutLine: {'line': b'-- Up-to-date symlink: /home/carlos/ros2_ws/install/px4_msgs/include/px4_msgs/px4_msgs/msg/detail/gps_inject_data__rosidl_typesupport_introspection_c.h\n'}
[2.720929] (px4_msgs) StdoutLine: {'line': b'-- Up-to-date symlink: /home/carlos/ros2_ws/install/px4_msgs/include/px4_msgs/px4_msgs/msg/detail/gripper__rosidl_typesupport_introspection_c.h\n'}
[2.721018] (px4_msgs) StdoutLine: {'line': b'-- Up-to-date symlink: /home/carlos/ros2_ws/install/px4_msgs/include/px4_msgs/px4_msgs/msg/detail/health_report__rosidl_typesupport_introspection_c.h\n'}
[2.721102] (px4_msgs) StdoutLine: {'line': b'-- Up-to-date symlink: /home/carlos/ros2_ws/install/px4_msgs/include/px4_msgs/px4_msgs/msg/detail/heater_status__rosidl_typesupport_introspection_c.h\n'}
[2.721185] (px4_msgs) StdoutLine: {'line': b'-- Up-to-date symlink: /home/carlos/ros2_ws/install/px4_msgs/include/px4_msgs/px4_msgs/msg/detail/home_position__rosidl_typesupport_introspection_c.h\n'}
[2.721272] (px4_msgs) StdoutLine: {'line': b'-- Up-to-date symlink: /home/carlos/ros2_ws/install/px4_msgs/include/px4_msgs/px4_msgs/msg/detail/hover_thrust_estimate__rosidl_typesupport_introspection_c.h\n'}
[2.721392] (px4_msgs) StdoutLine: {'line': b'-- Up-to-date symlink: /home/carlos/ros2_ws/install/px4_msgs/include/px4_msgs/px4_msgs/msg/detail/input_rc__rosidl_typesupport_introspection_c.h\n'}
[2.721509] (px4_msgs) StdoutLine: {'line': b'-- Up-to-date symlink: /home/carlos/ros2_ws/install/px4_msgs/include/px4_msgs/px4_msgs/msg/detail/internal_combustion_engine_control__rosidl_typesupport_introspection_c.h\n'}
[2.721596] (px4_msgs) StdoutLine: {'line': b'-- Up-to-date symlink: /home/carlos/ros2_ws/install/px4_msgs/include/px4_msgs/px4_msgs/msg/detail/internal_combustion_engine_status__rosidl_typesupport_introspection_c.h\n'}
[2.721686] (px4_msgs) StdoutLine: {'line': b'-- Up-to-date symlink: /home/carlos/ros2_ws/install/px4_msgs/include/px4_msgs/px4_msgs/msg/detail/iridiumsbd_status__rosidl_typesupport_introspection_c.h\n'}
[2.721796] (px4_msgs) StdoutLine: {'line': b'-- Up-to-date symlink: /home/carlos/ros2_ws/install/px4_msgs/include/px4_msgs/px4_msgs/msg/detail/irlock_report__rosidl_typesupport_introspection_c.h\n'}
[2.721906] (px4_msgs) StdoutLine: {'line': b'-- Up-to-date symlink: /home/carlos/ros2_ws/install/px4_msgs/include/px4_msgs/px4_msgs/msg/detail/landing_gear__rosidl_typesupport_introspection_c.h\n'}
[2.721998] (px4_msgs) StdoutLine: {'line': b'-- Up-to-date symlink: /home/carlos/ros2_ws/install/px4_msgs/include/px4_msgs/px4_msgs/msg/detail/landing_gear_wheel__rosidl_typesupport_introspection_c.h\n'}
[2.722108] (px4_msgs) StdoutLine: {'line': b'-- Up-to-date symlink: /home/carlos/ros2_ws/install/px4_msgs/include/px4_msgs/px4_msgs/msg/detail/landing_target_innovations__rosidl_typesupport_introspection_c.h\n'}
[2.722197] (px4_msgs) StdoutLine: {'line': b'-- Up-to-date symlink: /home/carlos/ros2_ws/install/px4_msgs/include/px4_msgs/px4_msgs/msg/detail/landing_target_pose__rosidl_typesupport_introspection_c.h\n'}
[2.722329] (px4_msgs) StdoutLine: {'line': b'-- Up-to-date symlink: /home/carlos/ros2_ws/install/px4_msgs/include/px4_msgs/px4_msgs/msg/detail/lateral_control_configuration__rosidl_typesupport_introspection_c.h\n'}
[2.722456] (px4_msgs) StdoutLine: {'line': b'-- Up-to-date symlink: /home/carlos/ros2_ws/install/px4_msgs/include/px4_msgs/px4_msgs/msg/detail/launch_detection_status__rosidl_typesupport_introspection_c.h\n'}
[2.722582] (px4_msgs) StdoutLine: {'line': b'-- Up-to-date symlink: /home/carlos/ros2_ws/install/px4_msgs/include/px4_msgs/px4_msgs/msg/detail/led_control__rosidl_typesupport_introspection_c.h\n'}
[2.722699] (px4_msgs) StdoutLine: {'line': b'-- Up-to-date symlink: /home/carlos/ros2_ws/install/px4_msgs/include/px4_msgs/px4_msgs/msg/detail/log_message__rosidl_typesupport_introspection_c.h\n'}
[2.722834] (px4_msgs) StdoutLine: {'line': b'-- Up-to-date symlink: /home/carlos/ros2_ws/install/px4_msgs/include/px4_msgs/px4_msgs/msg/detail/logger_status__rosidl_typesupport_introspection_c.h\n'}
[2.722900] (px4_msgs) StdoutLine: {'line': b'-- Up-to-date symlink: /home/carlos/ros2_ws/install/px4_msgs/include/px4_msgs/px4_msgs/msg/detail/longitudinal_control_configuration__rosidl_typesupport_introspection_c.h\n'}
[2.722948] (px4_msgs) StdoutLine: {'line': b'-- Up-to-date symlink: /home/carlos/ros2_ws/install/px4_msgs/include/px4_msgs/px4_msgs/msg/detail/mag_worker_data__rosidl_typesupport_introspection_c.h\n'}
[2.722990] (px4_msgs) StdoutLine: {'line': b'-- Up-to-date symlink: /home/carlos/ros2_ws/install/px4_msgs/include/px4_msgs/px4_msgs/msg/detail/magnetometer_bias_estimate__rosidl_typesupport_introspection_c.h\n'}
[2.723035] (px4_msgs) StdoutLine: {'line': b'-- Up-to-date symlink: /home/carlos/ros2_ws/install/px4_msgs/include/px4_msgs/px4_msgs/msg/detail/manual_control_setpoint__rosidl_typesupport_introspection_c.h\n'}
[2.723097] (px4_msgs) StdoutLine: {'line': b'-- Up-to-date symlink: /home/carlos/ros2_ws/install/px4_msgs/include/px4_msgs/px4_msgs/msg/detail/manual_control_switches__rosidl_typesupport_introspection_c.h\n'}
[2.723148] (px4_msgs) StdoutLine: {'line': b'-- Up-to-date symlink: /home/carlos/ros2_ws/install/px4_msgs/include/px4_msgs/px4_msgs/msg/detail/mavlink_log__rosidl_typesupport_introspection_c.h\n'}
[2.723194] (px4_msgs) StdoutLine: {'line': b'-- Up-to-date symlink: /home/carlos/ros2_ws/install/px4_msgs/include/px4_msgs/px4_msgs/msg/detail/mavlink_tunnel__rosidl_typesupport_introspection_c.h\n'}
[2.723248] (px4_msgs) StdoutLine: {'line': b'-- Up-to-date symlink: /home/carlos/ros2_ws/install/px4_msgs/include/px4_msgs/px4_msgs/msg/detail/message_format_request__rosidl_typesupport_introspection_c.h\n'}
[2.723295] (px4_msgs) StdoutLine: {'line': b'-- Up-to-date symlink: /home/carlos/ros2_ws/install/px4_msgs/include/px4_msgs/px4_msgs/msg/detail/message_format_response__rosidl_typesupport_introspection_c.h\n'}
[2.723362] (px4_msgs) StdoutLine: {'line': b'-- Up-to-date symlink: /home/carlos/ros2_ws/install/px4_msgs/include/px4_msgs/px4_msgs/msg/detail/mission__rosidl_typesupport_introspection_c.h\n'}
[2.723421] (px4_msgs) StdoutLine: {'line': b'-- Up-to-date symlink: /home/carlos/ros2_ws/install/px4_msgs/include/px4_msgs/px4_msgs/msg/detail/mission_result__rosidl_typesupport_introspection_c.h\n'}
[2.723486] (px4_msgs) StdoutLine: {'line': b'-- Up-to-date symlink: /home/carlos/ros2_ws/install/px4_msgs/include/px4_msgs/px4_msgs/msg/detail/mode_completed__rosidl_typesupport_introspection_c.h\n'}
[2.723569] (px4_msgs) StdoutLine: {'line': b'-- Up-to-date symlink: /home/carlos/ros2_ws/install/px4_msgs/include/px4_msgs/px4_msgs/msg/detail/mount_orientation__rosidl_typesupport_introspection_c.h\n'}
[2.723657] (px4_msgs) StdoutLine: {'line': b'-- Up-to-date symlink: /home/carlos/ros2_ws/install/px4_msgs/include/px4_msgs/px4_msgs/msg/detail/navigator_mission_item__rosidl_typesupport_introspection_c.h\n'}
[2.723742] (px4_msgs) StdoutLine: {'line': b'-- Up-to-date symlink: /home/carlos/ros2_ws/install/px4_msgs/include/px4_msgs/px4_msgs/msg/detail/navigator_status__rosidl_typesupport_introspection_c.h\n'}
[2.723825] (px4_msgs) StdoutLine: {'line': b'-- Up-to-date symlink: /home/carlos/ros2_ws/install/px4_msgs/include/px4_msgs/px4_msgs/msg/detail/neural_control__rosidl_typesupport_introspection_c.h\n'}
[2.723908] (px4_msgs) StdoutLine: {'line': b'-- Up-to-date symlink: /home/carlos/ros2_ws/install/px4_msgs/include/px4_msgs/px4_msgs/msg/detail/normalized_unsigned_setpoint__rosidl_typesupport_introspection_c.h\n'}
[2.723992] (px4_msgs) StdoutLine: {'line': b'-- Up-to-date symlink: /home/carlos/ros2_ws/install/px4_msgs/include/px4_msgs/px4_msgs/msg/detail/obstacle_distance__rosidl_typesupport_introspection_c.h\n'}
[2.724075] (px4_msgs) StdoutLine: {'line': b'-- Up-to-date symlink: /home/carlos/ros2_ws/install/px4_msgs/include/px4_msgs/px4_msgs/msg/detail/offboard_control_mode__rosidl_typesupport_introspection_c.h\n'}
[2.724160] (px4_msgs) StdoutLine: {'line': b'-- Up-to-date symlink: /home/carlos/ros2_ws/install/px4_msgs/include/px4_msgs/px4_msgs/msg/detail/onboard_computer_status__rosidl_typesupport_introspection_c.h\n'}
[2.724243] (px4_msgs) StdoutLine: {'line': b'-- Up-to-date symlink: /home/carlos/ros2_ws/install/px4_msgs/include/px4_msgs/px4_msgs/msg/detail/open_drone_id_arm_status__rosidl_typesupport_introspection_c.h\n'}
[2.724329] (px4_msgs) StdoutLine: {'line': b'-- Up-to-date symlink: /home/carlos/ros2_ws/install/px4_msgs/include/px4_msgs/px4_msgs/msg/detail/open_drone_id_operator_id__rosidl_typesupport_introspection_c.h\n'}
[2.724417] (px4_msgs) StdoutLine: {'line': b'-- Up-to-date symlink: /home/carlos/ros2_ws/install/px4_msgs/include/px4_msgs/px4_msgs/msg/detail/open_drone_id_self_id__rosidl_typesupport_introspection_c.h\n'}
[2.724500] (px4_msgs) StdoutLine: {'line': b'-- Up-to-date symlink: /home/carlos/ros2_ws/install/px4_msgs/include/px4_msgs/px4_msgs/msg/detail/open_drone_id_system__rosidl_typesupport_introspection_c.h\n'}
[2.724583] (px4_msgs) StdoutLine: {'line': b'-- Up-to-date symlink: /home/carlos/ros2_ws/install/px4_msgs/include/px4_msgs/px4_msgs/msg/detail/orb_test__rosidl_typesupport_introspection_c.h\n'}
[2.724666] (px4_msgs) StdoutLine: {'line': b'-- Up-to-date symlink: /home/carlos/ros2_ws/install/px4_msgs/include/px4_msgs/px4_msgs/msg/detail/orb_test_large__rosidl_typesupport_introspection_c.h\n'}
[2.724749] (px4_msgs) StdoutLine: {'line': b'-- Up-to-date symlink: /home/carlos/ros2_ws/install/px4_msgs/include/px4_msgs/px4_msgs/msg/detail/orb_test_medium__rosidl_typesupport_introspection_c.h\n'}
[2.724832] (px4_msgs) StdoutLine: {'line': b'-- Up-to-date symlink: /home/carlos/ros2_ws/install/px4_msgs/include/px4_msgs/px4_msgs/msg/detail/orbit_status__rosidl_typesupport_introspection_c.h\n'}
[2.724915] (px4_msgs) StdoutLine: {'line': b'-- Up-to-date symlink: /home/carlos/ros2_ws/install/px4_msgs/include/px4_msgs/px4_msgs/msg/detail/parameter_reset_request__rosidl_typesupport_introspection_c.h\n'}
[2.724998] (px4_msgs) StdoutLine: {'line': b'-- Up-to-date symlink: /home/carlos/ros2_ws/install/px4_msgs/include/px4_msgs/px4_msgs/msg/detail/parameter_set_used_request__rosidl_typesupport_introspection_c.h\n'}
[2.725081] (px4_msgs) StdoutLine: {'line': b'-- Up-to-date symlink: /home/carlos/ros2_ws/install/px4_msgs/include/px4_msgs/px4_msgs/msg/detail/parameter_set_value_request__rosidl_typesupport_introspection_c.h\n'}
[2.725163] (px4_msgs) StdoutLine: {'line': b'-- Up-to-date symlink: /home/carlos/ros2_ws/install/px4_msgs/include/px4_msgs/px4_msgs/msg/detail/parameter_set_value_response__rosidl_typesupport_introspection_c.h\n'}
[2.725246] (px4_msgs) StdoutLine: {'line': b'-- Up-to-date symlink: /home/carlos/ros2_ws/install/px4_msgs/include/px4_msgs/px4_msgs/msg/detail/parameter_update__rosidl_typesupport_introspection_c.h\n'}
[2.725338] (px4_msgs) StdoutLine: {'line': b'-- Up-to-date symlink: /home/carlos/ros2_ws/install/px4_msgs/include/px4_msgs/px4_msgs/msg/detail/ping__rosidl_typesupport_introspection_c.h\n'}
[2.725426] (px4_msgs) StdoutLine: {'line': b'-- Up-to-date symlink: /home/carlos/ros2_ws/install/px4_msgs/include/px4_msgs/px4_msgs/msg/detail/position_controller_landing_status__rosidl_typesupport_introspection_c.h\n'}
[2.725509] (px4_msgs) StdoutLine: {'line': b'-- Up-to-date symlink: /home/carlos/ros2_ws/install/px4_msgs/include/px4_msgs/px4_msgs/msg/detail/position_controller_status__rosidl_typesupport_introspection_c.h\n'}
[2.725591] (px4_msgs) StdoutLine: {'line': b'-- Up-to-date symlink: /home/carlos/ros2_ws/install/px4_msgs/include/px4_msgs/px4_msgs/msg/detail/position_setpoint__rosidl_typesupport_introspection_c.h\n'}
[2.725674] (px4_msgs) StdoutLine: {'line': b'-- Up-to-date symlink: /home/carlos/ros2_ws/install/px4_msgs/include/px4_msgs/px4_msgs/msg/detail/position_setpoint_triplet__rosidl_typesupport_introspection_c.h\n'}
[2.725756] (px4_msgs) StdoutLine: {'line': b'-- Up-to-date symlink: /home/carlos/ros2_ws/install/px4_msgs/include/px4_msgs/px4_msgs/msg/detail/power_button_state__rosidl_typesupport_introspection_c.h\n'}
[2.725839] (px4_msgs) StdoutLine: {'line': b'-- Up-to-date symlink: /home/carlos/ros2_ws/install/px4_msgs/include/px4_msgs/px4_msgs/msg/detail/power_monitor__rosidl_typesupport_introspection_c.h\n'}
[2.725921] (px4_msgs) StdoutLine: {'line': b'-- Up-to-date symlink: /home/carlos/ros2_ws/install/px4_msgs/include/px4_msgs/px4_msgs/msg/detail/pps_capture__rosidl_typesupport_introspection_c.h\n'}
[2.726004] (px4_msgs) StdoutLine: {'line': b'-- Up-to-date symlink: /home/carlos/ros2_ws/install/px4_msgs/include/px4_msgs/px4_msgs/msg/detail/pure_pursuit_status__rosidl_typesupport_introspection_c.h\n'}
[2.726087] (px4_msgs) StdoutLine: {'line': b'-- Up-to-date symlink: /home/carlos/ros2_ws/install/px4_msgs/include/px4_msgs/px4_msgs/msg/detail/pwm_input__rosidl_typesupport_introspection_c.h\n'}
[2.726175] (px4_msgs) StdoutLine: {'line': b'-- Up-to-date symlink: /home/carlos/ros2_ws/install/px4_msgs/include/px4_msgs/px4_msgs/msg/detail/px4io_status__rosidl_typesupport_introspection_c.h\n'}
[2.726260] (px4_msgs) StdoutLine: {'line': b'-- Up-to-date symlink: /home/carlos/ros2_ws/install/px4_msgs/include/px4_msgs/px4_msgs/msg/detail/qshell_req__rosidl_typesupport_introspection_c.h\n'}
[2.726352] (px4_msgs) StdoutLine: {'line': b'-- Up-to-date symlink: /home/carlos/ros2_ws/install/px4_msgs/include/px4_msgs/px4_msgs/msg/detail/qshell_retval__rosidl_typesupport_introspection_c.h\n'}
[2.726438] (px4_msgs) StdoutLine: {'line': b'-- Up-to-date symlink: /home/carlos/ros2_ws/install/px4_msgs/include/px4_msgs/px4_msgs/msg/detail/radio_status__rosidl_typesupport_introspection_c.h\n'}
[2.726516] (px4_msgs) StdoutLine: {'line': b'-- Up-to-date symlink: /home/carlos/ros2_ws/install/px4_msgs/include/px4_msgs/px4_msgs/msg/detail/rate_ctrl_status__rosidl_typesupport_introspection_c.h\n'}
[2.726598] (px4_msgs) StdoutLine: {'line': b'-- Up-to-date symlink: /home/carlos/ros2_ws/install/px4_msgs/include/px4_msgs/px4_msgs/msg/detail/rc_channels__rosidl_typesupport_introspection_c.h\n'}
[2.726681] (px4_msgs) StdoutLine: {'line': b'-- Up-to-date symlink: /home/carlos/ros2_ws/install/px4_msgs/include/px4_msgs/px4_msgs/msg/detail/rc_parameter_map__rosidl_typesupport_introspection_c.h\n'}
[2.726763] (px4_msgs) StdoutLine: {'line': b'-- Up-to-date symlink: /home/carlos/ros2_ws/install/px4_msgs/include/px4_msgs/px4_msgs/msg/detail/register_ext_component_reply__rosidl_typesupport_introspection_c.h\n'}
[2.726847] (px4_msgs) StdoutLine: {'line': b'-- Up-to-date symlink: /home/carlos/ros2_ws/install/px4_msgs/include/px4_msgs/px4_msgs/msg/detail/register_ext_component_request__rosidl_typesupport_introspection_c.h\n'}
[2.726929] (px4_msgs) StdoutLine: {'line': b'-- Up-to-date symlink: /home/carlos/ros2_ws/install/px4_msgs/include/px4_msgs/px4_msgs/msg/detail/rover_attitude_setpoint__rosidl_typesupport_introspection_c.h\n'}
[2.727023] (px4_msgs) StdoutLine: {'line': b'-- Up-to-date symlink: /home/carlos/ros2_ws/install/px4_msgs/include/px4_msgs/px4_msgs/msg/detail/rover_attitude_status__rosidl_typesupport_introspection_c.h\n'}
[2.727096] (px4_msgs) StdoutLine: {'line': b'-- Up-to-date symlink: /home/carlos/ros2_ws/install/px4_msgs/include/px4_msgs/px4_msgs/msg/detail/rover_position_setpoint__rosidl_typesupport_introspection_c.h\n'}
[2.727177] (px4_msgs) StdoutLine: {'line': b'-- Up-to-date symlink: /home/carlos/ros2_ws/install/px4_msgs/include/px4_msgs/px4_msgs/msg/detail/rover_rate_setpoint__rosidl_typesupport_introspection_c.h\n'}
[2.727261] (px4_msgs) StdoutLine: {'line': b'-- Up-to-date symlink: /home/carlos/ros2_ws/install/px4_msgs/include/px4_msgs/px4_msgs/msg/detail/rover_rate_status__rosidl_typesupport_introspection_c.h\n'}
[2.727348] (px4_msgs) StdoutLine: {'line': b'-- Up-to-date symlink: /home/carlos/ros2_ws/install/px4_msgs/include/px4_msgs/px4_msgs/msg/detail/rover_speed_setpoint__rosidl_typesupport_introspection_c.h\n'}
[2.727432] (px4_msgs) StdoutLine: {'line': b'-- Up-to-date symlink: /home/carlos/ros2_ws/install/px4_msgs/include/px4_msgs/px4_msgs/msg/detail/rover_speed_status__rosidl_typesupport_introspection_c.h\n'}
[2.727515] (px4_msgs) StdoutLine: {'line': b'-- Up-to-date symlink: /home/carlos/ros2_ws/install/px4_msgs/include/px4_msgs/px4_msgs/msg/detail/rover_steering_setpoint__rosidl_typesupport_introspection_c.h\n'}
[2.727603] (px4_msgs) StdoutLine: {'line': b'-- Up-to-date symlink: /home/carlos/ros2_ws/install/px4_msgs/include/px4_msgs/px4_msgs/msg/detail/rover_throttle_setpoint__rosidl_typesupport_introspection_c.h\n'}
[2.727686] (px4_msgs) StdoutLine: {'line': b'-- Up-to-date symlink: /home/carlos/ros2_ws/install/px4_msgs/include/px4_msgs/px4_msgs/msg/detail/rpm__rosidl_typesupport_introspection_c.h\n'}
[2.727771] (px4_msgs) StdoutLine: {'line': b'-- Up-to-date symlink: /home/carlos/ros2_ws/install/px4_msgs/include/px4_msgs/px4_msgs/msg/detail/rtl_status__rosidl_typesupport_introspection_c.h\n'}
[2.727856] (px4_msgs) StdoutLine: {'line': b'-- Up-to-date symlink: /home/carlos/ros2_ws/install/px4_msgs/include/px4_msgs/px4_msgs/msg/detail/rtl_time_estimate__rosidl_typesupport_introspection_c.h\n'}
[2.727941] (px4_msgs) StdoutLine: {'line': b'-- Up-to-date symlink: /home/carlos/ros2_ws/install/px4_msgs/include/px4_msgs/px4_msgs/msg/detail/satellite_info__rosidl_typesupport_introspection_c.h\n'}
[2.728026] (px4_msgs) StdoutLine: {'line': b'-- Up-to-date symlink: /home/carlos/ros2_ws/install/px4_msgs/include/px4_msgs/px4_msgs/msg/detail/sensor_accel__rosidl_typesupport_introspection_c.h\n'}
[2.728106] (px4_msgs) StdoutLine: {'line': b'-- Up-to-date symlink: /home/carlos/ros2_ws/install/px4_msgs/include/px4_msgs/px4_msgs/msg/detail/sensor_accel_fifo__rosidl_typesupport_introspection_c.h\n'}
[2.728190] (px4_msgs) StdoutLine: {'line': b'-- Up-to-date symlink: /home/carlos/ros2_ws/install/px4_msgs/include/px4_msgs/px4_msgs/msg/detail/sensor_airflow__rosidl_typesupport_introspection_c.h\n'}
[2.728271] (px4_msgs) StdoutLine: {'line': b'-- Up-to-date symlink: /home/carlos/ros2_ws/install/px4_msgs/include/px4_msgs/px4_msgs/msg/detail/sensor_baro__rosidl_typesupport_introspection_c.h\n'}
[2.728362] (px4_msgs) StdoutLine: {'line': b'-- Up-to-date symlink: /home/carlos/ros2_ws/install/px4_msgs/include/px4_msgs/px4_msgs/msg/detail/sensor_combined__rosidl_typesupport_introspection_c.h\n'}
[2.728451] (px4_msgs) StdoutLine: {'line': b'-- Up-to-date symlink: /home/carlos/ros2_ws/install/px4_msgs/include/px4_msgs/px4_msgs/msg/detail/sensor_correction__rosidl_typesupport_introspection_c.h\n'}
[2.728533] (px4_msgs) StdoutLine: {'line': b'-- Up-to-date symlink: /home/carlos/ros2_ws/install/px4_msgs/include/px4_msgs/px4_msgs/msg/detail/sensor_gnss_relative__rosidl_typesupport_introspection_c.h\n'}
[2.728616] (px4_msgs) StdoutLine: {'line': b'-- Up-to-date symlink: /home/carlos/ros2_ws/install/px4_msgs/include/px4_msgs/px4_msgs/msg/detail/sensor_gnss_status__rosidl_typesupport_introspection_c.h\n'}
[2.728699] (px4_msgs) StdoutLine: {'line': b'-- Up-to-date symlink: /home/carlos/ros2_ws/install/px4_msgs/include/px4_msgs/px4_msgs/msg/detail/sensor_gps__rosidl_typesupport_introspection_c.h\n'}
[2.728782] (px4_msgs) StdoutLine: {'line': b'-- Up-to-date symlink: /home/carlos/ros2_ws/install/px4_msgs/include/px4_msgs/px4_msgs/msg/detail/sensor_gyro__rosidl_typesupport_introspection_c.h\n'}
[2.728869] (px4_msgs) StdoutLine: {'line': b'-- Up-to-date symlink: /home/carlos/ros2_ws/install/px4_msgs/include/px4_msgs/px4_msgs/msg/detail/sensor_gyro_fft__rosidl_typesupport_introspection_c.h\n'}
[2.728950] (px4_msgs) StdoutLine: {'line': b'-- Up-to-date symlink: /home/carlos/ros2_ws/install/px4_msgs/include/px4_msgs/px4_msgs/msg/detail/sensor_gyro_fifo__rosidl_typesupport_introspection_c.h\n'}
[2.729034] (px4_msgs) StdoutLine: {'line': b'-- Up-to-date symlink: /home/carlos/ros2_ws/install/px4_msgs/include/px4_msgs/px4_msgs/msg/detail/sensor_hygrometer__rosidl_typesupport_introspection_c.h\n'}
[2.729116] (px4_msgs) StdoutLine: {'line': b'-- Up-to-date symlink: /home/carlos/ros2_ws/install/px4_msgs/include/px4_msgs/px4_msgs/msg/detail/sensor_mag__rosidl_typesupport_introspection_c.h\n'}
[2.729199] (px4_msgs) StdoutLine: {'line': b'-- Up-to-date symlink: /home/carlos/ros2_ws/install/px4_msgs/include/px4_msgs/px4_msgs/msg/detail/sensor_optical_flow__rosidl_typesupport_introspection_c.h\n'}
[2.729282] (px4_msgs) StdoutLine: {'line': b'-- Up-to-date symlink: /home/carlos/ros2_ws/install/px4_msgs/include/px4_msgs/px4_msgs/msg/detail/sensor_preflight_mag__rosidl_typesupport_introspection_c.h\n'}
[2.729381] (px4_msgs) StdoutLine: {'line': b'-- Up-to-date symlink: /home/carlos/ros2_ws/install/px4_msgs/include/px4_msgs/px4_msgs/msg/detail/sensor_selection__rosidl_typesupport_introspection_c.h\n'}
[2.729465] (px4_msgs) StdoutLine: {'line': b'-- Up-to-date symlink: /home/carlos/ros2_ws/install/px4_msgs/include/px4_msgs/px4_msgs/msg/detail/sensor_uwb__rosidl_typesupport_introspection_c.h\n'}
[2.729548] (px4_msgs) StdoutLine: {'line': b'-- Up-to-date symlink: /home/carlos/ros2_ws/install/px4_msgs/include/px4_msgs/px4_msgs/msg/detail/sensors_status__rosidl_typesupport_introspection_c.h\n'}
[2.729631] (px4_msgs) StdoutLine: {'line': b'-- Up-to-date symlink: /home/carlos/ros2_ws/install/px4_msgs/include/px4_msgs/px4_msgs/msg/detail/sensors_status_imu__rosidl_typesupport_introspection_c.h\n'}
[2.729714] (px4_msgs) StdoutLine: {'line': b'-- Up-to-date symlink: /home/carlos/ros2_ws/install/px4_msgs/include/px4_msgs/px4_msgs/msg/detail/system_power__rosidl_typesupport_introspection_c.h\n'}
[2.729797] (px4_msgs) StdoutLine: {'line': b'-- Up-to-date symlink: /home/carlos/ros2_ws/install/px4_msgs/include/px4_msgs/px4_msgs/msg/detail/takeoff_status__rosidl_typesupport_introspection_c.h\n'}
[2.729880] (px4_msgs) StdoutLine: {'line': b'-- Up-to-date symlink: /home/carlos/ros2_ws/install/px4_msgs/include/px4_msgs/px4_msgs/msg/detail/task_stack_info__rosidl_typesupport_introspection_c.h\n'}
[2.729962] (px4_msgs) StdoutLine: {'line': b'-- Up-to-date symlink: /home/carlos/ros2_ws/install/px4_msgs/include/px4_msgs/px4_msgs/msg/detail/tecs_status__rosidl_typesupport_introspection_c.h\n'}
[2.730050] (px4_msgs) StdoutLine: {'line': b'-- Up-to-date symlink: /home/carlos/ros2_ws/install/px4_msgs/include/px4_msgs/px4_msgs/msg/detail/telemetry_status__rosidl_typesupport_introspection_c.h\n'}
[2.730135] (px4_msgs) StdoutLine: {'line': b'-- Up-to-date symlink: /home/carlos/ros2_ws/install/px4_msgs/include/px4_msgs/px4_msgs/msg/detail/tiltrotor_extra_controls__rosidl_typesupport_introspection_c.h\n'}
[2.730218] (px4_msgs) StdoutLine: {'line': b'-- Up-to-date symlink: /home/carlos/ros2_ws/install/px4_msgs/include/px4_msgs/px4_msgs/msg/detail/timesync_status__rosidl_typesupport_introspection_c.h\n'}
[2.730301] (px4_msgs) StdoutLine: {'line': b'-- Up-to-date symlink: /home/carlos/ros2_ws/install/px4_msgs/include/px4_msgs/px4_msgs/msg/detail/trajectory_setpoint6dof__rosidl_typesupport_introspection_c.h\n'}
[2.730395] (px4_msgs) StdoutLine: {'line': b'-- Up-to-date symlink: /home/carlos/ros2_ws/install/px4_msgs/include/px4_msgs/px4_msgs/msg/detail/trajectory_setpoint__rosidl_typesupport_introspection_c.h\n'}
[2.730477] (px4_msgs) StdoutLine: {'line': b'-- Up-to-date symlink: /home/carlos/ros2_ws/install/px4_msgs/include/px4_msgs/px4_msgs/msg/detail/transponder_report__rosidl_typesupport_introspection_c.h\n'}
[2.730559] (px4_msgs) StdoutLine: {'line': b'-- Up-to-date symlink: /home/carlos/ros2_ws/install/px4_msgs/include/px4_msgs/px4_msgs/msg/detail/tune_control__rosidl_typesupport_introspection_c.h\n'}
[2.730642] (px4_msgs) StdoutLine: {'line': b'-- Up-to-date symlink: /home/carlos/ros2_ws/install/px4_msgs/include/px4_msgs/px4_msgs/msg/detail/uavcan_parameter_request__rosidl_typesupport_introspection_c.h\n'}
[2.730724] (px4_msgs) StdoutLine: {'line': b'-- Up-to-date symlink: /home/carlos/ros2_ws/install/px4_msgs/include/px4_msgs/px4_msgs/msg/detail/uavcan_parameter_value__rosidl_typesupport_introspection_c.h\n'}
[2.730808] (px4_msgs) StdoutLine: {'line': b'-- Up-to-date symlink: /home/carlos/ros2_ws/install/px4_msgs/include/px4_msgs/px4_msgs/msg/detail/ulog_stream__rosidl_typesupport_introspection_c.h\n'}
[2.730890] (px4_msgs) StdoutLine: {'line': b'-- Up-to-date symlink: /home/carlos/ros2_ws/install/px4_msgs/include/px4_msgs/px4_msgs/msg/detail/ulog_stream_ack__rosidl_typesupport_introspection_c.h\n'}
[2.730973] (px4_msgs) StdoutLine: {'line': b'-- Up-to-date symlink: /home/carlos/ros2_ws/install/px4_msgs/include/px4_msgs/px4_msgs/msg/detail/unregister_ext_component__rosidl_typesupport_introspection_c.h\n'}
[2.731055] (px4_msgs) StdoutLine: {'line': b'-- Up-to-date symlink: /home/carlos/ros2_ws/install/px4_msgs/include/px4_msgs/px4_msgs/msg/detail/vehicle_acceleration__rosidl_typesupport_introspection_c.h\n'}
[2.731138] (px4_msgs) StdoutLine: {'line': b'-- Up-to-date symlink: /home/carlos/ros2_ws/install/px4_msgs/include/px4_msgs/px4_msgs/msg/detail/vehicle_air_data__rosidl_typesupport_introspection_c.h\n'}
[2.731222] (px4_msgs) StdoutLine: {'line': b'-- Up-to-date symlink: /home/carlos/ros2_ws/install/px4_msgs/include/px4_msgs/px4_msgs/msg/detail/vehicle_angular_acceleration_setpoint__rosidl_typesupport_introspection_c.h\n'}
[2.731305] (px4_msgs) StdoutLine: {'line': b'-- Up-to-date symlink: /home/carlos/ros2_ws/install/px4_msgs/include/px4_msgs/px4_msgs/msg/detail/vehicle_angular_velocity__rosidl_typesupport_introspection_c.h\n'}
[2.731390] (px4_msgs) StdoutLine: {'line': b'-- Up-to-date symlink: /home/carlos/ros2_ws/install/px4_msgs/include/px4_msgs/px4_msgs/msg/detail/vehicle_attitude__rosidl_typesupport_introspection_c.h\n'}
[2.731480] (px4_msgs) StdoutLine: {'line': b'-- Up-to-date symlink: /home/carlos/ros2_ws/install/px4_msgs/include/px4_msgs/px4_msgs/msg/detail/vehicle_attitude_setpoint__rosidl_typesupport_introspection_c.h\n'}
[2.731563] (px4_msgs) StdoutLine: {'line': b'-- Up-to-date symlink: /home/carlos/ros2_ws/install/px4_msgs/include/px4_msgs/px4_msgs/msg/detail/vehicle_command__rosidl_typesupport_introspection_c.h\n'}
[2.731646] (px4_msgs) StdoutLine: {'line': b'-- Up-to-date symlink: /home/carlos/ros2_ws/install/px4_msgs/include/px4_msgs/px4_msgs/msg/detail/vehicle_command_ack__rosidl_typesupport_introspection_c.h\n'}
[2.731729] (px4_msgs) StdoutLine: {'line': b'-- Up-to-date symlink: /home/carlos/ros2_ws/install/px4_msgs/include/px4_msgs/px4_msgs/msg/detail/vehicle_constraints__rosidl_typesupport_introspection_c.h\n'}
[2.731812] (px4_msgs) StdoutLine: {'line': b'-- Up-to-date symlink: /home/carlos/ros2_ws/install/px4_msgs/include/px4_msgs/px4_msgs/msg/detail/vehicle_control_mode__rosidl_typesupport_introspection_c.h\n'}
[2.731895] (px4_msgs) StdoutLine: {'line': b'-- Up-to-date symlink: /home/carlos/ros2_ws/install/px4_msgs/include/px4_msgs/px4_msgs/msg/detail/vehicle_global_position__rosidl_typesupport_introspection_c.h\n'}
[2.731978] (px4_msgs) StdoutLine: {'line': b'-- Up-to-date symlink: /home/carlos/ros2_ws/install/px4_msgs/include/px4_msgs/px4_msgs/msg/detail/vehicle_imu__rosidl_typesupport_introspection_c.h\n'}
[2.732061] (px4_msgs) StdoutLine: {'line': b'-- Up-to-date symlink: /home/carlos/ros2_ws/install/px4_msgs/include/px4_msgs/px4_msgs/msg/detail/vehicle_imu_status__rosidl_typesupport_introspection_c.h\n'}
[2.732144] (px4_msgs) StdoutLine: {'line': b'-- Up-to-date symlink: /home/carlos/ros2_ws/install/px4_msgs/include/px4_msgs/px4_msgs/msg/detail/vehicle_land_detected__rosidl_typesupport_introspection_c.h\n'}
[2.732226] (px4_msgs) StdoutLine: {'line': b'-- Up-to-date symlink: /home/carlos/ros2_ws/install/px4_msgs/include/px4_msgs/px4_msgs/msg/detail/vehicle_local_position__rosidl_typesupport_introspection_c.h\n'}
[2.732310] (px4_msgs) StdoutLine: {'line': b'-- Up-to-date symlink: /home/carlos/ros2_ws/install/px4_msgs/include/px4_msgs/px4_msgs/msg/detail/vehicle_local_position_setpoint__rosidl_typesupport_introspection_c.h\n'}
[2.732401] (px4_msgs) StdoutLine: {'line': b'-- Up-to-date symlink: /home/carlos/ros2_ws/install/px4_msgs/include/px4_msgs/px4_msgs/msg/detail/vehicle_magnetometer__rosidl_typesupport_introspection_c.h\n'}
[2.732484] (px4_msgs) StdoutLine: {'line': b'-- Up-to-date symlink: /home/carlos/ros2_ws/install/px4_msgs/include/px4_msgs/px4_msgs/msg/detail/vehicle_odometry__rosidl_typesupport_introspection_c.h\n'}
[2.732571] (px4_msgs) StdoutLine: {'line': b'-- Up-to-date symlink: /home/carlos/ros2_ws/install/px4_msgs/include/px4_msgs/px4_msgs/msg/detail/vehicle_optical_flow__rosidl_typesupport_introspection_c.h\n'}
[2.732654] (px4_msgs) StdoutLine: {'line': b'-- Up-to-date symlink: /home/carlos/ros2_ws/install/px4_msgs/include/px4_msgs/px4_msgs/msg/detail/vehicle_optical_flow_vel__rosidl_typesupport_introspection_c.h\n'}
[2.732746] (px4_msgs) StdoutLine: {'line': b'-- Up-to-date symlink: /home/carlos/ros2_ws/install/px4_msgs/include/px4_msgs/px4_msgs/msg/detail/vehicle_rates_setpoint__rosidl_typesupport_introspection_c.h\n'}
[2.732829] (px4_msgs) StdoutLine: {'line': b'-- Up-to-date symlink: /home/carlos/ros2_ws/install/px4_msgs/include/px4_msgs/px4_msgs/msg/detail/vehicle_roi__rosidl_typesupport_introspection_c.h\n'}
[2.732919] (px4_msgs) StdoutLine: {'line': b'-- Up-to-date symlink: /home/carlos/ros2_ws/install/px4_msgs/include/px4_msgs/px4_msgs/msg/detail/vehicle_status__rosidl_typesupport_introspection_c.h\n'}
[2.733011] (px4_msgs) StdoutLine: {'line': b'-- Up-to-date symlink: /home/carlos/ros2_ws/install/px4_msgs/include/px4_msgs/px4_msgs/msg/detail/vehicle_thrust_setpoint__rosidl_typesupport_introspection_c.h\n'}
[2.733094] (px4_msgs) StdoutLine: {'line': b'-- Up-to-date symlink: /home/carlos/ros2_ws/install/px4_msgs/include/px4_msgs/px4_msgs/msg/detail/vehicle_torque_setpoint__rosidl_typesupport_introspection_c.h\n'}
[2.733183] (px4_msgs) StdoutLine: {'line': b'-- Up-to-date symlink: /home/carlos/ros2_ws/install/px4_msgs/include/px4_msgs/px4_msgs/msg/detail/velocity_limits__rosidl_typesupport_introspection_c.h\n'}
[2.733268] (px4_msgs) StdoutLine: {'line': b'-- Up-to-date symlink: /home/carlos/ros2_ws/install/px4_msgs/include/px4_msgs/px4_msgs/msg/detail/vtol_vehicle_status__rosidl_typesupport_introspection_c.h\n'}
[2.733370] (px4_msgs) StdoutLine: {'line': b'-- Up-to-date symlink: /home/carlos/ros2_ws/install/px4_msgs/include/px4_msgs/px4_msgs/msg/detail/wheel_encoders__rosidl_typesupport_introspection_c.h\n'}
[2.733463] (px4_msgs) StdoutLine: {'line': b'-- Up-to-date symlink: /home/carlos/ros2_ws/install/px4_msgs/include/px4_msgs/px4_msgs/msg/detail/wind__rosidl_typesupport_introspection_c.h\n'}
[2.733550] (px4_msgs) StdoutLine: {'line': b'-- Up-to-date symlink: /home/carlos/ros2_ws/install/px4_msgs/include/px4_msgs/px4_msgs/msg/detail/yaw_estimator_status__rosidl_typesupport_introspection_c.h\n'}
[2.733629] (px4_msgs) StdoutLine: {'line': b'-- Up-to-date symlink: /home/carlos/ros2_ws/install/px4_msgs/include/px4_msgs/px4_msgs/msg/rosidl_typesupport_introspection_c__visibility_control.h\n'}
[2.733724] (px4_msgs) StdoutLine: {'line': b'-- Up-to-date symlink: /home/carlos/ros2_ws/install/px4_msgs/include/px4_msgs/px4_msgs/srv/detail/vehicle_command__rosidl_typesupport_introspection_c.h\n'}
[2.736779] (px4_msgs) StdoutLine: {'line': b'-- Up-to-date symlink: /home/carlos/ros2_ws/install/px4_msgs/include/px4_msgs/px4_msgs/msg/detail/action_request__rosidl_typesupport_introspection_cpp.hpp\n'}
[2.736972] (px4_msgs) StdoutLine: {'line': b'-- Up-to-date symlink: /home/carlos/ros2_ws/install/px4_msgs/include/px4_msgs/px4_msgs/msg/detail/actuator_armed__rosidl_typesupport_introspection_cpp.hpp\n'}
[2.737132] (px4_msgs) StdoutLine: {'line': b'-- Up-to-date symlink: /home/carlos/ros2_ws/install/px4_msgs/include/px4_msgs/px4_msgs/msg/detail/actuator_controls_status__rosidl_typesupport_introspection_cpp.hpp\n'}
[2.737262] (px4_msgs) StdoutLine: {'line': b'-- Up-to-date symlink: /home/carlos/ros2_ws/install/px4_msgs/include/px4_msgs/px4_msgs/msg/detail/actuator_motors__rosidl_typesupport_introspection_cpp.hpp\n'}
[2.737420] (px4_msgs) StdoutLine: {'line': b'-- Up-to-date symlink: /home/carlos/ros2_ws/install/px4_msgs/include/px4_msgs/px4_msgs/msg/detail/actuator_outputs__rosidl_typesupport_introspection_cpp.hpp\n'}
[2.737531] (px4_msgs) StdoutLine: {'line': b'-- Up-to-date symlink: /home/carlos/ros2_ws/install/px4_msgs/include/px4_msgs/px4_msgs/msg/detail/actuator_servos__rosidl_typesupport_introspection_cpp.hpp\n'}
[2.737647] (px4_msgs) StdoutLine: {'line': b'-- Up-to-date symlink: /home/carlos/ros2_ws/install/px4_msgs/include/px4_msgs/px4_msgs/msg/detail/actuator_servos_trim__rosidl_typesupport_introspection_cpp.hpp\n'}
[2.737749] (px4_msgs) StdoutLine: {'line': b'-- Up-to-date symlink: /home/carlos/ros2_ws/install/px4_msgs/include/px4_msgs/px4_msgs/msg/detail/actuator_test__rosidl_typesupport_introspection_cpp.hpp\n'}
[2.737852] (px4_msgs) StdoutLine: {'line': b'-- Up-to-date symlink: /home/carlos/ros2_ws/install/px4_msgs/include/px4_msgs/px4_msgs/msg/detail/adc_report__rosidl_typesupport_introspection_cpp.hpp\n'}
[2.738001] (px4_msgs) StdoutLine: {'line': b'-- Up-to-date symlink: /home/carlos/ros2_ws/install/px4_msgs/include/px4_msgs/px4_msgs/msg/detail/airspeed__rosidl_typesupport_introspection_cpp.hpp\n'}
[2.738128] (px4_msgs) StdoutLine: {'line': b'-- Up-to-date symlink: /home/carlos/ros2_ws/install/px4_msgs/include/px4_msgs/px4_msgs/msg/detail/airspeed_validated__rosidl_typesupport_introspection_cpp.hpp\n'}
[2.738234] (px4_msgs) StdoutLine: {'line': b'-- Up-to-date symlink: /home/carlos/ros2_ws/install/px4_msgs/include/px4_msgs/px4_msgs/msg/detail/airspeed_wind__rosidl_typesupport_introspection_cpp.hpp\n'}
[2.738351] (px4_msgs) StdoutLine: {'line': b'-- Up-to-date symlink: /home/carlos/ros2_ws/install/px4_msgs/include/px4_msgs/px4_msgs/msg/detail/arming_check_reply__rosidl_typesupport_introspection_cpp.hpp\n'}
[2.738457] (px4_msgs) StdoutLine: {'line': b'-- Up-to-date symlink: /home/carlos/ros2_ws/install/px4_msgs/include/px4_msgs/px4_msgs/msg/detail/arming_check_request__rosidl_typesupport_introspection_cpp.hpp\n'}
[2.738502] (px4_msgs) StdoutLine: {'line': b'-- Up-to-date symlink: /home/carlos/ros2_ws/install/px4_msgs/include/px4_msgs/px4_msgs/msg/detail/autotune_attitude_control_status__rosidl_typesupport_introspection_cpp.hpp\n'}
[2.738575] (px4_msgs) StdoutLine: {'line': b'-- Up-to-date symlink: /home/carlos/ros2_ws/install/px4_msgs/include/px4_msgs/px4_msgs/msg/detail/battery_info__rosidl_typesupport_introspection_cpp.hpp\n'}
[2.738633] (px4_msgs) StdoutLine: {'line': b'-- Up-to-date symlink: /home/carlos/ros2_ws/install/px4_msgs/include/px4_msgs/px4_msgs/msg/detail/battery_status__rosidl_typesupport_introspection_cpp.hpp\n'}
[2.738675] (px4_msgs) StdoutLine: {'line': b'-- Up-to-date symlink: /home/carlos/ros2_ws/install/px4_msgs/include/px4_msgs/px4_msgs/msg/detail/button_event__rosidl_typesupport_introspection_cpp.hpp\n'}
[2.738720] (px4_msgs) StdoutLine: {'line': b'-- Up-to-date symlink: /home/carlos/ros2_ws/install/px4_msgs/include/px4_msgs/px4_msgs/msg/detail/camera_capture__rosidl_typesupport_introspection_cpp.hpp\n'}
[2.738762] (px4_msgs) StdoutLine: {'line': b'-- Up-to-date symlink: /home/carlos/ros2_ws/install/px4_msgs/include/px4_msgs/px4_msgs/msg/detail/camera_status__rosidl_typesupport_introspection_cpp.hpp\n'}
[2.738808] (px4_msgs) StdoutLine: {'line': b'-- Up-to-date symlink: /home/carlos/ros2_ws/install/px4_msgs/include/px4_msgs/px4_msgs/msg/detail/camera_trigger__rosidl_typesupport_introspection_cpp.hpp\n'}
[2.738849] (px4_msgs) StdoutLine: {'line': b'-- Up-to-date symlink: /home/carlos/ros2_ws/install/px4_msgs/include/px4_msgs/px4_msgs/msg/detail/can_interface_status__rosidl_typesupport_introspection_cpp.hpp\n'}
[2.738893] (px4_msgs) StdoutLine: {'line': b'-- Up-to-date symlink: /home/carlos/ros2_ws/install/px4_msgs/include/px4_msgs/px4_msgs/msg/detail/cellular_status__rosidl_typesupport_introspection_cpp.hpp\n'}
[2.738950] (px4_msgs) StdoutLine: {'line': b'-- Up-to-date symlink: /home/carlos/ros2_ws/install/px4_msgs/include/px4_msgs/px4_msgs/msg/detail/collision_constraints__rosidl_typesupport_introspection_cpp.hpp\n'}
[2.738999] (px4_msgs) StdoutLine: {'line': b'-- Up-to-date symlink: /home/carlos/ros2_ws/install/px4_msgs/include/px4_msgs/px4_msgs/msg/detail/config_overrides__rosidl_typesupport_introspection_cpp.hpp\n'}
[2.739044] (px4_msgs) StdoutLine: {'line': b'-- Up-to-date symlink: /home/carlos/ros2_ws/install/px4_msgs/include/px4_msgs/px4_msgs/msg/detail/control_allocator_status__rosidl_typesupport_introspection_cpp.hpp\n'}
[2.739104] (px4_msgs) StdoutLine: {'line': b'-- Up-to-date symlink: /home/carlos/ros2_ws/install/px4_msgs/include/px4_msgs/px4_msgs/msg/detail/cpuload__rosidl_typesupport_introspection_cpp.hpp\n'}
[2.739148] (px4_msgs) StdoutLine: {'line': b'-- Up-to-date symlink: /home/carlos/ros2_ws/install/px4_msgs/include/px4_msgs/px4_msgs/msg/detail/dataman_request__rosidl_typesupport_introspection_cpp.hpp\n'}
[2.739191] (px4_msgs) StdoutLine: {'line': b'-- Up-to-date symlink: /home/carlos/ros2_ws/install/px4_msgs/include/px4_msgs/px4_msgs/msg/detail/dataman_response__rosidl_typesupport_introspection_cpp.hpp\n'}
[2.739251] (px4_msgs) StdoutLine: {'line': b'-- Up-to-date symlink: /home/carlos/ros2_ws/install/px4_msgs/include/px4_msgs/px4_msgs/msg/detail/debug_array__rosidl_typesupport_introspection_cpp.hpp\n'}
[2.739297] (px4_msgs) StdoutLine: {'line': b'-- Up-to-date symlink: /home/carlos/ros2_ws/install/px4_msgs/include/px4_msgs/px4_msgs/msg/detail/debug_key_value__rosidl_typesupport_introspection_cpp.hpp\n'}
[2.739363] (px4_msgs) StdoutLine: {'line': b'-- Up-to-date symlink: /home/carlos/ros2_ws/install/px4_msgs/include/px4_msgs/px4_msgs/msg/detail/debug_value__rosidl_typesupport_introspection_cpp.hpp\n'}
[2.739430] (px4_msgs) StdoutLine: {'line': b'-- Up-to-date symlink: /home/carlos/ros2_ws/install/px4_msgs/include/px4_msgs/px4_msgs/msg/detail/debug_vect__rosidl_typesupport_introspection_cpp.hpp\n'}
[2.739513] (px4_msgs) StdoutLine: {'line': b'-- Up-to-date symlink: /home/carlos/ros2_ws/install/px4_msgs/include/px4_msgs/px4_msgs/msg/detail/differential_pressure__rosidl_typesupport_introspection_cpp.hpp\n'}
[2.739601] (px4_msgs) StdoutLine: {'line': b'-- Up-to-date symlink: /home/carlos/ros2_ws/install/px4_msgs/include/px4_msgs/px4_msgs/msg/detail/distance_sensor__rosidl_typesupport_introspection_cpp.hpp\n'}
[2.739714] (px4_msgs) StdoutLine: {'line': b'-- Up-to-date symlink: /home/carlos/ros2_ws/install/px4_msgs/include/px4_msgs/px4_msgs/msg/detail/distance_sensor_mode_change_request__rosidl_typesupport_introspection_cpp.hpp\n'}
[2.739799] (px4_msgs) StdoutLine: {'line': b'-- Up-to-date symlink: /home/carlos/ros2_ws/install/px4_msgs/include/px4_msgs/px4_msgs/msg/detail/dronecan_node_status__rosidl_typesupport_introspection_cpp.hpp\n'}
[2.739861] (px4_msgs) StdoutLine: {'line': b'-- Up-to-date symlink: /home/carlos/ros2_ws/install/px4_msgs/include/px4_msgs/px4_msgs/msg/detail/ekf2_timestamps__rosidl_typesupport_introspection_cpp.hpp\n'}
[2.739943] (px4_msgs) StdoutLine: {'line': b'-- Up-to-date symlink: /home/carlos/ros2_ws/install/px4_msgs/include/px4_msgs/px4_msgs/msg/detail/esc_report__rosidl_typesupport_introspection_cpp.hpp\n'}
[2.740026] (px4_msgs) StdoutLine: {'line': b'-- Up-to-date symlink: /home/carlos/ros2_ws/install/px4_msgs/include/px4_msgs/px4_msgs/msg/detail/esc_status__rosidl_typesupport_introspection_cpp.hpp\n'}
[2.740109] (px4_msgs) StdoutLine: {'line': b'-- Up-to-date symlink: /home/carlos/ros2_ws/install/px4_msgs/include/px4_msgs/px4_msgs/msg/detail/estimator_aid_source1d__rosidl_typesupport_introspection_cpp.hpp\n'}
[2.740193] (px4_msgs) StdoutLine: {'line': b'-- Up-to-date symlink: /home/carlos/ros2_ws/install/px4_msgs/include/px4_msgs/px4_msgs/msg/detail/estimator_aid_source2d__rosidl_typesupport_introspection_cpp.hpp\n'}
[2.740275] (px4_msgs) StdoutLine: {'line': b'-- Up-to-date symlink: /home/carlos/ros2_ws/install/px4_msgs/include/px4_msgs/px4_msgs/msg/detail/estimator_aid_source3d__rosidl_typesupport_introspection_cpp.hpp\n'}
[2.740371] (px4_msgs) StdoutLine: {'line': b'-- Up-to-date symlink: /home/carlos/ros2_ws/install/px4_msgs/include/px4_msgs/px4_msgs/msg/detail/estimator_bias3d__rosidl_typesupport_introspection_cpp.hpp\n'}
[2.740458] (px4_msgs) StdoutLine: {'line': b'-- Up-to-date symlink: /home/carlos/ros2_ws/install/px4_msgs/include/px4_msgs/px4_msgs/msg/detail/estimator_bias__rosidl_typesupport_introspection_cpp.hpp\n'}
[2.740541] (px4_msgs) StdoutLine: {'line': b'-- Up-to-date symlink: /home/carlos/ros2_ws/install/px4_msgs/include/px4_msgs/px4_msgs/msg/detail/estimator_event_flags__rosidl_typesupport_introspection_cpp.hpp\n'}
[2.740624] (px4_msgs) StdoutLine: {'line': b'-- Up-to-date symlink: /home/carlos/ros2_ws/install/px4_msgs/include/px4_msgs/px4_msgs/msg/detail/estimator_gps_status__rosidl_typesupport_introspection_cpp.hpp\n'}
[2.740707] (px4_msgs) StdoutLine: {'line': b'-- Up-to-date symlink: /home/carlos/ros2_ws/install/px4_msgs/include/px4_msgs/px4_msgs/msg/detail/estimator_innovations__rosidl_typesupport_introspection_cpp.hpp\n'}
[2.740791] (px4_msgs) StdoutLine: {'line': b'-- Up-to-date symlink: /home/carlos/ros2_ws/install/px4_msgs/include/px4_msgs/px4_msgs/msg/detail/estimator_selector_status__rosidl_typesupport_introspection_cpp.hpp\n'}
[2.740875] (px4_msgs) StdoutLine: {'line': b'-- Up-to-date symlink: /home/carlos/ros2_ws/install/px4_msgs/include/px4_msgs/px4_msgs/msg/detail/estimator_sensor_bias__rosidl_typesupport_introspection_cpp.hpp\n'}
[2.740966] (px4_msgs) StdoutLine: {'line': b'-- Up-to-date symlink: /home/carlos/ros2_ws/install/px4_msgs/include/px4_msgs/px4_msgs/msg/detail/estimator_states__rosidl_typesupport_introspection_cpp.hpp\n'}
[2.741050] (px4_msgs) StdoutLine: {'line': b'-- Up-to-date symlink: /home/carlos/ros2_ws/install/px4_msgs/include/px4_msgs/px4_msgs/msg/detail/estimator_status__rosidl_typesupport_introspection_cpp.hpp\n'}
[2.741133] (px4_msgs) StdoutLine: {'line': b'-- Up-to-date symlink: /home/carlos/ros2_ws/install/px4_msgs/include/px4_msgs/px4_msgs/msg/detail/estimator_status_flags__rosidl_typesupport_introspection_cpp.hpp\n'}
[2.741217] (px4_msgs) StdoutLine: {'line': b'-- Up-to-date symlink: /home/carlos/ros2_ws/install/px4_msgs/include/px4_msgs/px4_msgs/msg/detail/event__rosidl_typesupport_introspection_cpp.hpp\n'}
[2.741300] (px4_msgs) StdoutLine: {'line': b'-- Up-to-date symlink: /home/carlos/ros2_ws/install/px4_msgs/include/px4_msgs/px4_msgs/msg/detail/failsafe_flags__rosidl_typesupport_introspection_cpp.hpp\n'}
[2.741392] (px4_msgs) StdoutLine: {'line': b'-- Up-to-date symlink: /home/carlos/ros2_ws/install/px4_msgs/include/px4_msgs/px4_msgs/msg/detail/failure_detector_status__rosidl_typesupport_introspection_cpp.hpp\n'}
[2.741476] (px4_msgs) StdoutLine: {'line': b'-- Up-to-date symlink: /home/carlos/ros2_ws/install/px4_msgs/include/px4_msgs/px4_msgs/msg/detail/figure_eight_status__rosidl_typesupport_introspection_cpp.hpp\n'}
[2.741561] (px4_msgs) StdoutLine: {'line': b'-- Up-to-date symlink: /home/carlos/ros2_ws/install/px4_msgs/include/px4_msgs/px4_msgs/msg/detail/fixed_wing_lateral_guidance_status__rosidl_typesupport_introspection_cpp.hpp\n'}
[2.741647] (px4_msgs) StdoutLine: {'line': b'-- Up-to-date symlink: /home/carlos/ros2_ws/install/px4_msgs/include/px4_msgs/px4_msgs/msg/detail/fixed_wing_lateral_setpoint__rosidl_typesupport_introspection_cpp.hpp\n'}
[2.741732] (px4_msgs) StdoutLine: {'line': b'-- Up-to-date symlink: /home/carlos/ros2_ws/install/px4_msgs/include/px4_msgs/px4_msgs/msg/detail/fixed_wing_lateral_status__rosidl_typesupport_introspection_cpp.hpp\n'}
[2.741829] (px4_msgs) StdoutLine: {'line': b'-- Up-to-date symlink: /home/carlos/ros2_ws/install/px4_msgs/include/px4_msgs/px4_msgs/msg/detail/fixed_wing_longitudinal_setpoint__rosidl_typesupport_introspection_cpp.hpp\n'}
[2.741952] (px4_msgs) StdoutLine: {'line': b'-- Up-to-date symlink: /home/carlos/ros2_ws/install/px4_msgs/include/px4_msgs/px4_msgs/msg/detail/fixed_wing_runway_control__rosidl_typesupport_introspection_cpp.hpp\n'}
[2.742045] (px4_msgs) StdoutLine: {'line': b'-- Up-to-date symlink: /home/carlos/ros2_ws/install/px4_msgs/include/px4_msgs/px4_msgs/msg/detail/flight_phase_estimation__rosidl_typesupport_introspection_cpp.hpp\n'}
[2.742145] (px4_msgs) StdoutLine: {'line': b'-- Up-to-date symlink: /home/carlos/ros2_ws/install/px4_msgs/include/px4_msgs/px4_msgs/msg/detail/follow_target__rosidl_typesupport_introspection_cpp.hpp\n'}
[2.742232] (px4_msgs) StdoutLine: {'line': b'-- Up-to-date symlink: /home/carlos/ros2_ws/install/px4_msgs/include/px4_msgs/px4_msgs/msg/detail/follow_target_estimator__rosidl_typesupport_introspection_cpp.hpp\n'}
[2.742337] (px4_msgs) StdoutLine: {'line': b'-- Up-to-date symlink: /home/carlos/ros2_ws/install/px4_msgs/include/px4_msgs/px4_msgs/msg/detail/follow_target_status__rosidl_typesupport_introspection_cpp.hpp\n'}
[2.742396] (px4_msgs) StdoutLine: {'line': b'-- Up-to-date symlink: /home/carlos/ros2_ws/install/px4_msgs/include/px4_msgs/px4_msgs/msg/detail/fuel_tank_status__rosidl_typesupport_introspection_cpp.hpp\n'}
[2.742486] (px4_msgs) StdoutLine: {'line': b'-- Up-to-date symlink: /home/carlos/ros2_ws/install/px4_msgs/include/px4_msgs/px4_msgs/msg/detail/generator_status__rosidl_typesupport_introspection_cpp.hpp\n'}
[2.742559] (px4_msgs) StdoutLine: {'line': b'-- Up-to-date symlink: /home/carlos/ros2_ws/install/px4_msgs/include/px4_msgs/px4_msgs/msg/detail/geofence_result__rosidl_typesupport_introspection_cpp.hpp\n'}
[2.742617] (px4_msgs) StdoutLine: {'line': b'-- Up-to-date symlink: /home/carlos/ros2_ws/install/px4_msgs/include/px4_msgs/px4_msgs/msg/detail/geofence_status__rosidl_typesupport_introspection_cpp.hpp\n'}
[2.742687] (px4_msgs) StdoutLine: {'line': b'-- Up-to-date symlink: /home/carlos/ros2_ws/install/px4_msgs/include/px4_msgs/px4_msgs/msg/detail/gimbal_controls__rosidl_typesupport_introspection_cpp.hpp\n'}
[2.742771] (px4_msgs) StdoutLine: {'line': b'-- Up-to-date symlink: /home/carlos/ros2_ws/install/px4_msgs/include/px4_msgs/px4_msgs/msg/detail/gimbal_device_attitude_status__rosidl_typesupport_introspection_cpp.hpp\n'}
[2.742855] (px4_msgs) StdoutLine: {'line': b'-- Up-to-date symlink: /home/carlos/ros2_ws/install/px4_msgs/include/px4_msgs/px4_msgs/msg/detail/gimbal_device_information__rosidl_typesupport_introspection_cpp.hpp\n'}
[2.742996] (px4_msgs) StdoutLine: {'line': b'-- Up-to-date symlink: /home/carlos/ros2_ws/install/px4_msgs/include/px4_msgs/px4_msgs/msg/detail/gimbal_device_set_attitude__rosidl_typesupport_introspection_cpp.hpp\n'}
[2.743083] (px4_msgs) StdoutLine: {'line': b'-- Up-to-date symlink: /home/carlos/ros2_ws/install/px4_msgs/include/px4_msgs/px4_msgs/msg/detail/gimbal_manager_information__rosidl_typesupport_introspection_cpp.hpp\n'}
[2.743160] (px4_msgs) StdoutLine: {'line': b'-- Up-to-date symlink: /home/carlos/ros2_ws/install/px4_msgs/include/px4_msgs/px4_msgs/msg/detail/gimbal_manager_set_attitude__rosidl_typesupport_introspection_cpp.hpp\n'}
[2.743254] (px4_msgs) StdoutLine: {'line': b'-- Up-to-date symlink: /home/carlos/ros2_ws/install/px4_msgs/include/px4_msgs/px4_msgs/msg/detail/gimbal_manager_set_manual_control__rosidl_typesupport_introspection_cpp.hpp\n'}
[2.743324] (px4_msgs) StdoutLine: {'line': b'-- Up-to-date symlink: /home/carlos/ros2_ws/install/px4_msgs/include/px4_msgs/px4_msgs/msg/detail/gimbal_manager_status__rosidl_typesupport_introspection_cpp.hpp\n'}
[2.743396] (px4_msgs) StdoutLine: {'line': b'-- Up-to-date symlink: /home/carlos/ros2_ws/install/px4_msgs/include/px4_msgs/px4_msgs/msg/detail/goto_setpoint__rosidl_typesupport_introspection_cpp.hpp\n'}
[2.743462] (px4_msgs) StdoutLine: {'line': b'-- Up-to-date symlink: /home/carlos/ros2_ws/install/px4_msgs/include/px4_msgs/px4_msgs/msg/detail/gpio_config__rosidl_typesupport_introspection_cpp.hpp\n'}
[2.743546] (px4_msgs) StdoutLine: {'line': b'-- Up-to-date symlink: /home/carlos/ros2_ws/install/px4_msgs/include/px4_msgs/px4_msgs/msg/detail/gpio_in__rosidl_typesupport_introspection_cpp.hpp\n'}
[2.743629] (px4_msgs) StdoutLine: {'line': b'-- Up-to-date symlink: /home/carlos/ros2_ws/install/px4_msgs/include/px4_msgs/px4_msgs/msg/detail/gpio_out__rosidl_typesupport_introspection_cpp.hpp\n'}
[2.743714] (px4_msgs) StdoutLine: {'line': b'-- Up-to-date symlink: /home/carlos/ros2_ws/install/px4_msgs/include/px4_msgs/px4_msgs/msg/detail/gpio_request__rosidl_typesupport_introspection_cpp.hpp\n'}
[2.743797] (px4_msgs) StdoutLine: {'line': b'-- Up-to-date symlink: /home/carlos/ros2_ws/install/px4_msgs/include/px4_msgs/px4_msgs/msg/detail/gps_dump__rosidl_typesupport_introspection_cpp.hpp\n'}
[2.743881] (px4_msgs) StdoutLine: {'line': b'-- Up-to-date symlink: /home/carlos/ros2_ws/install/px4_msgs/include/px4_msgs/px4_msgs/msg/detail/gps_inject_data__rosidl_typesupport_introspection_cpp.hpp\n'}
[2.743965] (px4_msgs) StdoutLine: {'line': b'-- Up-to-date symlink: /home/carlos/ros2_ws/install/px4_msgs/include/px4_msgs/px4_msgs/msg/detail/gripper__rosidl_typesupport_introspection_cpp.hpp\n'}
[2.744048] (px4_msgs) StdoutLine: {'line': b'-- Up-to-date symlink: /home/carlos/ros2_ws/install/px4_msgs/include/px4_msgs/px4_msgs/msg/detail/health_report__rosidl_typesupport_introspection_cpp.hpp\n'}
[2.744132] (px4_msgs) StdoutLine: {'line': b'-- Up-to-date symlink: /home/carlos/ros2_ws/install/px4_msgs/include/px4_msgs/px4_msgs/msg/detail/heater_status__rosidl_typesupport_introspection_cpp.hpp\n'}
[2.744216] (px4_msgs) StdoutLine: {'line': b'-- Up-to-date symlink: /home/carlos/ros2_ws/install/px4_msgs/include/px4_msgs/px4_msgs/msg/detail/home_position__rosidl_typesupport_introspection_cpp.hpp\n'}
[2.744300] (px4_msgs) StdoutLine: {'line': b'-- Up-to-date symlink: /home/carlos/ros2_ws/install/px4_msgs/include/px4_msgs/px4_msgs/msg/detail/hover_thrust_estimate__rosidl_typesupport_introspection_cpp.hpp\n'}
[2.744395] (px4_msgs) StdoutLine: {'line': b'-- Up-to-date symlink: /home/carlos/ros2_ws/install/px4_msgs/include/px4_msgs/px4_msgs/msg/detail/input_rc__rosidl_typesupport_introspection_cpp.hpp\n'}
[2.744482] (px4_msgs) StdoutLine: {'line': b'-- Up-to-date symlink: /home/carlos/ros2_ws/install/px4_msgs/include/px4_msgs/px4_msgs/msg/detail/internal_combustion_engine_control__rosidl_typesupport_introspection_cpp.hpp\n'}
[2.744568] (px4_msgs) StdoutLine: {'line': b'-- Up-to-date symlink: /home/carlos/ros2_ws/install/px4_msgs/include/px4_msgs/px4_msgs/msg/detail/internal_combustion_engine_status__rosidl_typesupport_introspection_cpp.hpp\n'}
[2.744651] (px4_msgs) StdoutLine: {'line': b'-- Up-to-date symlink: /home/carlos/ros2_ws/install/px4_msgs/include/px4_msgs/px4_msgs/msg/detail/iridiumsbd_status__rosidl_typesupport_introspection_cpp.hpp\n'}
[2.744748] (px4_msgs) StdoutLine: {'line': b'-- Up-to-date symlink: /home/carlos/ros2_ws/install/px4_msgs/include/px4_msgs/px4_msgs/msg/detail/irlock_report__rosidl_typesupport_introspection_cpp.hpp\n'}
[2.744833] (px4_msgs) StdoutLine: {'line': b'-- Up-to-date symlink: /home/carlos/ros2_ws/install/px4_msgs/include/px4_msgs/px4_msgs/msg/detail/landing_gear__rosidl_typesupport_introspection_cpp.hpp\n'}
[2.744917] (px4_msgs) StdoutLine: {'line': b'-- Up-to-date symlink: /home/carlos/ros2_ws/install/px4_msgs/include/px4_msgs/px4_msgs/msg/detail/landing_gear_wheel__rosidl_typesupport_introspection_cpp.hpp\n'}
[2.745002] (px4_msgs) StdoutLine: {'line': b'-- Up-to-date symlink: /home/carlos/ros2_ws/install/px4_msgs/include/px4_msgs/px4_msgs/msg/detail/landing_target_innovations__rosidl_typesupport_introspection_cpp.hpp\n'}
[2.745086] (px4_msgs) StdoutLine: {'line': b'-- Up-to-date symlink: /home/carlos/ros2_ws/install/px4_msgs/include/px4_msgs/px4_msgs/msg/detail/landing_target_pose__rosidl_typesupport_introspection_cpp.hpp\n'}
[2.745173] (px4_msgs) StdoutLine: {'line': b'-- Up-to-date symlink: /home/carlos/ros2_ws/install/px4_msgs/include/px4_msgs/px4_msgs/msg/detail/lateral_control_configuration__rosidl_typesupport_introspection_cpp.hpp\n'}
[2.745256] (px4_msgs) StdoutLine: {'line': b'-- Up-to-date symlink: /home/carlos/ros2_ws/install/px4_msgs/include/px4_msgs/px4_msgs/msg/detail/launch_detection_status__rosidl_typesupport_introspection_cpp.hpp\n'}
[2.745352] (px4_msgs) StdoutLine: {'line': b'-- Up-to-date symlink: /home/carlos/ros2_ws/install/px4_msgs/include/px4_msgs/px4_msgs/msg/detail/led_control__rosidl_typesupport_introspection_cpp.hpp\n'}
[2.745446] (px4_msgs) StdoutLine: {'line': b'-- Up-to-date symlink: /home/carlos/ros2_ws/install/px4_msgs/include/px4_msgs/px4_msgs/msg/detail/log_message__rosidl_typesupport_introspection_cpp.hpp\n'}
[2.745530] (px4_msgs) StdoutLine: {'line': b'-- Up-to-date symlink: /home/carlos/ros2_ws/install/px4_msgs/include/px4_msgs/px4_msgs/msg/detail/logger_status__rosidl_typesupport_introspection_cpp.hpp\n'}
[2.745619] (px4_msgs) StdoutLine: {'line': b'-- Up-to-date symlink: /home/carlos/ros2_ws/install/px4_msgs/include/px4_msgs/px4_msgs/msg/detail/longitudinal_control_configuration__rosidl_typesupport_introspection_cpp.hpp\n'}
[2.745708] (px4_msgs) StdoutLine: {'line': b'-- Up-to-date symlink: /home/carlos/ros2_ws/install/px4_msgs/include/px4_msgs/px4_msgs/msg/detail/mag_worker_data__rosidl_typesupport_introspection_cpp.hpp\n'}
[2.745792] (px4_msgs) StdoutLine: {'line': b'-- Up-to-date symlink: /home/carlos/ros2_ws/install/px4_msgs/include/px4_msgs/px4_msgs/msg/detail/magnetometer_bias_estimate__rosidl_typesupport_introspection_cpp.hpp\n'}
[2.745876] (px4_msgs) StdoutLine: {'line': b'-- Up-to-date symlink: /home/carlos/ros2_ws/install/px4_msgs/include/px4_msgs/px4_msgs/msg/detail/manual_control_setpoint__rosidl_typesupport_introspection_cpp.hpp\n'}
[2.745960] (px4_msgs) StdoutLine: {'line': b'-- Up-to-date symlink: /home/carlos/ros2_ws/install/px4_msgs/include/px4_msgs/px4_msgs/msg/detail/manual_control_switches__rosidl_typesupport_introspection_cpp.hpp\n'}
[2.746044] (px4_msgs) StdoutLine: {'line': b'-- Up-to-date symlink: /home/carlos/ros2_ws/install/px4_msgs/include/px4_msgs/px4_msgs/msg/detail/mavlink_log__rosidl_typesupport_introspection_cpp.hpp\n'}
[2.746128] (px4_msgs) StdoutLine: {'line': b'-- Up-to-date symlink: /home/carlos/ros2_ws/install/px4_msgs/include/px4_msgs/px4_msgs/msg/detail/mavlink_tunnel__rosidl_typesupport_introspection_cpp.hpp\n'}
[2.746211] (px4_msgs) StdoutLine: {'line': b'-- Up-to-date symlink: /home/carlos/ros2_ws/install/px4_msgs/include/px4_msgs/px4_msgs/msg/detail/message_format_request__rosidl_typesupport_introspection_cpp.hpp\n'}
[2.746295] (px4_msgs) StdoutLine: {'line': b'-- Up-to-date symlink: /home/carlos/ros2_ws/install/px4_msgs/include/px4_msgs/px4_msgs/msg/detail/message_format_response__rosidl_typesupport_introspection_cpp.hpp\n'}
[2.746391] (px4_msgs) StdoutLine: {'line': b'-- Up-to-date symlink: /home/carlos/ros2_ws/install/px4_msgs/include/px4_msgs/px4_msgs/msg/detail/mission__rosidl_typesupport_introspection_cpp.hpp\n'}
[2.746476] (px4_msgs) StdoutLine: {'line': b'-- Up-to-date symlink: /home/carlos/ros2_ws/install/px4_msgs/include/px4_msgs/px4_msgs/msg/detail/mission_result__rosidl_typesupport_introspection_cpp.hpp\n'}
[2.746559] (px4_msgs) StdoutLine: {'line': b'-- Up-to-date symlink: /home/carlos/ros2_ws/install/px4_msgs/include/px4_msgs/px4_msgs/msg/detail/mode_completed__rosidl_typesupport_introspection_cpp.hpp\n'}
[2.746644] (px4_msgs) StdoutLine: {'line': b'-- Up-to-date symlink: /home/carlos/ros2_ws/install/px4_msgs/include/px4_msgs/px4_msgs/msg/detail/mount_orientation__rosidl_typesupport_introspection_cpp.hpp\n'}
[2.746727] (px4_msgs) StdoutLine: {'line': b'-- Up-to-date symlink: /home/carlos/ros2_ws/install/px4_msgs/include/px4_msgs/px4_msgs/msg/detail/navigator_mission_item__rosidl_typesupport_introspection_cpp.hpp\n'}
[2.746812] (px4_msgs) StdoutLine: {'line': b'-- Up-to-date symlink: /home/carlos/ros2_ws/install/px4_msgs/include/px4_msgs/px4_msgs/msg/detail/navigator_status__rosidl_typesupport_introspection_cpp.hpp\n'}
[2.746889] (px4_msgs) StdoutLine: {'line': b'-- Up-to-date symlink: /home/carlos/ros2_ws/install/px4_msgs/include/px4_msgs/px4_msgs/msg/detail/neural_control__rosidl_typesupport_introspection_cpp.hpp\n'}
[2.746973] (px4_msgs) StdoutLine: {'line': b'-- Up-to-date symlink: /home/carlos/ros2_ws/install/px4_msgs/include/px4_msgs/px4_msgs/msg/detail/normalized_unsigned_setpoint__rosidl_typesupport_introspection_cpp.hpp\n'}
[2.747057] (px4_msgs) StdoutLine: {'line': b'-- Up-to-date symlink: /home/carlos/ros2_ws/install/px4_msgs/include/px4_msgs/px4_msgs/msg/detail/obstacle_distance__rosidl_typesupport_introspection_cpp.hpp\n'}
[2.747141] (px4_msgs) StdoutLine: {'line': b'-- Up-to-date symlink: /home/carlos/ros2_ws/install/px4_msgs/include/px4_msgs/px4_msgs/msg/detail/offboard_control_mode__rosidl_typesupport_introspection_cpp.hpp\n'}
[2.747224] (px4_msgs) StdoutLine: {'line': b'-- Up-to-date symlink: /home/carlos/ros2_ws/install/px4_msgs/include/px4_msgs/px4_msgs/msg/detail/onboard_computer_status__rosidl_typesupport_introspection_cpp.hpp\n'}
[2.747318] (px4_msgs) StdoutLine: {'line': b'-- Up-to-date symlink: /home/carlos/ros2_ws/install/px4_msgs/include/px4_msgs/px4_msgs/msg/detail/open_drone_id_arm_status__rosidl_typesupport_introspection_cpp.hpp\n'}
[2.747414] (px4_msgs) StdoutLine: {'line': b'-- Up-to-date symlink: /home/carlos/ros2_ws/install/px4_msgs/include/px4_msgs/px4_msgs/msg/detail/open_drone_id_operator_id__rosidl_typesupport_introspection_cpp.hpp\n'}
[2.747503] (px4_msgs) StdoutLine: {'line': b'-- Up-to-date symlink: /home/carlos/ros2_ws/install/px4_msgs/include/px4_msgs/px4_msgs/msg/detail/open_drone_id_self_id__rosidl_typesupport_introspection_cpp.hpp\n'}
[2.747586] (px4_msgs) StdoutLine: {'line': b'-- Up-to-date symlink: /home/carlos/ros2_ws/install/px4_msgs/include/px4_msgs/px4_msgs/msg/detail/open_drone_id_system__rosidl_typesupport_introspection_cpp.hpp\n'}
[2.747669] (px4_msgs) StdoutLine: {'line': b'-- Up-to-date symlink: /home/carlos/ros2_ws/install/px4_msgs/include/px4_msgs/px4_msgs/msg/detail/orb_test__rosidl_typesupport_introspection_cpp.hpp\n'}
[2.747752] (px4_msgs) StdoutLine: {'line': b'-- Up-to-date symlink: /home/carlos/ros2_ws/install/px4_msgs/include/px4_msgs/px4_msgs/msg/detail/orb_test_large__rosidl_typesupport_introspection_cpp.hpp\n'}
[2.747837] (px4_msgs) StdoutLine: {'line': b'-- Up-to-date symlink: /home/carlos/ros2_ws/install/px4_msgs/include/px4_msgs/px4_msgs/msg/detail/orb_test_medium__rosidl_typesupport_introspection_cpp.hpp\n'}
[2.747921] (px4_msgs) StdoutLine: {'line': b'-- Up-to-date symlink: /home/carlos/ros2_ws/install/px4_msgs/include/px4_msgs/px4_msgs/msg/detail/orbit_status__rosidl_typesupport_introspection_cpp.hpp\n'}
[2.748013] (px4_msgs) StdoutLine: {'line': b'-- Up-to-date symlink: /home/carlos/ros2_ws/install/px4_msgs/include/px4_msgs/px4_msgs/msg/detail/parameter_reset_request__rosidl_typesupport_introspection_cpp.hpp\n'}
[2.748100] (px4_msgs) StdoutLine: {'line': b'-- Up-to-date symlink: /home/carlos/ros2_ws/install/px4_msgs/include/px4_msgs/px4_msgs/msg/detail/parameter_set_used_request__rosidl_typesupport_introspection_cpp.hpp\n'}
[2.748240] (px4_msgs) StdoutLine: {'line': b'-- Up-to-date symlink: /home/carlos/ros2_ws/install/px4_msgs/include/px4_msgs/px4_msgs/msg/detail/parameter_set_value_request__rosidl_typesupport_introspection_cpp.hpp\n'}
[2.748324] (px4_msgs) StdoutLine: {'line': b'-- Up-to-date symlink: /home/carlos/ros2_ws/install/px4_msgs/include/px4_msgs/px4_msgs/msg/detail/parameter_set_value_response__rosidl_typesupport_introspection_cpp.hpp\n'}
[2.748410] (px4_msgs) StdoutLine: {'line': b'-- Up-to-date symlink: /home/carlos/ros2_ws/install/px4_msgs/include/px4_msgs/px4_msgs/msg/detail/parameter_update__rosidl_typesupport_introspection_cpp.hpp\n'}
[2.748468] (px4_msgs) StdoutLine: {'line': b'-- Up-to-date symlink: /home/carlos/ros2_ws/install/px4_msgs/include/px4_msgs/px4_msgs/msg/detail/ping__rosidl_typesupport_introspection_cpp.hpp\n'}
[2.748551] (px4_msgs) StdoutLine: {'line': b'-- Up-to-date symlink: /home/carlos/ros2_ws/install/px4_msgs/include/px4_msgs/px4_msgs/msg/detail/position_controller_landing_status__rosidl_typesupport_introspection_cpp.hpp\n'}
[2.748634] (px4_msgs) StdoutLine: {'line': b'-- Up-to-date symlink: /home/carlos/ros2_ws/install/px4_msgs/include/px4_msgs/px4_msgs/msg/detail/position_controller_status__rosidl_typesupport_introspection_cpp.hpp\n'}
[2.748718] (px4_msgs) StdoutLine: {'line': b'-- Up-to-date symlink: /home/carlos/ros2_ws/install/px4_msgs/include/px4_msgs/px4_msgs/msg/detail/position_setpoint__rosidl_typesupport_introspection_cpp.hpp\n'}
[2.748801] (px4_msgs) StdoutLine: {'line': b'-- Up-to-date symlink: /home/carlos/ros2_ws/install/px4_msgs/include/px4_msgs/px4_msgs/msg/detail/position_setpoint_triplet__rosidl_typesupport_introspection_cpp.hpp\n'}
[2.748885] (px4_msgs) StdoutLine: {'line': b'-- Up-to-date symlink: /home/carlos/ros2_ws/install/px4_msgs/include/px4_msgs/px4_msgs/msg/detail/power_button_state__rosidl_typesupport_introspection_cpp.hpp\n'}
[2.748966] (px4_msgs) StdoutLine: {'line': b'-- Up-to-date symlink: /home/carlos/ros2_ws/install/px4_msgs/include/px4_msgs/px4_msgs/msg/detail/power_monitor__rosidl_typesupport_introspection_cpp.hpp\n'}
[2.749056] (px4_msgs) StdoutLine: {'line': b'-- Up-to-date symlink: /home/carlos/ros2_ws/install/px4_msgs/include/px4_msgs/px4_msgs/msg/detail/pps_capture__rosidl_typesupport_introspection_cpp.hpp\n'}
[2.749139] (px4_msgs) StdoutLine: {'line': b'-- Up-to-date symlink: /home/carlos/ros2_ws/install/px4_msgs/include/px4_msgs/px4_msgs/msg/detail/pure_pursuit_status__rosidl_typesupport_introspection_cpp.hpp\n'}
[2.749220] (px4_msgs) StdoutLine: {'line': b'-- Up-to-date symlink: /home/carlos/ros2_ws/install/px4_msgs/include/px4_msgs/px4_msgs/msg/detail/pwm_input__rosidl_typesupport_introspection_cpp.hpp\n'}
[2.749301] (px4_msgs) StdoutLine: {'line': b'-- Up-to-date symlink: /home/carlos/ros2_ws/install/px4_msgs/include/px4_msgs/px4_msgs/msg/detail/px4io_status__rosidl_typesupport_introspection_cpp.hpp\n'}
[2.749391] (px4_msgs) StdoutLine: {'line': b'-- Up-to-date symlink: /home/carlos/ros2_ws/install/px4_msgs/include/px4_msgs/px4_msgs/msg/detail/qshell_req__rosidl_typesupport_introspection_cpp.hpp\n'}
[2.749475] (px4_msgs) StdoutLine: {'line': b'-- Up-to-date symlink: /home/carlos/ros2_ws/install/px4_msgs/include/px4_msgs/px4_msgs/msg/detail/qshell_retval__rosidl_typesupport_introspection_cpp.hpp\n'}
[2.749557] (px4_msgs) StdoutLine: {'line': b'-- Up-to-date symlink: /home/carlos/ros2_ws/install/px4_msgs/include/px4_msgs/px4_msgs/msg/detail/radio_status__rosidl_typesupport_introspection_cpp.hpp\n'}
[2.749640] (px4_msgs) StdoutLine: {'line': b'-- Up-to-date symlink: /home/carlos/ros2_ws/install/px4_msgs/include/px4_msgs/px4_msgs/msg/detail/rate_ctrl_status__rosidl_typesupport_introspection_cpp.hpp\n'}
[2.749723] (px4_msgs) StdoutLine: {'line': b'-- Up-to-date symlink: /home/carlos/ros2_ws/install/px4_msgs/include/px4_msgs/px4_msgs/msg/detail/rc_channels__rosidl_typesupport_introspection_cpp.hpp\n'}
[2.749805] (px4_msgs) StdoutLine: {'line': b'-- Up-to-date symlink: /home/carlos/ros2_ws/install/px4_msgs/include/px4_msgs/px4_msgs/msg/detail/rc_parameter_map__rosidl_typesupport_introspection_cpp.hpp\n'}
[2.749894] (px4_msgs) StdoutLine: {'line': b'-- Up-to-date symlink: /home/carlos/ros2_ws/install/px4_msgs/include/px4_msgs/px4_msgs/msg/detail/register_ext_component_reply__rosidl_typesupport_introspection_cpp.hpp\n'}
[2.749979] (px4_msgs) StdoutLine: {'line': b'-- Up-to-date symlink: /home/carlos/ros2_ws/install/px4_msgs/include/px4_msgs/px4_msgs/msg/detail/register_ext_component_request__rosidl_typesupport_introspection_cpp.hpp\n'}
[2.750062] (px4_msgs) StdoutLine: {'line': b'-- Up-to-date symlink: /home/carlos/ros2_ws/install/px4_msgs/include/px4_msgs/px4_msgs/msg/detail/rover_attitude_setpoint__rosidl_typesupport_introspection_cpp.hpp\n'}
[2.750154] (px4_msgs) StdoutLine: {'line': b'-- Up-to-date symlink: /home/carlos/ros2_ws/install/px4_msgs/include/px4_msgs/px4_msgs/msg/detail/rover_attitude_status__rosidl_typesupport_introspection_cpp.hpp\n'}
[2.750237] (px4_msgs) StdoutLine: {'line': b'-- Up-to-date symlink: /home/carlos/ros2_ws/install/px4_msgs/include/px4_msgs/px4_msgs/msg/detail/rover_position_setpoint__rosidl_typesupport_introspection_cpp.hpp\n'}
[2.750325] (px4_msgs) StdoutLine: {'line': b'-- Up-to-date symlink: /home/carlos/ros2_ws/install/px4_msgs/include/px4_msgs/px4_msgs/msg/detail/rover_rate_setpoint__rosidl_typesupport_introspection_cpp.hpp\n'}
[2.750414] (px4_msgs) StdoutLine: {'line': b'-- Up-to-date symlink: /home/carlos/ros2_ws/install/px4_msgs/include/px4_msgs/px4_msgs/msg/detail/rover_rate_status__rosidl_typesupport_introspection_cpp.hpp\n'}
[2.750504] (px4_msgs) StdoutLine: {'line': b'-- Up-to-date symlink: /home/carlos/ros2_ws/install/px4_msgs/include/px4_msgs/px4_msgs/msg/detail/rover_speed_setpoint__rosidl_typesupport_introspection_cpp.hpp\n'}
[2.750590] (px4_msgs) StdoutLine: {'line': b'-- Up-to-date symlink: /home/carlos/ros2_ws/install/px4_msgs/include/px4_msgs/px4_msgs/msg/detail/rover_speed_status__rosidl_typesupport_introspection_cpp.hpp\n'}
[2.750674] (px4_msgs) StdoutLine: {'line': b'-- Up-to-date symlink: /home/carlos/ros2_ws/install/px4_msgs/include/px4_msgs/px4_msgs/msg/detail/rover_steering_setpoint__rosidl_typesupport_introspection_cpp.hpp\n'}
[2.750758] (px4_msgs) StdoutLine: {'line': b'-- Up-to-date symlink: /home/carlos/ros2_ws/install/px4_msgs/include/px4_msgs/px4_msgs/msg/detail/rover_throttle_setpoint__rosidl_typesupport_introspection_cpp.hpp\n'}
[2.750841] (px4_msgs) StdoutLine: {'line': b'-- Up-to-date symlink: /home/carlos/ros2_ws/install/px4_msgs/include/px4_msgs/px4_msgs/msg/detail/rpm__rosidl_typesupport_introspection_cpp.hpp\n'}
[2.750924] (px4_msgs) StdoutLine: {'line': b'-- Up-to-date symlink: /home/carlos/ros2_ws/install/px4_msgs/include/px4_msgs/px4_msgs/msg/detail/rtl_status__rosidl_typesupport_introspection_cpp.hpp\n'}
[2.751007] (px4_msgs) StdoutLine: {'line': b'-- Up-to-date symlink: /home/carlos/ros2_ws/install/px4_msgs/include/px4_msgs/px4_msgs/msg/detail/rtl_time_estimate__rosidl_typesupport_introspection_cpp.hpp\n'}
[2.751090] (px4_msgs) StdoutLine: {'line': b'-- Up-to-date symlink: /home/carlos/ros2_ws/install/px4_msgs/include/px4_msgs/px4_msgs/msg/detail/satellite_info__rosidl_typesupport_introspection_cpp.hpp\n'}
[2.751172] (px4_msgs) StdoutLine: {'line': b'-- Up-to-date symlink: /home/carlos/ros2_ws/install/px4_msgs/include/px4_msgs/px4_msgs/msg/detail/sensor_accel__rosidl_typesupport_introspection_cpp.hpp\n'}
[2.751256] (px4_msgs) StdoutLine: {'line': b'-- Up-to-date symlink: /home/carlos/ros2_ws/install/px4_msgs/include/px4_msgs/px4_msgs/msg/detail/sensor_accel_fifo__rosidl_typesupport_introspection_cpp.hpp\n'}
[2.751346] (px4_msgs) StdoutLine: {'line': b'-- Up-to-date symlink: /home/carlos/ros2_ws/install/px4_msgs/include/px4_msgs/px4_msgs/msg/detail/sensor_airflow__rosidl_typesupport_introspection_cpp.hpp\n'}
[2.751435] (px4_msgs) StdoutLine: {'line': b'-- Up-to-date symlink: /home/carlos/ros2_ws/install/px4_msgs/include/px4_msgs/px4_msgs/msg/detail/sensor_baro__rosidl_typesupport_introspection_cpp.hpp\n'}
[2.751518] (px4_msgs) StdoutLine: {'line': b'-- Up-to-date symlink: /home/carlos/ros2_ws/install/px4_msgs/include/px4_msgs/px4_msgs/msg/detail/sensor_combined__rosidl_typesupport_introspection_cpp.hpp\n'}
[2.751601] (px4_msgs) StdoutLine: {'line': b'-- Up-to-date symlink: /home/carlos/ros2_ws/install/px4_msgs/include/px4_msgs/px4_msgs/msg/detail/sensor_correction__rosidl_typesupport_introspection_cpp.hpp\n'}
[2.751679] (px4_msgs) StdoutLine: {'line': b'-- Up-to-date symlink: /home/carlos/ros2_ws/install/px4_msgs/include/px4_msgs/px4_msgs/msg/detail/sensor_gnss_relative__rosidl_typesupport_introspection_cpp.hpp\n'}
[2.751761] (px4_msgs) StdoutLine: {'line': b'-- Up-to-date symlink: /home/carlos/ros2_ws/install/px4_msgs/include/px4_msgs/px4_msgs/msg/detail/sensor_gnss_status__rosidl_typesupport_introspection_cpp.hpp\n'}
[2.751845] (px4_msgs) StdoutLine: {'line': b'-- Up-to-date symlink: /home/carlos/ros2_ws/install/px4_msgs/include/px4_msgs/px4_msgs/msg/detail/sensor_gps__rosidl_typesupport_introspection_cpp.hpp\n'}
[2.751927] (px4_msgs) StdoutLine: {'line': b'-- Up-to-date symlink: /home/carlos/ros2_ws/install/px4_msgs/include/px4_msgs/px4_msgs/msg/detail/sensor_gyro__rosidl_typesupport_introspection_cpp.hpp\n'}
[2.752010] (px4_msgs) StdoutLine: {'line': b'-- Up-to-date symlink: /home/carlos/ros2_ws/install/px4_msgs/include/px4_msgs/px4_msgs/msg/detail/sensor_gyro_fft__rosidl_typesupport_introspection_cpp.hpp\n'}
[2.752094] (px4_msgs) StdoutLine: {'line': b'-- Up-to-date symlink: /home/carlos/ros2_ws/install/px4_msgs/include/px4_msgs/px4_msgs/msg/detail/sensor_gyro_fifo__rosidl_typesupport_introspection_cpp.hpp\n'}
[2.752177] (px4_msgs) StdoutLine: {'line': b'-- Up-to-date symlink: /home/carlos/ros2_ws/install/px4_msgs/include/px4_msgs/px4_msgs/msg/detail/sensor_hygrometer__rosidl_typesupport_introspection_cpp.hpp\n'}
[2.752260] (px4_msgs) StdoutLine: {'line': b'-- Up-to-date symlink: /home/carlos/ros2_ws/install/px4_msgs/include/px4_msgs/px4_msgs/msg/detail/sensor_mag__rosidl_typesupport_introspection_cpp.hpp\n'}
[2.752349] (px4_msgs) StdoutLine: {'line': b'-- Up-to-date symlink: /home/carlos/ros2_ws/install/px4_msgs/include/px4_msgs/px4_msgs/msg/detail/sensor_optical_flow__rosidl_typesupport_introspection_cpp.hpp\n'}
[2.752443] (px4_msgs) StdoutLine: {'line': b'-- Up-to-date symlink: /home/carlos/ros2_ws/install/px4_msgs/include/px4_msgs/px4_msgs/msg/detail/sensor_preflight_mag__rosidl_typesupport_introspection_cpp.hpp\n'}
[2.752530] (px4_msgs) StdoutLine: {'line': b'-- Up-to-date symlink: /home/carlos/ros2_ws/install/px4_msgs/include/px4_msgs/px4_msgs/msg/detail/sensor_selection__rosidl_typesupport_introspection_cpp.hpp\n'}
[2.752614] (px4_msgs) StdoutLine: {'line': b'-- Up-to-date symlink: /home/carlos/ros2_ws/install/px4_msgs/include/px4_msgs/px4_msgs/msg/detail/sensor_uwb__rosidl_typesupport_introspection_cpp.hpp\n'}
[2.752696] (px4_msgs) StdoutLine: {'line': b'-- Up-to-date symlink: /home/carlos/ros2_ws/install/px4_msgs/include/px4_msgs/px4_msgs/msg/detail/sensors_status__rosidl_typesupport_introspection_cpp.hpp\n'}
[2.752779] (px4_msgs) StdoutLine: {'line': b'-- Up-to-date symlink: /home/carlos/ros2_ws/install/px4_msgs/include/px4_msgs/px4_msgs/msg/detail/sensors_status_imu__rosidl_typesupport_introspection_cpp.hpp\n'}
[2.752868] (px4_msgs) StdoutLine: {'line': b'-- Up-to-date symlink: /home/carlos/ros2_ws/install/px4_msgs/include/px4_msgs/px4_msgs/msg/detail/system_power__rosidl_typesupport_introspection_cpp.hpp\n'}
[2.752951] (px4_msgs) StdoutLine: {'line': b'-- Up-to-date symlink: /home/carlos/ros2_ws/install/px4_msgs/include/px4_msgs/px4_msgs/msg/detail/takeoff_status__rosidl_typesupport_introspection_cpp.hpp\n'}
[2.753033] (px4_msgs) StdoutLine: {'line': b'-- Up-to-date symlink: /home/carlos/ros2_ws/install/px4_msgs/include/px4_msgs/px4_msgs/msg/detail/task_stack_info__rosidl_typesupport_introspection_cpp.hpp\n'}
[2.753116] (px4_msgs) StdoutLine: {'line': b'-- Up-to-date symlink: /home/carlos/ros2_ws/install/px4_msgs/include/px4_msgs/px4_msgs/msg/detail/tecs_status__rosidl_typesupport_introspection_cpp.hpp\n'}
[2.753199] (px4_msgs) StdoutLine: {'line': b'-- Up-to-date symlink: /home/carlos/ros2_ws/install/px4_msgs/include/px4_msgs/px4_msgs/msg/detail/telemetry_status__rosidl_typesupport_introspection_cpp.hpp\n'}
[2.753282] (px4_msgs) StdoutLine: {'line': b'-- Up-to-date symlink: /home/carlos/ros2_ws/install/px4_msgs/include/px4_msgs/px4_msgs/msg/detail/tiltrotor_extra_controls__rosidl_typesupport_introspection_cpp.hpp\n'}
[2.753378] (px4_msgs) StdoutLine: {'line': b'-- Up-to-date symlink: /home/carlos/ros2_ws/install/px4_msgs/include/px4_msgs/px4_msgs/msg/detail/timesync_status__rosidl_typesupport_introspection_cpp.hpp\n'}
[2.753462] (px4_msgs) StdoutLine: {'line': b'-- Up-to-date symlink: /home/carlos/ros2_ws/install/px4_msgs/include/px4_msgs/px4_msgs/msg/detail/trajectory_setpoint6dof__rosidl_typesupport_introspection_cpp.hpp\n'}
[2.753545] (px4_msgs) StdoutLine: {'line': b'-- Up-to-date symlink: /home/carlos/ros2_ws/install/px4_msgs/include/px4_msgs/px4_msgs/msg/detail/trajectory_setpoint__rosidl_typesupport_introspection_cpp.hpp\n'}
[2.753629] (px4_msgs) StdoutLine: {'line': b'-- Up-to-date symlink: /home/carlos/ros2_ws/install/px4_msgs/include/px4_msgs/px4_msgs/msg/detail/transponder_report__rosidl_typesupport_introspection_cpp.hpp\n'}
[2.753712] (px4_msgs) StdoutLine: {'line': b'-- Up-to-date symlink: /home/carlos/ros2_ws/install/px4_msgs/include/px4_msgs/px4_msgs/msg/detail/tune_control__rosidl_typesupport_introspection_cpp.hpp\n'}
[2.753796] (px4_msgs) StdoutLine: {'line': b'-- Up-to-date symlink: /home/carlos/ros2_ws/install/px4_msgs/include/px4_msgs/px4_msgs/msg/detail/uavcan_parameter_request__rosidl_typesupport_introspection_cpp.hpp\n'}
[2.753879] (px4_msgs) StdoutLine: {'line': b'-- Up-to-date symlink: /home/carlos/ros2_ws/install/px4_msgs/include/px4_msgs/px4_msgs/msg/detail/uavcan_parameter_value__rosidl_typesupport_introspection_cpp.hpp\n'}
[2.753962] (px4_msgs) StdoutLine: {'line': b'-- Up-to-date symlink: /home/carlos/ros2_ws/install/px4_msgs/include/px4_msgs/px4_msgs/msg/detail/ulog_stream__rosidl_typesupport_introspection_cpp.hpp\n'}
[2.754045] (px4_msgs) StdoutLine: {'line': b'-- Up-to-date symlink: /home/carlos/ros2_ws/install/px4_msgs/include/px4_msgs/px4_msgs/msg/detail/ulog_stream_ack__rosidl_typesupport_introspection_cpp.hpp\n'}
[2.754123] (px4_msgs) StdoutLine: {'line': b'-- Up-to-date symlink: /home/carlos/ros2_ws/install/px4_msgs/include/px4_msgs/px4_msgs/msg/detail/unregister_ext_component__rosidl_typesupport_introspection_cpp.hpp\n'}
[2.754206] (px4_msgs) StdoutLine: {'line': b'-- Up-to-date symlink: /home/carlos/ros2_ws/install/px4_msgs/include/px4_msgs/px4_msgs/msg/detail/vehicle_acceleration__rosidl_typesupport_introspection_cpp.hpp\n'}
[2.754289] (px4_msgs) StdoutLine: {'line': b'-- Up-to-date symlink: /home/carlos/ros2_ws/install/px4_msgs/include/px4_msgs/px4_msgs/msg/detail/vehicle_air_data__rosidl_typesupport_introspection_cpp.hpp\n'}
[2.754379] (px4_msgs) StdoutLine: {'line': b'-- Up-to-date symlink: /home/carlos/ros2_ws/install/px4_msgs/include/px4_msgs/px4_msgs/msg/detail/vehicle_angular_acceleration_setpoint__rosidl_typesupport_introspection_cpp.hpp\n'}
[2.754467] (px4_msgs) StdoutLine: {'line': b'-- Up-to-date symlink: /home/carlos/ros2_ws/install/px4_msgs/include/px4_msgs/px4_msgs/msg/detail/vehicle_angular_velocity__rosidl_typesupport_introspection_cpp.hpp\n'}
[2.754551] (px4_msgs) StdoutLine: {'line': b'-- Up-to-date symlink: /home/carlos/ros2_ws/install/px4_msgs/include/px4_msgs/px4_msgs/msg/detail/vehicle_attitude__rosidl_typesupport_introspection_cpp.hpp\n'}
[2.754635] (px4_msgs) StdoutLine: {'line': b'-- Up-to-date symlink: /home/carlos/ros2_ws/install/px4_msgs/include/px4_msgs/px4_msgs/msg/detail/vehicle_attitude_setpoint__rosidl_typesupport_introspection_cpp.hpp\n'}
[2.754718] (px4_msgs) StdoutLine: {'line': b'-- Up-to-date symlink: /home/carlos/ros2_ws/install/px4_msgs/include/px4_msgs/px4_msgs/msg/detail/vehicle_command__rosidl_typesupport_introspection_cpp.hpp\n'}
[2.754808] (px4_msgs) StdoutLine: {'line': b'-- Up-to-date symlink: /home/carlos/ros2_ws/install/px4_msgs/include/px4_msgs/px4_msgs/msg/detail/vehicle_command_ack__rosidl_typesupport_introspection_cpp.hpp\n'}
[2.754891] (px4_msgs) StdoutLine: {'line': b'-- Up-to-date symlink: /home/carlos/ros2_ws/install/px4_msgs/include/px4_msgs/px4_msgs/msg/detail/vehicle_constraints__rosidl_typesupport_introspection_cpp.hpp\n'}
[2.754976] (px4_msgs) StdoutLine: {'line': b'-- Up-to-date symlink: /home/carlos/ros2_ws/install/px4_msgs/include/px4_msgs/px4_msgs/msg/detail/vehicle_control_mode__rosidl_typesupport_introspection_cpp.hpp\n'}
[2.755061] (px4_msgs) StdoutLine: {'line': b'-- Up-to-date symlink: /home/carlos/ros2_ws/install/px4_msgs/include/px4_msgs/px4_msgs/msg/detail/vehicle_global_position__rosidl_typesupport_introspection_cpp.hpp\n'}
[2.755146] (px4_msgs) StdoutLine: {'line': b'-- Up-to-date symlink: /home/carlos/ros2_ws/install/px4_msgs/include/px4_msgs/px4_msgs/msg/detail/vehicle_imu__rosidl_typesupport_introspection_cpp.hpp\n'}
[2.755231] (px4_msgs) StdoutLine: {'line': b'-- Up-to-date symlink: /home/carlos/ros2_ws/install/px4_msgs/include/px4_msgs/px4_msgs/msg/detail/vehicle_imu_status__rosidl_typesupport_introspection_cpp.hpp\n'}
[2.755320] (px4_msgs) StdoutLine: {'line': b'-- Up-to-date symlink: /home/carlos/ros2_ws/install/px4_msgs/include/px4_msgs/px4_msgs/msg/detail/vehicle_land_detected__rosidl_typesupport_introspection_cpp.hpp\n'}
[2.755402] (px4_msgs) StdoutLine: {'line': b'-- Up-to-date symlink: /home/carlos/ros2_ws/install/px4_msgs/include/px4_msgs/px4_msgs/msg/detail/vehicle_local_position__rosidl_typesupport_introspection_cpp.hpp\n'}
[2.755486] (px4_msgs) StdoutLine: {'line': b'-- Up-to-date symlink: /home/carlos/ros2_ws/install/px4_msgs/include/px4_msgs/px4_msgs/msg/detail/vehicle_local_position_setpoint__rosidl_typesupport_introspection_cpp.hpp\n'}
[2.755572] (px4_msgs) StdoutLine: {'line': b'-- Up-to-date symlink: /home/carlos/ros2_ws/install/px4_msgs/include/px4_msgs/px4_msgs/msg/detail/vehicle_magnetometer__rosidl_typesupport_introspection_cpp.hpp\n'}
[2.755662] (px4_msgs) StdoutLine: {'line': b'-- Up-to-date symlink: /home/carlos/ros2_ws/install/px4_msgs/include/px4_msgs/px4_msgs/msg/detail/vehicle_odometry__rosidl_typesupport_introspection_cpp.hpp\n'}
[2.755738] (px4_msgs) StdoutLine: {'line': b'-- Up-to-date symlink: /home/carlos/ros2_ws/install/px4_msgs/include/px4_msgs/px4_msgs/msg/detail/vehicle_optical_flow__rosidl_typesupport_introspection_cpp.hpp\n'}
[2.755821] (px4_msgs) StdoutLine: {'line': b'-- Up-to-date symlink: /home/carlos/ros2_ws/install/px4_msgs/include/px4_msgs/px4_msgs/msg/detail/vehicle_optical_flow_vel__rosidl_typesupport_introspection_cpp.hpp\n'}
[2.755904] (px4_msgs) StdoutLine: {'line': b'-- Up-to-date symlink: /home/carlos/ros2_ws/install/px4_msgs/include/px4_msgs/px4_msgs/msg/detail/vehicle_rates_setpoint__rosidl_typesupport_introspection_cpp.hpp\n'}
[2.755987] (px4_msgs) StdoutLine: {'line': b'-- Up-to-date symlink: /home/carlos/ros2_ws/install/px4_msgs/include/px4_msgs/px4_msgs/msg/detail/vehicle_roi__rosidl_typesupport_introspection_cpp.hpp\n'}
[2.756070] (px4_msgs) StdoutLine: {'line': b'-- Up-to-date symlink: /home/carlos/ros2_ws/install/px4_msgs/include/px4_msgs/px4_msgs/msg/detail/vehicle_status__rosidl_typesupport_introspection_cpp.hpp\n'}
[2.756154] (px4_msgs) StdoutLine: {'line': b'-- Up-to-date symlink: /home/carlos/ros2_ws/install/px4_msgs/include/px4_msgs/px4_msgs/msg/detail/vehicle_thrust_setpoint__rosidl_typesupport_introspection_cpp.hpp\n'}
[2.756237] (px4_msgs) StdoutLine: {'line': b'-- Up-to-date symlink: /home/carlos/ros2_ws/install/px4_msgs/include/px4_msgs/px4_msgs/msg/detail/vehicle_torque_setpoint__rosidl_typesupport_introspection_cpp.hpp\n'}
[2.756324] (px4_msgs) StdoutLine: {'line': b'-- Up-to-date symlink: /home/carlos/ros2_ws/install/px4_msgs/include/px4_msgs/px4_msgs/msg/detail/velocity_limits__rosidl_typesupport_introspection_cpp.hpp\n'}
[2.756410] (px4_msgs) StdoutLine: {'line': b'-- Up-to-date symlink: /home/carlos/ros2_ws/install/px4_msgs/include/px4_msgs/px4_msgs/msg/detail/vtol_vehicle_status__rosidl_typesupport_introspection_cpp.hpp\n'}
[2.756494] (px4_msgs) StdoutLine: {'line': b'-- Up-to-date symlink: /home/carlos/ros2_ws/install/px4_msgs/include/px4_msgs/px4_msgs/msg/detail/wheel_encoders__rosidl_typesupport_introspection_cpp.hpp\n'}
[2.756577] (px4_msgs) StdoutLine: {'line': b'-- Up-to-date symlink: /home/carlos/ros2_ws/install/px4_msgs/include/px4_msgs/px4_msgs/msg/detail/wind__rosidl_typesupport_introspection_cpp.hpp\n'}
[2.756660] (px4_msgs) StdoutLine: {'line': b'-- Up-to-date symlink: /home/carlos/ros2_ws/install/px4_msgs/include/px4_msgs/px4_msgs/msg/detail/yaw_estimator_status__rosidl_typesupport_introspection_cpp.hpp\n'}
[2.756748] (px4_msgs) StdoutLine: {'line': b'-- Up-to-date symlink: /home/carlos/ros2_ws/install/px4_msgs/include/px4_msgs/px4_msgs/srv/detail/vehicle_command__rosidl_typesupport_introspection_cpp.hpp\n'}
[2.756881] (px4_msgs) StdoutLine: {'line': b'-- Up-to-date symlink: /home/carlos/ros2_ws/install/px4_msgs/share/px4_msgs/environment/pythonpath.sh\n'}
[2.756988] (px4_msgs) StdoutLine: {'line': b'-- Up-to-date symlink: /home/carlos/ros2_ws/install/px4_msgs/share/px4_msgs/environment/pythonpath.dsv\n'}
[2.757202] (px4_msgs) StdoutLine: {'line': b'-- Up-to-date symlink: /home/carlos/ros2_ws/install/px4_msgs/lib/python3.12/site-packages/px4_msgs-2.0.1-py3.12.egg-info/PKG-INFO\n'}
[2.757287] (px4_msgs) StdoutLine: {'line': b'-- Up-to-date symlink: /home/carlos/ros2_ws/install/px4_msgs/lib/python3.12/site-packages/px4_msgs-2.0.1-py3.12.egg-info/SOURCES.txt\n'}
[2.757400] (px4_msgs) StdoutLine: {'line': b'-- Up-to-date symlink: /home/carlos/ros2_ws/install/px4_msgs/lib/python3.12/site-packages/px4_msgs-2.0.1-py3.12.egg-info/dependency_links.txt\n'}
[2.757497] (px4_msgs) StdoutLine: {'line': b'-- Up-to-date symlink: /home/carlos/ros2_ws/install/px4_msgs/lib/python3.12/site-packages/px4_msgs-2.0.1-py3.12.egg-info/top_level.txt\n'}
[2.764497] (px4_msgs) StdoutLine: {'line': b'-- Up-to-date symlink: /home/carlos/ros2_ws/install/px4_msgs/lib/python3.12/site-packages/px4_msgs/__init__.py\n'}
[2.764678] (px4_msgs) StdoutLine: {'line': b'-- Up-to-date symlink: /home/carlos/ros2_ws/install/px4_msgs/lib/python3.12/site-packages/px4_msgs/_px4_msgs_s.ep.rosidl_typesupport_c.c\n'}
[2.764844] (px4_msgs) StdoutLine: {'line': b'-- Up-to-date symlink: /home/carlos/ros2_ws/install/px4_msgs/lib/python3.12/site-packages/px4_msgs/_px4_msgs_s.ep.rosidl_typesupport_fastrtps_c.c\n'}
[2.764988] (px4_msgs) StdoutLine: {'line': b'-- Up-to-date symlink: /home/carlos/ros2_ws/install/px4_msgs/lib/python3.12/site-packages/px4_msgs/_px4_msgs_s.ep.rosidl_typesupport_introspection_c.c\n'}
[2.765103] (px4_msgs) StdoutLine: {'line': b'-- Up-to-date symlink: /home/carlos/ros2_ws/install/px4_msgs/lib/python3.12/site-packages/px4_msgs/msg/__init__.py\n'}
[2.765211] (px4_msgs) StdoutLine: {'line': b'-- Up-to-date symlink: /home/carlos/ros2_ws/install/px4_msgs/lib/python3.12/site-packages/px4_msgs/msg/_action_request.py\n'}
[2.765401] (px4_msgs) StdoutLine: {'line': b'-- Up-to-date symlink: /home/carlos/ros2_ws/install/px4_msgs/lib/python3.12/site-packages/px4_msgs/msg/_action_request_s.c\n'}
[2.765532] (px4_msgs) StdoutLine: {'line': b'-- Up-to-date symlink: /home/carlos/ros2_ws/install/px4_msgs/lib/python3.12/site-packages/px4_msgs/msg/_actuator_armed.py\n'}
[2.765679] (px4_msgs) StdoutLine: {'line': b'-- Up-to-date symlink: /home/carlos/ros2_ws/install/px4_msgs/lib/python3.12/site-packages/px4_msgs/msg/_actuator_armed_s.c\n'}
[2.765792] (px4_msgs) StdoutLine: {'line': b'-- Up-to-date symlink: /home/carlos/ros2_ws/install/px4_msgs/lib/python3.12/site-packages/px4_msgs/msg/_actuator_controls_status.py\n'}
[2.765891] (px4_msgs) StdoutLine: {'line': b'-- Up-to-date symlink: /home/carlos/ros2_ws/install/px4_msgs/lib/python3.12/site-packages/px4_msgs/msg/_actuator_controls_status_s.c\n'}
[2.765990] (px4_msgs) StdoutLine: {'line': b'-- Up-to-date symlink: /home/carlos/ros2_ws/install/px4_msgs/lib/python3.12/site-packages/px4_msgs/msg/_actuator_motors.py\n'}
[2.766088] (px4_msgs) StdoutLine: {'line': b'-- Up-to-date symlink: /home/carlos/ros2_ws/install/px4_msgs/lib/python3.12/site-packages/px4_msgs/msg/_actuator_motors_s.c\n'}
[2.766139] (px4_msgs) StdoutLine: {'line': b'-- Up-to-date symlink: /home/carlos/ros2_ws/install/px4_msgs/lib/python3.12/site-packages/px4_msgs/msg/_actuator_outputs.py\n'}
[2.766183] (px4_msgs) StdoutLine: {'line': b'-- Up-to-date symlink: /home/carlos/ros2_ws/install/px4_msgs/lib/python3.12/site-packages/px4_msgs/msg/_actuator_outputs_s.c\n'}
[2.766250] (px4_msgs) StdoutLine: {'line': b'-- Up-to-date symlink: /home/carlos/ros2_ws/install/px4_msgs/lib/python3.12/site-packages/px4_msgs/msg/_actuator_servos.py\n'}
[2.766315] (px4_msgs) StdoutLine: {'line': b'-- Up-to-date symlink: /home/carlos/ros2_ws/install/px4_msgs/lib/python3.12/site-packages/px4_msgs/msg/_actuator_servos_s.c\n'}
[2.766361] (px4_msgs) StdoutLine: {'line': b'-- Up-to-date symlink: /home/carlos/ros2_ws/install/px4_msgs/lib/python3.12/site-packages/px4_msgs/msg/_actuator_servos_trim.py\n'}
[2.766407] (px4_msgs) StdoutLine: {'line': b'-- Up-to-date symlink: /home/carlos/ros2_ws/install/px4_msgs/lib/python3.12/site-packages/px4_msgs/msg/_actuator_servos_trim_s.c\n'}
[2.766452] (px4_msgs) StdoutLine: {'line': b'-- Up-to-date symlink: /home/carlos/ros2_ws/install/px4_msgs/lib/python3.12/site-packages/px4_msgs/msg/_actuator_test.py\n'}
[2.766495] (px4_msgs) StdoutLine: {'line': b'-- Up-to-date symlink: /home/carlos/ros2_ws/install/px4_msgs/lib/python3.12/site-packages/px4_msgs/msg/_actuator_test_s.c\n'}
[2.766538] (px4_msgs) StdoutLine: {'line': b'-- Up-to-date symlink: /home/carlos/ros2_ws/install/px4_msgs/lib/python3.12/site-packages/px4_msgs/msg/_adc_report.py\n'}
[2.766601] (px4_msgs) StdoutLine: {'line': b'-- Up-to-date symlink: /home/carlos/ros2_ws/install/px4_msgs/lib/python3.12/site-packages/px4_msgs/msg/_adc_report_s.c\n'}
[2.766650] (px4_msgs) StdoutLine: {'line': b'-- Up-to-date symlink: /home/carlos/ros2_ws/install/px4_msgs/lib/python3.12/site-packages/px4_msgs/msg/_airspeed.py\n'}
[2.766695] (px4_msgs) StdoutLine: {'line': b'-- Up-to-date symlink: /home/carlos/ros2_ws/install/px4_msgs/lib/python3.12/site-packages/px4_msgs/msg/_airspeed_s.c\n'}
[2.766750] (px4_msgs) StdoutLine: {'line': b'-- Up-to-date symlink: /home/carlos/ros2_ws/install/px4_msgs/lib/python3.12/site-packages/px4_msgs/msg/_airspeed_validated.py\n'}
[2.766792] (px4_msgs) StdoutLine: {'line': b'-- Up-to-date symlink: /home/carlos/ros2_ws/install/px4_msgs/lib/python3.12/site-packages/px4_msgs/msg/_airspeed_validated_s.c\n'}
[2.766836] (px4_msgs) StdoutLine: {'line': b'-- Up-to-date symlink: /home/carlos/ros2_ws/install/px4_msgs/lib/python3.12/site-packages/px4_msgs/msg/_airspeed_wind.py\n'}
[2.766876] (px4_msgs) StdoutLine: {'line': b'-- Up-to-date symlink: /home/carlos/ros2_ws/install/px4_msgs/lib/python3.12/site-packages/px4_msgs/msg/_airspeed_wind_s.c\n'}
[2.766942] (px4_msgs) StdoutLine: {'line': b'-- Up-to-date symlink: /home/carlos/ros2_ws/install/px4_msgs/lib/python3.12/site-packages/px4_msgs/msg/_arming_check_reply.py\n'}
[2.766989] (px4_msgs) StdoutLine: {'line': b'-- Up-to-date symlink: /home/carlos/ros2_ws/install/px4_msgs/lib/python3.12/site-packages/px4_msgs/msg/_arming_check_reply_s.c\n'}
[2.767039] (px4_msgs) StdoutLine: {'line': b'-- Up-to-date symlink: /home/carlos/ros2_ws/install/px4_msgs/lib/python3.12/site-packages/px4_msgs/msg/_arming_check_request.py\n'}
[2.767082] (px4_msgs) StdoutLine: {'line': b'-- Up-to-date symlink: /home/carlos/ros2_ws/install/px4_msgs/lib/python3.12/site-packages/px4_msgs/msg/_arming_check_request_s.c\n'}
[2.767135] (px4_msgs) StdoutLine: {'line': b'-- Up-to-date symlink: /home/carlos/ros2_ws/install/px4_msgs/lib/python3.12/site-packages/px4_msgs/msg/_autotune_attitude_control_status.py\n'}
[2.767191] (px4_msgs) StdoutLine: {'line': b'-- Up-to-date symlink: /home/carlos/ros2_ws/install/px4_msgs/lib/python3.12/site-packages/px4_msgs/msg/_autotune_attitude_control_status_s.c\n'}
[2.767265] (px4_msgs) StdoutLine: {'line': b'-- Up-to-date symlink: /home/carlos/ros2_ws/install/px4_msgs/lib/python3.12/site-packages/px4_msgs/msg/_battery_info.py\n'}
[2.767353] (px4_msgs) StdoutLine: {'line': b'-- Up-to-date symlink: /home/carlos/ros2_ws/install/px4_msgs/lib/python3.12/site-packages/px4_msgs/msg/_battery_info_s.c\n'}
[2.767439] (px4_msgs) StdoutLine: {'line': b'-- Up-to-date symlink: /home/carlos/ros2_ws/install/px4_msgs/lib/python3.12/site-packages/px4_msgs/msg/_battery_status.py\n'}
[2.767551] (px4_msgs) StdoutLine: {'line': b'-- Up-to-date symlink: /home/carlos/ros2_ws/install/px4_msgs/lib/python3.12/site-packages/px4_msgs/msg/_battery_status_s.c\n'}
[2.767633] (px4_msgs) StdoutLine: {'line': b'-- Up-to-date symlink: /home/carlos/ros2_ws/install/px4_msgs/lib/python3.12/site-packages/px4_msgs/msg/_button_event.py\n'}
[2.767703] (px4_msgs) StdoutLine: {'line': b'-- Up-to-date symlink: /home/carlos/ros2_ws/install/px4_msgs/lib/python3.12/site-packages/px4_msgs/msg/_button_event_s.c\n'}
[2.767770] (px4_msgs) StdoutLine: {'line': b'-- Up-to-date symlink: /home/carlos/ros2_ws/install/px4_msgs/lib/python3.12/site-packages/px4_msgs/msg/_camera_capture.py\n'}
[2.767852] (px4_msgs) StdoutLine: {'line': b'-- Up-to-date symlink: /home/carlos/ros2_ws/install/px4_msgs/lib/python3.12/site-packages/px4_msgs/msg/_camera_capture_s.c\n'}
[2.767936] (px4_msgs) StdoutLine: {'line': b'-- Up-to-date symlink: /home/carlos/ros2_ws/install/px4_msgs/lib/python3.12/site-packages/px4_msgs/msg/_camera_status.py\n'}
[2.768016] (px4_msgs) StdoutLine: {'line': b'-- Up-to-date symlink: /home/carlos/ros2_ws/install/px4_msgs/lib/python3.12/site-packages/px4_msgs/msg/_camera_status_s.c\n'}
[2.768095] (px4_msgs) StdoutLine: {'line': b'-- Up-to-date symlink: /home/carlos/ros2_ws/install/px4_msgs/lib/python3.12/site-packages/px4_msgs/msg/_camera_trigger.py\n'}
[2.768181] (px4_msgs) StdoutLine: {'line': b'-- Up-to-date symlink: /home/carlos/ros2_ws/install/px4_msgs/lib/python3.12/site-packages/px4_msgs/msg/_camera_trigger_s.c\n'}
[2.768263] (px4_msgs) StdoutLine: {'line': b'-- Up-to-date symlink: /home/carlos/ros2_ws/install/px4_msgs/lib/python3.12/site-packages/px4_msgs/msg/_can_interface_status.py\n'}
[2.768351] (px4_msgs) StdoutLine: {'line': b'-- Up-to-date symlink: /home/carlos/ros2_ws/install/px4_msgs/lib/python3.12/site-packages/px4_msgs/msg/_can_interface_status_s.c\n'}
[2.768433] (px4_msgs) StdoutLine: {'line': b'-- Up-to-date symlink: /home/carlos/ros2_ws/install/px4_msgs/lib/python3.12/site-packages/px4_msgs/msg/_cellular_status.py\n'}
[2.768515] (px4_msgs) StdoutLine: {'line': b'-- Up-to-date symlink: /home/carlos/ros2_ws/install/px4_msgs/lib/python3.12/site-packages/px4_msgs/msg/_cellular_status_s.c\n'}
[2.768625] (px4_msgs) StdoutLine: {'line': b'-- Up-to-date symlink: /home/carlos/ros2_ws/install/px4_msgs/lib/python3.12/site-packages/px4_msgs/msg/_collision_constraints.py\n'}
[2.768689] (px4_msgs) StdoutLine: {'line': b'-- Up-to-date symlink: /home/carlos/ros2_ws/install/px4_msgs/lib/python3.12/site-packages/px4_msgs/msg/_collision_constraints_s.c\n'}
[2.768766] (px4_msgs) StdoutLine: {'line': b'-- Up-to-date symlink: /home/carlos/ros2_ws/install/px4_msgs/lib/python3.12/site-packages/px4_msgs/msg/_config_overrides.py\n'}
[2.768850] (px4_msgs) StdoutLine: {'line': b'-- Up-to-date symlink: /home/carlos/ros2_ws/install/px4_msgs/lib/python3.12/site-packages/px4_msgs/msg/_config_overrides_s.c\n'}
[2.768931] (px4_msgs) StdoutLine: {'line': b'-- Up-to-date symlink: /home/carlos/ros2_ws/install/px4_msgs/lib/python3.12/site-packages/px4_msgs/msg/_control_allocator_status.py\n'}
[2.769002] (px4_msgs) StdoutLine: {'line': b'-- Up-to-date symlink: /home/carlos/ros2_ws/install/px4_msgs/lib/python3.12/site-packages/px4_msgs/msg/_control_allocator_status_s.c\n'}
[2.769082] (px4_msgs) StdoutLine: {'line': b'-- Up-to-date symlink: /home/carlos/ros2_ws/install/px4_msgs/lib/python3.12/site-packages/px4_msgs/msg/_cpuload.py\n'}
[2.769163] (px4_msgs) StdoutLine: {'line': b'-- Up-to-date symlink: /home/carlos/ros2_ws/install/px4_msgs/lib/python3.12/site-packages/px4_msgs/msg/_cpuload_s.c\n'}
[2.769248] (px4_msgs) StdoutLine: {'line': b'-- Up-to-date symlink: /home/carlos/ros2_ws/install/px4_msgs/lib/python3.12/site-packages/px4_msgs/msg/_dataman_request.py\n'}
[2.769337] (px4_msgs) StdoutLine: {'line': b'-- Up-to-date symlink: /home/carlos/ros2_ws/install/px4_msgs/lib/python3.12/site-packages/px4_msgs/msg/_dataman_request_s.c\n'}
[2.769419] (px4_msgs) StdoutLine: {'line': b'-- Up-to-date symlink: /home/carlos/ros2_ws/install/px4_msgs/lib/python3.12/site-packages/px4_msgs/msg/_dataman_response.py\n'}
[2.769508] (px4_msgs) StdoutLine: {'line': b'-- Up-to-date symlink: /home/carlos/ros2_ws/install/px4_msgs/lib/python3.12/site-packages/px4_msgs/msg/_dataman_response_s.c\n'}
[2.769580] (px4_msgs) StdoutLine: {'line': b'-- Up-to-date symlink: /home/carlos/ros2_ws/install/px4_msgs/lib/python3.12/site-packages/px4_msgs/msg/_debug_array.py\n'}
[2.769658] (px4_msgs) StdoutLine: {'line': b'-- Up-to-date symlink: /home/carlos/ros2_ws/install/px4_msgs/lib/python3.12/site-packages/px4_msgs/msg/_debug_array_s.c\n'}
[2.769737] (px4_msgs) StdoutLine: {'line': b'-- Up-to-date symlink: /home/carlos/ros2_ws/install/px4_msgs/lib/python3.12/site-packages/px4_msgs/msg/_debug_key_value.py\n'}
[2.769818] (px4_msgs) StdoutLine: {'line': b'-- Up-to-date symlink: /home/carlos/ros2_ws/install/px4_msgs/lib/python3.12/site-packages/px4_msgs/msg/_debug_key_value_s.c\n'}
[2.769899] (px4_msgs) StdoutLine: {'line': b'-- Up-to-date symlink: /home/carlos/ros2_ws/install/px4_msgs/lib/python3.12/site-packages/px4_msgs/msg/_debug_value.py\n'}
[2.769979] (px4_msgs) StdoutLine: {'line': b'-- Up-to-date symlink: /home/carlos/ros2_ws/install/px4_msgs/lib/python3.12/site-packages/px4_msgs/msg/_debug_value_s.c\n'}
[2.770058] (px4_msgs) StdoutLine: {'line': b'-- Up-to-date symlink: /home/carlos/ros2_ws/install/px4_msgs/lib/python3.12/site-packages/px4_msgs/msg/_debug_vect.py\n'}
[2.770139] (px4_msgs) StdoutLine: {'line': b'-- Up-to-date symlink: /home/carlos/ros2_ws/install/px4_msgs/lib/python3.12/site-packages/px4_msgs/msg/_debug_vect_s.c\n'}
[2.770219] (px4_msgs) StdoutLine: {'line': b'-- Up-to-date symlink: /home/carlos/ros2_ws/install/px4_msgs/lib/python3.12/site-packages/px4_msgs/msg/_differential_pressure.py\n'}
[2.770299] (px4_msgs) StdoutLine: {'line': b'-- Up-to-date symlink: /home/carlos/ros2_ws/install/px4_msgs/lib/python3.12/site-packages/px4_msgs/msg/_differential_pressure_s.c\n'}
[2.770391] (px4_msgs) StdoutLine: {'line': b'-- Up-to-date symlink: /home/carlos/ros2_ws/install/px4_msgs/lib/python3.12/site-packages/px4_msgs/msg/_distance_sensor.py\n'}
[2.770472] (px4_msgs) StdoutLine: {'line': b'-- Up-to-date symlink: /home/carlos/ros2_ws/install/px4_msgs/lib/python3.12/site-packages/px4_msgs/msg/_distance_sensor_mode_change_request.py\n'}
[2.770553] (px4_msgs) StdoutLine: {'line': b'-- Up-to-date symlink: /home/carlos/ros2_ws/install/px4_msgs/lib/python3.12/site-packages/px4_msgs/msg/_distance_sensor_mode_change_request_s.c\n'}
[2.770634] (px4_msgs) StdoutLine: {'line': b'-- Up-to-date symlink: /home/carlos/ros2_ws/install/px4_msgs/lib/python3.12/site-packages/px4_msgs/msg/_distance_sensor_s.c\n'}
[2.770715] (px4_msgs) StdoutLine: {'line': b'-- Up-to-date symlink: /home/carlos/ros2_ws/install/px4_msgs/lib/python3.12/site-packages/px4_msgs/msg/_dronecan_node_status.py\n'}
[2.770795] (px4_msgs) StdoutLine: {'line': b'-- Up-to-date symlink: /home/carlos/ros2_ws/install/px4_msgs/lib/python3.12/site-packages/px4_msgs/msg/_dronecan_node_status_s.c\n'}
[2.770874] (px4_msgs) StdoutLine: {'line': b'-- Up-to-date symlink: /home/carlos/ros2_ws/install/px4_msgs/lib/python3.12/site-packages/px4_msgs/msg/_ekf2_timestamps.py\n'}
[2.770955] (px4_msgs) StdoutLine: {'line': b'-- Up-to-date symlink: /home/carlos/ros2_ws/install/px4_msgs/lib/python3.12/site-packages/px4_msgs/msg/_ekf2_timestamps_s.c\n'}
[2.771036] (px4_msgs) StdoutLine: {'line': b'-- Up-to-date symlink: /home/carlos/ros2_ws/install/px4_msgs/lib/python3.12/site-packages/px4_msgs/msg/_esc_report.py\n'}
[2.771115] (px4_msgs) StdoutLine: {'line': b'-- Up-to-date symlink: /home/carlos/ros2_ws/install/px4_msgs/lib/python3.12/site-packages/px4_msgs/msg/_esc_report_s.c\n'}
[2.771195] (px4_msgs) StdoutLine: {'line': b'-- Up-to-date symlink: /home/carlos/ros2_ws/install/px4_msgs/lib/python3.12/site-packages/px4_msgs/msg/_esc_status.py\n'}
[2.771275] (px4_msgs) StdoutLine: {'line': b'-- Up-to-date symlink: /home/carlos/ros2_ws/install/px4_msgs/lib/python3.12/site-packages/px4_msgs/msg/_esc_status_s.c\n'}
[2.771363] (px4_msgs) StdoutLine: {'line': b'-- Up-to-date symlink: /home/carlos/ros2_ws/install/px4_msgs/lib/python3.12/site-packages/px4_msgs/msg/_estimator_aid_source1d.py\n'}
[2.771453] (px4_msgs) StdoutLine: {'line': b'-- Up-to-date symlink: /home/carlos/ros2_ws/install/px4_msgs/lib/python3.12/site-packages/px4_msgs/msg/_estimator_aid_source1d_s.c\n'}
[2.771534] (px4_msgs) StdoutLine: {'line': b'-- Up-to-date symlink: /home/carlos/ros2_ws/install/px4_msgs/lib/python3.12/site-packages/px4_msgs/msg/_estimator_aid_source2d.py\n'}
[2.771615] (px4_msgs) StdoutLine: {'line': b'-- Up-to-date symlink: /home/carlos/ros2_ws/install/px4_msgs/lib/python3.12/site-packages/px4_msgs/msg/_estimator_aid_source2d_s.c\n'}
[2.771695] (px4_msgs) StdoutLine: {'line': b'-- Up-to-date symlink: /home/carlos/ros2_ws/install/px4_msgs/lib/python3.12/site-packages/px4_msgs/msg/_estimator_aid_source3d.py\n'}
[2.771775] (px4_msgs) StdoutLine: {'line': b'-- Up-to-date symlink: /home/carlos/ros2_ws/install/px4_msgs/lib/python3.12/site-packages/px4_msgs/msg/_estimator_aid_source3d_s.c\n'}
[2.771855] (px4_msgs) StdoutLine: {'line': b'-- Up-to-date symlink: /home/carlos/ros2_ws/install/px4_msgs/lib/python3.12/site-packages/px4_msgs/msg/_estimator_bias.py\n'}
[2.771935] (px4_msgs) StdoutLine: {'line': b'-- Up-to-date symlink: /home/carlos/ros2_ws/install/px4_msgs/lib/python3.12/site-packages/px4_msgs/msg/_estimator_bias3d.py\n'}
[2.772015] (px4_msgs) StdoutLine: {'line': b'-- Up-to-date symlink: /home/carlos/ros2_ws/install/px4_msgs/lib/python3.12/site-packages/px4_msgs/msg/_estimator_bias3d_s.c\n'}
[2.772101] (px4_msgs) StdoutLine: {'line': b'-- Up-to-date symlink: /home/carlos/ros2_ws/install/px4_msgs/lib/python3.12/site-packages/px4_msgs/msg/_estimator_bias_s.c\n'}
[2.772181] (px4_msgs) StdoutLine: {'line': b'-- Up-to-date symlink: /home/carlos/ros2_ws/install/px4_msgs/lib/python3.12/site-packages/px4_msgs/msg/_estimator_event_flags.py\n'}
[2.772261] (px4_msgs) StdoutLine: {'line': b'-- Up-to-date symlink: /home/carlos/ros2_ws/install/px4_msgs/lib/python3.12/site-packages/px4_msgs/msg/_estimator_event_flags_s.c\n'}
[2.772347] (px4_msgs) StdoutLine: {'line': b'-- Up-to-date symlink: /home/carlos/ros2_ws/install/px4_msgs/lib/python3.12/site-packages/px4_msgs/msg/_estimator_gps_status.py\n'}
[2.772428] (px4_msgs) StdoutLine: {'line': b'-- Up-to-date symlink: /home/carlos/ros2_ws/install/px4_msgs/lib/python3.12/site-packages/px4_msgs/msg/_estimator_gps_status_s.c\n'}
[2.772507] (px4_msgs) StdoutLine: {'line': b'-- Up-to-date symlink: /home/carlos/ros2_ws/install/px4_msgs/lib/python3.12/site-packages/px4_msgs/msg/_estimator_innovations.py\n'}
[2.772586] (px4_msgs) StdoutLine: {'line': b'-- Up-to-date symlink: /home/carlos/ros2_ws/install/px4_msgs/lib/python3.12/site-packages/px4_msgs/msg/_estimator_innovations_s.c\n'}
[2.772666] (px4_msgs) StdoutLine: {'line': b'-- Up-to-date symlink: /home/carlos/ros2_ws/install/px4_msgs/lib/python3.12/site-packages/px4_msgs/msg/_estimator_selector_status.py\n'}
[2.772746] (px4_msgs) StdoutLine: {'line': b'-- Up-to-date symlink: /home/carlos/ros2_ws/install/px4_msgs/lib/python3.12/site-packages/px4_msgs/msg/_estimator_selector_status_s.c\n'}
[2.772826] (px4_msgs) StdoutLine: {'line': b'-- Up-to-date symlink: /home/carlos/ros2_ws/install/px4_msgs/lib/python3.12/site-packages/px4_msgs/msg/_estimator_sensor_bias.py\n'}
[2.772904] (px4_msgs) StdoutLine: {'line': b'-- Up-to-date symlink: /home/carlos/ros2_ws/install/px4_msgs/lib/python3.12/site-packages/px4_msgs/msg/_estimator_sensor_bias_s.c\n'}
[2.772984] (px4_msgs) StdoutLine: {'line': b'-- Up-to-date symlink: /home/carlos/ros2_ws/install/px4_msgs/lib/python3.12/site-packages/px4_msgs/msg/_estimator_states.py\n'}
[2.773064] (px4_msgs) StdoutLine: {'line': b'-- Up-to-date symlink: /home/carlos/ros2_ws/install/px4_msgs/lib/python3.12/site-packages/px4_msgs/msg/_estimator_states_s.c\n'}
[2.773143] (px4_msgs) StdoutLine: {'line': b'-- Up-to-date symlink: /home/carlos/ros2_ws/install/px4_msgs/lib/python3.12/site-packages/px4_msgs/msg/_estimator_status.py\n'}
[2.773223] (px4_msgs) StdoutLine: {'line': b'-- Up-to-date symlink: /home/carlos/ros2_ws/install/px4_msgs/lib/python3.12/site-packages/px4_msgs/msg/_estimator_status_flags.py\n'}
[2.773303] (px4_msgs) StdoutLine: {'line': b'-- Up-to-date symlink: /home/carlos/ros2_ws/install/px4_msgs/lib/python3.12/site-packages/px4_msgs/msg/_estimator_status_flags_s.c\n'}
[2.773382] (px4_msgs) StdoutLine: {'line': b'-- Up-to-date symlink: /home/carlos/ros2_ws/install/px4_msgs/lib/python3.12/site-packages/px4_msgs/msg/_estimator_status_s.c\n'}
[2.773464] (px4_msgs) StdoutLine: {'line': b'-- Up-to-date symlink: /home/carlos/ros2_ws/install/px4_msgs/lib/python3.12/site-packages/px4_msgs/msg/_event.py\n'}
[2.773544] (px4_msgs) StdoutLine: {'line': b'-- Up-to-date symlink: /home/carlos/ros2_ws/install/px4_msgs/lib/python3.12/site-packages/px4_msgs/msg/_event_s.c\n'}
[2.773624] (px4_msgs) StdoutLine: {'line': b'-- Up-to-date symlink: /home/carlos/ros2_ws/install/px4_msgs/lib/python3.12/site-packages/px4_msgs/msg/_failsafe_flags.py\n'}
[2.773704] (px4_msgs) StdoutLine: {'line': b'-- Up-to-date symlink: /home/carlos/ros2_ws/install/px4_msgs/lib/python3.12/site-packages/px4_msgs/msg/_failsafe_flags_s.c\n'}
[2.773784] (px4_msgs) StdoutLine: {'line': b'-- Up-to-date symlink: /home/carlos/ros2_ws/install/px4_msgs/lib/python3.12/site-packages/px4_msgs/msg/_failure_detector_status.py\n'}
[2.773864] (px4_msgs) StdoutLine: {'line': b'-- Up-to-date symlink: /home/carlos/ros2_ws/install/px4_msgs/lib/python3.12/site-packages/px4_msgs/msg/_failure_detector_status_s.c\n'}
[2.773944] (px4_msgs) StdoutLine: {'line': b'-- Up-to-date symlink: /home/carlos/ros2_ws/install/px4_msgs/lib/python3.12/site-packages/px4_msgs/msg/_figure_eight_status.py\n'}
[2.774023] (px4_msgs) StdoutLine: {'line': b'-- Up-to-date symlink: /home/carlos/ros2_ws/install/px4_msgs/lib/python3.12/site-packages/px4_msgs/msg/_figure_eight_status_s.c\n'}
[2.774106] (px4_msgs) StdoutLine: {'line': b'-- Up-to-date symlink: /home/carlos/ros2_ws/install/px4_msgs/lib/python3.12/site-packages/px4_msgs/msg/_fixed_wing_lateral_guidance_status.py\n'}
[2.774186] (px4_msgs) StdoutLine: {'line': b'-- Up-to-date symlink: /home/carlos/ros2_ws/install/px4_msgs/lib/python3.12/site-packages/px4_msgs/msg/_fixed_wing_lateral_guidance_status_s.c\n'}
[2.774266] (px4_msgs) StdoutLine: {'line': b'-- Up-to-date symlink: /home/carlos/ros2_ws/install/px4_msgs/lib/python3.12/site-packages/px4_msgs/msg/_fixed_wing_lateral_setpoint.py\n'}
[2.774353] (px4_msgs) StdoutLine: {'line': b'-- Up-to-date symlink: /home/carlos/ros2_ws/install/px4_msgs/lib/python3.12/site-packages/px4_msgs/msg/_fixed_wing_lateral_setpoint_s.c\n'}
[2.774435] (px4_msgs) StdoutLine: {'line': b'-- Up-to-date symlink: /home/carlos/ros2_ws/install/px4_msgs/lib/python3.12/site-packages/px4_msgs/msg/_fixed_wing_lateral_status.py\n'}
[2.774515] (px4_msgs) StdoutLine: {'line': b'-- Up-to-date symlink: /home/carlos/ros2_ws/install/px4_msgs/lib/python3.12/site-packages/px4_msgs/msg/_fixed_wing_lateral_status_s.c\n'}
[2.774600] (px4_msgs) StdoutLine: {'line': b'-- Up-to-date symlink: /home/carlos/ros2_ws/install/px4_msgs/lib/python3.12/site-packages/px4_msgs/msg/_fixed_wing_longitudinal_setpoint.py\n'}
[2.774682] (px4_msgs) StdoutLine: {'line': b'-- Up-to-date symlink: /home/carlos/ros2_ws/install/px4_msgs/lib/python3.12/site-packages/px4_msgs/msg/_fixed_wing_longitudinal_setpoint_s.c\n'}
[2.774762] (px4_msgs) StdoutLine: {'line': b'-- Up-to-date symlink: /home/carlos/ros2_ws/install/px4_msgs/lib/python3.12/site-packages/px4_msgs/msg/_fixed_wing_runway_control.py\n'}
[2.774842] (px4_msgs) StdoutLine: {'line': b'-- Up-to-date symlink: /home/carlos/ros2_ws/install/px4_msgs/lib/python3.12/site-packages/px4_msgs/msg/_fixed_wing_runway_control_s.c\n'}
[2.774923] (px4_msgs) StdoutLine: {'line': b'-- Up-to-date symlink: /home/carlos/ros2_ws/install/px4_msgs/lib/python3.12/site-packages/px4_msgs/msg/_flight_phase_estimation.py\n'}
[2.775003] (px4_msgs) StdoutLine: {'line': b'-- Up-to-date symlink: /home/carlos/ros2_ws/install/px4_msgs/lib/python3.12/site-packages/px4_msgs/msg/_flight_phase_estimation_s.c\n'}
[2.775083] (px4_msgs) StdoutLine: {'line': b'-- Up-to-date symlink: /home/carlos/ros2_ws/install/px4_msgs/lib/python3.12/site-packages/px4_msgs/msg/_follow_target.py\n'}
[2.775164] (px4_msgs) StdoutLine: {'line': b'-- Up-to-date symlink: /home/carlos/ros2_ws/install/px4_msgs/lib/python3.12/site-packages/px4_msgs/msg/_follow_target_estimator.py\n'}
[2.775243] (px4_msgs) StdoutLine: {'line': b'-- Up-to-date symlink: /home/carlos/ros2_ws/install/px4_msgs/lib/python3.12/site-packages/px4_msgs/msg/_follow_target_estimator_s.c\n'}
[2.775356] (px4_msgs) StdoutLine: {'line': b'-- Up-to-date symlink: /home/carlos/ros2_ws/install/px4_msgs/lib/python3.12/site-packages/px4_msgs/msg/_follow_target_s.c\n'}
[2.775555] (px4_msgs) StdoutLine: {'line': b'-- Up-to-date symlink: /home/carlos/ros2_ws/install/px4_msgs/lib/python3.12/site-packages/px4_msgs/msg/_follow_target_status.py\n'}
[2.775693] (px4_msgs) StdoutLine: {'line': b'-- Up-to-date symlink: /home/carlos/ros2_ws/install/px4_msgs/lib/python3.12/site-packages/px4_msgs/msg/_follow_target_status_s.c\n'}
[2.775842] (px4_msgs) StdoutLine: {'line': b'-- Up-to-date symlink: /home/carlos/ros2_ws/install/px4_msgs/lib/python3.12/site-packages/px4_msgs/msg/_fuel_tank_status.py\n'}
[2.775982] (px4_msgs) StdoutLine: {'line': b'-- Up-to-date symlink: /home/carlos/ros2_ws/install/px4_msgs/lib/python3.12/site-packages/px4_msgs/msg/_fuel_tank_status_s.c\n'}
[2.776099] (px4_msgs) StdoutLine: {'line': b'-- Up-to-date symlink: /home/carlos/ros2_ws/install/px4_msgs/lib/python3.12/site-packages/px4_msgs/msg/_generator_status.py\n'}
[2.776233] (px4_msgs) StdoutLine: {'line': b'-- Up-to-date symlink: /home/carlos/ros2_ws/install/px4_msgs/lib/python3.12/site-packages/px4_msgs/msg/_generator_status_s.c\n'}
[2.776374] (px4_msgs) StdoutLine: {'line': b'-- Up-to-date symlink: /home/carlos/ros2_ws/install/px4_msgs/lib/python3.12/site-packages/px4_msgs/msg/_geofence_result.py\n'}
[2.776477] (px4_msgs) StdoutLine: {'line': b'-- Up-to-date symlink: /home/carlos/ros2_ws/install/px4_msgs/lib/python3.12/site-packages/px4_msgs/msg/_geofence_result_s.c\n'}
[2.776596] (px4_msgs) StdoutLine: {'line': b'-- Up-to-date symlink: /home/carlos/ros2_ws/install/px4_msgs/lib/python3.12/site-packages/px4_msgs/msg/_geofence_status.py\n'}
[2.776725] (px4_msgs) StdoutLine: {'line': b'-- Up-to-date symlink: /home/carlos/ros2_ws/install/px4_msgs/lib/python3.12/site-packages/px4_msgs/msg/_geofence_status_s.c\n'}
[2.776843] (px4_msgs) StdoutLine: {'line': b'-- Up-to-date symlink: /home/carlos/ros2_ws/install/px4_msgs/lib/python3.12/site-packages/px4_msgs/msg/_gimbal_controls.py\n'}
[2.776890] (px4_msgs) StdoutLine: {'line': b'-- Up-to-date symlink: /home/carlos/ros2_ws/install/px4_msgs/lib/python3.12/site-packages/px4_msgs/msg/_gimbal_controls_s.c\n'}
[2.776935] (px4_msgs) StdoutLine: {'line': b'-- Up-to-date symlink: /home/carlos/ros2_ws/install/px4_msgs/lib/python3.12/site-packages/px4_msgs/msg/_gimbal_device_attitude_status.py\n'}
[2.776978] (px4_msgs) StdoutLine: {'line': b'-- Up-to-date symlink: /home/carlos/ros2_ws/install/px4_msgs/lib/python3.12/site-packages/px4_msgs/msg/_gimbal_device_attitude_status_s.c\n'}
[2.777023] (px4_msgs) StdoutLine: {'line': b'-- Up-to-date symlink: /home/carlos/ros2_ws/install/px4_msgs/lib/python3.12/site-packages/px4_msgs/msg/_gimbal_device_information.py\n'}
[2.777064] (px4_msgs) StdoutLine: {'line': b'-- Up-to-date symlink: /home/carlos/ros2_ws/install/px4_msgs/lib/python3.12/site-packages/px4_msgs/msg/_gimbal_device_information_s.c\n'}
[2.777109] (px4_msgs) StdoutLine: {'line': b'-- Up-to-date symlink: /home/carlos/ros2_ws/install/px4_msgs/lib/python3.12/site-packages/px4_msgs/msg/_gimbal_device_set_attitude.py\n'}
[2.777150] (px4_msgs) StdoutLine: {'line': b'-- Up-to-date symlink: /home/carlos/ros2_ws/install/px4_msgs/lib/python3.12/site-packages/px4_msgs/msg/_gimbal_device_set_attitude_s.c\n'}
[2.777218] (px4_msgs) StdoutLine: {'line': b'-- Up-to-date symlink: /home/carlos/ros2_ws/install/px4_msgs/lib/python3.12/site-packages/px4_msgs/msg/_gimbal_manager_information.py\n'}
[2.777266] (px4_msgs) StdoutLine: {'line': b'-- Up-to-date symlink: /home/carlos/ros2_ws/install/px4_msgs/lib/python3.12/site-packages/px4_msgs/msg/_gimbal_manager_information_s.c\n'}
[2.777315] (px4_msgs) StdoutLine: {'line': b'-- Up-to-date symlink: /home/carlos/ros2_ws/install/px4_msgs/lib/python3.12/site-packages/px4_msgs/msg/_gimbal_manager_set_attitude.py\n'}
[2.777361] (px4_msgs) StdoutLine: {'line': b'-- Up-to-date symlink: /home/carlos/ros2_ws/install/px4_msgs/lib/python3.12/site-packages/px4_msgs/msg/_gimbal_manager_set_attitude_s.c\n'}
[2.777403] (px4_msgs) StdoutLine: {'line': b'-- Up-to-date symlink: /home/carlos/ros2_ws/install/px4_msgs/lib/python3.12/site-packages/px4_msgs/msg/_gimbal_manager_set_manual_control.py\n'}
[2.777463] (px4_msgs) StdoutLine: {'line': b'-- Up-to-date symlink: /home/carlos/ros2_ws/install/px4_msgs/lib/python3.12/site-packages/px4_msgs/msg/_gimbal_manager_set_manual_control_s.c\n'}
[2.777510] (px4_msgs) StdoutLine: {'line': b'-- Up-to-date symlink: /home/carlos/ros2_ws/install/px4_msgs/lib/python3.12/site-packages/px4_msgs/msg/_gimbal_manager_status.py\n'}
[2.777564] (px4_msgs) StdoutLine: {'line': b'-- Up-to-date symlink: /home/carlos/ros2_ws/install/px4_msgs/lib/python3.12/site-packages/px4_msgs/msg/_gimbal_manager_status_s.c\n'}
[2.777606] (px4_msgs) StdoutLine: {'line': b'-- Up-to-date symlink: /home/carlos/ros2_ws/install/px4_msgs/lib/python3.12/site-packages/px4_msgs/msg/_goto_setpoint.py\n'}
[2.777660] (px4_msgs) StdoutLine: {'line': b'-- Up-to-date symlink: /home/carlos/ros2_ws/install/px4_msgs/lib/python3.12/site-packages/px4_msgs/msg/_goto_setpoint_s.c\n'}
[2.777713] (px4_msgs) StdoutLine: {'line': b'-- Up-to-date symlink: /home/carlos/ros2_ws/install/px4_msgs/lib/python3.12/site-packages/px4_msgs/msg/_gpio_config.py\n'}
[2.777812] (px4_msgs) StdoutLine: {'line': b'-- Up-to-date symlink: /home/carlos/ros2_ws/install/px4_msgs/lib/python3.12/site-packages/px4_msgs/msg/_gpio_config_s.c\n'}
[2.777894] (px4_msgs) StdoutLine: {'line': b'-- Up-to-date symlink: /home/carlos/ros2_ws/install/px4_msgs/lib/python3.12/site-packages/px4_msgs/msg/_gpio_in.py\n'}
[2.777975] (px4_msgs) StdoutLine: {'line': b'-- Up-to-date symlink: /home/carlos/ros2_ws/install/px4_msgs/lib/python3.12/site-packages/px4_msgs/msg/_gpio_in_s.c\n'}
[2.778056] (px4_msgs) StdoutLine: {'line': b'-- Up-to-date symlink: /home/carlos/ros2_ws/install/px4_msgs/lib/python3.12/site-packages/px4_msgs/msg/_gpio_out.py\n'}
[2.778138] (px4_msgs) StdoutLine: {'line': b'-- Up-to-date symlink: /home/carlos/ros2_ws/install/px4_msgs/lib/python3.12/site-packages/px4_msgs/msg/_gpio_out_s.c\n'}
[2.778219] (px4_msgs) StdoutLine: {'line': b'-- Up-to-date symlink: /home/carlos/ros2_ws/install/px4_msgs/lib/python3.12/site-packages/px4_msgs/msg/_gpio_request.py\n'}
[2.778300] (px4_msgs) StdoutLine: {'line': b'-- Up-to-date symlink: /home/carlos/ros2_ws/install/px4_msgs/lib/python3.12/site-packages/px4_msgs/msg/_gpio_request_s.c\n'}
[2.778392] (px4_msgs) StdoutLine: {'line': b'-- Up-to-date symlink: /home/carlos/ros2_ws/install/px4_msgs/lib/python3.12/site-packages/px4_msgs/msg/_gps_dump.py\n'}
[2.778456] (px4_msgs) StdoutLine: {'line': b'-- Up-to-date symlink: /home/carlos/ros2_ws/install/px4_msgs/lib/python3.12/site-packages/px4_msgs/msg/_gps_dump_s.c\n'}
[2.778527] (px4_msgs) StdoutLine: {'line': b'-- Up-to-date symlink: /home/carlos/ros2_ws/install/px4_msgs/lib/python3.12/site-packages/px4_msgs/msg/_gps_inject_data.py\n'}
[2.778637] (px4_msgs) StdoutLine: {'line': b'-- Up-to-date symlink: /home/carlos/ros2_ws/install/px4_msgs/lib/python3.12/site-packages/px4_msgs/msg/_gps_inject_data_s.c\n'}
[2.778718] (px4_msgs) StdoutLine: {'line': b'-- Up-to-date symlink: /home/carlos/ros2_ws/install/px4_msgs/lib/python3.12/site-packages/px4_msgs/msg/_gripper.py\n'}
[2.778799] (px4_msgs) StdoutLine: {'line': b'-- Up-to-date symlink: /home/carlos/ros2_ws/install/px4_msgs/lib/python3.12/site-packages/px4_msgs/msg/_gripper_s.c\n'}
[2.778879] (px4_msgs) StdoutLine: {'line': b'-- Up-to-date symlink: /home/carlos/ros2_ws/install/px4_msgs/lib/python3.12/site-packages/px4_msgs/msg/_health_report.py\n'}
[2.778962] (px4_msgs) StdoutLine: {'line': b'-- Up-to-date symlink: /home/carlos/ros2_ws/install/px4_msgs/lib/python3.12/site-packages/px4_msgs/msg/_health_report_s.c\n'}
[2.779058] (px4_msgs) StdoutLine: {'line': b'-- Up-to-date symlink: /home/carlos/ros2_ws/install/px4_msgs/lib/python3.12/site-packages/px4_msgs/msg/_heater_status.py\n'}
[2.779129] (px4_msgs) StdoutLine: {'line': b'-- Up-to-date symlink: /home/carlos/ros2_ws/install/px4_msgs/lib/python3.12/site-packages/px4_msgs/msg/_heater_status_s.c\n'}
[2.779201] (px4_msgs) StdoutLine: {'line': b'-- Up-to-date symlink: /home/carlos/ros2_ws/install/px4_msgs/lib/python3.12/site-packages/px4_msgs/msg/_home_position.py\n'}
[2.779292] (px4_msgs) StdoutLine: {'line': b'-- Up-to-date symlink: /home/carlos/ros2_ws/install/px4_msgs/lib/python3.12/site-packages/px4_msgs/msg/_home_position_s.c\n'}
[2.779390] (px4_msgs) StdoutLine: {'line': b'-- Up-to-date symlink: /home/carlos/ros2_ws/install/px4_msgs/lib/python3.12/site-packages/px4_msgs/msg/_hover_thrust_estimate.py\n'}
[2.779472] (px4_msgs) StdoutLine: {'line': b'-- Up-to-date symlink: /home/carlos/ros2_ws/install/px4_msgs/lib/python3.12/site-packages/px4_msgs/msg/_hover_thrust_estimate_s.c\n'}
[2.779552] (px4_msgs) StdoutLine: {'line': b'-- Up-to-date symlink: /home/carlos/ros2_ws/install/px4_msgs/lib/python3.12/site-packages/px4_msgs/msg/_input_rc.py\n'}
[2.779632] (px4_msgs) StdoutLine: {'line': b'-- Up-to-date symlink: /home/carlos/ros2_ws/install/px4_msgs/lib/python3.12/site-packages/px4_msgs/msg/_input_rc_s.c\n'}
[2.779714] (px4_msgs) StdoutLine: {'line': b'-- Up-to-date symlink: /home/carlos/ros2_ws/install/px4_msgs/lib/python3.12/site-packages/px4_msgs/msg/_internal_combustion_engine_control.py\n'}
[2.779794] (px4_msgs) StdoutLine: {'line': b'-- Up-to-date symlink: /home/carlos/ros2_ws/install/px4_msgs/lib/python3.12/site-packages/px4_msgs/msg/_internal_combustion_engine_control_s.c\n'}
[2.779875] (px4_msgs) StdoutLine: {'line': b'-- Up-to-date symlink: /home/carlos/ros2_ws/install/px4_msgs/lib/python3.12/site-packages/px4_msgs/msg/_internal_combustion_engine_status.py\n'}
[2.779955] (px4_msgs) StdoutLine: {'line': b'-- Up-to-date symlink: /home/carlos/ros2_ws/install/px4_msgs/lib/python3.12/site-packages/px4_msgs/msg/_internal_combustion_engine_status_s.c\n'}
[2.780036] (px4_msgs) StdoutLine: {'line': b'-- Up-to-date symlink: /home/carlos/ros2_ws/install/px4_msgs/lib/python3.12/site-packages/px4_msgs/msg/_iridiumsbd_status.py\n'}
[2.780117] (px4_msgs) StdoutLine: {'line': b'-- Up-to-date symlink: /home/carlos/ros2_ws/install/px4_msgs/lib/python3.12/site-packages/px4_msgs/msg/_iridiumsbd_status_s.c\n'}
[2.780198] (px4_msgs) StdoutLine: {'line': b'-- Up-to-date symlink: /home/carlos/ros2_ws/install/px4_msgs/lib/python3.12/site-packages/px4_msgs/msg/_irlock_report.py\n'}
[2.780277] (px4_msgs) StdoutLine: {'line': b'-- Up-to-date symlink: /home/carlos/ros2_ws/install/px4_msgs/lib/python3.12/site-packages/px4_msgs/msg/_irlock_report_s.c\n'}
[2.780364] (px4_msgs) StdoutLine: {'line': b'-- Up-to-date symlink: /home/carlos/ros2_ws/install/px4_msgs/lib/python3.12/site-packages/px4_msgs/msg/_landing_gear.py\n'}
[2.780451] (px4_msgs) StdoutLine: {'line': b'-- Up-to-date symlink: /home/carlos/ros2_ws/install/px4_msgs/lib/python3.12/site-packages/px4_msgs/msg/_landing_gear_s.c\n'}
[2.780531] (px4_msgs) StdoutLine: {'line': b'-- Up-to-date symlink: /home/carlos/ros2_ws/install/px4_msgs/lib/python3.12/site-packages/px4_msgs/msg/_landing_gear_wheel.py\n'}
[2.780611] (px4_msgs) StdoutLine: {'line': b'-- Up-to-date symlink: /home/carlos/ros2_ws/install/px4_msgs/lib/python3.12/site-packages/px4_msgs/msg/_landing_gear_wheel_s.c\n'}
[2.780692] (px4_msgs) StdoutLine: {'line': b'-- Up-to-date symlink: /home/carlos/ros2_ws/install/px4_msgs/lib/python3.12/site-packages/px4_msgs/msg/_landing_target_innovations.py\n'}
[2.780773] (px4_msgs) StdoutLine: {'line': b'-- Up-to-date symlink: /home/carlos/ros2_ws/install/px4_msgs/lib/python3.12/site-packages/px4_msgs/msg/_landing_target_innovations_s.c\n'}
[2.780853] (px4_msgs) StdoutLine: {'line': b'-- Up-to-date symlink: /home/carlos/ros2_ws/install/px4_msgs/lib/python3.12/site-packages/px4_msgs/msg/_landing_target_pose.py\n'}
[2.780933] (px4_msgs) StdoutLine: {'line': b'-- Up-to-date symlink: /home/carlos/ros2_ws/install/px4_msgs/lib/python3.12/site-packages/px4_msgs/msg/_landing_target_pose_s.c\n'}
[2.781013] (px4_msgs) StdoutLine: {'line': b'-- Up-to-date symlink: /home/carlos/ros2_ws/install/px4_msgs/lib/python3.12/site-packages/px4_msgs/msg/_lateral_control_configuration.py\n'}
[2.781097] (px4_msgs) StdoutLine: {'line': b'-- Up-to-date symlink: /home/carlos/ros2_ws/install/px4_msgs/lib/python3.12/site-packages/px4_msgs/msg/_lateral_control_configuration_s.c\n'}
[2.781179] (px4_msgs) StdoutLine: {'line': b'-- Up-to-date symlink: /home/carlos/ros2_ws/install/px4_msgs/lib/python3.12/site-packages/px4_msgs/msg/_launch_detection_status.py\n'}
[2.781260] (px4_msgs) StdoutLine: {'line': b'-- Up-to-date symlink: /home/carlos/ros2_ws/install/px4_msgs/lib/python3.12/site-packages/px4_msgs/msg/_launch_detection_status_s.c\n'}
[2.781345] (px4_msgs) StdoutLine: {'line': b'-- Up-to-date symlink: /home/carlos/ros2_ws/install/px4_msgs/lib/python3.12/site-packages/px4_msgs/msg/_led_control.py\n'}
[2.781431] (px4_msgs) StdoutLine: {'line': b'-- Up-to-date symlink: /home/carlos/ros2_ws/install/px4_msgs/lib/python3.12/site-packages/px4_msgs/msg/_led_control_s.c\n'}
[2.781511] (px4_msgs) StdoutLine: {'line': b'-- Up-to-date symlink: /home/carlos/ros2_ws/install/px4_msgs/lib/python3.12/site-packages/px4_msgs/msg/_log_message.py\n'}
[2.781590] (px4_msgs) StdoutLine: {'line': b'-- Up-to-date symlink: /home/carlos/ros2_ws/install/px4_msgs/lib/python3.12/site-packages/px4_msgs/msg/_log_message_s.c\n'}
[2.781675] (px4_msgs) StdoutLine: {'line': b'-- Up-to-date symlink: /home/carlos/ros2_ws/install/px4_msgs/lib/python3.12/site-packages/px4_msgs/msg/_logger_status.py\n'}
[2.781755] (px4_msgs) StdoutLine: {'line': b'-- Up-to-date symlink: /home/carlos/ros2_ws/install/px4_msgs/lib/python3.12/site-packages/px4_msgs/msg/_logger_status_s.c\n'}
[2.781837] (px4_msgs) StdoutLine: {'line': b'-- Up-to-date symlink: /home/carlos/ros2_ws/install/px4_msgs/lib/python3.12/site-packages/px4_msgs/msg/_longitudinal_control_configuration.py\n'}
[2.781918] (px4_msgs) StdoutLine: {'line': b'-- Up-to-date symlink: /home/carlos/ros2_ws/install/px4_msgs/lib/python3.12/site-packages/px4_msgs/msg/_longitudinal_control_configuration_s.c\n'}
[2.781999] (px4_msgs) StdoutLine: {'line': b'-- Up-to-date symlink: /home/carlos/ros2_ws/install/px4_msgs/lib/python3.12/site-packages/px4_msgs/msg/_mag_worker_data.py\n'}
[2.782079] (px4_msgs) StdoutLine: {'line': b'-- Up-to-date symlink: /home/carlos/ros2_ws/install/px4_msgs/lib/python3.12/site-packages/px4_msgs/msg/_mag_worker_data_s.c\n'}
[2.782159] (px4_msgs) StdoutLine: {'line': b'-- Up-to-date symlink: /home/carlos/ros2_ws/install/px4_msgs/lib/python3.12/site-packages/px4_msgs/msg/_magnetometer_bias_estimate.py\n'}
[2.782240] (px4_msgs) StdoutLine: {'line': b'-- Up-to-date symlink: /home/carlos/ros2_ws/install/px4_msgs/lib/python3.12/site-packages/px4_msgs/msg/_magnetometer_bias_estimate_s.c\n'}
[2.782328] (px4_msgs) StdoutLine: {'line': b'-- Up-to-date symlink: /home/carlos/ros2_ws/install/px4_msgs/lib/python3.12/site-packages/px4_msgs/msg/_manual_control_setpoint.py\n'}
[2.782510] (px4_msgs) StdoutLine: {'line': b'-- Up-to-date symlink: /home/carlos/ros2_ws/install/px4_msgs/lib/python3.12/site-packages/px4_msgs/msg/_manual_control_setpoint_s.c\n'}
[2.782664] (px4_msgs) StdoutLine: {'line': b'-- Up-to-date symlink: /home/carlos/ros2_ws/install/px4_msgs/lib/python3.12/site-packages/px4_msgs/msg/_manual_control_switches.py\n'}
[2.782799] (px4_msgs) StdoutLine: {'line': b'-- Up-to-date symlink: /home/carlos/ros2_ws/install/px4_msgs/lib/python3.12/site-packages/px4_msgs/msg/_manual_control_switches_s.c\n'}
[2.782895] (px4_msgs) StdoutLine: {'line': b'-- Up-to-date symlink: /home/carlos/ros2_ws/install/px4_msgs/lib/python3.12/site-packages/px4_msgs/msg/_mavlink_log.py\n'}
[2.782945] (px4_msgs) StdoutLine: {'line': b'-- Up-to-date symlink: /home/carlos/ros2_ws/install/px4_msgs/lib/python3.12/site-packages/px4_msgs/msg/_mavlink_log_s.c\n'}
[2.782989] (px4_msgs) StdoutLine: {'line': b'-- Up-to-date symlink: /home/carlos/ros2_ws/install/px4_msgs/lib/python3.12/site-packages/px4_msgs/msg/_mavlink_tunnel.py\n'}
[2.783051] (px4_msgs) StdoutLine: {'line': b'-- Up-to-date symlink: /home/carlos/ros2_ws/install/px4_msgs/lib/python3.12/site-packages/px4_msgs/msg/_mavlink_tunnel_s.c\n'}
[2.783111] (px4_msgs) StdoutLine: {'line': b'-- Up-to-date symlink: /home/carlos/ros2_ws/install/px4_msgs/lib/python3.12/site-packages/px4_msgs/msg/_message_format_request.py\n'}
[2.783155] (px4_msgs) StdoutLine: {'line': b'-- Up-to-date symlink: /home/carlos/ros2_ws/install/px4_msgs/lib/python3.12/site-packages/px4_msgs/msg/_message_format_request_s.c\n'}
[2.783215] (px4_msgs) StdoutLine: {'line': b'-- Up-to-date symlink: /home/carlos/ros2_ws/install/px4_msgs/lib/python3.12/site-packages/px4_msgs/msg/_message_format_response.py\n'}
[2.783280] (px4_msgs) StdoutLine: {'line': b'-- Up-to-date symlink: /home/carlos/ros2_ws/install/px4_msgs/lib/python3.12/site-packages/px4_msgs/msg/_message_format_response_s.c\n'}
[2.783347] (px4_msgs) StdoutLine: {'line': b'-- Up-to-date symlink: /home/carlos/ros2_ws/install/px4_msgs/lib/python3.12/site-packages/px4_msgs/msg/_mission.py\n'}
[2.783413] (px4_msgs) StdoutLine: {'line': b'-- Up-to-date symlink: /home/carlos/ros2_ws/install/px4_msgs/lib/python3.12/site-packages/px4_msgs/msg/_mission_result.py\n'}
[2.783479] (px4_msgs) StdoutLine: {'line': b'-- Up-to-date symlink: /home/carlos/ros2_ws/install/px4_msgs/lib/python3.12/site-packages/px4_msgs/msg/_mission_result_s.c\n'}
[2.783560] (px4_msgs) StdoutLine: {'line': b'-- Up-to-date symlink: /home/carlos/ros2_ws/install/px4_msgs/lib/python3.12/site-packages/px4_msgs/msg/_mission_s.c\n'}
[2.783671] (px4_msgs) StdoutLine: {'line': b'-- Up-to-date symlink: /home/carlos/ros2_ws/install/px4_msgs/lib/python3.12/site-packages/px4_msgs/msg/_mode_completed.py\n'}
[2.783753] (px4_msgs) StdoutLine: {'line': b'-- Up-to-date symlink: /home/carlos/ros2_ws/install/px4_msgs/lib/python3.12/site-packages/px4_msgs/msg/_mode_completed_s.c\n'}
[2.783835] (px4_msgs) StdoutLine: {'line': b'-- Up-to-date symlink: /home/carlos/ros2_ws/install/px4_msgs/lib/python3.12/site-packages/px4_msgs/msg/_mount_orientation.py\n'}
[2.783917] (px4_msgs) StdoutLine: {'line': b'-- Up-to-date symlink: /home/carlos/ros2_ws/install/px4_msgs/lib/python3.12/site-packages/px4_msgs/msg/_mount_orientation_s.c\n'}
[2.783999] (px4_msgs) StdoutLine: {'line': b'-- Up-to-date symlink: /home/carlos/ros2_ws/install/px4_msgs/lib/python3.12/site-packages/px4_msgs/msg/_navigator_mission_item.py\n'}
[2.784060] (px4_msgs) StdoutLine: {'line': b'-- Up-to-date symlink: /home/carlos/ros2_ws/install/px4_msgs/lib/python3.12/site-packages/px4_msgs/msg/_navigator_mission_item_s.c\n'}
[2.784146] (px4_msgs) StdoutLine: {'line': b'-- Up-to-date symlink: /home/carlos/ros2_ws/install/px4_msgs/lib/python3.12/site-packages/px4_msgs/msg/_navigator_status.py\n'}
[2.784224] (px4_msgs) StdoutLine: {'line': b'-- Up-to-date symlink: /home/carlos/ros2_ws/install/px4_msgs/lib/python3.12/site-packages/px4_msgs/msg/_navigator_status_s.c\n'}
[2.784318] (px4_msgs) StdoutLine: {'line': b'-- Up-to-date symlink: /home/carlos/ros2_ws/install/px4_msgs/lib/python3.12/site-packages/px4_msgs/msg/_neural_control.py\n'}
[2.784406] (px4_msgs) StdoutLine: {'line': b'-- Up-to-date symlink: /home/carlos/ros2_ws/install/px4_msgs/lib/python3.12/site-packages/px4_msgs/msg/_neural_control_s.c\n'}
[2.784487] (px4_msgs) StdoutLine: {'line': b'-- Up-to-date symlink: /home/carlos/ros2_ws/install/px4_msgs/lib/python3.12/site-packages/px4_msgs/msg/_normalized_unsigned_setpoint.py\n'}
[2.784568] (px4_msgs) StdoutLine: {'line': b'-- Up-to-date symlink: /home/carlos/ros2_ws/install/px4_msgs/lib/python3.12/site-packages/px4_msgs/msg/_normalized_unsigned_setpoint_s.c\n'}
[2.784648] (px4_msgs) StdoutLine: {'line': b'-- Up-to-date symlink: /home/carlos/ros2_ws/install/px4_msgs/lib/python3.12/site-packages/px4_msgs/msg/_obstacle_distance.py\n'}
[2.784728] (px4_msgs) StdoutLine: {'line': b'-- Up-to-date symlink: /home/carlos/ros2_ws/install/px4_msgs/lib/python3.12/site-packages/px4_msgs/msg/_obstacle_distance_s.c\n'}
[2.784808] (px4_msgs) StdoutLine: {'line': b'-- Up-to-date symlink: /home/carlos/ros2_ws/install/px4_msgs/lib/python3.12/site-packages/px4_msgs/msg/_offboard_control_mode.py\n'}
[2.784887] (px4_msgs) StdoutLine: {'line': b'-- Up-to-date symlink: /home/carlos/ros2_ws/install/px4_msgs/lib/python3.12/site-packages/px4_msgs/msg/_offboard_control_mode_s.c\n'}
[2.784968] (px4_msgs) StdoutLine: {'line': b'-- Up-to-date symlink: /home/carlos/ros2_ws/install/px4_msgs/lib/python3.12/site-packages/px4_msgs/msg/_onboard_computer_status.py\n'}
[2.785048] (px4_msgs) StdoutLine: {'line': b'-- Up-to-date symlink: /home/carlos/ros2_ws/install/px4_msgs/lib/python3.12/site-packages/px4_msgs/msg/_onboard_computer_status_s.c\n'}
[2.785128] (px4_msgs) StdoutLine: {'line': b'-- Up-to-date symlink: /home/carlos/ros2_ws/install/px4_msgs/lib/python3.12/site-packages/px4_msgs/msg/_open_drone_id_arm_status.py\n'}
[2.785208] (px4_msgs) StdoutLine: {'line': b'-- Up-to-date symlink: /home/carlos/ros2_ws/install/px4_msgs/lib/python3.12/site-packages/px4_msgs/msg/_open_drone_id_arm_status_s.c\n'}
[2.785287] (px4_msgs) StdoutLine: {'line': b'-- Up-to-date symlink: /home/carlos/ros2_ws/install/px4_msgs/lib/python3.12/site-packages/px4_msgs/msg/_open_drone_id_operator_id.py\n'}
[2.785381] (px4_msgs) StdoutLine: {'line': b'-- Up-to-date symlink: /home/carlos/ros2_ws/install/px4_msgs/lib/python3.12/site-packages/px4_msgs/msg/_open_drone_id_operator_id_s.c\n'}
[2.785459] (px4_msgs) StdoutLine: {'line': b'-- Up-to-date symlink: /home/carlos/ros2_ws/install/px4_msgs/lib/python3.12/site-packages/px4_msgs/msg/_open_drone_id_self_id.py\n'}
[2.785539] (px4_msgs) StdoutLine: {'line': b'-- Up-to-date symlink: /home/carlos/ros2_ws/install/px4_msgs/lib/python3.12/site-packages/px4_msgs/msg/_open_drone_id_self_id_s.c\n'}
[2.785618] (px4_msgs) StdoutLine: {'line': b'-- Up-to-date symlink: /home/carlos/ros2_ws/install/px4_msgs/lib/python3.12/site-packages/px4_msgs/msg/_open_drone_id_system.py\n'}
[2.785699] (px4_msgs) StdoutLine: {'line': b'-- Up-to-date symlink: /home/carlos/ros2_ws/install/px4_msgs/lib/python3.12/site-packages/px4_msgs/msg/_open_drone_id_system_s.c\n'}
[2.785779] (px4_msgs) StdoutLine: {'line': b'-- Up-to-date symlink: /home/carlos/ros2_ws/install/px4_msgs/lib/python3.12/site-packages/px4_msgs/msg/_orb_test.py\n'}
[2.785859] (px4_msgs) StdoutLine: {'line': b'-- Up-to-date symlink: /home/carlos/ros2_ws/install/px4_msgs/lib/python3.12/site-packages/px4_msgs/msg/_orb_test_large.py\n'}
[2.785939] (px4_msgs) StdoutLine: {'line': b'-- Up-to-date symlink: /home/carlos/ros2_ws/install/px4_msgs/lib/python3.12/site-packages/px4_msgs/msg/_orb_test_large_s.c\n'}
[2.786020] (px4_msgs) StdoutLine: {'line': b'-- Up-to-date symlink: /home/carlos/ros2_ws/install/px4_msgs/lib/python3.12/site-packages/px4_msgs/msg/_orb_test_medium.py\n'}
[2.786101] (px4_msgs) StdoutLine: {'line': b'-- Up-to-date symlink: /home/carlos/ros2_ws/install/px4_msgs/lib/python3.12/site-packages/px4_msgs/msg/_orb_test_medium_s.c\n'}
[2.786181] (px4_msgs) StdoutLine: {'line': b'-- Up-to-date symlink: /home/carlos/ros2_ws/install/px4_msgs/lib/python3.12/site-packages/px4_msgs/msg/_orb_test_s.c\n'}
[2.786261] (px4_msgs) StdoutLine: {'line': b'-- Up-to-date symlink: /home/carlos/ros2_ws/install/px4_msgs/lib/python3.12/site-packages/px4_msgs/msg/_orbit_status.py\n'}
[2.786349] (px4_msgs) StdoutLine: {'line': b'-- Up-to-date symlink: /home/carlos/ros2_ws/install/px4_msgs/lib/python3.12/site-packages/px4_msgs/msg/_orbit_status_s.c\n'}
[2.786433] (px4_msgs) StdoutLine: {'line': b'-- Up-to-date symlink: /home/carlos/ros2_ws/install/px4_msgs/lib/python3.12/site-packages/px4_msgs/msg/_parameter_reset_request.py\n'}
[2.786519] (px4_msgs) StdoutLine: {'line': b'-- Up-to-date symlink: /home/carlos/ros2_ws/install/px4_msgs/lib/python3.12/site-packages/px4_msgs/msg/_parameter_reset_request_s.c\n'}
[2.786599] (px4_msgs) StdoutLine: {'line': b'-- Up-to-date symlink: /home/carlos/ros2_ws/install/px4_msgs/lib/python3.12/site-packages/px4_msgs/msg/_parameter_set_used_request.py\n'}
[2.786679] (px4_msgs) StdoutLine: {'line': b'-- Up-to-date symlink: /home/carlos/ros2_ws/install/px4_msgs/lib/python3.12/site-packages/px4_msgs/msg/_parameter_set_used_request_s.c\n'}
[2.786759] (px4_msgs) StdoutLine: {'line': b'-- Up-to-date symlink: /home/carlos/ros2_ws/install/px4_msgs/lib/python3.12/site-packages/px4_msgs/msg/_parameter_set_value_request.py\n'}
[2.786839] (px4_msgs) StdoutLine: {'line': b'-- Up-to-date symlink: /home/carlos/ros2_ws/install/px4_msgs/lib/python3.12/site-packages/px4_msgs/msg/_parameter_set_value_request_s.c\n'}
[2.786919] (px4_msgs) StdoutLine: {'line': b'-- Up-to-date symlink: /home/carlos/ros2_ws/install/px4_msgs/lib/python3.12/site-packages/px4_msgs/msg/_parameter_set_value_response.py\n'}
[2.786999] (px4_msgs) StdoutLine: {'line': b'-- Up-to-date symlink: /home/carlos/ros2_ws/install/px4_msgs/lib/python3.12/site-packages/px4_msgs/msg/_parameter_set_value_response_s.c\n'}
[2.787080] (px4_msgs) StdoutLine: {'line': b'-- Up-to-date symlink: /home/carlos/ros2_ws/install/px4_msgs/lib/python3.12/site-packages/px4_msgs/msg/_parameter_update.py\n'}
[2.787160] (px4_msgs) StdoutLine: {'line': b'-- Up-to-date symlink: /home/carlos/ros2_ws/install/px4_msgs/lib/python3.12/site-packages/px4_msgs/msg/_parameter_update_s.c\n'}
[2.787241] (px4_msgs) StdoutLine: {'line': b'-- Up-to-date symlink: /home/carlos/ros2_ws/install/px4_msgs/lib/python3.12/site-packages/px4_msgs/msg/_ping.py\n'}
[2.787332] (px4_msgs) StdoutLine: {'line': b'-- Up-to-date symlink: /home/carlos/ros2_ws/install/px4_msgs/lib/python3.12/site-packages/px4_msgs/msg/_ping_s.c\n'}
[2.787420] (px4_msgs) StdoutLine: {'line': b'-- Up-to-date symlink: /home/carlos/ros2_ws/install/px4_msgs/lib/python3.12/site-packages/px4_msgs/msg/_position_controller_landing_status.py\n'}
[2.787510] (px4_msgs) StdoutLine: {'line': b'-- Up-to-date symlink: /home/carlos/ros2_ws/install/px4_msgs/lib/python3.12/site-packages/px4_msgs/msg/_position_controller_landing_status_s.c\n'}
[2.787592] (px4_msgs) StdoutLine: {'line': b'-- Up-to-date symlink: /home/carlos/ros2_ws/install/px4_msgs/lib/python3.12/site-packages/px4_msgs/msg/_position_controller_status.py\n'}
[2.787667] (px4_msgs) StdoutLine: {'line': b'-- Up-to-date symlink: /home/carlos/ros2_ws/install/px4_msgs/lib/python3.12/site-packages/px4_msgs/msg/_position_controller_status_s.c\n'}
[2.787746] (px4_msgs) StdoutLine: {'line': b'-- Up-to-date symlink: /home/carlos/ros2_ws/install/px4_msgs/lib/python3.12/site-packages/px4_msgs/msg/_position_setpoint.py\n'}
[2.787826] (px4_msgs) StdoutLine: {'line': b'-- Up-to-date symlink: /home/carlos/ros2_ws/install/px4_msgs/lib/python3.12/site-packages/px4_msgs/msg/_position_setpoint_s.c\n'}
[2.787906] (px4_msgs) StdoutLine: {'line': b'-- Up-to-date symlink: /home/carlos/ros2_ws/install/px4_msgs/lib/python3.12/site-packages/px4_msgs/msg/_position_setpoint_triplet.py\n'}
[2.787986] (px4_msgs) StdoutLine: {'line': b'-- Up-to-date symlink: /home/carlos/ros2_ws/install/px4_msgs/lib/python3.12/site-packages/px4_msgs/msg/_position_setpoint_triplet_s.c\n'}
[2.788066] (px4_msgs) StdoutLine: {'line': b'-- Up-to-date symlink: /home/carlos/ros2_ws/install/px4_msgs/lib/python3.12/site-packages/px4_msgs/msg/_power_button_state.py\n'}
[2.788146] (px4_msgs) StdoutLine: {'line': b'-- Up-to-date symlink: /home/carlos/ros2_ws/install/px4_msgs/lib/python3.12/site-packages/px4_msgs/msg/_power_button_state_s.c\n'}
[2.788227] (px4_msgs) StdoutLine: {'line': b'-- Up-to-date symlink: /home/carlos/ros2_ws/install/px4_msgs/lib/python3.12/site-packages/px4_msgs/msg/_power_monitor.py\n'}
[2.788307] (px4_msgs) StdoutLine: {'line': b'-- Up-to-date symlink: /home/carlos/ros2_ws/install/px4_msgs/lib/python3.12/site-packages/px4_msgs/msg/_power_monitor_s.c\n'}
[2.788397] (px4_msgs) StdoutLine: {'line': b'-- Up-to-date symlink: /home/carlos/ros2_ws/install/px4_msgs/lib/python3.12/site-packages/px4_msgs/msg/_pps_capture.py\n'}
[2.788487] (px4_msgs) StdoutLine: {'line': b'-- Up-to-date symlink: /home/carlos/ros2_ws/install/px4_msgs/lib/python3.12/site-packages/px4_msgs/msg/_pps_capture_s.c\n'}
[2.788567] (px4_msgs) StdoutLine: {'line': b'-- Up-to-date symlink: /home/carlos/ros2_ws/install/px4_msgs/lib/python3.12/site-packages/px4_msgs/msg/_pure_pursuit_status.py\n'}
[2.788647] (px4_msgs) StdoutLine: {'line': b'-- Up-to-date symlink: /home/carlos/ros2_ws/install/px4_msgs/lib/python3.12/site-packages/px4_msgs/msg/_pure_pursuit_status_s.c\n'}
[2.788728] (px4_msgs) StdoutLine: {'line': b'-- Up-to-date symlink: /home/carlos/ros2_ws/install/px4_msgs/lib/python3.12/site-packages/px4_msgs/msg/_pwm_input.py\n'}
[2.788808] (px4_msgs) StdoutLine: {'line': b'-- Up-to-date symlink: /home/carlos/ros2_ws/install/px4_msgs/lib/python3.12/site-packages/px4_msgs/msg/_pwm_input_s.c\n'}
[2.788893] (px4_msgs) StdoutLine: {'line': b'-- Up-to-date symlink: /home/carlos/ros2_ws/install/px4_msgs/lib/python3.12/site-packages/px4_msgs/msg/_px4io_status.py\n'}
[2.788973] (px4_msgs) StdoutLine: {'line': b'-- Up-to-date symlink: /home/carlos/ros2_ws/install/px4_msgs/lib/python3.12/site-packages/px4_msgs/msg/_px4io_status_s.c\n'}
[2.789054] (px4_msgs) StdoutLine: {'line': b'-- Up-to-date symlink: /home/carlos/ros2_ws/install/px4_msgs/lib/python3.12/site-packages/px4_msgs/msg/_qshell_req.py\n'}
[2.789134] (px4_msgs) StdoutLine: {'line': b'-- Up-to-date symlink: /home/carlos/ros2_ws/install/px4_msgs/lib/python3.12/site-packages/px4_msgs/msg/_qshell_req_s.c\n'}
[2.789214] (px4_msgs) StdoutLine: {'line': b'-- Up-to-date symlink: /home/carlos/ros2_ws/install/px4_msgs/lib/python3.12/site-packages/px4_msgs/msg/_qshell_retval.py\n'}
[2.789294] (px4_msgs) StdoutLine: {'line': b'-- Up-to-date symlink: /home/carlos/ros2_ws/install/px4_msgs/lib/python3.12/site-packages/px4_msgs/msg/_qshell_retval_s.c\n'}
[2.789386] (px4_msgs) StdoutLine: {'line': b'-- Up-to-date symlink: /home/carlos/ros2_ws/install/px4_msgs/lib/python3.12/site-packages/px4_msgs/msg/_radio_status.py\n'}
[2.789466] (px4_msgs) StdoutLine: {'line': b'-- Up-to-date symlink: /home/carlos/ros2_ws/install/px4_msgs/lib/python3.12/site-packages/px4_msgs/msg/_radio_status_s.c\n'}
[2.789546] (px4_msgs) StdoutLine: {'line': b'-- Up-to-date symlink: /home/carlos/ros2_ws/install/px4_msgs/lib/python3.12/site-packages/px4_msgs/msg/_rate_ctrl_status.py\n'}
[2.789626] (px4_msgs) StdoutLine: {'line': b'-- Up-to-date symlink: /home/carlos/ros2_ws/install/px4_msgs/lib/python3.12/site-packages/px4_msgs/msg/_rate_ctrl_status_s.c\n'}
[2.789707] (px4_msgs) StdoutLine: {'line': b'-- Up-to-date symlink: /home/carlos/ros2_ws/install/px4_msgs/lib/python3.12/site-packages/px4_msgs/msg/_rc_channels.py\n'}
[2.789787] (px4_msgs) StdoutLine: {'line': b'-- Up-to-date symlink: /home/carlos/ros2_ws/install/px4_msgs/lib/python3.12/site-packages/px4_msgs/msg/_rc_channels_s.c\n'}
[2.789867] (px4_msgs) StdoutLine: {'line': b'-- Up-to-date symlink: /home/carlos/ros2_ws/install/px4_msgs/lib/python3.12/site-packages/px4_msgs/msg/_rc_parameter_map.py\n'}
[2.789947] (px4_msgs) StdoutLine: {'line': b'-- Up-to-date symlink: /home/carlos/ros2_ws/install/px4_msgs/lib/python3.12/site-packages/px4_msgs/msg/_rc_parameter_map_s.c\n'}
[2.790027] (px4_msgs) StdoutLine: {'line': b'-- Up-to-date symlink: /home/carlos/ros2_ws/install/px4_msgs/lib/python3.12/site-packages/px4_msgs/msg/_register_ext_component_reply.py\n'}
[2.790105] (px4_msgs) StdoutLine: {'line': b'-- Up-to-date symlink: /home/carlos/ros2_ws/install/px4_msgs/lib/python3.12/site-packages/px4_msgs/msg/_register_ext_component_reply_s.c\n'}
[2.790190] (px4_msgs) StdoutLine: {'line': b'-- Up-to-date symlink: /home/carlos/ros2_ws/install/px4_msgs/lib/python3.12/site-packages/px4_msgs/msg/_register_ext_component_request.py\n'}
[2.790270] (px4_msgs) StdoutLine: {'line': b'-- Up-to-date symlink: /home/carlos/ros2_ws/install/px4_msgs/lib/python3.12/site-packages/px4_msgs/msg/_register_ext_component_request_s.c\n'}
[2.790365] (px4_msgs) StdoutLine: {'line': b'-- Up-to-date symlink: /home/carlos/ros2_ws/install/px4_msgs/lib/python3.12/site-packages/px4_msgs/msg/_rover_attitude_setpoint.py\n'}
[2.790450] (px4_msgs) StdoutLine: {'line': b'-- Up-to-date symlink: /home/carlos/ros2_ws/install/px4_msgs/lib/python3.12/site-packages/px4_msgs/msg/_rover_attitude_setpoint_s.c\n'}
[2.790584] (px4_msgs) StdoutLine: {'line': b'-- Up-to-date symlink: /home/carlos/ros2_ws/install/px4_msgs/lib/python3.12/site-packages/px4_msgs/msg/_rover_attitude_status.py\n'}
[2.790774] (px4_msgs) StdoutLine: {'line': b'-- Up-to-date symlink: /home/carlos/ros2_ws/install/px4_msgs/lib/python3.12/site-packages/px4_msgs/msg/_rover_attitude_status_s.c\n'}
[2.790917] (px4_msgs) StdoutLine: {'line': b'-- Up-to-date symlink: /home/carlos/ros2_ws/install/px4_msgs/lib/python3.12/site-packages/px4_msgs/msg/_rover_position_setpoint.py\n'}
[2.791066] (px4_msgs) StdoutLine: {'line': b'-- Up-to-date symlink: /home/carlos/ros2_ws/install/px4_msgs/lib/python3.12/site-packages/px4_msgs/msg/_rover_position_setpoint_s.c\n'}
[2.791211] (px4_msgs) StdoutLine: {'line': b'-- Up-to-date symlink: /home/carlos/ros2_ws/install/px4_msgs/lib/python3.12/site-packages/px4_msgs/msg/_rover_rate_setpoint.py\n'}
[2.791277] (px4_msgs) StdoutLine: {'line': b'-- Up-to-date symlink: /home/carlos/ros2_ws/install/px4_msgs/lib/python3.12/site-packages/px4_msgs/msg/_rover_rate_setpoint_s.c\n'}
[2.791329] (px4_msgs) StdoutLine: {'line': b'-- Up-to-date symlink: /home/carlos/ros2_ws/install/px4_msgs/lib/python3.12/site-packages/px4_msgs/msg/_rover_rate_status.py\n'}
[2.791378] (px4_msgs) StdoutLine: {'line': b'-- Up-to-date symlink: /home/carlos/ros2_ws/install/px4_msgs/lib/python3.12/site-packages/px4_msgs/msg/_rover_rate_status_s.c\n'}
[2.791422] (px4_msgs) StdoutLine: {'line': b'-- Up-to-date symlink: /home/carlos/ros2_ws/install/px4_msgs/lib/python3.12/site-packages/px4_msgs/msg/_rover_speed_setpoint.py\n'}
[2.791508] (px4_msgs) StdoutLine: {'line': b'-- Up-to-date symlink: /home/carlos/ros2_ws/install/px4_msgs/lib/python3.12/site-packages/px4_msgs/msg/_rover_speed_setpoint_s.c\n'}
[2.791556] (px4_msgs) StdoutLine: {'line': b'-- Up-to-date symlink: /home/carlos/ros2_ws/install/px4_msgs/lib/python3.12/site-packages/px4_msgs/msg/_rover_speed_status.py\n'}
[2.791600] (px4_msgs) StdoutLine: {'line': b'-- Up-to-date symlink: /home/carlos/ros2_ws/install/px4_msgs/lib/python3.12/site-packages/px4_msgs/msg/_rover_speed_status_s.c\n'}
[2.791666] (px4_msgs) StdoutLine: {'line': b'-- Up-to-date symlink: /home/carlos/ros2_ws/install/px4_msgs/lib/python3.12/site-packages/px4_msgs/msg/_rover_steering_setpoint.py\n'}
[2.791712] (px4_msgs) StdoutLine: {'line': b'-- Up-to-date symlink: /home/carlos/ros2_ws/install/px4_msgs/lib/python3.12/site-packages/px4_msgs/msg/_rover_steering_setpoint_s.c\n'}
[2.791770] (px4_msgs) StdoutLine: {'line': b'-- Up-to-date symlink: /home/carlos/ros2_ws/install/px4_msgs/lib/python3.12/site-packages/px4_msgs/msg/_rover_throttle_setpoint.py\n'}
[2.791820] (px4_msgs) StdoutLine: {'line': b'-- Up-to-date symlink: /home/carlos/ros2_ws/install/px4_msgs/lib/python3.12/site-packages/px4_msgs/msg/_rover_throttle_setpoint_s.c\n'}
[2.791886] (px4_msgs) StdoutLine: {'line': b'-- Up-to-date symlink: /home/carlos/ros2_ws/install/px4_msgs/lib/python3.12/site-packages/px4_msgs/msg/_rpm.py\n'}
[2.791958] (px4_msgs) StdoutLine: {'line': b'-- Up-to-date symlink: /home/carlos/ros2_ws/install/px4_msgs/lib/python3.12/site-packages/px4_msgs/msg/_rpm_s.c\n'}
[2.792027] (px4_msgs) StdoutLine: {'line': b'-- Up-to-date symlink: /home/carlos/ros2_ws/install/px4_msgs/lib/python3.12/site-packages/px4_msgs/msg/_rtl_status.py\n'}
[2.792087] (px4_msgs) StdoutLine: {'line': b'-- Up-to-date symlink: /home/carlos/ros2_ws/install/px4_msgs/lib/python3.12/site-packages/px4_msgs/msg/_rtl_status_s.c\n'}
[2.792155] (px4_msgs) StdoutLine: {'line': b'-- Up-to-date symlink: /home/carlos/ros2_ws/install/px4_msgs/lib/python3.12/site-packages/px4_msgs/msg/_rtl_time_estimate.py\n'}
[2.792260] (px4_msgs) StdoutLine: {'line': b'-- Up-to-date symlink: /home/carlos/ros2_ws/install/px4_msgs/lib/python3.12/site-packages/px4_msgs/msg/_rtl_time_estimate_s.c\n'}
[2.792382] (px4_msgs) StdoutLine: {'line': b'-- Up-to-date symlink: /home/carlos/ros2_ws/install/px4_msgs/lib/python3.12/site-packages/px4_msgs/msg/_satellite_info.py\n'}
[2.792485] (px4_msgs) StdoutLine: {'line': b'-- Up-to-date symlink: /home/carlos/ros2_ws/install/px4_msgs/lib/python3.12/site-packages/px4_msgs/msg/_satellite_info_s.c\n'}
[2.792556] (px4_msgs) StdoutLine: {'line': b'-- Up-to-date symlink: /home/carlos/ros2_ws/install/px4_msgs/lib/python3.12/site-packages/px4_msgs/msg/_sensor_accel.py\n'}
[2.792631] (px4_msgs) StdoutLine: {'line': b'-- Up-to-date symlink: /home/carlos/ros2_ws/install/px4_msgs/lib/python3.12/site-packages/px4_msgs/msg/_sensor_accel_fifo.py\n'}
[2.792705] (px4_msgs) StdoutLine: {'line': b'-- Up-to-date symlink: /home/carlos/ros2_ws/install/px4_msgs/lib/python3.12/site-packages/px4_msgs/msg/_sensor_accel_fifo_s.c\n'}
[2.792777] (px4_msgs) StdoutLine: {'line': b'-- Up-to-date symlink: /home/carlos/ros2_ws/install/px4_msgs/lib/python3.12/site-packages/px4_msgs/msg/_sensor_accel_s.c\n'}
[2.792848] (px4_msgs) StdoutLine: {'line': b'-- Up-to-date symlink: /home/carlos/ros2_ws/install/px4_msgs/lib/python3.12/site-packages/px4_msgs/msg/_sensor_airflow.py\n'}
[2.792918] (px4_msgs) StdoutLine: {'line': b'-- Up-to-date symlink: /home/carlos/ros2_ws/install/px4_msgs/lib/python3.12/site-packages/px4_msgs/msg/_sensor_airflow_s.c\n'}
[2.792984] (px4_msgs) StdoutLine: {'line': b'-- Up-to-date symlink: /home/carlos/ros2_ws/install/px4_msgs/lib/python3.12/site-packages/px4_msgs/msg/_sensor_baro.py\n'}
[2.793054] (px4_msgs) StdoutLine: {'line': b'-- Up-to-date symlink: /home/carlos/ros2_ws/install/px4_msgs/lib/python3.12/site-packages/px4_msgs/msg/_sensor_baro_s.c\n'}
[2.793133] (px4_msgs) StdoutLine: {'line': b'-- Up-to-date symlink: /home/carlos/ros2_ws/install/px4_msgs/lib/python3.12/site-packages/px4_msgs/msg/_sensor_combined.py\n'}
[2.793213] (px4_msgs) StdoutLine: {'line': b'-- Up-to-date symlink: /home/carlos/ros2_ws/install/px4_msgs/lib/python3.12/site-packages/px4_msgs/msg/_sensor_combined_s.c\n'}
[2.793293] (px4_msgs) StdoutLine: {'line': b'-- Up-to-date symlink: /home/carlos/ros2_ws/install/px4_msgs/lib/python3.12/site-packages/px4_msgs/msg/_sensor_correction.py\n'}
[2.793385] (px4_msgs) StdoutLine: {'line': b'-- Up-to-date symlink: /home/carlos/ros2_ws/install/px4_msgs/lib/python3.12/site-packages/px4_msgs/msg/_sensor_correction_s.c\n'}
[2.793466] (px4_msgs) StdoutLine: {'line': b'-- Up-to-date symlink: /home/carlos/ros2_ws/install/px4_msgs/lib/python3.12/site-packages/px4_msgs/msg/_sensor_gnss_relative.py\n'}
[2.793546] (px4_msgs) StdoutLine: {'line': b'-- Up-to-date symlink: /home/carlos/ros2_ws/install/px4_msgs/lib/python3.12/site-packages/px4_msgs/msg/_sensor_gnss_relative_s.c\n'}
[2.793625] (px4_msgs) StdoutLine: {'line': b'-- Up-to-date symlink: /home/carlos/ros2_ws/install/px4_msgs/lib/python3.12/site-packages/px4_msgs/msg/_sensor_gnss_status.py\n'}
[2.793699] (px4_msgs) StdoutLine: {'line': b'-- Up-to-date symlink: /home/carlos/ros2_ws/install/px4_msgs/lib/python3.12/site-packages/px4_msgs/msg/_sensor_gnss_status_s.c\n'}
[2.793779] (px4_msgs) StdoutLine: {'line': b'-- Up-to-date symlink: /home/carlos/ros2_ws/install/px4_msgs/lib/python3.12/site-packages/px4_msgs/msg/_sensor_gps.py\n'}
[2.793860] (px4_msgs) StdoutLine: {'line': b'-- Up-to-date symlink: /home/carlos/ros2_ws/install/px4_msgs/lib/python3.12/site-packages/px4_msgs/msg/_sensor_gps_s.c\n'}
[2.793939] (px4_msgs) StdoutLine: {'line': b'-- Up-to-date symlink: /home/carlos/ros2_ws/install/px4_msgs/lib/python3.12/site-packages/px4_msgs/msg/_sensor_gyro.py\n'}
[2.794023] (px4_msgs) StdoutLine: {'line': b'-- Up-to-date symlink: /home/carlos/ros2_ws/install/px4_msgs/lib/python3.12/site-packages/px4_msgs/msg/_sensor_gyro_fft.py\n'}
[2.794103] (px4_msgs) StdoutLine: {'line': b'-- Up-to-date symlink: /home/carlos/ros2_ws/install/px4_msgs/lib/python3.12/site-packages/px4_msgs/msg/_sensor_gyro_fft_s.c\n'}
[2.794183] (px4_msgs) StdoutLine: {'line': b'-- Up-to-date symlink: /home/carlos/ros2_ws/install/px4_msgs/lib/python3.12/site-packages/px4_msgs/msg/_sensor_gyro_fifo.py\n'}
[2.794263] (px4_msgs) StdoutLine: {'line': b'-- Up-to-date symlink: /home/carlos/ros2_ws/install/px4_msgs/lib/python3.12/site-packages/px4_msgs/msg/_sensor_gyro_fifo_s.c\n'}
[2.794349] (px4_msgs) StdoutLine: {'line': b'-- Up-to-date symlink: /home/carlos/ros2_ws/install/px4_msgs/lib/python3.12/site-packages/px4_msgs/msg/_sensor_gyro_s.c\n'}
[2.794432] (px4_msgs) StdoutLine: {'line': b'-- Up-to-date symlink: /home/carlos/ros2_ws/install/px4_msgs/lib/python3.12/site-packages/px4_msgs/msg/_sensor_hygrometer.py\n'}
[2.794512] (px4_msgs) StdoutLine: {'line': b'-- Up-to-date symlink: /home/carlos/ros2_ws/install/px4_msgs/lib/python3.12/site-packages/px4_msgs/msg/_sensor_hygrometer_s.c\n'}
[2.794591] (px4_msgs) StdoutLine: {'line': b'-- Up-to-date symlink: /home/carlos/ros2_ws/install/px4_msgs/lib/python3.12/site-packages/px4_msgs/msg/_sensor_mag.py\n'}
[2.794671] (px4_msgs) StdoutLine: {'line': b'-- Up-to-date symlink: /home/carlos/ros2_ws/install/px4_msgs/lib/python3.12/site-packages/px4_msgs/msg/_sensor_mag_s.c\n'}
[2.794751] (px4_msgs) StdoutLine: {'line': b'-- Up-to-date symlink: /home/carlos/ros2_ws/install/px4_msgs/lib/python3.12/site-packages/px4_msgs/msg/_sensor_optical_flow.py\n'}
[2.794831] (px4_msgs) StdoutLine: {'line': b'-- Up-to-date symlink: /home/carlos/ros2_ws/install/px4_msgs/lib/python3.12/site-packages/px4_msgs/msg/_sensor_optical_flow_s.c\n'}
[2.794911] (px4_msgs) StdoutLine: {'line': b'-- Up-to-date symlink: /home/carlos/ros2_ws/install/px4_msgs/lib/python3.12/site-packages/px4_msgs/msg/_sensor_preflight_mag.py\n'}
[2.794991] (px4_msgs) StdoutLine: {'line': b'-- Up-to-date symlink: /home/carlos/ros2_ws/install/px4_msgs/lib/python3.12/site-packages/px4_msgs/msg/_sensor_preflight_mag_s.c\n'}
[2.795071] (px4_msgs) StdoutLine: {'line': b'-- Up-to-date symlink: /home/carlos/ros2_ws/install/px4_msgs/lib/python3.12/site-packages/px4_msgs/msg/_sensor_selection.py\n'}
[2.795151] (px4_msgs) StdoutLine: {'line': b'-- Up-to-date symlink: /home/carlos/ros2_ws/install/px4_msgs/lib/python3.12/site-packages/px4_msgs/msg/_sensor_selection_s.c\n'}
[2.795231] (px4_msgs) StdoutLine: {'line': b'-- Up-to-date symlink: /home/carlos/ros2_ws/install/px4_msgs/lib/python3.12/site-packages/px4_msgs/msg/_sensor_uwb.py\n'}
[2.795315] (px4_msgs) StdoutLine: {'line': b'-- Up-to-date symlink: /home/carlos/ros2_ws/install/px4_msgs/lib/python3.12/site-packages/px4_msgs/msg/_sensor_uwb_s.c\n'}
[2.795401] (px4_msgs) StdoutLine: {'line': b'-- Up-to-date symlink: /home/carlos/ros2_ws/install/px4_msgs/lib/python3.12/site-packages/px4_msgs/msg/_sensors_status.py\n'}
[2.795482] (px4_msgs) StdoutLine: {'line': b'-- Up-to-date symlink: /home/carlos/ros2_ws/install/px4_msgs/lib/python3.12/site-packages/px4_msgs/msg/_sensors_status_imu.py\n'}
[2.795562] (px4_msgs) StdoutLine: {'line': b'-- Up-to-date symlink: /home/carlos/ros2_ws/install/px4_msgs/lib/python3.12/site-packages/px4_msgs/msg/_sensors_status_imu_s.c\n'}
[2.795642] (px4_msgs) StdoutLine: {'line': b'-- Up-to-date symlink: /home/carlos/ros2_ws/install/px4_msgs/lib/python3.12/site-packages/px4_msgs/msg/_sensors_status_s.c\n'}
[2.795722] (px4_msgs) StdoutLine: {'line': b'-- Up-to-date symlink: /home/carlos/ros2_ws/install/px4_msgs/lib/python3.12/site-packages/px4_msgs/msg/_system_power.py\n'}
[2.795802] (px4_msgs) StdoutLine: {'line': b'-- Up-to-date symlink: /home/carlos/ros2_ws/install/px4_msgs/lib/python3.12/site-packages/px4_msgs/msg/_system_power_s.c\n'}
[2.795882] (px4_msgs) StdoutLine: {'line': b'-- Up-to-date symlink: /home/carlos/ros2_ws/install/px4_msgs/lib/python3.12/site-packages/px4_msgs/msg/_takeoff_status.py\n'}
[2.795962] (px4_msgs) StdoutLine: {'line': b'-- Up-to-date symlink: /home/carlos/ros2_ws/install/px4_msgs/lib/python3.12/site-packages/px4_msgs/msg/_takeoff_status_s.c\n'}
[2.796046] (px4_msgs) StdoutLine: {'line': b'-- Up-to-date symlink: /home/carlos/ros2_ws/install/px4_msgs/lib/python3.12/site-packages/px4_msgs/msg/_task_stack_info.py\n'}
[2.796126] (px4_msgs) StdoutLine: {'line': b'-- Up-to-date symlink: /home/carlos/ros2_ws/install/px4_msgs/lib/python3.12/site-packages/px4_msgs/msg/_task_stack_info_s.c\n'}
[2.796206] (px4_msgs) StdoutLine: {'line': b'-- Up-to-date symlink: /home/carlos/ros2_ws/install/px4_msgs/lib/python3.12/site-packages/px4_msgs/msg/_tecs_status.py\n'}
[2.796286] (px4_msgs) StdoutLine: {'line': b'-- Up-to-date symlink: /home/carlos/ros2_ws/install/px4_msgs/lib/python3.12/site-packages/px4_msgs/msg/_tecs_status_s.c\n'}
[2.796372] (px4_msgs) StdoutLine: {'line': b'-- Up-to-date symlink: /home/carlos/ros2_ws/install/px4_msgs/lib/python3.12/site-packages/px4_msgs/msg/_telemetry_status.py\n'}
[2.796457] (px4_msgs) StdoutLine: {'line': b'-- Up-to-date symlink: /home/carlos/ros2_ws/install/px4_msgs/lib/python3.12/site-packages/px4_msgs/msg/_telemetry_status_s.c\n'}
[2.796538] (px4_msgs) StdoutLine: {'line': b'-- Up-to-date symlink: /home/carlos/ros2_ws/install/px4_msgs/lib/python3.12/site-packages/px4_msgs/msg/_tiltrotor_extra_controls.py\n'}
[2.796618] (px4_msgs) StdoutLine: {'line': b'-- Up-to-date symlink: /home/carlos/ros2_ws/install/px4_msgs/lib/python3.12/site-packages/px4_msgs/msg/_tiltrotor_extra_controls_s.c\n'}
[2.796698] (px4_msgs) StdoutLine: {'line': b'-- Up-to-date symlink: /home/carlos/ros2_ws/install/px4_msgs/lib/python3.12/site-packages/px4_msgs/msg/_timesync_status.py\n'}
[2.796779] (px4_msgs) StdoutLine: {'line': b'-- Up-to-date symlink: /home/carlos/ros2_ws/install/px4_msgs/lib/python3.12/site-packages/px4_msgs/msg/_timesync_status_s.c\n'}
[2.796859] (px4_msgs) StdoutLine: {'line': b'-- Up-to-date symlink: /home/carlos/ros2_ws/install/px4_msgs/lib/python3.12/site-packages/px4_msgs/msg/_trajectory_setpoint.py\n'}
[2.796940] (px4_msgs) StdoutLine: {'line': b'-- Up-to-date symlink: /home/carlos/ros2_ws/install/px4_msgs/lib/python3.12/site-packages/px4_msgs/msg/_trajectory_setpoint6dof.py\n'}
[2.797020] (px4_msgs) StdoutLine: {'line': b'-- Up-to-date symlink: /home/carlos/ros2_ws/install/px4_msgs/lib/python3.12/site-packages/px4_msgs/msg/_trajectory_setpoint6dof_s.c\n'}
[2.797100] (px4_msgs) StdoutLine: {'line': b'-- Up-to-date symlink: /home/carlos/ros2_ws/install/px4_msgs/lib/python3.12/site-packages/px4_msgs/msg/_trajectory_setpoint_s.c\n'}
[2.797180] (px4_msgs) StdoutLine: {'line': b'-- Up-to-date symlink: /home/carlos/ros2_ws/install/px4_msgs/lib/python3.12/site-packages/px4_msgs/msg/_transponder_report.py\n'}
[2.797255] (px4_msgs) StdoutLine: {'line': b'-- Up-to-date symlink: /home/carlos/ros2_ws/install/px4_msgs/lib/python3.12/site-packages/px4_msgs/msg/_transponder_report_s.c\n'}
[2.797344] (px4_msgs) StdoutLine: {'line': b'-- Up-to-date symlink: /home/carlos/ros2_ws/install/px4_msgs/lib/python3.12/site-packages/px4_msgs/msg/_tune_control.py\n'}
[2.797426] (px4_msgs) StdoutLine: {'line': b'-- Up-to-date symlink: /home/carlos/ros2_ws/install/px4_msgs/lib/python3.12/site-packages/px4_msgs/msg/_tune_control_s.c\n'}
[2.797507] (px4_msgs) StdoutLine: {'line': b'-- Up-to-date symlink: /home/carlos/ros2_ws/install/px4_msgs/lib/python3.12/site-packages/px4_msgs/msg/_uavcan_parameter_request.py\n'}
[2.797586] (px4_msgs) StdoutLine: {'line': b'-- Up-to-date symlink: /home/carlos/ros2_ws/install/px4_msgs/lib/python3.12/site-packages/px4_msgs/msg/_uavcan_parameter_request_s.c\n'}
[2.797666] (px4_msgs) StdoutLine: {'line': b'-- Up-to-date symlink: /home/carlos/ros2_ws/install/px4_msgs/lib/python3.12/site-packages/px4_msgs/msg/_uavcan_parameter_value.py\n'}
[2.797746] (px4_msgs) StdoutLine: {'line': b'-- Up-to-date symlink: /home/carlos/ros2_ws/install/px4_msgs/lib/python3.12/site-packages/px4_msgs/msg/_uavcan_parameter_value_s.c\n'}
[2.797826] (px4_msgs) StdoutLine: {'line': b'-- Up-to-date symlink: /home/carlos/ros2_ws/install/px4_msgs/lib/python3.12/site-packages/px4_msgs/msg/_ulog_stream.py\n'}
[2.797906] (px4_msgs) StdoutLine: {'line': b'-- Up-to-date symlink: /home/carlos/ros2_ws/install/px4_msgs/lib/python3.12/site-packages/px4_msgs/msg/_ulog_stream_ack.py\n'}
[2.797987] (px4_msgs) StdoutLine: {'line': b'-- Up-to-date symlink: /home/carlos/ros2_ws/install/px4_msgs/lib/python3.12/site-packages/px4_msgs/msg/_ulog_stream_ack_s.c\n'}
[2.798066] (px4_msgs) StdoutLine: {'line': b'-- Up-to-date symlink: /home/carlos/ros2_ws/install/px4_msgs/lib/python3.12/site-packages/px4_msgs/msg/_ulog_stream_s.c\n'}
[2.798146] (px4_msgs) StdoutLine: {'line': b'-- Up-to-date symlink: /home/carlos/ros2_ws/install/px4_msgs/lib/python3.12/site-packages/px4_msgs/msg/_unregister_ext_component.py\n'}
[2.798226] (px4_msgs) StdoutLine: {'line': b'-- Up-to-date symlink: /home/carlos/ros2_ws/install/px4_msgs/lib/python3.12/site-packages/px4_msgs/msg/_unregister_ext_component_s.c\n'}
[2.798318] (px4_msgs) StdoutLine: {'line': b'-- Up-to-date symlink: /home/carlos/ros2_ws/install/px4_msgs/lib/python3.12/site-packages/px4_msgs/msg/_vehicle_acceleration.py\n'}
[2.798444] (px4_msgs) StdoutLine: {'line': b'-- Up-to-date symlink: /home/carlos/ros2_ws/install/px4_msgs/lib/python3.12/site-packages/px4_msgs/msg/_vehicle_acceleration_s.c\n'}
[2.798630] (px4_msgs) StdoutLine: {'line': b'-- Up-to-date symlink: /home/carlos/ros2_ws/install/px4_msgs/lib/python3.12/site-packages/px4_msgs/msg/_vehicle_air_data.py\n'}
[2.798751] (px4_msgs) StdoutLine: {'line': b'-- Up-to-date symlink: /home/carlos/ros2_ws/install/px4_msgs/lib/python3.12/site-packages/px4_msgs/msg/_vehicle_air_data_s.c\n'}
[2.798903] (px4_msgs) StdoutLine: {'line': b'-- Up-to-date symlink: /home/carlos/ros2_ws/install/px4_msgs/lib/python3.12/site-packages/px4_msgs/msg/_vehicle_angular_acceleration_setpoint.py\n'}
[2.799010] (px4_msgs) StdoutLine: {'line': b'-- Up-to-date symlink: /home/carlos/ros2_ws/install/px4_msgs/lib/python3.12/site-packages/px4_msgs/msg/_vehicle_angular_acceleration_setpoint_s.c\n'}
[2.799109] (px4_msgs) StdoutLine: {'line': b'-- Up-to-date symlink: /home/carlos/ros2_ws/install/px4_msgs/lib/python3.12/site-packages/px4_msgs/msg/_vehicle_angular_velocity.py\n'}
[2.799253] (px4_msgs) StdoutLine: {'line': b'-- Up-to-date symlink: /home/carlos/ros2_ws/install/px4_msgs/lib/python3.12/site-packages/px4_msgs/msg/_vehicle_angular_velocity_s.c\n'}
[2.799492] (px4_msgs) StdoutLine: {'line': b'-- Up-to-date symlink: /home/carlos/ros2_ws/install/px4_msgs/lib/python3.12/site-packages/px4_msgs/msg/_vehicle_attitude.py\n'}
[2.799572] (px4_msgs) StdoutLine: {'line': b'-- Up-to-date symlink: /home/carlos/ros2_ws/install/px4_msgs/lib/python3.12/site-packages/px4_msgs/msg/_vehicle_attitude_s.c\n'}
[2.799631] (px4_msgs) StdoutLine: {'line': b'-- Up-to-date symlink: /home/carlos/ros2_ws/install/px4_msgs/lib/python3.12/site-packages/px4_msgs/msg/_vehicle_attitude_setpoint.py\n'}
[2.799684] (px4_msgs) StdoutLine: {'line': b'-- Up-to-date symlink: /home/carlos/ros2_ws/install/px4_msgs/lib/python3.12/site-packages/px4_msgs/msg/_vehicle_attitude_setpoint_s.c\n'}
[2.799730] (px4_msgs) StdoutLine: {'line': b'-- Up-to-date symlink: /home/carlos/ros2_ws/install/px4_msgs/lib/python3.12/site-packages/px4_msgs/msg/_vehicle_command.py\n'}
[2.799805] (px4_msgs) StdoutLine: {'line': b'-- Up-to-date symlink: /home/carlos/ros2_ws/install/px4_msgs/lib/python3.12/site-packages/px4_msgs/msg/_vehicle_command_ack.py\n'}
[2.799878] (px4_msgs) StdoutLine: {'line': b'-- Up-to-date symlink: /home/carlos/ros2_ws/install/px4_msgs/lib/python3.12/site-packages/px4_msgs/msg/_vehicle_command_ack_s.c\n'}
[2.799924] (px4_msgs) StdoutLine: {'line': b'-- Up-to-date symlink: /home/carlos/ros2_ws/install/px4_msgs/lib/python3.12/site-packages/px4_msgs/msg/_vehicle_command_s.c\n'}
[2.799970] (px4_msgs) StdoutLine: {'line': b'-- Up-to-date symlink: /home/carlos/ros2_ws/install/px4_msgs/lib/python3.12/site-packages/px4_msgs/msg/_vehicle_constraints.py\n'}
[2.800012] (px4_msgs) StdoutLine: {'line': b'-- Up-to-date symlink: /home/carlos/ros2_ws/install/px4_msgs/lib/python3.12/site-packages/px4_msgs/msg/_vehicle_constraints_s.c\n'}
[2.800058] (px4_msgs) StdoutLine: {'line': b'-- Up-to-date symlink: /home/carlos/ros2_ws/install/px4_msgs/lib/python3.12/site-packages/px4_msgs/msg/_vehicle_control_mode.py\n'}
[2.800116] (px4_msgs) StdoutLine: {'line': b'-- Up-to-date symlink: /home/carlos/ros2_ws/install/px4_msgs/lib/python3.12/site-packages/px4_msgs/msg/_vehicle_control_mode_s.c\n'}
[2.800165] (px4_msgs) StdoutLine: {'line': b'-- Up-to-date symlink: /home/carlos/ros2_ws/install/px4_msgs/lib/python3.12/site-packages/px4_msgs/msg/_vehicle_global_position.py\n'}
[2.800209] (px4_msgs) StdoutLine: {'line': b'-- Up-to-date symlink: /home/carlos/ros2_ws/install/px4_msgs/lib/python3.12/site-packages/px4_msgs/msg/_vehicle_global_position_s.c\n'}
[2.800264] (px4_msgs) StdoutLine: {'line': b'-- Up-to-date symlink: /home/carlos/ros2_ws/install/px4_msgs/lib/python3.12/site-packages/px4_msgs/msg/_vehicle_imu.py\n'}
[2.800315] (px4_msgs) StdoutLine: {'line': b'-- Up-to-date symlink: /home/carlos/ros2_ws/install/px4_msgs/lib/python3.12/site-packages/px4_msgs/msg/_vehicle_imu_s.c\n'}
[2.800380] (px4_msgs) StdoutLine: {'line': b'-- Up-to-date symlink: /home/carlos/ros2_ws/install/px4_msgs/lib/python3.12/site-packages/px4_msgs/msg/_vehicle_imu_status.py\n'}
[2.800440] (px4_msgs) StdoutLine: {'line': b'-- Up-to-date symlink: /home/carlos/ros2_ws/install/px4_msgs/lib/python3.12/site-packages/px4_msgs/msg/_vehicle_imu_status_s.c\n'}
[2.800500] (px4_msgs) StdoutLine: {'line': b'-- Up-to-date symlink: /home/carlos/ros2_ws/install/px4_msgs/lib/python3.12/site-packages/px4_msgs/msg/_vehicle_land_detected.py\n'}
[2.800578] (px4_msgs) StdoutLine: {'line': b'-- Up-to-date symlink: /home/carlos/ros2_ws/install/px4_msgs/lib/python3.12/site-packages/px4_msgs/msg/_vehicle_land_detected_s.c\n'}
[2.800659] (px4_msgs) StdoutLine: {'line': b'-- Up-to-date symlink: /home/carlos/ros2_ws/install/px4_msgs/lib/python3.12/site-packages/px4_msgs/msg/_vehicle_local_position.py\n'}
[2.800739] (px4_msgs) StdoutLine: {'line': b'-- Up-to-date symlink: /home/carlos/ros2_ws/install/px4_msgs/lib/python3.12/site-packages/px4_msgs/msg/_vehicle_local_position_s.c\n'}
[2.800851] (px4_msgs) StdoutLine: {'line': b'-- Up-to-date symlink: /home/carlos/ros2_ws/install/px4_msgs/lib/python3.12/site-packages/px4_msgs/msg/_vehicle_local_position_setpoint.py\n'}
[2.800933] (px4_msgs) StdoutLine: {'line': b'-- Up-to-date symlink: /home/carlos/ros2_ws/install/px4_msgs/lib/python3.12/site-packages/px4_msgs/msg/_vehicle_local_position_setpoint_s.c\n'}
[2.801015] (px4_msgs) StdoutLine: {'line': b'-- Up-to-date symlink: /home/carlos/ros2_ws/install/px4_msgs/lib/python3.12/site-packages/px4_msgs/msg/_vehicle_magnetometer.py\n'}
[2.801097] (px4_msgs) StdoutLine: {'line': b'-- Up-to-date symlink: /home/carlos/ros2_ws/install/px4_msgs/lib/python3.12/site-packages/px4_msgs/msg/_vehicle_magnetometer_s.c\n'}
[2.801179] (px4_msgs) StdoutLine: {'line': b'-- Up-to-date symlink: /home/carlos/ros2_ws/install/px4_msgs/lib/python3.12/site-packages/px4_msgs/msg/_vehicle_odometry.py\n'}
[2.801261] (px4_msgs) StdoutLine: {'line': b'-- Up-to-date symlink: /home/carlos/ros2_ws/install/px4_msgs/lib/python3.12/site-packages/px4_msgs/msg/_vehicle_odometry_s.c\n'}
[2.801350] (px4_msgs) StdoutLine: {'line': b'-- Up-to-date symlink: /home/carlos/ros2_ws/install/px4_msgs/lib/python3.12/site-packages/px4_msgs/msg/_vehicle_optical_flow.py\n'}
[2.801415] (px4_msgs) StdoutLine: {'line': b'-- Up-to-date symlink: /home/carlos/ros2_ws/install/px4_msgs/lib/python3.12/site-packages/px4_msgs/msg/_vehicle_optical_flow_s.c\n'}
[2.801493] (px4_msgs) StdoutLine: {'line': b'-- Up-to-date symlink: /home/carlos/ros2_ws/install/px4_msgs/lib/python3.12/site-packages/px4_msgs/msg/_vehicle_optical_flow_vel.py\n'}
[2.801572] (px4_msgs) StdoutLine: {'line': b'-- Up-to-date symlink: /home/carlos/ros2_ws/install/px4_msgs/lib/python3.12/site-packages/px4_msgs/msg/_vehicle_optical_flow_vel_s.c\n'}
[2.801652] (px4_msgs) StdoutLine: {'line': b'-- Up-to-date symlink: /home/carlos/ros2_ws/install/px4_msgs/lib/python3.12/site-packages/px4_msgs/msg/_vehicle_rates_setpoint.py\n'}
[2.801732] (px4_msgs) StdoutLine: {'line': b'-- Up-to-date symlink: /home/carlos/ros2_ws/install/px4_msgs/lib/python3.12/site-packages/px4_msgs/msg/_vehicle_rates_setpoint_s.c\n'}
[2.801811] (px4_msgs) StdoutLine: {'line': b'-- Up-to-date symlink: /home/carlos/ros2_ws/install/px4_msgs/lib/python3.12/site-packages/px4_msgs/msg/_vehicle_roi.py\n'}
[2.801891] (px4_msgs) StdoutLine: {'line': b'-- Up-to-date symlink: /home/carlos/ros2_ws/install/px4_msgs/lib/python3.12/site-packages/px4_msgs/msg/_vehicle_roi_s.c\n'}
[2.801971] (px4_msgs) StdoutLine: {'line': b'-- Up-to-date symlink: /home/carlos/ros2_ws/install/px4_msgs/lib/python3.12/site-packages/px4_msgs/msg/_vehicle_status.py\n'}
[2.802051] (px4_msgs) StdoutLine: {'line': b'-- Up-to-date symlink: /home/carlos/ros2_ws/install/px4_msgs/lib/python3.12/site-packages/px4_msgs/msg/_vehicle_status_s.c\n'}
[2.802132] (px4_msgs) StdoutLine: {'line': b'-- Up-to-date symlink: /home/carlos/ros2_ws/install/px4_msgs/lib/python3.12/site-packages/px4_msgs/msg/_vehicle_thrust_setpoint.py\n'}
[2.802212] (px4_msgs) StdoutLine: {'line': b'-- Up-to-date symlink: /home/carlos/ros2_ws/install/px4_msgs/lib/python3.12/site-packages/px4_msgs/msg/_vehicle_thrust_setpoint_s.c\n'}
[2.802292] (px4_msgs) StdoutLine: {'line': b'-- Up-to-date symlink: /home/carlos/ros2_ws/install/px4_msgs/lib/python3.12/site-packages/px4_msgs/msg/_vehicle_torque_setpoint.py\n'}
[2.802390] (px4_msgs) StdoutLine: {'line': b'-- Up-to-date symlink: /home/carlos/ros2_ws/install/px4_msgs/lib/python3.12/site-packages/px4_msgs/msg/_vehicle_torque_setpoint_s.c\n'}
[2.802469] (px4_msgs) StdoutLine: {'line': b'-- Up-to-date symlink: /home/carlos/ros2_ws/install/px4_msgs/lib/python3.12/site-packages/px4_msgs/msg/_velocity_limits.py\n'}
[2.802549] (px4_msgs) StdoutLine: {'line': b'-- Up-to-date symlink: /home/carlos/ros2_ws/install/px4_msgs/lib/python3.12/site-packages/px4_msgs/msg/_velocity_limits_s.c\n'}
[2.802629] (px4_msgs) StdoutLine: {'line': b'-- Up-to-date symlink: /home/carlos/ros2_ws/install/px4_msgs/lib/python3.12/site-packages/px4_msgs/msg/_vtol_vehicle_status.py\n'}
[2.802709] (px4_msgs) StdoutLine: {'line': b'-- Up-to-date symlink: /home/carlos/ros2_ws/install/px4_msgs/lib/python3.12/site-packages/px4_msgs/msg/_vtol_vehicle_status_s.c\n'}
[2.802789] (px4_msgs) StdoutLine: {'line': b'-- Up-to-date symlink: /home/carlos/ros2_ws/install/px4_msgs/lib/python3.12/site-packages/px4_msgs/msg/_wheel_encoders.py\n'}
[2.802869] (px4_msgs) StdoutLine: {'line': b'-- Up-to-date symlink: /home/carlos/ros2_ws/install/px4_msgs/lib/python3.12/site-packages/px4_msgs/msg/_wheel_encoders_s.c\n'}
[2.802949] (px4_msgs) StdoutLine: {'line': b'-- Up-to-date symlink: /home/carlos/ros2_ws/install/px4_msgs/lib/python3.12/site-packages/px4_msgs/msg/_wind.py\n'}
[2.803029] (px4_msgs) StdoutLine: {'line': b'-- Up-to-date symlink: /home/carlos/ros2_ws/install/px4_msgs/lib/python3.12/site-packages/px4_msgs/msg/_wind_s.c\n'}
[2.803110] (px4_msgs) StdoutLine: {'line': b'-- Up-to-date symlink: /home/carlos/ros2_ws/install/px4_msgs/lib/python3.12/site-packages/px4_msgs/msg/_yaw_estimator_status.py\n'}
[2.803190] (px4_msgs) StdoutLine: {'line': b'-- Up-to-date symlink: /home/carlos/ros2_ws/install/px4_msgs/lib/python3.12/site-packages/px4_msgs/msg/_yaw_estimator_status_s.c\n'}
[2.803273] (px4_msgs) StdoutLine: {'line': b'-- Up-to-date symlink: /home/carlos/ros2_ws/install/px4_msgs/lib/python3.12/site-packages/px4_msgs/px4_msgs_s__rosidl_typesupport_c.so\n'}
[2.803421] (px4_msgs) StdoutLine: {'line': b'-- Up-to-date symlink: /home/carlos/ros2_ws/install/px4_msgs/lib/python3.12/site-packages/px4_msgs/px4_msgs_s__rosidl_typesupport_fastrtps_c.so\n'}
[2.803489] (px4_msgs) StdoutLine: {'line': b'-- Up-to-date symlink: /home/carlos/ros2_ws/install/px4_msgs/lib/python3.12/site-packages/px4_msgs/px4_msgs_s__rosidl_typesupport_introspection_c.so\n'}
[2.803546] (px4_msgs) StdoutLine: {'line': b'-- Up-to-date symlink: /home/carlos/ros2_ws/install/px4_msgs/lib/python3.12/site-packages/px4_msgs/srv/__init__.py\n'}
[2.803606] (px4_msgs) StdoutLine: {'line': b'-- Up-to-date symlink: /home/carlos/ros2_ws/install/px4_msgs/lib/python3.12/site-packages/px4_msgs/srv/_vehicle_command.py\n'}
[2.803685] (px4_msgs) StdoutLine: {'line': b'-- Up-to-date symlink: /home/carlos/ros2_ws/install/px4_msgs/lib/python3.12/site-packages/px4_msgs/srv/_vehicle_command_s.c\n'}
[2.803888] (px4_msgs) StdoutLine: {'line': b'-- Up-to-date symlink: /home/carlos/ros2_ws/install/px4_msgs/lib/python3.12/site-packages/px4_msgs/px4_msgs_s__rosidl_typesupport_fastrtps_c.so\n'}
[2.804056] (px4_msgs) StdoutLine: {'line': b'-- Up-to-date symlink: /home/carlos/ros2_ws/install/px4_msgs/lib/python3.12/site-packages/px4_msgs/px4_msgs_s__rosidl_typesupport_introspection_c.so\n'}
[2.804284] (px4_msgs) StdoutLine: {'line': b'-- Up-to-date symlink: /home/carlos/ros2_ws/install/px4_msgs/lib/python3.12/site-packages/px4_msgs/px4_msgs_s__rosidl_typesupport_c.so\n'}
[2.804428] (px4_msgs) StdoutLine: {'line': b'-- Up-to-date symlink: /home/carlos/ros2_ws/install/px4_msgs/share/px4_msgs/msg/ActionRequest.idl\n'}
[2.804546] (px4_msgs) StdoutLine: {'line': b'-- Up-to-date symlink: /home/carlos/ros2_ws/install/px4_msgs/share/px4_msgs/msg/ActuatorArmed.idl\n'}
[2.804661] (px4_msgs) StdoutLine: {'line': b'-- Up-to-date symlink: /home/carlos/ros2_ws/install/px4_msgs/share/px4_msgs/msg/ActuatorControlsStatus.idl\n'}
[2.804771] (px4_msgs) StdoutLine: {'line': b'-- Up-to-date symlink: /home/carlos/ros2_ws/install/px4_msgs/share/px4_msgs/msg/ActuatorMotors.idl\n'}
[2.804878] (px4_msgs) StdoutLine: {'line': b'-- Up-to-date symlink: /home/carlos/ros2_ws/install/px4_msgs/share/px4_msgs/msg/ActuatorOutputs.idl\n'}
[2.804986] (px4_msgs) StdoutLine: {'line': b'-- Up-to-date symlink: /home/carlos/ros2_ws/install/px4_msgs/share/px4_msgs/msg/ActuatorServos.idl\n'}
[2.805049] (px4_msgs) StdoutLine: {'line': b'-- Up-to-date symlink: /home/carlos/ros2_ws/install/px4_msgs/share/px4_msgs/msg/ActuatorServosTrim.idl\n'}
[2.805150] (px4_msgs) StdoutLine: {'line': b'-- Up-to-date symlink: /home/carlos/ros2_ws/install/px4_msgs/share/px4_msgs/msg/ActuatorTest.idl\n'}
[2.805314] (px4_msgs) StdoutLine: {'line': b'-- Up-to-date symlink: /home/carlos/ros2_ws/install/px4_msgs/share/px4_msgs/msg/AdcReport.idl\n'}
[2.805435] (px4_msgs) StdoutLine: {'line': b'-- Up-to-date symlink: /home/carlos/ros2_ws/install/px4_msgs/share/px4_msgs/msg/Airspeed.idl\n'}
[2.805548] (px4_msgs) StdoutLine: {'line': b'-- Up-to-date symlink: /home/carlos/ros2_ws/install/px4_msgs/share/px4_msgs/msg/AirspeedValidated.idl\n'}
[2.805656] (px4_msgs) StdoutLine: {'line': b'-- Up-to-date symlink: /home/carlos/ros2_ws/install/px4_msgs/share/px4_msgs/msg/AirspeedWind.idl\n'}
[2.805732] (px4_msgs) StdoutLine: {'line': b'-- Up-to-date symlink: /home/carlos/ros2_ws/install/px4_msgs/share/px4_msgs/msg/ArmingCheckReply.idl\n'}
[2.805841] (px4_msgs) StdoutLine: {'line': b'-- Up-to-date symlink: /home/carlos/ros2_ws/install/px4_msgs/share/px4_msgs/msg/ArmingCheckRequest.idl\n'}
[2.805952] (px4_msgs) StdoutLine: {'line': b'-- Up-to-date symlink: /home/carlos/ros2_ws/install/px4_msgs/share/px4_msgs/msg/AutotuneAttitudeControlStatus.idl\n'}
[2.806035] (px4_msgs) StdoutLine: {'line': b'-- Up-to-date symlink: /home/carlos/ros2_ws/install/px4_msgs/share/px4_msgs/msg/BatteryInfo.idl\n'}
[2.806137] (px4_msgs) StdoutLine: {'line': b'-- Up-to-date symlink: /home/carlos/ros2_ws/install/px4_msgs/share/px4_msgs/msg/BatteryStatus.idl\n'}
[2.806239] (px4_msgs) StdoutLine: {'line': b'-- Up-to-date symlink: /home/carlos/ros2_ws/install/px4_msgs/share/px4_msgs/msg/ButtonEvent.idl\n'}
[2.806358] (px4_msgs) StdoutLine: {'line': b'-- Up-to-date symlink: /home/carlos/ros2_ws/install/px4_msgs/share/px4_msgs/msg/CameraCapture.idl\n'}
[2.806489] (px4_msgs) StdoutLine: {'line': b'-- Up-to-date symlink: /home/carlos/ros2_ws/install/px4_msgs/share/px4_msgs/msg/CameraStatus.idl\n'}
[2.806582] (px4_msgs) StdoutLine: {'line': b'-- Up-to-date symlink: /home/carlos/ros2_ws/install/px4_msgs/share/px4_msgs/msg/CameraTrigger.idl\n'}
[2.806674] (px4_msgs) StdoutLine: {'line': b'-- Up-to-date symlink: /home/carlos/ros2_ws/install/px4_msgs/share/px4_msgs/msg/CanInterfaceStatus.idl\n'}
[2.806776] (px4_msgs) StdoutLine: {'line': b'-- Up-to-date symlink: /home/carlos/ros2_ws/install/px4_msgs/share/px4_msgs/msg/CellularStatus.idl\n'}
[2.806885] (px4_msgs) StdoutLine: {'line': b'-- Up-to-date symlink: /home/carlos/ros2_ws/install/px4_msgs/share/px4_msgs/msg/CollisionConstraints.idl\n'}
[2.806996] (px4_msgs) StdoutLine: {'line': b'-- Up-to-date symlink: /home/carlos/ros2_ws/install/px4_msgs/share/px4_msgs/msg/ConfigOverrides.idl\n'}
[2.807101] (px4_msgs) StdoutLine: {'line': b'-- Up-to-date symlink: /home/carlos/ros2_ws/install/px4_msgs/share/px4_msgs/msg/ControlAllocatorStatus.idl\n'}
[2.807206] (px4_msgs) StdoutLine: {'line': b'-- Up-to-date symlink: /home/carlos/ros2_ws/install/px4_msgs/share/px4_msgs/msg/Cpuload.idl\n'}
[2.807309] (px4_msgs) StdoutLine: {'line': b'-- Up-to-date symlink: /home/carlos/ros2_ws/install/px4_msgs/share/px4_msgs/msg/DatamanRequest.idl\n'}
[2.807437] (px4_msgs) StdoutLine: {'line': b'-- Up-to-date symlink: /home/carlos/ros2_ws/install/px4_msgs/share/px4_msgs/msg/DatamanResponse.idl\n'}
[2.807541] (px4_msgs) StdoutLine: {'line': b'-- Up-to-date symlink: /home/carlos/ros2_ws/install/px4_msgs/share/px4_msgs/msg/DebugArray.idl\n'}
[2.807646] (px4_msgs) StdoutLine: {'line': b'-- Up-to-date symlink: /home/carlos/ros2_ws/install/px4_msgs/share/px4_msgs/msg/DebugKeyValue.idl\n'}
[2.807750] (px4_msgs) StdoutLine: {'line': b'-- Up-to-date symlink: /home/carlos/ros2_ws/install/px4_msgs/share/px4_msgs/msg/DebugValue.idl\n'}
[2.807853] (px4_msgs) StdoutLine: {'line': b'-- Up-to-date symlink: /home/carlos/ros2_ws/install/px4_msgs/share/px4_msgs/msg/DebugVect.idl\n'}
[2.807957] (px4_msgs) StdoutLine: {'line': b'-- Up-to-date symlink: /home/carlos/ros2_ws/install/px4_msgs/share/px4_msgs/msg/DifferentialPressure.idl\n'}
[2.808074] (px4_msgs) StdoutLine: {'line': b'-- Up-to-date symlink: /home/carlos/ros2_ws/install/px4_msgs/share/px4_msgs/msg/DistanceSensor.idl\n'}
[2.808182] (px4_msgs) StdoutLine: {'line': b'-- Up-to-date symlink: /home/carlos/ros2_ws/install/px4_msgs/share/px4_msgs/msg/DistanceSensorModeChangeRequest.idl\n'}
[2.808287] (px4_msgs) StdoutLine: {'line': b'-- Up-to-date symlink: /home/carlos/ros2_ws/install/px4_msgs/share/px4_msgs/msg/DronecanNodeStatus.idl\n'}
[2.808344] (-) TimerEvent: {}
[2.808422] (px4_msgs) StdoutLine: {'line': b'-- Up-to-date symlink: /home/carlos/ros2_ws/install/px4_msgs/share/px4_msgs/msg/Ekf2Timestamps.idl\n'}
[2.808545] (px4_msgs) StdoutLine: {'line': b'-- Up-to-date symlink: /home/carlos/ros2_ws/install/px4_msgs/share/px4_msgs/msg/EscReport.idl\n'}
[2.808653] (px4_msgs) StdoutLine: {'line': b'-- Up-to-date symlink: /home/carlos/ros2_ws/install/px4_msgs/share/px4_msgs/msg/EscStatus.idl\n'}
[2.808767] (px4_msgs) StdoutLine: {'line': b'-- Up-to-date symlink: /home/carlos/ros2_ws/install/px4_msgs/share/px4_msgs/msg/EstimatorAidSource1d.idl\n'}
[2.808879] (px4_msgs) StdoutLine: {'line': b'-- Up-to-date symlink: /home/carlos/ros2_ws/install/px4_msgs/share/px4_msgs/msg/EstimatorAidSource2d.idl\n'}
[2.808989] (px4_msgs) StdoutLine: {'line': b'-- Up-to-date symlink: /home/carlos/ros2_ws/install/px4_msgs/share/px4_msgs/msg/EstimatorAidSource3d.idl\n'}
[2.809140] (px4_msgs) StdoutLine: {'line': b'-- Up-to-date symlink: /home/carlos/ros2_ws/install/px4_msgs/share/px4_msgs/msg/EstimatorBias.idl\n'}
[2.809265] (px4_msgs) StdoutLine: {'line': b'-- Up-to-date symlink: /home/carlos/ros2_ws/install/px4_msgs/share/px4_msgs/msg/EstimatorBias3d.idl\n'}
[2.809388] (px4_msgs) StdoutLine: {'line': b'-- Up-to-date symlink: /home/carlos/ros2_ws/install/px4_msgs/share/px4_msgs/msg/EstimatorEventFlags.idl\n'}
[2.809502] (px4_msgs) StdoutLine: {'line': b'-- Up-to-date symlink: /home/carlos/ros2_ws/install/px4_msgs/share/px4_msgs/msg/EstimatorGpsStatus.idl\n'}
[2.809586] (px4_msgs) StdoutLine: {'line': b'-- Up-to-date symlink: /home/carlos/ros2_ws/install/px4_msgs/share/px4_msgs/msg/EstimatorInnovations.idl\n'}
[2.809689] (px4_msgs) StdoutLine: {'line': b'-- Up-to-date symlink: /home/carlos/ros2_ws/install/px4_msgs/share/px4_msgs/msg/EstimatorSelectorStatus.idl\n'}
[2.809788] (px4_msgs) StdoutLine: {'line': b'-- Up-to-date symlink: /home/carlos/ros2_ws/install/px4_msgs/share/px4_msgs/msg/EstimatorSensorBias.idl\n'}
[2.809922] (px4_msgs) StdoutLine: {'line': b'-- Up-to-date symlink: /home/carlos/ros2_ws/install/px4_msgs/share/px4_msgs/msg/EstimatorStates.idl\n'}
[2.809999] (px4_msgs) StdoutLine: {'line': b'-- Up-to-date symlink: /home/carlos/ros2_ws/install/px4_msgs/share/px4_msgs/msg/EstimatorStatus.idl\n'}
[2.810132] (px4_msgs) StdoutLine: {'line': b'-- Up-to-date symlink: /home/carlos/ros2_ws/install/px4_msgs/share/px4_msgs/msg/EstimatorStatusFlags.idl\n'}
[2.810213] (px4_msgs) StdoutLine: {'line': b'-- Up-to-date symlink: /home/carlos/ros2_ws/install/px4_msgs/share/px4_msgs/msg/Event.idl\n'}
[2.810373] (px4_msgs) StdoutLine: {'line': b'-- Up-to-date symlink: /home/carlos/ros2_ws/install/px4_msgs/share/px4_msgs/msg/FailsafeFlags.idl\n'}
[2.810521] (px4_msgs) StdoutLine: {'line': b'-- Up-to-date symlink: /home/carlos/ros2_ws/install/px4_msgs/share/px4_msgs/msg/FailureDetectorStatus.idl\n'}
[2.810621] (px4_msgs) StdoutLine: {'line': b'-- Up-to-date symlink: /home/carlos/ros2_ws/install/px4_msgs/share/px4_msgs/msg/FigureEightStatus.idl\n'}
[2.810759] (px4_msgs) StdoutLine: {'line': b'-- Up-to-date symlink: /home/carlos/ros2_ws/install/px4_msgs/share/px4_msgs/msg/FixedWingLateralGuidanceStatus.idl\n'}
[2.810911] (px4_msgs) StdoutLine: {'line': b'-- Up-to-date symlink: /home/carlos/ros2_ws/install/px4_msgs/share/px4_msgs/msg/FixedWingLateralSetpoint.idl\n'}
[2.811044] (px4_msgs) StdoutLine: {'line': b'-- Up-to-date symlink: /home/carlos/ros2_ws/install/px4_msgs/share/px4_msgs/msg/FixedWingLateralStatus.idl\n'}
[2.811167] (px4_msgs) StdoutLine: {'line': b'-- Up-to-date symlink: /home/carlos/ros2_ws/install/px4_msgs/share/px4_msgs/msg/FixedWingLongitudinalSetpoint.idl\n'}
[2.811265] (px4_msgs) StdoutLine: {'line': b'-- Up-to-date symlink: /home/carlos/ros2_ws/install/px4_msgs/share/px4_msgs/msg/FixedWingRunwayControl.idl\n'}
[2.811403] (px4_msgs) StdoutLine: {'line': b'-- Up-to-date symlink: /home/carlos/ros2_ws/install/px4_msgs/share/px4_msgs/msg/FlightPhaseEstimation.idl\n'}
[2.811525] (px4_msgs) StdoutLine: {'line': b'-- Up-to-date symlink: /home/carlos/ros2_ws/install/px4_msgs/share/px4_msgs/msg/FollowTarget.idl\n'}
[2.811641] (px4_msgs) StdoutLine: {'line': b'-- Up-to-date symlink: /home/carlos/ros2_ws/install/px4_msgs/share/px4_msgs/msg/FollowTargetEstimator.idl\n'}
[2.811743] (px4_msgs) StdoutLine: {'line': b'-- Up-to-date symlink: /home/carlos/ros2_ws/install/px4_msgs/share/px4_msgs/msg/FollowTargetStatus.idl\n'}
[2.811860] (px4_msgs) StdoutLine: {'line': b'-- Up-to-date symlink: /home/carlos/ros2_ws/install/px4_msgs/share/px4_msgs/msg/FuelTankStatus.idl\n'}
[2.811953] (px4_msgs) StdoutLine: {'line': b'-- Up-to-date symlink: /home/carlos/ros2_ws/install/px4_msgs/share/px4_msgs/msg/GeneratorStatus.idl\n'}
[2.811996] (px4_msgs) StdoutLine: {'line': b'-- Up-to-date symlink: /home/carlos/ros2_ws/install/px4_msgs/share/px4_msgs/msg/GeofenceResult.idl\n'}
[2.812037] (px4_msgs) StdoutLine: {'line': b'-- Up-to-date symlink: /home/carlos/ros2_ws/install/px4_msgs/share/px4_msgs/msg/GeofenceStatus.idl\n'}
[2.812097] (px4_msgs) StdoutLine: {'line': b'-- Up-to-date symlink: /home/carlos/ros2_ws/install/px4_msgs/share/px4_msgs/msg/GimbalControls.idl\n'}
[2.812155] (px4_msgs) StdoutLine: {'line': b'-- Up-to-date symlink: /home/carlos/ros2_ws/install/px4_msgs/share/px4_msgs/msg/GimbalDeviceAttitudeStatus.idl\n'}
[2.812259] (px4_msgs) StdoutLine: {'line': b'-- Up-to-date symlink: /home/carlos/ros2_ws/install/px4_msgs/share/px4_msgs/msg/GimbalDeviceInformation.idl\n'}
[2.812364] (px4_msgs) StdoutLine: {'line': b'-- Up-to-date symlink: /home/carlos/ros2_ws/install/px4_msgs/share/px4_msgs/msg/GimbalDeviceSetAttitude.idl\n'}
[2.812488] (px4_msgs) StdoutLine: {'line': b'-- Up-to-date symlink: /home/carlos/ros2_ws/install/px4_msgs/share/px4_msgs/msg/GimbalManagerInformation.idl\n'}
[2.812579] (px4_msgs) StdoutLine: {'line': b'-- Up-to-date symlink: /home/carlos/ros2_ws/install/px4_msgs/share/px4_msgs/msg/GimbalManagerSetAttitude.idl\n'}
[2.812672] (px4_msgs) StdoutLine: {'line': b'-- Up-to-date symlink: /home/carlos/ros2_ws/install/px4_msgs/share/px4_msgs/msg/GimbalManagerSetManualControl.idl\n'}
[2.812776] (px4_msgs) StdoutLine: {'line': b'-- Up-to-date symlink: /home/carlos/ros2_ws/install/px4_msgs/share/px4_msgs/msg/GimbalManagerStatus.idl\n'}
[2.812881] (px4_msgs) StdoutLine: {'line': b'-- Up-to-date symlink: /home/carlos/ros2_ws/install/px4_msgs/share/px4_msgs/msg/GotoSetpoint.idl\n'}
[2.812984] (px4_msgs) StdoutLine: {'line': b'-- Up-to-date symlink: /home/carlos/ros2_ws/install/px4_msgs/share/px4_msgs/msg/GpioConfig.idl\n'}
[2.813088] (px4_msgs) StdoutLine: {'line': b'-- Up-to-date symlink: /home/carlos/ros2_ws/install/px4_msgs/share/px4_msgs/msg/GpioIn.idl\n'}
[2.813191] (px4_msgs) StdoutLine: {'line': b'-- Up-to-date symlink: /home/carlos/ros2_ws/install/px4_msgs/share/px4_msgs/msg/GpioOut.idl\n'}
[2.813295] (px4_msgs) StdoutLine: {'line': b'-- Up-to-date symlink: /home/carlos/ros2_ws/install/px4_msgs/share/px4_msgs/msg/GpioRequest.idl\n'}
[2.813411] (px4_msgs) StdoutLine: {'line': b'-- Up-to-date symlink: /home/carlos/ros2_ws/install/px4_msgs/share/px4_msgs/msg/GpsDump.idl\n'}
[2.813539] (px4_msgs) StdoutLine: {'line': b'-- Up-to-date symlink: /home/carlos/ros2_ws/install/px4_msgs/share/px4_msgs/msg/GpsInjectData.idl\n'}
[2.813631] (px4_msgs) StdoutLine: {'line': b'-- Up-to-date symlink: /home/carlos/ros2_ws/install/px4_msgs/share/px4_msgs/msg/Gripper.idl\n'}
[2.813749] (px4_msgs) StdoutLine: {'line': b'-- Up-to-date symlink: /home/carlos/ros2_ws/install/px4_msgs/share/px4_msgs/msg/HealthReport.idl\n'}
[2.813840] (px4_msgs) StdoutLine: {'line': b'-- Up-to-date symlink: /home/carlos/ros2_ws/install/px4_msgs/share/px4_msgs/msg/HeaterStatus.idl\n'}
[2.813958] (px4_msgs) StdoutLine: {'line': b'-- Up-to-date symlink: /home/carlos/ros2_ws/install/px4_msgs/share/px4_msgs/msg/HomePosition.idl\n'}
[2.814050] (px4_msgs) StdoutLine: {'line': b'-- Up-to-date symlink: /home/carlos/ros2_ws/install/px4_msgs/share/px4_msgs/msg/HoverThrustEstimate.idl\n'}
[2.814148] (px4_msgs) StdoutLine: {'line': b'-- Up-to-date symlink: /home/carlos/ros2_ws/install/px4_msgs/share/px4_msgs/msg/InputRc.idl\n'}
[2.814253] (px4_msgs) StdoutLine: {'line': b'-- Up-to-date symlink: /home/carlos/ros2_ws/install/px4_msgs/share/px4_msgs/msg/InternalCombustionEngineControl.idl\n'}
[2.814376] (px4_msgs) StdoutLine: {'line': b'-- Up-to-date symlink: /home/carlos/ros2_ws/install/px4_msgs/share/px4_msgs/msg/InternalCombustionEngineStatus.idl\n'}
[2.814476] (px4_msgs) StdoutLine: {'line': b'-- Up-to-date symlink: /home/carlos/ros2_ws/install/px4_msgs/share/px4_msgs/msg/IridiumsbdStatus.idl\n'}
[2.814579] (px4_msgs) StdoutLine: {'line': b'-- Up-to-date symlink: /home/carlos/ros2_ws/install/px4_msgs/share/px4_msgs/msg/IrlockReport.idl\n'}
[2.814682] (px4_msgs) StdoutLine: {'line': b'-- Up-to-date symlink: /home/carlos/ros2_ws/install/px4_msgs/share/px4_msgs/msg/LandingGear.idl\n'}
[2.814785] (px4_msgs) StdoutLine: {'line': b'-- Up-to-date symlink: /home/carlos/ros2_ws/install/px4_msgs/share/px4_msgs/msg/LandingGearWheel.idl\n'}
[2.814890] (px4_msgs) StdoutLine: {'line': b'-- Up-to-date symlink: /home/carlos/ros2_ws/install/px4_msgs/share/px4_msgs/msg/LandingTargetInnovations.idl\n'}
[2.815018] (px4_msgs) StdoutLine: {'line': b'-- Up-to-date symlink: /home/carlos/ros2_ws/install/px4_msgs/share/px4_msgs/msg/LandingTargetPose.idl\n'}
[2.815117] (px4_msgs) StdoutLine: {'line': b'-- Up-to-date symlink: /home/carlos/ros2_ws/install/px4_msgs/share/px4_msgs/msg/LateralControlConfiguration.idl\n'}
[2.815234] (px4_msgs) StdoutLine: {'line': b'-- Up-to-date symlink: /home/carlos/ros2_ws/install/px4_msgs/share/px4_msgs/msg/LaunchDetectionStatus.idl\n'}
[2.815327] (px4_msgs) StdoutLine: {'line': b'-- Up-to-date symlink: /home/carlos/ros2_ws/install/px4_msgs/share/px4_msgs/msg/LedControl.idl\n'}
[2.815442] (px4_msgs) StdoutLine: {'line': b'-- Up-to-date symlink: /home/carlos/ros2_ws/install/px4_msgs/share/px4_msgs/msg/LogMessage.idl\n'}
[2.815547] (px4_msgs) StdoutLine: {'line': b'-- Up-to-date symlink: /home/carlos/ros2_ws/install/px4_msgs/share/px4_msgs/msg/LoggerStatus.idl\n'}
[2.815653] (px4_msgs) StdoutLine: {'line': b'-- Up-to-date symlink: /home/carlos/ros2_ws/install/px4_msgs/share/px4_msgs/msg/LongitudinalControlConfiguration.idl\n'}
[2.815757] (px4_msgs) StdoutLine: {'line': b'-- Up-to-date symlink: /home/carlos/ros2_ws/install/px4_msgs/share/px4_msgs/msg/MagWorkerData.idl\n'}
[2.815863] (px4_msgs) StdoutLine: {'line': b'-- Up-to-date symlink: /home/carlos/ros2_ws/install/px4_msgs/share/px4_msgs/msg/MagnetometerBiasEstimate.idl\n'}
[2.815966] (px4_msgs) StdoutLine: {'line': b'-- Up-to-date symlink: /home/carlos/ros2_ws/install/px4_msgs/share/px4_msgs/msg/ManualControlSetpoint.idl\n'}
[2.816070] (px4_msgs) StdoutLine: {'line': b'-- Up-to-date symlink: /home/carlos/ros2_ws/install/px4_msgs/share/px4_msgs/msg/ManualControlSwitches.idl\n'}
[2.816197] (px4_msgs) StdoutLine: {'line': b'-- Up-to-date symlink: /home/carlos/ros2_ws/install/px4_msgs/share/px4_msgs/msg/MavlinkLog.idl\n'}
[2.816294] (px4_msgs) StdoutLine: {'line': b'-- Up-to-date symlink: /home/carlos/ros2_ws/install/px4_msgs/share/px4_msgs/msg/MavlinkTunnel.idl\n'}
[2.816416] (px4_msgs) StdoutLine: {'line': b'-- Up-to-date symlink: /home/carlos/ros2_ws/install/px4_msgs/share/px4_msgs/msg/MessageFormatRequest.idl\n'}
[2.816506] (px4_msgs) StdoutLine: {'line': b'-- Up-to-date symlink: /home/carlos/ros2_ws/install/px4_msgs/share/px4_msgs/msg/MessageFormatResponse.idl\n'}
[2.816603] (px4_msgs) StdoutLine: {'line': b'-- Up-to-date symlink: /home/carlos/ros2_ws/install/px4_msgs/share/px4_msgs/msg/Mission.idl\n'}
[2.816708] (px4_msgs) StdoutLine: {'line': b'-- Up-to-date symlink: /home/carlos/ros2_ws/install/px4_msgs/share/px4_msgs/msg/MissionResult.idl\n'}
[2.816811] (px4_msgs) StdoutLine: {'line': b'-- Up-to-date symlink: /home/carlos/ros2_ws/install/px4_msgs/share/px4_msgs/msg/ModeCompleted.idl\n'}
[2.816915] (px4_msgs) StdoutLine: {'line': b'-- Up-to-date symlink: /home/carlos/ros2_ws/install/px4_msgs/share/px4_msgs/msg/MountOrientation.idl\n'}
[2.817018] (px4_msgs) StdoutLine: {'line': b'-- Up-to-date symlink: /home/carlos/ros2_ws/install/px4_msgs/share/px4_msgs/msg/NavigatorMissionItem.idl\n'}
[2.817123] (px4_msgs) StdoutLine: {'line': b'-- Up-to-date symlink: /home/carlos/ros2_ws/install/px4_msgs/share/px4_msgs/msg/NavigatorStatus.idl\n'}
[2.817226] (px4_msgs) StdoutLine: {'line': b'-- Up-to-date symlink: /home/carlos/ros2_ws/install/px4_msgs/share/px4_msgs/msg/NeuralControl.idl\n'}
[2.817366] (px4_msgs) StdoutLine: {'line': b'-- Up-to-date symlink: /home/carlos/ros2_ws/install/px4_msgs/share/px4_msgs/msg/NormalizedUnsignedSetpoint.idl\n'}
[2.817466] (px4_msgs) StdoutLine: {'line': b'-- Up-to-date symlink: /home/carlos/ros2_ws/install/px4_msgs/share/px4_msgs/msg/ObstacleDistance.idl\n'}
[2.817568] (px4_msgs) StdoutLine: {'line': b'-- Up-to-date symlink: /home/carlos/ros2_ws/install/px4_msgs/share/px4_msgs/msg/OffboardControlMode.idl\n'}
[2.817672] (px4_msgs) StdoutLine: {'line': b'-- Up-to-date symlink: /home/carlos/ros2_ws/install/px4_msgs/share/px4_msgs/msg/OnboardComputerStatus.idl\n'}
[2.817782] (px4_msgs) StdoutLine: {'line': b'-- Up-to-date symlink: /home/carlos/ros2_ws/install/px4_msgs/share/px4_msgs/msg/OpenDroneIdArmStatus.idl\n'}
[2.817884] (px4_msgs) StdoutLine: {'line': b'-- Up-to-date symlink: /home/carlos/ros2_ws/install/px4_msgs/share/px4_msgs/msg/OpenDroneIdOperatorId.idl\n'}
[2.817988] (px4_msgs) StdoutLine: {'line': b'-- Up-to-date symlink: /home/carlos/ros2_ws/install/px4_msgs/share/px4_msgs/msg/OpenDroneIdSelfId.idl\n'}
[2.818090] (px4_msgs) StdoutLine: {'line': b'-- Up-to-date symlink: /home/carlos/ros2_ws/install/px4_msgs/share/px4_msgs/msg/OpenDroneIdSystem.idl\n'}
[2.818195] (px4_msgs) StdoutLine: {'line': b'-- Up-to-date symlink: /home/carlos/ros2_ws/install/px4_msgs/share/px4_msgs/msg/OrbTest.idl\n'}
[2.818326] (px4_msgs) StdoutLine: {'line': b'-- Up-to-date symlink: /home/carlos/ros2_ws/install/px4_msgs/share/px4_msgs/msg/OrbTestLarge.idl\n'}
[2.818520] (px4_msgs) StdoutLine: {'line': b'-- Up-to-date symlink: /home/carlos/ros2_ws/install/px4_msgs/share/px4_msgs/msg/OrbTestMedium.idl\n'}
[2.818685] (px4_msgs) StdoutLine: {'line': b'-- Up-to-date symlink: /home/carlos/ros2_ws/install/px4_msgs/share/px4_msgs/msg/OrbitStatus.idl\n'}
[2.818824] (px4_msgs) StdoutLine: {'line': b'-- Up-to-date symlink: /home/carlos/ros2_ws/install/px4_msgs/share/px4_msgs/msg/ParameterResetRequest.idl\n'}
[2.818934] (px4_msgs) StdoutLine: {'line': b'-- Up-to-date symlink: /home/carlos/ros2_ws/install/px4_msgs/share/px4_msgs/msg/ParameterSetUsedRequest.idl\n'}
[2.819068] (px4_msgs) StdoutLine: {'line': b'-- Up-to-date symlink: /home/carlos/ros2_ws/install/px4_msgs/share/px4_msgs/msg/ParameterSetValueRequest.idl\n'}
[2.819180] (px4_msgs) StdoutLine: {'line': b'-- Up-to-date symlink: /home/carlos/ros2_ws/install/px4_msgs/share/px4_msgs/msg/ParameterSetValueResponse.idl\n'}
[2.819283] (px4_msgs) StdoutLine: {'line': b'-- Up-to-date symlink: /home/carlos/ros2_ws/install/px4_msgs/share/px4_msgs/msg/ParameterUpdate.idl\n'}
[2.819451] (px4_msgs) StdoutLine: {'line': b'-- Up-to-date symlink: /home/carlos/ros2_ws/install/px4_msgs/share/px4_msgs/msg/Ping.idl\n'}
[2.819574] (px4_msgs) StdoutLine: {'line': b'-- Up-to-date symlink: /home/carlos/ros2_ws/install/px4_msgs/share/px4_msgs/msg/PositionControllerLandingStatus.idl\n'}
[2.819678] (px4_msgs) StdoutLine: {'line': b'-- Up-to-date symlink: /home/carlos/ros2_ws/install/px4_msgs/share/px4_msgs/msg/PositionControllerStatus.idl\n'}
[2.819778] (px4_msgs) StdoutLine: {'line': b'-- Up-to-date symlink: /home/carlos/ros2_ws/install/px4_msgs/share/px4_msgs/msg/PositionSetpoint.idl\n'}
[2.819908] (px4_msgs) StdoutLine: {'line': b'-- Up-to-date symlink: /home/carlos/ros2_ws/install/px4_msgs/share/px4_msgs/msg/PositionSetpointTriplet.idl\n'}
[2.820013] (px4_msgs) StdoutLine: {'line': b'-- Up-to-date symlink: /home/carlos/ros2_ws/install/px4_msgs/share/px4_msgs/msg/PowerButtonState.idl\n'}
[2.820092] (px4_msgs) StdoutLine: {'line': b'-- Up-to-date symlink: /home/carlos/ros2_ws/install/px4_msgs/share/px4_msgs/msg/PowerMonitor.idl\n'}
[2.820134] (px4_msgs) StdoutLine: {'line': b'-- Up-to-date symlink: /home/carlos/ros2_ws/install/px4_msgs/share/px4_msgs/msg/PpsCapture.idl\n'}
[2.820194] (px4_msgs) StdoutLine: {'line': b'-- Up-to-date symlink: /home/carlos/ros2_ws/install/px4_msgs/share/px4_msgs/msg/PurePursuitStatus.idl\n'}
[2.820237] (px4_msgs) StdoutLine: {'line': b'-- Up-to-date symlink: /home/carlos/ros2_ws/install/px4_msgs/share/px4_msgs/msg/PwmInput.idl\n'}
[2.820294] (px4_msgs) StdoutLine: {'line': b'-- Up-to-date symlink: /home/carlos/ros2_ws/install/px4_msgs/share/px4_msgs/msg/Px4ioStatus.idl\n'}
[2.820359] (px4_msgs) StdoutLine: {'line': b'-- Up-to-date symlink: /home/carlos/ros2_ws/install/px4_msgs/share/px4_msgs/msg/QshellReq.idl\n'}
[2.820417] (px4_msgs) StdoutLine: {'line': b'-- Up-to-date symlink: /home/carlos/ros2_ws/install/px4_msgs/share/px4_msgs/msg/QshellRetval.idl\n'}
[2.820535] (px4_msgs) StdoutLine: {'line': b'-- Up-to-date symlink: /home/carlos/ros2_ws/install/px4_msgs/share/px4_msgs/msg/RadioStatus.idl\n'}
[2.820628] (px4_msgs) StdoutLine: {'line': b'-- Up-to-date symlink: /home/carlos/ros2_ws/install/px4_msgs/share/px4_msgs/msg/RateCtrlStatus.idl\n'}
[2.820726] (px4_msgs) StdoutLine: {'line': b'-- Up-to-date symlink: /home/carlos/ros2_ws/install/px4_msgs/share/px4_msgs/msg/RcChannels.idl\n'}
[2.820829] (px4_msgs) StdoutLine: {'line': b'-- Up-to-date symlink: /home/carlos/ros2_ws/install/px4_msgs/share/px4_msgs/msg/RcParameterMap.idl\n'}
[2.820934] (px4_msgs) StdoutLine: {'line': b'-- Up-to-date symlink: /home/carlos/ros2_ws/install/px4_msgs/share/px4_msgs/msg/RegisterExtComponentReply.idl\n'}
[2.821037] (px4_msgs) StdoutLine: {'line': b'-- Up-to-date symlink: /home/carlos/ros2_ws/install/px4_msgs/share/px4_msgs/msg/RegisterExtComponentRequest.idl\n'}
[2.821140] (px4_msgs) StdoutLine: {'line': b'-- Up-to-date symlink: /home/carlos/ros2_ws/install/px4_msgs/share/px4_msgs/msg/RoverAttitudeSetpoint.idl\n'}
[2.821244] (px4_msgs) StdoutLine: {'line': b'-- Up-to-date symlink: /home/carlos/ros2_ws/install/px4_msgs/share/px4_msgs/msg/RoverAttitudeStatus.idl\n'}
[2.821364] (px4_msgs) StdoutLine: {'line': b'-- Up-to-date symlink: /home/carlos/ros2_ws/install/px4_msgs/share/px4_msgs/msg/RoverPositionSetpoint.idl\n'}
[2.821498] (px4_msgs) StdoutLine: {'line': b'-- Up-to-date symlink: /home/carlos/ros2_ws/install/px4_msgs/share/px4_msgs/msg/RoverRateSetpoint.idl\n'}
[2.821591] (px4_msgs) StdoutLine: {'line': b'-- Up-to-date symlink: /home/carlos/ros2_ws/install/px4_msgs/share/px4_msgs/msg/RoverRateStatus.idl\n'}
[2.821683] (px4_msgs) StdoutLine: {'line': b'-- Up-to-date symlink: /home/carlos/ros2_ws/install/px4_msgs/share/px4_msgs/msg/RoverSpeedSetpoint.idl\n'}
[2.821786] (px4_msgs) StdoutLine: {'line': b'-- Up-to-date symlink: /home/carlos/ros2_ws/install/px4_msgs/share/px4_msgs/msg/RoverSpeedStatus.idl\n'}
[2.821889] (px4_msgs) StdoutLine: {'line': b'-- Up-to-date symlink: /home/carlos/ros2_ws/install/px4_msgs/share/px4_msgs/msg/RoverSteeringSetpoint.idl\n'}
[2.821993] (px4_msgs) StdoutLine: {'line': b'-- Up-to-date symlink: /home/carlos/ros2_ws/install/px4_msgs/share/px4_msgs/msg/RoverThrottleSetpoint.idl\n'}
[2.822100] (px4_msgs) StdoutLine: {'line': b'-- Up-to-date symlink: /home/carlos/ros2_ws/install/px4_msgs/share/px4_msgs/msg/Rpm.idl\n'}
[2.822203] (px4_msgs) StdoutLine: {'line': b'-- Up-to-date symlink: /home/carlos/ros2_ws/install/px4_msgs/share/px4_msgs/msg/RtlStatus.idl\n'}
[2.822306] (px4_msgs) StdoutLine: {'line': b'-- Up-to-date symlink: /home/carlos/ros2_ws/install/px4_msgs/share/px4_msgs/msg/RtlTimeEstimate.idl\n'}
[2.822423] (px4_msgs) StdoutLine: {'line': b'-- Up-to-date symlink: /home/carlos/ros2_ws/install/px4_msgs/share/px4_msgs/msg/SatelliteInfo.idl\n'}
[2.822557] (px4_msgs) StdoutLine: {'line': b'-- Up-to-date symlink: /home/carlos/ros2_ws/install/px4_msgs/share/px4_msgs/msg/SensorAccel.idl\n'}
[2.822657] (px4_msgs) StdoutLine: {'line': b'-- Up-to-date symlink: /home/carlos/ros2_ws/install/px4_msgs/share/px4_msgs/msg/SensorAccelFifo.idl\n'}
[2.822767] (px4_msgs) StdoutLine: {'line': b'-- Up-to-date symlink: /home/carlos/ros2_ws/install/px4_msgs/share/px4_msgs/msg/SensorAirflow.idl\n'}
[2.822869] (px4_msgs) StdoutLine: {'line': b'-- Up-to-date symlink: /home/carlos/ros2_ws/install/px4_msgs/share/px4_msgs/msg/SensorBaro.idl\n'}
[2.822955] (px4_msgs) StdoutLine: {'line': b'-- Up-to-date symlink: /home/carlos/ros2_ws/install/px4_msgs/share/px4_msgs/msg/SensorCombined.idl\n'}
[2.823058] (px4_msgs) StdoutLine: {'line': b'-- Up-to-date symlink: /home/carlos/ros2_ws/install/px4_msgs/share/px4_msgs/msg/SensorCorrection.idl\n'}
[2.823162] (px4_msgs) StdoutLine: {'line': b'-- Up-to-date symlink: /home/carlos/ros2_ws/install/px4_msgs/share/px4_msgs/msg/SensorGnssRelative.idl\n'}
[2.823264] (px4_msgs) StdoutLine: {'line': b'-- Up-to-date symlink: /home/carlos/ros2_ws/install/px4_msgs/share/px4_msgs/msg/SensorGnssStatus.idl\n'}
[2.823379] (px4_msgs) StdoutLine: {'line': b'-- Up-to-date symlink: /home/carlos/ros2_ws/install/px4_msgs/share/px4_msgs/msg/SensorGps.idl\n'}
[2.823488] (px4_msgs) StdoutLine: {'line': b'-- Up-to-date symlink: /home/carlos/ros2_ws/install/px4_msgs/share/px4_msgs/msg/SensorGyro.idl\n'}
[2.823595] (px4_msgs) StdoutLine: {'line': b'-- Up-to-date symlink: /home/carlos/ros2_ws/install/px4_msgs/share/px4_msgs/msg/SensorGyroFft.idl\n'}
[2.823698] (px4_msgs) StdoutLine: {'line': b'-- Up-to-date symlink: /home/carlos/ros2_ws/install/px4_msgs/share/px4_msgs/msg/SensorGyroFifo.idl\n'}
[2.823820] (px4_msgs) StdoutLine: {'line': b'-- Up-to-date symlink: /home/carlos/ros2_ws/install/px4_msgs/share/px4_msgs/msg/SensorHygrometer.idl\n'}
[2.823912] (px4_msgs) StdoutLine: {'line': b'-- Up-to-date symlink: /home/carlos/ros2_ws/install/px4_msgs/share/px4_msgs/msg/SensorMag.idl\n'}
[2.824030] (px4_msgs) StdoutLine: {'line': b'-- Up-to-date symlink: /home/carlos/ros2_ws/install/px4_msgs/share/px4_msgs/msg/SensorOpticalFlow.idl\n'}
[2.824121] (px4_msgs) StdoutLine: {'line': b'-- Up-to-date symlink: /home/carlos/ros2_ws/install/px4_msgs/share/px4_msgs/msg/SensorPreflightMag.idl\n'}
[2.824215] (px4_msgs) StdoutLine: {'line': b'-- Up-to-date symlink: /home/carlos/ros2_ws/install/px4_msgs/share/px4_msgs/msg/SensorSelection.idl\n'}
[2.824324] (px4_msgs) StdoutLine: {'line': b'-- Up-to-date symlink: /home/carlos/ros2_ws/install/px4_msgs/share/px4_msgs/msg/SensorUwb.idl\n'}
[2.824431] (px4_msgs) StdoutLine: {'line': b'-- Up-to-date symlink: /home/carlos/ros2_ws/install/px4_msgs/share/px4_msgs/msg/SensorsStatus.idl\n'}
[2.824534] (px4_msgs) StdoutLine: {'line': b'-- Up-to-date symlink: /home/carlos/ros2_ws/install/px4_msgs/share/px4_msgs/msg/SensorsStatusImu.idl\n'}
[2.824637] (px4_msgs) StdoutLine: {'line': b'-- Up-to-date symlink: /home/carlos/ros2_ws/install/px4_msgs/share/px4_msgs/msg/SystemPower.idl\n'}
[2.824740] (px4_msgs) StdoutLine: {'line': b'-- Up-to-date symlink: /home/carlos/ros2_ws/install/px4_msgs/share/px4_msgs/msg/TakeoffStatus.idl\n'}
[2.824849] (px4_msgs) StdoutLine: {'line': b'-- Up-to-date symlink: /home/carlos/ros2_ws/install/px4_msgs/share/px4_msgs/msg/TaskStackInfo.idl\n'}
[2.824951] (px4_msgs) StdoutLine: {'line': b'-- Up-to-date symlink: /home/carlos/ros2_ws/install/px4_msgs/share/px4_msgs/msg/TecsStatus.idl\n'}
[2.825078] (px4_msgs) StdoutLine: {'line': b'-- Up-to-date symlink: /home/carlos/ros2_ws/install/px4_msgs/share/px4_msgs/msg/TelemetryStatus.idl\n'}
[2.825177] (px4_msgs) StdoutLine: {'line': b'-- Up-to-date symlink: /home/carlos/ros2_ws/install/px4_msgs/share/px4_msgs/msg/TiltrotorExtraControls.idl\n'}
[2.825289] (px4_msgs) StdoutLine: {'line': b'-- Up-to-date symlink: /home/carlos/ros2_ws/install/px4_msgs/share/px4_msgs/msg/TimesyncStatus.idl\n'}
[2.825411] (px4_msgs) StdoutLine: {'line': b'-- Up-to-date symlink: /home/carlos/ros2_ws/install/px4_msgs/share/px4_msgs/msg/TrajectorySetpoint.idl\n'}
[2.825501] (px4_msgs) StdoutLine: {'line': b'-- Up-to-date symlink: /home/carlos/ros2_ws/install/px4_msgs/share/px4_msgs/msg/TrajectorySetpoint6dof.idl\n'}
[2.825603] (px4_msgs) StdoutLine: {'line': b'-- Up-to-date symlink: /home/carlos/ros2_ws/install/px4_msgs/share/px4_msgs/msg/TransponderReport.idl\n'}
[2.825707] (px4_msgs) StdoutLine: {'line': b'-- Up-to-date symlink: /home/carlos/ros2_ws/install/px4_msgs/share/px4_msgs/msg/TuneControl.idl\n'}
[2.825811] (px4_msgs) StdoutLine: {'line': b'-- Up-to-date symlink: /home/carlos/ros2_ws/install/px4_msgs/share/px4_msgs/msg/UavcanParameterRequest.idl\n'}
[2.825914] (px4_msgs) StdoutLine: {'line': b'-- Up-to-date symlink: /home/carlos/ros2_ws/install/px4_msgs/share/px4_msgs/msg/UavcanParameterValue.idl\n'}
[2.826017] (px4_msgs) StdoutLine: {'line': b'-- Up-to-date symlink: /home/carlos/ros2_ws/install/px4_msgs/share/px4_msgs/msg/UlogStream.idl\n'}
[2.826115] (px4_msgs) StdoutLine: {'line': b'-- Up-to-date symlink: /home/carlos/ros2_ws/install/px4_msgs/share/px4_msgs/msg/UlogStreamAck.idl\n'}
[2.826219] (px4_msgs) StdoutLine: {'line': b'-- Up-to-date symlink: /home/carlos/ros2_ws/install/px4_msgs/share/px4_msgs/msg/UnregisterExtComponent.idl\n'}
[2.826343] (px4_msgs) StdoutLine: {'line': b'-- Up-to-date symlink: /home/carlos/ros2_ws/install/px4_msgs/share/px4_msgs/msg/VehicleAcceleration.idl\n'}
[2.826442] (px4_msgs) StdoutLine: {'line': b'-- Up-to-date symlink: /home/carlos/ros2_ws/install/px4_msgs/share/px4_msgs/msg/VehicleAirData.idl\n'}
[2.826548] (px4_msgs) StdoutLine: {'line': b'-- Up-to-date symlink: /home/carlos/ros2_ws/install/px4_msgs/share/px4_msgs/msg/VehicleAngularAccelerationSetpoint.idl\n'}
[2.826676] (px4_msgs) StdoutLine: {'line': b'-- Up-to-date symlink: /home/carlos/ros2_ws/install/px4_msgs/share/px4_msgs/msg/VehicleAngularVelocity.idl\n'}
[2.826769] (px4_msgs) StdoutLine: {'line': b'-- Up-to-date symlink: /home/carlos/ros2_ws/install/px4_msgs/share/px4_msgs/msg/VehicleAttitude.idl\n'}
[2.826862] (px4_msgs) StdoutLine: {'line': b'-- Up-to-date symlink: /home/carlos/ros2_ws/install/px4_msgs/share/px4_msgs/msg/VehicleAttitudeSetpoint.idl\n'}
[2.826965] (px4_msgs) StdoutLine: {'line': b'-- Up-to-date symlink: /home/carlos/ros2_ws/install/px4_msgs/share/px4_msgs/msg/VehicleCommand.idl\n'}
[2.827069] (px4_msgs) StdoutLine: {'line': b'-- Up-to-date symlink: /home/carlos/ros2_ws/install/px4_msgs/share/px4_msgs/msg/VehicleCommandAck.idl\n'}
[2.827173] (px4_msgs) StdoutLine: {'line': b'-- Up-to-date symlink: /home/carlos/ros2_ws/install/px4_msgs/share/px4_msgs/msg/VehicleConstraints.idl\n'}
[2.827281] (px4_msgs) StdoutLine: {'line': b'-- Up-to-date symlink: /home/carlos/ros2_ws/install/px4_msgs/share/px4_msgs/msg/VehicleControlMode.idl\n'}
[2.827395] (px4_msgs) StdoutLine: {'line': b'-- Up-to-date symlink: /home/carlos/ros2_ws/install/px4_msgs/share/px4_msgs/msg/VehicleGlobalPosition.idl\n'}
[2.827500] (px4_msgs) StdoutLine: {'line': b'-- Up-to-date symlink: /home/carlos/ros2_ws/install/px4_msgs/share/px4_msgs/msg/VehicleImu.idl\n'}
[2.827606] (px4_msgs) StdoutLine: {'line': b'-- Up-to-date symlink: /home/carlos/ros2_ws/install/px4_msgs/share/px4_msgs/msg/VehicleImuStatus.idl\n'}
[2.827734] (px4_msgs) StdoutLine: {'line': b'-- Up-to-date symlink: /home/carlos/ros2_ws/install/px4_msgs/share/px4_msgs/msg/VehicleLandDetected.idl\n'}
[2.827830] (px4_msgs) StdoutLine: {'line': b'-- Up-to-date symlink: /home/carlos/ros2_ws/install/px4_msgs/share/px4_msgs/msg/VehicleLocalPosition.idl\n'}
[2.827945] (px4_msgs) StdoutLine: {'line': b'-- Up-to-date symlink: /home/carlos/ros2_ws/install/px4_msgs/share/px4_msgs/msg/VehicleLocalPositionSetpoint.idl\n'}
[2.828045] (px4_msgs) StdoutLine: {'line': b'-- Up-to-date symlink: /home/carlos/ros2_ws/install/px4_msgs/share/px4_msgs/msg/VehicleMagnetometer.idl\n'}
[2.828136] (px4_msgs) StdoutLine: {'line': b'-- Up-to-date symlink: /home/carlos/ros2_ws/install/px4_msgs/share/px4_msgs/msg/VehicleOdometry.idl\n'}
[2.828239] (px4_msgs) StdoutLine: {'line': b'-- Up-to-date symlink: /home/carlos/ros2_ws/install/px4_msgs/share/px4_msgs/msg/VehicleOpticalFlow.idl\n'}
[2.828355] (px4_msgs) StdoutLine: {'line': b'-- Up-to-date symlink: /home/carlos/ros2_ws/install/px4_msgs/share/px4_msgs/msg/VehicleOpticalFlowVel.idl\n'}
[2.828457] (px4_msgs) StdoutLine: {'line': b'-- Up-to-date symlink: /home/carlos/ros2_ws/install/px4_msgs/share/px4_msgs/msg/VehicleRatesSetpoint.idl\n'}
[2.828557] (px4_msgs) StdoutLine: {'line': b'-- Up-to-date symlink: /home/carlos/ros2_ws/install/px4_msgs/share/px4_msgs/msg/VehicleRoi.idl\n'}
[2.828661] (px4_msgs) StdoutLine: {'line': b'-- Up-to-date symlink: /home/carlos/ros2_ws/install/px4_msgs/share/px4_msgs/msg/VehicleStatus.idl\n'}
[2.828765] (px4_msgs) StdoutLine: {'line': b'-- Up-to-date symlink: /home/carlos/ros2_ws/install/px4_msgs/share/px4_msgs/msg/VehicleThrustSetpoint.idl\n'}
[2.828868] (px4_msgs) StdoutLine: {'line': b'-- Up-to-date symlink: /home/carlos/ros2_ws/install/px4_msgs/share/px4_msgs/msg/VehicleTorqueSetpoint.idl\n'}
[2.828995] (px4_msgs) StdoutLine: {'line': b'-- Up-to-date symlink: /home/carlos/ros2_ws/install/px4_msgs/share/px4_msgs/msg/VelocityLimits.idl\n'}
[2.829088] (px4_msgs) StdoutLine: {'line': b'-- Up-to-date symlink: /home/carlos/ros2_ws/install/px4_msgs/share/px4_msgs/msg/VtolVehicleStatus.idl\n'}
[2.829182] (px4_msgs) StdoutLine: {'line': b'-- Up-to-date symlink: /home/carlos/ros2_ws/install/px4_msgs/share/px4_msgs/msg/WheelEncoders.idl\n'}
[2.829287] (px4_msgs) StdoutLine: {'line': b'-- Up-to-date symlink: /home/carlos/ros2_ws/install/px4_msgs/share/px4_msgs/msg/Wind.idl\n'}
[2.829398] (px4_msgs) StdoutLine: {'line': b'-- Up-to-date symlink: /home/carlos/ros2_ws/install/px4_msgs/share/px4_msgs/msg/YawEstimatorStatus.idl\n'}
[2.829502] (px4_msgs) StdoutLine: {'line': b'-- Up-to-date symlink: /home/carlos/ros2_ws/install/px4_msgs/share/px4_msgs/srv/VehicleCommand.idl\n'}
[2.829604] (px4_msgs) StdoutLine: {'line': b'-- Up-to-date symlink: /home/carlos/ros2_ws/install/px4_msgs/share/px4_msgs/msg/ActionRequest.msg\n'}
[2.829709] (px4_msgs) StdoutLine: {'line': b'-- Up-to-date symlink: /home/carlos/ros2_ws/install/px4_msgs/share/px4_msgs/msg/ActuatorArmed.msg\n'}
[2.829809] (px4_msgs) StdoutLine: {'line': b'-- Up-to-date symlink: /home/carlos/ros2_ws/install/px4_msgs/share/px4_msgs/msg/ActuatorControlsStatus.msg\n'}
[2.829907] (px4_msgs) StdoutLine: {'line': b'-- Up-to-date symlink: /home/carlos/ros2_ws/install/px4_msgs/share/px4_msgs/msg/ActuatorMotors.msg\n'}
[2.830030] (px4_msgs) StdoutLine: {'line': b'-- Up-to-date symlink: /home/carlos/ros2_ws/install/px4_msgs/share/px4_msgs/msg/ActuatorOutputs.msg\n'}
[2.830116] (px4_msgs) StdoutLine: {'line': b'-- Up-to-date symlink: /home/carlos/ros2_ws/install/px4_msgs/share/px4_msgs/msg/ActuatorServos.msg\n'}
[2.830227] (px4_msgs) StdoutLine: {'line': b'-- Up-to-date symlink: /home/carlos/ros2_ws/install/px4_msgs/share/px4_msgs/msg/ActuatorServosTrim.msg\n'}
[2.830334] (px4_msgs) StdoutLine: {'line': b'-- Up-to-date symlink: /home/carlos/ros2_ws/install/px4_msgs/share/px4_msgs/msg/ActuatorTest.msg\n'}
[2.830418] (px4_msgs) StdoutLine: {'line': b'-- Up-to-date symlink: /home/carlos/ros2_ws/install/px4_msgs/share/px4_msgs/msg/AdcReport.msg\n'}
[2.830512] (px4_msgs) StdoutLine: {'line': b'-- Up-to-date symlink: /home/carlos/ros2_ws/install/px4_msgs/share/px4_msgs/msg/Airspeed.msg\n'}
[2.830609] (px4_msgs) StdoutLine: {'line': b'-- Up-to-date symlink: /home/carlos/ros2_ws/install/px4_msgs/share/px4_msgs/msg/AirspeedValidated.msg\n'}
[2.830707] (px4_msgs) StdoutLine: {'line': b'-- Up-to-date symlink: /home/carlos/ros2_ws/install/px4_msgs/share/px4_msgs/msg/AirspeedWind.msg\n'}
[2.830803] (px4_msgs) StdoutLine: {'line': b'-- Up-to-date symlink: /home/carlos/ros2_ws/install/px4_msgs/share/px4_msgs/msg/ArmingCheckReply.msg\n'}
[2.830896] (px4_msgs) StdoutLine: {'line': b'-- Up-to-date symlink: /home/carlos/ros2_ws/install/px4_msgs/share/px4_msgs/msg/ArmingCheckRequest.msg\n'}
[2.830996] (px4_msgs) StdoutLine: {'line': b'-- Up-to-date symlink: /home/carlos/ros2_ws/install/px4_msgs/share/px4_msgs/msg/AutotuneAttitudeControlStatus.msg\n'}
[2.831094] (px4_msgs) StdoutLine: {'line': b'-- Up-to-date symlink: /home/carlos/ros2_ws/install/px4_msgs/share/px4_msgs/msg/BatteryInfo.msg\n'}
[2.831191] (px4_msgs) StdoutLine: {'line': b'-- Up-to-date symlink: /home/carlos/ros2_ws/install/px4_msgs/share/px4_msgs/msg/BatteryStatus.msg\n'}
[2.831288] (px4_msgs) StdoutLine: {'line': b'-- Up-to-date symlink: /home/carlos/ros2_ws/install/px4_msgs/share/px4_msgs/msg/ButtonEvent.msg\n'}
[2.831416] (px4_msgs) StdoutLine: {'line': b'-- Up-to-date symlink: /home/carlos/ros2_ws/install/px4_msgs/share/px4_msgs/msg/CameraCapture.msg\n'}
[2.831508] (px4_msgs) StdoutLine: {'line': b'-- Up-to-date symlink: /home/carlos/ros2_ws/install/px4_msgs/share/px4_msgs/msg/CameraStatus.msg\n'}
[2.831592] (px4_msgs) StdoutLine: {'line': b'-- Up-to-date symlink: /home/carlos/ros2_ws/install/px4_msgs/share/px4_msgs/msg/CameraTrigger.msg\n'}
[2.831696] (px4_msgs) StdoutLine: {'line': b'-- Up-to-date symlink: /home/carlos/ros2_ws/install/px4_msgs/share/px4_msgs/msg/CanInterfaceStatus.msg\n'}
[2.831795] (px4_msgs) StdoutLine: {'line': b'-- Up-to-date symlink: /home/carlos/ros2_ws/install/px4_msgs/share/px4_msgs/msg/CellularStatus.msg\n'}
[2.831893] (px4_msgs) StdoutLine: {'line': b'-- Up-to-date symlink: /home/carlos/ros2_ws/install/px4_msgs/share/px4_msgs/msg/CollisionConstraints.msg\n'}
[2.831990] (px4_msgs) StdoutLine: {'line': b'-- Up-to-date symlink: /home/carlos/ros2_ws/install/px4_msgs/share/px4_msgs/msg/ConfigOverrides.msg\n'}
[2.832094] (px4_msgs) StdoutLine: {'line': b'-- Up-to-date symlink: /home/carlos/ros2_ws/install/px4_msgs/share/px4_msgs/msg/ControlAllocatorStatus.msg\n'}
[2.832193] (px4_msgs) StdoutLine: {'line': b'-- Up-to-date symlink: /home/carlos/ros2_ws/install/px4_msgs/share/px4_msgs/msg/Cpuload.msg\n'}
[2.832290] (px4_msgs) StdoutLine: {'line': b'-- Up-to-date symlink: /home/carlos/ros2_ws/install/px4_msgs/share/px4_msgs/msg/DatamanRequest.msg\n'}
[2.832422] (px4_msgs) StdoutLine: {'line': b'-- Up-to-date symlink: /home/carlos/ros2_ws/install/px4_msgs/share/px4_msgs/msg/DatamanResponse.msg\n'}
[2.832508] (px4_msgs) StdoutLine: {'line': b'-- Up-to-date symlink: /home/carlos/ros2_ws/install/px4_msgs/share/px4_msgs/msg/DebugArray.msg\n'}
[2.832618] (px4_msgs) StdoutLine: {'line': b'-- Up-to-date symlink: /home/carlos/ros2_ws/install/px4_msgs/share/px4_msgs/msg/DebugKeyValue.msg\n'}
[2.832715] (px4_msgs) StdoutLine: {'line': b'-- Up-to-date symlink: /home/carlos/ros2_ws/install/px4_msgs/share/px4_msgs/msg/DebugValue.msg\n'}
[2.832795] (px4_msgs) StdoutLine: {'line': b'-- Up-to-date symlink: /home/carlos/ros2_ws/install/px4_msgs/share/px4_msgs/msg/DebugVect.msg\n'}
[2.832893] (px4_msgs) StdoutLine: {'line': b'-- Up-to-date symlink: /home/carlos/ros2_ws/install/px4_msgs/share/px4_msgs/msg/DifferentialPressure.msg\n'}
[2.832990] (px4_msgs) StdoutLine: {'line': b'-- Up-to-date symlink: /home/carlos/ros2_ws/install/px4_msgs/share/px4_msgs/msg/DistanceSensor.msg\n'}
[2.833091] (px4_msgs) StdoutLine: {'line': b'-- Up-to-date symlink: /home/carlos/ros2_ws/install/px4_msgs/share/px4_msgs/msg/DistanceSensorModeChangeRequest.msg\n'}
[2.833190] (px4_msgs) StdoutLine: {'line': b'-- Up-to-date symlink: /home/carlos/ros2_ws/install/px4_msgs/share/px4_msgs/msg/DronecanNodeStatus.msg\n'}
[2.833282] (px4_msgs) StdoutLine: {'line': b'-- Up-to-date symlink: /home/carlos/ros2_ws/install/px4_msgs/share/px4_msgs/msg/Ekf2Timestamps.msg\n'}
[2.833387] (px4_msgs) StdoutLine: {'line': b'-- Up-to-date symlink: /home/carlos/ros2_ws/install/px4_msgs/share/px4_msgs/msg/EscReport.msg\n'}
[2.833484] (px4_msgs) StdoutLine: {'line': b'-- Up-to-date symlink: /home/carlos/ros2_ws/install/px4_msgs/share/px4_msgs/msg/EscStatus.msg\n'}
[2.833583] (px4_msgs) StdoutLine: {'line': b'-- Up-to-date symlink: /home/carlos/ros2_ws/install/px4_msgs/share/px4_msgs/msg/EstimatorAidSource1d.msg\n'}
[2.833706] (px4_msgs) StdoutLine: {'line': b'-- Up-to-date symlink: /home/carlos/ros2_ws/install/px4_msgs/share/px4_msgs/msg/EstimatorAidSource2d.msg\n'}
[2.833799] (px4_msgs) StdoutLine: {'line': b'-- Up-to-date symlink: /home/carlos/ros2_ws/install/px4_msgs/share/px4_msgs/msg/EstimatorAidSource3d.msg\n'}
[2.833881] (px4_msgs) StdoutLine: {'line': b'-- Up-to-date symlink: /home/carlos/ros2_ws/install/px4_msgs/share/px4_msgs/msg/EstimatorBias.msg\n'}
[2.833978] (px4_msgs) StdoutLine: {'line': b'-- Up-to-date symlink: /home/carlos/ros2_ws/install/px4_msgs/share/px4_msgs/msg/EstimatorBias3d.msg\n'}
[2.834077] (px4_msgs) StdoutLine: {'line': b'-- Up-to-date symlink: /home/carlos/ros2_ws/install/px4_msgs/share/px4_msgs/msg/EstimatorEventFlags.msg\n'}
[2.834175] (px4_msgs) StdoutLine: {'line': b'-- Up-to-date symlink: /home/carlos/ros2_ws/install/px4_msgs/share/px4_msgs/msg/EstimatorGpsStatus.msg\n'}
[2.834272] (px4_msgs) StdoutLine: {'line': b'-- Up-to-date symlink: /home/carlos/ros2_ws/install/px4_msgs/share/px4_msgs/msg/EstimatorInnovations.msg\n'}
[2.834379] (px4_msgs) StdoutLine: {'line': b'-- Up-to-date symlink: /home/carlos/ros2_ws/install/px4_msgs/share/px4_msgs/msg/EstimatorSelectorStatus.msg\n'}
[2.834486] (px4_msgs) StdoutLine: {'line': b'-- Up-to-date symlink: /home/carlos/ros2_ws/install/px4_msgs/share/px4_msgs/msg/EstimatorSensorBias.msg\n'}
[2.834584] (px4_msgs) StdoutLine: {'line': b'-- Up-to-date symlink: /home/carlos/ros2_ws/install/px4_msgs/share/px4_msgs/msg/EstimatorStates.msg\n'}
[2.834683] (px4_msgs) StdoutLine: {'line': b'-- Up-to-date symlink: /home/carlos/ros2_ws/install/px4_msgs/share/px4_msgs/msg/EstimatorStatus.msg\n'}
[2.834811] (px4_msgs) StdoutLine: {'line': b'-- Up-to-date symlink: /home/carlos/ros2_ws/install/px4_msgs/share/px4_msgs/msg/EstimatorStatusFlags.msg\n'}
[2.834907] (px4_msgs) StdoutLine: {'line': b'-- Up-to-date symlink: /home/carlos/ros2_ws/install/px4_msgs/share/px4_msgs/msg/Event.msg\n'}
[2.835014] (px4_msgs) StdoutLine: {'line': b'-- Up-to-date symlink: /home/carlos/ros2_ws/install/px4_msgs/share/px4_msgs/msg/FailsafeFlags.msg\n'}
[2.835124] (px4_msgs) StdoutLine: {'line': b'-- Up-to-date symlink: /home/carlos/ros2_ws/install/px4_msgs/share/px4_msgs/msg/FailureDetectorStatus.msg\n'}
[2.835195] (px4_msgs) StdoutLine: {'line': b'-- Up-to-date symlink: /home/carlos/ros2_ws/install/px4_msgs/share/px4_msgs/msg/FigureEightStatus.msg\n'}
[2.835305] (px4_msgs) StdoutLine: {'line': b'-- Up-to-date symlink: /home/carlos/ros2_ws/install/px4_msgs/share/px4_msgs/msg/FixedWingLateralGuidanceStatus.msg\n'}
[2.835421] (px4_msgs) StdoutLine: {'line': b'-- Up-to-date symlink: /home/carlos/ros2_ws/install/px4_msgs/share/px4_msgs/msg/FixedWingLateralSetpoint.msg\n'}
[2.835529] (px4_msgs) StdoutLine: {'line': b'-- Up-to-date symlink: /home/carlos/ros2_ws/install/px4_msgs/share/px4_msgs/msg/FixedWingLateralStatus.msg\n'}
[2.835627] (px4_msgs) StdoutLine: {'line': b'-- Up-to-date symlink: /home/carlos/ros2_ws/install/px4_msgs/share/px4_msgs/msg/FixedWingLongitudinalSetpoint.msg\n'}
[2.835720] (px4_msgs) StdoutLine: {'line': b'-- Up-to-date symlink: /home/carlos/ros2_ws/install/px4_msgs/share/px4_msgs/msg/FixedWingRunwayControl.msg\n'}
[2.835819] (px4_msgs) StdoutLine: {'line': b'-- Up-to-date symlink: /home/carlos/ros2_ws/install/px4_msgs/share/px4_msgs/msg/FlightPhaseEstimation.msg\n'}
[2.835917] (px4_msgs) StdoutLine: {'line': b'-- Up-to-date symlink: /home/carlos/ros2_ws/install/px4_msgs/share/px4_msgs/msg/FollowTarget.msg\n'}
[2.836016] (px4_msgs) StdoutLine: {'line': b'-- Up-to-date symlink: /home/carlos/ros2_ws/install/px4_msgs/share/px4_msgs/msg/FollowTargetEstimator.msg\n'}
[2.836139] (px4_msgs) StdoutLine: {'line': b'-- Up-to-date symlink: /home/carlos/ros2_ws/install/px4_msgs/share/px4_msgs/msg/FollowTargetStatus.msg\n'}
[2.836240] (px4_msgs) StdoutLine: {'line': b'-- Up-to-date symlink: /home/carlos/ros2_ws/install/px4_msgs/share/px4_msgs/msg/FuelTankStatus.msg\n'}
[2.836339] (px4_msgs) StdoutLine: {'line': b'-- Up-to-date symlink: /home/carlos/ros2_ws/install/px4_msgs/share/px4_msgs/msg/GeneratorStatus.msg\n'}
[2.836435] (px4_msgs) StdoutLine: {'line': b'-- Up-to-date symlink: /home/carlos/ros2_ws/install/px4_msgs/share/px4_msgs/msg/GeofenceResult.msg\n'}
[2.836537] (px4_msgs) StdoutLine: {'line': b'-- Up-to-date symlink: /home/carlos/ros2_ws/install/px4_msgs/share/px4_msgs/msg/GeofenceStatus.msg\n'}
[2.836634] (px4_msgs) StdoutLine: {'line': b'-- Up-to-date symlink: /home/carlos/ros2_ws/install/px4_msgs/share/px4_msgs/msg/GimbalControls.msg\n'}
[2.836739] (px4_msgs) StdoutLine: {'line': b'-- Up-to-date symlink: /home/carlos/ros2_ws/install/px4_msgs/share/px4_msgs/msg/GimbalDeviceAttitudeStatus.msg\n'}
[2.836838] (px4_msgs) StdoutLine: {'line': b'-- Up-to-date symlink: /home/carlos/ros2_ws/install/px4_msgs/share/px4_msgs/msg/GimbalDeviceInformation.msg\n'}
[2.836947] (px4_msgs) StdoutLine: {'line': b'-- Up-to-date symlink: /home/carlos/ros2_ws/install/px4_msgs/share/px4_msgs/msg/GimbalDeviceSetAttitude.msg\n'}
[2.837047] (px4_msgs) StdoutLine: {'line': b'-- Up-to-date symlink: /home/carlos/ros2_ws/install/px4_msgs/share/px4_msgs/msg/GimbalManagerInformation.msg\n'}
[2.837171] (px4_msgs) StdoutLine: {'line': b'-- Up-to-date symlink: /home/carlos/ros2_ws/install/px4_msgs/share/px4_msgs/msg/GimbalManagerSetAttitude.msg\n'}
[2.837271] (px4_msgs) StdoutLine: {'line': b'-- Up-to-date symlink: /home/carlos/ros2_ws/install/px4_msgs/share/px4_msgs/msg/GimbalManagerSetManualControl.msg\n'}
[2.837358] (px4_msgs) StdoutLine: {'line': b'-- Up-to-date symlink: /home/carlos/ros2_ws/install/px4_msgs/share/px4_msgs/msg/GimbalManagerStatus.msg\n'}
[2.837456] (px4_msgs) StdoutLine: {'line': b'-- Up-to-date symlink: /home/carlos/ros2_ws/install/px4_msgs/share/px4_msgs/msg/GotoSetpoint.msg\n'}
[2.837553] (px4_msgs) StdoutLine: {'line': b'-- Up-to-date symlink: /home/carlos/ros2_ws/install/px4_msgs/share/px4_msgs/msg/GpioConfig.msg\n'}
[2.837650] (px4_msgs) StdoutLine: {'line': b'-- Up-to-date symlink: /home/carlos/ros2_ws/install/px4_msgs/share/px4_msgs/msg/GpioIn.msg\n'}
[2.837747] (px4_msgs) StdoutLine: {'line': b'-- Up-to-date symlink: /home/carlos/ros2_ws/install/px4_msgs/share/px4_msgs/msg/GpioOut.msg\n'}
[2.837844] (px4_msgs) StdoutLine: {'line': b'-- Up-to-date symlink: /home/carlos/ros2_ws/install/px4_msgs/share/px4_msgs/msg/GpioRequest.msg\n'}
[2.837941] (px4_msgs) StdoutLine: {'line': b'-- Up-to-date symlink: /home/carlos/ros2_ws/install/px4_msgs/share/px4_msgs/msg/GpsDump.msg\n'}
[2.838037] (px4_msgs) StdoutLine: {'line': b'-- Up-to-date symlink: /home/carlos/ros2_ws/install/px4_msgs/share/px4_msgs/msg/GpsInjectData.msg\n'}
[2.838135] (px4_msgs) StdoutLine: {'line': b'-- Up-to-date symlink: /home/carlos/ros2_ws/install/px4_msgs/share/px4_msgs/msg/Gripper.msg\n'}
[2.838258] (px4_msgs) StdoutLine: {'line': b'-- Up-to-date symlink: /home/carlos/ros2_ws/install/px4_msgs/share/px4_msgs/msg/HealthReport.msg\n'}
[2.838367] (px4_msgs) StdoutLine: {'line': b'-- Up-to-date symlink: /home/carlos/ros2_ws/install/px4_msgs/share/px4_msgs/msg/HeaterStatus.msg\n'}
[2.838443] (px4_msgs) StdoutLine: {'line': b'-- Up-to-date symlink: /home/carlos/ros2_ws/install/px4_msgs/share/px4_msgs/msg/HomePosition.msg\n'}
[2.838541] (px4_msgs) StdoutLine: {'line': b'-- Up-to-date symlink: /home/carlos/ros2_ws/install/px4_msgs/share/px4_msgs/msg/HoverThrustEstimate.msg\n'}
[2.838639] (px4_msgs) StdoutLine: {'line': b'-- Up-to-date symlink: /home/carlos/ros2_ws/install/px4_msgs/share/px4_msgs/msg/InputRc.msg\n'}
[2.838739] (px4_msgs) StdoutLine: {'line': b'-- Up-to-date symlink: /home/carlos/ros2_ws/install/px4_msgs/share/px4_msgs/msg/InternalCombustionEngineControl.msg\n'}
[2.838839] (px4_msgs) StdoutLine: {'line': b'-- Up-to-date symlink: /home/carlos/ros2_ws/install/px4_msgs/share/px4_msgs/msg/InternalCombustionEngineStatus.msg\n'}
[2.838938] (px4_msgs) StdoutLine: {'line': b'-- Up-to-date symlink: /home/carlos/ros2_ws/install/px4_msgs/share/px4_msgs/msg/IridiumsbdStatus.msg\n'}
[2.839036] (px4_msgs) StdoutLine: {'line': b'-- Up-to-date symlink: /home/carlos/ros2_ws/install/px4_msgs/share/px4_msgs/msg/IrlockReport.msg\n'}
[2.839134] (px4_msgs) StdoutLine: {'line': b'-- Up-to-date symlink: /home/carlos/ros2_ws/install/px4_msgs/share/px4_msgs/msg/LandingGear.msg\n'}
[2.839232] (px4_msgs) StdoutLine: {'line': b'-- Up-to-date symlink: /home/carlos/ros2_ws/install/px4_msgs/share/px4_msgs/msg/LandingGearWheel.msg\n'}
[2.839333] (px4_msgs) StdoutLine: {'line': b'-- Up-to-date symlink: /home/carlos/ros2_ws/install/px4_msgs/share/px4_msgs/msg/LandingTargetInnovations.msg\n'}
[2.839442] (px4_msgs) StdoutLine: {'line': b'-- Up-to-date symlink: /home/carlos/ros2_ws/install/px4_msgs/share/px4_msgs/msg/LandingTargetPose.msg\n'}
[2.839542] (px4_msgs) StdoutLine: {'line': b'-- Up-to-date symlink: /home/carlos/ros2_ws/install/px4_msgs/share/px4_msgs/msg/LateralControlConfiguration.msg\n'}
[2.839642] (px4_msgs) StdoutLine: {'line': b'-- Up-to-date symlink: /home/carlos/ros2_ws/install/px4_msgs/share/px4_msgs/msg/LaunchDetectionStatus.msg\n'}
[2.839739] (px4_msgs) StdoutLine: {'line': b'-- Up-to-date symlink: /home/carlos/ros2_ws/install/px4_msgs/share/px4_msgs/msg/LedControl.msg\n'}
[2.839837] (px4_msgs) StdoutLine: {'line': b'-- Up-to-date symlink: /home/carlos/ros2_ws/install/px4_msgs/share/px4_msgs/msg/LogMessage.msg\n'}
[2.839934] (px4_msgs) StdoutLine: {'line': b'-- Up-to-date symlink: /home/carlos/ros2_ws/install/px4_msgs/share/px4_msgs/msg/LoggerStatus.msg\n'}
[2.840034] (px4_msgs) StdoutLine: {'line': b'-- Up-to-date symlink: /home/carlos/ros2_ws/install/px4_msgs/share/px4_msgs/msg/LongitudinalControlConfiguration.msg\n'}
[2.840132] (px4_msgs) StdoutLine: {'line': b'-- Up-to-date symlink: /home/carlos/ros2_ws/install/px4_msgs/share/px4_msgs/msg/MagWorkerData.msg\n'}
[2.840257] (px4_msgs) StdoutLine: {'line': b'-- Up-to-date symlink: /home/carlos/ros2_ws/install/px4_msgs/share/px4_msgs/msg/MagnetometerBiasEstimate.msg\n'}
[2.840366] (px4_msgs) StdoutLine: {'line': b'-- Up-to-date symlink: /home/carlos/ros2_ws/install/px4_msgs/share/px4_msgs/msg/ManualControlSetpoint.msg\n'}
[2.840443] (px4_msgs) StdoutLine: {'line': b'-- Up-to-date symlink: /home/carlos/ros2_ws/install/px4_msgs/share/px4_msgs/msg/ManualControlSwitches.msg\n'}
[2.840546] (px4_msgs) StdoutLine: {'line': b'-- Up-to-date symlink: /home/carlos/ros2_ws/install/px4_msgs/share/px4_msgs/msg/MavlinkLog.msg\n'}
[2.840644] (px4_msgs) StdoutLine: {'line': b'-- Up-to-date symlink: /home/carlos/ros2_ws/install/px4_msgs/share/px4_msgs/msg/MavlinkTunnel.msg\n'}
[2.840743] (px4_msgs) StdoutLine: {'line': b'-- Up-to-date symlink: /home/carlos/ros2_ws/install/px4_msgs/share/px4_msgs/msg/MessageFormatRequest.msg\n'}
[2.840843] (px4_msgs) StdoutLine: {'line': b'-- Up-to-date symlink: /home/carlos/ros2_ws/install/px4_msgs/share/px4_msgs/msg/MessageFormatResponse.msg\n'}
[2.840941] (px4_msgs) StdoutLine: {'line': b'-- Up-to-date symlink: /home/carlos/ros2_ws/install/px4_msgs/share/px4_msgs/msg/Mission.msg\n'}
[2.841039] (px4_msgs) StdoutLine: {'line': b'-- Up-to-date symlink: /home/carlos/ros2_ws/install/px4_msgs/share/px4_msgs/msg/MissionResult.msg\n'}
[2.841138] (px4_msgs) StdoutLine: {'line': b'-- Up-to-date symlink: /home/carlos/ros2_ws/install/px4_msgs/share/px4_msgs/msg/ModeCompleted.msg\n'}
[2.841236] (px4_msgs) StdoutLine: {'line': b'-- Up-to-date symlink: /home/carlos/ros2_ws/install/px4_msgs/share/px4_msgs/msg/MountOrientation.msg\n'}
[2.841342] (px4_msgs) StdoutLine: {'line': b'-- Up-to-date symlink: /home/carlos/ros2_ws/install/px4_msgs/share/px4_msgs/msg/NavigatorMissionItem.msg\n'}
[2.841444] (px4_msgs) StdoutLine: {'line': b'-- Up-to-date symlink: /home/carlos/ros2_ws/install/px4_msgs/share/px4_msgs/msg/NavigatorStatus.msg\n'}
[2.841542] (px4_msgs) StdoutLine: {'line': b'-- Up-to-date symlink: /home/carlos/ros2_ws/install/px4_msgs/share/px4_msgs/msg/NeuralControl.msg\n'}
[2.841642] (px4_msgs) StdoutLine: {'line': b'-- Up-to-date symlink: /home/carlos/ros2_ws/install/px4_msgs/share/px4_msgs/msg/NormalizedUnsignedSetpoint.msg\n'}
[2.841735] (px4_msgs) StdoutLine: {'line': b'-- Up-to-date symlink: /home/carlos/ros2_ws/install/px4_msgs/share/px4_msgs/msg/ObstacleDistance.msg\n'}
[2.841833] (px4_msgs) StdoutLine: {'line': b'-- Up-to-date symlink: /home/carlos/ros2_ws/install/px4_msgs/share/px4_msgs/msg/OffboardControlMode.msg\n'}
[2.841932] (px4_msgs) StdoutLine: {'line': b'-- Up-to-date symlink: /home/carlos/ros2_ws/install/px4_msgs/share/px4_msgs/msg/OnboardComputerStatus.msg\n'}
[2.842031] (px4_msgs) StdoutLine: {'line': b'-- Up-to-date symlink: /home/carlos/ros2_ws/install/px4_msgs/share/px4_msgs/msg/OpenDroneIdArmStatus.msg\n'}
[2.842134] (px4_msgs) StdoutLine: {'line': b'-- Up-to-date symlink: /home/carlos/ros2_ws/install/px4_msgs/share/px4_msgs/msg/OpenDroneIdOperatorId.msg\n'}
[2.842256] (px4_msgs) StdoutLine: {'line': b'-- Up-to-date symlink: /home/carlos/ros2_ws/install/px4_msgs/share/px4_msgs/msg/OpenDroneIdSelfId.msg\n'}
[2.842371] (px4_msgs) StdoutLine: {'line': b'-- Up-to-date symlink: /home/carlos/ros2_ws/install/px4_msgs/share/px4_msgs/msg/OpenDroneIdSystem.msg\n'}
[2.842439] (px4_msgs) StdoutLine: {'line': b'-- Up-to-date symlink: /home/carlos/ros2_ws/install/px4_msgs/share/px4_msgs/msg/OrbTest.msg\n'}
[2.842535] (px4_msgs) StdoutLine: {'line': b'-- Up-to-date symlink: /home/carlos/ros2_ws/install/px4_msgs/share/px4_msgs/msg/OrbTestLarge.msg\n'}
[2.842633] (px4_msgs) StdoutLine: {'line': b'-- Up-to-date symlink: /home/carlos/ros2_ws/install/px4_msgs/share/px4_msgs/msg/OrbTestMedium.msg\n'}
[2.842730] (px4_msgs) StdoutLine: {'line': b'-- Up-to-date symlink: /home/carlos/ros2_ws/install/px4_msgs/share/px4_msgs/msg/OrbitStatus.msg\n'}
[2.842830] (px4_msgs) StdoutLine: {'line': b'-- Up-to-date symlink: /home/carlos/ros2_ws/install/px4_msgs/share/px4_msgs/msg/ParameterResetRequest.msg\n'}
[2.842935] (px4_msgs) StdoutLine: {'line': b'-- Up-to-date symlink: /home/carlos/ros2_ws/install/px4_msgs/share/px4_msgs/msg/ParameterSetUsedRequest.msg\n'}
[2.843034] (px4_msgs) StdoutLine: {'line': b'-- Up-to-date symlink: /home/carlos/ros2_ws/install/px4_msgs/share/px4_msgs/msg/ParameterSetValueRequest.msg\n'}
[2.843133] (px4_msgs) StdoutLine: {'line': b'-- Up-to-date symlink: /home/carlos/ros2_ws/install/px4_msgs/share/px4_msgs/msg/ParameterSetValueResponse.msg\n'}
[2.843231] (px4_msgs) StdoutLine: {'line': b'-- Up-to-date symlink: /home/carlos/ros2_ws/install/px4_msgs/share/px4_msgs/msg/ParameterUpdate.msg\n'}
[2.843340] (px4_msgs) StdoutLine: {'line': b'-- Up-to-date symlink: /home/carlos/ros2_ws/install/px4_msgs/share/px4_msgs/msg/Ping.msg\n'}
[2.843446] (px4_msgs) StdoutLine: {'line': b'-- Up-to-date symlink: /home/carlos/ros2_ws/install/px4_msgs/share/px4_msgs/msg/PositionControllerLandingStatus.msg\n'}
[2.843547] (px4_msgs) StdoutLine: {'line': b'-- Up-to-date symlink: /home/carlos/ros2_ws/install/px4_msgs/share/px4_msgs/msg/PositionControllerStatus.msg\n'}
[2.843645] (px4_msgs) StdoutLine: {'line': b'-- Up-to-date symlink: /home/carlos/ros2_ws/install/px4_msgs/share/px4_msgs/msg/PositionSetpoint.msg\n'}
[2.843745] (px4_msgs) StdoutLine: {'line': b'-- Up-to-date symlink: /home/carlos/ros2_ws/install/px4_msgs/share/px4_msgs/msg/PositionSetpointTriplet.msg\n'}
[2.843843] (px4_msgs) StdoutLine: {'line': b'-- Up-to-date symlink: /home/carlos/ros2_ws/install/px4_msgs/share/px4_msgs/msg/PowerButtonState.msg\n'}
[2.843941] (px4_msgs) StdoutLine: {'line': b'-- Up-to-date symlink: /home/carlos/ros2_ws/install/px4_msgs/share/px4_msgs/msg/PowerMonitor.msg\n'}
[2.844039] (px4_msgs) StdoutLine: {'line': b'-- Up-to-date symlink: /home/carlos/ros2_ws/install/px4_msgs/share/px4_msgs/msg/PpsCapture.msg\n'}
[2.844137] (px4_msgs) StdoutLine: {'line': b'-- Up-to-date symlink: /home/carlos/ros2_ws/install/px4_msgs/share/px4_msgs/msg/PurePursuitStatus.msg\n'}
[2.844260] (px4_msgs) StdoutLine: {'line': b'-- Up-to-date symlink: /home/carlos/ros2_ws/install/px4_msgs/share/px4_msgs/msg/PwmInput.msg\n'}
[2.844373] (px4_msgs) StdoutLine: {'line': b'-- Up-to-date symlink: /home/carlos/ros2_ws/install/px4_msgs/share/px4_msgs/msg/Px4ioStatus.msg\n'}
[2.844445] (px4_msgs) StdoutLine: {'line': b'-- Up-to-date symlink: /home/carlos/ros2_ws/install/px4_msgs/share/px4_msgs/msg/QshellReq.msg\n'}
[2.844541] (px4_msgs) StdoutLine: {'line': b'-- Up-to-date symlink: /home/carlos/ros2_ws/install/px4_msgs/share/px4_msgs/msg/QshellRetval.msg\n'}
[2.844638] (px4_msgs) StdoutLine: {'line': b'-- Up-to-date symlink: /home/carlos/ros2_ws/install/px4_msgs/share/px4_msgs/msg/RadioStatus.msg\n'}
[2.844736] (px4_msgs) StdoutLine: {'line': b'-- Up-to-date symlink: /home/carlos/ros2_ws/install/px4_msgs/share/px4_msgs/msg/RateCtrlStatus.msg\n'}
[2.844833] (px4_msgs) StdoutLine: {'line': b'-- Up-to-date symlink: /home/carlos/ros2_ws/install/px4_msgs/share/px4_msgs/msg/RcChannels.msg\n'}
[2.844929] (px4_msgs) StdoutLine: {'line': b'-- Up-to-date symlink: /home/carlos/ros2_ws/install/px4_msgs/share/px4_msgs/msg/RcParameterMap.msg\n'}
[2.845030] (px4_msgs) StdoutLine: {'line': b'-- Up-to-date symlink: /home/carlos/ros2_ws/install/px4_msgs/share/px4_msgs/msg/RegisterExtComponentReply.msg\n'}
[2.845129] (px4_msgs) StdoutLine: {'line': b'-- Up-to-date symlink: /home/carlos/ros2_ws/install/px4_msgs/share/px4_msgs/msg/RegisterExtComponentRequest.msg\n'}
[2.845228] (px4_msgs) StdoutLine: {'line': b'-- Up-to-date symlink: /home/carlos/ros2_ws/install/px4_msgs/share/px4_msgs/msg/RoverAttitudeSetpoint.msg\n'}
[2.845330] (px4_msgs) StdoutLine: {'line': b'-- Up-to-date symlink: /home/carlos/ros2_ws/install/px4_msgs/share/px4_msgs/msg/RoverAttitudeStatus.msg\n'}
[2.845433] (px4_msgs) StdoutLine: {'line': b'-- Up-to-date symlink: /home/carlos/ros2_ws/install/px4_msgs/share/px4_msgs/msg/RoverPositionSetpoint.msg\n'}
[2.845531] (px4_msgs) StdoutLine: {'line': b'-- Up-to-date symlink: /home/carlos/ros2_ws/install/px4_msgs/share/px4_msgs/msg/RoverRateSetpoint.msg\n'}
[2.845629] (px4_msgs) StdoutLine: {'line': b'-- Up-to-date symlink: /home/carlos/ros2_ws/install/px4_msgs/share/px4_msgs/msg/RoverRateStatus.msg\n'}
[2.845730] (px4_msgs) StdoutLine: {'line': b'-- Up-to-date symlink: /home/carlos/ros2_ws/install/px4_msgs/share/px4_msgs/msg/RoverSpeedSetpoint.msg\n'}
[2.845831] (px4_msgs) StdoutLine: {'line': b'-- Up-to-date symlink: /home/carlos/ros2_ws/install/px4_msgs/share/px4_msgs/msg/RoverSpeedStatus.msg\n'}
[2.845930] (px4_msgs) StdoutLine: {'line': b'-- Up-to-date symlink: /home/carlos/ros2_ws/install/px4_msgs/share/px4_msgs/msg/RoverSteeringSetpoint.msg\n'}
[2.846029] (px4_msgs) StdoutLine: {'line': b'-- Up-to-date symlink: /home/carlos/ros2_ws/install/px4_msgs/share/px4_msgs/msg/RoverThrottleSetpoint.msg\n'}
[2.846128] (px4_msgs) StdoutLine: {'line': b'-- Up-to-date symlink: /home/carlos/ros2_ws/install/px4_msgs/share/px4_msgs/msg/Rpm.msg\n'}
[2.846250] (px4_msgs) StdoutLine: {'line': b'-- Up-to-date symlink: /home/carlos/ros2_ws/install/px4_msgs/share/px4_msgs/msg/RtlStatus.msg\n'}
[2.846353] (px4_msgs) StdoutLine: {'line': b'-- Up-to-date symlink: /home/carlos/ros2_ws/install/px4_msgs/share/px4_msgs/msg/RtlTimeEstimate.msg\n'}
[2.846471] (px4_msgs) StdoutLine: {'line': b'-- Up-to-date symlink: /home/carlos/ros2_ws/install/px4_msgs/share/px4_msgs/msg/SatelliteInfo.msg\n'}
[2.846586] (px4_msgs) StdoutLine: {'line': b'-- Up-to-date symlink: /home/carlos/ros2_ws/install/px4_msgs/share/px4_msgs/msg/SensorAccel.msg\n'}
[2.846689] (px4_msgs) StdoutLine: {'line': b'-- Up-to-date symlink: /home/carlos/ros2_ws/install/px4_msgs/share/px4_msgs/msg/SensorAccelFifo.msg\n'}
[2.846792] (px4_msgs) StdoutLine: {'line': b'-- Up-to-date symlink: /home/carlos/ros2_ws/install/px4_msgs/share/px4_msgs/msg/SensorAirflow.msg\n'}
[2.846896] (px4_msgs) StdoutLine: {'line': b'-- Up-to-date symlink: /home/carlos/ros2_ws/install/px4_msgs/share/px4_msgs/msg/SensorBaro.msg\n'}
[2.846999] (px4_msgs) StdoutLine: {'line': b'-- Up-to-date symlink: /home/carlos/ros2_ws/install/px4_msgs/share/px4_msgs/msg/SensorCombined.msg\n'}
[2.847108] (px4_msgs) StdoutLine: {'line': b'-- Up-to-date symlink: /home/carlos/ros2_ws/install/px4_msgs/share/px4_msgs/msg/SensorCorrection.msg\n'}
[2.847206] (px4_msgs) StdoutLine: {'line': b'-- Up-to-date symlink: /home/carlos/ros2_ws/install/px4_msgs/share/px4_msgs/msg/SensorGnssRelative.msg\n'}
[2.847305] (px4_msgs) StdoutLine: {'line': b'-- Up-to-date symlink: /home/carlos/ros2_ws/install/px4_msgs/share/px4_msgs/msg/SensorGnssStatus.msg\n'}
[2.847419] (px4_msgs) StdoutLine: {'line': b'-- Up-to-date symlink: /home/carlos/ros2_ws/install/px4_msgs/share/px4_msgs/msg/SensorGps.msg\n'}
[2.847535] (px4_msgs) StdoutLine: {'line': b'-- Up-to-date symlink: /home/carlos/ros2_ws/install/px4_msgs/share/px4_msgs/msg/SensorGyro.msg\n'}
[2.847639] (px4_msgs) StdoutLine: {'line': b'-- Up-to-date symlink: /home/carlos/ros2_ws/install/px4_msgs/share/px4_msgs/msg/SensorGyroFft.msg\n'}
[2.847731] (px4_msgs) StdoutLine: {'line': b'-- Up-to-date symlink: /home/carlos/ros2_ws/install/px4_msgs/share/px4_msgs/msg/SensorGyroFifo.msg\n'}
[2.847835] (px4_msgs) StdoutLine: {'line': b'-- Up-to-date symlink: /home/carlos/ros2_ws/install/px4_msgs/share/px4_msgs/msg/SensorHygrometer.msg\n'}
[2.847938] (px4_msgs) StdoutLine: {'line': b'-- Up-to-date symlink: /home/carlos/ros2_ws/install/px4_msgs/share/px4_msgs/msg/SensorMag.msg\n'}
[2.848011] (px4_msgs) StdoutLine: {'line': b'-- Up-to-date symlink: /home/carlos/ros2_ws/install/px4_msgs/share/px4_msgs/msg/SensorOpticalFlow.msg\n'}
[2.848109] (px4_msgs) StdoutLine: {'line': b'-- Up-to-date symlink: /home/carlos/ros2_ws/install/px4_msgs/share/px4_msgs/msg/SensorPreflightMag.msg\n'}
[2.848207] (px4_msgs) StdoutLine: {'line': b'-- Up-to-date symlink: /home/carlos/ros2_ws/install/px4_msgs/share/px4_msgs/msg/SensorSelection.msg\n'}
[2.848303] (px4_msgs) StdoutLine: {'line': b'-- Up-to-date symlink: /home/carlos/ros2_ws/install/px4_msgs/share/px4_msgs/msg/SensorUwb.msg\n'}
[2.848415] (px4_msgs) StdoutLine: {'line': b'-- Up-to-date symlink: /home/carlos/ros2_ws/install/px4_msgs/share/px4_msgs/msg/SensorsStatus.msg\n'}
[2.848516] (px4_msgs) StdoutLine: {'line': b'-- Up-to-date symlink: /home/carlos/ros2_ws/install/px4_msgs/share/px4_msgs/msg/SensorsStatusImu.msg\n'}
[2.848617] (px4_msgs) StdoutLine: {'line': b'-- Up-to-date symlink: /home/carlos/ros2_ws/install/px4_msgs/share/px4_msgs/msg/SystemPower.msg\n'}
[2.848725] (px4_msgs) StdoutLine: {'line': b'-- Up-to-date symlink: /home/carlos/ros2_ws/install/px4_msgs/share/px4_msgs/msg/TakeoffStatus.msg\n'}
[2.848845] (px4_msgs) StdoutLine: {'line': b'-- Up-to-date symlink: /home/carlos/ros2_ws/install/px4_msgs/share/px4_msgs/msg/TaskStackInfo.msg\n'}
[2.848936] (px4_msgs) StdoutLine: {'line': b'-- Up-to-date symlink: /home/carlos/ros2_ws/install/px4_msgs/share/px4_msgs/msg/TecsStatus.msg\n'}
[2.849021] (px4_msgs) StdoutLine: {'line': b'-- Up-to-date symlink: /home/carlos/ros2_ws/install/px4_msgs/share/px4_msgs/msg/TelemetryStatus.msg\n'}
[2.849120] (px4_msgs) StdoutLine: {'line': b'-- Up-to-date symlink: /home/carlos/ros2_ws/install/px4_msgs/share/px4_msgs/msg/TiltrotorExtraControls.msg\n'}
[2.849218] (px4_msgs) StdoutLine: {'line': b'-- Up-to-date symlink: /home/carlos/ros2_ws/install/px4_msgs/share/px4_msgs/msg/TimesyncStatus.msg\n'}
[2.849324] (px4_msgs) StdoutLine: {'line': b'-- Up-to-date symlink: /home/carlos/ros2_ws/install/px4_msgs/share/px4_msgs/msg/TrajectorySetpoint.msg\n'}
[2.849430] (px4_msgs) StdoutLine: {'line': b'-- Up-to-date symlink: /home/carlos/ros2_ws/install/px4_msgs/share/px4_msgs/msg/TrajectorySetpoint6dof.msg\n'}
[2.849528] (px4_msgs) StdoutLine: {'line': b'-- Up-to-date symlink: /home/carlos/ros2_ws/install/px4_msgs/share/px4_msgs/msg/TransponderReport.msg\n'}
[2.849626] (px4_msgs) StdoutLine: {'line': b'-- Up-to-date symlink: /home/carlos/ros2_ws/install/px4_msgs/share/px4_msgs/msg/TuneControl.msg\n'}
[2.849726] (px4_msgs) StdoutLine: {'line': b'-- Up-to-date symlink: /home/carlos/ros2_ws/install/px4_msgs/share/px4_msgs/msg/UavcanParameterRequest.msg\n'}
[2.849825] (px4_msgs) StdoutLine: {'line': b'-- Up-to-date symlink: /home/carlos/ros2_ws/install/px4_msgs/share/px4_msgs/msg/UavcanParameterValue.msg\n'}
[2.849922] (px4_msgs) StdoutLine: {'line': b'-- Up-to-date symlink: /home/carlos/ros2_ws/install/px4_msgs/share/px4_msgs/msg/UlogStream.msg\n'}
[2.850021] (px4_msgs) StdoutLine: {'line': b'-- Up-to-date symlink: /home/carlos/ros2_ws/install/px4_msgs/share/px4_msgs/msg/UlogStreamAck.msg\n'}
[2.850123] (px4_msgs) StdoutLine: {'line': b'-- Up-to-date symlink: /home/carlos/ros2_ws/install/px4_msgs/share/px4_msgs/msg/UnregisterExtComponent.msg\n'}
[2.850222] (px4_msgs) StdoutLine: {'line': b'-- Up-to-date symlink: /home/carlos/ros2_ws/install/px4_msgs/share/px4_msgs/msg/VehicleAcceleration.msg\n'}
[2.850330] (px4_msgs) StdoutLine: {'line': b'-- Up-to-date symlink: /home/carlos/ros2_ws/install/px4_msgs/share/px4_msgs/msg/VehicleAirData.msg\n'}
[2.850432] (px4_msgs) StdoutLine: {'line': b'-- Up-to-date symlink: /home/carlos/ros2_ws/install/px4_msgs/share/px4_msgs/msg/VehicleAngularAccelerationSetpoint.msg\n'}
[2.850532] (px4_msgs) StdoutLine: {'line': b'-- Up-to-date symlink: /home/carlos/ros2_ws/install/px4_msgs/share/px4_msgs/msg/VehicleAngularVelocity.msg\n'}
[2.850631] (px4_msgs) StdoutLine: {'line': b'-- Up-to-date symlink: /home/carlos/ros2_ws/install/px4_msgs/share/px4_msgs/msg/VehicleAttitude.msg\n'}
[2.850730] (px4_msgs) StdoutLine: {'line': b'-- Up-to-date symlink: /home/carlos/ros2_ws/install/px4_msgs/share/px4_msgs/msg/VehicleAttitudeSetpoint.msg\n'}
[2.850828] (px4_msgs) StdoutLine: {'line': b'-- Up-to-date symlink: /home/carlos/ros2_ws/install/px4_msgs/share/px4_msgs/msg/VehicleCommand.msg\n'}
[2.850925] (px4_msgs) StdoutLine: {'line': b'-- Up-to-date symlink: /home/carlos/ros2_ws/install/px4_msgs/share/px4_msgs/msg/VehicleCommandAck.msg\n'}
[2.851024] (px4_msgs) StdoutLine: {'line': b'-- Up-to-date symlink: /home/carlos/ros2_ws/install/px4_msgs/share/px4_msgs/msg/VehicleConstraints.msg\n'}
[2.851122] (px4_msgs) StdoutLine: {'line': b'-- Up-to-date symlink: /home/carlos/ros2_ws/install/px4_msgs/share/px4_msgs/msg/VehicleControlMode.msg\n'}
[2.851247] (px4_msgs) StdoutLine: {'line': b'-- Up-to-date symlink: /home/carlos/ros2_ws/install/px4_msgs/share/px4_msgs/msg/VehicleGlobalPosition.msg\n'}
[2.851335] (px4_msgs) StdoutLine: {'line': b'-- Up-to-date symlink: /home/carlos/ros2_ws/install/px4_msgs/share/px4_msgs/msg/VehicleImu.msg\n'}
[2.851451] (px4_msgs) StdoutLine: {'line': b'-- Up-to-date symlink: /home/carlos/ros2_ws/install/px4_msgs/share/px4_msgs/msg/VehicleImuStatus.msg\n'}
[2.851544] (px4_msgs) StdoutLine: {'line': b'-- Up-to-date symlink: /home/carlos/ros2_ws/install/px4_msgs/share/px4_msgs/msg/VehicleLandDetected.msg\n'}
[2.851629] (px4_msgs) StdoutLine: {'line': b'-- Up-to-date symlink: /home/carlos/ros2_ws/install/px4_msgs/share/px4_msgs/msg/VehicleLocalPosition.msg\n'}
[2.851728] (px4_msgs) StdoutLine: {'line': b'-- Up-to-date symlink: /home/carlos/ros2_ws/install/px4_msgs/share/px4_msgs/msg/VehicleLocalPositionSetpoint.msg\n'}
[2.851827] (px4_msgs) StdoutLine: {'line': b'-- Up-to-date symlink: /home/carlos/ros2_ws/install/px4_msgs/share/px4_msgs/msg/VehicleMagnetometer.msg\n'}
[2.851924] (px4_msgs) StdoutLine: {'line': b'-- Up-to-date symlink: /home/carlos/ros2_ws/install/px4_msgs/share/px4_msgs/msg/VehicleOdometry.msg\n'}
[2.852023] (px4_msgs) StdoutLine: {'line': b'-- Up-to-date symlink: /home/carlos/ros2_ws/install/px4_msgs/share/px4_msgs/msg/VehicleOpticalFlow.msg\n'}
[2.852123] (px4_msgs) StdoutLine: {'line': b'-- Up-to-date symlink: /home/carlos/ros2_ws/install/px4_msgs/share/px4_msgs/msg/VehicleOpticalFlowVel.msg\n'}
[2.852222] (px4_msgs) StdoutLine: {'line': b'-- Up-to-date symlink: /home/carlos/ros2_ws/install/px4_msgs/share/px4_msgs/msg/VehicleRatesSetpoint.msg\n'}
[2.852327] (px4_msgs) StdoutLine: {'line': b'-- Up-to-date symlink: /home/carlos/ros2_ws/install/px4_msgs/share/px4_msgs/msg/VehicleRoi.msg\n'}
[2.852428] (px4_msgs) StdoutLine: {'line': b'-- Up-to-date symlink: /home/carlos/ros2_ws/install/px4_msgs/share/px4_msgs/msg/VehicleStatus.msg\n'}
[2.852534] (px4_msgs) StdoutLine: {'line': b'-- Up-to-date symlink: /home/carlos/ros2_ws/install/px4_msgs/share/px4_msgs/msg/VehicleThrustSetpoint.msg\n'}
[2.852633] (px4_msgs) StdoutLine: {'line': b'-- Up-to-date symlink: /home/carlos/ros2_ws/install/px4_msgs/share/px4_msgs/msg/VehicleTorqueSetpoint.msg\n'}
[2.852736] (px4_msgs) StdoutLine: {'line': b'-- Up-to-date symlink: /home/carlos/ros2_ws/install/px4_msgs/share/px4_msgs/msg/VelocityLimits.msg\n'}
[2.852834] (px4_msgs) StdoutLine: {'line': b'-- Up-to-date symlink: /home/carlos/ros2_ws/install/px4_msgs/share/px4_msgs/msg/VtolVehicleStatus.msg\n'}
[2.852933] (px4_msgs) StdoutLine: {'line': b'-- Up-to-date symlink: /home/carlos/ros2_ws/install/px4_msgs/share/px4_msgs/msg/WheelEncoders.msg\n'}
[2.853031] (px4_msgs) StdoutLine: {'line': b'-- Up-to-date symlink: /home/carlos/ros2_ws/install/px4_msgs/share/px4_msgs/msg/Wind.msg\n'}
[2.853131] (px4_msgs) StdoutLine: {'line': b'-- Up-to-date symlink: /home/carlos/ros2_ws/install/px4_msgs/share/px4_msgs/msg/YawEstimatorStatus.msg\n'}
[2.853256] (px4_msgs) StdoutLine: {'line': b'-- Up-to-date symlink: /home/carlos/ros2_ws/install/px4_msgs/share/px4_msgs/srv/VehicleCommand.srv\n'}
[2.853383] (px4_msgs) StdoutLine: {'line': b'-- Up-to-date symlink: /home/carlos/ros2_ws/install/px4_msgs/share/ament_index/resource_index/package_run_dependencies/px4_msgs\n'}
[2.853480] (px4_msgs) StdoutLine: {'line': b'-- Up-to-date symlink: /home/carlos/ros2_ws/install/px4_msgs/share/ament_index/resource_index/parent_prefix_path/px4_msgs\n'}
[2.853590] (px4_msgs) StdoutLine: {'line': b'-- Up-to-date symlink: /home/carlos/ros2_ws/install/px4_msgs/share/px4_msgs/environment/ament_prefix_path.sh\n'}
[2.853692] (px4_msgs) StdoutLine: {'line': b'-- Up-to-date symlink: /home/carlos/ros2_ws/install/px4_msgs/share/px4_msgs/environment/ament_prefix_path.dsv\n'}
[2.853797] (px4_msgs) StdoutLine: {'line': b'-- Up-to-date symlink: /home/carlos/ros2_ws/install/px4_msgs/share/px4_msgs/environment/path.sh\n'}
[2.853897] (px4_msgs) StdoutLine: {'line': b'-- Up-to-date symlink: /home/carlos/ros2_ws/install/px4_msgs/share/px4_msgs/environment/path.dsv\n'}
[2.853996] (px4_msgs) StdoutLine: {'line': b'-- Up-to-date symlink: /home/carlos/ros2_ws/install/px4_msgs/share/px4_msgs/local_setup.bash\n'}
[2.854094] (px4_msgs) StdoutLine: {'line': b'-- Up-to-date symlink: /home/carlos/ros2_ws/install/px4_msgs/share/px4_msgs/local_setup.sh\n'}
[2.854193] (px4_msgs) StdoutLine: {'line': b'-- Up-to-date symlink: /home/carlos/ros2_ws/install/px4_msgs/share/px4_msgs/local_setup.zsh\n'}
[2.854322] (px4_msgs) StdoutLine: {'line': b'-- Up-to-date symlink: /home/carlos/ros2_ws/install/px4_msgs/share/px4_msgs/local_setup.dsv\n'}
[2.854430] (px4_msgs) StdoutLine: {'line': b'-- Symlinking: /home/carlos/ros2_ws/install/px4_msgs/share/px4_msgs/package.dsv\n'}
[2.863589] (px4_msgs) StdoutLine: {'line': b'-- Up-to-date symlink: /home/carlos/ros2_ws/install/px4_msgs/share/ament_index/resource_index/packages/px4_msgs\n'}
[2.863821] (px4_msgs) StdoutLine: {'line': b'-- Up-to-date symlink: /home/carlos/ros2_ws/install/px4_msgs/share/px4_msgs/cmake/rosidl_cmake-extras.cmake\n'}
[2.864109] (px4_msgs) StdoutLine: {'line': b'-- Up-to-date symlink: /home/carlos/ros2_ws/install/px4_msgs/share/px4_msgs/cmake/ament_cmake_export_dependencies-extras.cmake\n'}
[2.864327] (px4_msgs) StdoutLine: {'line': b'-- Up-to-date symlink: /home/carlos/ros2_ws/install/px4_msgs/share/px4_msgs/cmake/ament_cmake_export_include_directories-extras.cmake\n'}
[2.864602] (px4_msgs) StdoutLine: {'line': b'-- Up-to-date symlink: /home/carlos/ros2_ws/install/px4_msgs/share/px4_msgs/cmake/ament_cmake_export_libraries-extras.cmake\n'}
[2.864771] (px4_msgs) StdoutLine: {'line': b'-- Up-to-date symlink: /home/carlos/ros2_ws/install/px4_msgs/share/px4_msgs/cmake/ament_cmake_export_targets-extras.cmake\n'}
[2.864933] (px4_msgs) StdoutLine: {'line': b'-- Up-to-date symlink: /home/carlos/ros2_ws/install/px4_msgs/share/px4_msgs/cmake/rosidl_cmake_export_typesupport_targets-extras.cmake\n'}
[2.865086] (px4_msgs) StdoutLine: {'line': b'-- Up-to-date symlink: /home/carlos/ros2_ws/install/px4_msgs/share/px4_msgs/cmake/rosidl_cmake_export_typesupport_libraries-extras.cmake\n'}
[2.865215] (px4_msgs) StdoutLine: {'line': b'-- Up-to-date symlink: /home/carlos/ros2_ws/install/px4_msgs/share/px4_msgs/cmake/px4_msgsConfig.cmake\n'}
[2.865305] (px4_msgs) StdoutLine: {'line': b'-- Up-to-date symlink: /home/carlos/ros2_ws/install/px4_msgs/share/px4_msgs/cmake/px4_msgsConfig-version.cmake\n'}
[2.865369] (px4_msgs) StdoutLine: {'line': b'-- Up-to-date symlink: /home/carlos/ros2_ws/install/px4_msgs/share/px4_msgs/package.xml\n'}
[2.865656] (px4_msgs) StdoutLine: {'line': b'-- Up-to-date: /home/carlos/ros2_ws/install/px4_msgs/lib/libpx4_msgs__rosidl_generator_c.so\n'}
[2.865879] (px4_msgs) StdoutLine: {'line': b'-- Up-to-date: /home/carlos/ros2_ws/install/px4_msgs/lib/libpx4_msgs__rosidl_typesupport_fastrtps_c.so\n'}
[2.866123] (px4_msgs) StdoutLine: {'line': b'-- Up-to-date: /home/carlos/ros2_ws/install/px4_msgs/lib/libpx4_msgs__rosidl_typesupport_fastrtps_cpp.so\n'}
[2.866333] (px4_msgs) StdoutLine: {'line': b'-- Up-to-date: /home/carlos/ros2_ws/install/px4_msgs/lib/libpx4_msgs__rosidl_typesupport_introspection_c.so\n'}
[2.866533] (px4_msgs) StdoutLine: {'line': b'-- Up-to-date: /home/carlos/ros2_ws/install/px4_msgs/lib/libpx4_msgs__rosidl_typesupport_c.so\n'}
[2.866732] (px4_msgs) StdoutLine: {'line': b'-- Up-to-date: /home/carlos/ros2_ws/install/px4_msgs/lib/libpx4_msgs__rosidl_typesupport_introspection_cpp.so\n'}
[2.866945] (px4_msgs) StdoutLine: {'line': b'-- Up-to-date: /home/carlos/ros2_ws/install/px4_msgs/lib/libpx4_msgs__rosidl_typesupport_cpp.so\n'}
[2.900363] (px4_msgs) StdoutLine: {'line': b"Listing '/home/carlos/ros2_ws/install/px4_msgs/lib/python3.12/site-packages/px4_msgs'...\n"}
[2.900577] (px4_msgs) StdoutLine: {'line': b"Listing '/home/carlos/ros2_ws/install/px4_msgs/lib/python3.12/site-packages/px4_msgs/msg'...\n"}
[2.900682] (px4_msgs) StdoutLine: {'line': b"Listing '/home/carlos/ros2_ws/install/px4_msgs/lib/python3.12/site-packages/px4_msgs/srv'...\n"}
[2.904295] (px4_msgs) StdoutLine: {'line': b'-- Up-to-date: /home/carlos/ros2_ws/install/px4_msgs/lib/libpx4_msgs__rosidl_generator_py.so\n'}
[2.904696] (px4_msgs) StdoutLine: {'line': b'-- Up-to-date: /home/carlos/ros2_ws/install/px4_msgs/share/px4_msgs/cmake/export_px4_msgs__rosidl_generator_cExport.cmake\n'}
[2.904853] (px4_msgs) StdoutLine: {'line': b'-- Up-to-date: /home/carlos/ros2_ws/install/px4_msgs/share/px4_msgs/cmake/export_px4_msgs__rosidl_generator_cExport-noconfig.cmake\n'}
[2.904982] (px4_msgs) StdoutLine: {'line': b'-- Up-to-date: /home/carlos/ros2_ws/install/px4_msgs/share/px4_msgs/cmake/export_px4_msgs__rosidl_typesupport_fastrtps_cExport.cmake\n'}
[2.905033] (px4_msgs) StdoutLine: {'line': b'-- Up-to-date: /home/carlos/ros2_ws/install/px4_msgs/share/px4_msgs/cmake/export_px4_msgs__rosidl_typesupport_fastrtps_cExport-noconfig.cmake\n'}
[2.905140] (px4_msgs) StdoutLine: {'line': b'-- Up-to-date: /home/carlos/ros2_ws/install/px4_msgs/share/px4_msgs/cmake/export_px4_msgs__rosidl_generator_cppExport.cmake\n'}
[2.905277] (px4_msgs) StdoutLine: {'line': b'-- Up-to-date: /home/carlos/ros2_ws/install/px4_msgs/share/px4_msgs/cmake/export_px4_msgs__rosidl_typesupport_fastrtps_cppExport.cmake\n'}
[2.905367] (px4_msgs) StdoutLine: {'line': b'-- Up-to-date: /home/carlos/ros2_ws/install/px4_msgs/share/px4_msgs/cmake/export_px4_msgs__rosidl_typesupport_fastrtps_cppExport-noconfig.cmake\n'}
[2.905450] (px4_msgs) StdoutLine: {'line': b'-- Up-to-date: /home/carlos/ros2_ws/install/px4_msgs/share/px4_msgs/cmake/px4_msgs__rosidl_typesupport_introspection_cExport.cmake\n'}
[2.905505] (px4_msgs) StdoutLine: {'line': b'-- Up-to-date: /home/carlos/ros2_ws/install/px4_msgs/share/px4_msgs/cmake/px4_msgs__rosidl_typesupport_introspection_cExport-noconfig.cmake\n'}
[2.905582] (px4_msgs) StdoutLine: {'line': b'-- Up-to-date: /home/carlos/ros2_ws/install/px4_msgs/share/px4_msgs/cmake/px4_msgs__rosidl_typesupport_cExport.cmake\n'}
[2.905633] (px4_msgs) StdoutLine: {'line': b'-- Up-to-date: /home/carlos/ros2_ws/install/px4_msgs/share/px4_msgs/cmake/px4_msgs__rosidl_typesupport_cExport-noconfig.cmake\n'}
[2.905693] (px4_msgs) StdoutLine: {'line': b'-- Up-to-date: /home/carlos/ros2_ws/install/px4_msgs/share/px4_msgs/cmake/px4_msgs__rosidl_typesupport_introspection_cppExport.cmake\n'}
[2.905741] (px4_msgs) StdoutLine: {'line': b'-- Up-to-date: /home/carlos/ros2_ws/install/px4_msgs/share/px4_msgs/cmake/px4_msgs__rosidl_typesupport_introspection_cppExport-noconfig.cmake\n'}
[2.905800] (px4_msgs) StdoutLine: {'line': b'-- Up-to-date: /home/carlos/ros2_ws/install/px4_msgs/share/px4_msgs/cmake/px4_msgs__rosidl_typesupport_cppExport.cmake\n'}
[2.905850] (px4_msgs) StdoutLine: {'line': b'-- Up-to-date: /home/carlos/ros2_ws/install/px4_msgs/share/px4_msgs/cmake/px4_msgs__rosidl_typesupport_cppExport-noconfig.cmake\n'}
[2.905907] (px4_msgs) StdoutLine: {'line': b'-- Up-to-date: /home/carlos/ros2_ws/install/px4_msgs/share/px4_msgs/cmake/export_px4_msgs__rosidl_generator_pyExport.cmake\n'}
[2.905947] (px4_msgs) StdoutLine: {'line': b'-- Up-to-date: /home/carlos/ros2_ws/install/px4_msgs/share/px4_msgs/cmake/export_px4_msgs__rosidl_generator_pyExport-noconfig.cmake\n'}
[2.908447] (px4_msgs) CommandEnded: {'returncode': 0}
[2.908849] (-) TimerEvent: {}
[2.974608] (px4_msgs) JobEnded: {'identifier': 'px4_msgs', 'rc': 0}
[2.975520] (control) JobStarted: {'identifier': 'control'}
[2.978808] (px4_ros_com) JobStarted: {'identifier': 'px4_ros_com'}
[2.984521] (control) JobProgress: {'identifier': 'control', 'progress': 'cmake'}
[2.985343] (control) JobProgress: {'identifier': 'control', 'progress': 'build'}
[2.985945] (control) Command: {'cmd': ['/usr/bin/cmake', '--build', '/home/carlos/ros2_ws/build/control', '--', '-j16', '-l16'], 'cwd': '/home/carlos/ros2_ws/build/control', 'env': OrderedDict({'GJS_DEBUG_TOPICS': 'JS ERROR;JS LOG', 'XDG_ACTIVATION_TOKEN': 'gnome-shell/Terminator/2880-3-carlos-Lenovo-Slim-Pro-7-14ARP8_TIME491282', 'LESSOPEN': '| /usr/bin/lesspipe %s', 'USER': 'carlos', 'XDG_SESSION_TYPE': 'x11', 'CLUTTER_DISABLE_MIPMAPPED_TEXT': '1', 'SHLVL': '1', 'LD_LIBRARY_PATH': '/home/carlos/ros2_ws/install/px4_msgs/lib:/home/carlos/ros2_ws/install/px4_ros_com/lib:/opt/ros/jazzy/opt/zenoh_cpp_vendor/lib:/opt/ros/jazzy/opt/rviz_ogre_vendor/lib:/opt/ros/jazzy/lib/x86_64-linux-gnu:/opt/ros/jazzy/opt/gz_math_vendor/lib:/opt/ros/jazzy/opt/gz_utils_vendor/lib:/opt/ros/jazzy/opt/gz_cmake_vendor/lib:/opt/ros/jazzy/lib', 'HOME': '/home/carlos', 'OLDPWD': '/home/carlos', 'DESKTOP_SESSION': 'ubuntu', 'GIO_LAUNCHED_DESKTOP_FILE': '/usr/share/applications/terminator.desktop', 'ROS_PYTHON_VERSION': '3', 'GNOME_SHELL_SESSION_MODE': 'ubuntu', 'GTK_MODULES': 'gail:atk-bridge', 'MANAGERPID': '2408', 'SYSTEMD_EXEC_PID': '2880', 'GSM_SKIP_SSH_AGENT_WORKAROUND': 'true', 'DBUS_SESSION_BUS_ADDRESS': 'unix:path=/run/user/1000/bus', 'COLORTERM': 'truecolor', 'TERMINATOR_DBUS_NAME': 'net.tenshu.Terminator23558193cd9818af7fe4d2c2f5bd9d00f', 'GIO_LAUNCHED_DESKTOP_FILE_PID': '6826', 'DEBUGINFOD_URLS': 'https://debuginfod.ubuntu.com', 'COLCON_PREFIX_PATH': '/home/carlos/ros2_ws/install', 'ROS_DISTRO': 'jazzy', 'LOGNAME': 'carlos', 'JOURNAL_STREAM': '9:24072', '_': '/usr/bin/colcon', 'ROS_VERSION': '2', 'MEMORY_PRESSURE_WATCH': '/sys/fs/cgroup/user.slice/user-1000.slice/user@1000.service/session.slice/org.gnome.Shell@x11.service/memory.pressure', 'XDG_SESSION_CLASS': 'user', 'USERNAME': 'carlos', 'TERM': 'xterm-256color', 'GNOME_DESKTOP_SESSION_ID': 'this-is-deprecated', 'WINDOWPATH': '2', 'PATH': '/opt/ros/jazzy/bin:/home/carlos/.local/bin:/usr/local/sbin:/usr/local/bin:/usr/sbin:/usr/bin:/sbin:/bin:/usr/games:/usr/local/games:/snap/bin:/snap/bin:/opt/xtensa-esp-elf/bin/', 'SESSION_MANAGER': 'local/carlos-Lenovo-Slim-Pro-7-14ARP8:@/tmp/.ICE-unix/2836,unix/carlos-Lenovo-Slim-Pro-7-14ARP8:/tmp/.ICE-unix/2836', 'INVOCATION_ID': 'fd1c90bf7ac749059b6165244980abd3', 'XDG_MENU_PREFIX': 'gnome-', 'XDG_RUNTIME_DIR': '/run/user/1000', 'DISPLAY': ':1', 'TERMINATOR_DBUS_PATH': '/net/tenshu/Terminator2', 'LANG': 'en_US.UTF-8', 'XDG_CURRENT_DESKTOP': 'ubuntu:GNOME', 'XMODIFIERS': '@im=ibus', 'XDG_SESSION_DESKTOP': 'ubuntu', 'XAUTHORITY': '/run/user/1000/gdm/Xauthority', 'LS_COLORS': 'rs=0:di=01;34:ln=01;36:mh=00:pi=40;33:so=01;35:do=01;35:bd=40;33;01:cd=40;33;01:or=40;31;01:mi=00:su=37;41:sg=30;43:ca=00:tw=30;42:ow=34;42:st=37;44:ex=01;32:*.tar=01;31:*.tgz=01;31:*.arc=01;31:*.arj=01;31:*.taz=01;31:*.lha=01;31:*.lz4=01;31:*.lzh=01;31:*.lzma=01;31:*.tlz=01;31:*.txz=01;31:*.tzo=01;31:*.t7z=01;31:*.zip=01;31:*.z=01;31:*.dz=01;31:*.gz=01;31:*.lrz=01;31:*.lz=01;31:*.lzo=01;31:*.xz=01;31:*.zst=01;31:*.tzst=01;31:*.bz2=01;31:*.bz=01;31:*.tbz=01;31:*.tbz2=01;31:*.tz=01;31:*.deb=01;31:*.rpm=01;31:*.jar=01;31:*.war=01;31:*.ear=01;31:*.sar=01;31:*.rar=01;31:*.alz=01;31:*.ace=01;31:*.zoo=01;31:*.cpio=01;31:*.7z=01;31:*.rz=01;31:*.cab=01;31:*.wim=01;31:*.swm=01;31:*.dwm=01;31:*.esd=01;31:*.avif=01;35:*.jpg=01;35:*.jpeg=01;35:*.mjpg=01;35:*.mjpeg=01;35:*.gif=01;35:*.bmp=01;35:*.pbm=01;35:*.pgm=01;35:*.ppm=01;35:*.tga=01;35:*.xbm=01;35:*.xpm=01;35:*.tif=01;35:*.tiff=01;35:*.png=01;35:*.svg=01;35:*.svgz=01;35:*.mng=01;35:*.pcx=01;35:*.mov=01;35:*.mpg=01;35:*.mpeg=01;35:*.m2v=01;35:*.mkv=01;35:*.webm=01;35:*.webp=01;35:*.ogm=01;35:*.mp4=01;35:*.m4v=01;35:*.mp4v=01;35:*.vob=01;35:*.qt=01;35:*.nuv=01;35:*.wmv=01;35:*.asf=01;35:*.rm=01;35:*.rmvb=01;35:*.flc=01;35:*.avi=01;35:*.fli=01;35:*.flv=01;35:*.gl=01;35:*.dl=01;35:*.xcf=01;35:*.xwd=01;35:*.yuv=01;35:*.cgm=01;35:*.emf=01;35:*.ogv=01;35:*.ogx=01;35:*.aac=00;36:*.au=00;36:*.flac=00;36:*.m4a=00;36:*.mid=00;36:*.midi=00;36:*.mka=00;36:*.mp3=00;36:*.mpc=00;36:*.ogg=00;36:*.ra=00;36:*.wav=00;36:*.oga=00;36:*.opus=00;36:*.spx=00;36:*.xspf=00;36:*~=00;90:*#=00;90:*.bak=00;90:*.crdownload=00;90:*.dpkg-dist=00;90:*.dpkg-new=00;90:*.dpkg-old=00;90:*.dpkg-tmp=00;90:*.old=00;90:*.orig=00;90:*.part=00;90:*.rej=00;90:*.rpmnew=00;90:*.rpmorig=00;90:*.rpmsave=00;90:*.swp=00;90:*.tmp=00;90:*.ucf-dist=00;90:*.ucf-new=00;90:*.ucf-old=00;90:', 'SSH_AUTH_SOCK': '/run/user/1000/keyring/ssh', 'AMENT_PREFIX_PATH': '/home/carlos/ros2_ws/install/px4_ros_com:/home/carlos/ros2_ws/install/control:/home/carlos/ros2_ws/install/px4_msgs:/opt/ros/jazzy', 'SHELL': '/bin/bash', 'TERMINATOR_UUID': 'urn:uuid:1cb97b7c-46ed-4266-8fb2-e3e759b35556', 'QT_ACCESSIBILITY': '1', 'GDMSESSION': 'ubuntu', 'LESSCLOSE': '/usr/bin/lesspipe %s %s', 'GPG_AGENT_INFO': '/run/user/1000/gnupg/S.gpg-agent:0:1', 'GJS_DEBUG_OUTPUT': 'stderr', 'ROS_AUTOMATIC_DISCOVERY_RANGE': 'SUBNET', 'QT_IM_MODULE': 'ibus', 'PWD': '/home/carlos/ros2_ws/build/control', 'XDG_CONFIG_DIRS': '/etc/xdg/xdg-ubuntu:/etc/xdg', 'XDG_DATA_DIRS': '/usr/share/ubuntu:/usr/share/gnome:/usr/local/share/:/usr/share/:/var/lib/snapd/desktop', 'PYTHONPATH': '/home/carlos/ros2_ws/install/px4_msgs/lib/python3.12/site-packages:/home/carlos/ros2_ws/install/px4_ros_com/lib/python3.12/site-packages:/opt/ros/jazzy/lib/python3.12/site-packages', 'COLCON': '1', 'MEMORY_PRESSURE_WRITE': 'c29tZSAyMDAwMDAgMjAwMDAwMAA=', 'VTE_VERSION': '7600', 'CMAKE_PREFIX_PATH': '/home/carlos/ros2_ws/install/px4_msgs:/home/carlos/ros2_ws/install/px4_ros_com:/home/carlos/ros2_ws/install/control:/opt/ros/jazzy/opt/gz_math_vendor:/opt/ros/jazzy/opt/gz_utils_vendor:/opt/ros/jazzy/opt/gz_cmake_vendor:/opt/ros/jazzy'}), 'shell': False}
[2.987687] (px4_ros_com) JobProgress: {'identifier': 'px4_ros_com', 'progress': 'cmake'}
[2.987983] (px4_ros_com) JobProgress: {'identifier': 'px4_ros_com', 'progress': 'build'}
[2.988004] (px4_ros_com) Command: {'cmd': ['/usr/bin/cmake', '--build', '/home/carlos/ros2_ws/build/px4_ros_com', '--', '-j16', '-l16'], 'cwd': '/home/carlos/ros2_ws/build/px4_ros_com', 'env': OrderedDict({'GJS_DEBUG_TOPICS': 'JS ERROR;JS LOG', 'XDG_ACTIVATION_TOKEN': 'gnome-shell/Terminator/2880-3-carlos-Lenovo-Slim-Pro-7-14ARP8_TIME491282', 'LESSOPEN': '| /usr/bin/lesspipe %s', 'USER': 'carlos', 'XDG_SESSION_TYPE': 'x11', 'CLUTTER_DISABLE_MIPMAPPED_TEXT': '1', 'SHLVL': '1', 'LD_LIBRARY_PATH': '/home/carlos/ros2_ws/install/px4_msgs/lib:/home/carlos/ros2_ws/install/px4_ros_com/lib:/opt/ros/jazzy/opt/zenoh_cpp_vendor/lib:/opt/ros/jazzy/opt/rviz_ogre_vendor/lib:/opt/ros/jazzy/lib/x86_64-linux-gnu:/opt/ros/jazzy/opt/gz_math_vendor/lib:/opt/ros/jazzy/opt/gz_utils_vendor/lib:/opt/ros/jazzy/opt/gz_cmake_vendor/lib:/opt/ros/jazzy/lib', 'HOME': '/home/carlos', 'OLDPWD': '/home/carlos', 'DESKTOP_SESSION': 'ubuntu', 'GIO_LAUNCHED_DESKTOP_FILE': '/usr/share/applications/terminator.desktop', 'ROS_PYTHON_VERSION': '3', 'GNOME_SHELL_SESSION_MODE': 'ubuntu', 'GTK_MODULES': 'gail:atk-bridge', 'MANAGERPID': '2408', 'SYSTEMD_EXEC_PID': '2880', 'GSM_SKIP_SSH_AGENT_WORKAROUND': 'true', 'DBUS_SESSION_BUS_ADDRESS': 'unix:path=/run/user/1000/bus', 'COLORTERM': 'truecolor', 'TERMINATOR_DBUS_NAME': 'net.tenshu.Terminator23558193cd9818af7fe4d2c2f5bd9d00f', 'GIO_LAUNCHED_DESKTOP_FILE_PID': '6826', 'DEBUGINFOD_URLS': 'https://debuginfod.ubuntu.com', 'COLCON_PREFIX_PATH': '/home/carlos/ros2_ws/install', 'ROS_DISTRO': 'jazzy', 'LOGNAME': 'carlos', 'JOURNAL_STREAM': '9:24072', '_': '/usr/bin/colcon', 'ROS_VERSION': '2', 'MEMORY_PRESSURE_WATCH': '/sys/fs/cgroup/user.slice/user-1000.slice/user@1000.service/session.slice/org.gnome.Shell@x11.service/memory.pressure', 'XDG_SESSION_CLASS': 'user', 'USERNAME': 'carlos', 'TERM': 'xterm-256color', 'GNOME_DESKTOP_SESSION_ID': 'this-is-deprecated', 'WINDOWPATH': '2', 'PATH': '/opt/ros/jazzy/bin:/home/carlos/.local/bin:/usr/local/sbin:/usr/local/bin:/usr/sbin:/usr/bin:/sbin:/bin:/usr/games:/usr/local/games:/snap/bin:/snap/bin:/opt/xtensa-esp-elf/bin/', 'SESSION_MANAGER': 'local/carlos-Lenovo-Slim-Pro-7-14ARP8:@/tmp/.ICE-unix/2836,unix/carlos-Lenovo-Slim-Pro-7-14ARP8:/tmp/.ICE-unix/2836', 'INVOCATION_ID': 'fd1c90bf7ac749059b6165244980abd3', 'XDG_MENU_PREFIX': 'gnome-', 'XDG_RUNTIME_DIR': '/run/user/1000', 'DISPLAY': ':1', 'TERMINATOR_DBUS_PATH': '/net/tenshu/Terminator2', 'LANG': 'en_US.UTF-8', 'XDG_CURRENT_DESKTOP': 'ubuntu:GNOME', 'XMODIFIERS': '@im=ibus', 'XDG_SESSION_DESKTOP': 'ubuntu', 'XAUTHORITY': '/run/user/1000/gdm/Xauthority', 'LS_COLORS': 'rs=0:di=01;34:ln=01;36:mh=00:pi=40;33:so=01;35:do=01;35:bd=40;33;01:cd=40;33;01:or=40;31;01:mi=00:su=37;41:sg=30;43:ca=00:tw=30;42:ow=34;42:st=37;44:ex=01;32:*.tar=01;31:*.tgz=01;31:*.arc=01;31:*.arj=01;31:*.taz=01;31:*.lha=01;31:*.lz4=01;31:*.lzh=01;31:*.lzma=01;31:*.tlz=01;31:*.txz=01;31:*.tzo=01;31:*.t7z=01;31:*.zip=01;31:*.z=01;31:*.dz=01;31:*.gz=01;31:*.lrz=01;31:*.lz=01;31:*.lzo=01;31:*.xz=01;31:*.zst=01;31:*.tzst=01;31:*.bz2=01;31:*.bz=01;31:*.tbz=01;31:*.tbz2=01;31:*.tz=01;31:*.deb=01;31:*.rpm=01;31:*.jar=01;31:*.war=01;31:*.ear=01;31:*.sar=01;31:*.rar=01;31:*.alz=01;31:*.ace=01;31:*.zoo=01;31:*.cpio=01;31:*.7z=01;31:*.rz=01;31:*.cab=01;31:*.wim=01;31:*.swm=01;31:*.dwm=01;31:*.esd=01;31:*.avif=01;35:*.jpg=01;35:*.jpeg=01;35:*.mjpg=01;35:*.mjpeg=01;35:*.gif=01;35:*.bmp=01;35:*.pbm=01;35:*.pgm=01;35:*.ppm=01;35:*.tga=01;35:*.xbm=01;35:*.xpm=01;35:*.tif=01;35:*.tiff=01;35:*.png=01;35:*.svg=01;35:*.svgz=01;35:*.mng=01;35:*.pcx=01;35:*.mov=01;35:*.mpg=01;35:*.mpeg=01;35:*.m2v=01;35:*.mkv=01;35:*.webm=01;35:*.webp=01;35:*.ogm=01;35:*.mp4=01;35:*.m4v=01;35:*.mp4v=01;35:*.vob=01;35:*.qt=01;35:*.nuv=01;35:*.wmv=01;35:*.asf=01;35:*.rm=01;35:*.rmvb=01;35:*.flc=01;35:*.avi=01;35:*.fli=01;35:*.flv=01;35:*.gl=01;35:*.dl=01;35:*.xcf=01;35:*.xwd=01;35:*.yuv=01;35:*.cgm=01;35:*.emf=01;35:*.ogv=01;35:*.ogx=01;35:*.aac=00;36:*.au=00;36:*.flac=00;36:*.m4a=00;36:*.mid=00;36:*.midi=00;36:*.mka=00;36:*.mp3=00;36:*.mpc=00;36:*.ogg=00;36:*.ra=00;36:*.wav=00;36:*.oga=00;36:*.opus=00;36:*.spx=00;36:*.xspf=00;36:*~=00;90:*#=00;90:*.bak=00;90:*.crdownload=00;90:*.dpkg-dist=00;90:*.dpkg-new=00;90:*.dpkg-old=00;90:*.dpkg-tmp=00;90:*.old=00;90:*.orig=00;90:*.part=00;90:*.rej=00;90:*.rpmnew=00;90:*.rpmorig=00;90:*.rpmsave=00;90:*.swp=00;90:*.tmp=00;90:*.ucf-dist=00;90:*.ucf-new=00;90:*.ucf-old=00;90:', 'SSH_AUTH_SOCK': '/run/user/1000/keyring/ssh', 'AMENT_PREFIX_PATH': '/home/carlos/ros2_ws/install/px4_ros_com:/home/carlos/ros2_ws/install/control:/home/carlos/ros2_ws/install/px4_msgs:/opt/ros/jazzy', 'SHELL': '/bin/bash', 'TERMINATOR_UUID': 'urn:uuid:1cb97b7c-46ed-4266-8fb2-e3e759b35556', 'QT_ACCESSIBILITY': '1', 'GDMSESSION': 'ubuntu', 'LESSCLOSE': '/usr/bin/lesspipe %s %s', 'GPG_AGENT_INFO': '/run/user/1000/gnupg/S.gpg-agent:0:1', 'GJS_DEBUG_OUTPUT': 'stderr', 'ROS_AUTOMATIC_DISCOVERY_RANGE': 'SUBNET', 'QT_IM_MODULE': 'ibus', 'PWD': '/home/carlos/ros2_ws/build/px4_ros_com', 'XDG_CONFIG_DIRS': '/etc/xdg/xdg-ubuntu:/etc/xdg', 'XDG_DATA_DIRS': '/usr/share/ubuntu:/usr/share/gnome:/usr/local/share/:/usr/share/:/var/lib/snapd/desktop', 'PYTHONPATH': '/home/carlos/ros2_ws/install/px4_msgs/lib/python3.12/site-packages:/home/carlos/ros2_ws/install/px4_ros_com/lib/python3.12/site-packages:/opt/ros/jazzy/lib/python3.12/site-packages', 'COLCON': '1', 'MEMORY_PRESSURE_WRITE': 'c29tZSAyMDAwMDAgMjAwMDAwMAA=', 'VTE_VERSION': '7600', 'CMAKE_PREFIX_PATH': '/home/carlos/ros2_ws/install/px4_msgs:/home/carlos/ros2_ws/install/px4_ros_com:/home/carlos/ros2_ws/install/control:/opt/ros/jazzy/opt/gz_math_vendor:/opt/ros/jazzy/opt/gz_utils_vendor:/opt/ros/jazzy/opt/gz_cmake_vendor:/opt/ros/jazzy'}), 'shell': False}
[3.008998] (-) TimerEvent: {}
[3.022231] (control) CommandEnded: {'returncode': 0}
[3.022829] (control) JobProgress: {'identifier': 'control', 'progress': 'install'}
[3.023427] (control) Command: {'cmd': ['/usr/bin/cmake', '--install', '/home/carlos/ros2_ws/build/control'], 'cwd': '/home/carlos/ros2_ws/build/control', 'env': OrderedDict({'GJS_DEBUG_TOPICS': 'JS ERROR;JS LOG', 'XDG_ACTIVATION_TOKEN': 'gnome-shell/Terminator/2880-3-carlos-Lenovo-Slim-Pro-7-14ARP8_TIME491282', 'LESSOPEN': '| /usr/bin/lesspipe %s', 'USER': 'carlos', 'XDG_SESSION_TYPE': 'x11', 'CLUTTER_DISABLE_MIPMAPPED_TEXT': '1', 'SHLVL': '1', 'LD_LIBRARY_PATH': '/home/carlos/ros2_ws/install/px4_msgs/lib:/home/carlos/ros2_ws/install/px4_ros_com/lib:/opt/ros/jazzy/opt/zenoh_cpp_vendor/lib:/opt/ros/jazzy/opt/rviz_ogre_vendor/lib:/opt/ros/jazzy/lib/x86_64-linux-gnu:/opt/ros/jazzy/opt/gz_math_vendor/lib:/opt/ros/jazzy/opt/gz_utils_vendor/lib:/opt/ros/jazzy/opt/gz_cmake_vendor/lib:/opt/ros/jazzy/lib', 'HOME': '/home/carlos', 'OLDPWD': '/home/carlos', 'DESKTOP_SESSION': 'ubuntu', 'GIO_LAUNCHED_DESKTOP_FILE': '/usr/share/applications/terminator.desktop', 'ROS_PYTHON_VERSION': '3', 'GNOME_SHELL_SESSION_MODE': 'ubuntu', 'GTK_MODULES': 'gail:atk-bridge', 'MANAGERPID': '2408', 'SYSTEMD_EXEC_PID': '2880', 'GSM_SKIP_SSH_AGENT_WORKAROUND': 'true', 'DBUS_SESSION_BUS_ADDRESS': 'unix:path=/run/user/1000/bus', 'COLORTERM': 'truecolor', 'TERMINATOR_DBUS_NAME': 'net.tenshu.Terminator23558193cd9818af7fe4d2c2f5bd9d00f', 'GIO_LAUNCHED_DESKTOP_FILE_PID': '6826', 'DEBUGINFOD_URLS': 'https://debuginfod.ubuntu.com', 'COLCON_PREFIX_PATH': '/home/carlos/ros2_ws/install', 'ROS_DISTRO': 'jazzy', 'LOGNAME': 'carlos', 'JOURNAL_STREAM': '9:24072', '_': '/usr/bin/colcon', 'ROS_VERSION': '2', 'MEMORY_PRESSURE_WATCH': '/sys/fs/cgroup/user.slice/user-1000.slice/user@1000.service/session.slice/org.gnome.Shell@x11.service/memory.pressure', 'XDG_SESSION_CLASS': 'user', 'USERNAME': 'carlos', 'TERM': 'xterm-256color', 'GNOME_DESKTOP_SESSION_ID': 'this-is-deprecated', 'WINDOWPATH': '2', 'PATH': '/opt/ros/jazzy/bin:/home/carlos/.local/bin:/usr/local/sbin:/usr/local/bin:/usr/sbin:/usr/bin:/sbin:/bin:/usr/games:/usr/local/games:/snap/bin:/snap/bin:/opt/xtensa-esp-elf/bin/', 'SESSION_MANAGER': 'local/carlos-Lenovo-Slim-Pro-7-14ARP8:@/tmp/.ICE-unix/2836,unix/carlos-Lenovo-Slim-Pro-7-14ARP8:/tmp/.ICE-unix/2836', 'INVOCATION_ID': 'fd1c90bf7ac749059b6165244980abd3', 'XDG_MENU_PREFIX': 'gnome-', 'XDG_RUNTIME_DIR': '/run/user/1000', 'DISPLAY': ':1', 'TERMINATOR_DBUS_PATH': '/net/tenshu/Terminator2', 'LANG': 'en_US.UTF-8', 'XDG_CURRENT_DESKTOP': 'ubuntu:GNOME', 'XMODIFIERS': '@im=ibus', 'XDG_SESSION_DESKTOP': 'ubuntu', 'XAUTHORITY': '/run/user/1000/gdm/Xauthority', 'LS_COLORS': 'rs=0:di=01;34:ln=01;36:mh=00:pi=40;33:so=01;35:do=01;35:bd=40;33;01:cd=40;33;01:or=40;31;01:mi=00:su=37;41:sg=30;43:ca=00:tw=30;42:ow=34;42:st=37;44:ex=01;32:*.tar=01;31:*.tgz=01;31:*.arc=01;31:*.arj=01;31:*.taz=01;31:*.lha=01;31:*.lz4=01;31:*.lzh=01;31:*.lzma=01;31:*.tlz=01;31:*.txz=01;31:*.tzo=01;31:*.t7z=01;31:*.zip=01;31:*.z=01;31:*.dz=01;31:*.gz=01;31:*.lrz=01;31:*.lz=01;31:*.lzo=01;31:*.xz=01;31:*.zst=01;31:*.tzst=01;31:*.bz2=01;31:*.bz=01;31:*.tbz=01;31:*.tbz2=01;31:*.tz=01;31:*.deb=01;31:*.rpm=01;31:*.jar=01;31:*.war=01;31:*.ear=01;31:*.sar=01;31:*.rar=01;31:*.alz=01;31:*.ace=01;31:*.zoo=01;31:*.cpio=01;31:*.7z=01;31:*.rz=01;31:*.cab=01;31:*.wim=01;31:*.swm=01;31:*.dwm=01;31:*.esd=01;31:*.avif=01;35:*.jpg=01;35:*.jpeg=01;35:*.mjpg=01;35:*.mjpeg=01;35:*.gif=01;35:*.bmp=01;35:*.pbm=01;35:*.pgm=01;35:*.ppm=01;35:*.tga=01;35:*.xbm=01;35:*.xpm=01;35:*.tif=01;35:*.tiff=01;35:*.png=01;35:*.svg=01;35:*.svgz=01;35:*.mng=01;35:*.pcx=01;35:*.mov=01;35:*.mpg=01;35:*.mpeg=01;35:*.m2v=01;35:*.mkv=01;35:*.webm=01;35:*.webp=01;35:*.ogm=01;35:*.mp4=01;35:*.m4v=01;35:*.mp4v=01;35:*.vob=01;35:*.qt=01;35:*.nuv=01;35:*.wmv=01;35:*.asf=01;35:*.rm=01;35:*.rmvb=01;35:*.flc=01;35:*.avi=01;35:*.fli=01;35:*.flv=01;35:*.gl=01;35:*.dl=01;35:*.xcf=01;35:*.xwd=01;35:*.yuv=01;35:*.cgm=01;35:*.emf=01;35:*.ogv=01;35:*.ogx=01;35:*.aac=00;36:*.au=00;36:*.flac=00;36:*.m4a=00;36:*.mid=00;36:*.midi=00;36:*.mka=00;36:*.mp3=00;36:*.mpc=00;36:*.ogg=00;36:*.ra=00;36:*.wav=00;36:*.oga=00;36:*.opus=00;36:*.spx=00;36:*.xspf=00;36:*~=00;90:*#=00;90:*.bak=00;90:*.crdownload=00;90:*.dpkg-dist=00;90:*.dpkg-new=00;90:*.dpkg-old=00;90:*.dpkg-tmp=00;90:*.old=00;90:*.orig=00;90:*.part=00;90:*.rej=00;90:*.rpmnew=00;90:*.rpmorig=00;90:*.rpmsave=00;90:*.swp=00;90:*.tmp=00;90:*.ucf-dist=00;90:*.ucf-new=00;90:*.ucf-old=00;90:', 'SSH_AUTH_SOCK': '/run/user/1000/keyring/ssh', 'AMENT_PREFIX_PATH': '/home/carlos/ros2_ws/install/px4_ros_com:/home/carlos/ros2_ws/install/control:/home/carlos/ros2_ws/install/px4_msgs:/opt/ros/jazzy', 'SHELL': '/bin/bash', 'TERMINATOR_UUID': 'urn:uuid:1cb97b7c-46ed-4266-8fb2-e3e759b35556', 'QT_ACCESSIBILITY': '1', 'GDMSESSION': 'ubuntu', 'LESSCLOSE': '/usr/bin/lesspipe %s %s', 'GPG_AGENT_INFO': '/run/user/1000/gnupg/S.gpg-agent:0:1', 'GJS_DEBUG_OUTPUT': 'stderr', 'ROS_AUTOMATIC_DISCOVERY_RANGE': 'SUBNET', 'QT_IM_MODULE': 'ibus', 'PWD': '/home/carlos/ros2_ws/build/control', 'XDG_CONFIG_DIRS': '/etc/xdg/xdg-ubuntu:/etc/xdg', 'XDG_DATA_DIRS': '/usr/share/ubuntu:/usr/share/gnome:/usr/local/share/:/usr/share/:/var/lib/snapd/desktop', 'PYTHONPATH': '/home/carlos/ros2_ws/install/px4_msgs/lib/python3.12/site-packages:/home/carlos/ros2_ws/install/px4_ros_com/lib/python3.12/site-packages:/opt/ros/jazzy/lib/python3.12/site-packages', 'COLCON': '1', 'MEMORY_PRESSURE_WRITE': 'c29tZSAyMDAwMDAgMjAwMDAwMAA=', 'VTE_VERSION': '7600', 'CMAKE_PREFIX_PATH': '/home/carlos/ros2_ws/install/px4_msgs:/home/carlos/ros2_ws/install/px4_ros_com:/home/carlos/ros2_ws/install/control:/opt/ros/jazzy/opt/gz_math_vendor:/opt/ros/jazzy/opt/gz_utils_vendor:/opt/ros/jazzy/opt/gz_cmake_vendor:/opt/ros/jazzy'}), 'shell': False}
[3.031190] (control) StdoutLine: {'line': b'-- Install configuration: ""\n'}
[3.031592] (control) StdoutLine: {'line': b'-- Up-to-date: /home/carlos/ros2_ws/install/control/lib/control/position_controller.py\n'}
[3.031653] (control) StdoutLine: {'line': b'-- Up-to-date: /home/carlos/ros2_ws/install/control/lib/control/field.py\n'}
[3.031700] (control) StdoutLine: {'line': b'-- Up-to-date: /home/carlos/ros2_ws/install/control/lib/control/rover_monitor.py\n'}
[3.031762] (control) StdoutLine: {'line': b'-- Up-to-date: /home/carlos/ros2_ws/install/control/lib/control/temp_query.py\n'}
[3.031814] (control) StdoutLine: {'line': b'-- Installing: /home/carlos/ros2_ws/install/control/lib/control/lawnmower.py\n'}
[3.031862] (control) StdoutLine: {'line': b'-- Up-to-date: /home/carlos/ros2_ws/install/control/lib/control/blawnmower.py\n'}
[3.031909] (control) StdoutLine: {'line': b'-- Up-to-date: /home/carlos/ros2_ws/install/control/share/control//launch\n'}
[3.031958] (control) StdoutLine: {'line': b'-- Up-to-date: /home/carlos/ros2_ws/install/control/share/control//launch/rover_bringup.launch.py\n'}
[3.032007] (control) StdoutLine: {'line': b'-- Up-to-date: /home/carlos/ros2_ws/install/control/share/control//config\n'}
[3.032082] (control) StdoutLine: {'line': b'-- Up-to-date: /home/carlos/ros2_ws/install/control/share/control//config/rover_viz.rviz\n'}
[3.032205] (control) StdoutLine: {'line': b'-- Up-to-date: /home/carlos/ros2_ws/install/control/share/control//urdf\n'}
[3.032288] (control) StdoutLine: {'line': b'-- Up-to-date: /home/carlos/ros2_ws/install/control/share/control//urdf/meshes\n'}
[3.032390] (control) StdoutLine: {'line': b'-- Up-to-date: /home/carlos/ros2_ws/install/control/share/control//urdf/meshes/wheel_link.STL\n'}
[3.032496] (control) StdoutLine: {'line': b'-- Up-to-date: /home/carlos/ros2_ws/install/control/share/control//urdf/meshes/chassis_link.STL\n'}
[3.032572] (control) StdoutLine: {'line': b'-- Up-to-date: /home/carlos/ros2_ws/install/control/share/control//urdf/meshes/top_link.STL\n'}
[3.032639] (control) StdoutLine: {'line': b'-- Up-to-date: /home/carlos/ros2_ws/install/control/share/control//urdf/meshes/battery_link.STL\n'}
[3.032705] (control) StdoutLine: {'line': b'-- Up-to-date: /home/carlos/ros2_ws/install/control/share/control//urdf/meshes/antenna_link.STL\n'}
[3.032778] (control) StdoutLine: {'line': b'-- Up-to-date: /home/carlos/ros2_ws/install/control/share/control//urdf/meshes/housing_link.STL\n'}
[3.032854] (control) StdoutLine: {'line': b'-- Up-to-date: /home/carlos/ros2_ws/install/control/share/control//urdf/meshes/wheel_link_simple.STL\n'}
[3.032935] (control) StdoutLine: {'line': b'-- Up-to-date: /home/carlos/ros2_ws/install/control/share/control//urdf/r1_rover.urdf\n'}
[3.033008] (control) StdoutLine: {'line': b'-- Up-to-date: /home/carlos/ros2_ws/install/control/share/ament_index/resource_index/package_run_dependencies/control\n'}
[3.033083] (control) StdoutLine: {'line': b'-- Up-to-date: /home/carlos/ros2_ws/install/control/share/ament_index/resource_index/parent_prefix_path/control\n'}
[3.033156] (control) StdoutLine: {'line': b'-- Up-to-date: /home/carlos/ros2_ws/install/control/share/control/environment/ament_prefix_path.sh\n'}
[3.033230] (control) StdoutLine: {'line': b'-- Up-to-date: /home/carlos/ros2_ws/install/control/share/control/environment/ament_prefix_path.dsv\n'}
[3.033304] (control) StdoutLine: {'line': b'-- Up-to-date: /home/carlos/ros2_ws/install/control/share/control/environment/path.sh\n'}
[3.033399] (control) StdoutLine: {'line': b'-- Up-to-date: /home/carlos/ros2_ws/install/control/share/control/environment/path.dsv\n'}
[3.033477] (control) StdoutLine: {'line': b'-- Up-to-date: /home/carlos/ros2_ws/install/control/share/control/local_setup.bash\n'}
[3.033561] (control) StdoutLine: {'line': b'-- Up-to-date: /home/carlos/ros2_ws/install/control/share/control/local_setup.sh\n'}
[3.033641] (control) StdoutLine: {'line': b'-- Up-to-date: /home/carlos/ros2_ws/install/control/share/control/local_setup.zsh\n'}
[3.033720] (control) StdoutLine: {'line': b'-- Up-to-date: /home/carlos/ros2_ws/install/control/share/control/local_setup.dsv\n'}
[3.033802] (control) StdoutLine: {'line': b'-- Installing: /home/carlos/ros2_ws/install/control/share/control/package.dsv\n'}
[3.033878] (control) StdoutLine: {'line': b'-- Up-to-date: /home/carlos/ros2_ws/install/control/share/ament_index/resource_index/packages/control\n'}
[3.033952] (control) StdoutLine: {'line': b'-- Up-to-date: /home/carlos/ros2_ws/install/control/share/control/cmake/controlConfig.cmake\n'}
[3.034026] (control) StdoutLine: {'line': b'-- Up-to-date: /home/carlos/ros2_ws/install/control/share/control/cmake/controlConfig-version.cmake\n'}
[3.034108] (control) StdoutLine: {'line': b'-- Up-to-date: /home/carlos/ros2_ws/install/control/share/control/package.xml\n'}
[3.034752] (control) CommandEnded: {'returncode': 0}
[3.036386] (px4_ros_com) StdoutLine: {'line': b'[ 16%] Built target frame_transforms\n'}
[3.036595] (px4_ros_com) StdoutLine: {'line': b'[ 33%] Built target sensor_combined_listener\n'}
[3.036738] (px4_ros_com) StdoutLine: {'line': b'[ 50%] Built target vehicle_gps_position_listener\n'}
[3.037024] (px4_ros_com) StdoutLine: {'line': b'[ 66%] Built target offboard_control_srv\n'}
[3.037562] (px4_ros_com) StdoutLine: {'line': b'[ 83%] Built target debug_vect_advertiser\n'}
[3.039151] (px4_ros_com) StdoutLine: {'line': b'[100%] Built target offboard_control\n'}
[3.040265] (px4_ros_com) StdoutLine: {'line': b'[100%] Built target ament_cmake_python_symlink_px4_ros_com\n'}
[3.050822] (control) JobEnded: {'identifier': 'control', 'rc': 0}
[3.109102] (-) TimerEvent: {}
[3.209368] (-) TimerEvent: {}
[3.217487] (px4_ros_com) StdoutLine: {'line': b'running egg_info\n'}
[3.234232] (px4_ros_com) StdoutLine: {'line': b'writing px4_ros_com.egg-info/PKG-INFO\n'}
[3.234543] (px4_ros_com) StdoutLine: {'line': b'writing dependency_links to px4_ros_com.egg-info/dependency_links.txt\n'}
[3.235246] (px4_ros_com) StdoutLine: {'line': b'writing top-level names to px4_ros_com.egg-info/top_level.txt\n'}
[3.284037] (px4_ros_com) StdoutLine: {'line': b"reading manifest file 'px4_ros_com.egg-info/SOURCES.txt'\n"}
[3.284519] (px4_ros_com) StdoutLine: {'line': b"writing manifest file 'px4_ros_com.egg-info/SOURCES.txt'\n"}
[3.309510] (-) TimerEvent: {}
[3.316103] (px4_ros_com) StdoutLine: {'line': b'[100%] Built target ament_cmake_python_build_px4_ros_com_egg\n'}
[3.328876] (px4_ros_com) CommandEnded: {'returncode': 0}
[3.329606] (px4_ros_com) JobProgress: {'identifier': 'px4_ros_com', 'progress': 'install'}
[3.330048] (px4_ros_com) Command: {'cmd': ['/usr/bin/cmake', '--install', '/home/carlos/ros2_ws/build/px4_ros_com'], 'cwd': '/home/carlos/ros2_ws/build/px4_ros_com', 'env': OrderedDict({'GJS_DEBUG_TOPICS': 'JS ERROR;JS LOG', 'XDG_ACTIVATION_TOKEN': 'gnome-shell/Terminator/2880-3-carlos-Lenovo-Slim-Pro-7-14ARP8_TIME491282', 'LESSOPEN': '| /usr/bin/lesspipe %s', 'USER': 'carlos', 'XDG_SESSION_TYPE': 'x11', 'CLUTTER_DISABLE_MIPMAPPED_TEXT': '1', 'SHLVL': '1', 'LD_LIBRARY_PATH': '/home/carlos/ros2_ws/install/px4_msgs/lib:/home/carlos/ros2_ws/install/px4_ros_com/lib:/opt/ros/jazzy/opt/zenoh_cpp_vendor/lib:/opt/ros/jazzy/opt/rviz_ogre_vendor/lib:/opt/ros/jazzy/lib/x86_64-linux-gnu:/opt/ros/jazzy/opt/gz_math_vendor/lib:/opt/ros/jazzy/opt/gz_utils_vendor/lib:/opt/ros/jazzy/opt/gz_cmake_vendor/lib:/opt/ros/jazzy/lib', 'HOME': '/home/carlos', 'OLDPWD': '/home/carlos', 'DESKTOP_SESSION': 'ubuntu', 'GIO_LAUNCHED_DESKTOP_FILE': '/usr/share/applications/terminator.desktop', 'ROS_PYTHON_VERSION': '3', 'GNOME_SHELL_SESSION_MODE': 'ubuntu', 'GTK_MODULES': 'gail:atk-bridge', 'MANAGERPID': '2408', 'SYSTEMD_EXEC_PID': '2880', 'GSM_SKIP_SSH_AGENT_WORKAROUND': 'true', 'DBUS_SESSION_BUS_ADDRESS': 'unix:path=/run/user/1000/bus', 'COLORTERM': 'truecolor', 'TERMINATOR_DBUS_NAME': 'net.tenshu.Terminator23558193cd9818af7fe4d2c2f5bd9d00f', 'GIO_LAUNCHED_DESKTOP_FILE_PID': '6826', 'DEBUGINFOD_URLS': 'https://debuginfod.ubuntu.com', 'COLCON_PREFIX_PATH': '/home/carlos/ros2_ws/install', 'ROS_DISTRO': 'jazzy', 'LOGNAME': 'carlos', 'JOURNAL_STREAM': '9:24072', '_': '/usr/bin/colcon', 'ROS_VERSION': '2', 'MEMORY_PRESSURE_WATCH': '/sys/fs/cgroup/user.slice/user-1000.slice/user@1000.service/session.slice/org.gnome.Shell@x11.service/memory.pressure', 'XDG_SESSION_CLASS': 'user', 'USERNAME': 'carlos', 'TERM': 'xterm-256color', 'GNOME_DESKTOP_SESSION_ID': 'this-is-deprecated', 'WINDOWPATH': '2', 'PATH': '/opt/ros/jazzy/bin:/home/carlos/.local/bin:/usr/local/sbin:/usr/local/bin:/usr/sbin:/usr/bin:/sbin:/bin:/usr/games:/usr/local/games:/snap/bin:/snap/bin:/opt/xtensa-esp-elf/bin/', 'SESSION_MANAGER': 'local/carlos-Lenovo-Slim-Pro-7-14ARP8:@/tmp/.ICE-unix/2836,unix/carlos-Lenovo-Slim-Pro-7-14ARP8:/tmp/.ICE-unix/2836', 'INVOCATION_ID': 'fd1c90bf7ac749059b6165244980abd3', 'XDG_MENU_PREFIX': 'gnome-', 'XDG_RUNTIME_DIR': '/run/user/1000', 'DISPLAY': ':1', 'TERMINATOR_DBUS_PATH': '/net/tenshu/Terminator2', 'LANG': 'en_US.UTF-8', 'XDG_CURRENT_DESKTOP': 'ubuntu:GNOME', 'XMODIFIERS': '@im=ibus', 'XDG_SESSION_DESKTOP': 'ubuntu', 'XAUTHORITY': '/run/user/1000/gdm/Xauthority', 'LS_COLORS': 'rs=0:di=01;34:ln=01;36:mh=00:pi=40;33:so=01;35:do=01;35:bd=40;33;01:cd=40;33;01:or=40;31;01:mi=00:su=37;41:sg=30;43:ca=00:tw=30;42:ow=34;42:st=37;44:ex=01;32:*.tar=01;31:*.tgz=01;31:*.arc=01;31:*.arj=01;31:*.taz=01;31:*.lha=01;31:*.lz4=01;31:*.lzh=01;31:*.lzma=01;31:*.tlz=01;31:*.txz=01;31:*.tzo=01;31:*.t7z=01;31:*.zip=01;31:*.z=01;31:*.dz=01;31:*.gz=01;31:*.lrz=01;31:*.lz=01;31:*.lzo=01;31:*.xz=01;31:*.zst=01;31:*.tzst=01;31:*.bz2=01;31:*.bz=01;31:*.tbz=01;31:*.tbz2=01;31:*.tz=01;31:*.deb=01;31:*.rpm=01;31:*.jar=01;31:*.war=01;31:*.ear=01;31:*.sar=01;31:*.rar=01;31:*.alz=01;31:*.ace=01;31:*.zoo=01;31:*.cpio=01;31:*.7z=01;31:*.rz=01;31:*.cab=01;31:*.wim=01;31:*.swm=01;31:*.dwm=01;31:*.esd=01;31:*.avif=01;35:*.jpg=01;35:*.jpeg=01;35:*.mjpg=01;35:*.mjpeg=01;35:*.gif=01;35:*.bmp=01;35:*.pbm=01;35:*.pgm=01;35:*.ppm=01;35:*.tga=01;35:*.xbm=01;35:*.xpm=01;35:*.tif=01;35:*.tiff=01;35:*.png=01;35:*.svg=01;35:*.svgz=01;35:*.mng=01;35:*.pcx=01;35:*.mov=01;35:*.mpg=01;35:*.mpeg=01;35:*.m2v=01;35:*.mkv=01;35:*.webm=01;35:*.webp=01;35:*.ogm=01;35:*.mp4=01;35:*.m4v=01;35:*.mp4v=01;35:*.vob=01;35:*.qt=01;35:*.nuv=01;35:*.wmv=01;35:*.asf=01;35:*.rm=01;35:*.rmvb=01;35:*.flc=01;35:*.avi=01;35:*.fli=01;35:*.flv=01;35:*.gl=01;35:*.dl=01;35:*.xcf=01;35:*.xwd=01;35:*.yuv=01;35:*.cgm=01;35:*.emf=01;35:*.ogv=01;35:*.ogx=01;35:*.aac=00;36:*.au=00;36:*.flac=00;36:*.m4a=00;36:*.mid=00;36:*.midi=00;36:*.mka=00;36:*.mp3=00;36:*.mpc=00;36:*.ogg=00;36:*.ra=00;36:*.wav=00;36:*.oga=00;36:*.opus=00;36:*.spx=00;36:*.xspf=00;36:*~=00;90:*#=00;90:*.bak=00;90:*.crdownload=00;90:*.dpkg-dist=00;90:*.dpkg-new=00;90:*.dpkg-old=00;90:*.dpkg-tmp=00;90:*.old=00;90:*.orig=00;90:*.part=00;90:*.rej=00;90:*.rpmnew=00;90:*.rpmorig=00;90:*.rpmsave=00;90:*.swp=00;90:*.tmp=00;90:*.ucf-dist=00;90:*.ucf-new=00;90:*.ucf-old=00;90:', 'SSH_AUTH_SOCK': '/run/user/1000/keyring/ssh', 'AMENT_PREFIX_PATH': '/home/carlos/ros2_ws/install/px4_ros_com:/home/carlos/ros2_ws/install/control:/home/carlos/ros2_ws/install/px4_msgs:/opt/ros/jazzy', 'SHELL': '/bin/bash', 'TERMINATOR_UUID': 'urn:uuid:1cb97b7c-46ed-4266-8fb2-e3e759b35556', 'QT_ACCESSIBILITY': '1', 'GDMSESSION': 'ubuntu', 'LESSCLOSE': '/usr/bin/lesspipe %s %s', 'GPG_AGENT_INFO': '/run/user/1000/gnupg/S.gpg-agent:0:1', 'GJS_DEBUG_OUTPUT': 'stderr', 'ROS_AUTOMATIC_DISCOVERY_RANGE': 'SUBNET', 'QT_IM_MODULE': 'ibus', 'PWD': '/home/carlos/ros2_ws/build/px4_ros_com', 'XDG_CONFIG_DIRS': '/etc/xdg/xdg-ubuntu:/etc/xdg', 'XDG_DATA_DIRS': '/usr/share/ubuntu:/usr/share/gnome:/usr/local/share/:/usr/share/:/var/lib/snapd/desktop', 'PYTHONPATH': '/home/carlos/ros2_ws/install/px4_msgs/lib/python3.12/site-packages:/home/carlos/ros2_ws/install/px4_ros_com/lib/python3.12/site-packages:/opt/ros/jazzy/lib/python3.12/site-packages', 'COLCON': '1', 'MEMORY_PRESSURE_WRITE': 'c29tZSAyMDAwMDAgMjAwMDAwMAA=', 'VTE_VERSION': '7600', 'CMAKE_PREFIX_PATH': '/home/carlos/ros2_ws/install/px4_msgs:/home/carlos/ros2_ws/install/px4_ros_com:/home/carlos/ros2_ws/install/control:/opt/ros/jazzy/opt/gz_math_vendor:/opt/ros/jazzy/opt/gz_utils_vendor:/opt/ros/jazzy/opt/gz_cmake_vendor:/opt/ros/jazzy'}), 'shell': False}
[3.338858] (px4_ros_com) StdoutLine: {'line': b'-- Install configuration: ""\n'}
[3.339208] (px4_ros_com) StdoutLine: {'line': b'-- Execute custom install script\n'}
[3.339424] (px4_ros_com) StdoutLine: {'line': b'-- Up-to-date symlink: /home/carlos/ros2_ws/install/px4_ros_com/lib/px4_ros_com/sensor_combined_listener\n'}
[3.339642] (px4_ros_com) StdoutLine: {'line': b'-- Up-to-date symlink: /home/carlos/ros2_ws/install/px4_ros_com/lib/px4_ros_com/vehicle_gps_position_listener\n'}
[3.339814] (px4_ros_com) StdoutLine: {'line': b'-- Up-to-date symlink: /home/carlos/ros2_ws/install/px4_ros_com/lib/px4_ros_com/debug_vect_advertiser\n'}
[3.339986] (px4_ros_com) StdoutLine: {'line': b'-- Up-to-date symlink: /home/carlos/ros2_ws/install/px4_ros_com/lib/px4_ros_com/offboard_control\n'}
[3.340091] (px4_ros_com) StdoutLine: {'line': b'-- Up-to-date symlink: /home/carlos/ros2_ws/install/px4_ros_com/lib/px4_ros_com/offboard_control_srv\n'}
[3.340193] (px4_ros_com) StdoutLine: {'line': b'-- Up-to-date symlink: /home/carlos/ros2_ws/install/px4_ros_com/share/px4_ros_com/environment/library_path.sh\n'}
[3.340297] (px4_ros_com) StdoutLine: {'line': b'-- Up-to-date symlink: /home/carlos/ros2_ws/install/px4_ros_com/share/px4_ros_com/environment/library_path.dsv\n'}
[3.340537] (px4_ros_com) StdoutLine: {'line': b'-- Up-to-date symlink: /home/carlos/ros2_ws/install/px4_ros_com/include/px4_ros_com/frame_transforms.h\n'}
[3.340731] (px4_ros_com) StdoutLine: {'line': b'-- Up-to-date symlink: /home/carlos/ros2_ws/install/px4_ros_com/share/px4_ros_com//launch/offboard_control_launch.yaml\n'}
[3.340809] (px4_ros_com) StdoutLine: {'line': b'-- Up-to-date symlink: /home/carlos/ros2_ws/install/px4_ros_com/share/px4_ros_com//launch/sensor_combined_listener.launch.py\n'}
[3.341002] (px4_ros_com) StdoutLine: {'line': b'-- Up-to-date symlink: /home/carlos/ros2_ws/install/px4_ros_com/share/px4_ros_com//test/__init__.py\n'}
[3.341079] (px4_ros_com) StdoutLine: {'line': b'-- Up-to-date symlink: /home/carlos/ros2_ws/install/px4_ros_com/share/px4_ros_com//test/pipeline_io_test.py\n'}
[3.341153] (px4_ros_com) StdoutLine: {'line': b'-- Up-to-date symlink: /home/carlos/ros2_ws/install/px4_ros_com/share/px4_ros_com//test/test_input.py\n'}
[3.341226] (px4_ros_com) StdoutLine: {'line': b'-- Up-to-date symlink: /home/carlos/ros2_ws/install/px4_ros_com/share/px4_ros_com//test/test_output.py\n'}
[3.341345] (px4_ros_com) StdoutLine: {'line': b'-- Up-to-date symlink: /home/carlos/ros2_ws/install/px4_ros_com/share/px4_ros_com/environment/pythonpath.sh\n'}
[3.341460] (px4_ros_com) StdoutLine: {'line': b'-- Up-to-date symlink: /home/carlos/ros2_ws/install/px4_ros_com/share/px4_ros_com/environment/pythonpath.dsv\n'}
[3.341668] (px4_ros_com) StdoutLine: {'line': b'-- Up-to-date symlink: /home/carlos/ros2_ws/install/px4_ros_com/lib/python3.12/site-packages/px4_ros_com-0.1.0-py3.12.egg-info/PKG-INFO\n'}
[3.341752] (px4_ros_com) StdoutLine: {'line': b'-- Up-to-date symlink: /home/carlos/ros2_ws/install/px4_ros_com/lib/python3.12/site-packages/px4_ros_com-0.1.0-py3.12.egg-info/SOURCES.txt\n'}
[3.341834] (px4_ros_com) StdoutLine: {'line': b'-- Up-to-date symlink: /home/carlos/ros2_ws/install/px4_ros_com/lib/python3.12/site-packages/px4_ros_com-0.1.0-py3.12.egg-info/dependency_links.txt\n'}
[3.341922] (px4_ros_com) StdoutLine: {'line': b'-- Up-to-date symlink: /home/carlos/ros2_ws/install/px4_ros_com/lib/python3.12/site-packages/px4_ros_com-0.1.0-py3.12.egg-info/top_level.txt\n'}
[3.342151] (px4_ros_com) StdoutLine: {'line': b'-- Up-to-date symlink: /home/carlos/ros2_ws/install/px4_ros_com/lib/python3.12/site-packages/px4_ros_com/__init__.py\n'}
[3.342230] (px4_ros_com) StdoutLine: {'line': b'-- Up-to-date symlink: /home/carlos/ros2_ws/install/px4_ros_com/lib/python3.12/site-packages/px4_ros_com/module_to_import.py\n'}
[3.342470] (px4_ros_com) StdoutLine: {'line': b'-- Up-to-date symlink: /home/carlos/ros2_ws/install/px4_ros_com/lib/px4_ros_com/offboard_control.py\n'}
[3.342620] (px4_ros_com) StdoutLine: {'line': b'-- Up-to-date symlink: /home/carlos/ros2_ws/install/px4_ros_com/share/ament_index/resource_index/package_run_dependencies/px4_ros_com\n'}
[3.342781] (px4_ros_com) StdoutLine: {'line': b'-- Up-to-date symlink: /home/carlos/ros2_ws/install/px4_ros_com/share/ament_index/resource_index/parent_prefix_path/px4_ros_com\n'}
[3.342974] (px4_ros_com) StdoutLine: {'line': b'-- Up-to-date symlink: /home/carlos/ros2_ws/install/px4_ros_com/share/px4_ros_com/environment/ament_prefix_path.sh\n'}
[3.343260] (px4_ros_com) StdoutLine: {'line': b'-- Up-to-date symlink: /home/carlos/ros2_ws/install/px4_ros_com/share/px4_ros_com/environment/ament_prefix_path.dsv\n'}
[3.343451] (px4_ros_com) StdoutLine: {'line': b'-- Up-to-date symlink: /home/carlos/ros2_ws/install/px4_ros_com/share/px4_ros_com/environment/path.sh\n'}
[3.343537] (px4_ros_com) StdoutLine: {'line': b'-- Up-to-date symlink: /home/carlos/ros2_ws/install/px4_ros_com/share/px4_ros_com/environment/path.dsv\n'}
[3.343631] (px4_ros_com) StdoutLine: {'line': b'-- Up-to-date symlink: /home/carlos/ros2_ws/install/px4_ros_com/share/px4_ros_com/local_setup.bash\n'}
[3.343692] (px4_ros_com) StdoutLine: {'line': b'-- Up-to-date symlink: /home/carlos/ros2_ws/install/px4_ros_com/share/px4_ros_com/local_setup.sh\n'}
[3.343737] (px4_ros_com) StdoutLine: {'line': b'-- Up-to-date symlink: /home/carlos/ros2_ws/install/px4_ros_com/share/px4_ros_com/local_setup.zsh\n'}
[3.343799] (px4_ros_com) StdoutLine: {'line': b'-- Up-to-date symlink: /home/carlos/ros2_ws/install/px4_ros_com/share/px4_ros_com/local_setup.dsv\n'}
[3.343846] (px4_ros_com) StdoutLine: {'line': b'-- Symlinking: /home/carlos/ros2_ws/install/px4_ros_com/share/px4_ros_com/package.dsv\n'}
[3.353425] (px4_ros_com) StdoutLine: {'line': b'-- Up-to-date symlink: /home/carlos/ros2_ws/install/px4_ros_com/share/ament_index/resource_index/packages/px4_ros_com\n'}
[3.353757] (px4_ros_com) StdoutLine: {'line': b'-- Up-to-date symlink: /home/carlos/ros2_ws/install/px4_ros_com/share/px4_ros_com/cmake/ament_cmake_export_dependencies-extras.cmake\n'}
[3.353977] (px4_ros_com) StdoutLine: {'line': b'-- Up-to-date symlink: /home/carlos/ros2_ws/install/px4_ros_com/share/px4_ros_com/cmake/ament_cmake_export_targets-extras.cmake\n'}
[3.354143] (px4_ros_com) StdoutLine: {'line': b'-- Up-to-date symlink: /home/carlos/ros2_ws/install/px4_ros_com/share/px4_ros_com/cmake/ament_cmake_export_include_directories-extras.cmake\n'}
[3.354334] (px4_ros_com) StdoutLine: {'line': b'-- Up-to-date symlink: /home/carlos/ros2_ws/install/px4_ros_com/share/px4_ros_com/cmake/ament_cmake_export_libraries-extras.cmake\n'}
[3.354480] (px4_ros_com) StdoutLine: {'line': b'-- Up-to-date symlink: /home/carlos/ros2_ws/install/px4_ros_com/share/px4_ros_com/cmake/px4_ros_comConfig.cmake\n'}
[3.354646] (px4_ros_com) StdoutLine: {'line': b'-- Up-to-date symlink: /home/carlos/ros2_ws/install/px4_ros_com/share/px4_ros_com/cmake/px4_ros_comConfig-version.cmake\n'}
[3.354765] (px4_ros_com) StdoutLine: {'line': b'-- Up-to-date symlink: /home/carlos/ros2_ws/install/px4_ros_com/share/px4_ros_com/package.xml\n'}
[3.354889] (px4_ros_com) StdoutLine: {'line': b'-- Up-to-date: /home/carlos/ros2_ws/install/px4_ros_com/lib/libframe_transforms.so\n'}
[3.383039] (px4_ros_com) StdoutLine: {'line': b"Listing '/home/carlos/ros2_ws/install/px4_ros_com/lib/python3.12/site-packages/px4_ros_com'...\n"}
[3.387967] (px4_ros_com) StdoutLine: {'line': b'-- Up-to-date: /home/carlos/ros2_ws/install/px4_ros_com/share/px4_ros_com/cmake/export_frame_transformsExport.cmake\n'}
[3.388223] (px4_ros_com) StdoutLine: {'line': b'-- Up-to-date: /home/carlos/ros2_ws/install/px4_ros_com/share/px4_ros_com/cmake/export_frame_transformsExport-noconfig.cmake\n'}
[3.390996] (px4_ros_com) CommandEnded: {'returncode': 0}
[3.409702] (-) TimerEvent: {}
[3.415038] (px4_ros_com) JobEnded: {'identifier': 'px4_ros_com', 'rc': 0}
[3.416097] (-) EventReactorShutdown: {}
