[0.000000] (-) TimerEvent: {}
[0.000395] (px4_msgs) JobQueued: {'identifier': 'px4_msgs', 'dependencies': OrderedDict()}
[0.000468] (control) JobQueued: {'identifier': 'control', 'dependencies': OrderedDict({'px4_msgs': '/home/carlos/ros2_ws/install/px4_msgs'})}
[0.000533] (px4_ros_com) JobQueued: {'identifier': 'px4_ros_com', 'dependencies': OrderedDict({'px4_msgs': '/home/carlos/ros2_ws/install/px4_msgs'})}
[0.000572] (px4_msgs) JobStarted: {'identifier': 'px4_msgs'}
[0.014070] (px4_msgs) JobProgress: {'identifier': 'px4_msgs', 'progress': 'cmake'}
[0.015133] (px4_msgs) JobProgress: {'identifier': 'px4_msgs', 'progress': 'build'}
[0.016080] (px4_msgs) Command: {'cmd': ['/usr/bin/cmake', '--build', '/home/carlos/ros2_ws/build/px4_msgs', '--', '-j16', '-l16'], 'cwd': '/home/carlos/ros2_ws/build/px4_msgs', 'env': OrderedDict({'GJS_DEBUG_TOPICS': 'JS ERROR;JS LOG', 'XDG_ACTIVATION_TOKEN': 'gnome-shell/Terminator/2936-6-carlos-Lenovo-Slim-Pro-7-14ARP8_TIME4774526', 'LESSOPEN': '| /usr/bin/lesspipe %s', 'USER': 'carlos', 'XDG_SESSION_TYPE': 'x11', 'CLUTTER_DISABLE_MIPMAPPED_TEXT': '1', 'SHLVL': '1', 'LD_LIBRARY_PATH': '/home/carlos/ros2_ws/install/px4_ros_com/lib:/home/carlos/ros2_ws/install/px4_msgs/lib:/opt/ros/jazzy/opt/zenoh_cpp_vendor/lib:/opt/ros/jazzy/opt/rviz_ogre_vendor/lib:/opt/ros/jazzy/lib/x86_64-linux-gnu:/opt/ros/jazzy/opt/gz_math_vendor/lib:/opt/ros/jazzy/opt/gz_utils_vendor/lib:/opt/ros/jazzy/opt/gz_cmake_vendor/lib:/opt/ros/jazzy/lib', 'HOME': '/home/carlos', 'OLDPWD': '/home/carlos', 'DESKTOP_SESSION': 'ubuntu', 'GIO_LAUNCHED_DESKTOP_FILE': '/usr/share/applications/terminator.desktop', 'ROS_PYTHON_VERSION': '3', 'GNOME_SHELL_SESSION_MODE': 'ubuntu', 'GTK_MODULES': 'gail:atk-bridge', 'MANAGERPID': '2447', 'SYSTEMD_EXEC_PID': '2936', 'GSM_SKIP_SSH_AGENT_WORKAROUND': 'true', 'DBUS_SESSION_BUS_ADDRESS': 'unix:path=/run/user/1000/bus', 'COLORTERM': 'truecolor', 'TERMINATOR_DBUS_NAME': 'net.tenshu.Terminator23558193cd9818af7fe4d2c2f5bd9d00f', 'GIO_LAUNCHED_DESKTOP_FILE_PID': '13196', 'DEBUGINFOD_URLS': 'https://debuginfod.ubuntu.com', 'COLCON_PREFIX_PATH': '/home/carlos/ros2_ws/install', 'ROS_DISTRO': 'jazzy', 'LOGNAME': 'carlos', 'JOURNAL_STREAM': '9:23106', '_': '/usr/bin/colcon', 'ROS_VERSION': '2', 'MEMORY_PRESSURE_WATCH': '/sys/fs/cgroup/user.slice/user-1000.slice/user@1000.service/session.slice/org.gnome.Shell@x11.service/memory.pressure', 'XDG_SESSION_CLASS': 'user', 'USERNAME': 'carlos', 'TERM': 'xterm-256color', 'GNOME_DESKTOP_SESSION_ID': 'this-is-deprecated', 'WINDOWPATH': '2', 'PATH': '/opt/ros/jazzy/bin:/home/carlos/.local/bin:/usr/local/sbin:/usr/local/bin:/usr/sbin:/usr/bin:/sbin:/bin:/usr/games:/usr/local/games:/snap/bin:/snap/bin:/opt/xtensa-esp-elf/bin/', 'SESSION_MANAGER': 'local/carlos-Lenovo-Slim-Pro-7-14ARP8:@/tmp/.ICE-unix/2891,unix/carlos-Lenovo-Slim-Pro-7-14ARP8:/tmp/.ICE-unix/2891', 'INVOCATION_ID': '4befd6100fc14b73ad36747d281cd608', 'XDG_MENU_PREFIX': 'gnome-', 'XDG_RUNTIME_DIR': '/run/user/1000', 'DISPLAY': ':1', 'TERMINATOR_DBUS_PATH': '/net/tenshu/Terminator2', 'LANG': 'en_US.UTF-8', 'XDG_CURRENT_DESKTOP': 'ubuntu:GNOME', 'XMODIFIERS': '@im=ibus', 'XDG_SESSION_DESKTOP': 'ubuntu', 'XAUTHORITY': '/run/user/1000/gdm/Xauthority', 'LS_COLORS': 'rs=0:di=01;34:ln=01;36:mh=00:pi=40;33:so=01;35:do=01;35:bd=40;33;01:cd=40;33;01:or=40;31;01:mi=00:su=37;41:sg=30;43:ca=00:tw=30;42:ow=34;42:st=37;44:ex=01;32:*.tar=01;31:*.tgz=01;31:*.arc=01;31:*.arj=01;31:*.taz=01;31:*.lha=01;31:*.lz4=01;31:*.lzh=01;31:*.lzma=01;31:*.tlz=01;31:*.txz=01;31:*.tzo=01;31:*.t7z=01;31:*.zip=01;31:*.z=01;31:*.dz=01;31:*.gz=01;31:*.lrz=01;31:*.lz=01;31:*.lzo=01;31:*.xz=01;31:*.zst=01;31:*.tzst=01;31:*.bz2=01;31:*.bz=01;31:*.tbz=01;31:*.tbz2=01;31:*.tz=01;31:*.deb=01;31:*.rpm=01;31:*.jar=01;31:*.war=01;31:*.ear=01;31:*.sar=01;31:*.rar=01;31:*.alz=01;31:*.ace=01;31:*.zoo=01;31:*.cpio=01;31:*.7z=01;31:*.rz=01;31:*.cab=01;31:*.wim=01;31:*.swm=01;31:*.dwm=01;31:*.esd=01;31:*.avif=01;35:*.jpg=01;35:*.jpeg=01;35:*.mjpg=01;35:*.mjpeg=01;35:*.gif=01;35:*.bmp=01;35:*.pbm=01;35:*.pgm=01;35:*.ppm=01;35:*.tga=01;35:*.xbm=01;35:*.xpm=01;35:*.tif=01;35:*.tiff=01;35:*.png=01;35:*.svg=01;35:*.svgz=01;35:*.mng=01;35:*.pcx=01;35:*.mov=01;35:*.mpg=01;35:*.mpeg=01;35:*.m2v=01;35:*.mkv=01;35:*.webm=01;35:*.webp=01;35:*.ogm=01;35:*.mp4=01;35:*.m4v=01;35:*.mp4v=01;35:*.vob=01;35:*.qt=01;35:*.nuv=01;35:*.wmv=01;35:*.asf=01;35:*.rm=01;35:*.rmvb=01;35:*.flc=01;35:*.avi=01;35:*.fli=01;35:*.flv=01;35:*.gl=01;35:*.dl=01;35:*.xcf=01;35:*.xwd=01;35:*.yuv=01;35:*.cgm=01;35:*.emf=01;35:*.ogv=01;35:*.ogx=01;35:*.aac=00;36:*.au=00;36:*.flac=00;36:*.m4a=00;36:*.mid=00;36:*.midi=00;36:*.mka=00;36:*.mp3=00;36:*.mpc=00;36:*.ogg=00;36:*.ra=00;36:*.wav=00;36:*.oga=00;36:*.opus=00;36:*.spx=00;36:*.xspf=00;36:*~=00;90:*#=00;90:*.bak=00;90:*.crdownload=00;90:*.dpkg-dist=00;90:*.dpkg-new=00;90:*.dpkg-old=00;90:*.dpkg-tmp=00;90:*.old=00;90:*.orig=00;90:*.part=00;90:*.rej=00;90:*.rpmnew=00;90:*.rpmorig=00;90:*.rpmsave=00;90:*.swp=00;90:*.tmp=00;90:*.ucf-dist=00;90:*.ucf-new=00;90:*.ucf-old=00;90:', 'SSH_AUTH_SOCK': '/run/user/1000/keyring/ssh', 'AMENT_PREFIX_PATH': '/home/carlos/ros2_ws/install/px4_ros_com:/home/carlos/ros2_ws/install/control:/home/carlos/ros2_ws/install/px4_msgs:/opt/ros/jazzy', 'SHELL': '/bin/bash', 'TERMINATOR_UUID': 'urn:uuid:2de7a329-c24a-4a9c-b8c6-9493757ca0a7', 'QT_ACCESSIBILITY': '1', 'GDMSESSION': 'ubuntu', 'LESSCLOSE': '/usr/bin/lesspipe %s %s', 'GPG_AGENT_INFO': '/run/user/1000/gnupg/S.gpg-agent:0:1', 'GJS_DEBUG_OUTPUT': 'stderr', 'ROS_AUTOMATIC_DISCOVERY_RANGE': 'SUBNET', 'QT_IM_MODULE': 'ibus', 'PWD': '/home/carlos/ros2_ws/build/px4_msgs', 'XDG_CONFIG_DIRS': '/etc/xdg/xdg-ubuntu:/etc/xdg', 'XDG_DATA_DIRS': '/usr/share/ubuntu:/usr/share/gnome:/usr/local/share/:/usr/share/:/var/lib/snapd/desktop', 'PYTHONPATH': '/home/carlos/ros2_ws/install/px4_ros_com/lib/python3.12/site-packages:/home/carlos/ros2_ws/install/px4_msgs/lib/python3.12/site-packages:/opt/ros/jazzy/lib/python3.12/site-packages', 'COLCON': '1', 'MEMORY_PRESSURE_WRITE': 'c29tZSAyMDAwMDAgMjAwMDAwMAA=', 'VTE_VERSION': '7600', 'CMAKE_PREFIX_PATH': '/home/carlos/ros2_ws/install/px4_ros_com:/home/carlos/ros2_ws/install/control:/home/carlos/ros2_ws/install/px4_msgs:/opt/ros/jazzy/opt/gz_math_vendor:/opt/ros/jazzy/opt/gz_utils_vendor:/opt/ros/jazzy/opt/gz_cmake_vendor:/opt/ros/jazzy'}), 'shell': False}
[0.098616] (-) TimerEvent: {}
[0.199112] (-) TimerEvent: {}
[0.299543] (-) TimerEvent: {}
[0.399888] (-) TimerEvent: {}
[0.500217] (-) TimerEvent: {}
[0.600598] (-) TimerEvent: {}
[0.700940] (-) TimerEvent: {}
[0.801329] (-) TimerEvent: {}
[0.901714] (-) TimerEvent: {}
[1.002057] (-) TimerEvent: {}
[1.102376] (-) TimerEvent: {}
[1.202697] (-) TimerEvent: {}
[1.303044] (-) TimerEvent: {}
[1.403372] (-) TimerEvent: {}
[1.503707] (-) TimerEvent: {}
[1.604071] (-) TimerEvent: {}
[1.704432] (-) TimerEvent: {}
[1.724064] (px4_msgs) StdoutLine: {'line': b'[  0%] Built target px4_msgs__rosidl_generator_type_description\n'}
[1.725411] (px4_msgs) StdoutLine: {'line': b'[  0%] Built target ament_cmake_python_symlink_px4_msgs\n'}
[1.804603] (-) TimerEvent: {}
[1.817451] (px4_msgs) StdoutLine: {'line': b'[  0%] Built target px4_msgs__cpp\n'}
[1.904814] (-) TimerEvent: {}
[2.005292] (-) TimerEvent: {}
[2.050366] (px4_msgs) StdoutLine: {'line': b'[ 29%] Built target px4_msgs__rosidl_generator_c\n'}
[2.068726] (px4_msgs) StdoutLine: {'line': b'running egg_info\n'}
[2.095369] (px4_msgs) StdoutLine: {'line': b'writing px4_msgs.egg-info/PKG-INFO\n'}
[2.095858] (px4_msgs) StdoutLine: {'line': b'writing dependency_links to px4_msgs.egg-info/dependency_links.txt\n'}
[2.096683] (px4_msgs) StdoutLine: {'line': b'writing top-level names to px4_msgs.egg-info/top_level.txt\n'}
[2.105396] (-) TimerEvent: {}
[2.172595] (px4_msgs) StdoutLine: {'line': b'[ 39%] Built target px4_msgs__rosidl_typesupport_c\n'}
[2.179601] (px4_msgs) StdoutLine: {'line': b'[ 49%] Built target px4_msgs__rosidl_typesupport_introspection_c\n'}
[2.186576] (px4_msgs) StdoutLine: {'line': b"reading manifest file 'px4_msgs.egg-info/SOURCES.txt'\n"}
[2.191826] (px4_msgs) StdoutLine: {'line': b"writing manifest file 'px4_msgs.egg-info/SOURCES.txt'\n"}
[2.205581] (-) TimerEvent: {}
[2.222298] (px4_msgs) StdoutLine: {'line': b'[ 59%] Built target px4_msgs__rosidl_typesupport_cpp\n'}
[2.236755] (px4_msgs) StdoutLine: {'line': b'[ 60%] Built target ament_cmake_python_build_px4_msgs_egg\n'}
[2.237014] (px4_msgs) StdoutLine: {'line': b'[ 69%] Built target px4_msgs__rosidl_typesupport_introspection_cpp\n'}
[2.244037] (px4_msgs) StdoutLine: {'line': b'[ 79%] Built target px4_msgs__rosidl_typesupport_fastrtps_c\n'}
[2.250195] (px4_msgs) StdoutLine: {'line': b'[ 89%] Built target px4_msgs__rosidl_typesupport_fastrtps_cpp\n'}
[2.275306] (px4_msgs) StdoutLine: {'line': b'[ 89%] Built target px4_msgs\n'}
[2.305707] (-) TimerEvent: {}
[2.312450] (px4_msgs) StdoutLine: {'line': b'[ 89%] Built target px4_msgs__py\n'}
[2.405855] (-) TimerEvent: {}
[2.431134] (px4_msgs) StdoutLine: {'line': b'[ 99%] Built target px4_msgs__rosidl_generator_py\n'}
[2.463091] (px4_msgs) StdoutLine: {'line': b'[ 99%] Built target px4_msgs_s__rosidl_typesupport_fastrtps_c\n'}
[2.463477] (px4_msgs) StdoutLine: {'line': b'[100%] Built target px4_msgs_s__rosidl_typesupport_introspection_c\n'}
[2.464415] (px4_msgs) StdoutLine: {'line': b'[100%] Built target px4_msgs_s__rosidl_typesupport_c\n'}
[2.481017] (px4_msgs) CommandEnded: {'returncode': 0}
[2.481938] (px4_msgs) JobProgress: {'identifier': 'px4_msgs', 'progress': 'install'}
[2.491942] (px4_msgs) Command: {'cmd': ['/usr/bin/cmake', '--install', '/home/carlos/ros2_ws/build/px4_msgs'], 'cwd': '/home/carlos/ros2_ws/build/px4_msgs', 'env': OrderedDict({'GJS_DEBUG_TOPICS': 'JS ERROR;JS LOG', 'XDG_ACTIVATION_TOKEN': 'gnome-shell/Terminator/2936-6-carlos-Lenovo-Slim-Pro-7-14ARP8_TIME4774526', 'LESSOPEN': '| /usr/bin/lesspipe %s', 'USER': 'carlos', 'XDG_SESSION_TYPE': 'x11', 'CLUTTER_DISABLE_MIPMAPPED_TEXT': '1', 'SHLVL': '1', 'LD_LIBRARY_PATH': '/home/carlos/ros2_ws/install/px4_ros_com/lib:/home/carlos/ros2_ws/install/px4_msgs/lib:/opt/ros/jazzy/opt/zenoh_cpp_vendor/lib:/opt/ros/jazzy/opt/rviz_ogre_vendor/lib:/opt/ros/jazzy/lib/x86_64-linux-gnu:/opt/ros/jazzy/opt/gz_math_vendor/lib:/opt/ros/jazzy/opt/gz_utils_vendor/lib:/opt/ros/jazzy/opt/gz_cmake_vendor/lib:/opt/ros/jazzy/lib', 'HOME': '/home/carlos', 'OLDPWD': '/home/carlos', 'DESKTOP_SESSION': 'ubuntu', 'GIO_LAUNCHED_DESKTOP_FILE': '/usr/share/applications/terminator.desktop', 'ROS_PYTHON_VERSION': '3', 'GNOME_SHELL_SESSION_MODE': 'ubuntu', 'GTK_MODULES': 'gail:atk-bridge', 'MANAGERPID': '2447', 'SYSTEMD_EXEC_PID': '2936', 'GSM_SKIP_SSH_AGENT_WORKAROUND': 'true', 'DBUS_SESSION_BUS_ADDRESS': 'unix:path=/run/user/1000/bus', 'COLORTERM': 'truecolor', 'TERMINATOR_DBUS_NAME': 'net.tenshu.Terminator23558193cd9818af7fe4d2c2f5bd9d00f', 'GIO_LAUNCHED_DESKTOP_FILE_PID': '13196', 'DEBUGINFOD_URLS': 'https://debuginfod.ubuntu.com', 'COLCON_PREFIX_PATH': '/home/carlos/ros2_ws/install', 'ROS_DISTRO': 'jazzy', 'LOGNAME': 'carlos', 'JOURNAL_STREAM': '9:23106', '_': '/usr/bin/colcon', 'ROS_VERSION': '2', 'MEMORY_PRESSURE_WATCH': '/sys/fs/cgroup/user.slice/user-1000.slice/user@1000.service/session.slice/org.gnome.Shell@x11.service/memory.pressure', 'XDG_SESSION_CLASS': 'user', 'USERNAME': 'carlos', 'TERM': 'xterm-256color', 'GNOME_DESKTOP_SESSION_ID': 'this-is-deprecated', 'WINDOWPATH': '2', 'PATH': '/opt/ros/jazzy/bin:/home/carlos/.local/bin:/usr/local/sbin:/usr/local/bin:/usr/sbin:/usr/bin:/sbin:/bin:/usr/games:/usr/local/games:/snap/bin:/snap/bin:/opt/xtensa-esp-elf/bin/', 'SESSION_MANAGER': 'local/carlos-Lenovo-Slim-Pro-7-14ARP8:@/tmp/.ICE-unix/2891,unix/carlos-Lenovo-Slim-Pro-7-14ARP8:/tmp/.ICE-unix/2891', 'INVOCATION_ID': '4befd6100fc14b73ad36747d281cd608', 'XDG_MENU_PREFIX': 'gnome-', 'XDG_RUNTIME_DIR': '/run/user/1000', 'DISPLAY': ':1', 'TERMINATOR_DBUS_PATH': '/net/tenshu/Terminator2', 'LANG': 'en_US.UTF-8', 'XDG_CURRENT_DESKTOP': 'ubuntu:GNOME', 'XMODIFIERS': '@im=ibus', 'XDG_SESSION_DESKTOP': 'ubuntu', 'XAUTHORITY': '/run/user/1000/gdm/Xauthority', 'LS_COLORS': 'rs=0:di=01;34:ln=01;36:mh=00:pi=40;33:so=01;35:do=01;35:bd=40;33;01:cd=40;33;01:or=40;31;01:mi=00:su=37;41:sg=30;43:ca=00:tw=30;42:ow=34;42:st=37;44:ex=01;32:*.tar=01;31:*.tgz=01;31:*.arc=01;31:*.arj=01;31:*.taz=01;31:*.lha=01;31:*.lz4=01;31:*.lzh=01;31:*.lzma=01;31:*.tlz=01;31:*.txz=01;31:*.tzo=01;31:*.t7z=01;31:*.zip=01;31:*.z=01;31:*.dz=01;31:*.gz=01;31:*.lrz=01;31:*.lz=01;31:*.lzo=01;31:*.xz=01;31:*.zst=01;31:*.tzst=01;31:*.bz2=01;31:*.bz=01;31:*.tbz=01;31:*.tbz2=01;31:*.tz=01;31:*.deb=01;31:*.rpm=01;31:*.jar=01;31:*.war=01;31:*.ear=01;31:*.sar=01;31:*.rar=01;31:*.alz=01;31:*.ace=01;31:*.zoo=01;31:*.cpio=01;31:*.7z=01;31:*.rz=01;31:*.cab=01;31:*.wim=01;31:*.swm=01;31:*.dwm=01;31:*.esd=01;31:*.avif=01;35:*.jpg=01;35:*.jpeg=01;35:*.mjpg=01;35:*.mjpeg=01;35:*.gif=01;35:*.bmp=01;35:*.pbm=01;35:*.pgm=01;35:*.ppm=01;35:*.tga=01;35:*.xbm=01;35:*.xpm=01;35:*.tif=01;35:*.tiff=01;35:*.png=01;35:*.svg=01;35:*.svgz=01;35:*.mng=01;35:*.pcx=01;35:*.mov=01;35:*.mpg=01;35:*.mpeg=01;35:*.m2v=01;35:*.mkv=01;35:*.webm=01;35:*.webp=01;35:*.ogm=01;35:*.mp4=01;35:*.m4v=01;35:*.mp4v=01;35:*.vob=01;35:*.qt=01;35:*.nuv=01;35:*.wmv=01;35:*.asf=01;35:*.rm=01;35:*.rmvb=01;35:*.flc=01;35:*.avi=01;35:*.fli=01;35:*.flv=01;35:*.gl=01;35:*.dl=01;35:*.xcf=01;35:*.xwd=01;35:*.yuv=01;35:*.cgm=01;35:*.emf=01;35:*.ogv=01;35:*.ogx=01;35:*.aac=00;36:*.au=00;36:*.flac=00;36:*.m4a=00;36:*.mid=00;36:*.midi=00;36:*.mka=00;36:*.mp3=00;36:*.mpc=00;36:*.ogg=00;36:*.ra=00;36:*.wav=00;36:*.oga=00;36:*.opus=00;36:*.spx=00;36:*.xspf=00;36:*~=00;90:*#=00;90:*.bak=00;90:*.crdownload=00;90:*.dpkg-dist=00;90:*.dpkg-new=00;90:*.dpkg-old=00;90:*.dpkg-tmp=00;90:*.old=00;90:*.orig=00;90:*.part=00;90:*.rej=00;90:*.rpmnew=00;90:*.rpmorig=00;90:*.rpmsave=00;90:*.swp=00;90:*.tmp=00;90:*.ucf-dist=00;90:*.ucf-new=00;90:*.ucf-old=00;90:', 'SSH_AUTH_SOCK': '/run/user/1000/keyring/ssh', 'AMENT_PREFIX_PATH': '/home/carlos/ros2_ws/install/px4_ros_com:/home/carlos/ros2_ws/install/control:/home/carlos/ros2_ws/install/px4_msgs:/opt/ros/jazzy', 'SHELL': '/bin/bash', 'TERMINATOR_UUID': 'urn:uuid:2de7a329-c24a-4a9c-b8c6-9493757ca0a7', 'QT_ACCESSIBILITY': '1', 'GDMSESSION': 'ubuntu', 'LESSCLOSE': '/usr/bin/lesspipe %s %s', 'GPG_AGENT_INFO': '/run/user/1000/gnupg/S.gpg-agent:0:1', 'GJS_DEBUG_OUTPUT': 'stderr', 'ROS_AUTOMATIC_DISCOVERY_RANGE': 'SUBNET', 'QT_IM_MODULE': 'ibus', 'PWD': '/home/carlos/ros2_ws/build/px4_msgs', 'XDG_CONFIG_DIRS': '/etc/xdg/xdg-ubuntu:/etc/xdg', 'XDG_DATA_DIRS': '/usr/share/ubuntu:/usr/share/gnome:/usr/local/share/:/usr/share/:/var/lib/snapd/desktop', 'PYTHONPATH': '/home/carlos/ros2_ws/install/px4_ros_com/lib/python3.12/site-packages:/home/carlos/ros2_ws/install/px4_msgs/lib/python3.12/site-packages:/opt/ros/jazzy/lib/python3.12/site-packages', 'COLCON': '1', 'MEMORY_PRESSURE_WRITE': 'c29tZSAyMDAwMDAgMjAwMDAwMAA=', 'VTE_VERSION': '7600', 'CMAKE_PREFIX_PATH': '/home/carlos/ros2_ws/install/px4_ros_com:/home/carlos/ros2_ws/install/control:/home/carlos/ros2_ws/install/px4_msgs:/opt/ros/jazzy/opt/gz_math_vendor:/opt/ros/jazzy/opt/gz_utils_vendor:/opt/ros/jazzy/opt/gz_cmake_vendor:/opt/ros/jazzy'}), 'shell': False}
[2.500082] (px4_msgs) StdoutLine: {'line': b'-- Install configuration: ""\n'}
[2.503783] (px4_msgs) StdoutLine: {'line': b'-- Execute custom install script\n'}
[2.504006] (px4_msgs) StdoutLine: {'line': b'-- Up-to-date symlink: /home/carlos/ros2_ws/install/px4_msgs/share/ament_index/resource_index/rosidl_interfaces/px4_msgs\n'}
[2.504169] (px4_msgs) StdoutLine: {'line': b'-- Up-to-date symlink: /home/carlos/ros2_ws/install/px4_msgs/share/px4_msgs/msg/ActionRequest.json\n'}
[2.504388] (px4_msgs) StdoutLine: {'line': b'-- Up-to-date symlink: /home/carlos/ros2_ws/install/px4_msgs/share/px4_msgs/msg/ActuatorArmed.json\n'}
[2.504606] (px4_msgs) StdoutLine: {'line': b'-- Up-to-date symlink: /home/carlos/ros2_ws/install/px4_msgs/share/px4_msgs/msg/ActuatorControlsStatus.json\n'}
[2.504720] (px4_msgs) StdoutLine: {'line': b'-- Up-to-date symlink: /home/carlos/ros2_ws/install/px4_msgs/share/px4_msgs/msg/ActuatorMotors.json\n'}
[2.504832] (px4_msgs) StdoutLine: {'line': b'-- Up-to-date symlink: /home/carlos/ros2_ws/install/px4_msgs/share/px4_msgs/msg/ActuatorOutputs.json\n'}
[2.504950] (px4_msgs) StdoutLine: {'line': b'-- Up-to-date symlink: /home/carlos/ros2_ws/install/px4_msgs/share/px4_msgs/msg/ActuatorServos.json\n'}
[2.505038] (px4_msgs) StdoutLine: {'line': b'-- Up-to-date symlink: /home/carlos/ros2_ws/install/px4_msgs/share/px4_msgs/msg/ActuatorServosTrim.json\n'}
[2.505113] (px4_msgs) StdoutLine: {'line': b'-- Up-to-date symlink: /home/carlos/ros2_ws/install/px4_msgs/share/px4_msgs/msg/ActuatorTest.json\n'}
[2.505212] (px4_msgs) StdoutLine: {'line': b'-- Up-to-date symlink: /home/carlos/ros2_ws/install/px4_msgs/share/px4_msgs/msg/AdcReport.json\n'}
[2.505317] (px4_msgs) StdoutLine: {'line': b'-- Up-to-date symlink: /home/carlos/ros2_ws/install/px4_msgs/share/px4_msgs/msg/Airspeed.json\n'}
[2.505418] (px4_msgs) StdoutLine: {'line': b'-- Up-to-date symlink: /home/carlos/ros2_ws/install/px4_msgs/share/px4_msgs/msg/AirspeedValidated.json\n'}
[2.505586] (px4_msgs) StdoutLine: {'line': b'-- Up-to-date symlink: /home/carlos/ros2_ws/install/px4_msgs/share/px4_msgs/msg/AirspeedWind.json\n'}
[2.505792] (px4_msgs) StdoutLine: {'line': b'-- Up-to-date symlink: /home/carlos/ros2_ws/install/px4_msgs/share/px4_msgs/msg/ArmingCheckReply.json\n'}
[2.506113] (-) TimerEvent: {}
[2.506304] (px4_msgs) StdoutLine: {'line': b'-- Up-to-date symlink: /home/carlos/ros2_ws/install/px4_msgs/share/px4_msgs/msg/ArmingCheckRequest.json\n'}
[2.506536] (px4_msgs) StdoutLine: {'line': b'-- Up-to-date symlink: /home/carlos/ros2_ws/install/px4_msgs/share/px4_msgs/msg/AutotuneAttitudeControlStatus.json\n'}
[2.506710] (px4_msgs) StdoutLine: {'line': b'-- Up-to-date symlink: /home/carlos/ros2_ws/install/px4_msgs/share/px4_msgs/msg/BatteryInfo.json\n'}
[2.506928] (px4_msgs) StdoutLine: {'line': b'-- Up-to-date symlink: /home/carlos/ros2_ws/install/px4_msgs/share/px4_msgs/msg/BatteryStatus.json\n'}
[2.507067] (px4_msgs) StdoutLine: {'line': b'-- Up-to-date symlink: /home/carlos/ros2_ws/install/px4_msgs/share/px4_msgs/msg/ButtonEvent.json\n'}
[2.507145] (px4_msgs) StdoutLine: {'line': b'-- Up-to-date symlink: /home/carlos/ros2_ws/install/px4_msgs/share/px4_msgs/msg/CameraCapture.json\n'}
[2.507203] (px4_msgs) StdoutLine: {'line': b'-- Up-to-date symlink: /home/carlos/ros2_ws/install/px4_msgs/share/px4_msgs/msg/CameraStatus.json\n'}
[2.507257] (px4_msgs) StdoutLine: {'line': b'-- Up-to-date symlink: /home/carlos/ros2_ws/install/px4_msgs/share/px4_msgs/msg/CameraTrigger.json\n'}
[2.507354] (px4_msgs) StdoutLine: {'line': b'-- Up-to-date symlink: /home/carlos/ros2_ws/install/px4_msgs/share/px4_msgs/msg/CanInterfaceStatus.json\n'}
[2.507416] (px4_msgs) StdoutLine: {'line': b'-- Up-to-date symlink: /home/carlos/ros2_ws/install/px4_msgs/share/px4_msgs/msg/CellularStatus.json\n'}
[2.507471] (px4_msgs) StdoutLine: {'line': b'-- Up-to-date symlink: /home/carlos/ros2_ws/install/px4_msgs/share/px4_msgs/msg/CollisionConstraints.json\n'}
[2.507545] (px4_msgs) StdoutLine: {'line': b'-- Up-to-date symlink: /home/carlos/ros2_ws/install/px4_msgs/share/px4_msgs/msg/ConfigOverrides.json\n'}
[2.507628] (px4_msgs) StdoutLine: {'line': b'-- Up-to-date symlink: /home/carlos/ros2_ws/install/px4_msgs/share/px4_msgs/msg/ControlAllocatorStatus.json\n'}
[2.507724] (px4_msgs) StdoutLine: {'line': b'-- Up-to-date symlink: /home/carlos/ros2_ws/install/px4_msgs/share/px4_msgs/msg/Cpuload.json\n'}
[2.507868] (px4_msgs) StdoutLine: {'line': b'-- Up-to-date symlink: /home/carlos/ros2_ws/install/px4_msgs/share/px4_msgs/msg/DatamanRequest.json\n'}
[2.508003] (px4_msgs) StdoutLine: {'line': b'-- Up-to-date symlink: /home/carlos/ros2_ws/install/px4_msgs/share/px4_msgs/msg/DatamanResponse.json\n'}
[2.508151] (px4_msgs) StdoutLine: {'line': b'-- Up-to-date symlink: /home/carlos/ros2_ws/install/px4_msgs/share/px4_msgs/msg/DebugArray.json\n'}
[2.508293] (px4_msgs) StdoutLine: {'line': b'-- Up-to-date symlink: /home/carlos/ros2_ws/install/px4_msgs/share/px4_msgs/msg/DebugKeyValue.json\n'}
[2.508430] (px4_msgs) StdoutLine: {'line': b'-- Up-to-date symlink: /home/carlos/ros2_ws/install/px4_msgs/share/px4_msgs/msg/DebugValue.json\n'}
[2.508595] (px4_msgs) StdoutLine: {'line': b'-- Up-to-date symlink: /home/carlos/ros2_ws/install/px4_msgs/share/px4_msgs/msg/DebugVect.json\n'}
[2.508765] (px4_msgs) StdoutLine: {'line': b'-- Up-to-date symlink: /home/carlos/ros2_ws/install/px4_msgs/share/px4_msgs/msg/DifferentialPressure.json\n'}
[2.508950] (px4_msgs) StdoutLine: {'line': b'-- Up-to-date symlink: /home/carlos/ros2_ws/install/px4_msgs/share/px4_msgs/msg/DistanceSensor.json\n'}
[2.509125] (px4_msgs) StdoutLine: {'line': b'-- Up-to-date symlink: /home/carlos/ros2_ws/install/px4_msgs/share/px4_msgs/msg/DistanceSensorModeChangeRequest.json\n'}
[2.509283] (px4_msgs) StdoutLine: {'line': b'-- Up-to-date symlink: /home/carlos/ros2_ws/install/px4_msgs/share/px4_msgs/msg/DronecanNodeStatus.json\n'}
[2.509448] (px4_msgs) StdoutLine: {'line': b'-- Up-to-date symlink: /home/carlos/ros2_ws/install/px4_msgs/share/px4_msgs/msg/Ekf2Timestamps.json\n'}
[2.509612] (px4_msgs) StdoutLine: {'line': b'-- Up-to-date symlink: /home/carlos/ros2_ws/install/px4_msgs/share/px4_msgs/msg/EscReport.json\n'}
[2.509785] (px4_msgs) StdoutLine: {'line': b'-- Up-to-date symlink: /home/carlos/ros2_ws/install/px4_msgs/share/px4_msgs/msg/EscStatus.json\n'}
[2.509955] (px4_msgs) StdoutLine: {'line': b'-- Up-to-date symlink: /home/carlos/ros2_ws/install/px4_msgs/share/px4_msgs/msg/EstimatorAidSource1d.json\n'}
[2.510116] (px4_msgs) StdoutLine: {'line': b'-- Up-to-date symlink: /home/carlos/ros2_ws/install/px4_msgs/share/px4_msgs/msg/EstimatorAidSource2d.json\n'}
[2.510277] (px4_msgs) StdoutLine: {'line': b'-- Up-to-date symlink: /home/carlos/ros2_ws/install/px4_msgs/share/px4_msgs/msg/EstimatorAidSource3d.json\n'}
[2.510440] (px4_msgs) StdoutLine: {'line': b'-- Up-to-date symlink: /home/carlos/ros2_ws/install/px4_msgs/share/px4_msgs/msg/EstimatorBias.json\n'}
[2.510600] (px4_msgs) StdoutLine: {'line': b'-- Up-to-date symlink: /home/carlos/ros2_ws/install/px4_msgs/share/px4_msgs/msg/EstimatorBias3d.json\n'}
[2.510783] (px4_msgs) StdoutLine: {'line': b'-- Up-to-date symlink: /home/carlos/ros2_ws/install/px4_msgs/share/px4_msgs/msg/EstimatorEventFlags.json\n'}
[2.510966] (px4_msgs) StdoutLine: {'line': b'-- Up-to-date symlink: /home/carlos/ros2_ws/install/px4_msgs/share/px4_msgs/msg/EstimatorGpsStatus.json\n'}
[2.511118] (px4_msgs) StdoutLine: {'line': b'-- Up-to-date symlink: /home/carlos/ros2_ws/install/px4_msgs/share/px4_msgs/msg/EstimatorInnovations.json\n'}
[2.511258] (px4_msgs) StdoutLine: {'line': b'-- Up-to-date symlink: /home/carlos/ros2_ws/install/px4_msgs/share/px4_msgs/msg/EstimatorSelectorStatus.json\n'}
[2.511400] (px4_msgs) StdoutLine: {'line': b'-- Up-to-date symlink: /home/carlos/ros2_ws/install/px4_msgs/share/px4_msgs/msg/EstimatorSensorBias.json\n'}
[2.511550] (px4_msgs) StdoutLine: {'line': b'-- Up-to-date symlink: /home/carlos/ros2_ws/install/px4_msgs/share/px4_msgs/msg/EstimatorStates.json\n'}
[2.511697] (px4_msgs) StdoutLine: {'line': b'-- Up-to-date symlink: /home/carlos/ros2_ws/install/px4_msgs/share/px4_msgs/msg/EstimatorStatus.json\n'}
[2.511860] (px4_msgs) StdoutLine: {'line': b'-- Up-to-date symlink: /home/carlos/ros2_ws/install/px4_msgs/share/px4_msgs/msg/EstimatorStatusFlags.json\n'}
[2.512006] (px4_msgs) StdoutLine: {'line': b'-- Up-to-date symlink: /home/carlos/ros2_ws/install/px4_msgs/share/px4_msgs/msg/Event.json\n'}
[2.512158] (px4_msgs) StdoutLine: {'line': b'-- Up-to-date symlink: /home/carlos/ros2_ws/install/px4_msgs/share/px4_msgs/msg/FailsafeFlags.json\n'}
[2.512277] (px4_msgs) StdoutLine: {'line': b'-- Up-to-date symlink: /home/carlos/ros2_ws/install/px4_msgs/share/px4_msgs/msg/FailureDetectorStatus.json\n'}
[2.512406] (px4_msgs) StdoutLine: {'line': b'-- Up-to-date symlink: /home/carlos/ros2_ws/install/px4_msgs/share/px4_msgs/msg/FigureEightStatus.json\n'}
[2.512553] (px4_msgs) StdoutLine: {'line': b'-- Up-to-date symlink: /home/carlos/ros2_ws/install/px4_msgs/share/px4_msgs/msg/FixedWingLateralGuidanceStatus.json\n'}
[2.512683] (px4_msgs) StdoutLine: {'line': b'-- Up-to-date symlink: /home/carlos/ros2_ws/install/px4_msgs/share/px4_msgs/msg/FixedWingLateralSetpoint.json\n'}
[2.512834] (px4_msgs) StdoutLine: {'line': b'-- Up-to-date symlink: /home/carlos/ros2_ws/install/px4_msgs/share/px4_msgs/msg/FixedWingLateralStatus.json\n'}
[2.512964] (px4_msgs) StdoutLine: {'line': b'-- Up-to-date symlink: /home/carlos/ros2_ws/install/px4_msgs/share/px4_msgs/msg/FixedWingLongitudinalSetpoint.json\n'}
[2.513093] (px4_msgs) StdoutLine: {'line': b'-- Up-to-date symlink: /home/carlos/ros2_ws/install/px4_msgs/share/px4_msgs/msg/FixedWingRunwayControl.json\n'}
[2.513220] (px4_msgs) StdoutLine: {'line': b'-- Up-to-date symlink: /home/carlos/ros2_ws/install/px4_msgs/share/px4_msgs/msg/FlightPhaseEstimation.json\n'}
[2.513353] (px4_msgs) StdoutLine: {'line': b'-- Up-to-date symlink: /home/carlos/ros2_ws/install/px4_msgs/share/px4_msgs/msg/FollowTarget.json\n'}
[2.513492] (px4_msgs) StdoutLine: {'line': b'-- Up-to-date symlink: /home/carlos/ros2_ws/install/px4_msgs/share/px4_msgs/msg/FollowTargetEstimator.json\n'}
[2.513626] (px4_msgs) StdoutLine: {'line': b'-- Up-to-date symlink: /home/carlos/ros2_ws/install/px4_msgs/share/px4_msgs/msg/FollowTargetStatus.json\n'}
[2.513836] (px4_msgs) StdoutLine: {'line': b'-- Up-to-date symlink: /home/carlos/ros2_ws/install/px4_msgs/share/px4_msgs/msg/FuelTankStatus.json\n'}
[2.514086] (px4_msgs) StdoutLine: {'line': b'-- Up-to-date symlink: /home/carlos/ros2_ws/install/px4_msgs/share/px4_msgs/msg/GeneratorStatus.json\n'}
[2.514285] (px4_msgs) StdoutLine: {'line': b'-- Up-to-date symlink: /home/carlos/ros2_ws/install/px4_msgs/share/px4_msgs/msg/GeofenceResult.json\n'}
[2.514411] (px4_msgs) StdoutLine: {'line': b'-- Up-to-date symlink: /home/carlos/ros2_ws/install/px4_msgs/share/px4_msgs/msg/GeofenceStatus.json\n'}
[2.514531] (px4_msgs) StdoutLine: {'line': b'-- Up-to-date symlink: /home/carlos/ros2_ws/install/px4_msgs/share/px4_msgs/msg/GimbalControls.json\n'}
[2.514598] (px4_msgs) StdoutLine: {'line': b'-- Up-to-date symlink: /home/carlos/ros2_ws/install/px4_msgs/share/px4_msgs/msg/GimbalDeviceAttitudeStatus.json\n'}
[2.514683] (px4_msgs) StdoutLine: {'line': b'-- Up-to-date symlink: /home/carlos/ros2_ws/install/px4_msgs/share/px4_msgs/msg/GimbalDeviceInformation.json\n'}
[2.514775] (px4_msgs) StdoutLine: {'line': b'-- Up-to-date symlink: /home/carlos/ros2_ws/install/px4_msgs/share/px4_msgs/msg/GimbalDeviceSetAttitude.json\n'}
[2.515059] (px4_msgs) StdoutLine: {'line': b'-- Up-to-date symlink: /home/carlos/ros2_ws/install/px4_msgs/share/px4_msgs/msg/GimbalManagerInformation.json\n'}
[2.515248] (px4_msgs) StdoutLine: {'line': b'-- Up-to-date symlink: /home/carlos/ros2_ws/install/px4_msgs/share/px4_msgs/msg/GimbalManagerSetAttitude.json\n'}
[2.515463] (px4_msgs) StdoutLine: {'line': b'-- Up-to-date symlink: /home/carlos/ros2_ws/install/px4_msgs/share/px4_msgs/msg/GimbalManagerSetManualControl.json\n'}
[2.515584] (px4_msgs) StdoutLine: {'line': b'-- Up-to-date symlink: /home/carlos/ros2_ws/install/px4_msgs/share/px4_msgs/msg/GimbalManagerStatus.json\n'}
[2.515644] (px4_msgs) StdoutLine: {'line': b'-- Up-to-date symlink: /home/carlos/ros2_ws/install/px4_msgs/share/px4_msgs/msg/GotoSetpoint.json\n'}
[2.515719] (px4_msgs) StdoutLine: {'line': b'-- Up-to-date symlink: /home/carlos/ros2_ws/install/px4_msgs/share/px4_msgs/msg/GpioConfig.json\n'}
[2.515803] (px4_msgs) StdoutLine: {'line': b'-- Up-to-date symlink: /home/carlos/ros2_ws/install/px4_msgs/share/px4_msgs/msg/GpioIn.json\n'}
[2.515881] (px4_msgs) StdoutLine: {'line': b'-- Up-to-date symlink: /home/carlos/ros2_ws/install/px4_msgs/share/px4_msgs/msg/GpioOut.json\n'}
[2.515969] (px4_msgs) StdoutLine: {'line': b'-- Up-to-date symlink: /home/carlos/ros2_ws/install/px4_msgs/share/px4_msgs/msg/GpioRequest.json\n'}
[2.516127] (px4_msgs) StdoutLine: {'line': b'-- Up-to-date symlink: /home/carlos/ros2_ws/install/px4_msgs/share/px4_msgs/msg/GpsDump.json\n'}
[2.516241] (px4_msgs) StdoutLine: {'line': b'-- Up-to-date symlink: /home/carlos/ros2_ws/install/px4_msgs/share/px4_msgs/msg/GpsInjectData.json\n'}
[2.516388] (px4_msgs) StdoutLine: {'line': b'-- Up-to-date symlink: /home/carlos/ros2_ws/install/px4_msgs/share/px4_msgs/msg/Gripper.json\n'}
[2.516505] (px4_msgs) StdoutLine: {'line': b'-- Up-to-date symlink: /home/carlos/ros2_ws/install/px4_msgs/share/px4_msgs/msg/HealthReport.json\n'}
[2.516625] (px4_msgs) StdoutLine: {'line': b'-- Up-to-date symlink: /home/carlos/ros2_ws/install/px4_msgs/share/px4_msgs/msg/HeaterStatus.json\n'}
[2.516761] (px4_msgs) StdoutLine: {'line': b'-- Up-to-date symlink: /home/carlos/ros2_ws/install/px4_msgs/share/px4_msgs/msg/HomePosition.json\n'}
[2.516907] (px4_msgs) StdoutLine: {'line': b'-- Up-to-date symlink: /home/carlos/ros2_ws/install/px4_msgs/share/px4_msgs/msg/HoverThrustEstimate.json\n'}
[2.517037] (px4_msgs) StdoutLine: {'line': b'-- Up-to-date symlink: /home/carlos/ros2_ws/install/px4_msgs/share/px4_msgs/msg/InputRc.json\n'}
[2.517167] (px4_msgs) StdoutLine: {'line': b'-- Up-to-date symlink: /home/carlos/ros2_ws/install/px4_msgs/share/px4_msgs/msg/InternalCombustionEngineControl.json\n'}
[2.517324] (px4_msgs) StdoutLine: {'line': b'-- Up-to-date symlink: /home/carlos/ros2_ws/install/px4_msgs/share/px4_msgs/msg/InternalCombustionEngineStatus.json\n'}
[2.517437] (px4_msgs) StdoutLine: {'line': b'-- Up-to-date symlink: /home/carlos/ros2_ws/install/px4_msgs/share/px4_msgs/msg/IridiumsbdStatus.json\n'}
[2.517585] (px4_msgs) StdoutLine: {'line': b'-- Up-to-date symlink: /home/carlos/ros2_ws/install/px4_msgs/share/px4_msgs/msg/IrlockReport.json\n'}
[2.517702] (px4_msgs) StdoutLine: {'line': b'-- Up-to-date symlink: /home/carlos/ros2_ws/install/px4_msgs/share/px4_msgs/msg/LandingGear.json\n'}
[2.517862] (px4_msgs) StdoutLine: {'line': b'-- Up-to-date symlink: /home/carlos/ros2_ws/install/px4_msgs/share/px4_msgs/msg/LandingGearWheel.json\n'}
[2.517989] (px4_msgs) StdoutLine: {'line': b'-- Up-to-date symlink: /home/carlos/ros2_ws/install/px4_msgs/share/px4_msgs/msg/LandingTargetInnovations.json\n'}
[2.518112] (px4_msgs) StdoutLine: {'line': b'-- Up-to-date symlink: /home/carlos/ros2_ws/install/px4_msgs/share/px4_msgs/msg/LandingTargetPose.json\n'}
[2.518239] (px4_msgs) StdoutLine: {'line': b'-- Up-to-date symlink: /home/carlos/ros2_ws/install/px4_msgs/share/px4_msgs/msg/LateralControlConfiguration.json\n'}
[2.518366] (px4_msgs) StdoutLine: {'line': b'-- Up-to-date symlink: /home/carlos/ros2_ws/install/px4_msgs/share/px4_msgs/msg/LaunchDetectionStatus.json\n'}
[2.518493] (px4_msgs) StdoutLine: {'line': b'-- Up-to-date symlink: /home/carlos/ros2_ws/install/px4_msgs/share/px4_msgs/msg/LedControl.json\n'}
[2.518626] (px4_msgs) StdoutLine: {'line': b'-- Up-to-date symlink: /home/carlos/ros2_ws/install/px4_msgs/share/px4_msgs/msg/LogMessage.json\n'}
[2.518766] (px4_msgs) StdoutLine: {'line': b'-- Up-to-date symlink: /home/carlos/ros2_ws/install/px4_msgs/share/px4_msgs/msg/LoggerStatus.json\n'}
[2.518931] (px4_msgs) StdoutLine: {'line': b'-- Up-to-date symlink: /home/carlos/ros2_ws/install/px4_msgs/share/px4_msgs/msg/LongitudinalControlConfiguration.json\n'}
[2.519054] (px4_msgs) StdoutLine: {'line': b'-- Up-to-date symlink: /home/carlos/ros2_ws/install/px4_msgs/share/px4_msgs/msg/MagWorkerData.json\n'}
[2.519189] (px4_msgs) StdoutLine: {'line': b'-- Up-to-date symlink: /home/carlos/ros2_ws/install/px4_msgs/share/px4_msgs/msg/MagnetometerBiasEstimate.json\n'}
[2.519321] (px4_msgs) StdoutLine: {'line': b'-- Up-to-date symlink: /home/carlos/ros2_ws/install/px4_msgs/share/px4_msgs/msg/ManualControlSetpoint.json\n'}
[2.519451] (px4_msgs) StdoutLine: {'line': b'-- Up-to-date symlink: /home/carlos/ros2_ws/install/px4_msgs/share/px4_msgs/msg/ManualControlSwitches.json\n'}
[2.519569] (px4_msgs) StdoutLine: {'line': b'-- Up-to-date symlink: /home/carlos/ros2_ws/install/px4_msgs/share/px4_msgs/msg/MavlinkLog.json\n'}
[2.519680] (px4_msgs) StdoutLine: {'line': b'-- Up-to-date symlink: /home/carlos/ros2_ws/install/px4_msgs/share/px4_msgs/msg/MavlinkTunnel.json\n'}
[2.519822] (px4_msgs) StdoutLine: {'line': b'-- Up-to-date symlink: /home/carlos/ros2_ws/install/px4_msgs/share/px4_msgs/msg/MessageFormatRequest.json\n'}
[2.519951] (px4_msgs) StdoutLine: {'line': b'-- Up-to-date symlink: /home/carlos/ros2_ws/install/px4_msgs/share/px4_msgs/msg/MessageFormatResponse.json\n'}
[2.520078] (px4_msgs) StdoutLine: {'line': b'-- Up-to-date symlink: /home/carlos/ros2_ws/install/px4_msgs/share/px4_msgs/msg/Mission.json\n'}
[2.520204] (px4_msgs) StdoutLine: {'line': b'-- Up-to-date symlink: /home/carlos/ros2_ws/install/px4_msgs/share/px4_msgs/msg/MissionResult.json\n'}
[2.520330] (px4_msgs) StdoutLine: {'line': b'-- Up-to-date symlink: /home/carlos/ros2_ws/install/px4_msgs/share/px4_msgs/msg/ModeCompleted.json\n'}
[2.520483] (px4_msgs) StdoutLine: {'line': b'-- Up-to-date symlink: /home/carlos/ros2_ws/install/px4_msgs/share/px4_msgs/msg/MountOrientation.json\n'}
[2.520606] (px4_msgs) StdoutLine: {'line': b'-- Up-to-date symlink: /home/carlos/ros2_ws/install/px4_msgs/share/px4_msgs/msg/NavigatorMissionItem.json\n'}
[2.520761] (px4_msgs) StdoutLine: {'line': b'-- Up-to-date symlink: /home/carlos/ros2_ws/install/px4_msgs/share/px4_msgs/msg/NavigatorStatus.json\n'}
[2.520888] (px4_msgs) StdoutLine: {'line': b'-- Up-to-date symlink: /home/carlos/ros2_ws/install/px4_msgs/share/px4_msgs/msg/NeuralControl.json\n'}
[2.521011] (px4_msgs) StdoutLine: {'line': b'-- Up-to-date symlink: /home/carlos/ros2_ws/install/px4_msgs/share/px4_msgs/msg/NormalizedUnsignedSetpoint.json\n'}
[2.521142] (px4_msgs) StdoutLine: {'line': b'-- Up-to-date symlink: /home/carlos/ros2_ws/install/px4_msgs/share/px4_msgs/msg/ObstacleDistance.json\n'}
[2.521273] (px4_msgs) StdoutLine: {'line': b'-- Up-to-date symlink: /home/carlos/ros2_ws/install/px4_msgs/share/px4_msgs/msg/OffboardControlMode.json\n'}
[2.521406] (px4_msgs) StdoutLine: {'line': b'-- Up-to-date symlink: /home/carlos/ros2_ws/install/px4_msgs/share/px4_msgs/msg/OnboardComputerStatus.json\n'}
[2.521542] (px4_msgs) StdoutLine: {'line': b'-- Up-to-date symlink: /home/carlos/ros2_ws/install/px4_msgs/share/px4_msgs/msg/OpenDroneIdArmStatus.json\n'}
[2.521674] (px4_msgs) StdoutLine: {'line': b'-- Up-to-date symlink: /home/carlos/ros2_ws/install/px4_msgs/share/px4_msgs/msg/OpenDroneIdOperatorId.json\n'}
[2.521822] (px4_msgs) StdoutLine: {'line': b'-- Up-to-date symlink: /home/carlos/ros2_ws/install/px4_msgs/share/px4_msgs/msg/OpenDroneIdSelfId.json\n'}
[2.521955] (px4_msgs) StdoutLine: {'line': b'-- Up-to-date symlink: /home/carlos/ros2_ws/install/px4_msgs/share/px4_msgs/msg/OpenDroneIdSystem.json\n'}
[2.522088] (px4_msgs) StdoutLine: {'line': b'-- Up-to-date symlink: /home/carlos/ros2_ws/install/px4_msgs/share/px4_msgs/msg/OrbTest.json\n'}
[2.522221] (px4_msgs) StdoutLine: {'line': b'-- Up-to-date symlink: /home/carlos/ros2_ws/install/px4_msgs/share/px4_msgs/msg/OrbTestLarge.json\n'}
[2.522352] (px4_msgs) StdoutLine: {'line': b'-- Up-to-date symlink: /home/carlos/ros2_ws/install/px4_msgs/share/px4_msgs/msg/OrbTestMedium.json\n'}
[2.522485] (px4_msgs) StdoutLine: {'line': b'-- Up-to-date symlink: /home/carlos/ros2_ws/install/px4_msgs/share/px4_msgs/msg/OrbitStatus.json\n'}
[2.522616] (px4_msgs) StdoutLine: {'line': b'-- Up-to-date symlink: /home/carlos/ros2_ws/install/px4_msgs/share/px4_msgs/msg/ParameterResetRequest.json\n'}
[2.522756] (px4_msgs) StdoutLine: {'line': b'-- Up-to-date symlink: /home/carlos/ros2_ws/install/px4_msgs/share/px4_msgs/msg/ParameterSetUsedRequest.json\n'}
[2.522958] (px4_msgs) StdoutLine: {'line': b'-- Up-to-date symlink: /home/carlos/ros2_ws/install/px4_msgs/share/px4_msgs/msg/ParameterSetValueRequest.json\n'}
[2.523116] (px4_msgs) StdoutLine: {'line': b'-- Up-to-date symlink: /home/carlos/ros2_ws/install/px4_msgs/share/px4_msgs/msg/ParameterSetValueResponse.json\n'}
[2.523248] (px4_msgs) StdoutLine: {'line': b'-- Up-to-date symlink: /home/carlos/ros2_ws/install/px4_msgs/share/px4_msgs/msg/ParameterUpdate.json\n'}
[2.523382] (px4_msgs) StdoutLine: {'line': b'-- Up-to-date symlink: /home/carlos/ros2_ws/install/px4_msgs/share/px4_msgs/msg/Ping.json\n'}
[2.523525] (px4_msgs) StdoutLine: {'line': b'-- Up-to-date symlink: /home/carlos/ros2_ws/install/px4_msgs/share/px4_msgs/msg/PositionControllerLandingStatus.json\n'}
[2.523623] (px4_msgs) StdoutLine: {'line': b'-- Up-to-date symlink: /home/carlos/ros2_ws/install/px4_msgs/share/px4_msgs/msg/PositionControllerStatus.json\n'}
[2.523724] (px4_msgs) StdoutLine: {'line': b'-- Up-to-date symlink: /home/carlos/ros2_ws/install/px4_msgs/share/px4_msgs/msg/PositionSetpoint.json\n'}
[2.523936] (px4_msgs) StdoutLine: {'line': b'-- Up-to-date symlink: /home/carlos/ros2_ws/install/px4_msgs/share/px4_msgs/msg/PositionSetpointTriplet.json\n'}
[2.524033] (px4_msgs) StdoutLine: {'line': b'-- Up-to-date symlink: /home/carlos/ros2_ws/install/px4_msgs/share/px4_msgs/msg/PowerButtonState.json\n'}
[2.524176] (px4_msgs) StdoutLine: {'line': b'-- Up-to-date symlink: /home/carlos/ros2_ws/install/px4_msgs/share/px4_msgs/msg/PowerMonitor.json\n'}
[2.524319] (px4_msgs) StdoutLine: {'line': b'-- Up-to-date symlink: /home/carlos/ros2_ws/install/px4_msgs/share/px4_msgs/msg/PpsCapture.json\n'}
[2.524462] (px4_msgs) StdoutLine: {'line': b'-- Up-to-date symlink: /home/carlos/ros2_ws/install/px4_msgs/share/px4_msgs/msg/PurePursuitStatus.json\n'}
[2.524611] (px4_msgs) StdoutLine: {'line': b'-- Up-to-date symlink: /home/carlos/ros2_ws/install/px4_msgs/share/px4_msgs/msg/PwmInput.json\n'}
[2.524721] (px4_msgs) StdoutLine: {'line': b'-- Up-to-date symlink: /home/carlos/ros2_ws/install/px4_msgs/share/px4_msgs/msg/Px4ioStatus.json\n'}
[2.524912] (px4_msgs) StdoutLine: {'line': b'-- Up-to-date symlink: /home/carlos/ros2_ws/install/px4_msgs/share/px4_msgs/msg/QshellReq.json\n'}
[2.525054] (px4_msgs) StdoutLine: {'line': b'-- Up-to-date symlink: /home/carlos/ros2_ws/install/px4_msgs/share/px4_msgs/msg/QshellRetval.json\n'}
[2.525193] (px4_msgs) StdoutLine: {'line': b'-- Up-to-date symlink: /home/carlos/ros2_ws/install/px4_msgs/share/px4_msgs/msg/RadioStatus.json\n'}
[2.525326] (px4_msgs) StdoutLine: {'line': b'-- Up-to-date symlink: /home/carlos/ros2_ws/install/px4_msgs/share/px4_msgs/msg/RateCtrlStatus.json\n'}
[2.525459] (px4_msgs) StdoutLine: {'line': b'-- Up-to-date symlink: /home/carlos/ros2_ws/install/px4_msgs/share/px4_msgs/msg/RcChannels.json\n'}
[2.525567] (px4_msgs) StdoutLine: {'line': b'-- Up-to-date symlink: /home/carlos/ros2_ws/install/px4_msgs/share/px4_msgs/msg/RcParameterMap.json\n'}
[2.525695] (px4_msgs) StdoutLine: {'line': b'-- Up-to-date symlink: /home/carlos/ros2_ws/install/px4_msgs/share/px4_msgs/msg/RegisterExtComponentReply.json\n'}
[2.525833] (px4_msgs) StdoutLine: {'line': b'-- Up-to-date symlink: /home/carlos/ros2_ws/install/px4_msgs/share/px4_msgs/msg/RegisterExtComponentRequest.json\n'}
[2.525962] (px4_msgs) StdoutLine: {'line': b'-- Up-to-date symlink: /home/carlos/ros2_ws/install/px4_msgs/share/px4_msgs/msg/RoverAttitudeSetpoint.json\n'}
[2.526090] (px4_msgs) StdoutLine: {'line': b'-- Up-to-date symlink: /home/carlos/ros2_ws/install/px4_msgs/share/px4_msgs/msg/RoverAttitudeStatus.json\n'}
[2.526217] (px4_msgs) StdoutLine: {'line': b'-- Up-to-date symlink: /home/carlos/ros2_ws/install/px4_msgs/share/px4_msgs/msg/RoverPositionSetpoint.json\n'}
[2.526345] (px4_msgs) StdoutLine: {'line': b'-- Up-to-date symlink: /home/carlos/ros2_ws/install/px4_msgs/share/px4_msgs/msg/RoverRateSetpoint.json\n'}
[2.526474] (px4_msgs) StdoutLine: {'line': b'-- Up-to-date symlink: /home/carlos/ros2_ws/install/px4_msgs/share/px4_msgs/msg/RoverRateStatus.json\n'}
[2.526601] (px4_msgs) StdoutLine: {'line': b'-- Up-to-date symlink: /home/carlos/ros2_ws/install/px4_msgs/share/px4_msgs/msg/RoverSpeedSetpoint.json\n'}
[2.526729] (px4_msgs) StdoutLine: {'line': b'-- Up-to-date symlink: /home/carlos/ros2_ws/install/px4_msgs/share/px4_msgs/msg/RoverSpeedStatus.json\n'}
[2.527012] (px4_msgs) StdoutLine: {'line': b'-- Up-to-date symlink: /home/carlos/ros2_ws/install/px4_msgs/share/px4_msgs/msg/RoverSteeringSetpoint.json\n'}
[2.527210] (px4_msgs) StdoutLine: {'line': b'-- Up-to-date symlink: /home/carlos/ros2_ws/install/px4_msgs/share/px4_msgs/msg/RoverThrottleSetpoint.json\n'}
[2.527377] (px4_msgs) StdoutLine: {'line': b'-- Up-to-date symlink: /home/carlos/ros2_ws/install/px4_msgs/share/px4_msgs/msg/Rpm.json\n'}
[2.527553] (px4_msgs) StdoutLine: {'line': b'-- Up-to-date symlink: /home/carlos/ros2_ws/install/px4_msgs/share/px4_msgs/msg/RtlStatus.json\n'}
[2.527612] (px4_msgs) StdoutLine: {'line': b'-- Up-to-date symlink: /home/carlos/ros2_ws/install/px4_msgs/share/px4_msgs/msg/RtlTimeEstimate.json\n'}
[2.527673] (px4_msgs) StdoutLine: {'line': b'-- Up-to-date symlink: /home/carlos/ros2_ws/install/px4_msgs/share/px4_msgs/msg/SatelliteInfo.json\n'}
[2.527781] (px4_msgs) StdoutLine: {'line': b'-- Up-to-date symlink: /home/carlos/ros2_ws/install/px4_msgs/share/px4_msgs/msg/SensorAccel.json\n'}
[2.527851] (px4_msgs) StdoutLine: {'line': b'-- Up-to-date symlink: /home/carlos/ros2_ws/install/px4_msgs/share/px4_msgs/msg/SensorAccelFifo.json\n'}
[2.527938] (px4_msgs) StdoutLine: {'line': b'-- Up-to-date symlink: /home/carlos/ros2_ws/install/px4_msgs/share/px4_msgs/msg/SensorAirflow.json\n'}
[2.528033] (px4_msgs) StdoutLine: {'line': b'-- Up-to-date symlink: /home/carlos/ros2_ws/install/px4_msgs/share/px4_msgs/msg/SensorBaro.json\n'}
[2.528184] (px4_msgs) StdoutLine: {'line': b'-- Up-to-date symlink: /home/carlos/ros2_ws/install/px4_msgs/share/px4_msgs/msg/SensorCombined.json\n'}
[2.528303] (px4_msgs) StdoutLine: {'line': b'-- Up-to-date symlink: /home/carlos/ros2_ws/install/px4_msgs/share/px4_msgs/msg/SensorCorrection.json\n'}
[2.528410] (px4_msgs) StdoutLine: {'line': b'-- Up-to-date symlink: /home/carlos/ros2_ws/install/px4_msgs/share/px4_msgs/msg/SensorGnssRelative.json\n'}
[2.528535] (px4_msgs) StdoutLine: {'line': b'-- Up-to-date symlink: /home/carlos/ros2_ws/install/px4_msgs/share/px4_msgs/msg/SensorGnssStatus.json\n'}
[2.528661] (px4_msgs) StdoutLine: {'line': b'-- Up-to-date symlink: /home/carlos/ros2_ws/install/px4_msgs/share/px4_msgs/msg/SensorGps.json\n'}
[2.528793] (px4_msgs) StdoutLine: {'line': b'-- Up-to-date symlink: /home/carlos/ros2_ws/install/px4_msgs/share/px4_msgs/msg/SensorGyro.json\n'}
[2.528926] (px4_msgs) StdoutLine: {'line': b'-- Up-to-date symlink: /home/carlos/ros2_ws/install/px4_msgs/share/px4_msgs/msg/SensorGyroFft.json\n'}
[2.529053] (px4_msgs) StdoutLine: {'line': b'-- Up-to-date symlink: /home/carlos/ros2_ws/install/px4_msgs/share/px4_msgs/msg/SensorGyroFifo.json\n'}
[2.529180] (px4_msgs) StdoutLine: {'line': b'-- Up-to-date symlink: /home/carlos/ros2_ws/install/px4_msgs/share/px4_msgs/msg/SensorHygrometer.json\n'}
[2.529335] (px4_msgs) StdoutLine: {'line': b'-- Up-to-date symlink: /home/carlos/ros2_ws/install/px4_msgs/share/px4_msgs/msg/SensorMag.json\n'}
[2.529450] (px4_msgs) StdoutLine: {'line': b'-- Up-to-date symlink: /home/carlos/ros2_ws/install/px4_msgs/share/px4_msgs/msg/SensorOpticalFlow.json\n'}
[2.529594] (px4_msgs) StdoutLine: {'line': b'-- Up-to-date symlink: /home/carlos/ros2_ws/install/px4_msgs/share/px4_msgs/msg/SensorPreflightMag.json\n'}
[2.529709] (px4_msgs) StdoutLine: {'line': b'-- Up-to-date symlink: /home/carlos/ros2_ws/install/px4_msgs/share/px4_msgs/msg/SensorSelection.json\n'}
[2.529865] (px4_msgs) StdoutLine: {'line': b'-- Up-to-date symlink: /home/carlos/ros2_ws/install/px4_msgs/share/px4_msgs/msg/SensorUwb.json\n'}
[2.529974] (px4_msgs) StdoutLine: {'line': b'-- Up-to-date symlink: /home/carlos/ros2_ws/install/px4_msgs/share/px4_msgs/msg/SensorsStatus.json\n'}
[2.530099] (px4_msgs) StdoutLine: {'line': b'-- Up-to-date symlink: /home/carlos/ros2_ws/install/px4_msgs/share/px4_msgs/msg/SensorsStatusImu.json\n'}
[2.530224] (px4_msgs) StdoutLine: {'line': b'-- Up-to-date symlink: /home/carlos/ros2_ws/install/px4_msgs/share/px4_msgs/msg/SystemPower.json\n'}
[2.530350] (px4_msgs) StdoutLine: {'line': b'-- Up-to-date symlink: /home/carlos/ros2_ws/install/px4_msgs/share/px4_msgs/msg/TakeoffStatus.json\n'}
[2.530475] (px4_msgs) StdoutLine: {'line': b'-- Up-to-date symlink: /home/carlos/ros2_ws/install/px4_msgs/share/px4_msgs/msg/TaskStackInfo.json\n'}
[2.530600] (px4_msgs) StdoutLine: {'line': b'-- Up-to-date symlink: /home/carlos/ros2_ws/install/px4_msgs/share/px4_msgs/msg/TecsStatus.json\n'}
[2.530726] (px4_msgs) StdoutLine: {'line': b'-- Up-to-date symlink: /home/carlos/ros2_ws/install/px4_msgs/share/px4_msgs/msg/TelemetryStatus.json\n'}
[2.530890] (px4_msgs) StdoutLine: {'line': b'-- Up-to-date symlink: /home/carlos/ros2_ws/install/px4_msgs/share/px4_msgs/msg/TiltrotorExtraControls.json\n'}
[2.531012] (px4_msgs) StdoutLine: {'line': b'-- Up-to-date symlink: /home/carlos/ros2_ws/install/px4_msgs/share/px4_msgs/msg/TimesyncStatus.json\n'}
[2.531148] (px4_msgs) StdoutLine: {'line': b'-- Up-to-date symlink: /home/carlos/ros2_ws/install/px4_msgs/share/px4_msgs/msg/TrajectorySetpoint.json\n'}
[2.531273] (px4_msgs) StdoutLine: {'line': b'-- Up-to-date symlink: /home/carlos/ros2_ws/install/px4_msgs/share/px4_msgs/msg/TrajectorySetpoint6dof.json\n'}
[2.531401] (px4_msgs) StdoutLine: {'line': b'-- Up-to-date symlink: /home/carlos/ros2_ws/install/px4_msgs/share/px4_msgs/msg/TransponderReport.json\n'}
[2.531516] (px4_msgs) StdoutLine: {'line': b'-- Up-to-date symlink: /home/carlos/ros2_ws/install/px4_msgs/share/px4_msgs/msg/TuneControl.json\n'}
[2.531626] (px4_msgs) StdoutLine: {'line': b'-- Up-to-date symlink: /home/carlos/ros2_ws/install/px4_msgs/share/px4_msgs/msg/UavcanParameterRequest.json\n'}
[2.531756] (px4_msgs) StdoutLine: {'line': b'-- Up-to-date symlink: /home/carlos/ros2_ws/install/px4_msgs/share/px4_msgs/msg/UavcanParameterValue.json\n'}
[2.531883] (px4_msgs) StdoutLine: {'line': b'-- Up-to-date symlink: /home/carlos/ros2_ws/install/px4_msgs/share/px4_msgs/msg/UlogStream.json\n'}
[2.532005] (px4_msgs) StdoutLine: {'line': b'-- Up-to-date symlink: /home/carlos/ros2_ws/install/px4_msgs/share/px4_msgs/msg/UlogStreamAck.json\n'}
[2.532129] (px4_msgs) StdoutLine: {'line': b'-- Up-to-date symlink: /home/carlos/ros2_ws/install/px4_msgs/share/px4_msgs/msg/UnregisterExtComponent.json\n'}
[2.532258] (px4_msgs) StdoutLine: {'line': b'-- Up-to-date symlink: /home/carlos/ros2_ws/install/px4_msgs/share/px4_msgs/msg/VehicleAcceleration.json\n'}
[2.532380] (px4_msgs) StdoutLine: {'line': b'-- Up-to-date symlink: /home/carlos/ros2_ws/install/px4_msgs/share/px4_msgs/msg/VehicleAirData.json\n'}
[2.532537] (px4_msgs) StdoutLine: {'line': b'-- Up-to-date symlink: /home/carlos/ros2_ws/install/px4_msgs/share/px4_msgs/msg/VehicleAngularAccelerationSetpoint.json\n'}
[2.532651] (px4_msgs) StdoutLine: {'line': b'-- Up-to-date symlink: /home/carlos/ros2_ws/install/px4_msgs/share/px4_msgs/msg/VehicleAngularVelocity.json\n'}
[2.532807] (px4_msgs) StdoutLine: {'line': b'-- Up-to-date symlink: /home/carlos/ros2_ws/install/px4_msgs/share/px4_msgs/msg/VehicleAttitude.json\n'}
[2.532930] (px4_msgs) StdoutLine: {'line': b'-- Up-to-date symlink: /home/carlos/ros2_ws/install/px4_msgs/share/px4_msgs/msg/VehicleAttitudeSetpoint.json\n'}
[2.533080] (px4_msgs) StdoutLine: {'line': b'-- Up-to-date symlink: /home/carlos/ros2_ws/install/px4_msgs/share/px4_msgs/msg/VehicleCommand.json\n'}
[2.533197] (px4_msgs) StdoutLine: {'line': b'-- Up-to-date symlink: /home/carlos/ros2_ws/install/px4_msgs/share/px4_msgs/msg/VehicleCommandAck.json\n'}
[2.533341] (px4_msgs) StdoutLine: {'line': b'-- Up-to-date symlink: /home/carlos/ros2_ws/install/px4_msgs/share/px4_msgs/msg/VehicleConstraints.json\n'}
[2.533455] (px4_msgs) StdoutLine: {'line': b'-- Up-to-date symlink: /home/carlos/ros2_ws/install/px4_msgs/share/px4_msgs/msg/VehicleControlMode.json\n'}
[2.533579] (px4_msgs) StdoutLine: {'line': b'-- Up-to-date symlink: /home/carlos/ros2_ws/install/px4_msgs/share/px4_msgs/msg/VehicleGlobalPosition.json\n'}
[2.533708] (px4_msgs) StdoutLine: {'line': b'-- Up-to-date symlink: /home/carlos/ros2_ws/install/px4_msgs/share/px4_msgs/msg/VehicleImu.json\n'}
[2.533851] (px4_msgs) StdoutLine: {'line': b'-- Up-to-date symlink: /home/carlos/ros2_ws/install/px4_msgs/share/px4_msgs/msg/VehicleImuStatus.json\n'}
[2.533986] (px4_msgs) StdoutLine: {'line': b'-- Up-to-date symlink: /home/carlos/ros2_ws/install/px4_msgs/share/px4_msgs/msg/VehicleLandDetected.json\n'}
[2.534115] (px4_msgs) StdoutLine: {'line': b'-- Up-to-date symlink: /home/carlos/ros2_ws/install/px4_msgs/share/px4_msgs/msg/VehicleLocalPosition.json\n'}
[2.534272] (px4_msgs) StdoutLine: {'line': b'-- Up-to-date symlink: /home/carlos/ros2_ws/install/px4_msgs/share/px4_msgs/msg/VehicleLocalPositionSetpoint.json\n'}
[2.534400] (px4_msgs) StdoutLine: {'line': b'-- Up-to-date symlink: /home/carlos/ros2_ws/install/px4_msgs/share/px4_msgs/msg/VehicleMagnetometer.json\n'}
[2.534544] (px4_msgs) StdoutLine: {'line': b'-- Up-to-date symlink: /home/carlos/ros2_ws/install/px4_msgs/share/px4_msgs/msg/VehicleOdometry.json\n'}
[2.534668] (px4_msgs) StdoutLine: {'line': b'-- Up-to-date symlink: /home/carlos/ros2_ws/install/px4_msgs/share/px4_msgs/msg/VehicleOpticalFlow.json\n'}
[2.534790] (px4_msgs) StdoutLine: {'line': b'-- Up-to-date symlink: /home/carlos/ros2_ws/install/px4_msgs/share/px4_msgs/msg/VehicleOpticalFlowVel.json\n'}
[2.534922] (px4_msgs) StdoutLine: {'line': b'-- Up-to-date symlink: /home/carlos/ros2_ws/install/px4_msgs/share/px4_msgs/msg/VehicleRatesSetpoint.json\n'}
[2.535047] (px4_msgs) StdoutLine: {'line': b'-- Up-to-date symlink: /home/carlos/ros2_ws/install/px4_msgs/share/px4_msgs/msg/VehicleRoi.json\n'}
[2.535172] (px4_msgs) StdoutLine: {'line': b'-- Up-to-date symlink: /home/carlos/ros2_ws/install/px4_msgs/share/px4_msgs/msg/VehicleStatus.json\n'}
[2.535298] (px4_msgs) StdoutLine: {'line': b'-- Up-to-date symlink: /home/carlos/ros2_ws/install/px4_msgs/share/px4_msgs/msg/VehicleThrustSetpoint.json\n'}
[2.535423] (px4_msgs) StdoutLine: {'line': b'-- Up-to-date symlink: /home/carlos/ros2_ws/install/px4_msgs/share/px4_msgs/msg/VehicleTorqueSetpoint.json\n'}
[2.535548] (px4_msgs) StdoutLine: {'line': b'-- Up-to-date symlink: /home/carlos/ros2_ws/install/px4_msgs/share/px4_msgs/msg/VelocityLimits.json\n'}
[2.535700] (px4_msgs) StdoutLine: {'line': b'-- Up-to-date symlink: /home/carlos/ros2_ws/install/px4_msgs/share/px4_msgs/msg/VtolVehicleStatus.json\n'}
[2.535831] (px4_msgs) StdoutLine: {'line': b'-- Up-to-date symlink: /home/carlos/ros2_ws/install/px4_msgs/share/px4_msgs/msg/WheelEncoders.json\n'}
[2.535939] (px4_msgs) StdoutLine: {'line': b'-- Up-to-date symlink: /home/carlos/ros2_ws/install/px4_msgs/share/px4_msgs/msg/Wind.json\n'}
[2.536057] (px4_msgs) StdoutLine: {'line': b'-- Up-to-date symlink: /home/carlos/ros2_ws/install/px4_msgs/share/px4_msgs/msg/YawEstimatorStatus.json\n'}
[2.536180] (px4_msgs) StdoutLine: {'line': b'-- Up-to-date symlink: /home/carlos/ros2_ws/install/px4_msgs/share/px4_msgs/srv/VehicleCommand.json\n'}
[2.547243] (px4_msgs) StdoutLine: {'line': b'-- Up-to-date symlink: /home/carlos/ros2_ws/install/px4_msgs/include/px4_msgs/px4_msgs/msg/action_request.h\n'}
[2.547550] (px4_msgs) StdoutLine: {'line': b'-- Up-to-date symlink: /home/carlos/ros2_ws/install/px4_msgs/include/px4_msgs/px4_msgs/msg/actuator_armed.h\n'}
[2.547782] (px4_msgs) StdoutLine: {'line': b'-- Up-to-date symlink: /home/carlos/ros2_ws/install/px4_msgs/include/px4_msgs/px4_msgs/msg/actuator_controls_status.h\n'}
[2.547927] (px4_msgs) StdoutLine: {'line': b'-- Up-to-date symlink: /home/carlos/ros2_ws/install/px4_msgs/include/px4_msgs/px4_msgs/msg/actuator_motors.h\n'}
[2.547986] (px4_msgs) StdoutLine: {'line': b'-- Up-to-date symlink: /home/carlos/ros2_ws/install/px4_msgs/include/px4_msgs/px4_msgs/msg/actuator_outputs.h\n'}
[2.548088] (px4_msgs) StdoutLine: {'line': b'-- Up-to-date symlink: /home/carlos/ros2_ws/install/px4_msgs/include/px4_msgs/px4_msgs/msg/actuator_servos.h\n'}
[2.548167] (px4_msgs) StdoutLine: {'line': b'-- Up-to-date symlink: /home/carlos/ros2_ws/install/px4_msgs/include/px4_msgs/px4_msgs/msg/actuator_servos_trim.h\n'}
[2.548260] (px4_msgs) StdoutLine: {'line': b'-- Up-to-date symlink: /home/carlos/ros2_ws/install/px4_msgs/include/px4_msgs/px4_msgs/msg/actuator_test.h\n'}
[2.548324] (px4_msgs) StdoutLine: {'line': b'-- Up-to-date symlink: /home/carlos/ros2_ws/install/px4_msgs/include/px4_msgs/px4_msgs/msg/adc_report.h\n'}
[2.548377] (px4_msgs) StdoutLine: {'line': b'-- Up-to-date symlink: /home/carlos/ros2_ws/install/px4_msgs/include/px4_msgs/px4_msgs/msg/airspeed.h\n'}
[2.548440] (px4_msgs) StdoutLine: {'line': b'-- Up-to-date symlink: /home/carlos/ros2_ws/install/px4_msgs/include/px4_msgs/px4_msgs/msg/airspeed_validated.h\n'}
[2.548489] (px4_msgs) StdoutLine: {'line': b'-- Up-to-date symlink: /home/carlos/ros2_ws/install/px4_msgs/include/px4_msgs/px4_msgs/msg/airspeed_wind.h\n'}
[2.548552] (px4_msgs) StdoutLine: {'line': b'-- Up-to-date symlink: /home/carlos/ros2_ws/install/px4_msgs/include/px4_msgs/px4_msgs/msg/arming_check_reply.h\n'}
[2.548657] (px4_msgs) StdoutLine: {'line': b'-- Up-to-date symlink: /home/carlos/ros2_ws/install/px4_msgs/include/px4_msgs/px4_msgs/msg/arming_check_request.h\n'}
[2.548719] (px4_msgs) StdoutLine: {'line': b'-- Up-to-date symlink: /home/carlos/ros2_ws/install/px4_msgs/include/px4_msgs/px4_msgs/msg/autotune_attitude_control_status.h\n'}
[2.548781] (px4_msgs) StdoutLine: {'line': b'-- Up-to-date symlink: /home/carlos/ros2_ws/install/px4_msgs/include/px4_msgs/px4_msgs/msg/battery_info.h\n'}
[2.548852] (px4_msgs) StdoutLine: {'line': b'-- Up-to-date symlink: /home/carlos/ros2_ws/install/px4_msgs/include/px4_msgs/px4_msgs/msg/battery_status.h\n'}
[2.548908] (px4_msgs) StdoutLine: {'line': b'-- Up-to-date symlink: /home/carlos/ros2_ws/install/px4_msgs/include/px4_msgs/px4_msgs/msg/button_event.h\n'}
[2.548961] (px4_msgs) StdoutLine: {'line': b'-- Up-to-date symlink: /home/carlos/ros2_ws/install/px4_msgs/include/px4_msgs/px4_msgs/msg/camera_capture.h\n'}
[2.549013] (px4_msgs) StdoutLine: {'line': b'-- Up-to-date symlink: /home/carlos/ros2_ws/install/px4_msgs/include/px4_msgs/px4_msgs/msg/camera_status.h\n'}
[2.549066] (px4_msgs) StdoutLine: {'line': b'-- Up-to-date symlink: /home/carlos/ros2_ws/install/px4_msgs/include/px4_msgs/px4_msgs/msg/camera_trigger.h\n'}
[2.549118] (px4_msgs) StdoutLine: {'line': b'-- Up-to-date symlink: /home/carlos/ros2_ws/install/px4_msgs/include/px4_msgs/px4_msgs/msg/can_interface_status.h\n'}
[2.549174] (px4_msgs) StdoutLine: {'line': b'-- Up-to-date symlink: /home/carlos/ros2_ws/install/px4_msgs/include/px4_msgs/px4_msgs/msg/cellular_status.h\n'}
[2.549260] (px4_msgs) StdoutLine: {'line': b'-- Up-to-date symlink: /home/carlos/ros2_ws/install/px4_msgs/include/px4_msgs/px4_msgs/msg/collision_constraints.h\n'}
[2.549337] (px4_msgs) StdoutLine: {'line': b'-- Up-to-date symlink: /home/carlos/ros2_ws/install/px4_msgs/include/px4_msgs/px4_msgs/msg/config_overrides.h\n'}
[2.549395] (px4_msgs) StdoutLine: {'line': b'-- Up-to-date symlink: /home/carlos/ros2_ws/install/px4_msgs/include/px4_msgs/px4_msgs/msg/control_allocator_status.h\n'}
[2.549455] (px4_msgs) StdoutLine: {'line': b'-- Up-to-date symlink: /home/carlos/ros2_ws/install/px4_msgs/include/px4_msgs/px4_msgs/msg/cpuload.h\n'}
[2.549507] (px4_msgs) StdoutLine: {'line': b'-- Up-to-date symlink: /home/carlos/ros2_ws/install/px4_msgs/include/px4_msgs/px4_msgs/msg/dataman_request.h\n'}
[2.549599] (px4_msgs) StdoutLine: {'line': b'-- Up-to-date symlink: /home/carlos/ros2_ws/install/px4_msgs/include/px4_msgs/px4_msgs/msg/dataman_response.h\n'}
[2.549675] (px4_msgs) StdoutLine: {'line': b'-- Up-to-date symlink: /home/carlos/ros2_ws/install/px4_msgs/include/px4_msgs/px4_msgs/msg/debug_array.h\n'}
[2.549732] (px4_msgs) StdoutLine: {'line': b'-- Up-to-date symlink: /home/carlos/ros2_ws/install/px4_msgs/include/px4_msgs/px4_msgs/msg/debug_key_value.h\n'}
[2.549823] (px4_msgs) StdoutLine: {'line': b'-- Up-to-date symlink: /home/carlos/ros2_ws/install/px4_msgs/include/px4_msgs/px4_msgs/msg/debug_value.h\n'}
[2.549886] (px4_msgs) StdoutLine: {'line': b'-- Up-to-date symlink: /home/carlos/ros2_ws/install/px4_msgs/include/px4_msgs/px4_msgs/msg/debug_vect.h\n'}
[2.549954] (px4_msgs) StdoutLine: {'line': b'-- Up-to-date symlink: /home/carlos/ros2_ws/install/px4_msgs/include/px4_msgs/px4_msgs/msg/detail/action_request__functions.h\n'}
[2.550048] (px4_msgs) StdoutLine: {'line': b'-- Up-to-date symlink: /home/carlos/ros2_ws/install/px4_msgs/include/px4_msgs/px4_msgs/msg/detail/action_request__struct.h\n'}
[2.550178] (px4_msgs) StdoutLine: {'line': b'-- Up-to-date symlink: /home/carlos/ros2_ws/install/px4_msgs/include/px4_msgs/px4_msgs/msg/detail/action_request__type_support.h\n'}
[2.550289] (px4_msgs) StdoutLine: {'line': b'-- Up-to-date symlink: /home/carlos/ros2_ws/install/px4_msgs/include/px4_msgs/px4_msgs/msg/detail/actuator_armed__functions.h\n'}
[2.550401] (px4_msgs) StdoutLine: {'line': b'-- Up-to-date symlink: /home/carlos/ros2_ws/install/px4_msgs/include/px4_msgs/px4_msgs/msg/detail/actuator_armed__struct.h\n'}
[2.550511] (px4_msgs) StdoutLine: {'line': b'-- Up-to-date symlink: /home/carlos/ros2_ws/install/px4_msgs/include/px4_msgs/px4_msgs/msg/detail/actuator_armed__type_support.h\n'}
[2.550621] (px4_msgs) StdoutLine: {'line': b'-- Up-to-date symlink: /home/carlos/ros2_ws/install/px4_msgs/include/px4_msgs/px4_msgs/msg/detail/actuator_controls_status__functions.h\n'}
[2.550730] (px4_msgs) StdoutLine: {'line': b'-- Up-to-date symlink: /home/carlos/ros2_ws/install/px4_msgs/include/px4_msgs/px4_msgs/msg/detail/actuator_controls_status__struct.h\n'}
[2.550857] (px4_msgs) StdoutLine: {'line': b'-- Up-to-date symlink: /home/carlos/ros2_ws/install/px4_msgs/include/px4_msgs/px4_msgs/msg/detail/actuator_controls_status__type_support.h\n'}
[2.550969] (px4_msgs) StdoutLine: {'line': b'-- Up-to-date symlink: /home/carlos/ros2_ws/install/px4_msgs/include/px4_msgs/px4_msgs/msg/detail/actuator_motors__functions.h\n'}
[2.551077] (px4_msgs) StdoutLine: {'line': b'-- Up-to-date symlink: /home/carlos/ros2_ws/install/px4_msgs/include/px4_msgs/px4_msgs/msg/detail/actuator_motors__struct.h\n'}
[2.551186] (px4_msgs) StdoutLine: {'line': b'-- Up-to-date symlink: /home/carlos/ros2_ws/install/px4_msgs/include/px4_msgs/px4_msgs/msg/detail/actuator_motors__type_support.h\n'}
[2.551294] (px4_msgs) StdoutLine: {'line': b'-- Up-to-date symlink: /home/carlos/ros2_ws/install/px4_msgs/include/px4_msgs/px4_msgs/msg/detail/actuator_outputs__functions.h\n'}
[2.551403] (px4_msgs) StdoutLine: {'line': b'-- Up-to-date symlink: /home/carlos/ros2_ws/install/px4_msgs/include/px4_msgs/px4_msgs/msg/detail/actuator_outputs__struct.h\n'}
[2.551486] (px4_msgs) StdoutLine: {'line': b'-- Up-to-date symlink: /home/carlos/ros2_ws/install/px4_msgs/include/px4_msgs/px4_msgs/msg/detail/actuator_outputs__type_support.h\n'}
[2.551591] (px4_msgs) StdoutLine: {'line': b'-- Up-to-date symlink: /home/carlos/ros2_ws/install/px4_msgs/include/px4_msgs/px4_msgs/msg/detail/actuator_servos__functions.h\n'}
[2.551696] (px4_msgs) StdoutLine: {'line': b'-- Up-to-date symlink: /home/carlos/ros2_ws/install/px4_msgs/include/px4_msgs/px4_msgs/msg/detail/actuator_servos__struct.h\n'}
[2.551809] (px4_msgs) StdoutLine: {'line': b'-- Up-to-date symlink: /home/carlos/ros2_ws/install/px4_msgs/include/px4_msgs/px4_msgs/msg/detail/actuator_servos__type_support.h\n'}
[2.551919] (px4_msgs) StdoutLine: {'line': b'-- Up-to-date symlink: /home/carlos/ros2_ws/install/px4_msgs/include/px4_msgs/px4_msgs/msg/detail/actuator_servos_trim__functions.h\n'}
[2.552024] (px4_msgs) StdoutLine: {'line': b'-- Up-to-date symlink: /home/carlos/ros2_ws/install/px4_msgs/include/px4_msgs/px4_msgs/msg/detail/actuator_servos_trim__struct.h\n'}
[2.552128] (px4_msgs) StdoutLine: {'line': b'-- Up-to-date symlink: /home/carlos/ros2_ws/install/px4_msgs/include/px4_msgs/px4_msgs/msg/detail/actuator_servos_trim__type_support.h\n'}
[2.552233] (px4_msgs) StdoutLine: {'line': b'-- Up-to-date symlink: /home/carlos/ros2_ws/install/px4_msgs/include/px4_msgs/px4_msgs/msg/detail/actuator_test__functions.h\n'}
[2.552337] (px4_msgs) StdoutLine: {'line': b'-- Up-to-date symlink: /home/carlos/ros2_ws/install/px4_msgs/include/px4_msgs/px4_msgs/msg/detail/actuator_test__struct.h\n'}
[2.552441] (px4_msgs) StdoutLine: {'line': b'-- Up-to-date symlink: /home/carlos/ros2_ws/install/px4_msgs/include/px4_msgs/px4_msgs/msg/detail/actuator_test__type_support.h\n'}
[2.552546] (px4_msgs) StdoutLine: {'line': b'-- Up-to-date symlink: /home/carlos/ros2_ws/install/px4_msgs/include/px4_msgs/px4_msgs/msg/detail/adc_report__functions.h\n'}
[2.552651] (px4_msgs) StdoutLine: {'line': b'-- Up-to-date symlink: /home/carlos/ros2_ws/install/px4_msgs/include/px4_msgs/px4_msgs/msg/detail/adc_report__struct.h\n'}
[2.552763] (px4_msgs) StdoutLine: {'line': b'-- Up-to-date symlink: /home/carlos/ros2_ws/install/px4_msgs/include/px4_msgs/px4_msgs/msg/detail/adc_report__type_support.h\n'}
[2.552883] (px4_msgs) StdoutLine: {'line': b'-- Up-to-date symlink: /home/carlos/ros2_ws/install/px4_msgs/include/px4_msgs/px4_msgs/msg/detail/airspeed__functions.h\n'}
[2.552992] (px4_msgs) StdoutLine: {'line': b'-- Up-to-date symlink: /home/carlos/ros2_ws/install/px4_msgs/include/px4_msgs/px4_msgs/msg/detail/airspeed__struct.h\n'}
[2.553091] (px4_msgs) StdoutLine: {'line': b'-- Up-to-date symlink: /home/carlos/ros2_ws/install/px4_msgs/include/px4_msgs/px4_msgs/msg/detail/airspeed__type_support.h\n'}
[2.553194] (px4_msgs) StdoutLine: {'line': b'-- Up-to-date symlink: /home/carlos/ros2_ws/install/px4_msgs/include/px4_msgs/px4_msgs/msg/detail/airspeed_validated__functions.h\n'}
[2.553298] (px4_msgs) StdoutLine: {'line': b'-- Up-to-date symlink: /home/carlos/ros2_ws/install/px4_msgs/include/px4_msgs/px4_msgs/msg/detail/airspeed_validated__struct.h\n'}
[2.553400] (px4_msgs) StdoutLine: {'line': b'-- Up-to-date symlink: /home/carlos/ros2_ws/install/px4_msgs/include/px4_msgs/px4_msgs/msg/detail/airspeed_validated__type_support.h\n'}
[2.553502] (px4_msgs) StdoutLine: {'line': b'-- Up-to-date symlink: /home/carlos/ros2_ws/install/px4_msgs/include/px4_msgs/px4_msgs/msg/detail/airspeed_wind__functions.h\n'}
[2.553604] (px4_msgs) StdoutLine: {'line': b'-- Up-to-date symlink: /home/carlos/ros2_ws/install/px4_msgs/include/px4_msgs/px4_msgs/msg/detail/airspeed_wind__struct.h\n'}
[2.553705] (px4_msgs) StdoutLine: {'line': b'-- Up-to-date symlink: /home/carlos/ros2_ws/install/px4_msgs/include/px4_msgs/px4_msgs/msg/detail/airspeed_wind__type_support.h\n'}
[2.553830] (px4_msgs) StdoutLine: {'line': b'-- Up-to-date symlink: /home/carlos/ros2_ws/install/px4_msgs/include/px4_msgs/px4_msgs/msg/detail/arming_check_reply__functions.h\n'}
[2.553932] (px4_msgs) StdoutLine: {'line': b'-- Up-to-date symlink: /home/carlos/ros2_ws/install/px4_msgs/include/px4_msgs/px4_msgs/msg/detail/arming_check_reply__struct.h\n'}
[2.554056] (px4_msgs) StdoutLine: {'line': b'-- Up-to-date symlink: /home/carlos/ros2_ws/install/px4_msgs/include/px4_msgs/px4_msgs/msg/detail/arming_check_reply__type_support.h\n'}
[2.554186] (px4_msgs) StdoutLine: {'line': b'-- Up-to-date symlink: /home/carlos/ros2_ws/install/px4_msgs/include/px4_msgs/px4_msgs/msg/detail/arming_check_request__functions.h\n'}
[2.554289] (px4_msgs) StdoutLine: {'line': b'-- Up-to-date symlink: /home/carlos/ros2_ws/install/px4_msgs/include/px4_msgs/px4_msgs/msg/detail/arming_check_request__struct.h\n'}
[2.554366] (px4_msgs) StdoutLine: {'line': b'-- Up-to-date symlink: /home/carlos/ros2_ws/install/px4_msgs/include/px4_msgs/px4_msgs/msg/detail/arming_check_request__type_support.h\n'}
[2.554494] (px4_msgs) StdoutLine: {'line': b'-- Up-to-date symlink: /home/carlos/ros2_ws/install/px4_msgs/include/px4_msgs/px4_msgs/msg/detail/autotune_attitude_control_status__functions.h\n'}
[2.554583] (px4_msgs) StdoutLine: {'line': b'-- Up-to-date symlink: /home/carlos/ros2_ws/install/px4_msgs/include/px4_msgs/px4_msgs/msg/detail/autotune_attitude_control_status__struct.h\n'}
[2.554686] (px4_msgs) StdoutLine: {'line': b'-- Up-to-date symlink: /home/carlos/ros2_ws/install/px4_msgs/include/px4_msgs/px4_msgs/msg/detail/autotune_attitude_control_status__type_support.h\n'}
[2.554813] (px4_msgs) StdoutLine: {'line': b'-- Up-to-date symlink: /home/carlos/ros2_ws/install/px4_msgs/include/px4_msgs/px4_msgs/msg/detail/battery_info__functions.h\n'}
[2.554934] (px4_msgs) StdoutLine: {'line': b'-- Up-to-date symlink: /home/carlos/ros2_ws/install/px4_msgs/include/px4_msgs/px4_msgs/msg/detail/battery_info__struct.h\n'}
[2.555054] (px4_msgs) StdoutLine: {'line': b'-- Up-to-date symlink: /home/carlos/ros2_ws/install/px4_msgs/include/px4_msgs/px4_msgs/msg/detail/battery_info__type_support.h\n'}
[2.555169] (px4_msgs) StdoutLine: {'line': b'-- Up-to-date symlink: /home/carlos/ros2_ws/install/px4_msgs/include/px4_msgs/px4_msgs/msg/detail/battery_status__functions.h\n'}
[2.555304] (px4_msgs) StdoutLine: {'line': b'-- Up-to-date symlink: /home/carlos/ros2_ws/install/px4_msgs/include/px4_msgs/px4_msgs/msg/detail/battery_status__struct.h\n'}
[2.555448] (px4_msgs) StdoutLine: {'line': b'-- Up-to-date symlink: /home/carlos/ros2_ws/install/px4_msgs/include/px4_msgs/px4_msgs/msg/detail/battery_status__type_support.h\n'}
[2.555574] (px4_msgs) StdoutLine: {'line': b'-- Up-to-date symlink: /home/carlos/ros2_ws/install/px4_msgs/include/px4_msgs/px4_msgs/msg/detail/button_event__functions.h\n'}
[2.555716] (px4_msgs) StdoutLine: {'line': b'-- Up-to-date symlink: /home/carlos/ros2_ws/install/px4_msgs/include/px4_msgs/px4_msgs/msg/detail/button_event__struct.h\n'}
[2.555877] (px4_msgs) StdoutLine: {'line': b'-- Up-to-date symlink: /home/carlos/ros2_ws/install/px4_msgs/include/px4_msgs/px4_msgs/msg/detail/button_event__type_support.h\n'}
[2.556021] (px4_msgs) StdoutLine: {'line': b'-- Up-to-date symlink: /home/carlos/ros2_ws/install/px4_msgs/include/px4_msgs/px4_msgs/msg/detail/camera_capture__functions.h\n'}
[2.556162] (px4_msgs) StdoutLine: {'line': b'-- Up-to-date symlink: /home/carlos/ros2_ws/install/px4_msgs/include/px4_msgs/px4_msgs/msg/detail/camera_capture__struct.h\n'}
[2.556306] (px4_msgs) StdoutLine: {'line': b'-- Up-to-date symlink: /home/carlos/ros2_ws/install/px4_msgs/include/px4_msgs/px4_msgs/msg/detail/camera_capture__type_support.h\n'}
[2.556462] (px4_msgs) StdoutLine: {'line': b'-- Up-to-date symlink: /home/carlos/ros2_ws/install/px4_msgs/include/px4_msgs/px4_msgs/msg/detail/camera_status__functions.h\n'}
[2.556623] (px4_msgs) StdoutLine: {'line': b'-- Up-to-date symlink: /home/carlos/ros2_ws/install/px4_msgs/include/px4_msgs/px4_msgs/msg/detail/camera_status__struct.h\n'}
[2.556768] (px4_msgs) StdoutLine: {'line': b'-- Up-to-date symlink: /home/carlos/ros2_ws/install/px4_msgs/include/px4_msgs/px4_msgs/msg/detail/camera_status__type_support.h\n'}
[2.557002] (px4_msgs) StdoutLine: {'line': b'-- Up-to-date symlink: /home/carlos/ros2_ws/install/px4_msgs/include/px4_msgs/px4_msgs/msg/detail/camera_trigger__functions.h\n'}
[2.557175] (px4_msgs) StdoutLine: {'line': b'-- Up-to-date symlink: /home/carlos/ros2_ws/install/px4_msgs/include/px4_msgs/px4_msgs/msg/detail/camera_trigger__struct.h\n'}
[2.557316] (px4_msgs) StdoutLine: {'line': b'-- Up-to-date symlink: /home/carlos/ros2_ws/install/px4_msgs/include/px4_msgs/px4_msgs/msg/detail/camera_trigger__type_support.h\n'}
[2.557449] (px4_msgs) StdoutLine: {'line': b'-- Up-to-date symlink: /home/carlos/ros2_ws/install/px4_msgs/include/px4_msgs/px4_msgs/msg/detail/can_interface_status__functions.h\n'}
[2.557618] (px4_msgs) StdoutLine: {'line': b'-- Up-to-date symlink: /home/carlos/ros2_ws/install/px4_msgs/include/px4_msgs/px4_msgs/msg/detail/can_interface_status__struct.h\n'}
[2.557801] (px4_msgs) StdoutLine: {'line': b'-- Up-to-date symlink: /home/carlos/ros2_ws/install/px4_msgs/include/px4_msgs/px4_msgs/msg/detail/can_interface_status__type_support.h\n'}
[2.557944] (px4_msgs) StdoutLine: {'line': b'-- Up-to-date symlink: /home/carlos/ros2_ws/install/px4_msgs/include/px4_msgs/px4_msgs/msg/detail/cellular_status__functions.h\n'}
[2.558059] (px4_msgs) StdoutLine: {'line': b'-- Up-to-date symlink: /home/carlos/ros2_ws/install/px4_msgs/include/px4_msgs/px4_msgs/msg/detail/cellular_status__struct.h\n'}
[2.558207] (px4_msgs) StdoutLine: {'line': b'-- Up-to-date symlink: /home/carlos/ros2_ws/install/px4_msgs/include/px4_msgs/px4_msgs/msg/detail/cellular_status__type_support.h\n'}
[2.558355] (px4_msgs) StdoutLine: {'line': b'-- Up-to-date symlink: /home/carlos/ros2_ws/install/px4_msgs/include/px4_msgs/px4_msgs/msg/detail/collision_constraints__functions.h\n'}
[2.558473] (px4_msgs) StdoutLine: {'line': b'-- Up-to-date symlink: /home/carlos/ros2_ws/install/px4_msgs/include/px4_msgs/px4_msgs/msg/detail/collision_constraints__struct.h\n'}
[2.558577] (px4_msgs) StdoutLine: {'line': b'-- Up-to-date symlink: /home/carlos/ros2_ws/install/px4_msgs/include/px4_msgs/px4_msgs/msg/detail/collision_constraints__type_support.h\n'}
[2.558667] (px4_msgs) StdoutLine: {'line': b'-- Up-to-date symlink: /home/carlos/ros2_ws/install/px4_msgs/include/px4_msgs/px4_msgs/msg/detail/config_overrides__functions.h\n'}
[2.558776] (px4_msgs) StdoutLine: {'line': b'-- Up-to-date symlink: /home/carlos/ros2_ws/install/px4_msgs/include/px4_msgs/px4_msgs/msg/detail/config_overrides__struct.h\n'}
[2.558886] (px4_msgs) StdoutLine: {'line': b'-- Up-to-date symlink: /home/carlos/ros2_ws/install/px4_msgs/include/px4_msgs/px4_msgs/msg/detail/config_overrides__type_support.h\n'}
[2.558996] (px4_msgs) StdoutLine: {'line': b'-- Up-to-date symlink: /home/carlos/ros2_ws/install/px4_msgs/include/px4_msgs/px4_msgs/msg/detail/control_allocator_status__functions.h\n'}
[2.559110] (px4_msgs) StdoutLine: {'line': b'-- Up-to-date symlink: /home/carlos/ros2_ws/install/px4_msgs/include/px4_msgs/px4_msgs/msg/detail/control_allocator_status__struct.h\n'}
[2.559219] (px4_msgs) StdoutLine: {'line': b'-- Up-to-date symlink: /home/carlos/ros2_ws/install/px4_msgs/include/px4_msgs/px4_msgs/msg/detail/control_allocator_status__type_support.h\n'}
[2.559328] (px4_msgs) StdoutLine: {'line': b'-- Up-to-date symlink: /home/carlos/ros2_ws/install/px4_msgs/include/px4_msgs/px4_msgs/msg/detail/cpuload__functions.h\n'}
[2.559438] (px4_msgs) StdoutLine: {'line': b'-- Up-to-date symlink: /home/carlos/ros2_ws/install/px4_msgs/include/px4_msgs/px4_msgs/msg/detail/cpuload__struct.h\n'}
[2.559548] (px4_msgs) StdoutLine: {'line': b'-- Up-to-date symlink: /home/carlos/ros2_ws/install/px4_msgs/include/px4_msgs/px4_msgs/msg/detail/cpuload__type_support.h\n'}
[2.559658] (px4_msgs) StdoutLine: {'line': b'-- Up-to-date symlink: /home/carlos/ros2_ws/install/px4_msgs/include/px4_msgs/px4_msgs/msg/detail/dataman_request__functions.h\n'}
[2.559774] (px4_msgs) StdoutLine: {'line': b'-- Up-to-date symlink: /home/carlos/ros2_ws/install/px4_msgs/include/px4_msgs/px4_msgs/msg/detail/dataman_request__struct.h\n'}
[2.559891] (px4_msgs) StdoutLine: {'line': b'-- Up-to-date symlink: /home/carlos/ros2_ws/install/px4_msgs/include/px4_msgs/px4_msgs/msg/detail/dataman_request__type_support.h\n'}
[2.560002] (px4_msgs) StdoutLine: {'line': b'-- Up-to-date symlink: /home/carlos/ros2_ws/install/px4_msgs/include/px4_msgs/px4_msgs/msg/detail/dataman_response__functions.h\n'}
[2.560105] (px4_msgs) StdoutLine: {'line': b'-- Up-to-date symlink: /home/carlos/ros2_ws/install/px4_msgs/include/px4_msgs/px4_msgs/msg/detail/dataman_response__struct.h\n'}
[2.560210] (px4_msgs) StdoutLine: {'line': b'-- Up-to-date symlink: /home/carlos/ros2_ws/install/px4_msgs/include/px4_msgs/px4_msgs/msg/detail/dataman_response__type_support.h\n'}
[2.560311] (px4_msgs) StdoutLine: {'line': b'-- Up-to-date symlink: /home/carlos/ros2_ws/install/px4_msgs/include/px4_msgs/px4_msgs/msg/detail/debug_array__functions.h\n'}
[2.560414] (px4_msgs) StdoutLine: {'line': b'-- Up-to-date symlink: /home/carlos/ros2_ws/install/px4_msgs/include/px4_msgs/px4_msgs/msg/detail/debug_array__struct.h\n'}
[2.560517] (px4_msgs) StdoutLine: {'line': b'-- Up-to-date symlink: /home/carlos/ros2_ws/install/px4_msgs/include/px4_msgs/px4_msgs/msg/detail/debug_array__type_support.h\n'}
[2.560620] (px4_msgs) StdoutLine: {'line': b'-- Up-to-date symlink: /home/carlos/ros2_ws/install/px4_msgs/include/px4_msgs/px4_msgs/msg/detail/debug_key_value__functions.h\n'}
[2.560723] (px4_msgs) StdoutLine: {'line': b'-- Up-to-date symlink: /home/carlos/ros2_ws/install/px4_msgs/include/px4_msgs/px4_msgs/msg/detail/debug_key_value__struct.h\n'}
[2.560842] (px4_msgs) StdoutLine: {'line': b'-- Up-to-date symlink: /home/carlos/ros2_ws/install/px4_msgs/include/px4_msgs/px4_msgs/msg/detail/debug_key_value__type_support.h\n'}
[2.560946] (px4_msgs) StdoutLine: {'line': b'-- Up-to-date symlink: /home/carlos/ros2_ws/install/px4_msgs/include/px4_msgs/px4_msgs/msg/detail/debug_value__functions.h\n'}
[2.561049] (px4_msgs) StdoutLine: {'line': b'-- Up-to-date symlink: /home/carlos/ros2_ws/install/px4_msgs/include/px4_msgs/px4_msgs/msg/detail/debug_value__struct.h\n'}
[2.561157] (px4_msgs) StdoutLine: {'line': b'-- Up-to-date symlink: /home/carlos/ros2_ws/install/px4_msgs/include/px4_msgs/px4_msgs/msg/detail/debug_value__type_support.h\n'}
[2.561259] (px4_msgs) StdoutLine: {'line': b'-- Up-to-date symlink: /home/carlos/ros2_ws/install/px4_msgs/include/px4_msgs/px4_msgs/msg/detail/debug_vect__functions.h\n'}
[2.561360] (px4_msgs) StdoutLine: {'line': b'-- Up-to-date symlink: /home/carlos/ros2_ws/install/px4_msgs/include/px4_msgs/px4_msgs/msg/detail/debug_vect__struct.h\n'}
[2.561462] (px4_msgs) StdoutLine: {'line': b'-- Up-to-date symlink: /home/carlos/ros2_ws/install/px4_msgs/include/px4_msgs/px4_msgs/msg/detail/debug_vect__type_support.h\n'}
[2.561564] (px4_msgs) StdoutLine: {'line': b'-- Up-to-date symlink: /home/carlos/ros2_ws/install/px4_msgs/include/px4_msgs/px4_msgs/msg/detail/differential_pressure__functions.h\n'}
[2.561666] (px4_msgs) StdoutLine: {'line': b'-- Up-to-date symlink: /home/carlos/ros2_ws/install/px4_msgs/include/px4_msgs/px4_msgs/msg/detail/differential_pressure__struct.h\n'}
[2.561774] (px4_msgs) StdoutLine: {'line': b'-- Up-to-date symlink: /home/carlos/ros2_ws/install/px4_msgs/include/px4_msgs/px4_msgs/msg/detail/differential_pressure__type_support.h\n'}
[2.561894] (px4_msgs) StdoutLine: {'line': b'-- Up-to-date symlink: /home/carlos/ros2_ws/install/px4_msgs/include/px4_msgs/px4_msgs/msg/detail/distance_sensor__functions.h\n'}
[2.561995] (px4_msgs) StdoutLine: {'line': b'-- Up-to-date symlink: /home/carlos/ros2_ws/install/px4_msgs/include/px4_msgs/px4_msgs/msg/detail/distance_sensor__struct.h\n'}
[2.562097] (px4_msgs) StdoutLine: {'line': b'-- Up-to-date symlink: /home/carlos/ros2_ws/install/px4_msgs/include/px4_msgs/px4_msgs/msg/detail/distance_sensor__type_support.h\n'}
[2.562200] (px4_msgs) StdoutLine: {'line': b'-- Up-to-date symlink: /home/carlos/ros2_ws/install/px4_msgs/include/px4_msgs/px4_msgs/msg/detail/distance_sensor_mode_change_request__functions.h\n'}
[2.562308] (px4_msgs) StdoutLine: {'line': b'-- Up-to-date symlink: /home/carlos/ros2_ws/install/px4_msgs/include/px4_msgs/px4_msgs/msg/detail/distance_sensor_mode_change_request__struct.h\n'}
[2.562406] (px4_msgs) StdoutLine: {'line': b'-- Up-to-date symlink: /home/carlos/ros2_ws/install/px4_msgs/include/px4_msgs/px4_msgs/msg/detail/distance_sensor_mode_change_request__type_support.h\n'}
[2.562508] (px4_msgs) StdoutLine: {'line': b'-- Up-to-date symlink: /home/carlos/ros2_ws/install/px4_msgs/include/px4_msgs/px4_msgs/msg/detail/dronecan_node_status__functions.h\n'}
[2.562610] (px4_msgs) StdoutLine: {'line': b'-- Up-to-date symlink: /home/carlos/ros2_ws/install/px4_msgs/include/px4_msgs/px4_msgs/msg/detail/dronecan_node_status__struct.h\n'}
[2.562712] (px4_msgs) StdoutLine: {'line': b'-- Up-to-date symlink: /home/carlos/ros2_ws/install/px4_msgs/include/px4_msgs/px4_msgs/msg/detail/dronecan_node_status__type_support.h\n'}
[2.562829] (px4_msgs) StdoutLine: {'line': b'-- Up-to-date symlink: /home/carlos/ros2_ws/install/px4_msgs/include/px4_msgs/px4_msgs/msg/detail/ekf2_timestamps__functions.h\n'}
[2.562941] (px4_msgs) StdoutLine: {'line': b'-- Up-to-date symlink: /home/carlos/ros2_ws/install/px4_msgs/include/px4_msgs/px4_msgs/msg/detail/ekf2_timestamps__struct.h\n'}
[2.563043] (px4_msgs) StdoutLine: {'line': b'-- Up-to-date symlink: /home/carlos/ros2_ws/install/px4_msgs/include/px4_msgs/px4_msgs/msg/detail/ekf2_timestamps__type_support.h\n'}
[2.563146] (px4_msgs) StdoutLine: {'line': b'-- Up-to-date symlink: /home/carlos/ros2_ws/install/px4_msgs/include/px4_msgs/px4_msgs/msg/detail/esc_report__functions.h\n'}
[2.563248] (px4_msgs) StdoutLine: {'line': b'-- Up-to-date symlink: /home/carlos/ros2_ws/install/px4_msgs/include/px4_msgs/px4_msgs/msg/detail/esc_report__struct.h\n'}
[2.563353] (px4_msgs) StdoutLine: {'line': b'-- Up-to-date symlink: /home/carlos/ros2_ws/install/px4_msgs/include/px4_msgs/px4_msgs/msg/detail/esc_report__type_support.h\n'}
[2.563454] (px4_msgs) StdoutLine: {'line': b'-- Up-to-date symlink: /home/carlos/ros2_ws/install/px4_msgs/include/px4_msgs/px4_msgs/msg/detail/esc_status__functions.h\n'}
[2.563557] (px4_msgs) StdoutLine: {'line': b'-- Up-to-date symlink: /home/carlos/ros2_ws/install/px4_msgs/include/px4_msgs/px4_msgs/msg/detail/esc_status__struct.h\n'}
[2.563660] (px4_msgs) StdoutLine: {'line': b'-- Up-to-date symlink: /home/carlos/ros2_ws/install/px4_msgs/include/px4_msgs/px4_msgs/msg/detail/esc_status__type_support.h\n'}
[2.563770] (px4_msgs) StdoutLine: {'line': b'-- Up-to-date symlink: /home/carlos/ros2_ws/install/px4_msgs/include/px4_msgs/px4_msgs/msg/detail/estimator_aid_source1d__functions.h\n'}
[2.563884] (px4_msgs) StdoutLine: {'line': b'-- Up-to-date symlink: /home/carlos/ros2_ws/install/px4_msgs/include/px4_msgs/px4_msgs/msg/detail/estimator_aid_source1d__struct.h\n'}
[2.563989] (px4_msgs) StdoutLine: {'line': b'-- Up-to-date symlink: /home/carlos/ros2_ws/install/px4_msgs/include/px4_msgs/px4_msgs/msg/detail/estimator_aid_source1d__type_support.h\n'}
[2.564092] (px4_msgs) StdoutLine: {'line': b'-- Up-to-date symlink: /home/carlos/ros2_ws/install/px4_msgs/include/px4_msgs/px4_msgs/msg/detail/estimator_aid_source2d__functions.h\n'}
[2.564196] (px4_msgs) StdoutLine: {'line': b'-- Up-to-date symlink: /home/carlos/ros2_ws/install/px4_msgs/include/px4_msgs/px4_msgs/msg/detail/estimator_aid_source2d__struct.h\n'}
[2.564300] (px4_msgs) StdoutLine: {'line': b'-- Up-to-date symlink: /home/carlos/ros2_ws/install/px4_msgs/include/px4_msgs/px4_msgs/msg/detail/estimator_aid_source2d__type_support.h\n'}
[2.564412] (px4_msgs) StdoutLine: {'line': b'-- Up-to-date symlink: /home/carlos/ros2_ws/install/px4_msgs/include/px4_msgs/px4_msgs/msg/detail/estimator_aid_source3d__functions.h\n'}
[2.564521] (px4_msgs) StdoutLine: {'line': b'-- Up-to-date symlink: /home/carlos/ros2_ws/install/px4_msgs/include/px4_msgs/px4_msgs/msg/detail/estimator_aid_source3d__struct.h\n'}
[2.564625] (px4_msgs) StdoutLine: {'line': b'-- Up-to-date symlink: /home/carlos/ros2_ws/install/px4_msgs/include/px4_msgs/px4_msgs/msg/detail/estimator_aid_source3d__type_support.h\n'}
[2.564735] (px4_msgs) StdoutLine: {'line': b'-- Up-to-date symlink: /home/carlos/ros2_ws/install/px4_msgs/include/px4_msgs/px4_msgs/msg/detail/estimator_bias3d__functions.h\n'}
[2.564853] (px4_msgs) StdoutLine: {'line': b'-- Up-to-date symlink: /home/carlos/ros2_ws/install/px4_msgs/include/px4_msgs/px4_msgs/msg/detail/estimator_bias3d__struct.h\n'}
[2.564957] (px4_msgs) StdoutLine: {'line': b'-- Up-to-date symlink: /home/carlos/ros2_ws/install/px4_msgs/include/px4_msgs/px4_msgs/msg/detail/estimator_bias3d__type_support.h\n'}
[2.565059] (px4_msgs) StdoutLine: {'line': b'-- Up-to-date symlink: /home/carlos/ros2_ws/install/px4_msgs/include/px4_msgs/px4_msgs/msg/detail/estimator_bias__functions.h\n'}
[2.565163] (px4_msgs) StdoutLine: {'line': b'-- Up-to-date symlink: /home/carlos/ros2_ws/install/px4_msgs/include/px4_msgs/px4_msgs/msg/detail/estimator_bias__struct.h\n'}
[2.565269] (px4_msgs) StdoutLine: {'line': b'-- Up-to-date symlink: /home/carlos/ros2_ws/install/px4_msgs/include/px4_msgs/px4_msgs/msg/detail/estimator_bias__type_support.h\n'}
[2.565373] (px4_msgs) StdoutLine: {'line': b'-- Up-to-date symlink: /home/carlos/ros2_ws/install/px4_msgs/include/px4_msgs/px4_msgs/msg/detail/estimator_event_flags__functions.h\n'}
[2.565477] (px4_msgs) StdoutLine: {'line': b'-- Up-to-date symlink: /home/carlos/ros2_ws/install/px4_msgs/include/px4_msgs/px4_msgs/msg/detail/estimator_event_flags__struct.h\n'}
[2.565578] (px4_msgs) StdoutLine: {'line': b'-- Up-to-date symlink: /home/carlos/ros2_ws/install/px4_msgs/include/px4_msgs/px4_msgs/msg/detail/estimator_event_flags__type_support.h\n'}
[2.565680] (px4_msgs) StdoutLine: {'line': b'-- Up-to-date symlink: /home/carlos/ros2_ws/install/px4_msgs/include/px4_msgs/px4_msgs/msg/detail/estimator_gps_status__functions.h\n'}
[2.565791] (px4_msgs) StdoutLine: {'line': b'-- Up-to-date symlink: /home/carlos/ros2_ws/install/px4_msgs/include/px4_msgs/px4_msgs/msg/detail/estimator_gps_status__struct.h\n'}
[2.565900] (px4_msgs) StdoutLine: {'line': b'-- Up-to-date symlink: /home/carlos/ros2_ws/install/px4_msgs/include/px4_msgs/px4_msgs/msg/detail/estimator_gps_status__type_support.h\n'}
[2.565996] (px4_msgs) StdoutLine: {'line': b'-- Up-to-date symlink: /home/carlos/ros2_ws/install/px4_msgs/include/px4_msgs/px4_msgs/msg/detail/estimator_innovations__functions.h\n'}
[2.566100] (px4_msgs) StdoutLine: {'line': b'-- Up-to-date symlink: /home/carlos/ros2_ws/install/px4_msgs/include/px4_msgs/px4_msgs/msg/detail/estimator_innovations__struct.h\n'}
[2.566203] (px4_msgs) StdoutLine: {'line': b'-- Up-to-date symlink: /home/carlos/ros2_ws/install/px4_msgs/include/px4_msgs/px4_msgs/msg/detail/estimator_innovations__type_support.h\n'}
[2.566312] (px4_msgs) StdoutLine: {'line': b'-- Up-to-date symlink: /home/carlos/ros2_ws/install/px4_msgs/include/px4_msgs/px4_msgs/msg/detail/estimator_selector_status__functions.h\n'}
[2.566416] (px4_msgs) StdoutLine: {'line': b'-- Up-to-date symlink: /home/carlos/ros2_ws/install/px4_msgs/include/px4_msgs/px4_msgs/msg/detail/estimator_selector_status__struct.h\n'}
[2.566520] (px4_msgs) StdoutLine: {'line': b'-- Up-to-date symlink: /home/carlos/ros2_ws/install/px4_msgs/include/px4_msgs/px4_msgs/msg/detail/estimator_selector_status__type_support.h\n'}
[2.566623] (px4_msgs) StdoutLine: {'line': b'-- Up-to-date symlink: /home/carlos/ros2_ws/install/px4_msgs/include/px4_msgs/px4_msgs/msg/detail/estimator_sensor_bias__functions.h\n'}
[2.566726] (px4_msgs) StdoutLine: {'line': b'-- Up-to-date symlink: /home/carlos/ros2_ws/install/px4_msgs/include/px4_msgs/px4_msgs/msg/detail/estimator_sensor_bias__struct.h\n'}
[2.566845] (px4_msgs) StdoutLine: {'line': b'-- Up-to-date symlink: /home/carlos/ros2_ws/install/px4_msgs/include/px4_msgs/px4_msgs/msg/detail/estimator_sensor_bias__type_support.h\n'}
[2.566948] (px4_msgs) StdoutLine: {'line': b'-- Up-to-date symlink: /home/carlos/ros2_ws/install/px4_msgs/include/px4_msgs/px4_msgs/msg/detail/estimator_states__functions.h\n'}
[2.567053] (px4_msgs) StdoutLine: {'line': b'-- Up-to-date symlink: /home/carlos/ros2_ws/install/px4_msgs/include/px4_msgs/px4_msgs/msg/detail/estimator_states__struct.h\n'}
[2.567161] (px4_msgs) StdoutLine: {'line': b'-- Up-to-date symlink: /home/carlos/ros2_ws/install/px4_msgs/include/px4_msgs/px4_msgs/msg/detail/estimator_states__type_support.h\n'}
[2.567263] (px4_msgs) StdoutLine: {'line': b'-- Up-to-date symlink: /home/carlos/ros2_ws/install/px4_msgs/include/px4_msgs/px4_msgs/msg/detail/estimator_status__functions.h\n'}
[2.567366] (px4_msgs) StdoutLine: {'line': b'-- Up-to-date symlink: /home/carlos/ros2_ws/install/px4_msgs/include/px4_msgs/px4_msgs/msg/detail/estimator_status__struct.h\n'}
[2.567470] (px4_msgs) StdoutLine: {'line': b'-- Up-to-date symlink: /home/carlos/ros2_ws/install/px4_msgs/include/px4_msgs/px4_msgs/msg/detail/estimator_status__type_support.h\n'}
[2.567575] (px4_msgs) StdoutLine: {'line': b'-- Up-to-date symlink: /home/carlos/ros2_ws/install/px4_msgs/include/px4_msgs/px4_msgs/msg/detail/estimator_status_flags__functions.h\n'}
[2.567677] (px4_msgs) StdoutLine: {'line': b'-- Up-to-date symlink: /home/carlos/ros2_ws/install/px4_msgs/include/px4_msgs/px4_msgs/msg/detail/estimator_status_flags__struct.h\n'}
[2.567790] (px4_msgs) StdoutLine: {'line': b'-- Up-to-date symlink: /home/carlos/ros2_ws/install/px4_msgs/include/px4_msgs/px4_msgs/msg/detail/estimator_status_flags__type_support.h\n'}
[2.567922] (px4_msgs) StdoutLine: {'line': b'-- Up-to-date symlink: /home/carlos/ros2_ws/install/px4_msgs/include/px4_msgs/px4_msgs/msg/detail/event__functions.h\n'}
[2.568062] (px4_msgs) StdoutLine: {'line': b'-- Up-to-date symlink: /home/carlos/ros2_ws/install/px4_msgs/include/px4_msgs/px4_msgs/msg/detail/event__struct.h\n'}
[2.568175] (px4_msgs) StdoutLine: {'line': b'-- Up-to-date symlink: /home/carlos/ros2_ws/install/px4_msgs/include/px4_msgs/px4_msgs/msg/detail/event__type_support.h\n'}
[2.568284] (px4_msgs) StdoutLine: {'line': b'-- Up-to-date symlink: /home/carlos/ros2_ws/install/px4_msgs/include/px4_msgs/px4_msgs/msg/detail/failsafe_flags__functions.h\n'}
[2.568386] (px4_msgs) StdoutLine: {'line': b'-- Up-to-date symlink: /home/carlos/ros2_ws/install/px4_msgs/include/px4_msgs/px4_msgs/msg/detail/failsafe_flags__struct.h\n'}
[2.568496] (px4_msgs) StdoutLine: {'line': b'-- Up-to-date symlink: /home/carlos/ros2_ws/install/px4_msgs/include/px4_msgs/px4_msgs/msg/detail/failsafe_flags__type_support.h\n'}
[2.568599] (px4_msgs) StdoutLine: {'line': b'-- Up-to-date symlink: /home/carlos/ros2_ws/install/px4_msgs/include/px4_msgs/px4_msgs/msg/detail/failure_detector_status__functions.h\n'}
[2.568703] (px4_msgs) StdoutLine: {'line': b'-- Up-to-date symlink: /home/carlos/ros2_ws/install/px4_msgs/include/px4_msgs/px4_msgs/msg/detail/failure_detector_status__struct.h\n'}
[2.568809] (px4_msgs) StdoutLine: {'line': b'-- Up-to-date symlink: /home/carlos/ros2_ws/install/px4_msgs/include/px4_msgs/px4_msgs/msg/detail/failure_detector_status__type_support.h\n'}
[2.568933] (px4_msgs) StdoutLine: {'line': b'-- Up-to-date symlink: /home/carlos/ros2_ws/install/px4_msgs/include/px4_msgs/px4_msgs/msg/detail/figure_eight_status__functions.h\n'}
[2.569037] (px4_msgs) StdoutLine: {'line': b'-- Up-to-date symlink: /home/carlos/ros2_ws/install/px4_msgs/include/px4_msgs/px4_msgs/msg/detail/figure_eight_status__struct.h\n'}
[2.569141] (px4_msgs) StdoutLine: {'line': b'-- Up-to-date symlink: /home/carlos/ros2_ws/install/px4_msgs/include/px4_msgs/px4_msgs/msg/detail/figure_eight_status__type_support.h\n'}
[2.569246] (px4_msgs) StdoutLine: {'line': b'-- Up-to-date symlink: /home/carlos/ros2_ws/install/px4_msgs/include/px4_msgs/px4_msgs/msg/detail/fixed_wing_lateral_guidance_status__functions.h\n'}
[2.569349] (px4_msgs) StdoutLine: {'line': b'-- Up-to-date symlink: /home/carlos/ros2_ws/install/px4_msgs/include/px4_msgs/px4_msgs/msg/detail/fixed_wing_lateral_guidance_status__struct.h\n'}
[2.569454] (px4_msgs) StdoutLine: {'line': b'-- Up-to-date symlink: /home/carlos/ros2_ws/install/px4_msgs/include/px4_msgs/px4_msgs/msg/detail/fixed_wing_lateral_guidance_status__type_support.h\n'}
[2.569533] (px4_msgs) StdoutLine: {'line': b'-- Up-to-date symlink: /home/carlos/ros2_ws/install/px4_msgs/include/px4_msgs/px4_msgs/msg/detail/fixed_wing_lateral_setpoint__functions.h\n'}
[2.569640] (px4_msgs) StdoutLine: {'line': b'-- Up-to-date symlink: /home/carlos/ros2_ws/install/px4_msgs/include/px4_msgs/px4_msgs/msg/detail/fixed_wing_lateral_setpoint__struct.h\n'}
[2.569745] (px4_msgs) StdoutLine: {'line': b'-- Up-to-date symlink: /home/carlos/ros2_ws/install/px4_msgs/include/px4_msgs/px4_msgs/msg/detail/fixed_wing_lateral_setpoint__type_support.h\n'}
[2.569859] (px4_msgs) StdoutLine: {'line': b'-- Up-to-date symlink: /home/carlos/ros2_ws/install/px4_msgs/include/px4_msgs/px4_msgs/msg/detail/fixed_wing_lateral_status__functions.h\n'}
[2.569964] (px4_msgs) StdoutLine: {'line': b'-- Up-to-date symlink: /home/carlos/ros2_ws/install/px4_msgs/include/px4_msgs/px4_msgs/msg/detail/fixed_wing_lateral_status__struct.h\n'}
[2.570070] (px4_msgs) StdoutLine: {'line': b'-- Up-to-date symlink: /home/carlos/ros2_ws/install/px4_msgs/include/px4_msgs/px4_msgs/msg/detail/fixed_wing_lateral_status__type_support.h\n'}
[2.570176] (px4_msgs) StdoutLine: {'line': b'-- Up-to-date symlink: /home/carlos/ros2_ws/install/px4_msgs/include/px4_msgs/px4_msgs/msg/detail/fixed_wing_longitudinal_setpoint__functions.h\n'}
[2.570288] (px4_msgs) StdoutLine: {'line': b'-- Up-to-date symlink: /home/carlos/ros2_ws/install/px4_msgs/include/px4_msgs/px4_msgs/msg/detail/fixed_wing_longitudinal_setpoint__struct.h\n'}
[2.570395] (px4_msgs) StdoutLine: {'line': b'-- Up-to-date symlink: /home/carlos/ros2_ws/install/px4_msgs/include/px4_msgs/px4_msgs/msg/detail/fixed_wing_longitudinal_setpoint__type_support.h\n'}
[2.570501] (px4_msgs) StdoutLine: {'line': b'-- Up-to-date symlink: /home/carlos/ros2_ws/install/px4_msgs/include/px4_msgs/px4_msgs/msg/detail/fixed_wing_runway_control__functions.h\n'}
[2.570608] (px4_msgs) StdoutLine: {'line': b'-- Up-to-date symlink: /home/carlos/ros2_ws/install/px4_msgs/include/px4_msgs/px4_msgs/msg/detail/fixed_wing_runway_control__struct.h\n'}
[2.570714] (px4_msgs) StdoutLine: {'line': b'-- Up-to-date symlink: /home/carlos/ros2_ws/install/px4_msgs/include/px4_msgs/px4_msgs/msg/detail/fixed_wing_runway_control__type_support.h\n'}
[2.570827] (px4_msgs) StdoutLine: {'line': b'-- Up-to-date symlink: /home/carlos/ros2_ws/install/px4_msgs/include/px4_msgs/px4_msgs/msg/detail/flight_phase_estimation__functions.h\n'}
[2.570929] (px4_msgs) StdoutLine: {'line': b'-- Up-to-date symlink: /home/carlos/ros2_ws/install/px4_msgs/include/px4_msgs/px4_msgs/msg/detail/flight_phase_estimation__struct.h\n'}
[2.571030] (px4_msgs) StdoutLine: {'line': b'-- Up-to-date symlink: /home/carlos/ros2_ws/install/px4_msgs/include/px4_msgs/px4_msgs/msg/detail/flight_phase_estimation__type_support.h\n'}
[2.571132] (px4_msgs) StdoutLine: {'line': b'-- Up-to-date symlink: /home/carlos/ros2_ws/install/px4_msgs/include/px4_msgs/px4_msgs/msg/detail/follow_target__functions.h\n'}
[2.571233] (px4_msgs) StdoutLine: {'line': b'-- Up-to-date symlink: /home/carlos/ros2_ws/install/px4_msgs/include/px4_msgs/px4_msgs/msg/detail/follow_target__struct.h\n'}
[2.571334] (px4_msgs) StdoutLine: {'line': b'-- Up-to-date symlink: /home/carlos/ros2_ws/install/px4_msgs/include/px4_msgs/px4_msgs/msg/detail/follow_target__type_support.h\n'}
[2.571436] (px4_msgs) StdoutLine: {'line': b'-- Up-to-date symlink: /home/carlos/ros2_ws/install/px4_msgs/include/px4_msgs/px4_msgs/msg/detail/follow_target_estimator__functions.h\n'}
[2.571537] (px4_msgs) StdoutLine: {'line': b'-- Up-to-date symlink: /home/carlos/ros2_ws/install/px4_msgs/include/px4_msgs/px4_msgs/msg/detail/follow_target_estimator__struct.h\n'}
[2.571639] (px4_msgs) StdoutLine: {'line': b'-- Up-to-date symlink: /home/carlos/ros2_ws/install/px4_msgs/include/px4_msgs/px4_msgs/msg/detail/follow_target_estimator__type_support.h\n'}
[2.571740] (px4_msgs) StdoutLine: {'line': b'-- Up-to-date symlink: /home/carlos/ros2_ws/install/px4_msgs/include/px4_msgs/px4_msgs/msg/detail/follow_target_status__functions.h\n'}
[2.571851] (px4_msgs) StdoutLine: {'line': b'-- Up-to-date symlink: /home/carlos/ros2_ws/install/px4_msgs/include/px4_msgs/px4_msgs/msg/detail/follow_target_status__struct.h\n'}
[2.571953] (px4_msgs) StdoutLine: {'line': b'-- Up-to-date symlink: /home/carlos/ros2_ws/install/px4_msgs/include/px4_msgs/px4_msgs/msg/detail/follow_target_status__type_support.h\n'}
[2.572055] (px4_msgs) StdoutLine: {'line': b'-- Up-to-date symlink: /home/carlos/ros2_ws/install/px4_msgs/include/px4_msgs/px4_msgs/msg/detail/fuel_tank_status__functions.h\n'}
[2.572158] (px4_msgs) StdoutLine: {'line': b'-- Up-to-date symlink: /home/carlos/ros2_ws/install/px4_msgs/include/px4_msgs/px4_msgs/msg/detail/fuel_tank_status__struct.h\n'}
[2.572261] (px4_msgs) StdoutLine: {'line': b'-- Up-to-date symlink: /home/carlos/ros2_ws/install/px4_msgs/include/px4_msgs/px4_msgs/msg/detail/fuel_tank_status__type_support.h\n'}
[2.572363] (px4_msgs) StdoutLine: {'line': b'-- Up-to-date symlink: /home/carlos/ros2_ws/install/px4_msgs/include/px4_msgs/px4_msgs/msg/detail/generator_status__functions.h\n'}
[2.572466] (px4_msgs) StdoutLine: {'line': b'-- Up-to-date symlink: /home/carlos/ros2_ws/install/px4_msgs/include/px4_msgs/px4_msgs/msg/detail/generator_status__struct.h\n'}
[2.572569] (px4_msgs) StdoutLine: {'line': b'-- Up-to-date symlink: /home/carlos/ros2_ws/install/px4_msgs/include/px4_msgs/px4_msgs/msg/detail/generator_status__type_support.h\n'}
[2.572672] (px4_msgs) StdoutLine: {'line': b'-- Up-to-date symlink: /home/carlos/ros2_ws/install/px4_msgs/include/px4_msgs/px4_msgs/msg/detail/geofence_result__functions.h\n'}
[2.572793] (px4_msgs) StdoutLine: {'line': b'-- Up-to-date symlink: /home/carlos/ros2_ws/install/px4_msgs/include/px4_msgs/px4_msgs/msg/detail/geofence_result__struct.h\n'}
[2.572900] (px4_msgs) StdoutLine: {'line': b'-- Up-to-date symlink: /home/carlos/ros2_ws/install/px4_msgs/include/px4_msgs/px4_msgs/msg/detail/geofence_result__type_support.h\n'}
[2.573003] (px4_msgs) StdoutLine: {'line': b'-- Up-to-date symlink: /home/carlos/ros2_ws/install/px4_msgs/include/px4_msgs/px4_msgs/msg/detail/geofence_status__functions.h\n'}
[2.573105] (px4_msgs) StdoutLine: {'line': b'-- Up-to-date symlink: /home/carlos/ros2_ws/install/px4_msgs/include/px4_msgs/px4_msgs/msg/detail/geofence_status__struct.h\n'}
[2.573214] (px4_msgs) StdoutLine: {'line': b'-- Up-to-date symlink: /home/carlos/ros2_ws/install/px4_msgs/include/px4_msgs/px4_msgs/msg/detail/geofence_status__type_support.h\n'}
[2.573317] (px4_msgs) StdoutLine: {'line': b'-- Up-to-date symlink: /home/carlos/ros2_ws/install/px4_msgs/include/px4_msgs/px4_msgs/msg/detail/gimbal_controls__functions.h\n'}
[2.573420] (px4_msgs) StdoutLine: {'line': b'-- Up-to-date symlink: /home/carlos/ros2_ws/install/px4_msgs/include/px4_msgs/px4_msgs/msg/detail/gimbal_controls__struct.h\n'}
[2.573524] (px4_msgs) StdoutLine: {'line': b'-- Up-to-date symlink: /home/carlos/ros2_ws/install/px4_msgs/include/px4_msgs/px4_msgs/msg/detail/gimbal_controls__type_support.h\n'}
[2.573627] (px4_msgs) StdoutLine: {'line': b'-- Up-to-date symlink: /home/carlos/ros2_ws/install/px4_msgs/include/px4_msgs/px4_msgs/msg/detail/gimbal_device_attitude_status__functions.h\n'}
[2.573731] (px4_msgs) StdoutLine: {'line': b'-- Up-to-date symlink: /home/carlos/ros2_ws/install/px4_msgs/include/px4_msgs/px4_msgs/msg/detail/gimbal_device_attitude_status__struct.h\n'}
[2.573846] (px4_msgs) StdoutLine: {'line': b'-- Up-to-date symlink: /home/carlos/ros2_ws/install/px4_msgs/include/px4_msgs/px4_msgs/msg/detail/gimbal_device_attitude_status__type_support.h\n'}
[2.573955] (px4_msgs) StdoutLine: {'line': b'-- Up-to-date symlink: /home/carlos/ros2_ws/install/px4_msgs/include/px4_msgs/px4_msgs/msg/detail/gimbal_device_information__functions.h\n'}
[2.574058] (px4_msgs) StdoutLine: {'line': b'-- Up-to-date symlink: /home/carlos/ros2_ws/install/px4_msgs/include/px4_msgs/px4_msgs/msg/detail/gimbal_device_information__struct.h\n'}
[2.574166] (px4_msgs) StdoutLine: {'line': b'-- Up-to-date symlink: /home/carlos/ros2_ws/install/px4_msgs/include/px4_msgs/px4_msgs/msg/detail/gimbal_device_information__type_support.h\n'}
[2.574270] (px4_msgs) StdoutLine: {'line': b'-- Up-to-date symlink: /home/carlos/ros2_ws/install/px4_msgs/include/px4_msgs/px4_msgs/msg/detail/gimbal_device_set_attitude__functions.h\n'}
[2.574369] (px4_msgs) StdoutLine: {'line': b'-- Up-to-date symlink: /home/carlos/ros2_ws/install/px4_msgs/include/px4_msgs/px4_msgs/msg/detail/gimbal_device_set_attitude__struct.h\n'}
[2.574469] (px4_msgs) StdoutLine: {'line': b'-- Up-to-date symlink: /home/carlos/ros2_ws/install/px4_msgs/include/px4_msgs/px4_msgs/msg/detail/gimbal_device_set_attitude__type_support.h\n'}
[2.574571] (px4_msgs) StdoutLine: {'line': b'-- Up-to-date symlink: /home/carlos/ros2_ws/install/px4_msgs/include/px4_msgs/px4_msgs/msg/detail/gimbal_manager_information__functions.h\n'}
[2.574672] (px4_msgs) StdoutLine: {'line': b'-- Up-to-date symlink: /home/carlos/ros2_ws/install/px4_msgs/include/px4_msgs/px4_msgs/msg/detail/gimbal_manager_information__struct.h\n'}
[2.574784] (px4_msgs) StdoutLine: {'line': b'-- Up-to-date symlink: /home/carlos/ros2_ws/install/px4_msgs/include/px4_msgs/px4_msgs/msg/detail/gimbal_manager_information__type_support.h\n'}
[2.574890] (px4_msgs) StdoutLine: {'line': b'-- Up-to-date symlink: /home/carlos/ros2_ws/install/px4_msgs/include/px4_msgs/px4_msgs/msg/detail/gimbal_manager_set_attitude__functions.h\n'}
[2.574989] (px4_msgs) StdoutLine: {'line': b'-- Up-to-date symlink: /home/carlos/ros2_ws/install/px4_msgs/include/px4_msgs/px4_msgs/msg/detail/gimbal_manager_set_attitude__struct.h\n'}
[2.575093] (px4_msgs) StdoutLine: {'line': b'-- Up-to-date symlink: /home/carlos/ros2_ws/install/px4_msgs/include/px4_msgs/px4_msgs/msg/detail/gimbal_manager_set_attitude__type_support.h\n'}
[2.575195] (px4_msgs) StdoutLine: {'line': b'-- Up-to-date symlink: /home/carlos/ros2_ws/install/px4_msgs/include/px4_msgs/px4_msgs/msg/detail/gimbal_manager_set_manual_control__functions.h\n'}
[2.575297] (px4_msgs) StdoutLine: {'line': b'-- Up-to-date symlink: /home/carlos/ros2_ws/install/px4_msgs/include/px4_msgs/px4_msgs/msg/detail/gimbal_manager_set_manual_control__struct.h\n'}
[2.575400] (px4_msgs) StdoutLine: {'line': b'-- Up-to-date symlink: /home/carlos/ros2_ws/install/px4_msgs/include/px4_msgs/px4_msgs/msg/detail/gimbal_manager_set_manual_control__type_support.h\n'}
[2.575502] (px4_msgs) StdoutLine: {'line': b'-- Up-to-date symlink: /home/carlos/ros2_ws/install/px4_msgs/include/px4_msgs/px4_msgs/msg/detail/gimbal_manager_status__functions.h\n'}
[2.575605] (px4_msgs) StdoutLine: {'line': b'-- Up-to-date symlink: /home/carlos/ros2_ws/install/px4_msgs/include/px4_msgs/px4_msgs/msg/detail/gimbal_manager_status__struct.h\n'}
[2.575707] (px4_msgs) StdoutLine: {'line': b'-- Up-to-date symlink: /home/carlos/ros2_ws/install/px4_msgs/include/px4_msgs/px4_msgs/msg/detail/gimbal_manager_status__type_support.h\n'}
[2.575817] (px4_msgs) StdoutLine: {'line': b'-- Up-to-date symlink: /home/carlos/ros2_ws/install/px4_msgs/include/px4_msgs/px4_msgs/msg/detail/goto_setpoint__functions.h\n'}
[2.575927] (px4_msgs) StdoutLine: {'line': b'-- Up-to-date symlink: /home/carlos/ros2_ws/install/px4_msgs/include/px4_msgs/px4_msgs/msg/detail/goto_setpoint__struct.h\n'}
[2.576030] (px4_msgs) StdoutLine: {'line': b'-- Up-to-date symlink: /home/carlos/ros2_ws/install/px4_msgs/include/px4_msgs/px4_msgs/msg/detail/goto_setpoint__type_support.h\n'}
[2.576133] (px4_msgs) StdoutLine: {'line': b'-- Up-to-date symlink: /home/carlos/ros2_ws/install/px4_msgs/include/px4_msgs/px4_msgs/msg/detail/gpio_config__functions.h\n'}
[2.576236] (px4_msgs) StdoutLine: {'line': b'-- Up-to-date symlink: /home/carlos/ros2_ws/install/px4_msgs/include/px4_msgs/px4_msgs/msg/detail/gpio_config__struct.h\n'}
[2.576339] (px4_msgs) StdoutLine: {'line': b'-- Up-to-date symlink: /home/carlos/ros2_ws/install/px4_msgs/include/px4_msgs/px4_msgs/msg/detail/gpio_config__type_support.h\n'}
[2.576442] (px4_msgs) StdoutLine: {'line': b'-- Up-to-date symlink: /home/carlos/ros2_ws/install/px4_msgs/include/px4_msgs/px4_msgs/msg/detail/gpio_in__functions.h\n'}
[2.576544] (px4_msgs) StdoutLine: {'line': b'-- Up-to-date symlink: /home/carlos/ros2_ws/install/px4_msgs/include/px4_msgs/px4_msgs/msg/detail/gpio_in__struct.h\n'}
[2.576647] (px4_msgs) StdoutLine: {'line': b'-- Up-to-date symlink: /home/carlos/ros2_ws/install/px4_msgs/include/px4_msgs/px4_msgs/msg/detail/gpio_in__type_support.h\n'}
[2.576762] (px4_msgs) StdoutLine: {'line': b'-- Up-to-date symlink: /home/carlos/ros2_ws/install/px4_msgs/include/px4_msgs/px4_msgs/msg/detail/gpio_out__functions.h\n'}
[2.576867] (px4_msgs) StdoutLine: {'line': b'-- Up-to-date symlink: /home/carlos/ros2_ws/install/px4_msgs/include/px4_msgs/px4_msgs/msg/detail/gpio_out__struct.h\n'}
[2.576970] (px4_msgs) StdoutLine: {'line': b'-- Up-to-date symlink: /home/carlos/ros2_ws/install/px4_msgs/include/px4_msgs/px4_msgs/msg/detail/gpio_out__type_support.h\n'}
[2.577072] (px4_msgs) StdoutLine: {'line': b'-- Up-to-date symlink: /home/carlos/ros2_ws/install/px4_msgs/include/px4_msgs/px4_msgs/msg/detail/gpio_request__functions.h\n'}
[2.577174] (px4_msgs) StdoutLine: {'line': b'-- Up-to-date symlink: /home/carlos/ros2_ws/install/px4_msgs/include/px4_msgs/px4_msgs/msg/detail/gpio_request__struct.h\n'}
[2.577277] (px4_msgs) StdoutLine: {'line': b'-- Up-to-date symlink: /home/carlos/ros2_ws/install/px4_msgs/include/px4_msgs/px4_msgs/msg/detail/gpio_request__type_support.h\n'}
[2.577379] (px4_msgs) StdoutLine: {'line': b'-- Up-to-date symlink: /home/carlos/ros2_ws/install/px4_msgs/include/px4_msgs/px4_msgs/msg/detail/gps_dump__functions.h\n'}
[2.577482] (px4_msgs) StdoutLine: {'line': b'-- Up-to-date symlink: /home/carlos/ros2_ws/install/px4_msgs/include/px4_msgs/px4_msgs/msg/detail/gps_dump__struct.h\n'}
[2.577584] (px4_msgs) StdoutLine: {'line': b'-- Up-to-date symlink: /home/carlos/ros2_ws/install/px4_msgs/include/px4_msgs/px4_msgs/msg/detail/gps_dump__type_support.h\n'}
[2.577687] (px4_msgs) StdoutLine: {'line': b'-- Up-to-date symlink: /home/carlos/ros2_ws/install/px4_msgs/include/px4_msgs/px4_msgs/msg/detail/gps_inject_data__functions.h\n'}
[2.577798] (px4_msgs) StdoutLine: {'line': b'-- Up-to-date symlink: /home/carlos/ros2_ws/install/px4_msgs/include/px4_msgs/px4_msgs/msg/detail/gps_inject_data__struct.h\n'}
[2.577907] (px4_msgs) StdoutLine: {'line': b'-- Up-to-date symlink: /home/carlos/ros2_ws/install/px4_msgs/include/px4_msgs/px4_msgs/msg/detail/gps_inject_data__type_support.h\n'}
[2.578005] (px4_msgs) StdoutLine: {'line': b'-- Up-to-date symlink: /home/carlos/ros2_ws/install/px4_msgs/include/px4_msgs/px4_msgs/msg/detail/gripper__functions.h\n'}
[2.578105] (px4_msgs) StdoutLine: {'line': b'-- Up-to-date symlink: /home/carlos/ros2_ws/install/px4_msgs/include/px4_msgs/px4_msgs/msg/detail/gripper__struct.h\n'}
[2.578212] (px4_msgs) StdoutLine: {'line': b'-- Up-to-date symlink: /home/carlos/ros2_ws/install/px4_msgs/include/px4_msgs/px4_msgs/msg/detail/gripper__type_support.h\n'}
[2.578314] (px4_msgs) StdoutLine: {'line': b'-- Up-to-date symlink: /home/carlos/ros2_ws/install/px4_msgs/include/px4_msgs/px4_msgs/msg/detail/health_report__functions.h\n'}
[2.578414] (px4_msgs) StdoutLine: {'line': b'-- Up-to-date symlink: /home/carlos/ros2_ws/install/px4_msgs/include/px4_msgs/px4_msgs/msg/detail/health_report__struct.h\n'}
[2.578516] (px4_msgs) StdoutLine: {'line': b'-- Up-to-date symlink: /home/carlos/ros2_ws/install/px4_msgs/include/px4_msgs/px4_msgs/msg/detail/health_report__type_support.h\n'}
[2.578617] (px4_msgs) StdoutLine: {'line': b'-- Up-to-date symlink: /home/carlos/ros2_ws/install/px4_msgs/include/px4_msgs/px4_msgs/msg/detail/heater_status__functions.h\n'}
[2.578717] (px4_msgs) StdoutLine: {'line': b'-- Up-to-date symlink: /home/carlos/ros2_ws/install/px4_msgs/include/px4_msgs/px4_msgs/msg/detail/heater_status__struct.h\n'}
[2.578830] (px4_msgs) StdoutLine: {'line': b'-- Up-to-date symlink: /home/carlos/ros2_ws/install/px4_msgs/include/px4_msgs/px4_msgs/msg/detail/heater_status__type_support.h\n'}
[2.578932] (px4_msgs) StdoutLine: {'line': b'-- Up-to-date symlink: /home/carlos/ros2_ws/install/px4_msgs/include/px4_msgs/px4_msgs/msg/detail/home_position__functions.h\n'}
[2.579033] (px4_msgs) StdoutLine: {'line': b'-- Up-to-date symlink: /home/carlos/ros2_ws/install/px4_msgs/include/px4_msgs/px4_msgs/msg/detail/home_position__struct.h\n'}
[2.579136] (px4_msgs) StdoutLine: {'line': b'-- Up-to-date symlink: /home/carlos/ros2_ws/install/px4_msgs/include/px4_msgs/px4_msgs/msg/detail/home_position__type_support.h\n'}
[2.579243] (px4_msgs) StdoutLine: {'line': b'-- Up-to-date symlink: /home/carlos/ros2_ws/install/px4_msgs/include/px4_msgs/px4_msgs/msg/detail/hover_thrust_estimate__functions.h\n'}
[2.579348] (px4_msgs) StdoutLine: {'line': b'-- Up-to-date symlink: /home/carlos/ros2_ws/install/px4_msgs/include/px4_msgs/px4_msgs/msg/detail/hover_thrust_estimate__struct.h\n'}
[2.579450] (px4_msgs) StdoutLine: {'line': b'-- Up-to-date symlink: /home/carlos/ros2_ws/install/px4_msgs/include/px4_msgs/px4_msgs/msg/detail/hover_thrust_estimate__type_support.h\n'}
[2.579552] (px4_msgs) StdoutLine: {'line': b'-- Up-to-date symlink: /home/carlos/ros2_ws/install/px4_msgs/include/px4_msgs/px4_msgs/msg/detail/input_rc__functions.h\n'}
[2.579655] (px4_msgs) StdoutLine: {'line': b'-- Up-to-date symlink: /home/carlos/ros2_ws/install/px4_msgs/include/px4_msgs/px4_msgs/msg/detail/input_rc__struct.h\n'}
[2.579769] (px4_msgs) StdoutLine: {'line': b'-- Up-to-date symlink: /home/carlos/ros2_ws/install/px4_msgs/include/px4_msgs/px4_msgs/msg/detail/input_rc__type_support.h\n'}
[2.579871] (px4_msgs) StdoutLine: {'line': b'-- Up-to-date symlink: /home/carlos/ros2_ws/install/px4_msgs/include/px4_msgs/px4_msgs/msg/detail/internal_combustion_engine_control__functions.h\n'}
[2.579975] (px4_msgs) StdoutLine: {'line': b'-- Up-to-date symlink: /home/carlos/ros2_ws/install/px4_msgs/include/px4_msgs/px4_msgs/msg/detail/internal_combustion_engine_control__struct.h\n'}
[2.580079] (px4_msgs) StdoutLine: {'line': b'-- Up-to-date symlink: /home/carlos/ros2_ws/install/px4_msgs/include/px4_msgs/px4_msgs/msg/detail/internal_combustion_engine_control__type_support.h\n'}
[2.580183] (px4_msgs) StdoutLine: {'line': b'-- Up-to-date symlink: /home/carlos/ros2_ws/install/px4_msgs/include/px4_msgs/px4_msgs/msg/detail/internal_combustion_engine_status__functions.h\n'}
[2.580287] (px4_msgs) StdoutLine: {'line': b'-- Up-to-date symlink: /home/carlos/ros2_ws/install/px4_msgs/include/px4_msgs/px4_msgs/msg/detail/internal_combustion_engine_status__struct.h\n'}
[2.580385] (px4_msgs) StdoutLine: {'line': b'-- Up-to-date symlink: /home/carlos/ros2_ws/install/px4_msgs/include/px4_msgs/px4_msgs/msg/detail/internal_combustion_engine_status__type_support.h\n'}
[2.580491] (px4_msgs) StdoutLine: {'line': b'-- Up-to-date symlink: /home/carlos/ros2_ws/install/px4_msgs/include/px4_msgs/px4_msgs/msg/detail/iridiumsbd_status__functions.h\n'}
[2.580593] (px4_msgs) StdoutLine: {'line': b'-- Up-to-date symlink: /home/carlos/ros2_ws/install/px4_msgs/include/px4_msgs/px4_msgs/msg/detail/iridiumsbd_status__struct.h\n'}
[2.580697] (px4_msgs) StdoutLine: {'line': b'-- Up-to-date symlink: /home/carlos/ros2_ws/install/px4_msgs/include/px4_msgs/px4_msgs/msg/detail/iridiumsbd_status__type_support.h\n'}
[2.580807] (px4_msgs) StdoutLine: {'line': b'-- Up-to-date symlink: /home/carlos/ros2_ws/install/px4_msgs/include/px4_msgs/px4_msgs/msg/detail/irlock_report__functions.h\n'}
[2.580915] (px4_msgs) StdoutLine: {'line': b'-- Up-to-date symlink: /home/carlos/ros2_ws/install/px4_msgs/include/px4_msgs/px4_msgs/msg/detail/irlock_report__struct.h\n'}
[2.581017] (px4_msgs) StdoutLine: {'line': b'-- Up-to-date symlink: /home/carlos/ros2_ws/install/px4_msgs/include/px4_msgs/px4_msgs/msg/detail/irlock_report__type_support.h\n'}
[2.581120] (px4_msgs) StdoutLine: {'line': b'-- Up-to-date symlink: /home/carlos/ros2_ws/install/px4_msgs/include/px4_msgs/px4_msgs/msg/detail/landing_gear__functions.h\n'}
[2.581222] (px4_msgs) StdoutLine: {'line': b'-- Up-to-date symlink: /home/carlos/ros2_ws/install/px4_msgs/include/px4_msgs/px4_msgs/msg/detail/landing_gear__struct.h\n'}
[2.581324] (px4_msgs) StdoutLine: {'line': b'-- Up-to-date symlink: /home/carlos/ros2_ws/install/px4_msgs/include/px4_msgs/px4_msgs/msg/detail/landing_gear__type_support.h\n'}
[2.581426] (px4_msgs) StdoutLine: {'line': b'-- Up-to-date symlink: /home/carlos/ros2_ws/install/px4_msgs/include/px4_msgs/px4_msgs/msg/detail/landing_gear_wheel__functions.h\n'}
[2.581529] (px4_msgs) StdoutLine: {'line': b'-- Up-to-date symlink: /home/carlos/ros2_ws/install/px4_msgs/include/px4_msgs/px4_msgs/msg/detail/landing_gear_wheel__struct.h\n'}
[2.581638] (px4_msgs) StdoutLine: {'line': b'-- Up-to-date symlink: /home/carlos/ros2_ws/install/px4_msgs/include/px4_msgs/px4_msgs/msg/detail/landing_gear_wheel__type_support.h\n'}
[2.581741] (px4_msgs) StdoutLine: {'line': b'-- Up-to-date symlink: /home/carlos/ros2_ws/install/px4_msgs/include/px4_msgs/px4_msgs/msg/detail/landing_target_innovations__functions.h\n'}
[2.581855] (px4_msgs) StdoutLine: {'line': b'-- Up-to-date symlink: /home/carlos/ros2_ws/install/px4_msgs/include/px4_msgs/px4_msgs/msg/detail/landing_target_innovations__struct.h\n'}
[2.581960] (px4_msgs) StdoutLine: {'line': b'-- Up-to-date symlink: /home/carlos/ros2_ws/install/px4_msgs/include/px4_msgs/px4_msgs/msg/detail/landing_target_innovations__type_support.h\n'}
[2.582062] (px4_msgs) StdoutLine: {'line': b'-- Up-to-date symlink: /home/carlos/ros2_ws/install/px4_msgs/include/px4_msgs/px4_msgs/msg/detail/landing_target_pose__functions.h\n'}
[2.582171] (px4_msgs) StdoutLine: {'line': b'-- Up-to-date symlink: /home/carlos/ros2_ws/install/px4_msgs/include/px4_msgs/px4_msgs/msg/detail/landing_target_pose__struct.h\n'}
[2.582276] (px4_msgs) StdoutLine: {'line': b'-- Up-to-date symlink: /home/carlos/ros2_ws/install/px4_msgs/include/px4_msgs/px4_msgs/msg/detail/landing_target_pose__type_support.h\n'}
[2.582380] (px4_msgs) StdoutLine: {'line': b'-- Up-to-date symlink: /home/carlos/ros2_ws/install/px4_msgs/include/px4_msgs/px4_msgs/msg/detail/lateral_control_configuration__functions.h\n'}
[2.582483] (px4_msgs) StdoutLine: {'line': b'-- Up-to-date symlink: /home/carlos/ros2_ws/install/px4_msgs/include/px4_msgs/px4_msgs/msg/detail/lateral_control_configuration__struct.h\n'}
[2.582589] (px4_msgs) StdoutLine: {'line': b'-- Up-to-date symlink: /home/carlos/ros2_ws/install/px4_msgs/include/px4_msgs/px4_msgs/msg/detail/lateral_control_configuration__type_support.h\n'}
[2.582694] (px4_msgs) StdoutLine: {'line': b'-- Up-to-date symlink: /home/carlos/ros2_ws/install/px4_msgs/include/px4_msgs/px4_msgs/msg/detail/launch_detection_status__functions.h\n'}
[2.582799] (px4_msgs) StdoutLine: {'line': b'-- Up-to-date symlink: /home/carlos/ros2_ws/install/px4_msgs/include/px4_msgs/px4_msgs/msg/detail/launch_detection_status__struct.h\n'}
[2.582908] (px4_msgs) StdoutLine: {'line': b'-- Up-to-date symlink: /home/carlos/ros2_ws/install/px4_msgs/include/px4_msgs/px4_msgs/msg/detail/launch_detection_status__type_support.h\n'}
[2.583010] (px4_msgs) StdoutLine: {'line': b'-- Up-to-date symlink: /home/carlos/ros2_ws/install/px4_msgs/include/px4_msgs/px4_msgs/msg/detail/led_control__functions.h\n'}
[2.583112] (px4_msgs) StdoutLine: {'line': b'-- Up-to-date symlink: /home/carlos/ros2_ws/install/px4_msgs/include/px4_msgs/px4_msgs/msg/detail/led_control__struct.h\n'}
[2.583213] (px4_msgs) StdoutLine: {'line': b'-- Up-to-date symlink: /home/carlos/ros2_ws/install/px4_msgs/include/px4_msgs/px4_msgs/msg/detail/led_control__type_support.h\n'}
[2.583316] (px4_msgs) StdoutLine: {'line': b'-- Up-to-date symlink: /home/carlos/ros2_ws/install/px4_msgs/include/px4_msgs/px4_msgs/msg/detail/log_message__functions.h\n'}
[2.583417] (px4_msgs) StdoutLine: {'line': b'-- Up-to-date symlink: /home/carlos/ros2_ws/install/px4_msgs/include/px4_msgs/px4_msgs/msg/detail/log_message__struct.h\n'}
[2.583518] (px4_msgs) StdoutLine: {'line': b'-- Up-to-date symlink: /home/carlos/ros2_ws/install/px4_msgs/include/px4_msgs/px4_msgs/msg/detail/log_message__type_support.h\n'}
[2.583620] (px4_msgs) StdoutLine: {'line': b'-- Up-to-date symlink: /home/carlos/ros2_ws/install/px4_msgs/include/px4_msgs/px4_msgs/msg/detail/logger_status__functions.h\n'}
[2.583721] (px4_msgs) StdoutLine: {'line': b'-- Up-to-date symlink: /home/carlos/ros2_ws/install/px4_msgs/include/px4_msgs/px4_msgs/msg/detail/logger_status__struct.h\n'}
[2.583837] (px4_msgs) StdoutLine: {'line': b'-- Up-to-date symlink: /home/carlos/ros2_ws/install/px4_msgs/include/px4_msgs/px4_msgs/msg/detail/logger_status__type_support.h\n'}
[2.583945] (px4_msgs) StdoutLine: {'line': b'-- Up-to-date symlink: /home/carlos/ros2_ws/install/px4_msgs/include/px4_msgs/px4_msgs/msg/detail/longitudinal_control_configuration__functions.h\n'}
[2.584049] (px4_msgs) StdoutLine: {'line': b'-- Up-to-date symlink: /home/carlos/ros2_ws/install/px4_msgs/include/px4_msgs/px4_msgs/msg/detail/longitudinal_control_configuration__struct.h\n'}
[2.584152] (px4_msgs) StdoutLine: {'line': b'-- Up-to-date symlink: /home/carlos/ros2_ws/install/px4_msgs/include/px4_msgs/px4_msgs/msg/detail/longitudinal_control_configuration__type_support.h\n'}
[2.584254] (px4_msgs) StdoutLine: {'line': b'-- Up-to-date symlink: /home/carlos/ros2_ws/install/px4_msgs/include/px4_msgs/px4_msgs/msg/detail/mag_worker_data__functions.h\n'}
[2.584362] (px4_msgs) StdoutLine: {'line': b'-- Up-to-date symlink: /home/carlos/ros2_ws/install/px4_msgs/include/px4_msgs/px4_msgs/msg/detail/mag_worker_data__struct.h\n'}
[2.584481] (px4_msgs) StdoutLine: {'line': b'-- Up-to-date symlink: /home/carlos/ros2_ws/install/px4_msgs/include/px4_msgs/px4_msgs/msg/detail/mag_worker_data__type_support.h\n'}
[2.584586] (px4_msgs) StdoutLine: {'line': b'-- Up-to-date symlink: /home/carlos/ros2_ws/install/px4_msgs/include/px4_msgs/px4_msgs/msg/detail/magnetometer_bias_estimate__functions.h\n'}
[2.584689] (px4_msgs) StdoutLine: {'line': b'-- Up-to-date symlink: /home/carlos/ros2_ws/install/px4_msgs/include/px4_msgs/px4_msgs/msg/detail/magnetometer_bias_estimate__struct.h\n'}
[2.584800] (px4_msgs) StdoutLine: {'line': b'-- Up-to-date symlink: /home/carlos/ros2_ws/install/px4_msgs/include/px4_msgs/px4_msgs/msg/detail/magnetometer_bias_estimate__type_support.h\n'}
[2.584910] (px4_msgs) StdoutLine: {'line': b'-- Up-to-date symlink: /home/carlos/ros2_ws/install/px4_msgs/include/px4_msgs/px4_msgs/msg/detail/manual_control_setpoint__functions.h\n'}
[2.585012] (px4_msgs) StdoutLine: {'line': b'-- Up-to-date symlink: /home/carlos/ros2_ws/install/px4_msgs/include/px4_msgs/px4_msgs/msg/detail/manual_control_setpoint__struct.h\n'}
[2.585116] (px4_msgs) StdoutLine: {'line': b'-- Up-to-date symlink: /home/carlos/ros2_ws/install/px4_msgs/include/px4_msgs/px4_msgs/msg/detail/manual_control_setpoint__type_support.h\n'}
[2.585214] (px4_msgs) StdoutLine: {'line': b'-- Up-to-date symlink: /home/carlos/ros2_ws/install/px4_msgs/include/px4_msgs/px4_msgs/msg/detail/manual_control_switches__functions.h\n'}
[2.585319] (px4_msgs) StdoutLine: {'line': b'-- Up-to-date symlink: /home/carlos/ros2_ws/install/px4_msgs/include/px4_msgs/px4_msgs/msg/detail/manual_control_switches__struct.h\n'}
[2.585425] (px4_msgs) StdoutLine: {'line': b'-- Up-to-date symlink: /home/carlos/ros2_ws/install/px4_msgs/include/px4_msgs/px4_msgs/msg/detail/manual_control_switches__type_support.h\n'}
[2.585528] (px4_msgs) StdoutLine: {'line': b'-- Up-to-date symlink: /home/carlos/ros2_ws/install/px4_msgs/include/px4_msgs/px4_msgs/msg/detail/mavlink_log__functions.h\n'}
[2.585632] (px4_msgs) StdoutLine: {'line': b'-- Up-to-date symlink: /home/carlos/ros2_ws/install/px4_msgs/include/px4_msgs/px4_msgs/msg/detail/mavlink_log__struct.h\n'}
[2.585737] (px4_msgs) StdoutLine: {'line': b'-- Up-to-date symlink: /home/carlos/ros2_ws/install/px4_msgs/include/px4_msgs/px4_msgs/msg/detail/mavlink_log__type_support.h\n'}
[2.585852] (px4_msgs) StdoutLine: {'line': b'-- Up-to-date symlink: /home/carlos/ros2_ws/install/px4_msgs/include/px4_msgs/px4_msgs/msg/detail/mavlink_tunnel__functions.h\n'}
[2.585956] (px4_msgs) StdoutLine: {'line': b'-- Up-to-date symlink: /home/carlos/ros2_ws/install/px4_msgs/include/px4_msgs/px4_msgs/msg/detail/mavlink_tunnel__struct.h\n'}
[2.586062] (px4_msgs) StdoutLine: {'line': b'-- Up-to-date symlink: /home/carlos/ros2_ws/install/px4_msgs/include/px4_msgs/px4_msgs/msg/detail/mavlink_tunnel__type_support.h\n'}
[2.586172] (px4_msgs) StdoutLine: {'line': b'-- Up-to-date symlink: /home/carlos/ros2_ws/install/px4_msgs/include/px4_msgs/px4_msgs/msg/detail/message_format_request__functions.h\n'}
[2.586278] (px4_msgs) StdoutLine: {'line': b'-- Up-to-date symlink: /home/carlos/ros2_ws/install/px4_msgs/include/px4_msgs/px4_msgs/msg/detail/message_format_request__struct.h\n'}
[2.586382] (px4_msgs) StdoutLine: {'line': b'-- Up-to-date symlink: /home/carlos/ros2_ws/install/px4_msgs/include/px4_msgs/px4_msgs/msg/detail/message_format_request__type_support.h\n'}
[2.586485] (px4_msgs) StdoutLine: {'line': b'-- Up-to-date symlink: /home/carlos/ros2_ws/install/px4_msgs/include/px4_msgs/px4_msgs/msg/detail/message_format_response__functions.h\n'}
[2.586589] (px4_msgs) StdoutLine: {'line': b'-- Up-to-date symlink: /home/carlos/ros2_ws/install/px4_msgs/include/px4_msgs/px4_msgs/msg/detail/message_format_response__struct.h\n'}
[2.586692] (px4_msgs) StdoutLine: {'line': b'-- Up-to-date symlink: /home/carlos/ros2_ws/install/px4_msgs/include/px4_msgs/px4_msgs/msg/detail/message_format_response__type_support.h\n'}
[2.586909] (px4_msgs) StdoutLine: {'line': b'-- Up-to-date symlink: /home/carlos/ros2_ws/install/px4_msgs/include/px4_msgs/px4_msgs/msg/detail/mission__functions.h\n'}
[2.587138] (px4_msgs) StdoutLine: {'line': b'-- Up-to-date symlink: /home/carlos/ros2_ws/install/px4_msgs/include/px4_msgs/px4_msgs/msg/detail/mission__struct.h\n'}
[2.587346] (px4_msgs) StdoutLine: {'line': b'-- Up-to-date symlink: /home/carlos/ros2_ws/install/px4_msgs/include/px4_msgs/px4_msgs/msg/detail/mission__type_support.h\n'}
[2.587486] (px4_msgs) StdoutLine: {'line': b'-- Up-to-date symlink: /home/carlos/ros2_ws/install/px4_msgs/include/px4_msgs/px4_msgs/msg/detail/mission_result__functions.h\n'}
[2.587676] (px4_msgs) StdoutLine: {'line': b'-- Up-to-date symlink: /home/carlos/ros2_ws/install/px4_msgs/include/px4_msgs/px4_msgs/msg/detail/mission_result__struct.h\n'}
[2.587807] (px4_msgs) StdoutLine: {'line': b'-- Up-to-date symlink: /home/carlos/ros2_ws/install/px4_msgs/include/px4_msgs/px4_msgs/msg/detail/mission_result__type_support.h\n'}
[2.587909] (px4_msgs) StdoutLine: {'line': b'-- Up-to-date symlink: /home/carlos/ros2_ws/install/px4_msgs/include/px4_msgs/px4_msgs/msg/detail/mode_completed__functions.h\n'}
[2.587989] (px4_msgs) StdoutLine: {'line': b'-- Up-to-date symlink: /home/carlos/ros2_ws/install/px4_msgs/include/px4_msgs/px4_msgs/msg/detail/mode_completed__struct.h\n'}
[2.588058] (px4_msgs) StdoutLine: {'line': b'-- Up-to-date symlink: /home/carlos/ros2_ws/install/px4_msgs/include/px4_msgs/px4_msgs/msg/detail/mode_completed__type_support.h\n'}
[2.588125] (px4_msgs) StdoutLine: {'line': b'-- Up-to-date symlink: /home/carlos/ros2_ws/install/px4_msgs/include/px4_msgs/px4_msgs/msg/detail/mount_orientation__functions.h\n'}
[2.588199] (px4_msgs) StdoutLine: {'line': b'-- Up-to-date symlink: /home/carlos/ros2_ws/install/px4_msgs/include/px4_msgs/px4_msgs/msg/detail/mount_orientation__struct.h\n'}
[2.588277] (px4_msgs) StdoutLine: {'line': b'-- Up-to-date symlink: /home/carlos/ros2_ws/install/px4_msgs/include/px4_msgs/px4_msgs/msg/detail/mount_orientation__type_support.h\n'}
[2.588349] (px4_msgs) StdoutLine: {'line': b'-- Up-to-date symlink: /home/carlos/ros2_ws/install/px4_msgs/include/px4_msgs/px4_msgs/msg/detail/navigator_mission_item__functions.h\n'}
[2.588409] (px4_msgs) StdoutLine: {'line': b'-- Up-to-date symlink: /home/carlos/ros2_ws/install/px4_msgs/include/px4_msgs/px4_msgs/msg/detail/navigator_mission_item__struct.h\n'}
[2.588481] (px4_msgs) StdoutLine: {'line': b'-- Up-to-date symlink: /home/carlos/ros2_ws/install/px4_msgs/include/px4_msgs/px4_msgs/msg/detail/navigator_mission_item__type_support.h\n'}
[2.588562] (px4_msgs) StdoutLine: {'line': b'-- Up-to-date symlink: /home/carlos/ros2_ws/install/px4_msgs/include/px4_msgs/px4_msgs/msg/detail/navigator_status__functions.h\n'}
[2.588636] (px4_msgs) StdoutLine: {'line': b'-- Up-to-date symlink: /home/carlos/ros2_ws/install/px4_msgs/include/px4_msgs/px4_msgs/msg/detail/navigator_status__struct.h\n'}
[2.588722] (px4_msgs) StdoutLine: {'line': b'-- Up-to-date symlink: /home/carlos/ros2_ws/install/px4_msgs/include/px4_msgs/px4_msgs/msg/detail/navigator_status__type_support.h\n'}
[2.588840] (px4_msgs) StdoutLine: {'line': b'-- Up-to-date symlink: /home/carlos/ros2_ws/install/px4_msgs/include/px4_msgs/px4_msgs/msg/detail/neural_control__functions.h\n'}
[2.588971] (px4_msgs) StdoutLine: {'line': b'-- Up-to-date symlink: /home/carlos/ros2_ws/install/px4_msgs/include/px4_msgs/px4_msgs/msg/detail/neural_control__struct.h\n'}
[2.589085] (px4_msgs) StdoutLine: {'line': b'-- Up-to-date symlink: /home/carlos/ros2_ws/install/px4_msgs/include/px4_msgs/px4_msgs/msg/detail/neural_control__type_support.h\n'}
[2.589179] (px4_msgs) StdoutLine: {'line': b'-- Up-to-date symlink: /home/carlos/ros2_ws/install/px4_msgs/include/px4_msgs/px4_msgs/msg/detail/normalized_unsigned_setpoint__functions.h\n'}
[2.589288] (px4_msgs) StdoutLine: {'line': b'-- Up-to-date symlink: /home/carlos/ros2_ws/install/px4_msgs/include/px4_msgs/px4_msgs/msg/detail/normalized_unsigned_setpoint__struct.h\n'}
[2.589400] (px4_msgs) StdoutLine: {'line': b'-- Up-to-date symlink: /home/carlos/ros2_ws/install/px4_msgs/include/px4_msgs/px4_msgs/msg/detail/normalized_unsigned_setpoint__type_support.h\n'}
[2.589510] (px4_msgs) StdoutLine: {'line': b'-- Up-to-date symlink: /home/carlos/ros2_ws/install/px4_msgs/include/px4_msgs/px4_msgs/msg/detail/obstacle_distance__functions.h\n'}
[2.589625] (px4_msgs) StdoutLine: {'line': b'-- Up-to-date symlink: /home/carlos/ros2_ws/install/px4_msgs/include/px4_msgs/px4_msgs/msg/detail/obstacle_distance__struct.h\n'}
[2.589736] (px4_msgs) StdoutLine: {'line': b'-- Up-to-date symlink: /home/carlos/ros2_ws/install/px4_msgs/include/px4_msgs/px4_msgs/msg/detail/obstacle_distance__type_support.h\n'}
[2.589863] (px4_msgs) StdoutLine: {'line': b'-- Up-to-date symlink: /home/carlos/ros2_ws/install/px4_msgs/include/px4_msgs/px4_msgs/msg/detail/offboard_control_mode__functions.h\n'}
[2.590000] (px4_msgs) StdoutLine: {'line': b'-- Up-to-date symlink: /home/carlos/ros2_ws/install/px4_msgs/include/px4_msgs/px4_msgs/msg/detail/offboard_control_mode__struct.h\n'}
[2.590092] (px4_msgs) StdoutLine: {'line': b'-- Up-to-date symlink: /home/carlos/ros2_ws/install/px4_msgs/include/px4_msgs/px4_msgs/msg/detail/offboard_control_mode__type_support.h\n'}
[2.590198] (px4_msgs) StdoutLine: {'line': b'-- Up-to-date symlink: /home/carlos/ros2_ws/install/px4_msgs/include/px4_msgs/px4_msgs/msg/detail/onboard_computer_status__functions.h\n'}
[2.590295] (px4_msgs) StdoutLine: {'line': b'-- Up-to-date symlink: /home/carlos/ros2_ws/install/px4_msgs/include/px4_msgs/px4_msgs/msg/detail/onboard_computer_status__struct.h\n'}
[2.590395] (px4_msgs) StdoutLine: {'line': b'-- Up-to-date symlink: /home/carlos/ros2_ws/install/px4_msgs/include/px4_msgs/px4_msgs/msg/detail/onboard_computer_status__type_support.h\n'}
[2.590501] (px4_msgs) StdoutLine: {'line': b'-- Up-to-date symlink: /home/carlos/ros2_ws/install/px4_msgs/include/px4_msgs/px4_msgs/msg/detail/open_drone_id_arm_status__functions.h\n'}
[2.590606] (px4_msgs) StdoutLine: {'line': b'-- Up-to-date symlink: /home/carlos/ros2_ws/install/px4_msgs/include/px4_msgs/px4_msgs/msg/detail/open_drone_id_arm_status__struct.h\n'}
[2.590710] (px4_msgs) StdoutLine: {'line': b'-- Up-to-date symlink: /home/carlos/ros2_ws/install/px4_msgs/include/px4_msgs/px4_msgs/msg/detail/open_drone_id_arm_status__type_support.h\n'}
[2.590906] (px4_msgs) StdoutLine: {'line': b'-- Up-to-date symlink: /home/carlos/ros2_ws/install/px4_msgs/include/px4_msgs/px4_msgs/msg/detail/open_drone_id_operator_id__functions.h\n'}
[2.591028] (px4_msgs) StdoutLine: {'line': b'-- Up-to-date symlink: /home/carlos/ros2_ws/install/px4_msgs/include/px4_msgs/px4_msgs/msg/detail/open_drone_id_operator_id__struct.h\n'}
[2.591142] (px4_msgs) StdoutLine: {'line': b'-- Up-to-date symlink: /home/carlos/ros2_ws/install/px4_msgs/include/px4_msgs/px4_msgs/msg/detail/open_drone_id_operator_id__type_support.h\n'}
[2.591248] (px4_msgs) StdoutLine: {'line': b'-- Up-to-date symlink: /home/carlos/ros2_ws/install/px4_msgs/include/px4_msgs/px4_msgs/msg/detail/open_drone_id_self_id__functions.h\n'}
[2.591339] (px4_msgs) StdoutLine: {'line': b'-- Up-to-date symlink: /home/carlos/ros2_ws/install/px4_msgs/include/px4_msgs/px4_msgs/msg/detail/open_drone_id_self_id__struct.h\n'}
[2.591436] (px4_msgs) StdoutLine: {'line': b'-- Up-to-date symlink: /home/carlos/ros2_ws/install/px4_msgs/include/px4_msgs/px4_msgs/msg/detail/open_drone_id_self_id__type_support.h\n'}
[2.591534] (px4_msgs) StdoutLine: {'line': b'-- Up-to-date symlink: /home/carlos/ros2_ws/install/px4_msgs/include/px4_msgs/px4_msgs/msg/detail/open_drone_id_system__functions.h\n'}
[2.591612] (px4_msgs) StdoutLine: {'line': b'-- Up-to-date symlink: /home/carlos/ros2_ws/install/px4_msgs/include/px4_msgs/px4_msgs/msg/detail/open_drone_id_system__struct.h\n'}
[2.591693] (px4_msgs) StdoutLine: {'line': b'-- Up-to-date symlink: /home/carlos/ros2_ws/install/px4_msgs/include/px4_msgs/px4_msgs/msg/detail/open_drone_id_system__type_support.h\n'}
[2.591790] (px4_msgs) StdoutLine: {'line': b'-- Up-to-date symlink: /home/carlos/ros2_ws/install/px4_msgs/include/px4_msgs/px4_msgs/msg/detail/orb_test__functions.h\n'}
[2.591896] (px4_msgs) StdoutLine: {'line': b'-- Up-to-date symlink: /home/carlos/ros2_ws/install/px4_msgs/include/px4_msgs/px4_msgs/msg/detail/orb_test__struct.h\n'}
[2.592000] (px4_msgs) StdoutLine: {'line': b'-- Up-to-date symlink: /home/carlos/ros2_ws/install/px4_msgs/include/px4_msgs/px4_msgs/msg/detail/orb_test__type_support.h\n'}
[2.592102] (px4_msgs) StdoutLine: {'line': b'-- Up-to-date symlink: /home/carlos/ros2_ws/install/px4_msgs/include/px4_msgs/px4_msgs/msg/detail/orb_test_large__functions.h\n'}
[2.592205] (px4_msgs) StdoutLine: {'line': b'-- Up-to-date symlink: /home/carlos/ros2_ws/install/px4_msgs/include/px4_msgs/px4_msgs/msg/detail/orb_test_large__struct.h\n'}
[2.592310] (px4_msgs) StdoutLine: {'line': b'-- Up-to-date symlink: /home/carlos/ros2_ws/install/px4_msgs/include/px4_msgs/px4_msgs/msg/detail/orb_test_large__type_support.h\n'}
[2.592409] (px4_msgs) StdoutLine: {'line': b'-- Up-to-date symlink: /home/carlos/ros2_ws/install/px4_msgs/include/px4_msgs/px4_msgs/msg/detail/orb_test_medium__functions.h\n'}
[2.592516] (px4_msgs) StdoutLine: {'line': b'-- Up-to-date symlink: /home/carlos/ros2_ws/install/px4_msgs/include/px4_msgs/px4_msgs/msg/detail/orb_test_medium__struct.h\n'}
[2.592624] (px4_msgs) StdoutLine: {'line': b'-- Up-to-date symlink: /home/carlos/ros2_ws/install/px4_msgs/include/px4_msgs/px4_msgs/msg/detail/orb_test_medium__type_support.h\n'}
[2.592731] (px4_msgs) StdoutLine: {'line': b'-- Up-to-date symlink: /home/carlos/ros2_ws/install/px4_msgs/include/px4_msgs/px4_msgs/msg/detail/orbit_status__functions.h\n'}
[2.592852] (px4_msgs) StdoutLine: {'line': b'-- Up-to-date symlink: /home/carlos/ros2_ws/install/px4_msgs/include/px4_msgs/px4_msgs/msg/detail/orbit_status__struct.h\n'}
[2.592961] (px4_msgs) StdoutLine: {'line': b'-- Up-to-date symlink: /home/carlos/ros2_ws/install/px4_msgs/include/px4_msgs/px4_msgs/msg/detail/orbit_status__type_support.h\n'}
[2.593069] (px4_msgs) StdoutLine: {'line': b'-- Up-to-date symlink: /home/carlos/ros2_ws/install/px4_msgs/include/px4_msgs/px4_msgs/msg/detail/parameter_reset_request__functions.h\n'}
[2.593176] (px4_msgs) StdoutLine: {'line': b'-- Up-to-date symlink: /home/carlos/ros2_ws/install/px4_msgs/include/px4_msgs/px4_msgs/msg/detail/parameter_reset_request__struct.h\n'}
[2.593284] (px4_msgs) StdoutLine: {'line': b'-- Up-to-date symlink: /home/carlos/ros2_ws/install/px4_msgs/include/px4_msgs/px4_msgs/msg/detail/parameter_reset_request__type_support.h\n'}
[2.593392] (px4_msgs) StdoutLine: {'line': b'-- Up-to-date symlink: /home/carlos/ros2_ws/install/px4_msgs/include/px4_msgs/px4_msgs/msg/detail/parameter_set_used_request__functions.h\n'}
[2.593500] (px4_msgs) StdoutLine: {'line': b'-- Up-to-date symlink: /home/carlos/ros2_ws/install/px4_msgs/include/px4_msgs/px4_msgs/msg/detail/parameter_set_used_request__struct.h\n'}
[2.593606] (px4_msgs) StdoutLine: {'line': b'-- Up-to-date symlink: /home/carlos/ros2_ws/install/px4_msgs/include/px4_msgs/px4_msgs/msg/detail/parameter_set_used_request__type_support.h\n'}
[2.593709] (px4_msgs) StdoutLine: {'line': b'-- Up-to-date symlink: /home/carlos/ros2_ws/install/px4_msgs/include/px4_msgs/px4_msgs/msg/detail/parameter_set_value_request__functions.h\n'}
[2.593818] (px4_msgs) StdoutLine: {'line': b'-- Up-to-date symlink: /home/carlos/ros2_ws/install/px4_msgs/include/px4_msgs/px4_msgs/msg/detail/parameter_set_value_request__struct.h\n'}
[2.593923] (px4_msgs) StdoutLine: {'line': b'-- Up-to-date symlink: /home/carlos/ros2_ws/install/px4_msgs/include/px4_msgs/px4_msgs/msg/detail/parameter_set_value_request__type_support.h\n'}
[2.594025] (px4_msgs) StdoutLine: {'line': b'-- Up-to-date symlink: /home/carlos/ros2_ws/install/px4_msgs/include/px4_msgs/px4_msgs/msg/detail/parameter_set_value_response__functions.h\n'}
[2.594128] (px4_msgs) StdoutLine: {'line': b'-- Up-to-date symlink: /home/carlos/ros2_ws/install/px4_msgs/include/px4_msgs/px4_msgs/msg/detail/parameter_set_value_response__struct.h\n'}
[2.594231] (px4_msgs) StdoutLine: {'line': b'-- Up-to-date symlink: /home/carlos/ros2_ws/install/px4_msgs/include/px4_msgs/px4_msgs/msg/detail/parameter_set_value_response__type_support.h\n'}
[2.594333] (px4_msgs) StdoutLine: {'line': b'-- Up-to-date symlink: /home/carlos/ros2_ws/install/px4_msgs/include/px4_msgs/px4_msgs/msg/detail/parameter_update__functions.h\n'}
[2.594442] (px4_msgs) StdoutLine: {'line': b'-- Up-to-date symlink: /home/carlos/ros2_ws/install/px4_msgs/include/px4_msgs/px4_msgs/msg/detail/parameter_update__struct.h\n'}
[2.594546] (px4_msgs) StdoutLine: {'line': b'-- Up-to-date symlink: /home/carlos/ros2_ws/install/px4_msgs/include/px4_msgs/px4_msgs/msg/detail/parameter_update__type_support.h\n'}
[2.594649] (px4_msgs) StdoutLine: {'line': b'-- Up-to-date symlink: /home/carlos/ros2_ws/install/px4_msgs/include/px4_msgs/px4_msgs/msg/detail/ping__functions.h\n'}
[2.594766] (px4_msgs) StdoutLine: {'line': b'-- Up-to-date symlink: /home/carlos/ros2_ws/install/px4_msgs/include/px4_msgs/px4_msgs/msg/detail/ping__struct.h\n'}
[2.594880] (px4_msgs) StdoutLine: {'line': b'-- Up-to-date symlink: /home/carlos/ros2_ws/install/px4_msgs/include/px4_msgs/px4_msgs/msg/detail/ping__type_support.h\n'}
[2.594984] (px4_msgs) StdoutLine: {'line': b'-- Up-to-date symlink: /home/carlos/ros2_ws/install/px4_msgs/include/px4_msgs/px4_msgs/msg/detail/position_controller_landing_status__functions.h\n'}
[2.595089] (px4_msgs) StdoutLine: {'line': b'-- Up-to-date symlink: /home/carlos/ros2_ws/install/px4_msgs/include/px4_msgs/px4_msgs/msg/detail/position_controller_landing_status__struct.h\n'}
[2.595192] (px4_msgs) StdoutLine: {'line': b'-- Up-to-date symlink: /home/carlos/ros2_ws/install/px4_msgs/include/px4_msgs/px4_msgs/msg/detail/position_controller_landing_status__type_support.h\n'}
[2.595297] (px4_msgs) StdoutLine: {'line': b'-- Up-to-date symlink: /home/carlos/ros2_ws/install/px4_msgs/include/px4_msgs/px4_msgs/msg/detail/position_controller_status__functions.h\n'}
[2.595400] (px4_msgs) StdoutLine: {'line': b'-- Up-to-date symlink: /home/carlos/ros2_ws/install/px4_msgs/include/px4_msgs/px4_msgs/msg/detail/position_controller_status__struct.h\n'}
[2.595504] (px4_msgs) StdoutLine: {'line': b'-- Up-to-date symlink: /home/carlos/ros2_ws/install/px4_msgs/include/px4_msgs/px4_msgs/msg/detail/position_controller_status__type_support.h\n'}
[2.595608] (px4_msgs) StdoutLine: {'line': b'-- Up-to-date symlink: /home/carlos/ros2_ws/install/px4_msgs/include/px4_msgs/px4_msgs/msg/detail/position_setpoint__functions.h\n'}
[2.595711] (px4_msgs) StdoutLine: {'line': b'-- Up-to-date symlink: /home/carlos/ros2_ws/install/px4_msgs/include/px4_msgs/px4_msgs/msg/detail/position_setpoint__struct.h\n'}
[2.595829] (px4_msgs) StdoutLine: {'line': b'-- Up-to-date symlink: /home/carlos/ros2_ws/install/px4_msgs/include/px4_msgs/px4_msgs/msg/detail/position_setpoint__type_support.h\n'}
[2.595932] (px4_msgs) StdoutLine: {'line': b'-- Up-to-date symlink: /home/carlos/ros2_ws/install/px4_msgs/include/px4_msgs/px4_msgs/msg/detail/position_setpoint_triplet__functions.h\n'}
[2.596028] (px4_msgs) StdoutLine: {'line': b'-- Up-to-date symlink: /home/carlos/ros2_ws/install/px4_msgs/include/px4_msgs/px4_msgs/msg/detail/position_setpoint_triplet__struct.h\n'}
[2.596130] (px4_msgs) StdoutLine: {'line': b'-- Up-to-date symlink: /home/carlos/ros2_ws/install/px4_msgs/include/px4_msgs/px4_msgs/msg/detail/position_setpoint_triplet__type_support.h\n'}
[2.596232] (px4_msgs) StdoutLine: {'line': b'-- Up-to-date symlink: /home/carlos/ros2_ws/install/px4_msgs/include/px4_msgs/px4_msgs/msg/detail/power_button_state__functions.h\n'}
[2.596335] (px4_msgs) StdoutLine: {'line': b'-- Up-to-date symlink: /home/carlos/ros2_ws/install/px4_msgs/include/px4_msgs/px4_msgs/msg/detail/power_button_state__struct.h\n'}
[2.596437] (px4_msgs) StdoutLine: {'line': b'-- Up-to-date symlink: /home/carlos/ros2_ws/install/px4_msgs/include/px4_msgs/px4_msgs/msg/detail/power_button_state__type_support.h\n'}
[2.596539] (px4_msgs) StdoutLine: {'line': b'-- Up-to-date symlink: /home/carlos/ros2_ws/install/px4_msgs/include/px4_msgs/px4_msgs/msg/detail/power_monitor__functions.h\n'}
[2.596642] (px4_msgs) StdoutLine: {'line': b'-- Up-to-date symlink: /home/carlos/ros2_ws/install/px4_msgs/include/px4_msgs/px4_msgs/msg/detail/power_monitor__struct.h\n'}
[2.596744] (px4_msgs) StdoutLine: {'line': b'-- Up-to-date symlink: /home/carlos/ros2_ws/install/px4_msgs/include/px4_msgs/px4_msgs/msg/detail/power_monitor__type_support.h\n'}
[2.596859] (px4_msgs) StdoutLine: {'line': b'-- Up-to-date symlink: /home/carlos/ros2_ws/install/px4_msgs/include/px4_msgs/px4_msgs/msg/detail/pps_capture__functions.h\n'}
[2.596961] (px4_msgs) StdoutLine: {'line': b'-- Up-to-date symlink: /home/carlos/ros2_ws/install/px4_msgs/include/px4_msgs/px4_msgs/msg/detail/pps_capture__struct.h\n'}
[2.597063] (px4_msgs) StdoutLine: {'line': b'-- Up-to-date symlink: /home/carlos/ros2_ws/install/px4_msgs/include/px4_msgs/px4_msgs/msg/detail/pps_capture__type_support.h\n'}
[2.597170] (px4_msgs) StdoutLine: {'line': b'-- Up-to-date symlink: /home/carlos/ros2_ws/install/px4_msgs/include/px4_msgs/px4_msgs/msg/detail/pure_pursuit_status__functions.h\n'}
[2.597270] (px4_msgs) StdoutLine: {'line': b'-- Up-to-date symlink: /home/carlos/ros2_ws/install/px4_msgs/include/px4_msgs/px4_msgs/msg/detail/pure_pursuit_status__struct.h\n'}
[2.597371] (px4_msgs) StdoutLine: {'line': b'-- Up-to-date symlink: /home/carlos/ros2_ws/install/px4_msgs/include/px4_msgs/px4_msgs/msg/detail/pure_pursuit_status__type_support.h\n'}
[2.597471] (px4_msgs) StdoutLine: {'line': b'-- Up-to-date symlink: /home/carlos/ros2_ws/install/px4_msgs/include/px4_msgs/px4_msgs/msg/detail/pwm_input__functions.h\n'}
[2.597572] (px4_msgs) StdoutLine: {'line': b'-- Up-to-date symlink: /home/carlos/ros2_ws/install/px4_msgs/include/px4_msgs/px4_msgs/msg/detail/pwm_input__struct.h\n'}
[2.597672] (px4_msgs) StdoutLine: {'line': b'-- Up-to-date symlink: /home/carlos/ros2_ws/install/px4_msgs/include/px4_msgs/px4_msgs/msg/detail/pwm_input__type_support.h\n'}
[2.597778] (px4_msgs) StdoutLine: {'line': b'-- Up-to-date symlink: /home/carlos/ros2_ws/install/px4_msgs/include/px4_msgs/px4_msgs/msg/detail/px4io_status__functions.h\n'}
[2.597882] (px4_msgs) StdoutLine: {'line': b'-- Up-to-date symlink: /home/carlos/ros2_ws/install/px4_msgs/include/px4_msgs/px4_msgs/msg/detail/px4io_status__struct.h\n'}
[2.597983] (px4_msgs) StdoutLine: {'line': b'-- Up-to-date symlink: /home/carlos/ros2_ws/install/px4_msgs/include/px4_msgs/px4_msgs/msg/detail/px4io_status__type_support.h\n'}
[2.598083] (px4_msgs) StdoutLine: {'line': b'-- Up-to-date symlink: /home/carlos/ros2_ws/install/px4_msgs/include/px4_msgs/px4_msgs/msg/detail/qshell_req__functions.h\n'}
[2.598183] (px4_msgs) StdoutLine: {'line': b'-- Up-to-date symlink: /home/carlos/ros2_ws/install/px4_msgs/include/px4_msgs/px4_msgs/msg/detail/qshell_req__struct.h\n'}
[2.598283] (px4_msgs) StdoutLine: {'line': b'-- Up-to-date symlink: /home/carlos/ros2_ws/install/px4_msgs/include/px4_msgs/px4_msgs/msg/detail/qshell_req__type_support.h\n'}
[2.598379] (px4_msgs) StdoutLine: {'line': b'-- Up-to-date symlink: /home/carlos/ros2_ws/install/px4_msgs/include/px4_msgs/px4_msgs/msg/detail/qshell_retval__functions.h\n'}
[2.598487] (px4_msgs) StdoutLine: {'line': b'-- Up-to-date symlink: /home/carlos/ros2_ws/install/px4_msgs/include/px4_msgs/px4_msgs/msg/detail/qshell_retval__struct.h\n'}
[2.598591] (px4_msgs) StdoutLine: {'line': b'-- Up-to-date symlink: /home/carlos/ros2_ws/install/px4_msgs/include/px4_msgs/px4_msgs/msg/detail/qshell_retval__type_support.h\n'}
[2.598693] (px4_msgs) StdoutLine: {'line': b'-- Up-to-date symlink: /home/carlos/ros2_ws/install/px4_msgs/include/px4_msgs/px4_msgs/msg/detail/radio_status__functions.h\n'}
[2.598816] (px4_msgs) StdoutLine: {'line': b'-- Up-to-date symlink: /home/carlos/ros2_ws/install/px4_msgs/include/px4_msgs/px4_msgs/msg/detail/radio_status__struct.h\n'}
[2.598924] (px4_msgs) StdoutLine: {'line': b'-- Up-to-date symlink: /home/carlos/ros2_ws/install/px4_msgs/include/px4_msgs/px4_msgs/msg/detail/radio_status__type_support.h\n'}
[2.599027] (px4_msgs) StdoutLine: {'line': b'-- Up-to-date symlink: /home/carlos/ros2_ws/install/px4_msgs/include/px4_msgs/px4_msgs/msg/detail/rate_ctrl_status__functions.h\n'}
[2.599130] (px4_msgs) StdoutLine: {'line': b'-- Up-to-date symlink: /home/carlos/ros2_ws/install/px4_msgs/include/px4_msgs/px4_msgs/msg/detail/rate_ctrl_status__struct.h\n'}
[2.599233] (px4_msgs) StdoutLine: {'line': b'-- Up-to-date symlink: /home/carlos/ros2_ws/install/px4_msgs/include/px4_msgs/px4_msgs/msg/detail/rate_ctrl_status__type_support.h\n'}
[2.599334] (px4_msgs) StdoutLine: {'line': b'-- Up-to-date symlink: /home/carlos/ros2_ws/install/px4_msgs/include/px4_msgs/px4_msgs/msg/detail/rc_channels__functions.h\n'}
[2.599437] (px4_msgs) StdoutLine: {'line': b'-- Up-to-date symlink: /home/carlos/ros2_ws/install/px4_msgs/include/px4_msgs/px4_msgs/msg/detail/rc_channels__struct.h\n'}
[2.599540] (px4_msgs) StdoutLine: {'line': b'-- Up-to-date symlink: /home/carlos/ros2_ws/install/px4_msgs/include/px4_msgs/px4_msgs/msg/detail/rc_channels__type_support.h\n'}
[2.599646] (px4_msgs) StdoutLine: {'line': b'-- Up-to-date symlink: /home/carlos/ros2_ws/install/px4_msgs/include/px4_msgs/px4_msgs/msg/detail/rc_parameter_map__functions.h\n'}
[2.599752] (px4_msgs) StdoutLine: {'line': b'-- Up-to-date symlink: /home/carlos/ros2_ws/install/px4_msgs/include/px4_msgs/px4_msgs/msg/detail/rc_parameter_map__struct.h\n'}
[2.599861] (px4_msgs) StdoutLine: {'line': b'-- Up-to-date symlink: /home/carlos/ros2_ws/install/px4_msgs/include/px4_msgs/px4_msgs/msg/detail/rc_parameter_map__type_support.h\n'}
[2.599962] (px4_msgs) StdoutLine: {'line': b'-- Up-to-date symlink: /home/carlos/ros2_ws/install/px4_msgs/include/px4_msgs/px4_msgs/msg/detail/register_ext_component_reply__functions.h\n'}
[2.600064] (px4_msgs) StdoutLine: {'line': b'-- Up-to-date symlink: /home/carlos/ros2_ws/install/px4_msgs/include/px4_msgs/px4_msgs/msg/detail/register_ext_component_reply__struct.h\n'}
[2.600164] (px4_msgs) StdoutLine: {'line': b'-- Up-to-date symlink: /home/carlos/ros2_ws/install/px4_msgs/include/px4_msgs/px4_msgs/msg/detail/register_ext_component_reply__type_support.h\n'}
[2.600264] (px4_msgs) StdoutLine: {'line': b'-- Up-to-date symlink: /home/carlos/ros2_ws/install/px4_msgs/include/px4_msgs/px4_msgs/msg/detail/register_ext_component_request__functions.h\n'}
[2.600365] (px4_msgs) StdoutLine: {'line': b'-- Up-to-date symlink: /home/carlos/ros2_ws/install/px4_msgs/include/px4_msgs/px4_msgs/msg/detail/register_ext_component_request__struct.h\n'}
[2.600467] (px4_msgs) StdoutLine: {'line': b'-- Up-to-date symlink: /home/carlos/ros2_ws/install/px4_msgs/include/px4_msgs/px4_msgs/msg/detail/register_ext_component_request__type_support.h\n'}
[2.600569] (px4_msgs) StdoutLine: {'line': b'-- Up-to-date symlink: /home/carlos/ros2_ws/install/px4_msgs/include/px4_msgs/px4_msgs/msg/detail/rover_attitude_setpoint__functions.h\n'}
[2.600671] (px4_msgs) StdoutLine: {'line': b'-- Up-to-date symlink: /home/carlos/ros2_ws/install/px4_msgs/include/px4_msgs/px4_msgs/msg/detail/rover_attitude_setpoint__struct.h\n'}
[2.600771] (px4_msgs) StdoutLine: {'line': b'-- Up-to-date symlink: /home/carlos/ros2_ws/install/px4_msgs/include/px4_msgs/px4_msgs/msg/detail/rover_attitude_setpoint__type_support.h\n'}
[2.600877] (px4_msgs) StdoutLine: {'line': b'-- Up-to-date symlink: /home/carlos/ros2_ws/install/px4_msgs/include/px4_msgs/px4_msgs/msg/detail/rover_attitude_status__functions.h\n'}
[2.600977] (px4_msgs) StdoutLine: {'line': b'-- Up-to-date symlink: /home/carlos/ros2_ws/install/px4_msgs/include/px4_msgs/px4_msgs/msg/detail/rover_attitude_status__struct.h\n'}
[2.601078] (px4_msgs) StdoutLine: {'line': b'-- Up-to-date symlink: /home/carlos/ros2_ws/install/px4_msgs/include/px4_msgs/px4_msgs/msg/detail/rover_attitude_status__type_support.h\n'}
[2.601178] (px4_msgs) StdoutLine: {'line': b'-- Up-to-date symlink: /home/carlos/ros2_ws/install/px4_msgs/include/px4_msgs/px4_msgs/msg/detail/rover_position_setpoint__functions.h\n'}
[2.601284] (px4_msgs) StdoutLine: {'line': b'-- Up-to-date symlink: /home/carlos/ros2_ws/install/px4_msgs/include/px4_msgs/px4_msgs/msg/detail/rover_position_setpoint__struct.h\n'}
[2.601385] (px4_msgs) StdoutLine: {'line': b'-- Up-to-date symlink: /home/carlos/ros2_ws/install/px4_msgs/include/px4_msgs/px4_msgs/msg/detail/rover_position_setpoint__type_support.h\n'}
[2.601485] (px4_msgs) StdoutLine: {'line': b'-- Up-to-date symlink: /home/carlos/ros2_ws/install/px4_msgs/include/px4_msgs/px4_msgs/msg/detail/rover_rate_setpoint__functions.h\n'}
[2.601587] (px4_msgs) StdoutLine: {'line': b'-- Up-to-date symlink: /home/carlos/ros2_ws/install/px4_msgs/include/px4_msgs/px4_msgs/msg/detail/rover_rate_setpoint__struct.h\n'}
[2.601687] (px4_msgs) StdoutLine: {'line': b'-- Up-to-date symlink: /home/carlos/ros2_ws/install/px4_msgs/include/px4_msgs/px4_msgs/msg/detail/rover_rate_setpoint__type_support.h\n'}
[2.601793] (px4_msgs) StdoutLine: {'line': b'-- Up-to-date symlink: /home/carlos/ros2_ws/install/px4_msgs/include/px4_msgs/px4_msgs/msg/detail/rover_rate_status__functions.h\n'}
[2.601897] (px4_msgs) StdoutLine: {'line': b'-- Up-to-date symlink: /home/carlos/ros2_ws/install/px4_msgs/include/px4_msgs/px4_msgs/msg/detail/rover_rate_status__struct.h\n'}
[2.602003] (px4_msgs) StdoutLine: {'line': b'-- Up-to-date symlink: /home/carlos/ros2_ws/install/px4_msgs/include/px4_msgs/px4_msgs/msg/detail/rover_rate_status__type_support.h\n'}
[2.602105] (px4_msgs) StdoutLine: {'line': b'-- Up-to-date symlink: /home/carlos/ros2_ws/install/px4_msgs/include/px4_msgs/px4_msgs/msg/detail/rover_speed_setpoint__functions.h\n'}
[2.602206] (px4_msgs) StdoutLine: {'line': b'-- Up-to-date symlink: /home/carlos/ros2_ws/install/px4_msgs/include/px4_msgs/px4_msgs/msg/detail/rover_speed_setpoint__struct.h\n'}
[2.602313] (px4_msgs) StdoutLine: {'line': b'-- Up-to-date symlink: /home/carlos/ros2_ws/install/px4_msgs/include/px4_msgs/px4_msgs/msg/detail/rover_speed_setpoint__type_support.h\n'}
[2.602415] (px4_msgs) StdoutLine: {'line': b'-- Up-to-date symlink: /home/carlos/ros2_ws/install/px4_msgs/include/px4_msgs/px4_msgs/msg/detail/rover_speed_status__functions.h\n'}
[2.602517] (px4_msgs) StdoutLine: {'line': b'-- Up-to-date symlink: /home/carlos/ros2_ws/install/px4_msgs/include/px4_msgs/px4_msgs/msg/detail/rover_speed_status__struct.h\n'}
[2.602619] (px4_msgs) StdoutLine: {'line': b'-- Up-to-date symlink: /home/carlos/ros2_ws/install/px4_msgs/include/px4_msgs/px4_msgs/msg/detail/rover_speed_status__type_support.h\n'}
[2.602720] (px4_msgs) StdoutLine: {'line': b'-- Up-to-date symlink: /home/carlos/ros2_ws/install/px4_msgs/include/px4_msgs/px4_msgs/msg/detail/rover_steering_setpoint__functions.h\n'}
[2.602834] (px4_msgs) StdoutLine: {'line': b'-- Up-to-date symlink: /home/carlos/ros2_ws/install/px4_msgs/include/px4_msgs/px4_msgs/msg/detail/rover_steering_setpoint__struct.h\n'}
[2.602937] (px4_msgs) StdoutLine: {'line': b'-- Up-to-date symlink: /home/carlos/ros2_ws/install/px4_msgs/include/px4_msgs/px4_msgs/msg/detail/rover_steering_setpoint__type_support.h\n'}
[2.603037] (px4_msgs) StdoutLine: {'line': b'-- Up-to-date symlink: /home/carlos/ros2_ws/install/px4_msgs/include/px4_msgs/px4_msgs/msg/detail/rover_throttle_setpoint__functions.h\n'}
[2.603138] (px4_msgs) StdoutLine: {'line': b'-- Up-to-date symlink: /home/carlos/ros2_ws/install/px4_msgs/include/px4_msgs/px4_msgs/msg/detail/rover_throttle_setpoint__struct.h\n'}
[2.603233] (px4_msgs) StdoutLine: {'line': b'-- Up-to-date symlink: /home/carlos/ros2_ws/install/px4_msgs/include/px4_msgs/px4_msgs/msg/detail/rover_throttle_setpoint__type_support.h\n'}
[2.603333] (px4_msgs) StdoutLine: {'line': b'-- Up-to-date symlink: /home/carlos/ros2_ws/install/px4_msgs/include/px4_msgs/px4_msgs/msg/detail/rpm__functions.h\n'}
[2.603433] (px4_msgs) StdoutLine: {'line': b'-- Up-to-date symlink: /home/carlos/ros2_ws/install/px4_msgs/include/px4_msgs/px4_msgs/msg/detail/rpm__struct.h\n'}
[2.603533] (px4_msgs) StdoutLine: {'line': b'-- Up-to-date symlink: /home/carlos/ros2_ws/install/px4_msgs/include/px4_msgs/px4_msgs/msg/detail/rpm__type_support.h\n'}
[2.603633] (px4_msgs) StdoutLine: {'line': b'-- Up-to-date symlink: /home/carlos/ros2_ws/install/px4_msgs/include/px4_msgs/px4_msgs/msg/detail/rtl_status__functions.h\n'}
[2.603733] (px4_msgs) StdoutLine: {'line': b'-- Up-to-date symlink: /home/carlos/ros2_ws/install/px4_msgs/include/px4_msgs/px4_msgs/msg/detail/rtl_status__struct.h\n'}
[2.603845] (px4_msgs) StdoutLine: {'line': b'-- Up-to-date symlink: /home/carlos/ros2_ws/install/px4_msgs/include/px4_msgs/px4_msgs/msg/detail/rtl_status__type_support.h\n'}
[2.603945] (px4_msgs) StdoutLine: {'line': b'-- Up-to-date symlink: /home/carlos/ros2_ws/install/px4_msgs/include/px4_msgs/px4_msgs/msg/detail/rtl_time_estimate__functions.h\n'}
[2.604046] (px4_msgs) StdoutLine: {'line': b'-- Up-to-date symlink: /home/carlos/ros2_ws/install/px4_msgs/include/px4_msgs/px4_msgs/msg/detail/rtl_time_estimate__struct.h\n'}
[2.604146] (px4_msgs) StdoutLine: {'line': b'-- Up-to-date symlink: /home/carlos/ros2_ws/install/px4_msgs/include/px4_msgs/px4_msgs/msg/detail/rtl_time_estimate__type_support.h\n'}
[2.604246] (px4_msgs) StdoutLine: {'line': b'-- Up-to-date symlink: /home/carlos/ros2_ws/install/px4_msgs/include/px4_msgs/px4_msgs/msg/detail/satellite_info__functions.h\n'}
[2.604351] (px4_msgs) StdoutLine: {'line': b'-- Up-to-date symlink: /home/carlos/ros2_ws/install/px4_msgs/include/px4_msgs/px4_msgs/msg/detail/satellite_info__struct.h\n'}
[2.604453] (px4_msgs) StdoutLine: {'line': b'-- Up-to-date symlink: /home/carlos/ros2_ws/install/px4_msgs/include/px4_msgs/px4_msgs/msg/detail/satellite_info__type_support.h\n'}
[2.604556] (px4_msgs) StdoutLine: {'line': b'-- Up-to-date symlink: /home/carlos/ros2_ws/install/px4_msgs/include/px4_msgs/px4_msgs/msg/detail/sensor_accel__functions.h\n'}
[2.604659] (px4_msgs) StdoutLine: {'line': b'-- Up-to-date symlink: /home/carlos/ros2_ws/install/px4_msgs/include/px4_msgs/px4_msgs/msg/detail/sensor_accel__struct.h\n'}
[2.604770] (px4_msgs) StdoutLine: {'line': b'-- Up-to-date symlink: /home/carlos/ros2_ws/install/px4_msgs/include/px4_msgs/px4_msgs/msg/detail/sensor_accel__type_support.h\n'}
[2.604878] (px4_msgs) StdoutLine: {'line': b'-- Up-to-date symlink: /home/carlos/ros2_ws/install/px4_msgs/include/px4_msgs/px4_msgs/msg/detail/sensor_accel_fifo__functions.h\n'}
[2.604980] (px4_msgs) StdoutLine: {'line': b'-- Up-to-date symlink: /home/carlos/ros2_ws/install/px4_msgs/include/px4_msgs/px4_msgs/msg/detail/sensor_accel_fifo__struct.h\n'}
[2.605083] (px4_msgs) StdoutLine: {'line': b'-- Up-to-date symlink: /home/carlos/ros2_ws/install/px4_msgs/include/px4_msgs/px4_msgs/msg/detail/sensor_accel_fifo__type_support.h\n'}
[2.605185] (px4_msgs) StdoutLine: {'line': b'-- Up-to-date symlink: /home/carlos/ros2_ws/install/px4_msgs/include/px4_msgs/px4_msgs/msg/detail/sensor_airflow__functions.h\n'}
[2.605288] (px4_msgs) StdoutLine: {'line': b'-- Up-to-date symlink: /home/carlos/ros2_ws/install/px4_msgs/include/px4_msgs/px4_msgs/msg/detail/sensor_airflow__struct.h\n'}
[2.605390] (px4_msgs) StdoutLine: {'line': b'-- Up-to-date symlink: /home/carlos/ros2_ws/install/px4_msgs/include/px4_msgs/px4_msgs/msg/detail/sensor_airflow__type_support.h\n'}
[2.605491] (px4_msgs) StdoutLine: {'line': b'-- Up-to-date symlink: /home/carlos/ros2_ws/install/px4_msgs/include/px4_msgs/px4_msgs/msg/detail/sensor_baro__functions.h\n'}
[2.605588] (px4_msgs) StdoutLine: {'line': b'-- Up-to-date symlink: /home/carlos/ros2_ws/install/px4_msgs/include/px4_msgs/px4_msgs/msg/detail/sensor_baro__struct.h\n'}
[2.605689] (px4_msgs) StdoutLine: {'line': b'-- Up-to-date symlink: /home/carlos/ros2_ws/install/px4_msgs/include/px4_msgs/px4_msgs/msg/detail/sensor_baro__type_support.h\n'}
[2.605798] (px4_msgs) StdoutLine: {'line': b'-- Up-to-date symlink: /home/carlos/ros2_ws/install/px4_msgs/include/px4_msgs/px4_msgs/msg/detail/sensor_combined__functions.h\n'}
[2.605900] (px4_msgs) StdoutLine: {'line': b'-- Up-to-date symlink: /home/carlos/ros2_ws/install/px4_msgs/include/px4_msgs/px4_msgs/msg/detail/sensor_combined__struct.h\n'}
[2.606002] (px4_msgs) StdoutLine: {'line': b'-- Up-to-date symlink: /home/carlos/ros2_ws/install/px4_msgs/include/px4_msgs/px4_msgs/msg/detail/sensor_combined__type_support.h\n'}
[2.606104] (px4_msgs) StdoutLine: {'line': b'-- Up-to-date symlink: /home/carlos/ros2_ws/install/px4_msgs/include/px4_msgs/px4_msgs/msg/detail/sensor_correction__functions.h\n'}
[2.606160] (-) TimerEvent: {}
[2.606244] (px4_msgs) StdoutLine: {'line': b'-- Up-to-date symlink: /home/carlos/ros2_ws/install/px4_msgs/include/px4_msgs/px4_msgs/msg/detail/sensor_correction__struct.h\n'}
[2.606332] (px4_msgs) StdoutLine: {'line': b'-- Up-to-date symlink: /home/carlos/ros2_ws/install/px4_msgs/include/px4_msgs/px4_msgs/msg/detail/sensor_correction__type_support.h\n'}
[2.606412] (px4_msgs) StdoutLine: {'line': b'-- Up-to-date symlink: /home/carlos/ros2_ws/install/px4_msgs/include/px4_msgs/px4_msgs/msg/detail/sensor_gnss_relative__functions.h\n'}
[2.606515] (px4_msgs) StdoutLine: {'line': b'-- Up-to-date symlink: /home/carlos/ros2_ws/install/px4_msgs/include/px4_msgs/px4_msgs/msg/detail/sensor_gnss_relative__struct.h\n'}
[2.606616] (px4_msgs) StdoutLine: {'line': b'-- Up-to-date symlink: /home/carlos/ros2_ws/install/px4_msgs/include/px4_msgs/px4_msgs/msg/detail/sensor_gnss_relative__type_support.h\n'}
[2.606718] (px4_msgs) StdoutLine: {'line': b'-- Up-to-date symlink: /home/carlos/ros2_ws/install/px4_msgs/include/px4_msgs/px4_msgs/msg/detail/sensor_gnss_status__functions.h\n'}
[2.606855] (px4_msgs) StdoutLine: {'line': b'-- Up-to-date symlink: /home/carlos/ros2_ws/install/px4_msgs/include/px4_msgs/px4_msgs/msg/detail/sensor_gnss_status__struct.h\n'}
[2.606973] (px4_msgs) StdoutLine: {'line': b'-- Up-to-date symlink: /home/carlos/ros2_ws/install/px4_msgs/include/px4_msgs/px4_msgs/msg/detail/sensor_gnss_status__type_support.h\n'}
[2.607082] (px4_msgs) StdoutLine: {'line': b'-- Up-to-date symlink: /home/carlos/ros2_ws/install/px4_msgs/include/px4_msgs/px4_msgs/msg/detail/sensor_gps__functions.h\n'}
[2.607184] (px4_msgs) StdoutLine: {'line': b'-- Up-to-date symlink: /home/carlos/ros2_ws/install/px4_msgs/include/px4_msgs/px4_msgs/msg/detail/sensor_gps__struct.h\n'}
[2.607312] (px4_msgs) StdoutLine: {'line': b'-- Up-to-date symlink: /home/carlos/ros2_ws/install/px4_msgs/include/px4_msgs/px4_msgs/msg/detail/sensor_gps__type_support.h\n'}
[2.607419] (px4_msgs) StdoutLine: {'line': b'-- Up-to-date symlink: /home/carlos/ros2_ws/install/px4_msgs/include/px4_msgs/px4_msgs/msg/detail/sensor_gyro__functions.h\n'}
[2.607600] (px4_msgs) StdoutLine: {'line': b'-- Up-to-date symlink: /home/carlos/ros2_ws/install/px4_msgs/include/px4_msgs/px4_msgs/msg/detail/sensor_gyro__struct.h\n'}
[2.608025] (px4_msgs) StdoutLine: {'line': b'-- Up-to-date symlink: /home/carlos/ros2_ws/install/px4_msgs/include/px4_msgs/px4_msgs/msg/detail/sensor_gyro__type_support.h\n'}
[2.608119] (px4_msgs) StdoutLine: {'line': b'-- Up-to-date symlink: /home/carlos/ros2_ws/install/px4_msgs/include/px4_msgs/px4_msgs/msg/detail/sensor_gyro_fft__functions.h\n'}
[2.608194] (px4_msgs) StdoutLine: {'line': b'-- Up-to-date symlink: /home/carlos/ros2_ws/install/px4_msgs/include/px4_msgs/px4_msgs/msg/detail/sensor_gyro_fft__struct.h\n'}
[2.608312] (px4_msgs) StdoutLine: {'line': b'-- Up-to-date symlink: /home/carlos/ros2_ws/install/px4_msgs/include/px4_msgs/px4_msgs/msg/detail/sensor_gyro_fft__type_support.h\n'}
[2.608390] (px4_msgs) StdoutLine: {'line': b'-- Up-to-date symlink: /home/carlos/ros2_ws/install/px4_msgs/include/px4_msgs/px4_msgs/msg/detail/sensor_gyro_fifo__functions.h\n'}
[2.608458] (px4_msgs) StdoutLine: {'line': b'-- Up-to-date symlink: /home/carlos/ros2_ws/install/px4_msgs/include/px4_msgs/px4_msgs/msg/detail/sensor_gyro_fifo__struct.h\n'}
[2.608567] (px4_msgs) StdoutLine: {'line': b'-- Up-to-date symlink: /home/carlos/ros2_ws/install/px4_msgs/include/px4_msgs/px4_msgs/msg/detail/sensor_gyro_fifo__type_support.h\n'}
[2.608650] (px4_msgs) StdoutLine: {'line': b'-- Up-to-date symlink: /home/carlos/ros2_ws/install/px4_msgs/include/px4_msgs/px4_msgs/msg/detail/sensor_hygrometer__functions.h\n'}
[2.608742] (px4_msgs) StdoutLine: {'line': b'-- Up-to-date symlink: /home/carlos/ros2_ws/install/px4_msgs/include/px4_msgs/px4_msgs/msg/detail/sensor_hygrometer__struct.h\n'}
[2.608920] (px4_msgs) StdoutLine: {'line': b'-- Up-to-date symlink: /home/carlos/ros2_ws/install/px4_msgs/include/px4_msgs/px4_msgs/msg/detail/sensor_hygrometer__type_support.h\n'}
[2.609038] (px4_msgs) StdoutLine: {'line': b'-- Up-to-date symlink: /home/carlos/ros2_ws/install/px4_msgs/include/px4_msgs/px4_msgs/msg/detail/sensor_mag__functions.h\n'}
[2.609145] (px4_msgs) StdoutLine: {'line': b'-- Up-to-date symlink: /home/carlos/ros2_ws/install/px4_msgs/include/px4_msgs/px4_msgs/msg/detail/sensor_mag__struct.h\n'}
[2.609248] (px4_msgs) StdoutLine: {'line': b'-- Up-to-date symlink: /home/carlos/ros2_ws/install/px4_msgs/include/px4_msgs/px4_msgs/msg/detail/sensor_mag__type_support.h\n'}
[2.609345] (px4_msgs) StdoutLine: {'line': b'-- Up-to-date symlink: /home/carlos/ros2_ws/install/px4_msgs/include/px4_msgs/px4_msgs/msg/detail/sensor_optical_flow__functions.h\n'}
[2.609439] (px4_msgs) StdoutLine: {'line': b'-- Up-to-date symlink: /home/carlos/ros2_ws/install/px4_msgs/include/px4_msgs/px4_msgs/msg/detail/sensor_optical_flow__struct.h\n'}
[2.609575] (px4_msgs) StdoutLine: {'line': b'-- Up-to-date symlink: /home/carlos/ros2_ws/install/px4_msgs/include/px4_msgs/px4_msgs/msg/detail/sensor_optical_flow__type_support.h\n'}
[2.609692] (px4_msgs) StdoutLine: {'line': b'-- Up-to-date symlink: /home/carlos/ros2_ws/install/px4_msgs/include/px4_msgs/px4_msgs/msg/detail/sensor_preflight_mag__functions.h\n'}
[2.609824] (px4_msgs) StdoutLine: {'line': b'-- Up-to-date symlink: /home/carlos/ros2_ws/install/px4_msgs/include/px4_msgs/px4_msgs/msg/detail/sensor_preflight_mag__struct.h\n'}
[2.609950] (px4_msgs) StdoutLine: {'line': b'-- Up-to-date symlink: /home/carlos/ros2_ws/install/px4_msgs/include/px4_msgs/px4_msgs/msg/detail/sensor_preflight_mag__type_support.h\n'}
[2.610074] (px4_msgs) StdoutLine: {'line': b'-- Up-to-date symlink: /home/carlos/ros2_ws/install/px4_msgs/include/px4_msgs/px4_msgs/msg/detail/sensor_selection__functions.h\n'}
[2.610207] (px4_msgs) StdoutLine: {'line': b'-- Up-to-date symlink: /home/carlos/ros2_ws/install/px4_msgs/include/px4_msgs/px4_msgs/msg/detail/sensor_selection__struct.h\n'}
[2.610370] (px4_msgs) StdoutLine: {'line': b'-- Up-to-date symlink: /home/carlos/ros2_ws/install/px4_msgs/include/px4_msgs/px4_msgs/msg/detail/sensor_selection__type_support.h\n'}
[2.610477] (px4_msgs) StdoutLine: {'line': b'-- Up-to-date symlink: /home/carlos/ros2_ws/install/px4_msgs/include/px4_msgs/px4_msgs/msg/detail/sensor_uwb__functions.h\n'}
[2.610609] (px4_msgs) StdoutLine: {'line': b'-- Up-to-date symlink: /home/carlos/ros2_ws/install/px4_msgs/include/px4_msgs/px4_msgs/msg/detail/sensor_uwb__struct.h\n'}
[2.610741] (px4_msgs) StdoutLine: {'line': b'-- Up-to-date symlink: /home/carlos/ros2_ws/install/px4_msgs/include/px4_msgs/px4_msgs/msg/detail/sensor_uwb__type_support.h\n'}
[2.610892] (px4_msgs) StdoutLine: {'line': b'-- Up-to-date symlink: /home/carlos/ros2_ws/install/px4_msgs/include/px4_msgs/px4_msgs/msg/detail/sensors_status__functions.h\n'}
[2.611023] (px4_msgs) StdoutLine: {'line': b'-- Up-to-date symlink: /home/carlos/ros2_ws/install/px4_msgs/include/px4_msgs/px4_msgs/msg/detail/sensors_status__struct.h\n'}
[2.611157] (px4_msgs) StdoutLine: {'line': b'-- Up-to-date symlink: /home/carlos/ros2_ws/install/px4_msgs/include/px4_msgs/px4_msgs/msg/detail/sensors_status__type_support.h\n'}
[2.611329] (px4_msgs) StdoutLine: {'line': b'-- Up-to-date symlink: /home/carlos/ros2_ws/install/px4_msgs/include/px4_msgs/px4_msgs/msg/detail/sensors_status_imu__functions.h\n'}
[2.611493] (px4_msgs) StdoutLine: {'line': b'-- Up-to-date symlink: /home/carlos/ros2_ws/install/px4_msgs/include/px4_msgs/px4_msgs/msg/detail/sensors_status_imu__struct.h\n'}
[2.611601] (px4_msgs) StdoutLine: {'line': b'-- Up-to-date symlink: /home/carlos/ros2_ws/install/px4_msgs/include/px4_msgs/px4_msgs/msg/detail/sensors_status_imu__type_support.h\n'}
[2.611696] (px4_msgs) StdoutLine: {'line': b'-- Up-to-date symlink: /home/carlos/ros2_ws/install/px4_msgs/include/px4_msgs/px4_msgs/msg/detail/system_power__functions.h\n'}
[2.611824] (px4_msgs) StdoutLine: {'line': b'-- Up-to-date symlink: /home/carlos/ros2_ws/install/px4_msgs/include/px4_msgs/px4_msgs/msg/detail/system_power__struct.h\n'}
[2.611934] (px4_msgs) StdoutLine: {'line': b'-- Up-to-date symlink: /home/carlos/ros2_ws/install/px4_msgs/include/px4_msgs/px4_msgs/msg/detail/system_power__type_support.h\n'}
[2.612047] (px4_msgs) StdoutLine: {'line': b'-- Up-to-date symlink: /home/carlos/ros2_ws/install/px4_msgs/include/px4_msgs/px4_msgs/msg/detail/takeoff_status__functions.h\n'}
[2.612163] (px4_msgs) StdoutLine: {'line': b'-- Up-to-date symlink: /home/carlos/ros2_ws/install/px4_msgs/include/px4_msgs/px4_msgs/msg/detail/takeoff_status__struct.h\n'}
[2.612277] (px4_msgs) StdoutLine: {'line': b'-- Up-to-date symlink: /home/carlos/ros2_ws/install/px4_msgs/include/px4_msgs/px4_msgs/msg/detail/takeoff_status__type_support.h\n'}
[2.612404] (px4_msgs) StdoutLine: {'line': b'-- Up-to-date symlink: /home/carlos/ros2_ws/install/px4_msgs/include/px4_msgs/px4_msgs/msg/detail/task_stack_info__functions.h\n'}
[2.612533] (px4_msgs) StdoutLine: {'line': b'-- Up-to-date symlink: /home/carlos/ros2_ws/install/px4_msgs/include/px4_msgs/px4_msgs/msg/detail/task_stack_info__struct.h\n'}
[2.612639] (px4_msgs) StdoutLine: {'line': b'-- Up-to-date symlink: /home/carlos/ros2_ws/install/px4_msgs/include/px4_msgs/px4_msgs/msg/detail/task_stack_info__type_support.h\n'}
[2.612761] (px4_msgs) StdoutLine: {'line': b'-- Up-to-date symlink: /home/carlos/ros2_ws/install/px4_msgs/include/px4_msgs/px4_msgs/msg/detail/tecs_status__functions.h\n'}
[2.612926] (px4_msgs) StdoutLine: {'line': b'-- Up-to-date symlink: /home/carlos/ros2_ws/install/px4_msgs/include/px4_msgs/px4_msgs/msg/detail/tecs_status__struct.h\n'}
[2.613008] (px4_msgs) StdoutLine: {'line': b'-- Up-to-date symlink: /home/carlos/ros2_ws/install/px4_msgs/include/px4_msgs/px4_msgs/msg/detail/tecs_status__type_support.h\n'}
[2.613113] (px4_msgs) StdoutLine: {'line': b'-- Up-to-date symlink: /home/carlos/ros2_ws/install/px4_msgs/include/px4_msgs/px4_msgs/msg/detail/telemetry_status__functions.h\n'}
[2.613218] (px4_msgs) StdoutLine: {'line': b'-- Up-to-date symlink: /home/carlos/ros2_ws/install/px4_msgs/include/px4_msgs/px4_msgs/msg/detail/telemetry_status__struct.h\n'}
[2.613324] (px4_msgs) StdoutLine: {'line': b'-- Up-to-date symlink: /home/carlos/ros2_ws/install/px4_msgs/include/px4_msgs/px4_msgs/msg/detail/telemetry_status__type_support.h\n'}
[2.613431] (px4_msgs) StdoutLine: {'line': b'-- Up-to-date symlink: /home/carlos/ros2_ws/install/px4_msgs/include/px4_msgs/px4_msgs/msg/detail/tiltrotor_extra_controls__functions.h\n'}
[2.613541] (px4_msgs) StdoutLine: {'line': b'-- Up-to-date symlink: /home/carlos/ros2_ws/install/px4_msgs/include/px4_msgs/px4_msgs/msg/detail/tiltrotor_extra_controls__struct.h\n'}
[2.613645] (px4_msgs) StdoutLine: {'line': b'-- Up-to-date symlink: /home/carlos/ros2_ws/install/px4_msgs/include/px4_msgs/px4_msgs/msg/detail/tiltrotor_extra_controls__type_support.h\n'}
[2.613755] (px4_msgs) StdoutLine: {'line': b'-- Up-to-date symlink: /home/carlos/ros2_ws/install/px4_msgs/include/px4_msgs/px4_msgs/msg/detail/timesync_status__functions.h\n'}
[2.613864] (px4_msgs) StdoutLine: {'line': b'-- Up-to-date symlink: /home/carlos/ros2_ws/install/px4_msgs/include/px4_msgs/px4_msgs/msg/detail/timesync_status__struct.h\n'}
[2.613968] (px4_msgs) StdoutLine: {'line': b'-- Up-to-date symlink: /home/carlos/ros2_ws/install/px4_msgs/include/px4_msgs/px4_msgs/msg/detail/timesync_status__type_support.h\n'}
[2.614067] (px4_msgs) StdoutLine: {'line': b'-- Up-to-date symlink: /home/carlos/ros2_ws/install/px4_msgs/include/px4_msgs/px4_msgs/msg/detail/trajectory_setpoint6dof__functions.h\n'}
[2.614169] (px4_msgs) StdoutLine: {'line': b'-- Up-to-date symlink: /home/carlos/ros2_ws/install/px4_msgs/include/px4_msgs/px4_msgs/msg/detail/trajectory_setpoint6dof__struct.h\n'}
[2.614271] (px4_msgs) StdoutLine: {'line': b'-- Up-to-date symlink: /home/carlos/ros2_ws/install/px4_msgs/include/px4_msgs/px4_msgs/msg/detail/trajectory_setpoint6dof__type_support.h\n'}
[2.614372] (px4_msgs) StdoutLine: {'line': b'-- Up-to-date symlink: /home/carlos/ros2_ws/install/px4_msgs/include/px4_msgs/px4_msgs/msg/detail/trajectory_setpoint__functions.h\n'}
[2.614475] (px4_msgs) StdoutLine: {'line': b'-- Up-to-date symlink: /home/carlos/ros2_ws/install/px4_msgs/include/px4_msgs/px4_msgs/msg/detail/trajectory_setpoint__struct.h\n'}
[2.614577] (px4_msgs) StdoutLine: {'line': b'-- Up-to-date symlink: /home/carlos/ros2_ws/install/px4_msgs/include/px4_msgs/px4_msgs/msg/detail/trajectory_setpoint__type_support.h\n'}
[2.614680] (px4_msgs) StdoutLine: {'line': b'-- Up-to-date symlink: /home/carlos/ros2_ws/install/px4_msgs/include/px4_msgs/px4_msgs/msg/detail/transponder_report__functions.h\n'}
[2.614796] (px4_msgs) StdoutLine: {'line': b'-- Up-to-date symlink: /home/carlos/ros2_ws/install/px4_msgs/include/px4_msgs/px4_msgs/msg/detail/transponder_report__struct.h\n'}
[2.614902] (px4_msgs) StdoutLine: {'line': b'-- Up-to-date symlink: /home/carlos/ros2_ws/install/px4_msgs/include/px4_msgs/px4_msgs/msg/detail/transponder_report__type_support.h\n'}
[2.615004] (px4_msgs) StdoutLine: {'line': b'-- Up-to-date symlink: /home/carlos/ros2_ws/install/px4_msgs/include/px4_msgs/px4_msgs/msg/detail/tune_control__functions.h\n'}
[2.615106] (px4_msgs) StdoutLine: {'line': b'-- Up-to-date symlink: /home/carlos/ros2_ws/install/px4_msgs/include/px4_msgs/px4_msgs/msg/detail/tune_control__struct.h\n'}
[2.615212] (px4_msgs) StdoutLine: {'line': b'-- Up-to-date symlink: /home/carlos/ros2_ws/install/px4_msgs/include/px4_msgs/px4_msgs/msg/detail/tune_control__type_support.h\n'}
[2.615317] (px4_msgs) StdoutLine: {'line': b'-- Up-to-date symlink: /home/carlos/ros2_ws/install/px4_msgs/include/px4_msgs/px4_msgs/msg/detail/uavcan_parameter_request__functions.h\n'}
[2.615421] (px4_msgs) StdoutLine: {'line': b'-- Up-to-date symlink: /home/carlos/ros2_ws/install/px4_msgs/include/px4_msgs/px4_msgs/msg/detail/uavcan_parameter_request__struct.h\n'}
[2.615525] (px4_msgs) StdoutLine: {'line': b'-- Up-to-date symlink: /home/carlos/ros2_ws/install/px4_msgs/include/px4_msgs/px4_msgs/msg/detail/uavcan_parameter_request__type_support.h\n'}
[2.615634] (px4_msgs) StdoutLine: {'line': b'-- Up-to-date symlink: /home/carlos/ros2_ws/install/px4_msgs/include/px4_msgs/px4_msgs/msg/detail/uavcan_parameter_value__functions.h\n'}
[2.615739] (px4_msgs) StdoutLine: {'line': b'-- Up-to-date symlink: /home/carlos/ros2_ws/install/px4_msgs/include/px4_msgs/px4_msgs/msg/detail/uavcan_parameter_value__struct.h\n'}
[2.615857] (px4_msgs) StdoutLine: {'line': b'-- Up-to-date symlink: /home/carlos/ros2_ws/install/px4_msgs/include/px4_msgs/px4_msgs/msg/detail/uavcan_parameter_value__type_support.h\n'}
[2.615962] (px4_msgs) StdoutLine: {'line': b'-- Up-to-date symlink: /home/carlos/ros2_ws/install/px4_msgs/include/px4_msgs/px4_msgs/msg/detail/ulog_stream__functions.h\n'}
[2.616066] (px4_msgs) StdoutLine: {'line': b'-- Up-to-date symlink: /home/carlos/ros2_ws/install/px4_msgs/include/px4_msgs/px4_msgs/msg/detail/ulog_stream__struct.h\n'}
[2.616171] (px4_msgs) StdoutLine: {'line': b'-- Up-to-date symlink: /home/carlos/ros2_ws/install/px4_msgs/include/px4_msgs/px4_msgs/msg/detail/ulog_stream__type_support.h\n'}
[2.616274] (px4_msgs) StdoutLine: {'line': b'-- Up-to-date symlink: /home/carlos/ros2_ws/install/px4_msgs/include/px4_msgs/px4_msgs/msg/detail/ulog_stream_ack__functions.h\n'}
[2.616388] (px4_msgs) StdoutLine: {'line': b'-- Up-to-date symlink: /home/carlos/ros2_ws/install/px4_msgs/include/px4_msgs/px4_msgs/msg/detail/ulog_stream_ack__struct.h\n'}
[2.616504] (px4_msgs) StdoutLine: {'line': b'-- Up-to-date symlink: /home/carlos/ros2_ws/install/px4_msgs/include/px4_msgs/px4_msgs/msg/detail/ulog_stream_ack__type_support.h\n'}
[2.616619] (px4_msgs) StdoutLine: {'line': b'-- Up-to-date symlink: /home/carlos/ros2_ws/install/px4_msgs/include/px4_msgs/px4_msgs/msg/detail/unregister_ext_component__functions.h\n'}
[2.616734] (px4_msgs) StdoutLine: {'line': b'-- Up-to-date symlink: /home/carlos/ros2_ws/install/px4_msgs/include/px4_msgs/px4_msgs/msg/detail/unregister_ext_component__struct.h\n'}
[2.616865] (px4_msgs) StdoutLine: {'line': b'-- Up-to-date symlink: /home/carlos/ros2_ws/install/px4_msgs/include/px4_msgs/px4_msgs/msg/detail/unregister_ext_component__type_support.h\n'}
[2.616980] (px4_msgs) StdoutLine: {'line': b'-- Up-to-date symlink: /home/carlos/ros2_ws/install/px4_msgs/include/px4_msgs/px4_msgs/msg/detail/vehicle_acceleration__functions.h\n'}
[2.617095] (px4_msgs) StdoutLine: {'line': b'-- Up-to-date symlink: /home/carlos/ros2_ws/install/px4_msgs/include/px4_msgs/px4_msgs/msg/detail/vehicle_acceleration__struct.h\n'}
[2.617210] (px4_msgs) StdoutLine: {'line': b'-- Up-to-date symlink: /home/carlos/ros2_ws/install/px4_msgs/include/px4_msgs/px4_msgs/msg/detail/vehicle_acceleration__type_support.h\n'}
[2.617325] (px4_msgs) StdoutLine: {'line': b'-- Up-to-date symlink: /home/carlos/ros2_ws/install/px4_msgs/include/px4_msgs/px4_msgs/msg/detail/vehicle_air_data__functions.h\n'}
[2.617441] (px4_msgs) StdoutLine: {'line': b'-- Up-to-date symlink: /home/carlos/ros2_ws/install/px4_msgs/include/px4_msgs/px4_msgs/msg/detail/vehicle_air_data__struct.h\n'}
[2.617557] (px4_msgs) StdoutLine: {'line': b'-- Up-to-date symlink: /home/carlos/ros2_ws/install/px4_msgs/include/px4_msgs/px4_msgs/msg/detail/vehicle_air_data__type_support.h\n'}
[2.617663] (px4_msgs) StdoutLine: {'line': b'-- Up-to-date symlink: /home/carlos/ros2_ws/install/px4_msgs/include/px4_msgs/px4_msgs/msg/detail/vehicle_angular_acceleration_setpoint__functions.h\n'}
[2.617775] (px4_msgs) StdoutLine: {'line': b'-- Up-to-date symlink: /home/carlos/ros2_ws/install/px4_msgs/include/px4_msgs/px4_msgs/msg/detail/vehicle_angular_acceleration_setpoint__struct.h\n'}
[2.617900] (px4_msgs) StdoutLine: {'line': b'-- Up-to-date symlink: /home/carlos/ros2_ws/install/px4_msgs/include/px4_msgs/px4_msgs/msg/detail/vehicle_angular_acceleration_setpoint__type_support.h\n'}
[2.617997] (px4_msgs) StdoutLine: {'line': b'-- Up-to-date symlink: /home/carlos/ros2_ws/install/px4_msgs/include/px4_msgs/px4_msgs/msg/detail/vehicle_angular_velocity__functions.h\n'}
[2.618100] (px4_msgs) StdoutLine: {'line': b'-- Up-to-date symlink: /home/carlos/ros2_ws/install/px4_msgs/include/px4_msgs/px4_msgs/msg/detail/vehicle_angular_velocity__struct.h\n'}
[2.618204] (px4_msgs) StdoutLine: {'line': b'-- Up-to-date symlink: /home/carlos/ros2_ws/install/px4_msgs/include/px4_msgs/px4_msgs/msg/detail/vehicle_angular_velocity__type_support.h\n'}
[2.618308] (px4_msgs) StdoutLine: {'line': b'-- Up-to-date symlink: /home/carlos/ros2_ws/install/px4_msgs/include/px4_msgs/px4_msgs/msg/detail/vehicle_attitude__functions.h\n'}
[2.618412] (px4_msgs) StdoutLine: {'line': b'-- Up-to-date symlink: /home/carlos/ros2_ws/install/px4_msgs/include/px4_msgs/px4_msgs/msg/detail/vehicle_attitude__struct.h\n'}
[2.618516] (px4_msgs) StdoutLine: {'line': b'-- Up-to-date symlink: /home/carlos/ros2_ws/install/px4_msgs/include/px4_msgs/px4_msgs/msg/detail/vehicle_attitude__type_support.h\n'}
[2.618620] (px4_msgs) StdoutLine: {'line': b'-- Up-to-date symlink: /home/carlos/ros2_ws/install/px4_msgs/include/px4_msgs/px4_msgs/msg/detail/vehicle_attitude_setpoint__functions.h\n'}
[2.618728] (px4_msgs) StdoutLine: {'line': b'-- Up-to-date symlink: /home/carlos/ros2_ws/install/px4_msgs/include/px4_msgs/px4_msgs/msg/detail/vehicle_attitude_setpoint__struct.h\n'}
[2.618847] (px4_msgs) StdoutLine: {'line': b'-- Up-to-date symlink: /home/carlos/ros2_ws/install/px4_msgs/include/px4_msgs/px4_msgs/msg/detail/vehicle_attitude_setpoint__type_support.h\n'}
[2.618951] (px4_msgs) StdoutLine: {'line': b'-- Up-to-date symlink: /home/carlos/ros2_ws/install/px4_msgs/include/px4_msgs/px4_msgs/msg/detail/vehicle_command__functions.h\n'}
[2.619055] (px4_msgs) StdoutLine: {'line': b'-- Up-to-date symlink: /home/carlos/ros2_ws/install/px4_msgs/include/px4_msgs/px4_msgs/msg/detail/vehicle_command__struct.h\n'}
[2.619159] (px4_msgs) StdoutLine: {'line': b'-- Up-to-date symlink: /home/carlos/ros2_ws/install/px4_msgs/include/px4_msgs/px4_msgs/msg/detail/vehicle_command__type_support.h\n'}
[2.619263] (px4_msgs) StdoutLine: {'line': b'-- Up-to-date symlink: /home/carlos/ros2_ws/install/px4_msgs/include/px4_msgs/px4_msgs/msg/detail/vehicle_command_ack__functions.h\n'}
[2.619366] (px4_msgs) StdoutLine: {'line': b'-- Up-to-date symlink: /home/carlos/ros2_ws/install/px4_msgs/include/px4_msgs/px4_msgs/msg/detail/vehicle_command_ack__struct.h\n'}
[2.619469] (px4_msgs) StdoutLine: {'line': b'-- Up-to-date symlink: /home/carlos/ros2_ws/install/px4_msgs/include/px4_msgs/px4_msgs/msg/detail/vehicle_command_ack__type_support.h\n'}
[2.619571] (px4_msgs) StdoutLine: {'line': b'-- Up-to-date symlink: /home/carlos/ros2_ws/install/px4_msgs/include/px4_msgs/px4_msgs/msg/detail/vehicle_constraints__functions.h\n'}
[2.619681] (px4_msgs) StdoutLine: {'line': b'-- Up-to-date symlink: /home/carlos/ros2_ws/install/px4_msgs/include/px4_msgs/px4_msgs/msg/detail/vehicle_constraints__struct.h\n'}
[2.619797] (px4_msgs) StdoutLine: {'line': b'-- Up-to-date symlink: /home/carlos/ros2_ws/install/px4_msgs/include/px4_msgs/px4_msgs/msg/detail/vehicle_constraints__type_support.h\n'}
[2.619907] (px4_msgs) StdoutLine: {'line': b'-- Up-to-date symlink: /home/carlos/ros2_ws/install/px4_msgs/include/px4_msgs/px4_msgs/msg/detail/vehicle_control_mode__functions.h\n'}
[2.620004] (px4_msgs) StdoutLine: {'line': b'-- Up-to-date symlink: /home/carlos/ros2_ws/install/px4_msgs/include/px4_msgs/px4_msgs/msg/detail/vehicle_control_mode__struct.h\n'}
[2.620104] (px4_msgs) StdoutLine: {'line': b'-- Up-to-date symlink: /home/carlos/ros2_ws/install/px4_msgs/include/px4_msgs/px4_msgs/msg/detail/vehicle_control_mode__type_support.h\n'}
[2.620205] (px4_msgs) StdoutLine: {'line': b'-- Up-to-date symlink: /home/carlos/ros2_ws/install/px4_msgs/include/px4_msgs/px4_msgs/msg/detail/vehicle_global_position__functions.h\n'}
[2.620307] (px4_msgs) StdoutLine: {'line': b'-- Up-to-date symlink: /home/carlos/ros2_ws/install/px4_msgs/include/px4_msgs/px4_msgs/msg/detail/vehicle_global_position__struct.h\n'}
[2.620408] (px4_msgs) StdoutLine: {'line': b'-- Up-to-date symlink: /home/carlos/ros2_ws/install/px4_msgs/include/px4_msgs/px4_msgs/msg/detail/vehicle_global_position__type_support.h\n'}
[2.620509] (px4_msgs) StdoutLine: {'line': b'-- Up-to-date symlink: /home/carlos/ros2_ws/install/px4_msgs/include/px4_msgs/px4_msgs/msg/detail/vehicle_imu__functions.h\n'}
[2.620611] (px4_msgs) StdoutLine: {'line': b'-- Up-to-date symlink: /home/carlos/ros2_ws/install/px4_msgs/include/px4_msgs/px4_msgs/msg/detail/vehicle_imu__struct.h\n'}
[2.620712] (px4_msgs) StdoutLine: {'line': b'-- Up-to-date symlink: /home/carlos/ros2_ws/install/px4_msgs/include/px4_msgs/px4_msgs/msg/detail/vehicle_imu__type_support.h\n'}
[2.620828] (px4_msgs) StdoutLine: {'line': b'-- Up-to-date symlink: /home/carlos/ros2_ws/install/px4_msgs/include/px4_msgs/px4_msgs/msg/detail/vehicle_imu_status__functions.h\n'}
[2.620931] (px4_msgs) StdoutLine: {'line': b'-- Up-to-date symlink: /home/carlos/ros2_ws/install/px4_msgs/include/px4_msgs/px4_msgs/msg/detail/vehicle_imu_status__struct.h\n'}
[2.621032] (px4_msgs) StdoutLine: {'line': b'-- Up-to-date symlink: /home/carlos/ros2_ws/install/px4_msgs/include/px4_msgs/px4_msgs/msg/detail/vehicle_imu_status__type_support.h\n'}
[2.621134] (px4_msgs) StdoutLine: {'line': b'-- Up-to-date symlink: /home/carlos/ros2_ws/install/px4_msgs/include/px4_msgs/px4_msgs/msg/detail/vehicle_land_detected__functions.h\n'}
[2.621242] (px4_msgs) StdoutLine: {'line': b'-- Up-to-date symlink: /home/carlos/ros2_ws/install/px4_msgs/include/px4_msgs/px4_msgs/msg/detail/vehicle_land_detected__struct.h\n'}
[2.621344] (px4_msgs) StdoutLine: {'line': b'-- Up-to-date symlink: /home/carlos/ros2_ws/install/px4_msgs/include/px4_msgs/px4_msgs/msg/detail/vehicle_land_detected__type_support.h\n'}
[2.621447] (px4_msgs) StdoutLine: {'line': b'-- Up-to-date symlink: /home/carlos/ros2_ws/install/px4_msgs/include/px4_msgs/px4_msgs/msg/detail/vehicle_local_position__functions.h\n'}
[2.621550] (px4_msgs) StdoutLine: {'line': b'-- Up-to-date symlink: /home/carlos/ros2_ws/install/px4_msgs/include/px4_msgs/px4_msgs/msg/detail/vehicle_local_position__struct.h\n'}
[2.621652] (px4_msgs) StdoutLine: {'line': b'-- Up-to-date symlink: /home/carlos/ros2_ws/install/px4_msgs/include/px4_msgs/px4_msgs/msg/detail/vehicle_local_position__type_support.h\n'}
[2.621761] (px4_msgs) StdoutLine: {'line': b'-- Up-to-date symlink: /home/carlos/ros2_ws/install/px4_msgs/include/px4_msgs/px4_msgs/msg/detail/vehicle_local_position_setpoint__functions.h\n'}
[2.621869] (px4_msgs) StdoutLine: {'line': b'-- Up-to-date symlink: /home/carlos/ros2_ws/install/px4_msgs/include/px4_msgs/px4_msgs/msg/detail/vehicle_local_position_setpoint__struct.h\n'}
[2.621971] (px4_msgs) StdoutLine: {'line': b'-- Up-to-date symlink: /home/carlos/ros2_ws/install/px4_msgs/include/px4_msgs/px4_msgs/msg/detail/vehicle_local_position_setpoint__type_support.h\n'}
[2.622075] (px4_msgs) StdoutLine: {'line': b'-- Up-to-date symlink: /home/carlos/ros2_ws/install/px4_msgs/include/px4_msgs/px4_msgs/msg/detail/vehicle_magnetometer__functions.h\n'}
[2.622179] (px4_msgs) StdoutLine: {'line': b'-- Up-to-date symlink: /home/carlos/ros2_ws/install/px4_msgs/include/px4_msgs/px4_msgs/msg/detail/vehicle_magnetometer__struct.h\n'}
[2.622282] (px4_msgs) StdoutLine: {'line': b'-- Up-to-date symlink: /home/carlos/ros2_ws/install/px4_msgs/include/px4_msgs/px4_msgs/msg/detail/vehicle_magnetometer__type_support.h\n'}
[2.622380] (px4_msgs) StdoutLine: {'line': b'-- Up-to-date symlink: /home/carlos/ros2_ws/install/px4_msgs/include/px4_msgs/px4_msgs/msg/detail/vehicle_odometry__functions.h\n'}
[2.622482] (px4_msgs) StdoutLine: {'line': b'-- Up-to-date symlink: /home/carlos/ros2_ws/install/px4_msgs/include/px4_msgs/px4_msgs/msg/detail/vehicle_odometry__struct.h\n'}
[2.622585] (px4_msgs) StdoutLine: {'line': b'-- Up-to-date symlink: /home/carlos/ros2_ws/install/px4_msgs/include/px4_msgs/px4_msgs/msg/detail/vehicle_odometry__type_support.h\n'}
[2.622688] (px4_msgs) StdoutLine: {'line': b'-- Up-to-date symlink: /home/carlos/ros2_ws/install/px4_msgs/include/px4_msgs/px4_msgs/msg/detail/vehicle_optical_flow__functions.h\n'}
[2.622807] (px4_msgs) StdoutLine: {'line': b'-- Up-to-date symlink: /home/carlos/ros2_ws/install/px4_msgs/include/px4_msgs/px4_msgs/msg/detail/vehicle_optical_flow__struct.h\n'}
[2.622904] (px4_msgs) StdoutLine: {'line': b'-- Up-to-date symlink: /home/carlos/ros2_ws/install/px4_msgs/include/px4_msgs/px4_msgs/msg/detail/vehicle_optical_flow__type_support.h\n'}
[2.623005] (px4_msgs) StdoutLine: {'line': b'-- Up-to-date symlink: /home/carlos/ros2_ws/install/px4_msgs/include/px4_msgs/px4_msgs/msg/detail/vehicle_optical_flow_vel__functions.h\n'}
[2.623107] (px4_msgs) StdoutLine: {'line': b'-- Up-to-date symlink: /home/carlos/ros2_ws/install/px4_msgs/include/px4_msgs/px4_msgs/msg/detail/vehicle_optical_flow_vel__struct.h\n'}
[2.623209] (px4_msgs) StdoutLine: {'line': b'-- Up-to-date symlink: /home/carlos/ros2_ws/install/px4_msgs/include/px4_msgs/px4_msgs/msg/detail/vehicle_optical_flow_vel__type_support.h\n'}
[2.623311] (px4_msgs) StdoutLine: {'line': b'-- Up-to-date symlink: /home/carlos/ros2_ws/install/px4_msgs/include/px4_msgs/px4_msgs/msg/detail/vehicle_rates_setpoint__functions.h\n'}
[2.623412] (px4_msgs) StdoutLine: {'line': b'-- Up-to-date symlink: /home/carlos/ros2_ws/install/px4_msgs/include/px4_msgs/px4_msgs/msg/detail/vehicle_rates_setpoint__struct.h\n'}
[2.623528] (px4_msgs) StdoutLine: {'line': b'-- Up-to-date symlink: /home/carlos/ros2_ws/install/px4_msgs/include/px4_msgs/px4_msgs/msg/detail/vehicle_rates_setpoint__type_support.h\n'}
[2.623655] (px4_msgs) StdoutLine: {'line': b'-- Up-to-date symlink: /home/carlos/ros2_ws/install/px4_msgs/include/px4_msgs/px4_msgs/msg/detail/vehicle_roi__functions.h\n'}
[2.623822] (px4_msgs) StdoutLine: {'line': b'-- Up-to-date symlink: /home/carlos/ros2_ws/install/px4_msgs/include/px4_msgs/px4_msgs/msg/detail/vehicle_roi__struct.h\n'}
[2.623970] (px4_msgs) StdoutLine: {'line': b'-- Up-to-date symlink: /home/carlos/ros2_ws/install/px4_msgs/include/px4_msgs/px4_msgs/msg/detail/vehicle_roi__type_support.h\n'}
[2.624077] (px4_msgs) StdoutLine: {'line': b'-- Up-to-date symlink: /home/carlos/ros2_ws/install/px4_msgs/include/px4_msgs/px4_msgs/msg/detail/vehicle_status__functions.h\n'}
[2.624195] (px4_msgs) StdoutLine: {'line': b'-- Up-to-date symlink: /home/carlos/ros2_ws/install/px4_msgs/include/px4_msgs/px4_msgs/msg/detail/vehicle_status__struct.h\n'}
[2.624310] (px4_msgs) StdoutLine: {'line': b'-- Up-to-date symlink: /home/carlos/ros2_ws/install/px4_msgs/include/px4_msgs/px4_msgs/msg/detail/vehicle_status__type_support.h\n'}
[2.624412] (px4_msgs) StdoutLine: {'line': b'-- Up-to-date symlink: /home/carlos/ros2_ws/install/px4_msgs/include/px4_msgs/px4_msgs/msg/detail/vehicle_thrust_setpoint__functions.h\n'}
[2.624495] (px4_msgs) StdoutLine: {'line': b'-- Up-to-date symlink: /home/carlos/ros2_ws/install/px4_msgs/include/px4_msgs/px4_msgs/msg/detail/vehicle_thrust_setpoint__struct.h\n'}
[2.624579] (px4_msgs) StdoutLine: {'line': b'-- Up-to-date symlink: /home/carlos/ros2_ws/install/px4_msgs/include/px4_msgs/px4_msgs/msg/detail/vehicle_thrust_setpoint__type_support.h\n'}
[2.624687] (px4_msgs) StdoutLine: {'line': b'-- Up-to-date symlink: /home/carlos/ros2_ws/install/px4_msgs/include/px4_msgs/px4_msgs/msg/detail/vehicle_torque_setpoint__functions.h\n'}
[2.624800] (px4_msgs) StdoutLine: {'line': b'-- Up-to-date symlink: /home/carlos/ros2_ws/install/px4_msgs/include/px4_msgs/px4_msgs/msg/detail/vehicle_torque_setpoint__struct.h\n'}
[2.624913] (px4_msgs) StdoutLine: {'line': b'-- Up-to-date symlink: /home/carlos/ros2_ws/install/px4_msgs/include/px4_msgs/px4_msgs/msg/detail/vehicle_torque_setpoint__type_support.h\n'}
[2.625061] (px4_msgs) StdoutLine: {'line': b'-- Up-to-date symlink: /home/carlos/ros2_ws/install/px4_msgs/include/px4_msgs/px4_msgs/msg/detail/velocity_limits__functions.h\n'}
[2.625175] (px4_msgs) StdoutLine: {'line': b'-- Up-to-date symlink: /home/carlos/ros2_ws/install/px4_msgs/include/px4_msgs/px4_msgs/msg/detail/velocity_limits__struct.h\n'}
[2.625292] (px4_msgs) StdoutLine: {'line': b'-- Up-to-date symlink: /home/carlos/ros2_ws/install/px4_msgs/include/px4_msgs/px4_msgs/msg/detail/velocity_limits__type_support.h\n'}
[2.625404] (px4_msgs) StdoutLine: {'line': b'-- Up-to-date symlink: /home/carlos/ros2_ws/install/px4_msgs/include/px4_msgs/px4_msgs/msg/detail/vtol_vehicle_status__functions.h\n'}
[2.625516] (px4_msgs) StdoutLine: {'line': b'-- Up-to-date symlink: /home/carlos/ros2_ws/install/px4_msgs/include/px4_msgs/px4_msgs/msg/detail/vtol_vehicle_status__struct.h\n'}
[2.625630] (px4_msgs) StdoutLine: {'line': b'-- Up-to-date symlink: /home/carlos/ros2_ws/install/px4_msgs/include/px4_msgs/px4_msgs/msg/detail/vtol_vehicle_status__type_support.h\n'}
[2.625743] (px4_msgs) StdoutLine: {'line': b'-- Up-to-date symlink: /home/carlos/ros2_ws/install/px4_msgs/include/px4_msgs/px4_msgs/msg/detail/wheel_encoders__functions.h\n'}
[2.625866] (px4_msgs) StdoutLine: {'line': b'-- Up-to-date symlink: /home/carlos/ros2_ws/install/px4_msgs/include/px4_msgs/px4_msgs/msg/detail/wheel_encoders__struct.h\n'}
[2.625986] (px4_msgs) StdoutLine: {'line': b'-- Up-to-date symlink: /home/carlos/ros2_ws/install/px4_msgs/include/px4_msgs/px4_msgs/msg/detail/wheel_encoders__type_support.h\n'}
[2.626092] (px4_msgs) StdoutLine: {'line': b'-- Up-to-date symlink: /home/carlos/ros2_ws/install/px4_msgs/include/px4_msgs/px4_msgs/msg/detail/wind__functions.h\n'}
[2.626173] (px4_msgs) StdoutLine: {'line': b'-- Up-to-date symlink: /home/carlos/ros2_ws/install/px4_msgs/include/px4_msgs/px4_msgs/msg/detail/wind__struct.h\n'}
[2.626278] (px4_msgs) StdoutLine: {'line': b'-- Up-to-date symlink: /home/carlos/ros2_ws/install/px4_msgs/include/px4_msgs/px4_msgs/msg/detail/wind__type_support.h\n'}
[2.626382] (px4_msgs) StdoutLine: {'line': b'-- Up-to-date symlink: /home/carlos/ros2_ws/install/px4_msgs/include/px4_msgs/px4_msgs/msg/detail/yaw_estimator_status__functions.h\n'}
[2.626486] (px4_msgs) StdoutLine: {'line': b'-- Up-to-date symlink: /home/carlos/ros2_ws/install/px4_msgs/include/px4_msgs/px4_msgs/msg/detail/yaw_estimator_status__struct.h\n'}
[2.626592] (px4_msgs) StdoutLine: {'line': b'-- Up-to-date symlink: /home/carlos/ros2_ws/install/px4_msgs/include/px4_msgs/px4_msgs/msg/detail/yaw_estimator_status__type_support.h\n'}
[2.626692] (px4_msgs) StdoutLine: {'line': b'-- Up-to-date symlink: /home/carlos/ros2_ws/install/px4_msgs/include/px4_msgs/px4_msgs/msg/differential_pressure.h\n'}
[2.626801] (px4_msgs) StdoutLine: {'line': b'-- Up-to-date symlink: /home/carlos/ros2_ws/install/px4_msgs/include/px4_msgs/px4_msgs/msg/distance_sensor.h\n'}
[2.626908] (px4_msgs) StdoutLine: {'line': b'-- Up-to-date symlink: /home/carlos/ros2_ws/install/px4_msgs/include/px4_msgs/px4_msgs/msg/distance_sensor_mode_change_request.h\n'}
[2.627009] (px4_msgs) StdoutLine: {'line': b'-- Up-to-date symlink: /home/carlos/ros2_ws/install/px4_msgs/include/px4_msgs/px4_msgs/msg/dronecan_node_status.h\n'}
[2.627108] (px4_msgs) StdoutLine: {'line': b'-- Up-to-date symlink: /home/carlos/ros2_ws/install/px4_msgs/include/px4_msgs/px4_msgs/msg/ekf2_timestamps.h\n'}
[2.627206] (px4_msgs) StdoutLine: {'line': b'-- Up-to-date symlink: /home/carlos/ros2_ws/install/px4_msgs/include/px4_msgs/px4_msgs/msg/esc_report.h\n'}
[2.627304] (px4_msgs) StdoutLine: {'line': b'-- Up-to-date symlink: /home/carlos/ros2_ws/install/px4_msgs/include/px4_msgs/px4_msgs/msg/esc_status.h\n'}
[2.627402] (px4_msgs) StdoutLine: {'line': b'-- Up-to-date symlink: /home/carlos/ros2_ws/install/px4_msgs/include/px4_msgs/px4_msgs/msg/estimator_aid_source1d.h\n'}
[2.627500] (px4_msgs) StdoutLine: {'line': b'-- Up-to-date symlink: /home/carlos/ros2_ws/install/px4_msgs/include/px4_msgs/px4_msgs/msg/estimator_aid_source2d.h\n'}
[2.627597] (px4_msgs) StdoutLine: {'line': b'-- Up-to-date symlink: /home/carlos/ros2_ws/install/px4_msgs/include/px4_msgs/px4_msgs/msg/estimator_aid_source3d.h\n'}
[2.627695] (px4_msgs) StdoutLine: {'line': b'-- Up-to-date symlink: /home/carlos/ros2_ws/install/px4_msgs/include/px4_msgs/px4_msgs/msg/estimator_bias.h\n'}
[2.627801] (px4_msgs) StdoutLine: {'line': b'-- Up-to-date symlink: /home/carlos/ros2_ws/install/px4_msgs/include/px4_msgs/px4_msgs/msg/estimator_bias3d.h\n'}
[2.627906] (px4_msgs) StdoutLine: {'line': b'-- Up-to-date symlink: /home/carlos/ros2_ws/install/px4_msgs/include/px4_msgs/px4_msgs/msg/estimator_event_flags.h\n'}
[2.628003] (px4_msgs) StdoutLine: {'line': b'-- Up-to-date symlink: /home/carlos/ros2_ws/install/px4_msgs/include/px4_msgs/px4_msgs/msg/estimator_gps_status.h\n'}
[2.628107] (px4_msgs) StdoutLine: {'line': b'-- Up-to-date symlink: /home/carlos/ros2_ws/install/px4_msgs/include/px4_msgs/px4_msgs/msg/estimator_innovations.h\n'}
[2.628206] (px4_msgs) StdoutLine: {'line': b'-- Up-to-date symlink: /home/carlos/ros2_ws/install/px4_msgs/include/px4_msgs/px4_msgs/msg/estimator_selector_status.h\n'}
[2.628310] (px4_msgs) StdoutLine: {'line': b'-- Up-to-date symlink: /home/carlos/ros2_ws/install/px4_msgs/include/px4_msgs/px4_msgs/msg/estimator_sensor_bias.h\n'}
[2.628410] (px4_msgs) StdoutLine: {'line': b'-- Up-to-date symlink: /home/carlos/ros2_ws/install/px4_msgs/include/px4_msgs/px4_msgs/msg/estimator_states.h\n'}
[2.628509] (px4_msgs) StdoutLine: {'line': b'-- Up-to-date symlink: /home/carlos/ros2_ws/install/px4_msgs/include/px4_msgs/px4_msgs/msg/estimator_status.h\n'}
[2.628609] (px4_msgs) StdoutLine: {'line': b'-- Up-to-date symlink: /home/carlos/ros2_ws/install/px4_msgs/include/px4_msgs/px4_msgs/msg/estimator_status_flags.h\n'}
[2.628709] (px4_msgs) StdoutLine: {'line': b'-- Up-to-date symlink: /home/carlos/ros2_ws/install/px4_msgs/include/px4_msgs/px4_msgs/msg/event.h\n'}
[2.628817] (px4_msgs) StdoutLine: {'line': b'-- Up-to-date symlink: /home/carlos/ros2_ws/install/px4_msgs/include/px4_msgs/px4_msgs/msg/failsafe_flags.h\n'}
[2.628924] (px4_msgs) StdoutLine: {'line': b'-- Up-to-date symlink: /home/carlos/ros2_ws/install/px4_msgs/include/px4_msgs/px4_msgs/msg/failure_detector_status.h\n'}
[2.629024] (px4_msgs) StdoutLine: {'line': b'-- Up-to-date symlink: /home/carlos/ros2_ws/install/px4_msgs/include/px4_msgs/px4_msgs/msg/figure_eight_status.h\n'}
[2.629125] (px4_msgs) StdoutLine: {'line': b'-- Up-to-date symlink: /home/carlos/ros2_ws/install/px4_msgs/include/px4_msgs/px4_msgs/msg/fixed_wing_lateral_guidance_status.h\n'}
[2.629225] (px4_msgs) StdoutLine: {'line': b'-- Up-to-date symlink: /home/carlos/ros2_ws/install/px4_msgs/include/px4_msgs/px4_msgs/msg/fixed_wing_lateral_setpoint.h\n'}
[2.629325] (px4_msgs) StdoutLine: {'line': b'-- Up-to-date symlink: /home/carlos/ros2_ws/install/px4_msgs/include/px4_msgs/px4_msgs/msg/fixed_wing_lateral_status.h\n'}
[2.629427] (px4_msgs) StdoutLine: {'line': b'-- Up-to-date symlink: /home/carlos/ros2_ws/install/px4_msgs/include/px4_msgs/px4_msgs/msg/fixed_wing_longitudinal_setpoint.h\n'}
[2.629523] (px4_msgs) StdoutLine: {'line': b'-- Up-to-date symlink: /home/carlos/ros2_ws/install/px4_msgs/include/px4_msgs/px4_msgs/msg/fixed_wing_runway_control.h\n'}
[2.629618] (px4_msgs) StdoutLine: {'line': b'-- Up-to-date symlink: /home/carlos/ros2_ws/install/px4_msgs/include/px4_msgs/px4_msgs/msg/flight_phase_estimation.h\n'}
[2.629716] (px4_msgs) StdoutLine: {'line': b'-- Up-to-date symlink: /home/carlos/ros2_ws/install/px4_msgs/include/px4_msgs/px4_msgs/msg/follow_target.h\n'}
[2.629821] (px4_msgs) StdoutLine: {'line': b'-- Up-to-date symlink: /home/carlos/ros2_ws/install/px4_msgs/include/px4_msgs/px4_msgs/msg/follow_target_estimator.h\n'}
[2.629920] (px4_msgs) StdoutLine: {'line': b'-- Up-to-date symlink: /home/carlos/ros2_ws/install/px4_msgs/include/px4_msgs/px4_msgs/msg/follow_target_status.h\n'}
[2.630018] (px4_msgs) StdoutLine: {'line': b'-- Up-to-date symlink: /home/carlos/ros2_ws/install/px4_msgs/include/px4_msgs/px4_msgs/msg/fuel_tank_status.h\n'}
[2.630116] (px4_msgs) StdoutLine: {'line': b'-- Up-to-date symlink: /home/carlos/ros2_ws/install/px4_msgs/include/px4_msgs/px4_msgs/msg/generator_status.h\n'}
[2.630213] (px4_msgs) StdoutLine: {'line': b'-- Up-to-date symlink: /home/carlos/ros2_ws/install/px4_msgs/include/px4_msgs/px4_msgs/msg/geofence_result.h\n'}
[2.630310] (px4_msgs) StdoutLine: {'line': b'-- Up-to-date symlink: /home/carlos/ros2_ws/install/px4_msgs/include/px4_msgs/px4_msgs/msg/geofence_status.h\n'}
[2.630407] (px4_msgs) StdoutLine: {'line': b'-- Up-to-date symlink: /home/carlos/ros2_ws/install/px4_msgs/include/px4_msgs/px4_msgs/msg/gimbal_controls.h\n'}
[2.630506] (px4_msgs) StdoutLine: {'line': b'-- Up-to-date symlink: /home/carlos/ros2_ws/install/px4_msgs/include/px4_msgs/px4_msgs/msg/gimbal_device_attitude_status.h\n'}
[2.630604] (px4_msgs) StdoutLine: {'line': b'-- Up-to-date symlink: /home/carlos/ros2_ws/install/px4_msgs/include/px4_msgs/px4_msgs/msg/gimbal_device_information.h\n'}
[2.630707] (px4_msgs) StdoutLine: {'line': b'-- Up-to-date symlink: /home/carlos/ros2_ws/install/px4_msgs/include/px4_msgs/px4_msgs/msg/gimbal_device_set_attitude.h\n'}
[2.630813] (px4_msgs) StdoutLine: {'line': b'-- Up-to-date symlink: /home/carlos/ros2_ws/install/px4_msgs/include/px4_msgs/px4_msgs/msg/gimbal_manager_information.h\n'}
[2.630919] (px4_msgs) StdoutLine: {'line': b'-- Up-to-date symlink: /home/carlos/ros2_ws/install/px4_msgs/include/px4_msgs/px4_msgs/msg/gimbal_manager_set_attitude.h\n'}
[2.631016] (px4_msgs) StdoutLine: {'line': b'-- Up-to-date symlink: /home/carlos/ros2_ws/install/px4_msgs/include/px4_msgs/px4_msgs/msg/gimbal_manager_set_manual_control.h\n'}
[2.631114] (px4_msgs) StdoutLine: {'line': b'-- Up-to-date symlink: /home/carlos/ros2_ws/install/px4_msgs/include/px4_msgs/px4_msgs/msg/gimbal_manager_status.h\n'}
[2.631212] (px4_msgs) StdoutLine: {'line': b'-- Up-to-date symlink: /home/carlos/ros2_ws/install/px4_msgs/include/px4_msgs/px4_msgs/msg/goto_setpoint.h\n'}
[2.631309] (px4_msgs) StdoutLine: {'line': b'-- Up-to-date symlink: /home/carlos/ros2_ws/install/px4_msgs/include/px4_msgs/px4_msgs/msg/gpio_config.h\n'}
[2.631407] (px4_msgs) StdoutLine: {'line': b'-- Up-to-date symlink: /home/carlos/ros2_ws/install/px4_msgs/include/px4_msgs/px4_msgs/msg/gpio_in.h\n'}
[2.631505] (px4_msgs) StdoutLine: {'line': b'-- Up-to-date symlink: /home/carlos/ros2_ws/install/px4_msgs/include/px4_msgs/px4_msgs/msg/gpio_out.h\n'}
[2.631601] (px4_msgs) StdoutLine: {'line': b'-- Up-to-date symlink: /home/carlos/ros2_ws/install/px4_msgs/include/px4_msgs/px4_msgs/msg/gpio_request.h\n'}
[2.631698] (px4_msgs) StdoutLine: {'line': b'-- Up-to-date symlink: /home/carlos/ros2_ws/install/px4_msgs/include/px4_msgs/px4_msgs/msg/gps_dump.h\n'}
[2.631805] (px4_msgs) StdoutLine: {'line': b'-- Up-to-date symlink: /home/carlos/ros2_ws/install/px4_msgs/include/px4_msgs/px4_msgs/msg/gps_inject_data.h\n'}
[2.631907] (px4_msgs) StdoutLine: {'line': b'-- Up-to-date symlink: /home/carlos/ros2_ws/install/px4_msgs/include/px4_msgs/px4_msgs/msg/gripper.h\n'}
[2.631999] (px4_msgs) StdoutLine: {'line': b'-- Up-to-date symlink: /home/carlos/ros2_ws/install/px4_msgs/include/px4_msgs/px4_msgs/msg/health_report.h\n'}
[2.632094] (px4_msgs) StdoutLine: {'line': b'-- Up-to-date symlink: /home/carlos/ros2_ws/install/px4_msgs/include/px4_msgs/px4_msgs/msg/heater_status.h\n'}
[2.632190] (px4_msgs) StdoutLine: {'line': b'-- Up-to-date symlink: /home/carlos/ros2_ws/install/px4_msgs/include/px4_msgs/px4_msgs/msg/home_position.h\n'}
[2.632287] (px4_msgs) StdoutLine: {'line': b'-- Up-to-date symlink: /home/carlos/ros2_ws/install/px4_msgs/include/px4_msgs/px4_msgs/msg/hover_thrust_estimate.h\n'}
[2.632382] (px4_msgs) StdoutLine: {'line': b'-- Up-to-date symlink: /home/carlos/ros2_ws/install/px4_msgs/include/px4_msgs/px4_msgs/msg/input_rc.h\n'}
[2.632479] (px4_msgs) StdoutLine: {'line': b'-- Up-to-date symlink: /home/carlos/ros2_ws/install/px4_msgs/include/px4_msgs/px4_msgs/msg/internal_combustion_engine_control.h\n'}
[2.632580] (px4_msgs) StdoutLine: {'line': b'-- Up-to-date symlink: /home/carlos/ros2_ws/install/px4_msgs/include/px4_msgs/px4_msgs/msg/internal_combustion_engine_status.h\n'}
[2.632677] (px4_msgs) StdoutLine: {'line': b'-- Up-to-date symlink: /home/carlos/ros2_ws/install/px4_msgs/include/px4_msgs/px4_msgs/msg/iridiumsbd_status.h\n'}
[2.632782] (px4_msgs) StdoutLine: {'line': b'-- Up-to-date symlink: /home/carlos/ros2_ws/install/px4_msgs/include/px4_msgs/px4_msgs/msg/irlock_report.h\n'}
[2.632881] (px4_msgs) StdoutLine: {'line': b'-- Up-to-date symlink: /home/carlos/ros2_ws/install/px4_msgs/include/px4_msgs/px4_msgs/msg/landing_gear.h\n'}
[2.632978] (px4_msgs) StdoutLine: {'line': b'-- Up-to-date symlink: /home/carlos/ros2_ws/install/px4_msgs/include/px4_msgs/px4_msgs/msg/landing_gear_wheel.h\n'}
[2.633074] (px4_msgs) StdoutLine: {'line': b'-- Up-to-date symlink: /home/carlos/ros2_ws/install/px4_msgs/include/px4_msgs/px4_msgs/msg/landing_target_innovations.h\n'}
[2.633172] (px4_msgs) StdoutLine: {'line': b'-- Up-to-date symlink: /home/carlos/ros2_ws/install/px4_msgs/include/px4_msgs/px4_msgs/msg/landing_target_pose.h\n'}
[2.633270] (px4_msgs) StdoutLine: {'line': b'-- Up-to-date symlink: /home/carlos/ros2_ws/install/px4_msgs/include/px4_msgs/px4_msgs/msg/lateral_control_configuration.h\n'}
[2.633369] (px4_msgs) StdoutLine: {'line': b'-- Up-to-date symlink: /home/carlos/ros2_ws/install/px4_msgs/include/px4_msgs/px4_msgs/msg/launch_detection_status.h\n'}
[2.633467] (px4_msgs) StdoutLine: {'line': b'-- Up-to-date symlink: /home/carlos/ros2_ws/install/px4_msgs/include/px4_msgs/px4_msgs/msg/led_control.h\n'}
[2.633564] (px4_msgs) StdoutLine: {'line': b'-- Up-to-date symlink: /home/carlos/ros2_ws/install/px4_msgs/include/px4_msgs/px4_msgs/msg/log_message.h\n'}
[2.633662] (px4_msgs) StdoutLine: {'line': b'-- Up-to-date symlink: /home/carlos/ros2_ws/install/px4_msgs/include/px4_msgs/px4_msgs/msg/logger_status.h\n'}
[2.633764] (px4_msgs) StdoutLine: {'line': b'-- Up-to-date symlink: /home/carlos/ros2_ws/install/px4_msgs/include/px4_msgs/px4_msgs/msg/longitudinal_control_configuration.h\n'}
[2.633870] (px4_msgs) StdoutLine: {'line': b'-- Up-to-date symlink: /home/carlos/ros2_ws/install/px4_msgs/include/px4_msgs/px4_msgs/msg/mag_worker_data.h\n'}
[2.633969] (px4_msgs) StdoutLine: {'line': b'-- Up-to-date symlink: /home/carlos/ros2_ws/install/px4_msgs/include/px4_msgs/px4_msgs/msg/magnetometer_bias_estimate.h\n'}
[2.634068] (px4_msgs) StdoutLine: {'line': b'-- Up-to-date symlink: /home/carlos/ros2_ws/install/px4_msgs/include/px4_msgs/px4_msgs/msg/manual_control_setpoint.h\n'}
[2.634166] (px4_msgs) StdoutLine: {'line': b'-- Up-to-date symlink: /home/carlos/ros2_ws/install/px4_msgs/include/px4_msgs/px4_msgs/msg/manual_control_switches.h\n'}
[2.634265] (px4_msgs) StdoutLine: {'line': b'-- Up-to-date symlink: /home/carlos/ros2_ws/install/px4_msgs/include/px4_msgs/px4_msgs/msg/mavlink_log.h\n'}
[2.634367] (px4_msgs) StdoutLine: {'line': b'-- Up-to-date symlink: /home/carlos/ros2_ws/install/px4_msgs/include/px4_msgs/px4_msgs/msg/mavlink_tunnel.h\n'}
[2.634465] (px4_msgs) StdoutLine: {'line': b'-- Up-to-date symlink: /home/carlos/ros2_ws/install/px4_msgs/include/px4_msgs/px4_msgs/msg/message_format_request.h\n'}
[2.634569] (px4_msgs) StdoutLine: {'line': b'-- Up-to-date symlink: /home/carlos/ros2_ws/install/px4_msgs/include/px4_msgs/px4_msgs/msg/message_format_response.h\n'}
[2.634666] (px4_msgs) StdoutLine: {'line': b'-- Up-to-date symlink: /home/carlos/ros2_ws/install/px4_msgs/include/px4_msgs/px4_msgs/msg/mission.h\n'}
[2.634768] (px4_msgs) StdoutLine: {'line': b'-- Up-to-date symlink: /home/carlos/ros2_ws/install/px4_msgs/include/px4_msgs/px4_msgs/msg/mission_result.h\n'}
[2.634870] (px4_msgs) StdoutLine: {'line': b'-- Up-to-date symlink: /home/carlos/ros2_ws/install/px4_msgs/include/px4_msgs/px4_msgs/msg/mode_completed.h\n'}
[2.634970] (px4_msgs) StdoutLine: {'line': b'-- Up-to-date symlink: /home/carlos/ros2_ws/install/px4_msgs/include/px4_msgs/px4_msgs/msg/mount_orientation.h\n'}
[2.635068] (px4_msgs) StdoutLine: {'line': b'-- Up-to-date symlink: /home/carlos/ros2_ws/install/px4_msgs/include/px4_msgs/px4_msgs/msg/navigator_mission_item.h\n'}
[2.635166] (px4_msgs) StdoutLine: {'line': b'-- Up-to-date symlink: /home/carlos/ros2_ws/install/px4_msgs/include/px4_msgs/px4_msgs/msg/navigator_status.h\n'}
[2.635264] (px4_msgs) StdoutLine: {'line': b'-- Up-to-date symlink: /home/carlos/ros2_ws/install/px4_msgs/include/px4_msgs/px4_msgs/msg/neural_control.h\n'}
[2.635362] (px4_msgs) StdoutLine: {'line': b'-- Up-to-date symlink: /home/carlos/ros2_ws/install/px4_msgs/include/px4_msgs/px4_msgs/msg/normalized_unsigned_setpoint.h\n'}
[2.635461] (px4_msgs) StdoutLine: {'line': b'-- Up-to-date symlink: /home/carlos/ros2_ws/install/px4_msgs/include/px4_msgs/px4_msgs/msg/obstacle_distance.h\n'}
[2.635553] (px4_msgs) StdoutLine: {'line': b'-- Up-to-date symlink: /home/carlos/ros2_ws/install/px4_msgs/include/px4_msgs/px4_msgs/msg/offboard_control_mode.h\n'}
[2.635652] (px4_msgs) StdoutLine: {'line': b'-- Up-to-date symlink: /home/carlos/ros2_ws/install/px4_msgs/include/px4_msgs/px4_msgs/msg/onboard_computer_status.h\n'}
[2.635755] (px4_msgs) StdoutLine: {'line': b'-- Up-to-date symlink: /home/carlos/ros2_ws/install/px4_msgs/include/px4_msgs/px4_msgs/msg/open_drone_id_arm_status.h\n'}
[2.635861] (px4_msgs) StdoutLine: {'line': b'-- Up-to-date symlink: /home/carlos/ros2_ws/install/px4_msgs/include/px4_msgs/px4_msgs/msg/open_drone_id_operator_id.h\n'}
[2.635959] (px4_msgs) StdoutLine: {'line': b'-- Up-to-date symlink: /home/carlos/ros2_ws/install/px4_msgs/include/px4_msgs/px4_msgs/msg/open_drone_id_self_id.h\n'}
[2.636057] (px4_msgs) StdoutLine: {'line': b'-- Up-to-date symlink: /home/carlos/ros2_ws/install/px4_msgs/include/px4_msgs/px4_msgs/msg/open_drone_id_system.h\n'}
[2.636155] (px4_msgs) StdoutLine: {'line': b'-- Up-to-date symlink: /home/carlos/ros2_ws/install/px4_msgs/include/px4_msgs/px4_msgs/msg/orb_test.h\n'}
[2.636252] (px4_msgs) StdoutLine: {'line': b'-- Up-to-date symlink: /home/carlos/ros2_ws/install/px4_msgs/include/px4_msgs/px4_msgs/msg/orb_test_large.h\n'}
[2.636350] (px4_msgs) StdoutLine: {'line': b'-- Up-to-date symlink: /home/carlos/ros2_ws/install/px4_msgs/include/px4_msgs/px4_msgs/msg/orb_test_medium.h\n'}
[2.636448] (px4_msgs) StdoutLine: {'line': b'-- Up-to-date symlink: /home/carlos/ros2_ws/install/px4_msgs/include/px4_msgs/px4_msgs/msg/orbit_status.h\n'}
[2.636546] (px4_msgs) StdoutLine: {'line': b'-- Up-to-date symlink: /home/carlos/ros2_ws/install/px4_msgs/include/px4_msgs/px4_msgs/msg/parameter_reset_request.h\n'}
[2.636644] (px4_msgs) StdoutLine: {'line': b'-- Up-to-date symlink: /home/carlos/ros2_ws/install/px4_msgs/include/px4_msgs/px4_msgs/msg/parameter_set_used_request.h\n'}
[2.636743] (px4_msgs) StdoutLine: {'line': b'-- Up-to-date symlink: /home/carlos/ros2_ws/install/px4_msgs/include/px4_msgs/px4_msgs/msg/parameter_set_value_request.h\n'}
[2.636856] (px4_msgs) StdoutLine: {'line': b'-- Up-to-date symlink: /home/carlos/ros2_ws/install/px4_msgs/include/px4_msgs/px4_msgs/msg/parameter_set_value_response.h\n'}
[2.636954] (px4_msgs) StdoutLine: {'line': b'-- Up-to-date symlink: /home/carlos/ros2_ws/install/px4_msgs/include/px4_msgs/px4_msgs/msg/parameter_update.h\n'}
[2.637052] (px4_msgs) StdoutLine: {'line': b'-- Up-to-date symlink: /home/carlos/ros2_ws/install/px4_msgs/include/px4_msgs/px4_msgs/msg/ping.h\n'}
[2.637157] (px4_msgs) StdoutLine: {'line': b'-- Up-to-date symlink: /home/carlos/ros2_ws/install/px4_msgs/include/px4_msgs/px4_msgs/msg/position_controller_landing_status.h\n'}
[2.637257] (px4_msgs) StdoutLine: {'line': b'-- Up-to-date symlink: /home/carlos/ros2_ws/install/px4_msgs/include/px4_msgs/px4_msgs/msg/position_controller_status.h\n'}
[2.637356] (px4_msgs) StdoutLine: {'line': b'-- Up-to-date symlink: /home/carlos/ros2_ws/install/px4_msgs/include/px4_msgs/px4_msgs/msg/position_setpoint.h\n'}
[2.637454] (px4_msgs) StdoutLine: {'line': b'-- Up-to-date symlink: /home/carlos/ros2_ws/install/px4_msgs/include/px4_msgs/px4_msgs/msg/position_setpoint_triplet.h\n'}
[2.637553] (px4_msgs) StdoutLine: {'line': b'-- Up-to-date symlink: /home/carlos/ros2_ws/install/px4_msgs/include/px4_msgs/px4_msgs/msg/power_button_state.h\n'}
[2.637651] (px4_msgs) StdoutLine: {'line': b'-- Up-to-date symlink: /home/carlos/ros2_ws/install/px4_msgs/include/px4_msgs/px4_msgs/msg/power_monitor.h\n'}
[2.637754] (px4_msgs) StdoutLine: {'line': b'-- Up-to-date symlink: /home/carlos/ros2_ws/install/px4_msgs/include/px4_msgs/px4_msgs/msg/pps_capture.h\n'}
[2.637857] (px4_msgs) StdoutLine: {'line': b'-- Up-to-date symlink: /home/carlos/ros2_ws/install/px4_msgs/include/px4_msgs/px4_msgs/msg/pure_pursuit_status.h\n'}
[2.637960] (px4_msgs) StdoutLine: {'line': b'-- Up-to-date symlink: /home/carlos/ros2_ws/install/px4_msgs/include/px4_msgs/px4_msgs/msg/pwm_input.h\n'}
[2.638058] (px4_msgs) StdoutLine: {'line': b'-- Up-to-date symlink: /home/carlos/ros2_ws/install/px4_msgs/include/px4_msgs/px4_msgs/msg/px4io_status.h\n'}
[2.638154] (px4_msgs) StdoutLine: {'line': b'-- Up-to-date symlink: /home/carlos/ros2_ws/install/px4_msgs/include/px4_msgs/px4_msgs/msg/qshell_req.h\n'}
[2.638252] (px4_msgs) StdoutLine: {'line': b'-- Up-to-date symlink: /home/carlos/ros2_ws/install/px4_msgs/include/px4_msgs/px4_msgs/msg/qshell_retval.h\n'}
[2.638349] (px4_msgs) StdoutLine: {'line': b'-- Up-to-date symlink: /home/carlos/ros2_ws/install/px4_msgs/include/px4_msgs/px4_msgs/msg/radio_status.h\n'}
[2.638446] (px4_msgs) StdoutLine: {'line': b'-- Up-to-date symlink: /home/carlos/ros2_ws/install/px4_msgs/include/px4_msgs/px4_msgs/msg/rate_ctrl_status.h\n'}
[2.638543] (px4_msgs) StdoutLine: {'line': b'-- Up-to-date symlink: /home/carlos/ros2_ws/install/px4_msgs/include/px4_msgs/px4_msgs/msg/rc_channels.h\n'}
[2.638640] (px4_msgs) StdoutLine: {'line': b'-- Up-to-date symlink: /home/carlos/ros2_ws/install/px4_msgs/include/px4_msgs/px4_msgs/msg/rc_parameter_map.h\n'}
[2.638738] (px4_msgs) StdoutLine: {'line': b'-- Up-to-date symlink: /home/carlos/ros2_ws/install/px4_msgs/include/px4_msgs/px4_msgs/msg/register_ext_component_reply.h\n'}
[2.638848] (px4_msgs) StdoutLine: {'line': b'-- Up-to-date symlink: /home/carlos/ros2_ws/install/px4_msgs/include/px4_msgs/px4_msgs/msg/register_ext_component_request.h\n'}
[2.638947] (px4_msgs) StdoutLine: {'line': b'-- Up-to-date symlink: /home/carlos/ros2_ws/install/px4_msgs/include/px4_msgs/px4_msgs/msg/rosidl_generator_c__visibility_control.h\n'}
[2.639045] (px4_msgs) StdoutLine: {'line': b'-- Up-to-date symlink: /home/carlos/ros2_ws/install/px4_msgs/include/px4_msgs/px4_msgs/msg/rover_attitude_setpoint.h\n'}
[2.639138] (px4_msgs) StdoutLine: {'line': b'-- Up-to-date symlink: /home/carlos/ros2_ws/install/px4_msgs/include/px4_msgs/px4_msgs/msg/rover_attitude_status.h\n'}
[2.639235] (px4_msgs) StdoutLine: {'line': b'-- Up-to-date symlink: /home/carlos/ros2_ws/install/px4_msgs/include/px4_msgs/px4_msgs/msg/rover_position_setpoint.h\n'}
[2.639331] (px4_msgs) StdoutLine: {'line': b'-- Up-to-date symlink: /home/carlos/ros2_ws/install/px4_msgs/include/px4_msgs/px4_msgs/msg/rover_rate_setpoint.h\n'}
[2.639427] (px4_msgs) StdoutLine: {'line': b'-- Up-to-date symlink: /home/carlos/ros2_ws/install/px4_msgs/include/px4_msgs/px4_msgs/msg/rover_rate_status.h\n'}
[2.639524] (px4_msgs) StdoutLine: {'line': b'-- Up-to-date symlink: /home/carlos/ros2_ws/install/px4_msgs/include/px4_msgs/px4_msgs/msg/rover_speed_setpoint.h\n'}
[2.639620] (px4_msgs) StdoutLine: {'line': b'-- Up-to-date symlink: /home/carlos/ros2_ws/install/px4_msgs/include/px4_msgs/px4_msgs/msg/rover_speed_status.h\n'}
[2.639716] (px4_msgs) StdoutLine: {'line': b'-- Up-to-date symlink: /home/carlos/ros2_ws/install/px4_msgs/include/px4_msgs/px4_msgs/msg/rover_steering_setpoint.h\n'}
[2.639820] (px4_msgs) StdoutLine: {'line': b'-- Up-to-date symlink: /home/carlos/ros2_ws/install/px4_msgs/include/px4_msgs/px4_msgs/msg/rover_throttle_setpoint.h\n'}
[2.639922] (px4_msgs) StdoutLine: {'line': b'-- Up-to-date symlink: /home/carlos/ros2_ws/install/px4_msgs/include/px4_msgs/px4_msgs/msg/rpm.h\n'}
[2.640017] (px4_msgs) StdoutLine: {'line': b'-- Up-to-date symlink: /home/carlos/ros2_ws/install/px4_msgs/include/px4_msgs/px4_msgs/msg/rtl_status.h\n'}
[2.640113] (px4_msgs) StdoutLine: {'line': b'-- Up-to-date symlink: /home/carlos/ros2_ws/install/px4_msgs/include/px4_msgs/px4_msgs/msg/rtl_time_estimate.h\n'}
[2.640208] (px4_msgs) StdoutLine: {'line': b'-- Up-to-date symlink: /home/carlos/ros2_ws/install/px4_msgs/include/px4_msgs/px4_msgs/msg/satellite_info.h\n'}
[2.640312] (px4_msgs) StdoutLine: {'line': b'-- Up-to-date symlink: /home/carlos/ros2_ws/install/px4_msgs/include/px4_msgs/px4_msgs/msg/sensor_accel.h\n'}
[2.640410] (px4_msgs) StdoutLine: {'line': b'-- Up-to-date symlink: /home/carlos/ros2_ws/install/px4_msgs/include/px4_msgs/px4_msgs/msg/sensor_accel_fifo.h\n'}
[2.640516] (px4_msgs) StdoutLine: {'line': b'-- Up-to-date symlink: /home/carlos/ros2_ws/install/px4_msgs/include/px4_msgs/px4_msgs/msg/sensor_airflow.h\n'}
[2.640615] (px4_msgs) StdoutLine: {'line': b'-- Up-to-date symlink: /home/carlos/ros2_ws/install/px4_msgs/include/px4_msgs/px4_msgs/msg/sensor_baro.h\n'}
[2.640714] (px4_msgs) StdoutLine: {'line': b'-- Up-to-date symlink: /home/carlos/ros2_ws/install/px4_msgs/include/px4_msgs/px4_msgs/msg/sensor_combined.h\n'}
[2.640820] (px4_msgs) StdoutLine: {'line': b'-- Up-to-date symlink: /home/carlos/ros2_ws/install/px4_msgs/include/px4_msgs/px4_msgs/msg/sensor_correction.h\n'}
[2.640928] (px4_msgs) StdoutLine: {'line': b'-- Up-to-date symlink: /home/carlos/ros2_ws/install/px4_msgs/include/px4_msgs/px4_msgs/msg/sensor_gnss_relative.h\n'}
[2.641028] (px4_msgs) StdoutLine: {'line': b'-- Up-to-date symlink: /home/carlos/ros2_ws/install/px4_msgs/include/px4_msgs/px4_msgs/msg/sensor_gnss_status.h\n'}
[2.641128] (px4_msgs) StdoutLine: {'line': b'-- Up-to-date symlink: /home/carlos/ros2_ws/install/px4_msgs/include/px4_msgs/px4_msgs/msg/sensor_gps.h\n'}
[2.641227] (px4_msgs) StdoutLine: {'line': b'-- Up-to-date symlink: /home/carlos/ros2_ws/install/px4_msgs/include/px4_msgs/px4_msgs/msg/sensor_gyro.h\n'}
[2.641327] (px4_msgs) StdoutLine: {'line': b'-- Up-to-date symlink: /home/carlos/ros2_ws/install/px4_msgs/include/px4_msgs/px4_msgs/msg/sensor_gyro_fft.h\n'}
[2.641426] (px4_msgs) StdoutLine: {'line': b'-- Up-to-date symlink: /home/carlos/ros2_ws/install/px4_msgs/include/px4_msgs/px4_msgs/msg/sensor_gyro_fifo.h\n'}
[2.641524] (px4_msgs) StdoutLine: {'line': b'-- Up-to-date symlink: /home/carlos/ros2_ws/install/px4_msgs/include/px4_msgs/px4_msgs/msg/sensor_hygrometer.h\n'}
[2.641616] (px4_msgs) StdoutLine: {'line': b'-- Up-to-date symlink: /home/carlos/ros2_ws/install/px4_msgs/include/px4_msgs/px4_msgs/msg/sensor_mag.h\n'}
[2.641719] (px4_msgs) StdoutLine: {'line': b'-- Up-to-date symlink: /home/carlos/ros2_ws/install/px4_msgs/include/px4_msgs/px4_msgs/msg/sensor_optical_flow.h\n'}
[2.641829] (px4_msgs) StdoutLine: {'line': b'-- Up-to-date symlink: /home/carlos/ros2_ws/install/px4_msgs/include/px4_msgs/px4_msgs/msg/sensor_preflight_mag.h\n'}
[2.641927] (px4_msgs) StdoutLine: {'line': b'-- Up-to-date symlink: /home/carlos/ros2_ws/install/px4_msgs/include/px4_msgs/px4_msgs/msg/sensor_selection.h\n'}
[2.642023] (px4_msgs) StdoutLine: {'line': b'-- Up-to-date symlink: /home/carlos/ros2_ws/install/px4_msgs/include/px4_msgs/px4_msgs/msg/sensor_uwb.h\n'}
[2.642119] (px4_msgs) StdoutLine: {'line': b'-- Up-to-date symlink: /home/carlos/ros2_ws/install/px4_msgs/include/px4_msgs/px4_msgs/msg/sensors_status.h\n'}
[2.642217] (px4_msgs) StdoutLine: {'line': b'-- Up-to-date symlink: /home/carlos/ros2_ws/install/px4_msgs/include/px4_msgs/px4_msgs/msg/sensors_status_imu.h\n'}
[2.642314] (px4_msgs) StdoutLine: {'line': b'-- Up-to-date symlink: /home/carlos/ros2_ws/install/px4_msgs/include/px4_msgs/px4_msgs/msg/system_power.h\n'}
[2.642411] (px4_msgs) StdoutLine: {'line': b'-- Up-to-date symlink: /home/carlos/ros2_ws/install/px4_msgs/include/px4_msgs/px4_msgs/msg/takeoff_status.h\n'}
[2.642506] (px4_msgs) StdoutLine: {'line': b'-- Up-to-date symlink: /home/carlos/ros2_ws/install/px4_msgs/include/px4_msgs/px4_msgs/msg/task_stack_info.h\n'}
[2.642603] (px4_msgs) StdoutLine: {'line': b'-- Up-to-date symlink: /home/carlos/ros2_ws/install/px4_msgs/include/px4_msgs/px4_msgs/msg/tecs_status.h\n'}
[2.642704] (px4_msgs) StdoutLine: {'line': b'-- Up-to-date symlink: /home/carlos/ros2_ws/install/px4_msgs/include/px4_msgs/px4_msgs/msg/telemetry_status.h\n'}
[2.642808] (px4_msgs) StdoutLine: {'line': b'-- Up-to-date symlink: /home/carlos/ros2_ws/install/px4_msgs/include/px4_msgs/px4_msgs/msg/tiltrotor_extra_controls.h\n'}
[2.642912] (px4_msgs) StdoutLine: {'line': b'-- Up-to-date symlink: /home/carlos/ros2_ws/install/px4_msgs/include/px4_msgs/px4_msgs/msg/timesync_status.h\n'}
[2.643010] (px4_msgs) StdoutLine: {'line': b'-- Up-to-date symlink: /home/carlos/ros2_ws/install/px4_msgs/include/px4_msgs/px4_msgs/msg/trajectory_setpoint.h\n'}
[2.643107] (px4_msgs) StdoutLine: {'line': b'-- Up-to-date symlink: /home/carlos/ros2_ws/install/px4_msgs/include/px4_msgs/px4_msgs/msg/trajectory_setpoint6dof.h\n'}
[2.643203] (px4_msgs) StdoutLine: {'line': b'-- Up-to-date symlink: /home/carlos/ros2_ws/install/px4_msgs/include/px4_msgs/px4_msgs/msg/transponder_report.h\n'}
[2.643300] (px4_msgs) StdoutLine: {'line': b'-- Up-to-date symlink: /home/carlos/ros2_ws/install/px4_msgs/include/px4_msgs/px4_msgs/msg/tune_control.h\n'}
[2.643397] (px4_msgs) StdoutLine: {'line': b'-- Up-to-date symlink: /home/carlos/ros2_ws/install/px4_msgs/include/px4_msgs/px4_msgs/msg/uavcan_parameter_request.h\n'}
[2.643495] (px4_msgs) StdoutLine: {'line': b'-- Up-to-date symlink: /home/carlos/ros2_ws/install/px4_msgs/include/px4_msgs/px4_msgs/msg/uavcan_parameter_value.h\n'}
[2.643592] (px4_msgs) StdoutLine: {'line': b'-- Up-to-date symlink: /home/carlos/ros2_ws/install/px4_msgs/include/px4_msgs/px4_msgs/msg/ulog_stream.h\n'}
[2.643688] (px4_msgs) StdoutLine: {'line': b'-- Up-to-date symlink: /home/carlos/ros2_ws/install/px4_msgs/include/px4_msgs/px4_msgs/msg/ulog_stream_ack.h\n'}
[2.643794] (px4_msgs) StdoutLine: {'line': b'-- Up-to-date symlink: /home/carlos/ros2_ws/install/px4_msgs/include/px4_msgs/px4_msgs/msg/unregister_ext_component.h\n'}
[2.643893] (px4_msgs) StdoutLine: {'line': b'-- Up-to-date symlink: /home/carlos/ros2_ws/install/px4_msgs/include/px4_msgs/px4_msgs/msg/vehicle_acceleration.h\n'}
[2.643984] (px4_msgs) StdoutLine: {'line': b'-- Up-to-date symlink: /home/carlos/ros2_ws/install/px4_msgs/include/px4_msgs/px4_msgs/msg/vehicle_air_data.h\n'}
[2.644083] (px4_msgs) StdoutLine: {'line': b'-- Up-to-date symlink: /home/carlos/ros2_ws/install/px4_msgs/include/px4_msgs/px4_msgs/msg/vehicle_angular_acceleration_setpoint.h\n'}
[2.644179] (px4_msgs) StdoutLine: {'line': b'-- Up-to-date symlink: /home/carlos/ros2_ws/install/px4_msgs/include/px4_msgs/px4_msgs/msg/vehicle_angular_velocity.h\n'}
[2.644276] (px4_msgs) StdoutLine: {'line': b'-- Up-to-date symlink: /home/carlos/ros2_ws/install/px4_msgs/include/px4_msgs/px4_msgs/msg/vehicle_attitude.h\n'}
[2.644373] (px4_msgs) StdoutLine: {'line': b'-- Up-to-date symlink: /home/carlos/ros2_ws/install/px4_msgs/include/px4_msgs/px4_msgs/msg/vehicle_attitude_setpoint.h\n'}
[2.644470] (px4_msgs) StdoutLine: {'line': b'-- Up-to-date symlink: /home/carlos/ros2_ws/install/px4_msgs/include/px4_msgs/px4_msgs/msg/vehicle_command.h\n'}
[2.644567] (px4_msgs) StdoutLine: {'line': b'-- Up-to-date symlink: /home/carlos/ros2_ws/install/px4_msgs/include/px4_msgs/px4_msgs/msg/vehicle_command_ack.h\n'}
[2.644663] (px4_msgs) StdoutLine: {'line': b'-- Up-to-date symlink: /home/carlos/ros2_ws/install/px4_msgs/include/px4_msgs/px4_msgs/msg/vehicle_constraints.h\n'}
[2.644763] (px4_msgs) StdoutLine: {'line': b'-- Up-to-date symlink: /home/carlos/ros2_ws/install/px4_msgs/include/px4_msgs/px4_msgs/msg/vehicle_control_mode.h\n'}
[2.644866] (px4_msgs) StdoutLine: {'line': b'-- Up-to-date symlink: /home/carlos/ros2_ws/install/px4_msgs/include/px4_msgs/px4_msgs/msg/vehicle_global_position.h\n'}
[2.644963] (px4_msgs) StdoutLine: {'line': b'-- Up-to-date symlink: /home/carlos/ros2_ws/install/px4_msgs/include/px4_msgs/px4_msgs/msg/vehicle_imu.h\n'}
[2.645060] (px4_msgs) StdoutLine: {'line': b'-- Up-to-date symlink: /home/carlos/ros2_ws/install/px4_msgs/include/px4_msgs/px4_msgs/msg/vehicle_imu_status.h\n'}
[2.645158] (px4_msgs) StdoutLine: {'line': b'-- Up-to-date symlink: /home/carlos/ros2_ws/install/px4_msgs/include/px4_msgs/px4_msgs/msg/vehicle_land_detected.h\n'}
[2.645255] (px4_msgs) StdoutLine: {'line': b'-- Up-to-date symlink: /home/carlos/ros2_ws/install/px4_msgs/include/px4_msgs/px4_msgs/msg/vehicle_local_position.h\n'}
[2.645353] (px4_msgs) StdoutLine: {'line': b'-- Up-to-date symlink: /home/carlos/ros2_ws/install/px4_msgs/include/px4_msgs/px4_msgs/msg/vehicle_local_position_setpoint.h\n'}
[2.645449] (px4_msgs) StdoutLine: {'line': b'-- Up-to-date symlink: /home/carlos/ros2_ws/install/px4_msgs/include/px4_msgs/px4_msgs/msg/vehicle_magnetometer.h\n'}
[2.645546] (px4_msgs) StdoutLine: {'line': b'-- Up-to-date symlink: /home/carlos/ros2_ws/install/px4_msgs/include/px4_msgs/px4_msgs/msg/vehicle_odometry.h\n'}
[2.645643] (px4_msgs) StdoutLine: {'line': b'-- Up-to-date symlink: /home/carlos/ros2_ws/install/px4_msgs/include/px4_msgs/px4_msgs/msg/vehicle_optical_flow.h\n'}
[2.645741] (px4_msgs) StdoutLine: {'line': b'-- Up-to-date symlink: /home/carlos/ros2_ws/install/px4_msgs/include/px4_msgs/px4_msgs/msg/vehicle_optical_flow_vel.h\n'}
[2.645846] (px4_msgs) StdoutLine: {'line': b'-- Up-to-date symlink: /home/carlos/ros2_ws/install/px4_msgs/include/px4_msgs/px4_msgs/msg/vehicle_rates_setpoint.h\n'}
[2.645944] (px4_msgs) StdoutLine: {'line': b'-- Up-to-date symlink: /home/carlos/ros2_ws/install/px4_msgs/include/px4_msgs/px4_msgs/msg/vehicle_roi.h\n'}
[2.646041] (px4_msgs) StdoutLine: {'line': b'-- Up-to-date symlink: /home/carlos/ros2_ws/install/px4_msgs/include/px4_msgs/px4_msgs/msg/vehicle_status.h\n'}
[2.646138] (px4_msgs) StdoutLine: {'line': b'-- Up-to-date symlink: /home/carlos/ros2_ws/install/px4_msgs/include/px4_msgs/px4_msgs/msg/vehicle_thrust_setpoint.h\n'}
[2.646240] (px4_msgs) StdoutLine: {'line': b'-- Up-to-date symlink: /home/carlos/ros2_ws/install/px4_msgs/include/px4_msgs/px4_msgs/msg/vehicle_torque_setpoint.h\n'}
[2.646344] (px4_msgs) StdoutLine: {'line': b'-- Up-to-date symlink: /home/carlos/ros2_ws/install/px4_msgs/include/px4_msgs/px4_msgs/msg/velocity_limits.h\n'}
[2.646442] (px4_msgs) StdoutLine: {'line': b'-- Up-to-date symlink: /home/carlos/ros2_ws/install/px4_msgs/include/px4_msgs/px4_msgs/msg/vtol_vehicle_status.h\n'}
[2.646540] (px4_msgs) StdoutLine: {'line': b'-- Up-to-date symlink: /home/carlos/ros2_ws/install/px4_msgs/include/px4_msgs/px4_msgs/msg/wheel_encoders.h\n'}
[2.646637] (px4_msgs) StdoutLine: {'line': b'-- Up-to-date symlink: /home/carlos/ros2_ws/install/px4_msgs/include/px4_msgs/px4_msgs/msg/wind.h\n'}
[2.646735] (px4_msgs) StdoutLine: {'line': b'-- Up-to-date symlink: /home/carlos/ros2_ws/install/px4_msgs/include/px4_msgs/px4_msgs/msg/yaw_estimator_status.h\n'}
[2.646851] (px4_msgs) StdoutLine: {'line': b'-- Up-to-date symlink: /home/carlos/ros2_ws/install/px4_msgs/include/px4_msgs/px4_msgs/srv/detail/vehicle_command__functions.h\n'}
[2.646954] (px4_msgs) StdoutLine: {'line': b'-- Up-to-date symlink: /home/carlos/ros2_ws/install/px4_msgs/include/px4_msgs/px4_msgs/srv/detail/vehicle_command__struct.h\n'}
[2.647057] (px4_msgs) StdoutLine: {'line': b'-- Up-to-date symlink: /home/carlos/ros2_ws/install/px4_msgs/include/px4_msgs/px4_msgs/srv/detail/vehicle_command__type_support.h\n'}
[2.647156] (px4_msgs) StdoutLine: {'line': b'-- Up-to-date symlink: /home/carlos/ros2_ws/install/px4_msgs/include/px4_msgs/px4_msgs/srv/vehicle_command.h\n'}
[2.647351] (px4_msgs) StdoutLine: {'line': b'-- Up-to-date symlink: /home/carlos/ros2_ws/install/px4_msgs/share/px4_msgs/environment/library_path.sh\n'}
[2.647486] (px4_msgs) StdoutLine: {'line': b'-- Up-to-date symlink: /home/carlos/ros2_ws/install/px4_msgs/share/px4_msgs/environment/library_path.dsv\n'}
[2.654442] (px4_msgs) StdoutLine: {'line': b'-- Up-to-date symlink: /home/carlos/ros2_ws/install/px4_msgs/include/px4_msgs/px4_msgs/msg/detail/action_request__rosidl_typesupport_fastrtps_c.h\n'}
[2.654743] (px4_msgs) StdoutLine: {'line': b'-- Up-to-date symlink: /home/carlos/ros2_ws/install/px4_msgs/include/px4_msgs/px4_msgs/msg/detail/actuator_armed__rosidl_typesupport_fastrtps_c.h\n'}
[2.654914] (px4_msgs) StdoutLine: {'line': b'-- Up-to-date symlink: /home/carlos/ros2_ws/install/px4_msgs/include/px4_msgs/px4_msgs/msg/detail/actuator_controls_status__rosidl_typesupport_fastrtps_c.h\n'}
[2.655050] (px4_msgs) StdoutLine: {'line': b'-- Up-to-date symlink: /home/carlos/ros2_ws/install/px4_msgs/include/px4_msgs/px4_msgs/msg/detail/actuator_motors__rosidl_typesupport_fastrtps_c.h\n'}
[2.655283] (px4_msgs) StdoutLine: {'line': b'-- Up-to-date symlink: /home/carlos/ros2_ws/install/px4_msgs/include/px4_msgs/px4_msgs/msg/detail/actuator_outputs__rosidl_typesupport_fastrtps_c.h\n'}
[2.655413] (px4_msgs) StdoutLine: {'line': b'-- Up-to-date symlink: /home/carlos/ros2_ws/install/px4_msgs/include/px4_msgs/px4_msgs/msg/detail/actuator_servos__rosidl_typesupport_fastrtps_c.h\n'}
[2.655542] (px4_msgs) StdoutLine: {'line': b'-- Up-to-date symlink: /home/carlos/ros2_ws/install/px4_msgs/include/px4_msgs/px4_msgs/msg/detail/actuator_servos_trim__rosidl_typesupport_fastrtps_c.h\n'}
[2.655662] (px4_msgs) StdoutLine: {'line': b'-- Up-to-date symlink: /home/carlos/ros2_ws/install/px4_msgs/include/px4_msgs/px4_msgs/msg/detail/actuator_test__rosidl_typesupport_fastrtps_c.h\n'}
[2.655788] (px4_msgs) StdoutLine: {'line': b'-- Up-to-date symlink: /home/carlos/ros2_ws/install/px4_msgs/include/px4_msgs/px4_msgs/msg/detail/adc_report__rosidl_typesupport_fastrtps_c.h\n'}
[2.655905] (px4_msgs) StdoutLine: {'line': b'-- Up-to-date symlink: /home/carlos/ros2_ws/install/px4_msgs/include/px4_msgs/px4_msgs/msg/detail/airspeed__rosidl_typesupport_fastrtps_c.h\n'}
[2.655962] (px4_msgs) StdoutLine: {'line': b'-- Up-to-date symlink: /home/carlos/ros2_ws/install/px4_msgs/include/px4_msgs/px4_msgs/msg/detail/airspeed_validated__rosidl_typesupport_fastrtps_c.h\n'}
[2.656015] (px4_msgs) StdoutLine: {'line': b'-- Up-to-date symlink: /home/carlos/ros2_ws/install/px4_msgs/include/px4_msgs/px4_msgs/msg/detail/airspeed_wind__rosidl_typesupport_fastrtps_c.h\n'}
[2.656106] (px4_msgs) StdoutLine: {'line': b'-- Up-to-date symlink: /home/carlos/ros2_ws/install/px4_msgs/include/px4_msgs/px4_msgs/msg/detail/arming_check_reply__rosidl_typesupport_fastrtps_c.h\n'}
[2.656169] (px4_msgs) StdoutLine: {'line': b'-- Up-to-date symlink: /home/carlos/ros2_ws/install/px4_msgs/include/px4_msgs/px4_msgs/msg/detail/arming_check_request__rosidl_typesupport_fastrtps_c.h\n'}
[2.656221] (px4_msgs) StdoutLine: {'line': b'-- Up-to-date symlink: /home/carlos/ros2_ws/install/px4_msgs/include/px4_msgs/px4_msgs/msg/detail/autotune_attitude_control_status__rosidl_typesupport_fastrtps_c.h\n'}
[2.656278] (px4_msgs) StdoutLine: {'line': b'-- Up-to-date symlink: /home/carlos/ros2_ws/install/px4_msgs/include/px4_msgs/px4_msgs/msg/detail/battery_info__rosidl_typesupport_fastrtps_c.h\n'}
[2.656327] (px4_msgs) StdoutLine: {'line': b'-- Up-to-date symlink: /home/carlos/ros2_ws/install/px4_msgs/include/px4_msgs/px4_msgs/msg/detail/battery_status__rosidl_typesupport_fastrtps_c.h\n'}
[2.656383] (px4_msgs) StdoutLine: {'line': b'-- Up-to-date symlink: /home/carlos/ros2_ws/install/px4_msgs/include/px4_msgs/px4_msgs/msg/detail/button_event__rosidl_typesupport_fastrtps_c.h\n'}
[2.656433] (px4_msgs) StdoutLine: {'line': b'-- Up-to-date symlink: /home/carlos/ros2_ws/install/px4_msgs/include/px4_msgs/px4_msgs/msg/detail/camera_capture__rosidl_typesupport_fastrtps_c.h\n'}
[2.656487] (px4_msgs) StdoutLine: {'line': b'-- Up-to-date symlink: /home/carlos/ros2_ws/install/px4_msgs/include/px4_msgs/px4_msgs/msg/detail/camera_status__rosidl_typesupport_fastrtps_c.h\n'}
[2.656536] (px4_msgs) StdoutLine: {'line': b'-- Up-to-date symlink: /home/carlos/ros2_ws/install/px4_msgs/include/px4_msgs/px4_msgs/msg/detail/camera_trigger__rosidl_typesupport_fastrtps_c.h\n'}
[2.656618] (px4_msgs) StdoutLine: {'line': b'-- Up-to-date symlink: /home/carlos/ros2_ws/install/px4_msgs/include/px4_msgs/px4_msgs/msg/detail/can_interface_status__rosidl_typesupport_fastrtps_c.h\n'}
[2.656691] (px4_msgs) StdoutLine: {'line': b'-- Up-to-date symlink: /home/carlos/ros2_ws/install/px4_msgs/include/px4_msgs/px4_msgs/msg/detail/cellular_status__rosidl_typesupport_fastrtps_c.h\n'}
[2.656743] (px4_msgs) StdoutLine: {'line': b'-- Up-to-date symlink: /home/carlos/ros2_ws/install/px4_msgs/include/px4_msgs/px4_msgs/msg/detail/collision_constraints__rosidl_typesupport_fastrtps_c.h\n'}
[2.656829] (px4_msgs) StdoutLine: {'line': b'-- Up-to-date symlink: /home/carlos/ros2_ws/install/px4_msgs/include/px4_msgs/px4_msgs/msg/detail/config_overrides__rosidl_typesupport_fastrtps_c.h\n'}
[2.656915] (px4_msgs) StdoutLine: {'line': b'-- Up-to-date symlink: /home/carlos/ros2_ws/install/px4_msgs/include/px4_msgs/px4_msgs/msg/detail/control_allocator_status__rosidl_typesupport_fastrtps_c.h\n'}
[2.656965] (px4_msgs) StdoutLine: {'line': b'-- Up-to-date symlink: /home/carlos/ros2_ws/install/px4_msgs/include/px4_msgs/px4_msgs/msg/detail/cpuload__rosidl_typesupport_fastrtps_c.h\n'}
[2.657055] (px4_msgs) StdoutLine: {'line': b'-- Up-to-date symlink: /home/carlos/ros2_ws/install/px4_msgs/include/px4_msgs/px4_msgs/msg/detail/dataman_request__rosidl_typesupport_fastrtps_c.h\n'}
[2.657119] (px4_msgs) StdoutLine: {'line': b'-- Up-to-date symlink: /home/carlos/ros2_ws/install/px4_msgs/include/px4_msgs/px4_msgs/msg/detail/dataman_response__rosidl_typesupport_fastrtps_c.h\n'}
[2.657208] (px4_msgs) StdoutLine: {'line': b'-- Up-to-date symlink: /home/carlos/ros2_ws/install/px4_msgs/include/px4_msgs/px4_msgs/msg/detail/debug_array__rosidl_typesupport_fastrtps_c.h\n'}
[2.657303] (px4_msgs) StdoutLine: {'line': b'-- Up-to-date symlink: /home/carlos/ros2_ws/install/px4_msgs/include/px4_msgs/px4_msgs/msg/detail/debug_key_value__rosidl_typesupport_fastrtps_c.h\n'}
[2.657366] (px4_msgs) StdoutLine: {'line': b'-- Up-to-date symlink: /home/carlos/ros2_ws/install/px4_msgs/include/px4_msgs/px4_msgs/msg/detail/debug_value__rosidl_typesupport_fastrtps_c.h\n'}
[2.657437] (px4_msgs) StdoutLine: {'line': b'-- Up-to-date symlink: /home/carlos/ros2_ws/install/px4_msgs/include/px4_msgs/px4_msgs/msg/detail/debug_vect__rosidl_typesupport_fastrtps_c.h\n'}
[2.657516] (px4_msgs) StdoutLine: {'line': b'-- Up-to-date symlink: /home/carlos/ros2_ws/install/px4_msgs/include/px4_msgs/px4_msgs/msg/detail/differential_pressure__rosidl_typesupport_fastrtps_c.h\n'}
[2.657620] (px4_msgs) StdoutLine: {'line': b'-- Up-to-date symlink: /home/carlos/ros2_ws/install/px4_msgs/include/px4_msgs/px4_msgs/msg/detail/distance_sensor__rosidl_typesupport_fastrtps_c.h\n'}
[2.657732] (px4_msgs) StdoutLine: {'line': b'-- Up-to-date symlink: /home/carlos/ros2_ws/install/px4_msgs/include/px4_msgs/px4_msgs/msg/detail/distance_sensor_mode_change_request__rosidl_typesupport_fastrtps_c.h\n'}
[2.657856] (px4_msgs) StdoutLine: {'line': b'-- Up-to-date symlink: /home/carlos/ros2_ws/install/px4_msgs/include/px4_msgs/px4_msgs/msg/detail/dronecan_node_status__rosidl_typesupport_fastrtps_c.h\n'}
[2.657968] (px4_msgs) StdoutLine: {'line': b'-- Up-to-date symlink: /home/carlos/ros2_ws/install/px4_msgs/include/px4_msgs/px4_msgs/msg/detail/ekf2_timestamps__rosidl_typesupport_fastrtps_c.h\n'}
[2.658080] (px4_msgs) StdoutLine: {'line': b'-- Up-to-date symlink: /home/carlos/ros2_ws/install/px4_msgs/include/px4_msgs/px4_msgs/msg/detail/esc_report__rosidl_typesupport_fastrtps_c.h\n'}
[2.658190] (px4_msgs) StdoutLine: {'line': b'-- Up-to-date symlink: /home/carlos/ros2_ws/install/px4_msgs/include/px4_msgs/px4_msgs/msg/detail/esc_status__rosidl_typesupport_fastrtps_c.h\n'}
[2.658314] (px4_msgs) StdoutLine: {'line': b'-- Up-to-date symlink: /home/carlos/ros2_ws/install/px4_msgs/include/px4_msgs/px4_msgs/msg/detail/estimator_aid_source1d__rosidl_typesupport_fastrtps_c.h\n'}
[2.658411] (px4_msgs) StdoutLine: {'line': b'-- Up-to-date symlink: /home/carlos/ros2_ws/install/px4_msgs/include/px4_msgs/px4_msgs/msg/detail/estimator_aid_source2d__rosidl_typesupport_fastrtps_c.h\n'}
[2.658513] (px4_msgs) StdoutLine: {'line': b'-- Up-to-date symlink: /home/carlos/ros2_ws/install/px4_msgs/include/px4_msgs/px4_msgs/msg/detail/estimator_aid_source3d__rosidl_typesupport_fastrtps_c.h\n'}
[2.658619] (px4_msgs) StdoutLine: {'line': b'-- Up-to-date symlink: /home/carlos/ros2_ws/install/px4_msgs/include/px4_msgs/px4_msgs/msg/detail/estimator_bias3d__rosidl_typesupport_fastrtps_c.h\n'}
[2.658724] (px4_msgs) StdoutLine: {'line': b'-- Up-to-date symlink: /home/carlos/ros2_ws/install/px4_msgs/include/px4_msgs/px4_msgs/msg/detail/estimator_bias__rosidl_typesupport_fastrtps_c.h\n'}
[2.658843] (px4_msgs) StdoutLine: {'line': b'-- Up-to-date symlink: /home/carlos/ros2_ws/install/px4_msgs/include/px4_msgs/px4_msgs/msg/detail/estimator_event_flags__rosidl_typesupport_fastrtps_c.h\n'}
[2.658947] (px4_msgs) StdoutLine: {'line': b'-- Up-to-date symlink: /home/carlos/ros2_ws/install/px4_msgs/include/px4_msgs/px4_msgs/msg/detail/estimator_gps_status__rosidl_typesupport_fastrtps_c.h\n'}
[2.659051] (px4_msgs) StdoutLine: {'line': b'-- Up-to-date symlink: /home/carlos/ros2_ws/install/px4_msgs/include/px4_msgs/px4_msgs/msg/detail/estimator_innovations__rosidl_typesupport_fastrtps_c.h\n'}
[2.659155] (px4_msgs) StdoutLine: {'line': b'-- Up-to-date symlink: /home/carlos/ros2_ws/install/px4_msgs/include/px4_msgs/px4_msgs/msg/detail/estimator_selector_status__rosidl_typesupport_fastrtps_c.h\n'}
[2.659258] (px4_msgs) StdoutLine: {'line': b'-- Up-to-date symlink: /home/carlos/ros2_ws/install/px4_msgs/include/px4_msgs/px4_msgs/msg/detail/estimator_sensor_bias__rosidl_typesupport_fastrtps_c.h\n'}
[2.659364] (px4_msgs) StdoutLine: {'line': b'-- Up-to-date symlink: /home/carlos/ros2_ws/install/px4_msgs/include/px4_msgs/px4_msgs/msg/detail/estimator_states__rosidl_typesupport_fastrtps_c.h\n'}
[2.659468] (px4_msgs) StdoutLine: {'line': b'-- Up-to-date symlink: /home/carlos/ros2_ws/install/px4_msgs/include/px4_msgs/px4_msgs/msg/detail/estimator_status__rosidl_typesupport_fastrtps_c.h\n'}
[2.659571] (px4_msgs) StdoutLine: {'line': b'-- Up-to-date symlink: /home/carlos/ros2_ws/install/px4_msgs/include/px4_msgs/px4_msgs/msg/detail/estimator_status_flags__rosidl_typesupport_fastrtps_c.h\n'}
[2.659675] (px4_msgs) StdoutLine: {'line': b'-- Up-to-date symlink: /home/carlos/ros2_ws/install/px4_msgs/include/px4_msgs/px4_msgs/msg/detail/event__rosidl_typesupport_fastrtps_c.h\n'}
[2.659788] (px4_msgs) StdoutLine: {'line': b'-- Up-to-date symlink: /home/carlos/ros2_ws/install/px4_msgs/include/px4_msgs/px4_msgs/msg/detail/failsafe_flags__rosidl_typesupport_fastrtps_c.h\n'}
[2.659893] (px4_msgs) StdoutLine: {'line': b'-- Up-to-date symlink: /home/carlos/ros2_ws/install/px4_msgs/include/px4_msgs/px4_msgs/msg/detail/failure_detector_status__rosidl_typesupport_fastrtps_c.h\n'}
[2.660003] (px4_msgs) StdoutLine: {'line': b'-- Up-to-date symlink: /home/carlos/ros2_ws/install/px4_msgs/include/px4_msgs/px4_msgs/msg/detail/figure_eight_status__rosidl_typesupport_fastrtps_c.h\n'}
[2.660109] (px4_msgs) StdoutLine: {'line': b'-- Up-to-date symlink: /home/carlos/ros2_ws/install/px4_msgs/include/px4_msgs/px4_msgs/msg/detail/fixed_wing_lateral_guidance_status__rosidl_typesupport_fastrtps_c.h\n'}
[2.660213] (px4_msgs) StdoutLine: {'line': b'-- Up-to-date symlink: /home/carlos/ros2_ws/install/px4_msgs/include/px4_msgs/px4_msgs/msg/detail/fixed_wing_lateral_setpoint__rosidl_typesupport_fastrtps_c.h\n'}
[2.660317] (px4_msgs) StdoutLine: {'line': b'-- Up-to-date symlink: /home/carlos/ros2_ws/install/px4_msgs/include/px4_msgs/px4_msgs/msg/detail/fixed_wing_lateral_status__rosidl_typesupport_fastrtps_c.h\n'}
[2.660420] (px4_msgs) StdoutLine: {'line': b'-- Up-to-date symlink: /home/carlos/ros2_ws/install/px4_msgs/include/px4_msgs/px4_msgs/msg/detail/fixed_wing_longitudinal_setpoint__rosidl_typesupport_fastrtps_c.h\n'}
[2.660524] (px4_msgs) StdoutLine: {'line': b'-- Up-to-date symlink: /home/carlos/ros2_ws/install/px4_msgs/include/px4_msgs/px4_msgs/msg/detail/fixed_wing_runway_control__rosidl_typesupport_fastrtps_c.h\n'}
[2.660628] (px4_msgs) StdoutLine: {'line': b'-- Up-to-date symlink: /home/carlos/ros2_ws/install/px4_msgs/include/px4_msgs/px4_msgs/msg/detail/flight_phase_estimation__rosidl_typesupport_fastrtps_c.h\n'}
[2.660737] (px4_msgs) StdoutLine: {'line': b'-- Up-to-date symlink: /home/carlos/ros2_ws/install/px4_msgs/include/px4_msgs/px4_msgs/msg/detail/follow_target__rosidl_typesupport_fastrtps_c.h\n'}
[2.660855] (px4_msgs) StdoutLine: {'line': b'-- Up-to-date symlink: /home/carlos/ros2_ws/install/px4_msgs/include/px4_msgs/px4_msgs/msg/detail/follow_target_estimator__rosidl_typesupport_fastrtps_c.h\n'}
[2.660961] (px4_msgs) StdoutLine: {'line': b'-- Up-to-date symlink: /home/carlos/ros2_ws/install/px4_msgs/include/px4_msgs/px4_msgs/msg/detail/follow_target_status__rosidl_typesupport_fastrtps_c.h\n'}
[2.661065] (px4_msgs) StdoutLine: {'line': b'-- Up-to-date symlink: /home/carlos/ros2_ws/install/px4_msgs/include/px4_msgs/px4_msgs/msg/detail/fuel_tank_status__rosidl_typesupport_fastrtps_c.h\n'}
[2.661169] (px4_msgs) StdoutLine: {'line': b'-- Up-to-date symlink: /home/carlos/ros2_ws/install/px4_msgs/include/px4_msgs/px4_msgs/msg/detail/generator_status__rosidl_typesupport_fastrtps_c.h\n'}
[2.661272] (px4_msgs) StdoutLine: {'line': b'-- Up-to-date symlink: /home/carlos/ros2_ws/install/px4_msgs/include/px4_msgs/px4_msgs/msg/detail/geofence_result__rosidl_typesupport_fastrtps_c.h\n'}
[2.661375] (px4_msgs) StdoutLine: {'line': b'-- Up-to-date symlink: /home/carlos/ros2_ws/install/px4_msgs/include/px4_msgs/px4_msgs/msg/detail/geofence_status__rosidl_typesupport_fastrtps_c.h\n'}
[2.661478] (px4_msgs) StdoutLine: {'line': b'-- Up-to-date symlink: /home/carlos/ros2_ws/install/px4_msgs/include/px4_msgs/px4_msgs/msg/detail/gimbal_controls__rosidl_typesupport_fastrtps_c.h\n'}
[2.661582] (px4_msgs) StdoutLine: {'line': b'-- Up-to-date symlink: /home/carlos/ros2_ws/install/px4_msgs/include/px4_msgs/px4_msgs/msg/detail/gimbal_device_attitude_status__rosidl_typesupport_fastrtps_c.h\n'}
[2.661687] (px4_msgs) StdoutLine: {'line': b'-- Up-to-date symlink: /home/carlos/ros2_ws/install/px4_msgs/include/px4_msgs/px4_msgs/msg/detail/gimbal_device_information__rosidl_typesupport_fastrtps_c.h\n'}
[2.661796] (px4_msgs) StdoutLine: {'line': b'-- Up-to-date symlink: /home/carlos/ros2_ws/install/px4_msgs/include/px4_msgs/px4_msgs/msg/detail/gimbal_device_set_attitude__rosidl_typesupport_fastrtps_c.h\n'}
[2.661901] (px4_msgs) StdoutLine: {'line': b'-- Up-to-date symlink: /home/carlos/ros2_ws/install/px4_msgs/include/px4_msgs/px4_msgs/msg/detail/gimbal_manager_information__rosidl_typesupport_fastrtps_c.h\n'}
[2.661997] (px4_msgs) StdoutLine: {'line': b'-- Up-to-date symlink: /home/carlos/ros2_ws/install/px4_msgs/include/px4_msgs/px4_msgs/msg/detail/gimbal_manager_set_attitude__rosidl_typesupport_fastrtps_c.h\n'}
[2.662101] (px4_msgs) StdoutLine: {'line': b'-- Up-to-date symlink: /home/carlos/ros2_ws/install/px4_msgs/include/px4_msgs/px4_msgs/msg/detail/gimbal_manager_set_manual_control__rosidl_typesupport_fastrtps_c.h\n'}
[2.662203] (px4_msgs) StdoutLine: {'line': b'-- Up-to-date symlink: /home/carlos/ros2_ws/install/px4_msgs/include/px4_msgs/px4_msgs/msg/detail/gimbal_manager_status__rosidl_typesupport_fastrtps_c.h\n'}
[2.662307] (px4_msgs) StdoutLine: {'line': b'-- Up-to-date symlink: /home/carlos/ros2_ws/install/px4_msgs/include/px4_msgs/px4_msgs/msg/detail/goto_setpoint__rosidl_typesupport_fastrtps_c.h\n'}
[2.662409] (px4_msgs) StdoutLine: {'line': b'-- Up-to-date symlink: /home/carlos/ros2_ws/install/px4_msgs/include/px4_msgs/px4_msgs/msg/detail/gpio_config__rosidl_typesupport_fastrtps_c.h\n'}
[2.662512] (px4_msgs) StdoutLine: {'line': b'-- Up-to-date symlink: /home/carlos/ros2_ws/install/px4_msgs/include/px4_msgs/px4_msgs/msg/detail/gpio_in__rosidl_typesupport_fastrtps_c.h\n'}
[2.662614] (px4_msgs) StdoutLine: {'line': b'-- Up-to-date symlink: /home/carlos/ros2_ws/install/px4_msgs/include/px4_msgs/px4_msgs/msg/detail/gpio_out__rosidl_typesupport_fastrtps_c.h\n'}
[2.662717] (px4_msgs) StdoutLine: {'line': b'-- Up-to-date symlink: /home/carlos/ros2_ws/install/px4_msgs/include/px4_msgs/px4_msgs/msg/detail/gpio_request__rosidl_typesupport_fastrtps_c.h\n'}
[2.662834] (px4_msgs) StdoutLine: {'line': b'-- Up-to-date symlink: /home/carlos/ros2_ws/install/px4_msgs/include/px4_msgs/px4_msgs/msg/detail/gps_dump__rosidl_typesupport_fastrtps_c.h\n'}
[2.662937] (px4_msgs) StdoutLine: {'line': b'-- Up-to-date symlink: /home/carlos/ros2_ws/install/px4_msgs/include/px4_msgs/px4_msgs/msg/detail/gps_inject_data__rosidl_typesupport_fastrtps_c.h\n'}
[2.663039] (px4_msgs) StdoutLine: {'line': b'-- Up-to-date symlink: /home/carlos/ros2_ws/install/px4_msgs/include/px4_msgs/px4_msgs/msg/detail/gripper__rosidl_typesupport_fastrtps_c.h\n'}
[2.663147] (px4_msgs) StdoutLine: {'line': b'-- Up-to-date symlink: /home/carlos/ros2_ws/install/px4_msgs/include/px4_msgs/px4_msgs/msg/detail/health_report__rosidl_typesupport_fastrtps_c.h\n'}
[2.663248] (px4_msgs) StdoutLine: {'line': b'-- Up-to-date symlink: /home/carlos/ros2_ws/install/px4_msgs/include/px4_msgs/px4_msgs/msg/detail/heater_status__rosidl_typesupport_fastrtps_c.h\n'}
[2.663356] (px4_msgs) StdoutLine: {'line': b'-- Up-to-date symlink: /home/carlos/ros2_ws/install/px4_msgs/include/px4_msgs/px4_msgs/msg/detail/home_position__rosidl_typesupport_fastrtps_c.h\n'}
[2.663459] (px4_msgs) StdoutLine: {'line': b'-- Up-to-date symlink: /home/carlos/ros2_ws/install/px4_msgs/include/px4_msgs/px4_msgs/msg/detail/hover_thrust_estimate__rosidl_typesupport_fastrtps_c.h\n'}
[2.663561] (px4_msgs) StdoutLine: {'line': b'-- Up-to-date symlink: /home/carlos/ros2_ws/install/px4_msgs/include/px4_msgs/px4_msgs/msg/detail/input_rc__rosidl_typesupport_fastrtps_c.h\n'}
[2.663663] (px4_msgs) StdoutLine: {'line': b'-- Up-to-date symlink: /home/carlos/ros2_ws/install/px4_msgs/include/px4_msgs/px4_msgs/msg/detail/internal_combustion_engine_control__rosidl_typesupport_fastrtps_c.h\n'}
[2.663770] (px4_msgs) StdoutLine: {'line': b'-- Up-to-date symlink: /home/carlos/ros2_ws/install/px4_msgs/include/px4_msgs/px4_msgs/msg/detail/internal_combustion_engine_status__rosidl_typesupport_fastrtps_c.h\n'}
[2.663878] (px4_msgs) StdoutLine: {'line': b'-- Up-to-date symlink: /home/carlos/ros2_ws/install/px4_msgs/include/px4_msgs/px4_msgs/msg/detail/iridiumsbd_status__rosidl_typesupport_fastrtps_c.h\n'}
[2.663980] (px4_msgs) StdoutLine: {'line': b'-- Up-to-date symlink: /home/carlos/ros2_ws/install/px4_msgs/include/px4_msgs/px4_msgs/msg/detail/irlock_report__rosidl_typesupport_fastrtps_c.h\n'}
[2.664082] (px4_msgs) StdoutLine: {'line': b'-- Up-to-date symlink: /home/carlos/ros2_ws/install/px4_msgs/include/px4_msgs/px4_msgs/msg/detail/landing_gear__rosidl_typesupport_fastrtps_c.h\n'}
[2.664183] (px4_msgs) StdoutLine: {'line': b'-- Up-to-date symlink: /home/carlos/ros2_ws/install/px4_msgs/include/px4_msgs/px4_msgs/msg/detail/landing_gear_wheel__rosidl_typesupport_fastrtps_c.h\n'}
[2.664284] (px4_msgs) StdoutLine: {'line': b'-- Up-to-date symlink: /home/carlos/ros2_ws/install/px4_msgs/include/px4_msgs/px4_msgs/msg/detail/landing_target_innovations__rosidl_typesupport_fastrtps_c.h\n'}
[2.664381] (px4_msgs) StdoutLine: {'line': b'-- Up-to-date symlink: /home/carlos/ros2_ws/install/px4_msgs/include/px4_msgs/px4_msgs/msg/detail/landing_target_pose__rosidl_typesupport_fastrtps_c.h\n'}
[2.664483] (px4_msgs) StdoutLine: {'line': b'-- Up-to-date symlink: /home/carlos/ros2_ws/install/px4_msgs/include/px4_msgs/px4_msgs/msg/detail/lateral_control_configuration__rosidl_typesupport_fastrtps_c.h\n'}
[2.664586] (px4_msgs) StdoutLine: {'line': b'-- Up-to-date symlink: /home/carlos/ros2_ws/install/px4_msgs/include/px4_msgs/px4_msgs/msg/detail/launch_detection_status__rosidl_typesupport_fastrtps_c.h\n'}
[2.664689] (px4_msgs) StdoutLine: {'line': b'-- Up-to-date symlink: /home/carlos/ros2_ws/install/px4_msgs/include/px4_msgs/px4_msgs/msg/detail/led_control__rosidl_typesupport_fastrtps_c.h\n'}
[2.664799] (px4_msgs) StdoutLine: {'line': b'-- Up-to-date symlink: /home/carlos/ros2_ws/install/px4_msgs/include/px4_msgs/px4_msgs/msg/detail/log_message__rosidl_typesupport_fastrtps_c.h\n'}
[2.664904] (px4_msgs) StdoutLine: {'line': b'-- Up-to-date symlink: /home/carlos/ros2_ws/install/px4_msgs/include/px4_msgs/px4_msgs/msg/detail/logger_status__rosidl_typesupport_fastrtps_c.h\n'}
[2.665007] (px4_msgs) StdoutLine: {'line': b'-- Up-to-date symlink: /home/carlos/ros2_ws/install/px4_msgs/include/px4_msgs/px4_msgs/msg/detail/longitudinal_control_configuration__rosidl_typesupport_fastrtps_c.h\n'}
[2.665111] (px4_msgs) StdoutLine: {'line': b'-- Up-to-date symlink: /home/carlos/ros2_ws/install/px4_msgs/include/px4_msgs/px4_msgs/msg/detail/mag_worker_data__rosidl_typesupport_fastrtps_c.h\n'}
[2.665213] (px4_msgs) StdoutLine: {'line': b'-- Up-to-date symlink: /home/carlos/ros2_ws/install/px4_msgs/include/px4_msgs/px4_msgs/msg/detail/magnetometer_bias_estimate__rosidl_typesupport_fastrtps_c.h\n'}
[2.665315] (px4_msgs) StdoutLine: {'line': b'-- Up-to-date symlink: /home/carlos/ros2_ws/install/px4_msgs/include/px4_msgs/px4_msgs/msg/detail/manual_control_setpoint__rosidl_typesupport_fastrtps_c.h\n'}
[2.665417] (px4_msgs) StdoutLine: {'line': b'-- Up-to-date symlink: /home/carlos/ros2_ws/install/px4_msgs/include/px4_msgs/px4_msgs/msg/detail/manual_control_switches__rosidl_typesupport_fastrtps_c.h\n'}
[2.665525] (px4_msgs) StdoutLine: {'line': b'-- Up-to-date symlink: /home/carlos/ros2_ws/install/px4_msgs/include/px4_msgs/px4_msgs/msg/detail/mavlink_log__rosidl_typesupport_fastrtps_c.h\n'}
[2.665630] (px4_msgs) StdoutLine: {'line': b'-- Up-to-date symlink: /home/carlos/ros2_ws/install/px4_msgs/include/px4_msgs/px4_msgs/msg/detail/mavlink_tunnel__rosidl_typesupport_fastrtps_c.h\n'}
[2.665733] (px4_msgs) StdoutLine: {'line': b'-- Up-to-date symlink: /home/carlos/ros2_ws/install/px4_msgs/include/px4_msgs/px4_msgs/msg/detail/message_format_request__rosidl_typesupport_fastrtps_c.h\n'}
[2.665843] (px4_msgs) StdoutLine: {'line': b'-- Up-to-date symlink: /home/carlos/ros2_ws/install/px4_msgs/include/px4_msgs/px4_msgs/msg/detail/message_format_response__rosidl_typesupport_fastrtps_c.h\n'}
[2.665947] (px4_msgs) StdoutLine: {'line': b'-- Up-to-date symlink: /home/carlos/ros2_ws/install/px4_msgs/include/px4_msgs/px4_msgs/msg/detail/mission__rosidl_typesupport_fastrtps_c.h\n'}
[2.666052] (px4_msgs) StdoutLine: {'line': b'-- Up-to-date symlink: /home/carlos/ros2_ws/install/px4_msgs/include/px4_msgs/px4_msgs/msg/detail/mission_result__rosidl_typesupport_fastrtps_c.h\n'}
[2.666156] (px4_msgs) StdoutLine: {'line': b'-- Up-to-date symlink: /home/carlos/ros2_ws/install/px4_msgs/include/px4_msgs/px4_msgs/msg/detail/mode_completed__rosidl_typesupport_fastrtps_c.h\n'}
[2.666259] (px4_msgs) StdoutLine: {'line': b'-- Up-to-date symlink: /home/carlos/ros2_ws/install/px4_msgs/include/px4_msgs/px4_msgs/msg/detail/mount_orientation__rosidl_typesupport_fastrtps_c.h\n'}
[2.666363] (px4_msgs) StdoutLine: {'line': b'-- Up-to-date symlink: /home/carlos/ros2_ws/install/px4_msgs/include/px4_msgs/px4_msgs/msg/detail/navigator_mission_item__rosidl_typesupport_fastrtps_c.h\n'}
[2.666468] (px4_msgs) StdoutLine: {'line': b'-- Up-to-date symlink: /home/carlos/ros2_ws/install/px4_msgs/include/px4_msgs/px4_msgs/msg/detail/navigator_status__rosidl_typesupport_fastrtps_c.h\n'}
[2.666572] (px4_msgs) StdoutLine: {'line': b'-- Up-to-date symlink: /home/carlos/ros2_ws/install/px4_msgs/include/px4_msgs/px4_msgs/msg/detail/neural_control__rosidl_typesupport_fastrtps_c.h\n'}
[2.666682] (px4_msgs) StdoutLine: {'line': b'-- Up-to-date symlink: /home/carlos/ros2_ws/install/px4_msgs/include/px4_msgs/px4_msgs/msg/detail/normalized_unsigned_setpoint__rosidl_typesupport_fastrtps_c.h\n'}
[2.666788] (px4_msgs) StdoutLine: {'line': b'-- Up-to-date symlink: /home/carlos/ros2_ws/install/px4_msgs/include/px4_msgs/px4_msgs/msg/detail/obstacle_distance__rosidl_typesupport_fastrtps_c.h\n'}
[2.666891] (px4_msgs) StdoutLine: {'line': b'-- Up-to-date symlink: /home/carlos/ros2_ws/install/px4_msgs/include/px4_msgs/px4_msgs/msg/detail/offboard_control_mode__rosidl_typesupport_fastrtps_c.h\n'}
[2.666990] (px4_msgs) StdoutLine: {'line': b'-- Up-to-date symlink: /home/carlos/ros2_ws/install/px4_msgs/include/px4_msgs/px4_msgs/msg/detail/onboard_computer_status__rosidl_typesupport_fastrtps_c.h\n'}
[2.667091] (px4_msgs) StdoutLine: {'line': b'-- Up-to-date symlink: /home/carlos/ros2_ws/install/px4_msgs/include/px4_msgs/px4_msgs/msg/detail/open_drone_id_arm_status__rosidl_typesupport_fastrtps_c.h\n'}
[2.667191] (px4_msgs) StdoutLine: {'line': b'-- Up-to-date symlink: /home/carlos/ros2_ws/install/px4_msgs/include/px4_msgs/px4_msgs/msg/detail/open_drone_id_operator_id__rosidl_typesupport_fastrtps_c.h\n'}
[2.667291] (px4_msgs) StdoutLine: {'line': b'-- Up-to-date symlink: /home/carlos/ros2_ws/install/px4_msgs/include/px4_msgs/px4_msgs/msg/detail/open_drone_id_self_id__rosidl_typesupport_fastrtps_c.h\n'}
[2.667391] (px4_msgs) StdoutLine: {'line': b'-- Up-to-date symlink: /home/carlos/ros2_ws/install/px4_msgs/include/px4_msgs/px4_msgs/msg/detail/open_drone_id_system__rosidl_typesupport_fastrtps_c.h\n'}
[2.667493] (px4_msgs) StdoutLine: {'line': b'-- Up-to-date symlink: /home/carlos/ros2_ws/install/px4_msgs/include/px4_msgs/px4_msgs/msg/detail/orb_test__rosidl_typesupport_fastrtps_c.h\n'}
[2.667594] (px4_msgs) StdoutLine: {'line': b'-- Up-to-date symlink: /home/carlos/ros2_ws/install/px4_msgs/include/px4_msgs/px4_msgs/msg/detail/orb_test_large__rosidl_typesupport_fastrtps_c.h\n'}
[2.667695] (px4_msgs) StdoutLine: {'line': b'-- Up-to-date symlink: /home/carlos/ros2_ws/install/px4_msgs/include/px4_msgs/px4_msgs/msg/detail/orb_test_medium__rosidl_typesupport_fastrtps_c.h\n'}
[2.667803] (px4_msgs) StdoutLine: {'line': b'-- Up-to-date symlink: /home/carlos/ros2_ws/install/px4_msgs/include/px4_msgs/px4_msgs/msg/detail/orbit_status__rosidl_typesupport_fastrtps_c.h\n'}
[2.667917] (px4_msgs) StdoutLine: {'line': b'-- Up-to-date symlink: /home/carlos/ros2_ws/install/px4_msgs/include/px4_msgs/px4_msgs/msg/detail/parameter_reset_request__rosidl_typesupport_fastrtps_c.h\n'}
[2.668023] (px4_msgs) StdoutLine: {'line': b'-- Up-to-date symlink: /home/carlos/ros2_ws/install/px4_msgs/include/px4_msgs/px4_msgs/msg/detail/parameter_set_used_request__rosidl_typesupport_fastrtps_c.h\n'}
[2.668126] (px4_msgs) StdoutLine: {'line': b'-- Up-to-date symlink: /home/carlos/ros2_ws/install/px4_msgs/include/px4_msgs/px4_msgs/msg/detail/parameter_set_value_request__rosidl_typesupport_fastrtps_c.h\n'}
[2.668230] (px4_msgs) StdoutLine: {'line': b'-- Up-to-date symlink: /home/carlos/ros2_ws/install/px4_msgs/include/px4_msgs/px4_msgs/msg/detail/parameter_set_value_response__rosidl_typesupport_fastrtps_c.h\n'}
[2.668334] (px4_msgs) StdoutLine: {'line': b'-- Up-to-date symlink: /home/carlos/ros2_ws/install/px4_msgs/include/px4_msgs/px4_msgs/msg/detail/parameter_update__rosidl_typesupport_fastrtps_c.h\n'}
[2.668438] (px4_msgs) StdoutLine: {'line': b'-- Up-to-date symlink: /home/carlos/ros2_ws/install/px4_msgs/include/px4_msgs/px4_msgs/msg/detail/ping__rosidl_typesupport_fastrtps_c.h\n'}
[2.668542] (px4_msgs) StdoutLine: {'line': b'-- Up-to-date symlink: /home/carlos/ros2_ws/install/px4_msgs/include/px4_msgs/px4_msgs/msg/detail/position_controller_landing_status__rosidl_typesupport_fastrtps_c.h\n'}
[2.668645] (px4_msgs) StdoutLine: {'line': b'-- Up-to-date symlink: /home/carlos/ros2_ws/install/px4_msgs/include/px4_msgs/px4_msgs/msg/detail/position_controller_status__rosidl_typesupport_fastrtps_c.h\n'}
[2.668753] (px4_msgs) StdoutLine: {'line': b'-- Up-to-date symlink: /home/carlos/ros2_ws/install/px4_msgs/include/px4_msgs/px4_msgs/msg/detail/position_setpoint__rosidl_typesupport_fastrtps_c.h\n'}
[2.668860] (px4_msgs) StdoutLine: {'line': b'-- Up-to-date symlink: /home/carlos/ros2_ws/install/px4_msgs/include/px4_msgs/px4_msgs/msg/detail/position_setpoint_triplet__rosidl_typesupport_fastrtps_c.h\n'}
[2.668964] (px4_msgs) StdoutLine: {'line': b'-- Up-to-date symlink: /home/carlos/ros2_ws/install/px4_msgs/include/px4_msgs/px4_msgs/msg/detail/power_button_state__rosidl_typesupport_fastrtps_c.h\n'}
[2.669069] (px4_msgs) StdoutLine: {'line': b'-- Up-to-date symlink: /home/carlos/ros2_ws/install/px4_msgs/include/px4_msgs/px4_msgs/msg/detail/power_monitor__rosidl_typesupport_fastrtps_c.h\n'}
[2.669166] (px4_msgs) StdoutLine: {'line': b'-- Up-to-date symlink: /home/carlos/ros2_ws/install/px4_msgs/include/px4_msgs/px4_msgs/msg/detail/pps_capture__rosidl_typesupport_fastrtps_c.h\n'}
[2.669268] (px4_msgs) StdoutLine: {'line': b'-- Up-to-date symlink: /home/carlos/ros2_ws/install/px4_msgs/include/px4_msgs/px4_msgs/msg/detail/pure_pursuit_status__rosidl_typesupport_fastrtps_c.h\n'}
[2.669367] (px4_msgs) StdoutLine: {'line': b'-- Up-to-date symlink: /home/carlos/ros2_ws/install/px4_msgs/include/px4_msgs/px4_msgs/msg/detail/pwm_input__rosidl_typesupport_fastrtps_c.h\n'}
[2.669469] (px4_msgs) StdoutLine: {'line': b'-- Up-to-date symlink: /home/carlos/ros2_ws/install/px4_msgs/include/px4_msgs/px4_msgs/msg/detail/px4io_status__rosidl_typesupport_fastrtps_c.h\n'}
[2.669570] (px4_msgs) StdoutLine: {'line': b'-- Up-to-date symlink: /home/carlos/ros2_ws/install/px4_msgs/include/px4_msgs/px4_msgs/msg/detail/qshell_req__rosidl_typesupport_fastrtps_c.h\n'}
[2.669670] (px4_msgs) StdoutLine: {'line': b'-- Up-to-date symlink: /home/carlos/ros2_ws/install/px4_msgs/include/px4_msgs/px4_msgs/msg/detail/qshell_retval__rosidl_typesupport_fastrtps_c.h\n'}
[2.669777] (px4_msgs) StdoutLine: {'line': b'-- Up-to-date symlink: /home/carlos/ros2_ws/install/px4_msgs/include/px4_msgs/px4_msgs/msg/detail/radio_status__rosidl_typesupport_fastrtps_c.h\n'}
[2.669880] (px4_msgs) StdoutLine: {'line': b'-- Up-to-date symlink: /home/carlos/ros2_ws/install/px4_msgs/include/px4_msgs/px4_msgs/msg/detail/rate_ctrl_status__rosidl_typesupport_fastrtps_c.h\n'}
[2.669981] (px4_msgs) StdoutLine: {'line': b'-- Up-to-date symlink: /home/carlos/ros2_ws/install/px4_msgs/include/px4_msgs/px4_msgs/msg/detail/rc_channels__rosidl_typesupport_fastrtps_c.h\n'}
[2.670092] (px4_msgs) StdoutLine: {'line': b'-- Up-to-date symlink: /home/carlos/ros2_ws/install/px4_msgs/include/px4_msgs/px4_msgs/msg/detail/rc_parameter_map__rosidl_typesupport_fastrtps_c.h\n'}
[2.670194] (px4_msgs) StdoutLine: {'line': b'-- Up-to-date symlink: /home/carlos/ros2_ws/install/px4_msgs/include/px4_msgs/px4_msgs/msg/detail/register_ext_component_reply__rosidl_typesupport_fastrtps_c.h\n'}
[2.670300] (px4_msgs) StdoutLine: {'line': b'-- Up-to-date symlink: /home/carlos/ros2_ws/install/px4_msgs/include/px4_msgs/px4_msgs/msg/detail/register_ext_component_request__rosidl_typesupport_fastrtps_c.h\n'}
[2.670404] (px4_msgs) StdoutLine: {'line': b'-- Up-to-date symlink: /home/carlos/ros2_ws/install/px4_msgs/include/px4_msgs/px4_msgs/msg/detail/rover_attitude_setpoint__rosidl_typesupport_fastrtps_c.h\n'}
[2.670507] (px4_msgs) StdoutLine: {'line': b'-- Up-to-date symlink: /home/carlos/ros2_ws/install/px4_msgs/include/px4_msgs/px4_msgs/msg/detail/rover_attitude_status__rosidl_typesupport_fastrtps_c.h\n'}
[2.670610] (px4_msgs) StdoutLine: {'line': b'-- Up-to-date symlink: /home/carlos/ros2_ws/install/px4_msgs/include/px4_msgs/px4_msgs/msg/detail/rover_position_setpoint__rosidl_typesupport_fastrtps_c.h\n'}
[2.670714] (px4_msgs) StdoutLine: {'line': b'-- Up-to-date symlink: /home/carlos/ros2_ws/install/px4_msgs/include/px4_msgs/px4_msgs/msg/detail/rover_rate_setpoint__rosidl_typesupport_fastrtps_c.h\n'}
[2.670823] (px4_msgs) StdoutLine: {'line': b'-- Up-to-date symlink: /home/carlos/ros2_ws/install/px4_msgs/include/px4_msgs/px4_msgs/msg/detail/rover_rate_status__rosidl_typesupport_fastrtps_c.h\n'}
[2.670933] (px4_msgs) StdoutLine: {'line': b'-- Up-to-date symlink: /home/carlos/ros2_ws/install/px4_msgs/include/px4_msgs/px4_msgs/msg/detail/rover_speed_setpoint__rosidl_typesupport_fastrtps_c.h\n'}
[2.671036] (px4_msgs) StdoutLine: {'line': b'-- Up-to-date symlink: /home/carlos/ros2_ws/install/px4_msgs/include/px4_msgs/px4_msgs/msg/detail/rover_speed_status__rosidl_typesupport_fastrtps_c.h\n'}
[2.671139] (px4_msgs) StdoutLine: {'line': b'-- Up-to-date symlink: /home/carlos/ros2_ws/install/px4_msgs/include/px4_msgs/px4_msgs/msg/detail/rover_steering_setpoint__rosidl_typesupport_fastrtps_c.h\n'}
[2.671242] (px4_msgs) StdoutLine: {'line': b'-- Up-to-date symlink: /home/carlos/ros2_ws/install/px4_msgs/include/px4_msgs/px4_msgs/msg/detail/rover_throttle_setpoint__rosidl_typesupport_fastrtps_c.h\n'}
[2.671346] (px4_msgs) StdoutLine: {'line': b'-- Up-to-date symlink: /home/carlos/ros2_ws/install/px4_msgs/include/px4_msgs/px4_msgs/msg/detail/rpm__rosidl_typesupport_fastrtps_c.h\n'}
[2.671448] (px4_msgs) StdoutLine: {'line': b'-- Up-to-date symlink: /home/carlos/ros2_ws/install/px4_msgs/include/px4_msgs/px4_msgs/msg/detail/rtl_status__rosidl_typesupport_fastrtps_c.h\n'}
[2.671546] (px4_msgs) StdoutLine: {'line': b'-- Up-to-date symlink: /home/carlos/ros2_ws/install/px4_msgs/include/px4_msgs/px4_msgs/msg/detail/rtl_time_estimate__rosidl_typesupport_fastrtps_c.h\n'}
[2.671648] (px4_msgs) StdoutLine: {'line': b'-- Up-to-date symlink: /home/carlos/ros2_ws/install/px4_msgs/include/px4_msgs/px4_msgs/msg/detail/satellite_info__rosidl_typesupport_fastrtps_c.h\n'}
[2.671755] (px4_msgs) StdoutLine: {'line': b'-- Up-to-date symlink: /home/carlos/ros2_ws/install/px4_msgs/include/px4_msgs/px4_msgs/msg/detail/sensor_accel__rosidl_typesupport_fastrtps_c.h\n'}
[2.671861] (px4_msgs) StdoutLine: {'line': b'-- Up-to-date symlink: /home/carlos/ros2_ws/install/px4_msgs/include/px4_msgs/px4_msgs/msg/detail/sensor_accel_fifo__rosidl_typesupport_fastrtps_c.h\n'}
[2.671963] (px4_msgs) StdoutLine: {'line': b'-- Up-to-date symlink: /home/carlos/ros2_ws/install/px4_msgs/include/px4_msgs/px4_msgs/msg/detail/sensor_airflow__rosidl_typesupport_fastrtps_c.h\n'}
[2.672064] (px4_msgs) StdoutLine: {'line': b'-- Up-to-date symlink: /home/carlos/ros2_ws/install/px4_msgs/include/px4_msgs/px4_msgs/msg/detail/sensor_baro__rosidl_typesupport_fastrtps_c.h\n'}
[2.672167] (px4_msgs) StdoutLine: {'line': b'-- Up-to-date symlink: /home/carlos/ros2_ws/install/px4_msgs/include/px4_msgs/px4_msgs/msg/detail/sensor_combined__rosidl_typesupport_fastrtps_c.h\n'}
[2.672270] (px4_msgs) StdoutLine: {'line': b'-- Up-to-date symlink: /home/carlos/ros2_ws/install/px4_msgs/include/px4_msgs/px4_msgs/msg/detail/sensor_correction__rosidl_typesupport_fastrtps_c.h\n'}
[2.672373] (px4_msgs) StdoutLine: {'line': b'-- Up-to-date symlink: /home/carlos/ros2_ws/install/px4_msgs/include/px4_msgs/px4_msgs/msg/detail/sensor_gnss_relative__rosidl_typesupport_fastrtps_c.h\n'}
[2.672474] (px4_msgs) StdoutLine: {'line': b'-- Up-to-date symlink: /home/carlos/ros2_ws/install/px4_msgs/include/px4_msgs/px4_msgs/msg/detail/sensor_gnss_status__rosidl_typesupport_fastrtps_c.h\n'}
[2.672577] (px4_msgs) StdoutLine: {'line': b'-- Up-to-date symlink: /home/carlos/ros2_ws/install/px4_msgs/include/px4_msgs/px4_msgs/msg/detail/sensor_gps__rosidl_typesupport_fastrtps_c.h\n'}
[2.672678] (px4_msgs) StdoutLine: {'line': b'-- Up-to-date symlink: /home/carlos/ros2_ws/install/px4_msgs/include/px4_msgs/px4_msgs/msg/detail/sensor_gyro__rosidl_typesupport_fastrtps_c.h\n'}
[2.672791] (px4_msgs) StdoutLine: {'line': b'-- Up-to-date symlink: /home/carlos/ros2_ws/install/px4_msgs/include/px4_msgs/px4_msgs/msg/detail/sensor_gyro_fft__rosidl_typesupport_fastrtps_c.h\n'}
[2.672901] (px4_msgs) StdoutLine: {'line': b'-- Up-to-date symlink: /home/carlos/ros2_ws/install/px4_msgs/include/px4_msgs/px4_msgs/msg/detail/sensor_gyro_fifo__rosidl_typesupport_fastrtps_c.h\n'}
[2.673003] (px4_msgs) StdoutLine: {'line': b'-- Up-to-date symlink: /home/carlos/ros2_ws/install/px4_msgs/include/px4_msgs/px4_msgs/msg/detail/sensor_hygrometer__rosidl_typesupport_fastrtps_c.h\n'}
[2.673106] (px4_msgs) StdoutLine: {'line': b'-- Up-to-date symlink: /home/carlos/ros2_ws/install/px4_msgs/include/px4_msgs/px4_msgs/msg/detail/sensor_mag__rosidl_typesupport_fastrtps_c.h\n'}
[2.673208] (px4_msgs) StdoutLine: {'line': b'-- Up-to-date symlink: /home/carlos/ros2_ws/install/px4_msgs/include/px4_msgs/px4_msgs/msg/detail/sensor_optical_flow__rosidl_typesupport_fastrtps_c.h\n'}
[2.673311] (px4_msgs) StdoutLine: {'line': b'-- Up-to-date symlink: /home/carlos/ros2_ws/install/px4_msgs/include/px4_msgs/px4_msgs/msg/detail/sensor_preflight_mag__rosidl_typesupport_fastrtps_c.h\n'}
[2.673420] (px4_msgs) StdoutLine: {'line': b'-- Up-to-date symlink: /home/carlos/ros2_ws/install/px4_msgs/include/px4_msgs/px4_msgs/msg/detail/sensor_selection__rosidl_typesupport_fastrtps_c.h\n'}
[2.673524] (px4_msgs) StdoutLine: {'line': b'-- Up-to-date symlink: /home/carlos/ros2_ws/install/px4_msgs/include/px4_msgs/px4_msgs/msg/detail/sensor_uwb__rosidl_typesupport_fastrtps_c.h\n'}
[2.673626] (px4_msgs) StdoutLine: {'line': b'-- Up-to-date symlink: /home/carlos/ros2_ws/install/px4_msgs/include/px4_msgs/px4_msgs/msg/detail/sensors_status__rosidl_typesupport_fastrtps_c.h\n'}
[2.673730] (px4_msgs) StdoutLine: {'line': b'-- Up-to-date symlink: /home/carlos/ros2_ws/install/px4_msgs/include/px4_msgs/px4_msgs/msg/detail/sensors_status_imu__rosidl_typesupport_fastrtps_c.h\n'}
[2.673844] (px4_msgs) StdoutLine: {'line': b'-- Up-to-date symlink: /home/carlos/ros2_ws/install/px4_msgs/include/px4_msgs/px4_msgs/msg/detail/system_power__rosidl_typesupport_fastrtps_c.h\n'}
[2.674029] (px4_msgs) StdoutLine: {'line': b'-- Up-to-date symlink: /home/carlos/ros2_ws/install/px4_msgs/include/px4_msgs/px4_msgs/msg/detail/takeoff_status__rosidl_typesupport_fastrtps_c.h\n'}
[2.674352] (px4_msgs) StdoutLine: {'line': b'-- Up-to-date symlink: /home/carlos/ros2_ws/install/px4_msgs/include/px4_msgs/px4_msgs/msg/detail/task_stack_info__rosidl_typesupport_fastrtps_c.h\n'}
[2.674511] (px4_msgs) StdoutLine: {'line': b'-- Up-to-date symlink: /home/carlos/ros2_ws/install/px4_msgs/include/px4_msgs/px4_msgs/msg/detail/tecs_status__rosidl_typesupport_fastrtps_c.h\n'}
[2.674701] (px4_msgs) StdoutLine: {'line': b'-- Up-to-date symlink: /home/carlos/ros2_ws/install/px4_msgs/include/px4_msgs/px4_msgs/msg/detail/telemetry_status__rosidl_typesupport_fastrtps_c.h\n'}
[2.674861] (px4_msgs) StdoutLine: {'line': b'-- Up-to-date symlink: /home/carlos/ros2_ws/install/px4_msgs/include/px4_msgs/px4_msgs/msg/detail/tiltrotor_extra_controls__rosidl_typesupport_fastrtps_c.h\n'}
[2.674991] (px4_msgs) StdoutLine: {'line': b'-- Up-to-date symlink: /home/carlos/ros2_ws/install/px4_msgs/include/px4_msgs/px4_msgs/msg/detail/timesync_status__rosidl_typesupport_fastrtps_c.h\n'}
[2.675110] (px4_msgs) StdoutLine: {'line': b'-- Up-to-date symlink: /home/carlos/ros2_ws/install/px4_msgs/include/px4_msgs/px4_msgs/msg/detail/trajectory_setpoint6dof__rosidl_typesupport_fastrtps_c.h\n'}
[2.675201] (px4_msgs) StdoutLine: {'line': b'-- Up-to-date symlink: /home/carlos/ros2_ws/install/px4_msgs/include/px4_msgs/px4_msgs/msg/detail/trajectory_setpoint__rosidl_typesupport_fastrtps_c.h\n'}
[2.675264] (px4_msgs) StdoutLine: {'line': b'-- Up-to-date symlink: /home/carlos/ros2_ws/install/px4_msgs/include/px4_msgs/px4_msgs/msg/detail/transponder_report__rosidl_typesupport_fastrtps_c.h\n'}
[2.675316] (px4_msgs) StdoutLine: {'line': b'-- Up-to-date symlink: /home/carlos/ros2_ws/install/px4_msgs/include/px4_msgs/px4_msgs/msg/detail/tune_control__rosidl_typesupport_fastrtps_c.h\n'}
[2.675373] (px4_msgs) StdoutLine: {'line': b'-- Up-to-date symlink: /home/carlos/ros2_ws/install/px4_msgs/include/px4_msgs/px4_msgs/msg/detail/uavcan_parameter_request__rosidl_typesupport_fastrtps_c.h\n'}
[2.675423] (px4_msgs) StdoutLine: {'line': b'-- Up-to-date symlink: /home/carlos/ros2_ws/install/px4_msgs/include/px4_msgs/px4_msgs/msg/detail/uavcan_parameter_value__rosidl_typesupport_fastrtps_c.h\n'}
[2.675504] (px4_msgs) StdoutLine: {'line': b'-- Up-to-date symlink: /home/carlos/ros2_ws/install/px4_msgs/include/px4_msgs/px4_msgs/msg/detail/ulog_stream__rosidl_typesupport_fastrtps_c.h\n'}
[2.675563] (px4_msgs) StdoutLine: {'line': b'-- Up-to-date symlink: /home/carlos/ros2_ws/install/px4_msgs/include/px4_msgs/px4_msgs/msg/detail/ulog_stream_ack__rosidl_typesupport_fastrtps_c.h\n'}
[2.675614] (px4_msgs) StdoutLine: {'line': b'-- Up-to-date symlink: /home/carlos/ros2_ws/install/px4_msgs/include/px4_msgs/px4_msgs/msg/detail/unregister_ext_component__rosidl_typesupport_fastrtps_c.h\n'}
[2.675707] (px4_msgs) StdoutLine: {'line': b'-- Up-to-date symlink: /home/carlos/ros2_ws/install/px4_msgs/include/px4_msgs/px4_msgs/msg/detail/vehicle_acceleration__rosidl_typesupport_fastrtps_c.h\n'}
[2.675788] (px4_msgs) StdoutLine: {'line': b'-- Up-to-date symlink: /home/carlos/ros2_ws/install/px4_msgs/include/px4_msgs/px4_msgs/msg/detail/vehicle_air_data__rosidl_typesupport_fastrtps_c.h\n'}
[2.675874] (px4_msgs) StdoutLine: {'line': b'-- Up-to-date symlink: /home/carlos/ros2_ws/install/px4_msgs/include/px4_msgs/px4_msgs/msg/detail/vehicle_angular_acceleration_setpoint__rosidl_typesupport_fastrtps_c.h\n'}
[2.675966] (px4_msgs) StdoutLine: {'line': b'-- Up-to-date symlink: /home/carlos/ros2_ws/install/px4_msgs/include/px4_msgs/px4_msgs/msg/detail/vehicle_angular_velocity__rosidl_typesupport_fastrtps_c.h\n'}
[2.676047] (px4_msgs) StdoutLine: {'line': b'-- Up-to-date symlink: /home/carlos/ros2_ws/install/px4_msgs/include/px4_msgs/px4_msgs/msg/detail/vehicle_attitude__rosidl_typesupport_fastrtps_c.h\n'}
[2.676129] (px4_msgs) StdoutLine: {'line': b'-- Up-to-date symlink: /home/carlos/ros2_ws/install/px4_msgs/include/px4_msgs/px4_msgs/msg/detail/vehicle_attitude_setpoint__rosidl_typesupport_fastrtps_c.h\n'}
[2.676223] (px4_msgs) StdoutLine: {'line': b'-- Up-to-date symlink: /home/carlos/ros2_ws/install/px4_msgs/include/px4_msgs/px4_msgs/msg/detail/vehicle_command__rosidl_typesupport_fastrtps_c.h\n'}
[2.676332] (px4_msgs) StdoutLine: {'line': b'-- Up-to-date symlink: /home/carlos/ros2_ws/install/px4_msgs/include/px4_msgs/px4_msgs/msg/detail/vehicle_command_ack__rosidl_typesupport_fastrtps_c.h\n'}
[2.676482] (px4_msgs) StdoutLine: {'line': b'-- Up-to-date symlink: /home/carlos/ros2_ws/install/px4_msgs/include/px4_msgs/px4_msgs/msg/detail/vehicle_constraints__rosidl_typesupport_fastrtps_c.h\n'}
[2.676580] (px4_msgs) StdoutLine: {'line': b'-- Up-to-date symlink: /home/carlos/ros2_ws/install/px4_msgs/include/px4_msgs/px4_msgs/msg/detail/vehicle_control_mode__rosidl_typesupport_fastrtps_c.h\n'}
[2.676679] (px4_msgs) StdoutLine: {'line': b'-- Up-to-date symlink: /home/carlos/ros2_ws/install/px4_msgs/include/px4_msgs/px4_msgs/msg/detail/vehicle_global_position__rosidl_typesupport_fastrtps_c.h\n'}
[2.676803] (px4_msgs) StdoutLine: {'line': b'-- Up-to-date symlink: /home/carlos/ros2_ws/install/px4_msgs/include/px4_msgs/px4_msgs/msg/detail/vehicle_imu__rosidl_typesupport_fastrtps_c.h\n'}
[2.676923] (px4_msgs) StdoutLine: {'line': b'-- Up-to-date symlink: /home/carlos/ros2_ws/install/px4_msgs/include/px4_msgs/px4_msgs/msg/detail/vehicle_imu_status__rosidl_typesupport_fastrtps_c.h\n'}
[2.677038] (px4_msgs) StdoutLine: {'line': b'-- Up-to-date symlink: /home/carlos/ros2_ws/install/px4_msgs/include/px4_msgs/px4_msgs/msg/detail/vehicle_land_detected__rosidl_typesupport_fastrtps_c.h\n'}
[2.677151] (px4_msgs) StdoutLine: {'line': b'-- Up-to-date symlink: /home/carlos/ros2_ws/install/px4_msgs/include/px4_msgs/px4_msgs/msg/detail/vehicle_local_position__rosidl_typesupport_fastrtps_c.h\n'}
[2.677265] (px4_msgs) StdoutLine: {'line': b'-- Up-to-date symlink: /home/carlos/ros2_ws/install/px4_msgs/include/px4_msgs/px4_msgs/msg/detail/vehicle_local_position_setpoint__rosidl_typesupport_fastrtps_c.h\n'}
[2.677378] (px4_msgs) StdoutLine: {'line': b'-- Up-to-date symlink: /home/carlos/ros2_ws/install/px4_msgs/include/px4_msgs/px4_msgs/msg/detail/vehicle_magnetometer__rosidl_typesupport_fastrtps_c.h\n'}
[2.677492] (px4_msgs) StdoutLine: {'line': b'-- Up-to-date symlink: /home/carlos/ros2_ws/install/px4_msgs/include/px4_msgs/px4_msgs/msg/detail/vehicle_odometry__rosidl_typesupport_fastrtps_c.h\n'}
[2.677600] (px4_msgs) StdoutLine: {'line': b'-- Up-to-date symlink: /home/carlos/ros2_ws/install/px4_msgs/include/px4_msgs/px4_msgs/msg/detail/vehicle_optical_flow__rosidl_typesupport_fastrtps_c.h\n'}
[2.677705] (px4_msgs) StdoutLine: {'line': b'-- Up-to-date symlink: /home/carlos/ros2_ws/install/px4_msgs/include/px4_msgs/px4_msgs/msg/detail/vehicle_optical_flow_vel__rosidl_typesupport_fastrtps_c.h\n'}
[2.677821] (px4_msgs) StdoutLine: {'line': b'-- Up-to-date symlink: /home/carlos/ros2_ws/install/px4_msgs/include/px4_msgs/px4_msgs/msg/detail/vehicle_rates_setpoint__rosidl_typesupport_fastrtps_c.h\n'}
[2.677926] (px4_msgs) StdoutLine: {'line': b'-- Up-to-date symlink: /home/carlos/ros2_ws/install/px4_msgs/include/px4_msgs/px4_msgs/msg/detail/vehicle_roi__rosidl_typesupport_fastrtps_c.h\n'}
[2.678031] (px4_msgs) StdoutLine: {'line': b'-- Up-to-date symlink: /home/carlos/ros2_ws/install/px4_msgs/include/px4_msgs/px4_msgs/msg/detail/vehicle_status__rosidl_typesupport_fastrtps_c.h\n'}
[2.678136] (px4_msgs) StdoutLine: {'line': b'-- Up-to-date symlink: /home/carlos/ros2_ws/install/px4_msgs/include/px4_msgs/px4_msgs/msg/detail/vehicle_thrust_setpoint__rosidl_typesupport_fastrtps_c.h\n'}
[2.678240] (px4_msgs) StdoutLine: {'line': b'-- Up-to-date symlink: /home/carlos/ros2_ws/install/px4_msgs/include/px4_msgs/px4_msgs/msg/detail/vehicle_torque_setpoint__rosidl_typesupport_fastrtps_c.h\n'}
[2.678346] (px4_msgs) StdoutLine: {'line': b'-- Up-to-date symlink: /home/carlos/ros2_ws/install/px4_msgs/include/px4_msgs/px4_msgs/msg/detail/velocity_limits__rosidl_typesupport_fastrtps_c.h\n'}
[2.678451] (px4_msgs) StdoutLine: {'line': b'-- Up-to-date symlink: /home/carlos/ros2_ws/install/px4_msgs/include/px4_msgs/px4_msgs/msg/detail/vtol_vehicle_status__rosidl_typesupport_fastrtps_c.h\n'}
[2.678557] (px4_msgs) StdoutLine: {'line': b'-- Up-to-date symlink: /home/carlos/ros2_ws/install/px4_msgs/include/px4_msgs/px4_msgs/msg/detail/wheel_encoders__rosidl_typesupport_fastrtps_c.h\n'}
[2.678684] (px4_msgs) StdoutLine: {'line': b'-- Up-to-date symlink: /home/carlos/ros2_ws/install/px4_msgs/include/px4_msgs/px4_msgs/msg/detail/wind__rosidl_typesupport_fastrtps_c.h\n'}
[2.678891] (px4_msgs) StdoutLine: {'line': b'-- Up-to-date symlink: /home/carlos/ros2_ws/install/px4_msgs/include/px4_msgs/px4_msgs/msg/detail/yaw_estimator_status__rosidl_typesupport_fastrtps_c.h\n'}
[2.679077] (px4_msgs) StdoutLine: {'line': b'-- Up-to-date symlink: /home/carlos/ros2_ws/install/px4_msgs/include/px4_msgs/px4_msgs/msg/rosidl_typesupport_fastrtps_c__visibility_control.h\n'}
[2.679202] (px4_msgs) StdoutLine: {'line': b'-- Up-to-date symlink: /home/carlos/ros2_ws/install/px4_msgs/include/px4_msgs/px4_msgs/srv/detail/vehicle_command__rosidl_typesupport_fastrtps_c.h\n'}
[2.688366] (px4_msgs) StdoutLine: {'line': b'-- Up-to-date symlink: /home/carlos/ros2_ws/install/px4_msgs/include/px4_msgs/px4_msgs/msg/action_request.hpp\n'}
[2.688640] (px4_msgs) StdoutLine: {'line': b'-- Up-to-date symlink: /home/carlos/ros2_ws/install/px4_msgs/include/px4_msgs/px4_msgs/msg/actuator_armed.hpp\n'}
[2.688869] (px4_msgs) StdoutLine: {'line': b'-- Up-to-date symlink: /home/carlos/ros2_ws/install/px4_msgs/include/px4_msgs/px4_msgs/msg/actuator_controls_status.hpp\n'}
[2.689025] (px4_msgs) StdoutLine: {'line': b'-- Up-to-date symlink: /home/carlos/ros2_ws/install/px4_msgs/include/px4_msgs/px4_msgs/msg/actuator_motors.hpp\n'}
[2.689155] (px4_msgs) StdoutLine: {'line': b'-- Up-to-date symlink: /home/carlos/ros2_ws/install/px4_msgs/include/px4_msgs/px4_msgs/msg/actuator_outputs.hpp\n'}
[2.689384] (px4_msgs) StdoutLine: {'line': b'-- Up-to-date symlink: /home/carlos/ros2_ws/install/px4_msgs/include/px4_msgs/px4_msgs/msg/actuator_servos.hpp\n'}
[2.689554] (px4_msgs) StdoutLine: {'line': b'-- Up-to-date symlink: /home/carlos/ros2_ws/install/px4_msgs/include/px4_msgs/px4_msgs/msg/actuator_servos_trim.hpp\n'}
[2.689627] (px4_msgs) StdoutLine: {'line': b'-- Up-to-date symlink: /home/carlos/ros2_ws/install/px4_msgs/include/px4_msgs/px4_msgs/msg/actuator_test.hpp\n'}
[2.689694] (px4_msgs) StdoutLine: {'line': b'-- Up-to-date symlink: /home/carlos/ros2_ws/install/px4_msgs/include/px4_msgs/px4_msgs/msg/adc_report.hpp\n'}
[2.689770] (px4_msgs) StdoutLine: {'line': b'-- Up-to-date symlink: /home/carlos/ros2_ws/install/px4_msgs/include/px4_msgs/px4_msgs/msg/airspeed.hpp\n'}
[2.689854] (px4_msgs) StdoutLine: {'line': b'-- Up-to-date symlink: /home/carlos/ros2_ws/install/px4_msgs/include/px4_msgs/px4_msgs/msg/airspeed_validated.hpp\n'}
[2.689920] (px4_msgs) StdoutLine: {'line': b'-- Up-to-date symlink: /home/carlos/ros2_ws/install/px4_msgs/include/px4_msgs/px4_msgs/msg/airspeed_wind.hpp\n'}
[2.689986] (px4_msgs) StdoutLine: {'line': b'-- Up-to-date symlink: /home/carlos/ros2_ws/install/px4_msgs/include/px4_msgs/px4_msgs/msg/arming_check_reply.hpp\n'}
[2.690086] (px4_msgs) StdoutLine: {'line': b'-- Up-to-date symlink: /home/carlos/ros2_ws/install/px4_msgs/include/px4_msgs/px4_msgs/msg/arming_check_request.hpp\n'}
[2.690152] (px4_msgs) StdoutLine: {'line': b'-- Up-to-date symlink: /home/carlos/ros2_ws/install/px4_msgs/include/px4_msgs/px4_msgs/msg/autotune_attitude_control_status.hpp\n'}
[2.690284] (px4_msgs) StdoutLine: {'line': b'-- Up-to-date symlink: /home/carlos/ros2_ws/install/px4_msgs/include/px4_msgs/px4_msgs/msg/battery_info.hpp\n'}
[2.690361] (px4_msgs) StdoutLine: {'line': b'-- Up-to-date symlink: /home/carlos/ros2_ws/install/px4_msgs/include/px4_msgs/px4_msgs/msg/battery_status.hpp\n'}
[2.690487] (px4_msgs) StdoutLine: {'line': b'-- Up-to-date symlink: /home/carlos/ros2_ws/install/px4_msgs/include/px4_msgs/px4_msgs/msg/button_event.hpp\n'}
[2.690558] (px4_msgs) StdoutLine: {'line': b'-- Up-to-date symlink: /home/carlos/ros2_ws/install/px4_msgs/include/px4_msgs/px4_msgs/msg/camera_capture.hpp\n'}
[2.690675] (px4_msgs) StdoutLine: {'line': b'-- Up-to-date symlink: /home/carlos/ros2_ws/install/px4_msgs/include/px4_msgs/px4_msgs/msg/camera_status.hpp\n'}
[2.690769] (px4_msgs) StdoutLine: {'line': b'-- Up-to-date symlink: /home/carlos/ros2_ws/install/px4_msgs/include/px4_msgs/px4_msgs/msg/camera_trigger.hpp\n'}
[2.690886] (px4_msgs) StdoutLine: {'line': b'-- Up-to-date symlink: /home/carlos/ros2_ws/install/px4_msgs/include/px4_msgs/px4_msgs/msg/can_interface_status.hpp\n'}
[2.690995] (px4_msgs) StdoutLine: {'line': b'-- Up-to-date symlink: /home/carlos/ros2_ws/install/px4_msgs/include/px4_msgs/px4_msgs/msg/cellular_status.hpp\n'}
[2.691099] (px4_msgs) StdoutLine: {'line': b'-- Up-to-date symlink: /home/carlos/ros2_ws/install/px4_msgs/include/px4_msgs/px4_msgs/msg/collision_constraints.hpp\n'}
[2.691197] (px4_msgs) StdoutLine: {'line': b'-- Up-to-date symlink: /home/carlos/ros2_ws/install/px4_msgs/include/px4_msgs/px4_msgs/msg/config_overrides.hpp\n'}
[2.691308] (px4_msgs) StdoutLine: {'line': b'-- Up-to-date symlink: /home/carlos/ros2_ws/install/px4_msgs/include/px4_msgs/px4_msgs/msg/control_allocator_status.hpp\n'}
[2.691444] (px4_msgs) StdoutLine: {'line': b'-- Up-to-date symlink: /home/carlos/ros2_ws/install/px4_msgs/include/px4_msgs/px4_msgs/msg/cpuload.hpp\n'}
[2.691620] (px4_msgs) StdoutLine: {'line': b'-- Up-to-date symlink: /home/carlos/ros2_ws/install/px4_msgs/include/px4_msgs/px4_msgs/msg/dataman_request.hpp\n'}
[2.691779] (px4_msgs) StdoutLine: {'line': b'-- Up-to-date symlink: /home/carlos/ros2_ws/install/px4_msgs/include/px4_msgs/px4_msgs/msg/dataman_response.hpp\n'}
[2.691938] (px4_msgs) StdoutLine: {'line': b'-- Up-to-date symlink: /home/carlos/ros2_ws/install/px4_msgs/include/px4_msgs/px4_msgs/msg/debug_array.hpp\n'}
[2.692053] (px4_msgs) StdoutLine: {'line': b'-- Up-to-date symlink: /home/carlos/ros2_ws/install/px4_msgs/include/px4_msgs/px4_msgs/msg/debug_key_value.hpp\n'}
[2.692160] (px4_msgs) StdoutLine: {'line': b'-- Up-to-date symlink: /home/carlos/ros2_ws/install/px4_msgs/include/px4_msgs/px4_msgs/msg/debug_value.hpp\n'}
[2.692266] (px4_msgs) StdoutLine: {'line': b'-- Up-to-date symlink: /home/carlos/ros2_ws/install/px4_msgs/include/px4_msgs/px4_msgs/msg/debug_vect.hpp\n'}
[2.692383] (px4_msgs) StdoutLine: {'line': b'-- Up-to-date symlink: /home/carlos/ros2_ws/install/px4_msgs/include/px4_msgs/px4_msgs/msg/detail/action_request__builder.hpp\n'}
[2.692493] (px4_msgs) StdoutLine: {'line': b'-- Up-to-date symlink: /home/carlos/ros2_ws/install/px4_msgs/include/px4_msgs/px4_msgs/msg/detail/action_request__struct.hpp\n'}
[2.692604] (px4_msgs) StdoutLine: {'line': b'-- Up-to-date symlink: /home/carlos/ros2_ws/install/px4_msgs/include/px4_msgs/px4_msgs/msg/detail/action_request__traits.hpp\n'}
[2.692717] (px4_msgs) StdoutLine: {'line': b'-- Up-to-date symlink: /home/carlos/ros2_ws/install/px4_msgs/include/px4_msgs/px4_msgs/msg/detail/action_request__type_support.hpp\n'}
[2.692815] (px4_msgs) StdoutLine: {'line': b'-- Up-to-date symlink: /home/carlos/ros2_ws/install/px4_msgs/include/px4_msgs/px4_msgs/msg/detail/actuator_armed__builder.hpp\n'}
[2.692932] (px4_msgs) StdoutLine: {'line': b'-- Up-to-date symlink: /home/carlos/ros2_ws/install/px4_msgs/include/px4_msgs/px4_msgs/msg/detail/actuator_armed__struct.hpp\n'}
[2.693041] (px4_msgs) StdoutLine: {'line': b'-- Up-to-date symlink: /home/carlos/ros2_ws/install/px4_msgs/include/px4_msgs/px4_msgs/msg/detail/actuator_armed__traits.hpp\n'}
[2.693153] (px4_msgs) StdoutLine: {'line': b'-- Up-to-date symlink: /home/carlos/ros2_ws/install/px4_msgs/include/px4_msgs/px4_msgs/msg/detail/actuator_armed__type_support.hpp\n'}
[2.693258] (px4_msgs) StdoutLine: {'line': b'-- Up-to-date symlink: /home/carlos/ros2_ws/install/px4_msgs/include/px4_msgs/px4_msgs/msg/detail/actuator_controls_status__builder.hpp\n'}
[2.693364] (px4_msgs) StdoutLine: {'line': b'-- Up-to-date symlink: /home/carlos/ros2_ws/install/px4_msgs/include/px4_msgs/px4_msgs/msg/detail/actuator_controls_status__struct.hpp\n'}
[2.693467] (px4_msgs) StdoutLine: {'line': b'-- Up-to-date symlink: /home/carlos/ros2_ws/install/px4_msgs/include/px4_msgs/px4_msgs/msg/detail/actuator_controls_status__traits.hpp\n'}
[2.693572] (px4_msgs) StdoutLine: {'line': b'-- Up-to-date symlink: /home/carlos/ros2_ws/install/px4_msgs/include/px4_msgs/px4_msgs/msg/detail/actuator_controls_status__type_support.hpp\n'}
[2.693677] (px4_msgs) StdoutLine: {'line': b'-- Up-to-date symlink: /home/carlos/ros2_ws/install/px4_msgs/include/px4_msgs/px4_msgs/msg/detail/actuator_motors__builder.hpp\n'}
[2.693797] (px4_msgs) StdoutLine: {'line': b'-- Up-to-date symlink: /home/carlos/ros2_ws/install/px4_msgs/include/px4_msgs/px4_msgs/msg/detail/actuator_motors__struct.hpp\n'}
[2.693902] (px4_msgs) StdoutLine: {'line': b'-- Up-to-date symlink: /home/carlos/ros2_ws/install/px4_msgs/include/px4_msgs/px4_msgs/msg/detail/actuator_motors__traits.hpp\n'}
[2.694009] (px4_msgs) StdoutLine: {'line': b'-- Up-to-date symlink: /home/carlos/ros2_ws/install/px4_msgs/include/px4_msgs/px4_msgs/msg/detail/actuator_motors__type_support.hpp\n'}
[2.694114] (px4_msgs) StdoutLine: {'line': b'-- Up-to-date symlink: /home/carlos/ros2_ws/install/px4_msgs/include/px4_msgs/px4_msgs/msg/detail/actuator_outputs__builder.hpp\n'}
[2.694218] (px4_msgs) StdoutLine: {'line': b'-- Up-to-date symlink: /home/carlos/ros2_ws/install/px4_msgs/include/px4_msgs/px4_msgs/msg/detail/actuator_outputs__struct.hpp\n'}
[2.694327] (px4_msgs) StdoutLine: {'line': b'-- Up-to-date symlink: /home/carlos/ros2_ws/install/px4_msgs/include/px4_msgs/px4_msgs/msg/detail/actuator_outputs__traits.hpp\n'}
[2.694433] (px4_msgs) StdoutLine: {'line': b'-- Up-to-date symlink: /home/carlos/ros2_ws/install/px4_msgs/include/px4_msgs/px4_msgs/msg/detail/actuator_outputs__type_support.hpp\n'}
[2.694536] (px4_msgs) StdoutLine: {'line': b'-- Up-to-date symlink: /home/carlos/ros2_ws/install/px4_msgs/include/px4_msgs/px4_msgs/msg/detail/actuator_servos__builder.hpp\n'}
[2.694641] (px4_msgs) StdoutLine: {'line': b'-- Up-to-date symlink: /home/carlos/ros2_ws/install/px4_msgs/include/px4_msgs/px4_msgs/msg/detail/actuator_servos__struct.hpp\n'}
[2.694745] (px4_msgs) StdoutLine: {'line': b'-- Up-to-date symlink: /home/carlos/ros2_ws/install/px4_msgs/include/px4_msgs/px4_msgs/msg/detail/actuator_servos__traits.hpp\n'}
[2.694870] (px4_msgs) StdoutLine: {'line': b'-- Up-to-date symlink: /home/carlos/ros2_ws/install/px4_msgs/include/px4_msgs/px4_msgs/msg/detail/actuator_servos__type_support.hpp\n'}
[2.694976] (px4_msgs) StdoutLine: {'line': b'-- Up-to-date symlink: /home/carlos/ros2_ws/install/px4_msgs/include/px4_msgs/px4_msgs/msg/detail/actuator_servos_trim__builder.hpp\n'}
[2.695079] (px4_msgs) StdoutLine: {'line': b'-- Up-to-date symlink: /home/carlos/ros2_ws/install/px4_msgs/include/px4_msgs/px4_msgs/msg/detail/actuator_servos_trim__struct.hpp\n'}
[2.695190] (px4_msgs) StdoutLine: {'line': b'-- Up-to-date symlink: /home/carlos/ros2_ws/install/px4_msgs/include/px4_msgs/px4_msgs/msg/detail/actuator_servos_trim__traits.hpp\n'}
[2.695295] (px4_msgs) StdoutLine: {'line': b'-- Up-to-date symlink: /home/carlos/ros2_ws/install/px4_msgs/include/px4_msgs/px4_msgs/msg/detail/actuator_servos_trim__type_support.hpp\n'}
[2.695400] (px4_msgs) StdoutLine: {'line': b'-- Up-to-date symlink: /home/carlos/ros2_ws/install/px4_msgs/include/px4_msgs/px4_msgs/msg/detail/actuator_test__builder.hpp\n'}
[2.695505] (px4_msgs) StdoutLine: {'line': b'-- Up-to-date symlink: /home/carlos/ros2_ws/install/px4_msgs/include/px4_msgs/px4_msgs/msg/detail/actuator_test__struct.hpp\n'}
[2.695601] (px4_msgs) StdoutLine: {'line': b'-- Up-to-date symlink: /home/carlos/ros2_ws/install/px4_msgs/include/px4_msgs/px4_msgs/msg/detail/actuator_test__traits.hpp\n'}
[2.695703] (px4_msgs) StdoutLine: {'line': b'-- Up-to-date symlink: /home/carlos/ros2_ws/install/px4_msgs/include/px4_msgs/px4_msgs/msg/detail/actuator_test__type_support.hpp\n'}
[2.695833] (px4_msgs) StdoutLine: {'line': b'-- Up-to-date symlink: /home/carlos/ros2_ws/install/px4_msgs/include/px4_msgs/px4_msgs/msg/detail/adc_report__builder.hpp\n'}
[2.695935] (px4_msgs) StdoutLine: {'line': b'-- Up-to-date symlink: /home/carlos/ros2_ws/install/px4_msgs/include/px4_msgs/px4_msgs/msg/detail/adc_report__struct.hpp\n'}
[2.696036] (px4_msgs) StdoutLine: {'line': b'-- Up-to-date symlink: /home/carlos/ros2_ws/install/px4_msgs/include/px4_msgs/px4_msgs/msg/detail/adc_report__traits.hpp\n'}
[2.696138] (px4_msgs) StdoutLine: {'line': b'-- Up-to-date symlink: /home/carlos/ros2_ws/install/px4_msgs/include/px4_msgs/px4_msgs/msg/detail/adc_report__type_support.hpp\n'}
[2.696239] (px4_msgs) StdoutLine: {'line': b'-- Up-to-date symlink: /home/carlos/ros2_ws/install/px4_msgs/include/px4_msgs/px4_msgs/msg/detail/airspeed__builder.hpp\n'}
[2.696341] (px4_msgs) StdoutLine: {'line': b'-- Up-to-date symlink: /home/carlos/ros2_ws/install/px4_msgs/include/px4_msgs/px4_msgs/msg/detail/airspeed__struct.hpp\n'}
[2.696442] (px4_msgs) StdoutLine: {'line': b'-- Up-to-date symlink: /home/carlos/ros2_ws/install/px4_msgs/include/px4_msgs/px4_msgs/msg/detail/airspeed__traits.hpp\n'}
[2.696544] (px4_msgs) StdoutLine: {'line': b'-- Up-to-date symlink: /home/carlos/ros2_ws/install/px4_msgs/include/px4_msgs/px4_msgs/msg/detail/airspeed__type_support.hpp\n'}
[2.696646] (px4_msgs) StdoutLine: {'line': b'-- Up-to-date symlink: /home/carlos/ros2_ws/install/px4_msgs/include/px4_msgs/px4_msgs/msg/detail/airspeed_validated__builder.hpp\n'}
[2.696758] (px4_msgs) StdoutLine: {'line': b'-- Up-to-date symlink: /home/carlos/ros2_ws/install/px4_msgs/include/px4_msgs/px4_msgs/msg/detail/airspeed_validated__struct.hpp\n'}
[2.696866] (px4_msgs) StdoutLine: {'line': b'-- Up-to-date symlink: /home/carlos/ros2_ws/install/px4_msgs/include/px4_msgs/px4_msgs/msg/detail/airspeed_validated__traits.hpp\n'}
[2.696969] (px4_msgs) StdoutLine: {'line': b'-- Up-to-date symlink: /home/carlos/ros2_ws/install/px4_msgs/include/px4_msgs/px4_msgs/msg/detail/airspeed_validated__type_support.hpp\n'}
[2.697071] (px4_msgs) StdoutLine: {'line': b'-- Up-to-date symlink: /home/carlos/ros2_ws/install/px4_msgs/include/px4_msgs/px4_msgs/msg/detail/airspeed_wind__builder.hpp\n'}
[2.697173] (px4_msgs) StdoutLine: {'line': b'-- Up-to-date symlink: /home/carlos/ros2_ws/install/px4_msgs/include/px4_msgs/px4_msgs/msg/detail/airspeed_wind__struct.hpp\n'}
[2.697275] (px4_msgs) StdoutLine: {'line': b'-- Up-to-date symlink: /home/carlos/ros2_ws/install/px4_msgs/include/px4_msgs/px4_msgs/msg/detail/airspeed_wind__traits.hpp\n'}
[2.697378] (px4_msgs) StdoutLine: {'line': b'-- Up-to-date symlink: /home/carlos/ros2_ws/install/px4_msgs/include/px4_msgs/px4_msgs/msg/detail/airspeed_wind__type_support.hpp\n'}
[2.697480] (px4_msgs) StdoutLine: {'line': b'-- Up-to-date symlink: /home/carlos/ros2_ws/install/px4_msgs/include/px4_msgs/px4_msgs/msg/detail/arming_check_reply__builder.hpp\n'}
[2.697584] (px4_msgs) StdoutLine: {'line': b'-- Up-to-date symlink: /home/carlos/ros2_ws/install/px4_msgs/include/px4_msgs/px4_msgs/msg/detail/arming_check_reply__struct.hpp\n'}
[2.697684] (px4_msgs) StdoutLine: {'line': b'-- Up-to-date symlink: /home/carlos/ros2_ws/install/px4_msgs/include/px4_msgs/px4_msgs/msg/detail/arming_check_reply__traits.hpp\n'}
[2.697797] (px4_msgs) StdoutLine: {'line': b'-- Up-to-date symlink: /home/carlos/ros2_ws/install/px4_msgs/include/px4_msgs/px4_msgs/msg/detail/arming_check_reply__type_support.hpp\n'}
[2.697907] (px4_msgs) StdoutLine: {'line': b'-- Up-to-date symlink: /home/carlos/ros2_ws/install/px4_msgs/include/px4_msgs/px4_msgs/msg/detail/arming_check_request__builder.hpp\n'}
[2.698002] (px4_msgs) StdoutLine: {'line': b'-- Up-to-date symlink: /home/carlos/ros2_ws/install/px4_msgs/include/px4_msgs/px4_msgs/msg/detail/arming_check_request__struct.hpp\n'}
[2.698100] (px4_msgs) StdoutLine: {'line': b'-- Up-to-date symlink: /home/carlos/ros2_ws/install/px4_msgs/include/px4_msgs/px4_msgs/msg/detail/arming_check_request__traits.hpp\n'}
[2.698201] (px4_msgs) StdoutLine: {'line': b'-- Up-to-date symlink: /home/carlos/ros2_ws/install/px4_msgs/include/px4_msgs/px4_msgs/msg/detail/arming_check_request__type_support.hpp\n'}
[2.698303] (px4_msgs) StdoutLine: {'line': b'-- Up-to-date symlink: /home/carlos/ros2_ws/install/px4_msgs/include/px4_msgs/px4_msgs/msg/detail/autotune_attitude_control_status__builder.hpp\n'}
[2.698404] (px4_msgs) StdoutLine: {'line': b'-- Up-to-date symlink: /home/carlos/ros2_ws/install/px4_msgs/include/px4_msgs/px4_msgs/msg/detail/autotune_attitude_control_status__struct.hpp\n'}
[2.698506] (px4_msgs) StdoutLine: {'line': b'-- Up-to-date symlink: /home/carlos/ros2_ws/install/px4_msgs/include/px4_msgs/px4_msgs/msg/detail/autotune_attitude_control_status__traits.hpp\n'}
[2.698608] (px4_msgs) StdoutLine: {'line': b'-- Up-to-date symlink: /home/carlos/ros2_ws/install/px4_msgs/include/px4_msgs/px4_msgs/msg/detail/autotune_attitude_control_status__type_support.hpp\n'}
[2.698709] (px4_msgs) StdoutLine: {'line': b'-- Up-to-date symlink: /home/carlos/ros2_ws/install/px4_msgs/include/px4_msgs/px4_msgs/msg/detail/battery_info__builder.hpp\n'}
[2.698820] (px4_msgs) StdoutLine: {'line': b'-- Up-to-date symlink: /home/carlos/ros2_ws/install/px4_msgs/include/px4_msgs/px4_msgs/msg/detail/battery_info__struct.hpp\n'}
[2.698930] (px4_msgs) StdoutLine: {'line': b'-- Up-to-date symlink: /home/carlos/ros2_ws/install/px4_msgs/include/px4_msgs/px4_msgs/msg/detail/battery_info__traits.hpp\n'}
[2.699032] (px4_msgs) StdoutLine: {'line': b'-- Up-to-date symlink: /home/carlos/ros2_ws/install/px4_msgs/include/px4_msgs/px4_msgs/msg/detail/battery_info__type_support.hpp\n'}
[2.699139] (px4_msgs) StdoutLine: {'line': b'-- Up-to-date symlink: /home/carlos/ros2_ws/install/px4_msgs/include/px4_msgs/px4_msgs/msg/detail/battery_status__builder.hpp\n'}
[2.699248] (px4_msgs) StdoutLine: {'line': b'-- Up-to-date symlink: /home/carlos/ros2_ws/install/px4_msgs/include/px4_msgs/px4_msgs/msg/detail/battery_status__struct.hpp\n'}
[2.699352] (px4_msgs) StdoutLine: {'line': b'-- Up-to-date symlink: /home/carlos/ros2_ws/install/px4_msgs/include/px4_msgs/px4_msgs/msg/detail/battery_status__traits.hpp\n'}
[2.699456] (px4_msgs) StdoutLine: {'line': b'-- Up-to-date symlink: /home/carlos/ros2_ws/install/px4_msgs/include/px4_msgs/px4_msgs/msg/detail/battery_status__type_support.hpp\n'}
[2.699558] (px4_msgs) StdoutLine: {'line': b'-- Up-to-date symlink: /home/carlos/ros2_ws/install/px4_msgs/include/px4_msgs/px4_msgs/msg/detail/button_event__builder.hpp\n'}
[2.699662] (px4_msgs) StdoutLine: {'line': b'-- Up-to-date symlink: /home/carlos/ros2_ws/install/px4_msgs/include/px4_msgs/px4_msgs/msg/detail/button_event__struct.hpp\n'}
[2.699769] (px4_msgs) StdoutLine: {'line': b'-- Up-to-date symlink: /home/carlos/ros2_ws/install/px4_msgs/include/px4_msgs/px4_msgs/msg/detail/button_event__traits.hpp\n'}
[2.699887] (px4_msgs) StdoutLine: {'line': b'-- Up-to-date symlink: /home/carlos/ros2_ws/install/px4_msgs/include/px4_msgs/px4_msgs/msg/detail/button_event__type_support.hpp\n'}
[2.699988] (px4_msgs) StdoutLine: {'line': b'-- Up-to-date symlink: /home/carlos/ros2_ws/install/px4_msgs/include/px4_msgs/px4_msgs/msg/detail/camera_capture__builder.hpp\n'}
[2.700091] (px4_msgs) StdoutLine: {'line': b'-- Up-to-date symlink: /home/carlos/ros2_ws/install/px4_msgs/include/px4_msgs/px4_msgs/msg/detail/camera_capture__struct.hpp\n'}
[2.700192] (px4_msgs) StdoutLine: {'line': b'-- Up-to-date symlink: /home/carlos/ros2_ws/install/px4_msgs/include/px4_msgs/px4_msgs/msg/detail/camera_capture__traits.hpp\n'}
[2.700295] (px4_msgs) StdoutLine: {'line': b'-- Up-to-date symlink: /home/carlos/ros2_ws/install/px4_msgs/include/px4_msgs/px4_msgs/msg/detail/camera_capture__type_support.hpp\n'}
[2.700399] (px4_msgs) StdoutLine: {'line': b'-- Up-to-date symlink: /home/carlos/ros2_ws/install/px4_msgs/include/px4_msgs/px4_msgs/msg/detail/camera_status__builder.hpp\n'}
[2.700508] (px4_msgs) StdoutLine: {'line': b'-- Up-to-date symlink: /home/carlos/ros2_ws/install/px4_msgs/include/px4_msgs/px4_msgs/msg/detail/camera_status__struct.hpp\n'}
[2.700615] (px4_msgs) StdoutLine: {'line': b'-- Up-to-date symlink: /home/carlos/ros2_ws/install/px4_msgs/include/px4_msgs/px4_msgs/msg/detail/camera_status__traits.hpp\n'}
[2.700725] (px4_msgs) StdoutLine: {'line': b'-- Up-to-date symlink: /home/carlos/ros2_ws/install/px4_msgs/include/px4_msgs/px4_msgs/msg/detail/camera_status__type_support.hpp\n'}
[2.700840] (px4_msgs) StdoutLine: {'line': b'-- Up-to-date symlink: /home/carlos/ros2_ws/install/px4_msgs/include/px4_msgs/px4_msgs/msg/detail/camera_trigger__builder.hpp\n'}
[2.700950] (px4_msgs) StdoutLine: {'line': b'-- Up-to-date symlink: /home/carlos/ros2_ws/install/px4_msgs/include/px4_msgs/px4_msgs/msg/detail/camera_trigger__struct.hpp\n'}
[2.701060] (px4_msgs) StdoutLine: {'line': b'-- Up-to-date symlink: /home/carlos/ros2_ws/install/px4_msgs/include/px4_msgs/px4_msgs/msg/detail/camera_trigger__traits.hpp\n'}
[2.701169] (px4_msgs) StdoutLine: {'line': b'-- Up-to-date symlink: /home/carlos/ros2_ws/install/px4_msgs/include/px4_msgs/px4_msgs/msg/detail/camera_trigger__type_support.hpp\n'}
[2.701278] (px4_msgs) StdoutLine: {'line': b'-- Up-to-date symlink: /home/carlos/ros2_ws/install/px4_msgs/include/px4_msgs/px4_msgs/msg/detail/can_interface_status__builder.hpp\n'}
[2.701389] (px4_msgs) StdoutLine: {'line': b'-- Up-to-date symlink: /home/carlos/ros2_ws/install/px4_msgs/include/px4_msgs/px4_msgs/msg/detail/can_interface_status__struct.hpp\n'}
[2.701497] (px4_msgs) StdoutLine: {'line': b'-- Up-to-date symlink: /home/carlos/ros2_ws/install/px4_msgs/include/px4_msgs/px4_msgs/msg/detail/can_interface_status__traits.hpp\n'}
[2.701605] (px4_msgs) StdoutLine: {'line': b'-- Up-to-date symlink: /home/carlos/ros2_ws/install/px4_msgs/include/px4_msgs/px4_msgs/msg/detail/can_interface_status__type_support.hpp\n'}
[2.701706] (px4_msgs) StdoutLine: {'line': b'-- Up-to-date symlink: /home/carlos/ros2_ws/install/px4_msgs/include/px4_msgs/px4_msgs/msg/detail/cellular_status__builder.hpp\n'}
[2.701816] (px4_msgs) StdoutLine: {'line': b'-- Up-to-date symlink: /home/carlos/ros2_ws/install/px4_msgs/include/px4_msgs/px4_msgs/msg/detail/cellular_status__struct.hpp\n'}
[2.701923] (px4_msgs) StdoutLine: {'line': b'-- Up-to-date symlink: /home/carlos/ros2_ws/install/px4_msgs/include/px4_msgs/px4_msgs/msg/detail/cellular_status__traits.hpp\n'}
[2.702024] (px4_msgs) StdoutLine: {'line': b'-- Up-to-date symlink: /home/carlos/ros2_ws/install/px4_msgs/include/px4_msgs/px4_msgs/msg/detail/cellular_status__type_support.hpp\n'}
[2.702131] (px4_msgs) StdoutLine: {'line': b'-- Up-to-date symlink: /home/carlos/ros2_ws/install/px4_msgs/include/px4_msgs/px4_msgs/msg/detail/collision_constraints__builder.hpp\n'}
[2.702231] (px4_msgs) StdoutLine: {'line': b'-- Up-to-date symlink: /home/carlos/ros2_ws/install/px4_msgs/include/px4_msgs/px4_msgs/msg/detail/collision_constraints__struct.hpp\n'}
[2.702330] (px4_msgs) StdoutLine: {'line': b'-- Up-to-date symlink: /home/carlos/ros2_ws/install/px4_msgs/include/px4_msgs/px4_msgs/msg/detail/collision_constraints__traits.hpp\n'}
[2.702430] (px4_msgs) StdoutLine: {'line': b'-- Up-to-date symlink: /home/carlos/ros2_ws/install/px4_msgs/include/px4_msgs/px4_msgs/msg/detail/collision_constraints__type_support.hpp\n'}
[2.702530] (px4_msgs) StdoutLine: {'line': b'-- Up-to-date symlink: /home/carlos/ros2_ws/install/px4_msgs/include/px4_msgs/px4_msgs/msg/detail/config_overrides__builder.hpp\n'}
[2.702631] (px4_msgs) StdoutLine: {'line': b'-- Up-to-date symlink: /home/carlos/ros2_ws/install/px4_msgs/include/px4_msgs/px4_msgs/msg/detail/config_overrides__struct.hpp\n'}
[2.702726] (px4_msgs) StdoutLine: {'line': b'-- Up-to-date symlink: /home/carlos/ros2_ws/install/px4_msgs/include/px4_msgs/px4_msgs/msg/detail/config_overrides__traits.hpp\n'}
[2.702846] (px4_msgs) StdoutLine: {'line': b'-- Up-to-date symlink: /home/carlos/ros2_ws/install/px4_msgs/include/px4_msgs/px4_msgs/msg/detail/config_overrides__type_support.hpp\n'}
[2.702949] (px4_msgs) StdoutLine: {'line': b'-- Up-to-date symlink: /home/carlos/ros2_ws/install/px4_msgs/include/px4_msgs/px4_msgs/msg/detail/control_allocator_status__builder.hpp\n'}
[2.703052] (px4_msgs) StdoutLine: {'line': b'-- Up-to-date symlink: /home/carlos/ros2_ws/install/px4_msgs/include/px4_msgs/px4_msgs/msg/detail/control_allocator_status__struct.hpp\n'}
[2.703155] (px4_msgs) StdoutLine: {'line': b'-- Up-to-date symlink: /home/carlos/ros2_ws/install/px4_msgs/include/px4_msgs/px4_msgs/msg/detail/control_allocator_status__traits.hpp\n'}
[2.703259] (px4_msgs) StdoutLine: {'line': b'-- Up-to-date symlink: /home/carlos/ros2_ws/install/px4_msgs/include/px4_msgs/px4_msgs/msg/detail/control_allocator_status__type_support.hpp\n'}
[2.703369] (px4_msgs) StdoutLine: {'line': b'-- Up-to-date symlink: /home/carlos/ros2_ws/install/px4_msgs/include/px4_msgs/px4_msgs/msg/detail/cpuload__builder.hpp\n'}
[2.703473] (px4_msgs) StdoutLine: {'line': b'-- Up-to-date symlink: /home/carlos/ros2_ws/install/px4_msgs/include/px4_msgs/px4_msgs/msg/detail/cpuload__struct.hpp\n'}
[2.703577] (px4_msgs) StdoutLine: {'line': b'-- Up-to-date symlink: /home/carlos/ros2_ws/install/px4_msgs/include/px4_msgs/px4_msgs/msg/detail/cpuload__traits.hpp\n'}
[2.703680] (px4_msgs) StdoutLine: {'line': b'-- Up-to-date symlink: /home/carlos/ros2_ws/install/px4_msgs/include/px4_msgs/px4_msgs/msg/detail/cpuload__type_support.hpp\n'}
[2.703792] (px4_msgs) StdoutLine: {'line': b'-- Up-to-date symlink: /home/carlos/ros2_ws/install/px4_msgs/include/px4_msgs/px4_msgs/msg/detail/dataman_request__builder.hpp\n'}
[2.703926] (px4_msgs) StdoutLine: {'line': b'-- Up-to-date symlink: /home/carlos/ros2_ws/install/px4_msgs/include/px4_msgs/px4_msgs/msg/detail/dataman_request__struct.hpp\n'}
[2.704026] (px4_msgs) StdoutLine: {'line': b'-- Up-to-date symlink: /home/carlos/ros2_ws/install/px4_msgs/include/px4_msgs/px4_msgs/msg/detail/dataman_request__traits.hpp\n'}
[2.704129] (px4_msgs) StdoutLine: {'line': b'-- Up-to-date symlink: /home/carlos/ros2_ws/install/px4_msgs/include/px4_msgs/px4_msgs/msg/detail/dataman_request__type_support.hpp\n'}
[2.704231] (px4_msgs) StdoutLine: {'line': b'-- Up-to-date symlink: /home/carlos/ros2_ws/install/px4_msgs/include/px4_msgs/px4_msgs/msg/detail/dataman_response__builder.hpp\n'}
[2.704335] (px4_msgs) StdoutLine: {'line': b'-- Up-to-date symlink: /home/carlos/ros2_ws/install/px4_msgs/include/px4_msgs/px4_msgs/msg/detail/dataman_response__struct.hpp\n'}
[2.704436] (px4_msgs) StdoutLine: {'line': b'-- Up-to-date symlink: /home/carlos/ros2_ws/install/px4_msgs/include/px4_msgs/px4_msgs/msg/detail/dataman_response__traits.hpp\n'}
[2.704538] (px4_msgs) StdoutLine: {'line': b'-- Up-to-date symlink: /home/carlos/ros2_ws/install/px4_msgs/include/px4_msgs/px4_msgs/msg/detail/dataman_response__type_support.hpp\n'}
[2.704641] (px4_msgs) StdoutLine: {'line': b'-- Up-to-date symlink: /home/carlos/ros2_ws/install/px4_msgs/include/px4_msgs/px4_msgs/msg/detail/debug_array__builder.hpp\n'}
[2.704743] (px4_msgs) StdoutLine: {'line': b'-- Up-to-date symlink: /home/carlos/ros2_ws/install/px4_msgs/include/px4_msgs/px4_msgs/msg/detail/debug_array__struct.hpp\n'}
[2.704864] (px4_msgs) StdoutLine: {'line': b'-- Up-to-date symlink: /home/carlos/ros2_ws/install/px4_msgs/include/px4_msgs/px4_msgs/msg/detail/debug_array__traits.hpp\n'}
[2.704968] (px4_msgs) StdoutLine: {'line': b'-- Up-to-date symlink: /home/carlos/ros2_ws/install/px4_msgs/include/px4_msgs/px4_msgs/msg/detail/debug_array__type_support.hpp\n'}
[2.705069] (px4_msgs) StdoutLine: {'line': b'-- Up-to-date symlink: /home/carlos/ros2_ws/install/px4_msgs/include/px4_msgs/px4_msgs/msg/detail/debug_key_value__builder.hpp\n'}
[2.705165] (px4_msgs) StdoutLine: {'line': b'-- Up-to-date symlink: /home/carlos/ros2_ws/install/px4_msgs/include/px4_msgs/px4_msgs/msg/detail/debug_key_value__struct.hpp\n'}
[2.705263] (px4_msgs) StdoutLine: {'line': b'-- Up-to-date symlink: /home/carlos/ros2_ws/install/px4_msgs/include/px4_msgs/px4_msgs/msg/detail/debug_key_value__traits.hpp\n'}
[2.705362] (px4_msgs) StdoutLine: {'line': b'-- Up-to-date symlink: /home/carlos/ros2_ws/install/px4_msgs/include/px4_msgs/px4_msgs/msg/detail/debug_key_value__type_support.hpp\n'}
[2.705462] (px4_msgs) StdoutLine: {'line': b'-- Up-to-date symlink: /home/carlos/ros2_ws/install/px4_msgs/include/px4_msgs/px4_msgs/msg/detail/debug_value__builder.hpp\n'}
[2.705561] (px4_msgs) StdoutLine: {'line': b'-- Up-to-date symlink: /home/carlos/ros2_ws/install/px4_msgs/include/px4_msgs/px4_msgs/msg/detail/debug_value__struct.hpp\n'}
[2.705660] (px4_msgs) StdoutLine: {'line': b'-- Up-to-date symlink: /home/carlos/ros2_ws/install/px4_msgs/include/px4_msgs/px4_msgs/msg/detail/debug_value__traits.hpp\n'}
[2.705764] (px4_msgs) StdoutLine: {'line': b'-- Up-to-date symlink: /home/carlos/ros2_ws/install/px4_msgs/include/px4_msgs/px4_msgs/msg/detail/debug_value__type_support.hpp\n'}
[2.705873] (px4_msgs) StdoutLine: {'line': b'-- Up-to-date symlink: /home/carlos/ros2_ws/install/px4_msgs/include/px4_msgs/px4_msgs/msg/detail/debug_vect__builder.hpp\n'}
[2.705974] (px4_msgs) StdoutLine: {'line': b'-- Up-to-date symlink: /home/carlos/ros2_ws/install/px4_msgs/include/px4_msgs/px4_msgs/msg/detail/debug_vect__struct.hpp\n'}
[2.706072] (px4_msgs) StdoutLine: {'line': b'-- Up-to-date symlink: /home/carlos/ros2_ws/install/px4_msgs/include/px4_msgs/px4_msgs/msg/detail/debug_vect__traits.hpp\n'}
[2.706172] (px4_msgs) StdoutLine: {'line': b'-- Up-to-date symlink: /home/carlos/ros2_ws/install/px4_msgs/include/px4_msgs/px4_msgs/msg/detail/debug_vect__type_support.hpp\n'}
[2.706226] (-) TimerEvent: {}
[2.706312] (px4_msgs) StdoutLine: {'line': b'-- Up-to-date symlink: /home/carlos/ros2_ws/install/px4_msgs/include/px4_msgs/px4_msgs/msg/detail/differential_pressure__builder.hpp\n'}
[2.706406] (px4_msgs) StdoutLine: {'line': b'-- Up-to-date symlink: /home/carlos/ros2_ws/install/px4_msgs/include/px4_msgs/px4_msgs/msg/detail/differential_pressure__struct.hpp\n'}
[2.706483] (px4_msgs) StdoutLine: {'line': b'-- Up-to-date symlink: /home/carlos/ros2_ws/install/px4_msgs/include/px4_msgs/px4_msgs/msg/detail/differential_pressure__traits.hpp\n'}
[2.706586] (px4_msgs) StdoutLine: {'line': b'-- Up-to-date symlink: /home/carlos/ros2_ws/install/px4_msgs/include/px4_msgs/px4_msgs/msg/detail/differential_pressure__type_support.hpp\n'}
[2.706689] (px4_msgs) StdoutLine: {'line': b'-- Up-to-date symlink: /home/carlos/ros2_ws/install/px4_msgs/include/px4_msgs/px4_msgs/msg/detail/distance_sensor__builder.hpp\n'}
[2.706800] (px4_msgs) StdoutLine: {'line': b'-- Up-to-date symlink: /home/carlos/ros2_ws/install/px4_msgs/include/px4_msgs/px4_msgs/msg/detail/distance_sensor__struct.hpp\n'}
[2.706930] (px4_msgs) StdoutLine: {'line': b'-- Up-to-date symlink: /home/carlos/ros2_ws/install/px4_msgs/include/px4_msgs/px4_msgs/msg/detail/distance_sensor__traits.hpp\n'}
[2.707056] (px4_msgs) StdoutLine: {'line': b'-- Up-to-date symlink: /home/carlos/ros2_ws/install/px4_msgs/include/px4_msgs/px4_msgs/msg/detail/distance_sensor__type_support.hpp\n'}
[2.707147] (px4_msgs) StdoutLine: {'line': b'-- Up-to-date symlink: /home/carlos/ros2_ws/install/px4_msgs/include/px4_msgs/px4_msgs/msg/detail/distance_sensor_mode_change_request__builder.hpp\n'}
[2.707282] (px4_msgs) StdoutLine: {'line': b'-- Up-to-date symlink: /home/carlos/ros2_ws/install/px4_msgs/include/px4_msgs/px4_msgs/msg/detail/distance_sensor_mode_change_request__struct.hpp\n'}
[2.707415] (px4_msgs) StdoutLine: {'line': b'-- Up-to-date symlink: /home/carlos/ros2_ws/install/px4_msgs/include/px4_msgs/px4_msgs/msg/detail/distance_sensor_mode_change_request__traits.hpp\n'}
[2.707536] (px4_msgs) StdoutLine: {'line': b'-- Up-to-date symlink: /home/carlos/ros2_ws/install/px4_msgs/include/px4_msgs/px4_msgs/msg/detail/distance_sensor_mode_change_request__type_support.hpp\n'}
[2.707638] (px4_msgs) StdoutLine: {'line': b'-- Up-to-date symlink: /home/carlos/ros2_ws/install/px4_msgs/include/px4_msgs/px4_msgs/msg/detail/dronecan_node_status__builder.hpp\n'}
[2.707722] (px4_msgs) StdoutLine: {'line': b'-- Up-to-date symlink: /home/carlos/ros2_ws/install/px4_msgs/include/px4_msgs/px4_msgs/msg/detail/dronecan_node_status__struct.hpp\n'}
[2.707810] (px4_msgs) StdoutLine: {'line': b'-- Up-to-date symlink: /home/carlos/ros2_ws/install/px4_msgs/include/px4_msgs/px4_msgs/msg/detail/dronecan_node_status__traits.hpp\n'}
[2.707899] (px4_msgs) StdoutLine: {'line': b'-- Up-to-date symlink: /home/carlos/ros2_ws/install/px4_msgs/include/px4_msgs/px4_msgs/msg/detail/dronecan_node_status__type_support.hpp\n'}
[2.707995] (px4_msgs) StdoutLine: {'line': b'-- Up-to-date symlink: /home/carlos/ros2_ws/install/px4_msgs/include/px4_msgs/px4_msgs/msg/detail/ekf2_timestamps__builder.hpp\n'}
[2.708117] (px4_msgs) StdoutLine: {'line': b'-- Up-to-date symlink: /home/carlos/ros2_ws/install/px4_msgs/include/px4_msgs/px4_msgs/msg/detail/ekf2_timestamps__struct.hpp\n'}
[2.708235] (px4_msgs) StdoutLine: {'line': b'-- Up-to-date symlink: /home/carlos/ros2_ws/install/px4_msgs/include/px4_msgs/px4_msgs/msg/detail/ekf2_timestamps__traits.hpp\n'}
[2.708361] (px4_msgs) StdoutLine: {'line': b'-- Up-to-date symlink: /home/carlos/ros2_ws/install/px4_msgs/include/px4_msgs/px4_msgs/msg/detail/ekf2_timestamps__type_support.hpp\n'}
[2.708465] (px4_msgs) StdoutLine: {'line': b'-- Up-to-date symlink: /home/carlos/ros2_ws/install/px4_msgs/include/px4_msgs/px4_msgs/msg/detail/esc_report__builder.hpp\n'}
[2.708590] (px4_msgs) StdoutLine: {'line': b'-- Up-to-date symlink: /home/carlos/ros2_ws/install/px4_msgs/include/px4_msgs/px4_msgs/msg/detail/esc_report__struct.hpp\n'}
[2.708707] (px4_msgs) StdoutLine: {'line': b'-- Up-to-date symlink: /home/carlos/ros2_ws/install/px4_msgs/include/px4_msgs/px4_msgs/msg/detail/esc_report__traits.hpp\n'}
[2.708891] (px4_msgs) StdoutLine: {'line': b'-- Up-to-date symlink: /home/carlos/ros2_ws/install/px4_msgs/include/px4_msgs/px4_msgs/msg/detail/esc_report__type_support.hpp\n'}
[2.709084] (px4_msgs) StdoutLine: {'line': b'-- Up-to-date symlink: /home/carlos/ros2_ws/install/px4_msgs/include/px4_msgs/px4_msgs/msg/detail/esc_status__builder.hpp\n'}
[2.709249] (px4_msgs) StdoutLine: {'line': b'-- Up-to-date symlink: /home/carlos/ros2_ws/install/px4_msgs/include/px4_msgs/px4_msgs/msg/detail/esc_status__struct.hpp\n'}
[2.709434] (px4_msgs) StdoutLine: {'line': b'-- Up-to-date symlink: /home/carlos/ros2_ws/install/px4_msgs/include/px4_msgs/px4_msgs/msg/detail/esc_status__traits.hpp\n'}
[2.709608] (px4_msgs) StdoutLine: {'line': b'-- Up-to-date symlink: /home/carlos/ros2_ws/install/px4_msgs/include/px4_msgs/px4_msgs/msg/detail/esc_status__type_support.hpp\n'}
[2.709797] (px4_msgs) StdoutLine: {'line': b'-- Up-to-date symlink: /home/carlos/ros2_ws/install/px4_msgs/include/px4_msgs/px4_msgs/msg/detail/estimator_aid_source1d__builder.hpp\n'}
[2.709980] (px4_msgs) StdoutLine: {'line': b'-- Up-to-date symlink: /home/carlos/ros2_ws/install/px4_msgs/include/px4_msgs/px4_msgs/msg/detail/estimator_aid_source1d__struct.hpp\n'}
[2.710163] (px4_msgs) StdoutLine: {'line': b'-- Up-to-date symlink: /home/carlos/ros2_ws/install/px4_msgs/include/px4_msgs/px4_msgs/msg/detail/estimator_aid_source1d__traits.hpp\n'}
[2.710314] (px4_msgs) StdoutLine: {'line': b'-- Up-to-date symlink: /home/carlos/ros2_ws/install/px4_msgs/include/px4_msgs/px4_msgs/msg/detail/estimator_aid_source1d__type_support.hpp\n'}
[2.710469] (px4_msgs) StdoutLine: {'line': b'-- Up-to-date symlink: /home/carlos/ros2_ws/install/px4_msgs/include/px4_msgs/px4_msgs/msg/detail/estimator_aid_source2d__builder.hpp\n'}
[2.710656] (px4_msgs) StdoutLine: {'line': b'-- Up-to-date symlink: /home/carlos/ros2_ws/install/px4_msgs/include/px4_msgs/px4_msgs/msg/detail/estimator_aid_source2d__struct.hpp\n'}
[2.710863] (px4_msgs) StdoutLine: {'line': b'-- Up-to-date symlink: /home/carlos/ros2_ws/install/px4_msgs/include/px4_msgs/px4_msgs/msg/detail/estimator_aid_source2d__traits.hpp\n'}
[2.711001] (px4_msgs) StdoutLine: {'line': b'-- Up-to-date symlink: /home/carlos/ros2_ws/install/px4_msgs/include/px4_msgs/px4_msgs/msg/detail/estimator_aid_source2d__type_support.hpp\n'}
[2.711116] (px4_msgs) StdoutLine: {'line': b'-- Up-to-date symlink: /home/carlos/ros2_ws/install/px4_msgs/include/px4_msgs/px4_msgs/msg/detail/estimator_aid_source3d__builder.hpp\n'}
[2.711273] (px4_msgs) StdoutLine: {'line': b'-- Up-to-date symlink: /home/carlos/ros2_ws/install/px4_msgs/include/px4_msgs/px4_msgs/msg/detail/estimator_aid_source3d__struct.hpp\n'}
[2.711422] (px4_msgs) StdoutLine: {'line': b'-- Up-to-date symlink: /home/carlos/ros2_ws/install/px4_msgs/include/px4_msgs/px4_msgs/msg/detail/estimator_aid_source3d__traits.hpp\n'}
[2.711573] (px4_msgs) StdoutLine: {'line': b'-- Up-to-date symlink: /home/carlos/ros2_ws/install/px4_msgs/include/px4_msgs/px4_msgs/msg/detail/estimator_aid_source3d__type_support.hpp\n'}
[2.711716] (px4_msgs) StdoutLine: {'line': b'-- Up-to-date symlink: /home/carlos/ros2_ws/install/px4_msgs/include/px4_msgs/px4_msgs/msg/detail/estimator_bias3d__builder.hpp\n'}
[2.711859] (px4_msgs) StdoutLine: {'line': b'-- Up-to-date symlink: /home/carlos/ros2_ws/install/px4_msgs/include/px4_msgs/px4_msgs/msg/detail/estimator_bias3d__struct.hpp\n'}
[2.711973] (px4_msgs) StdoutLine: {'line': b'-- Up-to-date symlink: /home/carlos/ros2_ws/install/px4_msgs/include/px4_msgs/px4_msgs/msg/detail/estimator_bias3d__traits.hpp\n'}
[2.712089] (px4_msgs) StdoutLine: {'line': b'-- Up-to-date symlink: /home/carlos/ros2_ws/install/px4_msgs/include/px4_msgs/px4_msgs/msg/detail/estimator_bias3d__type_support.hpp\n'}
[2.712215] (px4_msgs) StdoutLine: {'line': b'-- Up-to-date symlink: /home/carlos/ros2_ws/install/px4_msgs/include/px4_msgs/px4_msgs/msg/detail/estimator_bias__builder.hpp\n'}
[2.712340] (px4_msgs) StdoutLine: {'line': b'-- Up-to-date symlink: /home/carlos/ros2_ws/install/px4_msgs/include/px4_msgs/px4_msgs/msg/detail/estimator_bias__struct.hpp\n'}
[2.712465] (px4_msgs) StdoutLine: {'line': b'-- Up-to-date symlink: /home/carlos/ros2_ws/install/px4_msgs/include/px4_msgs/px4_msgs/msg/detail/estimator_bias__traits.hpp\n'}
[2.712604] (px4_msgs) StdoutLine: {'line': b'-- Up-to-date symlink: /home/carlos/ros2_ws/install/px4_msgs/include/px4_msgs/px4_msgs/msg/detail/estimator_bias__type_support.hpp\n'}
[2.712722] (px4_msgs) StdoutLine: {'line': b'-- Up-to-date symlink: /home/carlos/ros2_ws/install/px4_msgs/include/px4_msgs/px4_msgs/msg/detail/estimator_event_flags__builder.hpp\n'}
[2.712857] (px4_msgs) StdoutLine: {'line': b'-- Up-to-date symlink: /home/carlos/ros2_ws/install/px4_msgs/include/px4_msgs/px4_msgs/msg/detail/estimator_event_flags__struct.hpp\n'}
[2.712989] (px4_msgs) StdoutLine: {'line': b'-- Up-to-date symlink: /home/carlos/ros2_ws/install/px4_msgs/include/px4_msgs/px4_msgs/msg/detail/estimator_event_flags__traits.hpp\n'}
[2.713107] (px4_msgs) StdoutLine: {'line': b'-- Up-to-date symlink: /home/carlos/ros2_ws/install/px4_msgs/include/px4_msgs/px4_msgs/msg/detail/estimator_event_flags__type_support.hpp\n'}
[2.713223] (px4_msgs) StdoutLine: {'line': b'-- Up-to-date symlink: /home/carlos/ros2_ws/install/px4_msgs/include/px4_msgs/px4_msgs/msg/detail/estimator_gps_status__builder.hpp\n'}
[2.713339] (px4_msgs) StdoutLine: {'line': b'-- Up-to-date symlink: /home/carlos/ros2_ws/install/px4_msgs/include/px4_msgs/px4_msgs/msg/detail/estimator_gps_status__struct.hpp\n'}
[2.713454] (px4_msgs) StdoutLine: {'line': b'-- Up-to-date symlink: /home/carlos/ros2_ws/install/px4_msgs/include/px4_msgs/px4_msgs/msg/detail/estimator_gps_status__traits.hpp\n'}
[2.713570] (px4_msgs) StdoutLine: {'line': b'-- Up-to-date symlink: /home/carlos/ros2_ws/install/px4_msgs/include/px4_msgs/px4_msgs/msg/detail/estimator_gps_status__type_support.hpp\n'}
[2.713665] (px4_msgs) StdoutLine: {'line': b'-- Up-to-date symlink: /home/carlos/ros2_ws/install/px4_msgs/include/px4_msgs/px4_msgs/msg/detail/estimator_innovations__builder.hpp\n'}
[2.713758] (px4_msgs) StdoutLine: {'line': b'-- Up-to-date symlink: /home/carlos/ros2_ws/install/px4_msgs/include/px4_msgs/px4_msgs/msg/detail/estimator_innovations__struct.hpp\n'}
[2.713869] (px4_msgs) StdoutLine: {'line': b'-- Up-to-date symlink: /home/carlos/ros2_ws/install/px4_msgs/include/px4_msgs/px4_msgs/msg/detail/estimator_innovations__traits.hpp\n'}
[2.713987] (px4_msgs) StdoutLine: {'line': b'-- Up-to-date symlink: /home/carlos/ros2_ws/install/px4_msgs/include/px4_msgs/px4_msgs/msg/detail/estimator_innovations__type_support.hpp\n'}
[2.714092] (px4_msgs) StdoutLine: {'line': b'-- Up-to-date symlink: /home/carlos/ros2_ws/install/px4_msgs/include/px4_msgs/px4_msgs/msg/detail/estimator_selector_status__builder.hpp\n'}
[2.714197] (px4_msgs) StdoutLine: {'line': b'-- Up-to-date symlink: /home/carlos/ros2_ws/install/px4_msgs/include/px4_msgs/px4_msgs/msg/detail/estimator_selector_status__struct.hpp\n'}
[2.714301] (px4_msgs) StdoutLine: {'line': b'-- Up-to-date symlink: /home/carlos/ros2_ws/install/px4_msgs/include/px4_msgs/px4_msgs/msg/detail/estimator_selector_status__traits.hpp\n'}
[2.714408] (px4_msgs) StdoutLine: {'line': b'-- Up-to-date symlink: /home/carlos/ros2_ws/install/px4_msgs/include/px4_msgs/px4_msgs/msg/detail/estimator_selector_status__type_support.hpp\n'}
[2.714513] (px4_msgs) StdoutLine: {'line': b'-- Up-to-date symlink: /home/carlos/ros2_ws/install/px4_msgs/include/px4_msgs/px4_msgs/msg/detail/estimator_sensor_bias__builder.hpp\n'}
[2.714619] (px4_msgs) StdoutLine: {'line': b'-- Up-to-date symlink: /home/carlos/ros2_ws/install/px4_msgs/include/px4_msgs/px4_msgs/msg/detail/estimator_sensor_bias__struct.hpp\n'}
[2.714723] (px4_msgs) StdoutLine: {'line': b'-- Up-to-date symlink: /home/carlos/ros2_ws/install/px4_msgs/include/px4_msgs/px4_msgs/msg/detail/estimator_sensor_bias__traits.hpp\n'}
[2.714886] (px4_msgs) StdoutLine: {'line': b'-- Up-to-date symlink: /home/carlos/ros2_ws/install/px4_msgs/include/px4_msgs/px4_msgs/msg/detail/estimator_sensor_bias__type_support.hpp\n'}
[2.715171] (px4_msgs) StdoutLine: {'line': b'-- Up-to-date symlink: /home/carlos/ros2_ws/install/px4_msgs/include/px4_msgs/px4_msgs/msg/detail/estimator_states__builder.hpp\n'}
[2.715404] (px4_msgs) StdoutLine: {'line': b'-- Up-to-date symlink: /home/carlos/ros2_ws/install/px4_msgs/include/px4_msgs/px4_msgs/msg/detail/estimator_states__struct.hpp\n'}
[2.715615] (px4_msgs) StdoutLine: {'line': b'-- Up-to-date symlink: /home/carlos/ros2_ws/install/px4_msgs/include/px4_msgs/px4_msgs/msg/detail/estimator_states__traits.hpp\n'}
[2.715808] (px4_msgs) StdoutLine: {'line': b'-- Up-to-date symlink: /home/carlos/ros2_ws/install/px4_msgs/include/px4_msgs/px4_msgs/msg/detail/estimator_states__type_support.hpp\n'}
[2.715957] (px4_msgs) StdoutLine: {'line': b'-- Up-to-date symlink: /home/carlos/ros2_ws/install/px4_msgs/include/px4_msgs/px4_msgs/msg/detail/estimator_status__builder.hpp\n'}
[2.716012] (px4_msgs) StdoutLine: {'line': b'-- Up-to-date symlink: /home/carlos/ros2_ws/install/px4_msgs/include/px4_msgs/px4_msgs/msg/detail/estimator_status__struct.hpp\n'}
[2.716067] (px4_msgs) StdoutLine: {'line': b'-- Up-to-date symlink: /home/carlos/ros2_ws/install/px4_msgs/include/px4_msgs/px4_msgs/msg/detail/estimator_status__traits.hpp\n'}
[2.716122] (px4_msgs) StdoutLine: {'line': b'-- Up-to-date symlink: /home/carlos/ros2_ws/install/px4_msgs/include/px4_msgs/px4_msgs/msg/detail/estimator_status__type_support.hpp\n'}
[2.716187] (px4_msgs) StdoutLine: {'line': b'-- Up-to-date symlink: /home/carlos/ros2_ws/install/px4_msgs/include/px4_msgs/px4_msgs/msg/detail/estimator_status_flags__builder.hpp\n'}
[2.716242] (px4_msgs) StdoutLine: {'line': b'-- Up-to-date symlink: /home/carlos/ros2_ws/install/px4_msgs/include/px4_msgs/px4_msgs/msg/detail/estimator_status_flags__struct.hpp\n'}
[2.716323] (px4_msgs) StdoutLine: {'line': b'-- Up-to-date symlink: /home/carlos/ros2_ws/install/px4_msgs/include/px4_msgs/px4_msgs/msg/detail/estimator_status_flags__traits.hpp\n'}
[2.716412] (px4_msgs) StdoutLine: {'line': b'-- Up-to-date symlink: /home/carlos/ros2_ws/install/px4_msgs/include/px4_msgs/px4_msgs/msg/detail/estimator_status_flags__type_support.hpp\n'}
[2.716487] (px4_msgs) StdoutLine: {'line': b'-- Up-to-date symlink: /home/carlos/ros2_ws/install/px4_msgs/include/px4_msgs/px4_msgs/msg/detail/event__builder.hpp\n'}
[2.716542] (px4_msgs) StdoutLine: {'line': b'-- Up-to-date symlink: /home/carlos/ros2_ws/install/px4_msgs/include/px4_msgs/px4_msgs/msg/detail/event__struct.hpp\n'}
[2.716596] (px4_msgs) StdoutLine: {'line': b'-- Up-to-date symlink: /home/carlos/ros2_ws/install/px4_msgs/include/px4_msgs/px4_msgs/msg/detail/event__traits.hpp\n'}
[2.716658] (px4_msgs) StdoutLine: {'line': b'-- Up-to-date symlink: /home/carlos/ros2_ws/install/px4_msgs/include/px4_msgs/px4_msgs/msg/detail/event__type_support.hpp\n'}
[2.716731] (px4_msgs) StdoutLine: {'line': b'-- Up-to-date symlink: /home/carlos/ros2_ws/install/px4_msgs/include/px4_msgs/px4_msgs/msg/detail/failsafe_flags__builder.hpp\n'}
[2.716820] (px4_msgs) StdoutLine: {'line': b'-- Up-to-date symlink: /home/carlos/ros2_ws/install/px4_msgs/include/px4_msgs/px4_msgs/msg/detail/failsafe_flags__struct.hpp\n'}
[2.716895] (px4_msgs) StdoutLine: {'line': b'-- Up-to-date symlink: /home/carlos/ros2_ws/install/px4_msgs/include/px4_msgs/px4_msgs/msg/detail/failsafe_flags__traits.hpp\n'}
[2.716983] (px4_msgs) StdoutLine: {'line': b'-- Up-to-date symlink: /home/carlos/ros2_ws/install/px4_msgs/include/px4_msgs/px4_msgs/msg/detail/failsafe_flags__type_support.hpp\n'}
[2.717087] (px4_msgs) StdoutLine: {'line': b'-- Up-to-date symlink: /home/carlos/ros2_ws/install/px4_msgs/include/px4_msgs/px4_msgs/msg/detail/failure_detector_status__builder.hpp\n'}
[2.717195] (px4_msgs) StdoutLine: {'line': b'-- Up-to-date symlink: /home/carlos/ros2_ws/install/px4_msgs/include/px4_msgs/px4_msgs/msg/detail/failure_detector_status__struct.hpp\n'}
[2.717341] (px4_msgs) StdoutLine: {'line': b'-- Up-to-date symlink: /home/carlos/ros2_ws/install/px4_msgs/include/px4_msgs/px4_msgs/msg/detail/failure_detector_status__traits.hpp\n'}
[2.717450] (px4_msgs) StdoutLine: {'line': b'-- Up-to-date symlink: /home/carlos/ros2_ws/install/px4_msgs/include/px4_msgs/px4_msgs/msg/detail/failure_detector_status__type_support.hpp\n'}
[2.717558] (px4_msgs) StdoutLine: {'line': b'-- Up-to-date symlink: /home/carlos/ros2_ws/install/px4_msgs/include/px4_msgs/px4_msgs/msg/detail/figure_eight_status__builder.hpp\n'}
[2.717640] (px4_msgs) StdoutLine: {'line': b'-- Up-to-date symlink: /home/carlos/ros2_ws/install/px4_msgs/include/px4_msgs/px4_msgs/msg/detail/figure_eight_status__struct.hpp\n'}
[2.717745] (px4_msgs) StdoutLine: {'line': b'-- Up-to-date symlink: /home/carlos/ros2_ws/install/px4_msgs/include/px4_msgs/px4_msgs/msg/detail/figure_eight_status__traits.hpp\n'}
[2.717868] (px4_msgs) StdoutLine: {'line': b'-- Up-to-date symlink: /home/carlos/ros2_ws/install/px4_msgs/include/px4_msgs/px4_msgs/msg/detail/figure_eight_status__type_support.hpp\n'}
[2.717975] (px4_msgs) StdoutLine: {'line': b'-- Up-to-date symlink: /home/carlos/ros2_ws/install/px4_msgs/include/px4_msgs/px4_msgs/msg/detail/fixed_wing_lateral_guidance_status__builder.hpp\n'}
[2.718086] (px4_msgs) StdoutLine: {'line': b'-- Up-to-date symlink: /home/carlos/ros2_ws/install/px4_msgs/include/px4_msgs/px4_msgs/msg/detail/fixed_wing_lateral_guidance_status__struct.hpp\n'}
[2.718196] (px4_msgs) StdoutLine: {'line': b'-- Up-to-date symlink: /home/carlos/ros2_ws/install/px4_msgs/include/px4_msgs/px4_msgs/msg/detail/fixed_wing_lateral_guidance_status__traits.hpp\n'}
[2.718307] (px4_msgs) StdoutLine: {'line': b'-- Up-to-date symlink: /home/carlos/ros2_ws/install/px4_msgs/include/px4_msgs/px4_msgs/msg/detail/fixed_wing_lateral_guidance_status__type_support.hpp\n'}
[2.718415] (px4_msgs) StdoutLine: {'line': b'-- Up-to-date symlink: /home/carlos/ros2_ws/install/px4_msgs/include/px4_msgs/px4_msgs/msg/detail/fixed_wing_lateral_setpoint__builder.hpp\n'}
[2.718521] (px4_msgs) StdoutLine: {'line': b'-- Up-to-date symlink: /home/carlos/ros2_ws/install/px4_msgs/include/px4_msgs/px4_msgs/msg/detail/fixed_wing_lateral_setpoint__struct.hpp\n'}
[2.718627] (px4_msgs) StdoutLine: {'line': b'-- Up-to-date symlink: /home/carlos/ros2_ws/install/px4_msgs/include/px4_msgs/px4_msgs/msg/detail/fixed_wing_lateral_setpoint__traits.hpp\n'}
[2.718734] (px4_msgs) StdoutLine: {'line': b'-- Up-to-date symlink: /home/carlos/ros2_ws/install/px4_msgs/include/px4_msgs/px4_msgs/msg/detail/fixed_wing_lateral_setpoint__type_support.hpp\n'}
[2.718852] (px4_msgs) StdoutLine: {'line': b'-- Up-to-date symlink: /home/carlos/ros2_ws/install/px4_msgs/include/px4_msgs/px4_msgs/msg/detail/fixed_wing_lateral_status__builder.hpp\n'}
[2.718962] (px4_msgs) StdoutLine: {'line': b'-- Up-to-date symlink: /home/carlos/ros2_ws/install/px4_msgs/include/px4_msgs/px4_msgs/msg/detail/fixed_wing_lateral_status__struct.hpp\n'}
[2.719067] (px4_msgs) StdoutLine: {'line': b'-- Up-to-date symlink: /home/carlos/ros2_ws/install/px4_msgs/include/px4_msgs/px4_msgs/msg/detail/fixed_wing_lateral_status__traits.hpp\n'}
[2.719173] (px4_msgs) StdoutLine: {'line': b'-- Up-to-date symlink: /home/carlos/ros2_ws/install/px4_msgs/include/px4_msgs/px4_msgs/msg/detail/fixed_wing_lateral_status__type_support.hpp\n'}
[2.719279] (px4_msgs) StdoutLine: {'line': b'-- Up-to-date symlink: /home/carlos/ros2_ws/install/px4_msgs/include/px4_msgs/px4_msgs/msg/detail/fixed_wing_longitudinal_setpoint__builder.hpp\n'}
[2.719384] (px4_msgs) StdoutLine: {'line': b'-- Up-to-date symlink: /home/carlos/ros2_ws/install/px4_msgs/include/px4_msgs/px4_msgs/msg/detail/fixed_wing_longitudinal_setpoint__struct.hpp\n'}
[2.719490] (px4_msgs) StdoutLine: {'line': b'-- Up-to-date symlink: /home/carlos/ros2_ws/install/px4_msgs/include/px4_msgs/px4_msgs/msg/detail/fixed_wing_longitudinal_setpoint__traits.hpp\n'}
[2.719603] (px4_msgs) StdoutLine: {'line': b'-- Up-to-date symlink: /home/carlos/ros2_ws/install/px4_msgs/include/px4_msgs/px4_msgs/msg/detail/fixed_wing_longitudinal_setpoint__type_support.hpp\n'}
[2.719706] (px4_msgs) StdoutLine: {'line': b'-- Up-to-date symlink: /home/carlos/ros2_ws/install/px4_msgs/include/px4_msgs/px4_msgs/msg/detail/fixed_wing_runway_control__builder.hpp\n'}
[2.719829] (px4_msgs) StdoutLine: {'line': b'-- Up-to-date symlink: /home/carlos/ros2_ws/install/px4_msgs/include/px4_msgs/px4_msgs/msg/detail/fixed_wing_runway_control__struct.hpp\n'}
[2.719931] (px4_msgs) StdoutLine: {'line': b'-- Up-to-date symlink: /home/carlos/ros2_ws/install/px4_msgs/include/px4_msgs/px4_msgs/msg/detail/fixed_wing_runway_control__traits.hpp\n'}
[2.720035] (px4_msgs) StdoutLine: {'line': b'-- Up-to-date symlink: /home/carlos/ros2_ws/install/px4_msgs/include/px4_msgs/px4_msgs/msg/detail/fixed_wing_runway_control__type_support.hpp\n'}
[2.720138] (px4_msgs) StdoutLine: {'line': b'-- Up-to-date symlink: /home/carlos/ros2_ws/install/px4_msgs/include/px4_msgs/px4_msgs/msg/detail/flight_phase_estimation__builder.hpp\n'}
[2.720241] (px4_msgs) StdoutLine: {'line': b'-- Up-to-date symlink: /home/carlos/ros2_ws/install/px4_msgs/include/px4_msgs/px4_msgs/msg/detail/flight_phase_estimation__struct.hpp\n'}
[2.720344] (px4_msgs) StdoutLine: {'line': b'-- Up-to-date symlink: /home/carlos/ros2_ws/install/px4_msgs/include/px4_msgs/px4_msgs/msg/detail/flight_phase_estimation__traits.hpp\n'}
[2.720447] (px4_msgs) StdoutLine: {'line': b'-- Up-to-date symlink: /home/carlos/ros2_ws/install/px4_msgs/include/px4_msgs/px4_msgs/msg/detail/flight_phase_estimation__type_support.hpp\n'}
[2.720551] (px4_msgs) StdoutLine: {'line': b'-- Up-to-date symlink: /home/carlos/ros2_ws/install/px4_msgs/include/px4_msgs/px4_msgs/msg/detail/follow_target__builder.hpp\n'}
[2.720655] (px4_msgs) StdoutLine: {'line': b'-- Up-to-date symlink: /home/carlos/ros2_ws/install/px4_msgs/include/px4_msgs/px4_msgs/msg/detail/follow_target__struct.hpp\n'}
[2.720767] (px4_msgs) StdoutLine: {'line': b'-- Up-to-date symlink: /home/carlos/ros2_ws/install/px4_msgs/include/px4_msgs/px4_msgs/msg/detail/follow_target__traits.hpp\n'}
[2.720872] (px4_msgs) StdoutLine: {'line': b'-- Up-to-date symlink: /home/carlos/ros2_ws/install/px4_msgs/include/px4_msgs/px4_msgs/msg/detail/follow_target__type_support.hpp\n'}
[2.720974] (px4_msgs) StdoutLine: {'line': b'-- Up-to-date symlink: /home/carlos/ros2_ws/install/px4_msgs/include/px4_msgs/px4_msgs/msg/detail/follow_target_estimator__builder.hpp\n'}
[2.721075] (px4_msgs) StdoutLine: {'line': b'-- Up-to-date symlink: /home/carlos/ros2_ws/install/px4_msgs/include/px4_msgs/px4_msgs/msg/detail/follow_target_estimator__struct.hpp\n'}
[2.721177] (px4_msgs) StdoutLine: {'line': b'-- Up-to-date symlink: /home/carlos/ros2_ws/install/px4_msgs/include/px4_msgs/px4_msgs/msg/detail/follow_target_estimator__traits.hpp\n'}
[2.721279] (px4_msgs) StdoutLine: {'line': b'-- Up-to-date symlink: /home/carlos/ros2_ws/install/px4_msgs/include/px4_msgs/px4_msgs/msg/detail/follow_target_estimator__type_support.hpp\n'}
[2.721381] (px4_msgs) StdoutLine: {'line': b'-- Up-to-date symlink: /home/carlos/ros2_ws/install/px4_msgs/include/px4_msgs/px4_msgs/msg/detail/follow_target_status__builder.hpp\n'}
[2.721482] (px4_msgs) StdoutLine: {'line': b'-- Up-to-date symlink: /home/carlos/ros2_ws/install/px4_msgs/include/px4_msgs/px4_msgs/msg/detail/follow_target_status__struct.hpp\n'}
[2.721583] (px4_msgs) StdoutLine: {'line': b'-- Up-to-date symlink: /home/carlos/ros2_ws/install/px4_msgs/include/px4_msgs/px4_msgs/msg/detail/follow_target_status__traits.hpp\n'}
[2.721685] (px4_msgs) StdoutLine: {'line': b'-- Up-to-date symlink: /home/carlos/ros2_ws/install/px4_msgs/include/px4_msgs/px4_msgs/msg/detail/follow_target_status__type_support.hpp\n'}
[2.721792] (px4_msgs) StdoutLine: {'line': b'-- Up-to-date symlink: /home/carlos/ros2_ws/install/px4_msgs/include/px4_msgs/px4_msgs/msg/detail/fuel_tank_status__builder.hpp\n'}
[2.721901] (px4_msgs) StdoutLine: {'line': b'-- Up-to-date symlink: /home/carlos/ros2_ws/install/px4_msgs/include/px4_msgs/px4_msgs/msg/detail/fuel_tank_status__struct.hpp\n'}
[2.722008] (px4_msgs) StdoutLine: {'line': b'-- Up-to-date symlink: /home/carlos/ros2_ws/install/px4_msgs/include/px4_msgs/px4_msgs/msg/detail/fuel_tank_status__traits.hpp\n'}
[2.722110] (px4_msgs) StdoutLine: {'line': b'-- Up-to-date symlink: /home/carlos/ros2_ws/install/px4_msgs/include/px4_msgs/px4_msgs/msg/detail/fuel_tank_status__type_support.hpp\n'}
[2.722212] (px4_msgs) StdoutLine: {'line': b'-- Up-to-date symlink: /home/carlos/ros2_ws/install/px4_msgs/include/px4_msgs/px4_msgs/msg/detail/generator_status__builder.hpp\n'}
[2.722315] (px4_msgs) StdoutLine: {'line': b'-- Up-to-date symlink: /home/carlos/ros2_ws/install/px4_msgs/include/px4_msgs/px4_msgs/msg/detail/generator_status__struct.hpp\n'}
[2.722418] (px4_msgs) StdoutLine: {'line': b'-- Up-to-date symlink: /home/carlos/ros2_ws/install/px4_msgs/include/px4_msgs/px4_msgs/msg/detail/generator_status__traits.hpp\n'}
[2.722520] (px4_msgs) StdoutLine: {'line': b'-- Up-to-date symlink: /home/carlos/ros2_ws/install/px4_msgs/include/px4_msgs/px4_msgs/msg/detail/generator_status__type_support.hpp\n'}
[2.722623] (px4_msgs) StdoutLine: {'line': b'-- Up-to-date symlink: /home/carlos/ros2_ws/install/px4_msgs/include/px4_msgs/px4_msgs/msg/detail/geofence_result__builder.hpp\n'}
[2.722725] (px4_msgs) StdoutLine: {'line': b'-- Up-to-date symlink: /home/carlos/ros2_ws/install/px4_msgs/include/px4_msgs/px4_msgs/msg/detail/geofence_result__struct.hpp\n'}
[2.722845] (px4_msgs) StdoutLine: {'line': b'-- Up-to-date symlink: /home/carlos/ros2_ws/install/px4_msgs/include/px4_msgs/px4_msgs/msg/detail/geofence_result__traits.hpp\n'}
[2.722948] (px4_msgs) StdoutLine: {'line': b'-- Up-to-date symlink: /home/carlos/ros2_ws/install/px4_msgs/include/px4_msgs/px4_msgs/msg/detail/geofence_result__type_support.hpp\n'}
[2.723050] (px4_msgs) StdoutLine: {'line': b'-- Up-to-date symlink: /home/carlos/ros2_ws/install/px4_msgs/include/px4_msgs/px4_msgs/msg/detail/geofence_status__builder.hpp\n'}
[2.723149] (px4_msgs) StdoutLine: {'line': b'-- Up-to-date symlink: /home/carlos/ros2_ws/install/px4_msgs/include/px4_msgs/px4_msgs/msg/detail/geofence_status__struct.hpp\n'}
[2.723254] (px4_msgs) StdoutLine: {'line': b'-- Up-to-date symlink: /home/carlos/ros2_ws/install/px4_msgs/include/px4_msgs/px4_msgs/msg/detail/geofence_status__traits.hpp\n'}
[2.723360] (px4_msgs) StdoutLine: {'line': b'-- Up-to-date symlink: /home/carlos/ros2_ws/install/px4_msgs/include/px4_msgs/px4_msgs/msg/detail/geofence_status__type_support.hpp\n'}
[2.723465] (px4_msgs) StdoutLine: {'line': b'-- Up-to-date symlink: /home/carlos/ros2_ws/install/px4_msgs/include/px4_msgs/px4_msgs/msg/detail/gimbal_controls__builder.hpp\n'}
[2.723580] (px4_msgs) StdoutLine: {'line': b'-- Up-to-date symlink: /home/carlos/ros2_ws/install/px4_msgs/include/px4_msgs/px4_msgs/msg/detail/gimbal_controls__struct.hpp\n'}
[2.723714] (px4_msgs) StdoutLine: {'line': b'-- Up-to-date symlink: /home/carlos/ros2_ws/install/px4_msgs/include/px4_msgs/px4_msgs/msg/detail/gimbal_controls__traits.hpp\n'}
[2.723834] (px4_msgs) StdoutLine: {'line': b'-- Up-to-date symlink: /home/carlos/ros2_ws/install/px4_msgs/include/px4_msgs/px4_msgs/msg/detail/gimbal_controls__type_support.hpp\n'}
[2.723946] (px4_msgs) StdoutLine: {'line': b'-- Up-to-date symlink: /home/carlos/ros2_ws/install/px4_msgs/include/px4_msgs/px4_msgs/msg/detail/gimbal_device_attitude_status__builder.hpp\n'}
[2.724054] (px4_msgs) StdoutLine: {'line': b'-- Up-to-date symlink: /home/carlos/ros2_ws/install/px4_msgs/include/px4_msgs/px4_msgs/msg/detail/gimbal_device_attitude_status__struct.hpp\n'}
[2.724162] (px4_msgs) StdoutLine: {'line': b'-- Up-to-date symlink: /home/carlos/ros2_ws/install/px4_msgs/include/px4_msgs/px4_msgs/msg/detail/gimbal_device_attitude_status__traits.hpp\n'}
[2.724272] (px4_msgs) StdoutLine: {'line': b'-- Up-to-date symlink: /home/carlos/ros2_ws/install/px4_msgs/include/px4_msgs/px4_msgs/msg/detail/gimbal_device_attitude_status__type_support.hpp\n'}
[2.724383] (px4_msgs) StdoutLine: {'line': b'-- Up-to-date symlink: /home/carlos/ros2_ws/install/px4_msgs/include/px4_msgs/px4_msgs/msg/detail/gimbal_device_information__builder.hpp\n'}
[2.724498] (px4_msgs) StdoutLine: {'line': b'-- Up-to-date symlink: /home/carlos/ros2_ws/install/px4_msgs/include/px4_msgs/px4_msgs/msg/detail/gimbal_device_information__struct.hpp\n'}
[2.724613] (px4_msgs) StdoutLine: {'line': b'-- Up-to-date symlink: /home/carlos/ros2_ws/install/px4_msgs/include/px4_msgs/px4_msgs/msg/detail/gimbal_device_information__traits.hpp\n'}
[2.724728] (px4_msgs) StdoutLine: {'line': b'-- Up-to-date symlink: /home/carlos/ros2_ws/install/px4_msgs/include/px4_msgs/px4_msgs/msg/detail/gimbal_device_information__type_support.hpp\n'}
[2.724862] (px4_msgs) StdoutLine: {'line': b'-- Up-to-date symlink: /home/carlos/ros2_ws/install/px4_msgs/include/px4_msgs/px4_msgs/msg/detail/gimbal_device_set_attitude__builder.hpp\n'}
[2.724991] (px4_msgs) StdoutLine: {'line': b'-- Up-to-date symlink: /home/carlos/ros2_ws/install/px4_msgs/include/px4_msgs/px4_msgs/msg/detail/gimbal_device_set_attitude__struct.hpp\n'}
[2.725107] (px4_msgs) StdoutLine: {'line': b'-- Up-to-date symlink: /home/carlos/ros2_ws/install/px4_msgs/include/px4_msgs/px4_msgs/msg/detail/gimbal_device_set_attitude__traits.hpp\n'}
[2.725230] (px4_msgs) StdoutLine: {'line': b'-- Up-to-date symlink: /home/carlos/ros2_ws/install/px4_msgs/include/px4_msgs/px4_msgs/msg/detail/gimbal_device_set_attitude__type_support.hpp\n'}
[2.725345] (px4_msgs) StdoutLine: {'line': b'-- Up-to-date symlink: /home/carlos/ros2_ws/install/px4_msgs/include/px4_msgs/px4_msgs/msg/detail/gimbal_manager_information__builder.hpp\n'}
[2.725460] (px4_msgs) StdoutLine: {'line': b'-- Up-to-date symlink: /home/carlos/ros2_ws/install/px4_msgs/include/px4_msgs/px4_msgs/msg/detail/gimbal_manager_information__struct.hpp\n'}
[2.725544] (px4_msgs) StdoutLine: {'line': b'-- Up-to-date symlink: /home/carlos/ros2_ws/install/px4_msgs/include/px4_msgs/px4_msgs/msg/detail/gimbal_manager_information__traits.hpp\n'}
[2.725649] (px4_msgs) StdoutLine: {'line': b'-- Up-to-date symlink: /home/carlos/ros2_ws/install/px4_msgs/include/px4_msgs/px4_msgs/msg/detail/gimbal_manager_information__type_support.hpp\n'}
[2.725758] (px4_msgs) StdoutLine: {'line': b'-- Up-to-date symlink: /home/carlos/ros2_ws/install/px4_msgs/include/px4_msgs/px4_msgs/msg/detail/gimbal_manager_set_attitude__builder.hpp\n'}
[2.725869] (px4_msgs) StdoutLine: {'line': b'-- Up-to-date symlink: /home/carlos/ros2_ws/install/px4_msgs/include/px4_msgs/px4_msgs/msg/detail/gimbal_manager_set_attitude__struct.hpp\n'}
[2.725973] (px4_msgs) StdoutLine: {'line': b'-- Up-to-date symlink: /home/carlos/ros2_ws/install/px4_msgs/include/px4_msgs/px4_msgs/msg/detail/gimbal_manager_set_attitude__traits.hpp\n'}
[2.726078] (px4_msgs) StdoutLine: {'line': b'-- Up-to-date symlink: /home/carlos/ros2_ws/install/px4_msgs/include/px4_msgs/px4_msgs/msg/detail/gimbal_manager_set_attitude__type_support.hpp\n'}
[2.726182] (px4_msgs) StdoutLine: {'line': b'-- Up-to-date symlink: /home/carlos/ros2_ws/install/px4_msgs/include/px4_msgs/px4_msgs/msg/detail/gimbal_manager_set_manual_control__builder.hpp\n'}
[2.726287] (px4_msgs) StdoutLine: {'line': b'-- Up-to-date symlink: /home/carlos/ros2_ws/install/px4_msgs/include/px4_msgs/px4_msgs/msg/detail/gimbal_manager_set_manual_control__struct.hpp\n'}
[2.726391] (px4_msgs) StdoutLine: {'line': b'-- Up-to-date symlink: /home/carlos/ros2_ws/install/px4_msgs/include/px4_msgs/px4_msgs/msg/detail/gimbal_manager_set_manual_control__traits.hpp\n'}
[2.726496] (px4_msgs) StdoutLine: {'line': b'-- Up-to-date symlink: /home/carlos/ros2_ws/install/px4_msgs/include/px4_msgs/px4_msgs/msg/detail/gimbal_manager_set_manual_control__type_support.hpp\n'}
[2.726600] (px4_msgs) StdoutLine: {'line': b'-- Up-to-date symlink: /home/carlos/ros2_ws/install/px4_msgs/include/px4_msgs/px4_msgs/msg/detail/gimbal_manager_status__builder.hpp\n'}
[2.726706] (px4_msgs) StdoutLine: {'line': b'-- Up-to-date symlink: /home/carlos/ros2_ws/install/px4_msgs/include/px4_msgs/px4_msgs/msg/detail/gimbal_manager_status__struct.hpp\n'}
[2.726814] (px4_msgs) StdoutLine: {'line': b'-- Up-to-date symlink: /home/carlos/ros2_ws/install/px4_msgs/include/px4_msgs/px4_msgs/msg/detail/gimbal_manager_status__traits.hpp\n'}
[2.726926] (px4_msgs) StdoutLine: {'line': b'-- Up-to-date symlink: /home/carlos/ros2_ws/install/px4_msgs/include/px4_msgs/px4_msgs/msg/detail/gimbal_manager_status__type_support.hpp\n'}
[2.727030] (px4_msgs) StdoutLine: {'line': b'-- Up-to-date symlink: /home/carlos/ros2_ws/install/px4_msgs/include/px4_msgs/px4_msgs/msg/detail/goto_setpoint__builder.hpp\n'}
[2.727133] (px4_msgs) StdoutLine: {'line': b'-- Up-to-date symlink: /home/carlos/ros2_ws/install/px4_msgs/include/px4_msgs/px4_msgs/msg/detail/goto_setpoint__struct.hpp\n'}
[2.727235] (px4_msgs) StdoutLine: {'line': b'-- Up-to-date symlink: /home/carlos/ros2_ws/install/px4_msgs/include/px4_msgs/px4_msgs/msg/detail/goto_setpoint__traits.hpp\n'}
[2.727338] (px4_msgs) StdoutLine: {'line': b'-- Up-to-date symlink: /home/carlos/ros2_ws/install/px4_msgs/include/px4_msgs/px4_msgs/msg/detail/goto_setpoint__type_support.hpp\n'}
[2.727441] (px4_msgs) StdoutLine: {'line': b'-- Up-to-date symlink: /home/carlos/ros2_ws/install/px4_msgs/include/px4_msgs/px4_msgs/msg/detail/gpio_config__builder.hpp\n'}
[2.727543] (px4_msgs) StdoutLine: {'line': b'-- Up-to-date symlink: /home/carlos/ros2_ws/install/px4_msgs/include/px4_msgs/px4_msgs/msg/detail/gpio_config__struct.hpp\n'}
[2.727645] (px4_msgs) StdoutLine: {'line': b'-- Up-to-date symlink: /home/carlos/ros2_ws/install/px4_msgs/include/px4_msgs/px4_msgs/msg/detail/gpio_config__traits.hpp\n'}
[2.727754] (px4_msgs) StdoutLine: {'line': b'-- Up-to-date symlink: /home/carlos/ros2_ws/install/px4_msgs/include/px4_msgs/px4_msgs/msg/detail/gpio_config__type_support.hpp\n'}
[2.727864] (px4_msgs) StdoutLine: {'line': b'-- Up-to-date symlink: /home/carlos/ros2_ws/install/px4_msgs/include/px4_msgs/px4_msgs/msg/detail/gpio_in__builder.hpp\n'}
[2.727971] (px4_msgs) StdoutLine: {'line': b'-- Up-to-date symlink: /home/carlos/ros2_ws/install/px4_msgs/include/px4_msgs/px4_msgs/msg/detail/gpio_in__struct.hpp\n'}
[2.728072] (px4_msgs) StdoutLine: {'line': b'-- Up-to-date symlink: /home/carlos/ros2_ws/install/px4_msgs/include/px4_msgs/px4_msgs/msg/detail/gpio_in__traits.hpp\n'}
[2.728173] (px4_msgs) StdoutLine: {'line': b'-- Up-to-date symlink: /home/carlos/ros2_ws/install/px4_msgs/include/px4_msgs/px4_msgs/msg/detail/gpio_in__type_support.hpp\n'}
[2.728274] (px4_msgs) StdoutLine: {'line': b'-- Up-to-date symlink: /home/carlos/ros2_ws/install/px4_msgs/include/px4_msgs/px4_msgs/msg/detail/gpio_out__builder.hpp\n'}
[2.728375] (px4_msgs) StdoutLine: {'line': b'-- Up-to-date symlink: /home/carlos/ros2_ws/install/px4_msgs/include/px4_msgs/px4_msgs/msg/detail/gpio_out__struct.hpp\n'}
[2.728476] (px4_msgs) StdoutLine: {'line': b'-- Up-to-date symlink: /home/carlos/ros2_ws/install/px4_msgs/include/px4_msgs/px4_msgs/msg/detail/gpio_out__traits.hpp\n'}
[2.728578] (px4_msgs) StdoutLine: {'line': b'-- Up-to-date symlink: /home/carlos/ros2_ws/install/px4_msgs/include/px4_msgs/px4_msgs/msg/detail/gpio_out__type_support.hpp\n'}
[2.728677] (px4_msgs) StdoutLine: {'line': b'-- Up-to-date symlink: /home/carlos/ros2_ws/install/px4_msgs/include/px4_msgs/px4_msgs/msg/detail/gpio_request__builder.hpp\n'}
[2.728787] (px4_msgs) StdoutLine: {'line': b'-- Up-to-date symlink: /home/carlos/ros2_ws/install/px4_msgs/include/px4_msgs/px4_msgs/msg/detail/gpio_request__struct.hpp\n'}
[2.728906] (px4_msgs) StdoutLine: {'line': b'-- Up-to-date symlink: /home/carlos/ros2_ws/install/px4_msgs/include/px4_msgs/px4_msgs/msg/detail/gpio_request__traits.hpp\n'}
[2.729009] (px4_msgs) StdoutLine: {'line': b'-- Up-to-date symlink: /home/carlos/ros2_ws/install/px4_msgs/include/px4_msgs/px4_msgs/msg/detail/gpio_request__type_support.hpp\n'}
[2.729110] (px4_msgs) StdoutLine: {'line': b'-- Up-to-date symlink: /home/carlos/ros2_ws/install/px4_msgs/include/px4_msgs/px4_msgs/msg/detail/gps_dump__builder.hpp\n'}
[2.729207] (px4_msgs) StdoutLine: {'line': b'-- Up-to-date symlink: /home/carlos/ros2_ws/install/px4_msgs/include/px4_msgs/px4_msgs/msg/detail/gps_dump__struct.hpp\n'}
[2.729309] (px4_msgs) StdoutLine: {'line': b'-- Up-to-date symlink: /home/carlos/ros2_ws/install/px4_msgs/include/px4_msgs/px4_msgs/msg/detail/gps_dump__traits.hpp\n'}
[2.729413] (px4_msgs) StdoutLine: {'line': b'-- Up-to-date symlink: /home/carlos/ros2_ws/install/px4_msgs/include/px4_msgs/px4_msgs/msg/detail/gps_dump__type_support.hpp\n'}
[2.729515] (px4_msgs) StdoutLine: {'line': b'-- Up-to-date symlink: /home/carlos/ros2_ws/install/px4_msgs/include/px4_msgs/px4_msgs/msg/detail/gps_inject_data__builder.hpp\n'}
[2.729617] (px4_msgs) StdoutLine: {'line': b'-- Up-to-date symlink: /home/carlos/ros2_ws/install/px4_msgs/include/px4_msgs/px4_msgs/msg/detail/gps_inject_data__struct.hpp\n'}
[2.729720] (px4_msgs) StdoutLine: {'line': b'-- Up-to-date symlink: /home/carlos/ros2_ws/install/px4_msgs/include/px4_msgs/px4_msgs/msg/detail/gps_inject_data__traits.hpp\n'}
[2.729897] (px4_msgs) StdoutLine: {'line': b'-- Up-to-date symlink: /home/carlos/ros2_ws/install/px4_msgs/include/px4_msgs/px4_msgs/msg/detail/gps_inject_data__type_support.hpp\n'}
[2.730016] (px4_msgs) StdoutLine: {'line': b'-- Up-to-date symlink: /home/carlos/ros2_ws/install/px4_msgs/include/px4_msgs/px4_msgs/msg/detail/gripper__builder.hpp\n'}
[2.730122] (px4_msgs) StdoutLine: {'line': b'-- Up-to-date symlink: /home/carlos/ros2_ws/install/px4_msgs/include/px4_msgs/px4_msgs/msg/detail/gripper__struct.hpp\n'}
[2.730221] (px4_msgs) StdoutLine: {'line': b'-- Up-to-date symlink: /home/carlos/ros2_ws/install/px4_msgs/include/px4_msgs/px4_msgs/msg/detail/gripper__traits.hpp\n'}
[2.730300] (px4_msgs) StdoutLine: {'line': b'-- Up-to-date symlink: /home/carlos/ros2_ws/install/px4_msgs/include/px4_msgs/px4_msgs/msg/detail/gripper__type_support.hpp\n'}
[2.730415] (px4_msgs) StdoutLine: {'line': b'-- Up-to-date symlink: /home/carlos/ros2_ws/install/px4_msgs/include/px4_msgs/px4_msgs/msg/detail/health_report__builder.hpp\n'}
[2.730501] (px4_msgs) StdoutLine: {'line': b'-- Up-to-date symlink: /home/carlos/ros2_ws/install/px4_msgs/include/px4_msgs/px4_msgs/msg/detail/health_report__struct.hpp\n'}
[2.730579] (px4_msgs) StdoutLine: {'line': b'-- Up-to-date symlink: /home/carlos/ros2_ws/install/px4_msgs/include/px4_msgs/px4_msgs/msg/detail/health_report__traits.hpp\n'}
[2.730660] (px4_msgs) StdoutLine: {'line': b'-- Up-to-date symlink: /home/carlos/ros2_ws/install/px4_msgs/include/px4_msgs/px4_msgs/msg/detail/health_report__type_support.hpp\n'}
[2.730774] (px4_msgs) StdoutLine: {'line': b'-- Up-to-date symlink: /home/carlos/ros2_ws/install/px4_msgs/include/px4_msgs/px4_msgs/msg/detail/heater_status__builder.hpp\n'}
[2.730877] (px4_msgs) StdoutLine: {'line': b'-- Up-to-date symlink: /home/carlos/ros2_ws/install/px4_msgs/include/px4_msgs/px4_msgs/msg/detail/heater_status__struct.hpp\n'}
[2.730978] (px4_msgs) StdoutLine: {'line': b'-- Up-to-date symlink: /home/carlos/ros2_ws/install/px4_msgs/include/px4_msgs/px4_msgs/msg/detail/heater_status__traits.hpp\n'}
[2.731153] (px4_msgs) StdoutLine: {'line': b'-- Up-to-date symlink: /home/carlos/ros2_ws/install/px4_msgs/include/px4_msgs/px4_msgs/msg/detail/heater_status__type_support.hpp\n'}
[2.731257] (px4_msgs) StdoutLine: {'line': b'-- Up-to-date symlink: /home/carlos/ros2_ws/install/px4_msgs/include/px4_msgs/px4_msgs/msg/detail/home_position__builder.hpp\n'}
[2.731361] (px4_msgs) StdoutLine: {'line': b'-- Up-to-date symlink: /home/carlos/ros2_ws/install/px4_msgs/include/px4_msgs/px4_msgs/msg/detail/home_position__struct.hpp\n'}
[2.731473] (px4_msgs) StdoutLine: {'line': b'-- Up-to-date symlink: /home/carlos/ros2_ws/install/px4_msgs/include/px4_msgs/px4_msgs/msg/detail/home_position__traits.hpp\n'}
[2.731559] (px4_msgs) StdoutLine: {'line': b'-- Up-to-date symlink: /home/carlos/ros2_ws/install/px4_msgs/include/px4_msgs/px4_msgs/msg/detail/home_position__type_support.hpp\n'}
[2.731638] (px4_msgs) StdoutLine: {'line': b'-- Up-to-date symlink: /home/carlos/ros2_ws/install/px4_msgs/include/px4_msgs/px4_msgs/msg/detail/hover_thrust_estimate__builder.hpp\n'}
[2.731722] (px4_msgs) StdoutLine: {'line': b'-- Up-to-date symlink: /home/carlos/ros2_ws/install/px4_msgs/include/px4_msgs/px4_msgs/msg/detail/hover_thrust_estimate__struct.hpp\n'}
[2.731840] (px4_msgs) StdoutLine: {'line': b'-- Up-to-date symlink: /home/carlos/ros2_ws/install/px4_msgs/include/px4_msgs/px4_msgs/msg/detail/hover_thrust_estimate__traits.hpp\n'}
[2.731979] (px4_msgs) StdoutLine: {'line': b'-- Up-to-date symlink: /home/carlos/ros2_ws/install/px4_msgs/include/px4_msgs/px4_msgs/msg/detail/hover_thrust_estimate__type_support.hpp\n'}
[2.732083] (px4_msgs) StdoutLine: {'line': b'-- Up-to-date symlink: /home/carlos/ros2_ws/install/px4_msgs/include/px4_msgs/px4_msgs/msg/detail/input_rc__builder.hpp\n'}
[2.732163] (px4_msgs) StdoutLine: {'line': b'-- Up-to-date symlink: /home/carlos/ros2_ws/install/px4_msgs/include/px4_msgs/px4_msgs/msg/detail/input_rc__struct.hpp\n'}
[2.732263] (px4_msgs) StdoutLine: {'line': b'-- Up-to-date symlink: /home/carlos/ros2_ws/install/px4_msgs/include/px4_msgs/px4_msgs/msg/detail/input_rc__traits.hpp\n'}
[2.732366] (px4_msgs) StdoutLine: {'line': b'-- Up-to-date symlink: /home/carlos/ros2_ws/install/px4_msgs/include/px4_msgs/px4_msgs/msg/detail/input_rc__type_support.hpp\n'}
[2.732472] (px4_msgs) StdoutLine: {'line': b'-- Up-to-date symlink: /home/carlos/ros2_ws/install/px4_msgs/include/px4_msgs/px4_msgs/msg/detail/internal_combustion_engine_control__builder.hpp\n'}
[2.732577] (px4_msgs) StdoutLine: {'line': b'-- Up-to-date symlink: /home/carlos/ros2_ws/install/px4_msgs/include/px4_msgs/px4_msgs/msg/detail/internal_combustion_engine_control__struct.hpp\n'}
[2.732682] (px4_msgs) StdoutLine: {'line': b'-- Up-to-date symlink: /home/carlos/ros2_ws/install/px4_msgs/include/px4_msgs/px4_msgs/msg/detail/internal_combustion_engine_control__traits.hpp\n'}
[2.732798] (px4_msgs) StdoutLine: {'line': b'-- Up-to-date symlink: /home/carlos/ros2_ws/install/px4_msgs/include/px4_msgs/px4_msgs/msg/detail/internal_combustion_engine_control__type_support.hpp\n'}
[2.732911] (px4_msgs) StdoutLine: {'line': b'-- Up-to-date symlink: /home/carlos/ros2_ws/install/px4_msgs/include/px4_msgs/px4_msgs/msg/detail/internal_combustion_engine_status__builder.hpp\n'}
[2.733023] (px4_msgs) StdoutLine: {'line': b'-- Up-to-date symlink: /home/carlos/ros2_ws/install/px4_msgs/include/px4_msgs/px4_msgs/msg/detail/internal_combustion_engine_status__struct.hpp\n'}
[2.733131] (px4_msgs) StdoutLine: {'line': b'-- Up-to-date symlink: /home/carlos/ros2_ws/install/px4_msgs/include/px4_msgs/px4_msgs/msg/detail/internal_combustion_engine_status__traits.hpp\n'}
[2.733237] (px4_msgs) StdoutLine: {'line': b'-- Up-to-date symlink: /home/carlos/ros2_ws/install/px4_msgs/include/px4_msgs/px4_msgs/msg/detail/internal_combustion_engine_status__type_support.hpp\n'}
[2.733341] (px4_msgs) StdoutLine: {'line': b'-- Up-to-date symlink: /home/carlos/ros2_ws/install/px4_msgs/include/px4_msgs/px4_msgs/msg/detail/iridiumsbd_status__builder.hpp\n'}
[2.733446] (px4_msgs) StdoutLine: {'line': b'-- Up-to-date symlink: /home/carlos/ros2_ws/install/px4_msgs/include/px4_msgs/px4_msgs/msg/detail/iridiumsbd_status__struct.hpp\n'}
[2.733552] (px4_msgs) StdoutLine: {'line': b'-- Up-to-date symlink: /home/carlos/ros2_ws/install/px4_msgs/include/px4_msgs/px4_msgs/msg/detail/iridiumsbd_status__traits.hpp\n'}
[2.733656] (px4_msgs) StdoutLine: {'line': b'-- Up-to-date symlink: /home/carlos/ros2_ws/install/px4_msgs/include/px4_msgs/px4_msgs/msg/detail/iridiumsbd_status__type_support.hpp\n'}
[2.733765] (px4_msgs) StdoutLine: {'line': b'-- Up-to-date symlink: /home/carlos/ros2_ws/install/px4_msgs/include/px4_msgs/px4_msgs/msg/detail/irlock_report__builder.hpp\n'}
[2.733876] (px4_msgs) StdoutLine: {'line': b'-- Up-to-date symlink: /home/carlos/ros2_ws/install/px4_msgs/include/px4_msgs/px4_msgs/msg/detail/irlock_report__struct.hpp\n'}
[2.733985] (px4_msgs) StdoutLine: {'line': b'-- Up-to-date symlink: /home/carlos/ros2_ws/install/px4_msgs/include/px4_msgs/px4_msgs/msg/detail/irlock_report__traits.hpp\n'}
[2.734088] (px4_msgs) StdoutLine: {'line': b'-- Up-to-date symlink: /home/carlos/ros2_ws/install/px4_msgs/include/px4_msgs/px4_msgs/msg/detail/irlock_report__type_support.hpp\n'}
[2.734191] (px4_msgs) StdoutLine: {'line': b'-- Up-to-date symlink: /home/carlos/ros2_ws/install/px4_msgs/include/px4_msgs/px4_msgs/msg/detail/landing_gear__builder.hpp\n'}
[2.734294] (px4_msgs) StdoutLine: {'line': b'-- Up-to-date symlink: /home/carlos/ros2_ws/install/px4_msgs/include/px4_msgs/px4_msgs/msg/detail/landing_gear__struct.hpp\n'}
[2.734395] (px4_msgs) StdoutLine: {'line': b'-- Up-to-date symlink: /home/carlos/ros2_ws/install/px4_msgs/include/px4_msgs/px4_msgs/msg/detail/landing_gear__traits.hpp\n'}
[2.734498] (px4_msgs) StdoutLine: {'line': b'-- Up-to-date symlink: /home/carlos/ros2_ws/install/px4_msgs/include/px4_msgs/px4_msgs/msg/detail/landing_gear__type_support.hpp\n'}
[2.734599] (px4_msgs) StdoutLine: {'line': b'-- Up-to-date symlink: /home/carlos/ros2_ws/install/px4_msgs/include/px4_msgs/px4_msgs/msg/detail/landing_gear_wheel__builder.hpp\n'}
[2.734714] (px4_msgs) StdoutLine: {'line': b'-- Up-to-date symlink: /home/carlos/ros2_ws/install/px4_msgs/include/px4_msgs/px4_msgs/msg/detail/landing_gear_wheel__struct.hpp\n'}
[2.734833] (px4_msgs) StdoutLine: {'line': b'-- Up-to-date symlink: /home/carlos/ros2_ws/install/px4_msgs/include/px4_msgs/px4_msgs/msg/detail/landing_gear_wheel__traits.hpp\n'}
[2.734936] (px4_msgs) StdoutLine: {'line': b'-- Up-to-date symlink: /home/carlos/ros2_ws/install/px4_msgs/include/px4_msgs/px4_msgs/msg/detail/landing_gear_wheel__type_support.hpp\n'}
[2.735039] (px4_msgs) StdoutLine: {'line': b'-- Up-to-date symlink: /home/carlos/ros2_ws/install/px4_msgs/include/px4_msgs/px4_msgs/msg/detail/landing_target_innovations__builder.hpp\n'}
[2.735139] (px4_msgs) StdoutLine: {'line': b'-- Up-to-date symlink: /home/carlos/ros2_ws/install/px4_msgs/include/px4_msgs/px4_msgs/msg/detail/landing_target_innovations__struct.hpp\n'}
[2.735241] (px4_msgs) StdoutLine: {'line': b'-- Up-to-date symlink: /home/carlos/ros2_ws/install/px4_msgs/include/px4_msgs/px4_msgs/msg/detail/landing_target_innovations__traits.hpp\n'}
[2.735343] (px4_msgs) StdoutLine: {'line': b'-- Up-to-date symlink: /home/carlos/ros2_ws/install/px4_msgs/include/px4_msgs/px4_msgs/msg/detail/landing_target_innovations__type_support.hpp\n'}
[2.735443] (px4_msgs) StdoutLine: {'line': b'-- Up-to-date symlink: /home/carlos/ros2_ws/install/px4_msgs/include/px4_msgs/px4_msgs/msg/detail/landing_target_pose__builder.hpp\n'}
[2.735545] (px4_msgs) StdoutLine: {'line': b'-- Up-to-date symlink: /home/carlos/ros2_ws/install/px4_msgs/include/px4_msgs/px4_msgs/msg/detail/landing_target_pose__struct.hpp\n'}
[2.735647] (px4_msgs) StdoutLine: {'line': b'-- Up-to-date symlink: /home/carlos/ros2_ws/install/px4_msgs/include/px4_msgs/px4_msgs/msg/detail/landing_target_pose__traits.hpp\n'}
[2.735754] (px4_msgs) StdoutLine: {'line': b'-- Up-to-date symlink: /home/carlos/ros2_ws/install/px4_msgs/include/px4_msgs/px4_msgs/msg/detail/landing_target_pose__type_support.hpp\n'}
[2.735862] (px4_msgs) StdoutLine: {'line': b'-- Up-to-date symlink: /home/carlos/ros2_ws/install/px4_msgs/include/px4_msgs/px4_msgs/msg/detail/lateral_control_configuration__builder.hpp\n'}
[2.735964] (px4_msgs) StdoutLine: {'line': b'-- Up-to-date symlink: /home/carlos/ros2_ws/install/px4_msgs/include/px4_msgs/px4_msgs/msg/detail/lateral_control_configuration__struct.hpp\n'}
[2.736065] (px4_msgs) StdoutLine: {'line': b'-- Up-to-date symlink: /home/carlos/ros2_ws/install/px4_msgs/include/px4_msgs/px4_msgs/msg/detail/lateral_control_configuration__traits.hpp\n'}
[2.736168] (px4_msgs) StdoutLine: {'line': b'-- Up-to-date symlink: /home/carlos/ros2_ws/install/px4_msgs/include/px4_msgs/px4_msgs/msg/detail/lateral_control_configuration__type_support.hpp\n'}
[2.736271] (px4_msgs) StdoutLine: {'line': b'-- Up-to-date symlink: /home/carlos/ros2_ws/install/px4_msgs/include/px4_msgs/px4_msgs/msg/detail/launch_detection_status__builder.hpp\n'}
[2.736374] (px4_msgs) StdoutLine: {'line': b'-- Up-to-date symlink: /home/carlos/ros2_ws/install/px4_msgs/include/px4_msgs/px4_msgs/msg/detail/launch_detection_status__struct.hpp\n'}
[2.736476] (px4_msgs) StdoutLine: {'line': b'-- Up-to-date symlink: /home/carlos/ros2_ws/install/px4_msgs/include/px4_msgs/px4_msgs/msg/detail/launch_detection_status__traits.hpp\n'}
[2.736579] (px4_msgs) StdoutLine: {'line': b'-- Up-to-date symlink: /home/carlos/ros2_ws/install/px4_msgs/include/px4_msgs/px4_msgs/msg/detail/launch_detection_status__type_support.hpp\n'}
[2.736684] (px4_msgs) StdoutLine: {'line': b'-- Up-to-date symlink: /home/carlos/ros2_ws/install/px4_msgs/include/px4_msgs/px4_msgs/msg/detail/led_control__builder.hpp\n'}
[2.736796] (px4_msgs) StdoutLine: {'line': b'-- Up-to-date symlink: /home/carlos/ros2_ws/install/px4_msgs/include/px4_msgs/px4_msgs/msg/detail/led_control__struct.hpp\n'}
[2.736912] (px4_msgs) StdoutLine: {'line': b'-- Up-to-date symlink: /home/carlos/ros2_ws/install/px4_msgs/include/px4_msgs/px4_msgs/msg/detail/led_control__traits.hpp\n'}
[2.737016] (px4_msgs) StdoutLine: {'line': b'-- Up-to-date symlink: /home/carlos/ros2_ws/install/px4_msgs/include/px4_msgs/px4_msgs/msg/detail/led_control__type_support.hpp\n'}
[2.737119] (px4_msgs) StdoutLine: {'line': b'-- Up-to-date symlink: /home/carlos/ros2_ws/install/px4_msgs/include/px4_msgs/px4_msgs/msg/detail/log_message__builder.hpp\n'}
[2.737223] (px4_msgs) StdoutLine: {'line': b'-- Up-to-date symlink: /home/carlos/ros2_ws/install/px4_msgs/include/px4_msgs/px4_msgs/msg/detail/log_message__struct.hpp\n'}
[2.737326] (px4_msgs) StdoutLine: {'line': b'-- Up-to-date symlink: /home/carlos/ros2_ws/install/px4_msgs/include/px4_msgs/px4_msgs/msg/detail/log_message__traits.hpp\n'}
[2.737431] (px4_msgs) StdoutLine: {'line': b'-- Up-to-date symlink: /home/carlos/ros2_ws/install/px4_msgs/include/px4_msgs/px4_msgs/msg/detail/log_message__type_support.hpp\n'}
[2.737538] (px4_msgs) StdoutLine: {'line': b'-- Up-to-date symlink: /home/carlos/ros2_ws/install/px4_msgs/include/px4_msgs/px4_msgs/msg/detail/logger_status__builder.hpp\n'}
[2.737640] (px4_msgs) StdoutLine: {'line': b'-- Up-to-date symlink: /home/carlos/ros2_ws/install/px4_msgs/include/px4_msgs/px4_msgs/msg/detail/logger_status__struct.hpp\n'}
[2.737740] (px4_msgs) StdoutLine: {'line': b'-- Up-to-date symlink: /home/carlos/ros2_ws/install/px4_msgs/include/px4_msgs/px4_msgs/msg/detail/logger_status__traits.hpp\n'}
[2.737851] (px4_msgs) StdoutLine: {'line': b'-- Up-to-date symlink: /home/carlos/ros2_ws/install/px4_msgs/include/px4_msgs/px4_msgs/msg/detail/logger_status__type_support.hpp\n'}
[2.737954] (px4_msgs) StdoutLine: {'line': b'-- Up-to-date symlink: /home/carlos/ros2_ws/install/px4_msgs/include/px4_msgs/px4_msgs/msg/detail/longitudinal_control_configuration__builder.hpp\n'}
[2.738056] (px4_msgs) StdoutLine: {'line': b'-- Up-to-date symlink: /home/carlos/ros2_ws/install/px4_msgs/include/px4_msgs/px4_msgs/msg/detail/longitudinal_control_configuration__struct.hpp\n'}
[2.738157] (px4_msgs) StdoutLine: {'line': b'-- Up-to-date symlink: /home/carlos/ros2_ws/install/px4_msgs/include/px4_msgs/px4_msgs/msg/detail/longitudinal_control_configuration__traits.hpp\n'}
[2.738260] (px4_msgs) StdoutLine: {'line': b'-- Up-to-date symlink: /home/carlos/ros2_ws/install/px4_msgs/include/px4_msgs/px4_msgs/msg/detail/longitudinal_control_configuration__type_support.hpp\n'}
[2.738361] (px4_msgs) StdoutLine: {'line': b'-- Up-to-date symlink: /home/carlos/ros2_ws/install/px4_msgs/include/px4_msgs/px4_msgs/msg/detail/mag_worker_data__builder.hpp\n'}
[2.738463] (px4_msgs) StdoutLine: {'line': b'-- Up-to-date symlink: /home/carlos/ros2_ws/install/px4_msgs/include/px4_msgs/px4_msgs/msg/detail/mag_worker_data__struct.hpp\n'}
[2.738563] (px4_msgs) StdoutLine: {'line': b'-- Up-to-date symlink: /home/carlos/ros2_ws/install/px4_msgs/include/px4_msgs/px4_msgs/msg/detail/mag_worker_data__traits.hpp\n'}
[2.738666] (px4_msgs) StdoutLine: {'line': b'-- Up-to-date symlink: /home/carlos/ros2_ws/install/px4_msgs/include/px4_msgs/px4_msgs/msg/detail/mag_worker_data__type_support.hpp\n'}
[2.738765] (px4_msgs) StdoutLine: {'line': b'-- Up-to-date symlink: /home/carlos/ros2_ws/install/px4_msgs/include/px4_msgs/px4_msgs/msg/detail/magnetometer_bias_estimate__builder.hpp\n'}
[2.738873] (px4_msgs) StdoutLine: {'line': b'-- Up-to-date symlink: /home/carlos/ros2_ws/install/px4_msgs/include/px4_msgs/px4_msgs/msg/detail/magnetometer_bias_estimate__struct.hpp\n'}
[2.738974] (px4_msgs) StdoutLine: {'line': b'-- Up-to-date symlink: /home/carlos/ros2_ws/install/px4_msgs/include/px4_msgs/px4_msgs/msg/detail/magnetometer_bias_estimate__traits.hpp\n'}
[2.739076] (px4_msgs) StdoutLine: {'line': b'-- Up-to-date symlink: /home/carlos/ros2_ws/install/px4_msgs/include/px4_msgs/px4_msgs/msg/detail/magnetometer_bias_estimate__type_support.hpp\n'}
[2.739177] (px4_msgs) StdoutLine: {'line': b'-- Up-to-date symlink: /home/carlos/ros2_ws/install/px4_msgs/include/px4_msgs/px4_msgs/msg/detail/manual_control_setpoint__builder.hpp\n'}
[2.739279] (px4_msgs) StdoutLine: {'line': b'-- Up-to-date symlink: /home/carlos/ros2_ws/install/px4_msgs/include/px4_msgs/px4_msgs/msg/detail/manual_control_setpoint__struct.hpp\n'}
[2.739380] (px4_msgs) StdoutLine: {'line': b'-- Up-to-date symlink: /home/carlos/ros2_ws/install/px4_msgs/include/px4_msgs/px4_msgs/msg/detail/manual_control_setpoint__traits.hpp\n'}
[2.739482] (px4_msgs) StdoutLine: {'line': b'-- Up-to-date symlink: /home/carlos/ros2_ws/install/px4_msgs/include/px4_msgs/px4_msgs/msg/detail/manual_control_setpoint__type_support.hpp\n'}
[2.739583] (px4_msgs) StdoutLine: {'line': b'-- Up-to-date symlink: /home/carlos/ros2_ws/install/px4_msgs/include/px4_msgs/px4_msgs/msg/detail/manual_control_switches__builder.hpp\n'}
[2.739684] (px4_msgs) StdoutLine: {'line': b'-- Up-to-date symlink: /home/carlos/ros2_ws/install/px4_msgs/include/px4_msgs/px4_msgs/msg/detail/manual_control_switches__struct.hpp\n'}
[2.739794] (px4_msgs) StdoutLine: {'line': b'-- Up-to-date symlink: /home/carlos/ros2_ws/install/px4_msgs/include/px4_msgs/px4_msgs/msg/detail/manual_control_switches__traits.hpp\n'}
[2.739907] (px4_msgs) StdoutLine: {'line': b'-- Up-to-date symlink: /home/carlos/ros2_ws/install/px4_msgs/include/px4_msgs/px4_msgs/msg/detail/manual_control_switches__type_support.hpp\n'}
[2.740011] (px4_msgs) StdoutLine: {'line': b'-- Up-to-date symlink: /home/carlos/ros2_ws/install/px4_msgs/include/px4_msgs/px4_msgs/msg/detail/mavlink_log__builder.hpp\n'}
[2.740113] (px4_msgs) StdoutLine: {'line': b'-- Up-to-date symlink: /home/carlos/ros2_ws/install/px4_msgs/include/px4_msgs/px4_msgs/msg/detail/mavlink_log__struct.hpp\n'}
[2.740216] (px4_msgs) StdoutLine: {'line': b'-- Up-to-date symlink: /home/carlos/ros2_ws/install/px4_msgs/include/px4_msgs/px4_msgs/msg/detail/mavlink_log__traits.hpp\n'}
[2.740320] (px4_msgs) StdoutLine: {'line': b'-- Up-to-date symlink: /home/carlos/ros2_ws/install/px4_msgs/include/px4_msgs/px4_msgs/msg/detail/mavlink_log__type_support.hpp\n'}
[2.740422] (px4_msgs) StdoutLine: {'line': b'-- Up-to-date symlink: /home/carlos/ros2_ws/install/px4_msgs/include/px4_msgs/px4_msgs/msg/detail/mavlink_tunnel__builder.hpp\n'}
[2.740524] (px4_msgs) StdoutLine: {'line': b'-- Up-to-date symlink: /home/carlos/ros2_ws/install/px4_msgs/include/px4_msgs/px4_msgs/msg/detail/mavlink_tunnel__struct.hpp\n'}
[2.740627] (px4_msgs) StdoutLine: {'line': b'-- Up-to-date symlink: /home/carlos/ros2_ws/install/px4_msgs/include/px4_msgs/px4_msgs/msg/detail/mavlink_tunnel__traits.hpp\n'}
[2.740732] (px4_msgs) StdoutLine: {'line': b'-- Up-to-date symlink: /home/carlos/ros2_ws/install/px4_msgs/include/px4_msgs/px4_msgs/msg/detail/mavlink_tunnel__type_support.hpp\n'}
[2.740864] (px4_msgs) StdoutLine: {'line': b'-- Up-to-date symlink: /home/carlos/ros2_ws/install/px4_msgs/include/px4_msgs/px4_msgs/msg/detail/message_format_request__builder.hpp\n'}
[2.740968] (px4_msgs) StdoutLine: {'line': b'-- Up-to-date symlink: /home/carlos/ros2_ws/install/px4_msgs/include/px4_msgs/px4_msgs/msg/detail/message_format_request__struct.hpp\n'}
[2.741071] (px4_msgs) StdoutLine: {'line': b'-- Up-to-date symlink: /home/carlos/ros2_ws/install/px4_msgs/include/px4_msgs/px4_msgs/msg/detail/message_format_request__traits.hpp\n'}
[2.741168] (px4_msgs) StdoutLine: {'line': b'-- Up-to-date symlink: /home/carlos/ros2_ws/install/px4_msgs/include/px4_msgs/px4_msgs/msg/detail/message_format_request__type_support.hpp\n'}
[2.741269] (px4_msgs) StdoutLine: {'line': b'-- Up-to-date symlink: /home/carlos/ros2_ws/install/px4_msgs/include/px4_msgs/px4_msgs/msg/detail/message_format_response__builder.hpp\n'}
[2.741371] (px4_msgs) StdoutLine: {'line': b'-- Up-to-date symlink: /home/carlos/ros2_ws/install/px4_msgs/include/px4_msgs/px4_msgs/msg/detail/message_format_response__struct.hpp\n'}
[2.741472] (px4_msgs) StdoutLine: {'line': b'-- Up-to-date symlink: /home/carlos/ros2_ws/install/px4_msgs/include/px4_msgs/px4_msgs/msg/detail/message_format_response__traits.hpp\n'}
[2.741572] (px4_msgs) StdoutLine: {'line': b'-- Up-to-date symlink: /home/carlos/ros2_ws/install/px4_msgs/include/px4_msgs/px4_msgs/msg/detail/message_format_response__type_support.hpp\n'}
[2.741673] (px4_msgs) StdoutLine: {'line': b'-- Up-to-date symlink: /home/carlos/ros2_ws/install/px4_msgs/include/px4_msgs/px4_msgs/msg/detail/mission__builder.hpp\n'}
[2.741780] (px4_msgs) StdoutLine: {'line': b'-- Up-to-date symlink: /home/carlos/ros2_ws/install/px4_msgs/include/px4_msgs/px4_msgs/msg/detail/mission__struct.hpp\n'}
[2.741886] (px4_msgs) StdoutLine: {'line': b'-- Up-to-date symlink: /home/carlos/ros2_ws/install/px4_msgs/include/px4_msgs/px4_msgs/msg/detail/mission__traits.hpp\n'}
[2.741988] (px4_msgs) StdoutLine: {'line': b'-- Up-to-date symlink: /home/carlos/ros2_ws/install/px4_msgs/include/px4_msgs/px4_msgs/msg/detail/mission__type_support.hpp\n'}
[2.742088] (px4_msgs) StdoutLine: {'line': b'-- Up-to-date symlink: /home/carlos/ros2_ws/install/px4_msgs/include/px4_msgs/px4_msgs/msg/detail/mission_result__builder.hpp\n'}
[2.742189] (px4_msgs) StdoutLine: {'line': b'-- Up-to-date symlink: /home/carlos/ros2_ws/install/px4_msgs/include/px4_msgs/px4_msgs/msg/detail/mission_result__struct.hpp\n'}
[2.742290] (px4_msgs) StdoutLine: {'line': b'-- Up-to-date symlink: /home/carlos/ros2_ws/install/px4_msgs/include/px4_msgs/px4_msgs/msg/detail/mission_result__traits.hpp\n'}
[2.742400] (px4_msgs) StdoutLine: {'line': b'-- Up-to-date symlink: /home/carlos/ros2_ws/install/px4_msgs/include/px4_msgs/px4_msgs/msg/detail/mission_result__type_support.hpp\n'}
[2.742503] (px4_msgs) StdoutLine: {'line': b'-- Up-to-date symlink: /home/carlos/ros2_ws/install/px4_msgs/include/px4_msgs/px4_msgs/msg/detail/mode_completed__builder.hpp\n'}
[2.742606] (px4_msgs) StdoutLine: {'line': b'-- Up-to-date symlink: /home/carlos/ros2_ws/install/px4_msgs/include/px4_msgs/px4_msgs/msg/detail/mode_completed__struct.hpp\n'}
[2.742709] (px4_msgs) StdoutLine: {'line': b'-- Up-to-date symlink: /home/carlos/ros2_ws/install/px4_msgs/include/px4_msgs/px4_msgs/msg/detail/mode_completed__traits.hpp\n'}
[2.742820] (px4_msgs) StdoutLine: {'line': b'-- Up-to-date symlink: /home/carlos/ros2_ws/install/px4_msgs/include/px4_msgs/px4_msgs/msg/detail/mode_completed__type_support.hpp\n'}
[2.742931] (px4_msgs) StdoutLine: {'line': b'-- Up-to-date symlink: /home/carlos/ros2_ws/install/px4_msgs/include/px4_msgs/px4_msgs/msg/detail/mount_orientation__builder.hpp\n'}
[2.743034] (px4_msgs) StdoutLine: {'line': b'-- Up-to-date symlink: /home/carlos/ros2_ws/install/px4_msgs/include/px4_msgs/px4_msgs/msg/detail/mount_orientation__struct.hpp\n'}
[2.743137] (px4_msgs) StdoutLine: {'line': b'-- Up-to-date symlink: /home/carlos/ros2_ws/install/px4_msgs/include/px4_msgs/px4_msgs/msg/detail/mount_orientation__traits.hpp\n'}
[2.743240] (px4_msgs) StdoutLine: {'line': b'-- Up-to-date symlink: /home/carlos/ros2_ws/install/px4_msgs/include/px4_msgs/px4_msgs/msg/detail/mount_orientation__type_support.hpp\n'}
[2.743343] (px4_msgs) StdoutLine: {'line': b'-- Up-to-date symlink: /home/carlos/ros2_ws/install/px4_msgs/include/px4_msgs/px4_msgs/msg/detail/navigator_mission_item__builder.hpp\n'}
[2.743446] (px4_msgs) StdoutLine: {'line': b'-- Up-to-date symlink: /home/carlos/ros2_ws/install/px4_msgs/include/px4_msgs/px4_msgs/msg/detail/navigator_mission_item__struct.hpp\n'}
[2.743543] (px4_msgs) StdoutLine: {'line': b'-- Up-to-date symlink: /home/carlos/ros2_ws/install/px4_msgs/include/px4_msgs/px4_msgs/msg/detail/navigator_mission_item__traits.hpp\n'}
[2.743644] (px4_msgs) StdoutLine: {'line': b'-- Up-to-date symlink: /home/carlos/ros2_ws/install/px4_msgs/include/px4_msgs/px4_msgs/msg/detail/navigator_mission_item__type_support.hpp\n'}
[2.743745] (px4_msgs) StdoutLine: {'line': b'-- Up-to-date symlink: /home/carlos/ros2_ws/install/px4_msgs/include/px4_msgs/px4_msgs/msg/detail/navigator_status__builder.hpp\n'}
[2.743857] (px4_msgs) StdoutLine: {'line': b'-- Up-to-date symlink: /home/carlos/ros2_ws/install/px4_msgs/include/px4_msgs/px4_msgs/msg/detail/navigator_status__struct.hpp\n'}
[2.743957] (px4_msgs) StdoutLine: {'line': b'-- Up-to-date symlink: /home/carlos/ros2_ws/install/px4_msgs/include/px4_msgs/px4_msgs/msg/detail/navigator_status__traits.hpp\n'}
[2.744059] (px4_msgs) StdoutLine: {'line': b'-- Up-to-date symlink: /home/carlos/ros2_ws/install/px4_msgs/include/px4_msgs/px4_msgs/msg/detail/navigator_status__type_support.hpp\n'}
[2.744160] (px4_msgs) StdoutLine: {'line': b'-- Up-to-date symlink: /home/carlos/ros2_ws/install/px4_msgs/include/px4_msgs/px4_msgs/msg/detail/neural_control__builder.hpp\n'}
[2.744262] (px4_msgs) StdoutLine: {'line': b'-- Up-to-date symlink: /home/carlos/ros2_ws/install/px4_msgs/include/px4_msgs/px4_msgs/msg/detail/neural_control__struct.hpp\n'}
[2.744363] (px4_msgs) StdoutLine: {'line': b'-- Up-to-date symlink: /home/carlos/ros2_ws/install/px4_msgs/include/px4_msgs/px4_msgs/msg/detail/neural_control__traits.hpp\n'}
[2.744465] (px4_msgs) StdoutLine: {'line': b'-- Up-to-date symlink: /home/carlos/ros2_ws/install/px4_msgs/include/px4_msgs/px4_msgs/msg/detail/neural_control__type_support.hpp\n'}
[2.744565] (px4_msgs) StdoutLine: {'line': b'-- Up-to-date symlink: /home/carlos/ros2_ws/install/px4_msgs/include/px4_msgs/px4_msgs/msg/detail/normalized_unsigned_setpoint__builder.hpp\n'}
[2.744666] (px4_msgs) StdoutLine: {'line': b'-- Up-to-date symlink: /home/carlos/ros2_ws/install/px4_msgs/include/px4_msgs/px4_msgs/msg/detail/normalized_unsigned_setpoint__struct.hpp\n'}
[2.744789] (px4_msgs) StdoutLine: {'line': b'-- Up-to-date symlink: /home/carlos/ros2_ws/install/px4_msgs/include/px4_msgs/px4_msgs/msg/detail/normalized_unsigned_setpoint__traits.hpp\n'}
[2.744895] (px4_msgs) StdoutLine: {'line': b'-- Up-to-date symlink: /home/carlos/ros2_ws/install/px4_msgs/include/px4_msgs/px4_msgs/msg/detail/normalized_unsigned_setpoint__type_support.hpp\n'}
[2.745000] (px4_msgs) StdoutLine: {'line': b'-- Up-to-date symlink: /home/carlos/ros2_ws/install/px4_msgs/include/px4_msgs/px4_msgs/msg/detail/obstacle_distance__builder.hpp\n'}
[2.745104] (px4_msgs) StdoutLine: {'line': b'-- Up-to-date symlink: /home/carlos/ros2_ws/install/px4_msgs/include/px4_msgs/px4_msgs/msg/detail/obstacle_distance__struct.hpp\n'}
[2.745207] (px4_msgs) StdoutLine: {'line': b'-- Up-to-date symlink: /home/carlos/ros2_ws/install/px4_msgs/include/px4_msgs/px4_msgs/msg/detail/obstacle_distance__traits.hpp\n'}
[2.745310] (px4_msgs) StdoutLine: {'line': b'-- Up-to-date symlink: /home/carlos/ros2_ws/install/px4_msgs/include/px4_msgs/px4_msgs/msg/detail/obstacle_distance__type_support.hpp\n'}
[2.745413] (px4_msgs) StdoutLine: {'line': b'-- Up-to-date symlink: /home/carlos/ros2_ws/install/px4_msgs/include/px4_msgs/px4_msgs/msg/detail/offboard_control_mode__builder.hpp\n'}
[2.745516] (px4_msgs) StdoutLine: {'line': b'-- Up-to-date symlink: /home/carlos/ros2_ws/install/px4_msgs/include/px4_msgs/px4_msgs/msg/detail/offboard_control_mode__struct.hpp\n'}
[2.745619] (px4_msgs) StdoutLine: {'line': b'-- Up-to-date symlink: /home/carlos/ros2_ws/install/px4_msgs/include/px4_msgs/px4_msgs/msg/detail/offboard_control_mode__traits.hpp\n'}
[2.745722] (px4_msgs) StdoutLine: {'line': b'-- Up-to-date symlink: /home/carlos/ros2_ws/install/px4_msgs/include/px4_msgs/px4_msgs/msg/detail/offboard_control_mode__type_support.hpp\n'}
[2.745833] (px4_msgs) StdoutLine: {'line': b'-- Up-to-date symlink: /home/carlos/ros2_ws/install/px4_msgs/include/px4_msgs/px4_msgs/msg/detail/onboard_computer_status__builder.hpp\n'}
[2.745936] (px4_msgs) StdoutLine: {'line': b'-- Up-to-date symlink: /home/carlos/ros2_ws/install/px4_msgs/include/px4_msgs/px4_msgs/msg/detail/onboard_computer_status__struct.hpp\n'}
[2.746036] (px4_msgs) StdoutLine: {'line': b'-- Up-to-date symlink: /home/carlos/ros2_ws/install/px4_msgs/include/px4_msgs/px4_msgs/msg/detail/onboard_computer_status__traits.hpp\n'}
[2.746138] (px4_msgs) StdoutLine: {'line': b'-- Up-to-date symlink: /home/carlos/ros2_ws/install/px4_msgs/include/px4_msgs/px4_msgs/msg/detail/onboard_computer_status__type_support.hpp\n'}
[2.746243] (px4_msgs) StdoutLine: {'line': b'-- Up-to-date symlink: /home/carlos/ros2_ws/install/px4_msgs/include/px4_msgs/px4_msgs/msg/detail/open_drone_id_arm_status__builder.hpp\n'}
[2.746343] (px4_msgs) StdoutLine: {'line': b'-- Up-to-date symlink: /home/carlos/ros2_ws/install/px4_msgs/include/px4_msgs/px4_msgs/msg/detail/open_drone_id_arm_status__struct.hpp\n'}
[2.746445] (px4_msgs) StdoutLine: {'line': b'-- Up-to-date symlink: /home/carlos/ros2_ws/install/px4_msgs/include/px4_msgs/px4_msgs/msg/detail/open_drone_id_arm_status__traits.hpp\n'}
[2.746546] (px4_msgs) StdoutLine: {'line': b'-- Up-to-date symlink: /home/carlos/ros2_ws/install/px4_msgs/include/px4_msgs/px4_msgs/msg/detail/open_drone_id_arm_status__type_support.hpp\n'}
[2.746647] (px4_msgs) StdoutLine: {'line': b'-- Up-to-date symlink: /home/carlos/ros2_ws/install/px4_msgs/include/px4_msgs/px4_msgs/msg/detail/open_drone_id_operator_id__builder.hpp\n'}
[2.746754] (px4_msgs) StdoutLine: {'line': b'-- Up-to-date symlink: /home/carlos/ros2_ws/install/px4_msgs/include/px4_msgs/px4_msgs/msg/detail/open_drone_id_operator_id__struct.hpp\n'}
[2.746863] (px4_msgs) StdoutLine: {'line': b'-- Up-to-date symlink: /home/carlos/ros2_ws/install/px4_msgs/include/px4_msgs/px4_msgs/msg/detail/open_drone_id_operator_id__traits.hpp\n'}
[2.746963] (px4_msgs) StdoutLine: {'line': b'-- Up-to-date symlink: /home/carlos/ros2_ws/install/px4_msgs/include/px4_msgs/px4_msgs/msg/detail/open_drone_id_operator_id__type_support.hpp\n'}
[2.747065] (px4_msgs) StdoutLine: {'line': b'-- Up-to-date symlink: /home/carlos/ros2_ws/install/px4_msgs/include/px4_msgs/px4_msgs/msg/detail/open_drone_id_self_id__builder.hpp\n'}
[2.747172] (px4_msgs) StdoutLine: {'line': b'-- Up-to-date symlink: /home/carlos/ros2_ws/install/px4_msgs/include/px4_msgs/px4_msgs/msg/detail/open_drone_id_self_id__struct.hpp\n'}
[2.747275] (px4_msgs) StdoutLine: {'line': b'-- Up-to-date symlink: /home/carlos/ros2_ws/install/px4_msgs/include/px4_msgs/px4_msgs/msg/detail/open_drone_id_self_id__traits.hpp\n'}
[2.747377] (px4_msgs) StdoutLine: {'line': b'-- Up-to-date symlink: /home/carlos/ros2_ws/install/px4_msgs/include/px4_msgs/px4_msgs/msg/detail/open_drone_id_self_id__type_support.hpp\n'}
[2.747479] (px4_msgs) StdoutLine: {'line': b'-- Up-to-date symlink: /home/carlos/ros2_ws/install/px4_msgs/include/px4_msgs/px4_msgs/msg/detail/open_drone_id_system__builder.hpp\n'}
[2.747581] (px4_msgs) StdoutLine: {'line': b'-- Up-to-date symlink: /home/carlos/ros2_ws/install/px4_msgs/include/px4_msgs/px4_msgs/msg/detail/open_drone_id_system__struct.hpp\n'}
[2.747682] (px4_msgs) StdoutLine: {'line': b'-- Up-to-date symlink: /home/carlos/ros2_ws/install/px4_msgs/include/px4_msgs/px4_msgs/msg/detail/open_drone_id_system__traits.hpp\n'}
[2.747793] (px4_msgs) StdoutLine: {'line': b'-- Up-to-date symlink: /home/carlos/ros2_ws/install/px4_msgs/include/px4_msgs/px4_msgs/msg/detail/open_drone_id_system__type_support.hpp\n'}
[2.747901] (px4_msgs) StdoutLine: {'line': b'-- Up-to-date symlink: /home/carlos/ros2_ws/install/px4_msgs/include/px4_msgs/px4_msgs/msg/detail/orb_test__builder.hpp\n'}
[2.748003] (px4_msgs) StdoutLine: {'line': b'-- Up-to-date symlink: /home/carlos/ros2_ws/install/px4_msgs/include/px4_msgs/px4_msgs/msg/detail/orb_test__struct.hpp\n'}
[2.748104] (px4_msgs) StdoutLine: {'line': b'-- Up-to-date symlink: /home/carlos/ros2_ws/install/px4_msgs/include/px4_msgs/px4_msgs/msg/detail/orb_test__traits.hpp\n'}
[2.748206] (px4_msgs) StdoutLine: {'line': b'-- Up-to-date symlink: /home/carlos/ros2_ws/install/px4_msgs/include/px4_msgs/px4_msgs/msg/detail/orb_test__type_support.hpp\n'}
[2.748309] (px4_msgs) StdoutLine: {'line': b'-- Up-to-date symlink: /home/carlos/ros2_ws/install/px4_msgs/include/px4_msgs/px4_msgs/msg/detail/orb_test_large__builder.hpp\n'}
[2.748406] (px4_msgs) StdoutLine: {'line': b'-- Up-to-date symlink: /home/carlos/ros2_ws/install/px4_msgs/include/px4_msgs/px4_msgs/msg/detail/orb_test_large__struct.hpp\n'}
[2.748508] (px4_msgs) StdoutLine: {'line': b'-- Up-to-date symlink: /home/carlos/ros2_ws/install/px4_msgs/include/px4_msgs/px4_msgs/msg/detail/orb_test_large__traits.hpp\n'}
[2.748611] (px4_msgs) StdoutLine: {'line': b'-- Up-to-date symlink: /home/carlos/ros2_ws/install/px4_msgs/include/px4_msgs/px4_msgs/msg/detail/orb_test_large__type_support.hpp\n'}
[2.748720] (px4_msgs) StdoutLine: {'line': b'-- Up-to-date symlink: /home/carlos/ros2_ws/install/px4_msgs/include/px4_msgs/px4_msgs/msg/detail/orb_test_medium__builder.hpp\n'}
[2.748840] (px4_msgs) StdoutLine: {'line': b'-- Up-to-date symlink: /home/carlos/ros2_ws/install/px4_msgs/include/px4_msgs/px4_msgs/msg/detail/orb_test_medium__struct.hpp\n'}
[2.748942] (px4_msgs) StdoutLine: {'line': b'-- Up-to-date symlink: /home/carlos/ros2_ws/install/px4_msgs/include/px4_msgs/px4_msgs/msg/detail/orb_test_medium__traits.hpp\n'}
[2.749046] (px4_msgs) StdoutLine: {'line': b'-- Up-to-date symlink: /home/carlos/ros2_ws/install/px4_msgs/include/px4_msgs/px4_msgs/msg/detail/orb_test_medium__type_support.hpp\n'}
[2.749150] (px4_msgs) StdoutLine: {'line': b'-- Up-to-date symlink: /home/carlos/ros2_ws/install/px4_msgs/include/px4_msgs/px4_msgs/msg/detail/orbit_status__builder.hpp\n'}
[2.749255] (px4_msgs) StdoutLine: {'line': b'-- Up-to-date symlink: /home/carlos/ros2_ws/install/px4_msgs/include/px4_msgs/px4_msgs/msg/detail/orbit_status__struct.hpp\n'}
[2.749359] (px4_msgs) StdoutLine: {'line': b'-- Up-to-date symlink: /home/carlos/ros2_ws/install/px4_msgs/include/px4_msgs/px4_msgs/msg/detail/orbit_status__traits.hpp\n'}
[2.749463] (px4_msgs) StdoutLine: {'line': b'-- Up-to-date symlink: /home/carlos/ros2_ws/install/px4_msgs/include/px4_msgs/px4_msgs/msg/detail/orbit_status__type_support.hpp\n'}
[2.749567] (px4_msgs) StdoutLine: {'line': b'-- Up-to-date symlink: /home/carlos/ros2_ws/install/px4_msgs/include/px4_msgs/px4_msgs/msg/detail/parameter_reset_request__builder.hpp\n'}
[2.749669] (px4_msgs) StdoutLine: {'line': b'-- Up-to-date symlink: /home/carlos/ros2_ws/install/px4_msgs/include/px4_msgs/px4_msgs/msg/detail/parameter_reset_request__struct.hpp\n'}
[2.749778] (px4_msgs) StdoutLine: {'line': b'-- Up-to-date symlink: /home/carlos/ros2_ws/install/px4_msgs/include/px4_msgs/px4_msgs/msg/detail/parameter_reset_request__traits.hpp\n'}
[2.749885] (px4_msgs) StdoutLine: {'line': b'-- Up-to-date symlink: /home/carlos/ros2_ws/install/px4_msgs/include/px4_msgs/px4_msgs/msg/detail/parameter_reset_request__type_support.hpp\n'}
[2.749988] (px4_msgs) StdoutLine: {'line': b'-- Up-to-date symlink: /home/carlos/ros2_ws/install/px4_msgs/include/px4_msgs/px4_msgs/msg/detail/parameter_set_used_request__builder.hpp\n'}
[2.750090] (px4_msgs) StdoutLine: {'line': b'-- Up-to-date symlink: /home/carlos/ros2_ws/install/px4_msgs/include/px4_msgs/px4_msgs/msg/detail/parameter_set_used_request__struct.hpp\n'}
[2.750193] (px4_msgs) StdoutLine: {'line': b'-- Up-to-date symlink: /home/carlos/ros2_ws/install/px4_msgs/include/px4_msgs/px4_msgs/msg/detail/parameter_set_used_request__traits.hpp\n'}
[2.750296] (px4_msgs) StdoutLine: {'line': b'-- Up-to-date symlink: /home/carlos/ros2_ws/install/px4_msgs/include/px4_msgs/px4_msgs/msg/detail/parameter_set_used_request__type_support.hpp\n'}
[2.750401] (px4_msgs) StdoutLine: {'line': b'-- Up-to-date symlink: /home/carlos/ros2_ws/install/px4_msgs/include/px4_msgs/px4_msgs/msg/detail/parameter_set_value_request__builder.hpp\n'}
[2.750504] (px4_msgs) StdoutLine: {'line': b'-- Up-to-date symlink: /home/carlos/ros2_ws/install/px4_msgs/include/px4_msgs/px4_msgs/msg/detail/parameter_set_value_request__struct.hpp\n'}
[2.750608] (px4_msgs) StdoutLine: {'line': b'-- Up-to-date symlink: /home/carlos/ros2_ws/install/px4_msgs/include/px4_msgs/px4_msgs/msg/detail/parameter_set_value_request__traits.hpp\n'}
[2.750716] (px4_msgs) StdoutLine: {'line': b'-- Up-to-date symlink: /home/carlos/ros2_ws/install/px4_msgs/include/px4_msgs/px4_msgs/msg/detail/parameter_set_value_request__type_support.hpp\n'}
[2.750837] (px4_msgs) StdoutLine: {'line': b'-- Up-to-date symlink: /home/carlos/ros2_ws/install/px4_msgs/include/px4_msgs/px4_msgs/msg/detail/parameter_set_value_response__builder.hpp\n'}
[2.750939] (px4_msgs) StdoutLine: {'line': b'-- Up-to-date symlink: /home/carlos/ros2_ws/install/px4_msgs/include/px4_msgs/px4_msgs/msg/detail/parameter_set_value_response__struct.hpp\n'}
[2.751042] (px4_msgs) StdoutLine: {'line': b'-- Up-to-date symlink: /home/carlos/ros2_ws/install/px4_msgs/include/px4_msgs/px4_msgs/msg/detail/parameter_set_value_response__traits.hpp\n'}
[2.751144] (px4_msgs) StdoutLine: {'line': b'-- Up-to-date symlink: /home/carlos/ros2_ws/install/px4_msgs/include/px4_msgs/px4_msgs/msg/detail/parameter_set_value_response__type_support.hpp\n'}
[2.751246] (px4_msgs) StdoutLine: {'line': b'-- Up-to-date symlink: /home/carlos/ros2_ws/install/px4_msgs/include/px4_msgs/px4_msgs/msg/detail/parameter_update__builder.hpp\n'}
[2.751349] (px4_msgs) StdoutLine: {'line': b'-- Up-to-date symlink: /home/carlos/ros2_ws/install/px4_msgs/include/px4_msgs/px4_msgs/msg/detail/parameter_update__struct.hpp\n'}
[2.751450] (px4_msgs) StdoutLine: {'line': b'-- Up-to-date symlink: /home/carlos/ros2_ws/install/px4_msgs/include/px4_msgs/px4_msgs/msg/detail/parameter_update__traits.hpp\n'}
[2.751554] (px4_msgs) StdoutLine: {'line': b'-- Up-to-date symlink: /home/carlos/ros2_ws/install/px4_msgs/include/px4_msgs/px4_msgs/msg/detail/parameter_update__type_support.hpp\n'}
[2.751657] (px4_msgs) StdoutLine: {'line': b'-- Up-to-date symlink: /home/carlos/ros2_ws/install/px4_msgs/include/px4_msgs/px4_msgs/msg/detail/ping__builder.hpp\n'}
[2.751767] (px4_msgs) StdoutLine: {'line': b'-- Up-to-date symlink: /home/carlos/ros2_ws/install/px4_msgs/include/px4_msgs/px4_msgs/msg/detail/ping__struct.hpp\n'}
[2.751869] (px4_msgs) StdoutLine: {'line': b'-- Up-to-date symlink: /home/carlos/ros2_ws/install/px4_msgs/include/px4_msgs/px4_msgs/msg/detail/ping__traits.hpp\n'}
[2.751966] (px4_msgs) StdoutLine: {'line': b'-- Up-to-date symlink: /home/carlos/ros2_ws/install/px4_msgs/include/px4_msgs/px4_msgs/msg/detail/ping__type_support.hpp\n'}
[2.752070] (px4_msgs) StdoutLine: {'line': b'-- Up-to-date symlink: /home/carlos/ros2_ws/install/px4_msgs/include/px4_msgs/px4_msgs/msg/detail/position_controller_landing_status__builder.hpp\n'}
[2.752173] (px4_msgs) StdoutLine: {'line': b'-- Up-to-date symlink: /home/carlos/ros2_ws/install/px4_msgs/include/px4_msgs/px4_msgs/msg/detail/position_controller_landing_status__struct.hpp\n'}
[2.752276] (px4_msgs) StdoutLine: {'line': b'-- Up-to-date symlink: /home/carlos/ros2_ws/install/px4_msgs/include/px4_msgs/px4_msgs/msg/detail/position_controller_landing_status__traits.hpp\n'}
[2.752378] (px4_msgs) StdoutLine: {'line': b'-- Up-to-date symlink: /home/carlos/ros2_ws/install/px4_msgs/include/px4_msgs/px4_msgs/msg/detail/position_controller_landing_status__type_support.hpp\n'}
[2.752481] (px4_msgs) StdoutLine: {'line': b'-- Up-to-date symlink: /home/carlos/ros2_ws/install/px4_msgs/include/px4_msgs/px4_msgs/msg/detail/position_controller_status__builder.hpp\n'}
[2.752589] (px4_msgs) StdoutLine: {'line': b'-- Up-to-date symlink: /home/carlos/ros2_ws/install/px4_msgs/include/px4_msgs/px4_msgs/msg/detail/position_controller_status__struct.hpp\n'}
[2.752693] (px4_msgs) StdoutLine: {'line': b'-- Up-to-date symlink: /home/carlos/ros2_ws/install/px4_msgs/include/px4_msgs/px4_msgs/msg/detail/position_controller_status__traits.hpp\n'}
[2.752803] (px4_msgs) StdoutLine: {'line': b'-- Up-to-date symlink: /home/carlos/ros2_ws/install/px4_msgs/include/px4_msgs/px4_msgs/msg/detail/position_controller_status__type_support.hpp\n'}
[2.752911] (px4_msgs) StdoutLine: {'line': b'-- Up-to-date symlink: /home/carlos/ros2_ws/install/px4_msgs/include/px4_msgs/px4_msgs/msg/detail/position_setpoint__builder.hpp\n'}
[2.753014] (px4_msgs) StdoutLine: {'line': b'-- Up-to-date symlink: /home/carlos/ros2_ws/install/px4_msgs/include/px4_msgs/px4_msgs/msg/detail/position_setpoint__struct.hpp\n'}
[2.753123] (px4_msgs) StdoutLine: {'line': b'-- Up-to-date symlink: /home/carlos/ros2_ws/install/px4_msgs/include/px4_msgs/px4_msgs/msg/detail/position_setpoint__traits.hpp\n'}
[2.753226] (px4_msgs) StdoutLine: {'line': b'-- Up-to-date symlink: /home/carlos/ros2_ws/install/px4_msgs/include/px4_msgs/px4_msgs/msg/detail/position_setpoint__type_support.hpp\n'}
[2.753338] (px4_msgs) StdoutLine: {'line': b'-- Up-to-date symlink: /home/carlos/ros2_ws/install/px4_msgs/include/px4_msgs/px4_msgs/msg/detail/position_setpoint_triplet__builder.hpp\n'}
[2.753441] (px4_msgs) StdoutLine: {'line': b'-- Up-to-date symlink: /home/carlos/ros2_ws/install/px4_msgs/include/px4_msgs/px4_msgs/msg/detail/position_setpoint_triplet__struct.hpp\n'}
[2.753572] (px4_msgs) StdoutLine: {'line': b'-- Up-to-date symlink: /home/carlos/ros2_ws/install/px4_msgs/include/px4_msgs/px4_msgs/msg/detail/position_setpoint_triplet__traits.hpp\n'}
[2.753673] (px4_msgs) StdoutLine: {'line': b'-- Up-to-date symlink: /home/carlos/ros2_ws/install/px4_msgs/include/px4_msgs/px4_msgs/msg/detail/position_setpoint_triplet__type_support.hpp\n'}
[2.753782] (px4_msgs) StdoutLine: {'line': b'-- Up-to-date symlink: /home/carlos/ros2_ws/install/px4_msgs/include/px4_msgs/px4_msgs/msg/detail/power_button_state__builder.hpp\n'}
[2.753892] (px4_msgs) StdoutLine: {'line': b'-- Up-to-date symlink: /home/carlos/ros2_ws/install/px4_msgs/include/px4_msgs/px4_msgs/msg/detail/power_button_state__struct.hpp\n'}
[2.753995] (px4_msgs) StdoutLine: {'line': b'-- Up-to-date symlink: /home/carlos/ros2_ws/install/px4_msgs/include/px4_msgs/px4_msgs/msg/detail/power_button_state__traits.hpp\n'}
[2.754098] (px4_msgs) StdoutLine: {'line': b'-- Up-to-date symlink: /home/carlos/ros2_ws/install/px4_msgs/include/px4_msgs/px4_msgs/msg/detail/power_button_state__type_support.hpp\n'}
[2.754203] (px4_msgs) StdoutLine: {'line': b'-- Up-to-date symlink: /home/carlos/ros2_ws/install/px4_msgs/include/px4_msgs/px4_msgs/msg/detail/power_monitor__builder.hpp\n'}
[2.754306] (px4_msgs) StdoutLine: {'line': b'-- Up-to-date symlink: /home/carlos/ros2_ws/install/px4_msgs/include/px4_msgs/px4_msgs/msg/detail/power_monitor__struct.hpp\n'}
[2.754403] (px4_msgs) StdoutLine: {'line': b'-- Up-to-date symlink: /home/carlos/ros2_ws/install/px4_msgs/include/px4_msgs/px4_msgs/msg/detail/power_monitor__traits.hpp\n'}
[2.754506] (px4_msgs) StdoutLine: {'line': b'-- Up-to-date symlink: /home/carlos/ros2_ws/install/px4_msgs/include/px4_msgs/px4_msgs/msg/detail/power_monitor__type_support.hpp\n'}
[2.754610] (px4_msgs) StdoutLine: {'line': b'-- Up-to-date symlink: /home/carlos/ros2_ws/install/px4_msgs/include/px4_msgs/px4_msgs/msg/detail/pps_capture__builder.hpp\n'}
[2.754713] (px4_msgs) StdoutLine: {'line': b'-- Up-to-date symlink: /home/carlos/ros2_ws/install/px4_msgs/include/px4_msgs/px4_msgs/msg/detail/pps_capture__struct.hpp\n'}
[2.754822] (px4_msgs) StdoutLine: {'line': b'-- Up-to-date symlink: /home/carlos/ros2_ws/install/px4_msgs/include/px4_msgs/px4_msgs/msg/detail/pps_capture__traits.hpp\n'}
[2.754935] (px4_msgs) StdoutLine: {'line': b'-- Up-to-date symlink: /home/carlos/ros2_ws/install/px4_msgs/include/px4_msgs/px4_msgs/msg/detail/pps_capture__type_support.hpp\n'}
[2.755038] (px4_msgs) StdoutLine: {'line': b'-- Up-to-date symlink: /home/carlos/ros2_ws/install/px4_msgs/include/px4_msgs/px4_msgs/msg/detail/pure_pursuit_status__builder.hpp\n'}
[2.755141] (px4_msgs) StdoutLine: {'line': b'-- Up-to-date symlink: /home/carlos/ros2_ws/install/px4_msgs/include/px4_msgs/px4_msgs/msg/detail/pure_pursuit_status__struct.hpp\n'}
[2.755243] (px4_msgs) StdoutLine: {'line': b'-- Up-to-date symlink: /home/carlos/ros2_ws/install/px4_msgs/include/px4_msgs/px4_msgs/msg/detail/pure_pursuit_status__traits.hpp\n'}
[2.755345] (px4_msgs) StdoutLine: {'line': b'-- Up-to-date symlink: /home/carlos/ros2_ws/install/px4_msgs/include/px4_msgs/px4_msgs/msg/detail/pure_pursuit_status__type_support.hpp\n'}
[2.755449] (px4_msgs) StdoutLine: {'line': b'-- Up-to-date symlink: /home/carlos/ros2_ws/install/px4_msgs/include/px4_msgs/px4_msgs/msg/detail/pwm_input__builder.hpp\n'}
[2.755558] (px4_msgs) StdoutLine: {'line': b'-- Up-to-date symlink: /home/carlos/ros2_ws/install/px4_msgs/include/px4_msgs/px4_msgs/msg/detail/pwm_input__struct.hpp\n'}
[2.755661] (px4_msgs) StdoutLine: {'line': b'-- Up-to-date symlink: /home/carlos/ros2_ws/install/px4_msgs/include/px4_msgs/px4_msgs/msg/detail/pwm_input__traits.hpp\n'}
[2.755768] (px4_msgs) StdoutLine: {'line': b'-- Up-to-date symlink: /home/carlos/ros2_ws/install/px4_msgs/include/px4_msgs/px4_msgs/msg/detail/pwm_input__type_support.hpp\n'}
[2.755880] (px4_msgs) StdoutLine: {'line': b'-- Up-to-date symlink: /home/carlos/ros2_ws/install/px4_msgs/include/px4_msgs/px4_msgs/msg/detail/px4io_status__builder.hpp\n'}
[2.755984] (px4_msgs) StdoutLine: {'line': b'-- Up-to-date symlink: /home/carlos/ros2_ws/install/px4_msgs/include/px4_msgs/px4_msgs/msg/detail/px4io_status__struct.hpp\n'}
[2.756087] (px4_msgs) StdoutLine: {'line': b'-- Up-to-date symlink: /home/carlos/ros2_ws/install/px4_msgs/include/px4_msgs/px4_msgs/msg/detail/px4io_status__traits.hpp\n'}
[2.756190] (px4_msgs) StdoutLine: {'line': b'-- Up-to-date symlink: /home/carlos/ros2_ws/install/px4_msgs/include/px4_msgs/px4_msgs/msg/detail/px4io_status__type_support.hpp\n'}
[2.756294] (px4_msgs) StdoutLine: {'line': b'-- Up-to-date symlink: /home/carlos/ros2_ws/install/px4_msgs/include/px4_msgs/px4_msgs/msg/detail/qshell_req__builder.hpp\n'}
[2.756397] (px4_msgs) StdoutLine: {'line': b'-- Up-to-date symlink: /home/carlos/ros2_ws/install/px4_msgs/include/px4_msgs/px4_msgs/msg/detail/qshell_req__struct.hpp\n'}
[2.756500] (px4_msgs) StdoutLine: {'line': b'-- Up-to-date symlink: /home/carlos/ros2_ws/install/px4_msgs/include/px4_msgs/px4_msgs/msg/detail/qshell_req__traits.hpp\n'}
[2.756603] (px4_msgs) StdoutLine: {'line': b'-- Up-to-date symlink: /home/carlos/ros2_ws/install/px4_msgs/include/px4_msgs/px4_msgs/msg/detail/qshell_req__type_support.hpp\n'}
[2.756712] (px4_msgs) StdoutLine: {'line': b'-- Up-to-date symlink: /home/carlos/ros2_ws/install/px4_msgs/include/px4_msgs/px4_msgs/msg/detail/qshell_retval__builder.hpp\n'}
[2.756818] (px4_msgs) StdoutLine: {'line': b'-- Up-to-date symlink: /home/carlos/ros2_ws/install/px4_msgs/include/px4_msgs/px4_msgs/msg/detail/qshell_retval__struct.hpp\n'}
[2.756925] (px4_msgs) StdoutLine: {'line': b'-- Up-to-date symlink: /home/carlos/ros2_ws/install/px4_msgs/include/px4_msgs/px4_msgs/msg/detail/qshell_retval__traits.hpp\n'}
[2.757031] (px4_msgs) StdoutLine: {'line': b'-- Up-to-date symlink: /home/carlos/ros2_ws/install/px4_msgs/include/px4_msgs/px4_msgs/msg/detail/qshell_retval__type_support.hpp\n'}
[2.757132] (px4_msgs) StdoutLine: {'line': b'-- Up-to-date symlink: /home/carlos/ros2_ws/install/px4_msgs/include/px4_msgs/px4_msgs/msg/detail/radio_status__builder.hpp\n'}
[2.757234] (px4_msgs) StdoutLine: {'line': b'-- Up-to-date symlink: /home/carlos/ros2_ws/install/px4_msgs/include/px4_msgs/px4_msgs/msg/detail/radio_status__struct.hpp\n'}
[2.757335] (px4_msgs) StdoutLine: {'line': b'-- Up-to-date symlink: /home/carlos/ros2_ws/install/px4_msgs/include/px4_msgs/px4_msgs/msg/detail/radio_status__traits.hpp\n'}
[2.757435] (px4_msgs) StdoutLine: {'line': b'-- Up-to-date symlink: /home/carlos/ros2_ws/install/px4_msgs/include/px4_msgs/px4_msgs/msg/detail/radio_status__type_support.hpp\n'}
[2.757535] (px4_msgs) StdoutLine: {'line': b'-- Up-to-date symlink: /home/carlos/ros2_ws/install/px4_msgs/include/px4_msgs/px4_msgs/msg/detail/rate_ctrl_status__builder.hpp\n'}
[2.757636] (px4_msgs) StdoutLine: {'line': b'-- Up-to-date symlink: /home/carlos/ros2_ws/install/px4_msgs/include/px4_msgs/px4_msgs/msg/detail/rate_ctrl_status__struct.hpp\n'}
[2.757737] (px4_msgs) StdoutLine: {'line': b'-- Up-to-date symlink: /home/carlos/ros2_ws/install/px4_msgs/include/px4_msgs/px4_msgs/msg/detail/rate_ctrl_status__traits.hpp\n'}
[2.757846] (px4_msgs) StdoutLine: {'line': b'-- Up-to-date symlink: /home/carlos/ros2_ws/install/px4_msgs/include/px4_msgs/px4_msgs/msg/detail/rate_ctrl_status__type_support.hpp\n'}
[2.757955] (px4_msgs) StdoutLine: {'line': b'-- Up-to-date symlink: /home/carlos/ros2_ws/install/px4_msgs/include/px4_msgs/px4_msgs/msg/detail/rc_channels__builder.hpp\n'}
[2.758059] (px4_msgs) StdoutLine: {'line': b'-- Up-to-date symlink: /home/carlos/ros2_ws/install/px4_msgs/include/px4_msgs/px4_msgs/msg/detail/rc_channels__struct.hpp\n'}
[2.758162] (px4_msgs) StdoutLine: {'line': b'-- Up-to-date symlink: /home/carlos/ros2_ws/install/px4_msgs/include/px4_msgs/px4_msgs/msg/detail/rc_channels__traits.hpp\n'}
[2.758266] (px4_msgs) StdoutLine: {'line': b'-- Up-to-date symlink: /home/carlos/ros2_ws/install/px4_msgs/include/px4_msgs/px4_msgs/msg/detail/rc_channels__type_support.hpp\n'}
[2.758370] (px4_msgs) StdoutLine: {'line': b'-- Up-to-date symlink: /home/carlos/ros2_ws/install/px4_msgs/include/px4_msgs/px4_msgs/msg/detail/rc_parameter_map__builder.hpp\n'}
[2.758472] (px4_msgs) StdoutLine: {'line': b'-- Up-to-date symlink: /home/carlos/ros2_ws/install/px4_msgs/include/px4_msgs/px4_msgs/msg/detail/rc_parameter_map__struct.hpp\n'}
[2.758576] (px4_msgs) StdoutLine: {'line': b'-- Up-to-date symlink: /home/carlos/ros2_ws/install/px4_msgs/include/px4_msgs/px4_msgs/msg/detail/rc_parameter_map__traits.hpp\n'}
[2.758679] (px4_msgs) StdoutLine: {'line': b'-- Up-to-date symlink: /home/carlos/ros2_ws/install/px4_msgs/include/px4_msgs/px4_msgs/msg/detail/rc_parameter_map__type_support.hpp\n'}
[2.758791] (px4_msgs) StdoutLine: {'line': b'-- Up-to-date symlink: /home/carlos/ros2_ws/install/px4_msgs/include/px4_msgs/px4_msgs/msg/detail/register_ext_component_reply__builder.hpp\n'}
[2.758899] (px4_msgs) StdoutLine: {'line': b'-- Up-to-date symlink: /home/carlos/ros2_ws/install/px4_msgs/include/px4_msgs/px4_msgs/msg/detail/register_ext_component_reply__struct.hpp\n'}
[2.759003] (px4_msgs) StdoutLine: {'line': b'-- Up-to-date symlink: /home/carlos/ros2_ws/install/px4_msgs/include/px4_msgs/px4_msgs/msg/detail/register_ext_component_reply__traits.hpp\n'}
[2.759107] (px4_msgs) StdoutLine: {'line': b'-- Up-to-date symlink: /home/carlos/ros2_ws/install/px4_msgs/include/px4_msgs/px4_msgs/msg/detail/register_ext_component_reply__type_support.hpp\n'}
[2.759204] (px4_msgs) StdoutLine: {'line': b'-- Up-to-date symlink: /home/carlos/ros2_ws/install/px4_msgs/include/px4_msgs/px4_msgs/msg/detail/register_ext_component_request__builder.hpp\n'}
[2.759306] (px4_msgs) StdoutLine: {'line': b'-- Up-to-date symlink: /home/carlos/ros2_ws/install/px4_msgs/include/px4_msgs/px4_msgs/msg/detail/register_ext_component_request__struct.hpp\n'}
[2.759408] (px4_msgs) StdoutLine: {'line': b'-- Up-to-date symlink: /home/carlos/ros2_ws/install/px4_msgs/include/px4_msgs/px4_msgs/msg/detail/register_ext_component_request__traits.hpp\n'}
[2.759511] (px4_msgs) StdoutLine: {'line': b'-- Up-to-date symlink: /home/carlos/ros2_ws/install/px4_msgs/include/px4_msgs/px4_msgs/msg/detail/register_ext_component_request__type_support.hpp\n'}
[2.759613] (px4_msgs) StdoutLine: {'line': b'-- Up-to-date symlink: /home/carlos/ros2_ws/install/px4_msgs/include/px4_msgs/px4_msgs/msg/detail/rover_attitude_setpoint__builder.hpp\n'}
[2.759716] (px4_msgs) StdoutLine: {'line': b'-- Up-to-date symlink: /home/carlos/ros2_ws/install/px4_msgs/include/px4_msgs/px4_msgs/msg/detail/rover_attitude_setpoint__struct.hpp\n'}
[2.759831] (px4_msgs) StdoutLine: {'line': b'-- Up-to-date symlink: /home/carlos/ros2_ws/install/px4_msgs/include/px4_msgs/px4_msgs/msg/detail/rover_attitude_setpoint__traits.hpp\n'}
[2.759933] (px4_msgs) StdoutLine: {'line': b'-- Up-to-date symlink: /home/carlos/ros2_ws/install/px4_msgs/include/px4_msgs/px4_msgs/msg/detail/rover_attitude_setpoint__type_support.hpp\n'}
[2.760035] (px4_msgs) StdoutLine: {'line': b'-- Up-to-date symlink: /home/carlos/ros2_ws/install/px4_msgs/include/px4_msgs/px4_msgs/msg/detail/rover_attitude_status__builder.hpp\n'}
[2.760136] (px4_msgs) StdoutLine: {'line': b'-- Up-to-date symlink: /home/carlos/ros2_ws/install/px4_msgs/include/px4_msgs/px4_msgs/msg/detail/rover_attitude_status__struct.hpp\n'}
[2.760237] (px4_msgs) StdoutLine: {'line': b'-- Up-to-date symlink: /home/carlos/ros2_ws/install/px4_msgs/include/px4_msgs/px4_msgs/msg/detail/rover_attitude_status__traits.hpp\n'}
[2.760345] (px4_msgs) StdoutLine: {'line': b'-- Up-to-date symlink: /home/carlos/ros2_ws/install/px4_msgs/include/px4_msgs/px4_msgs/msg/detail/rover_attitude_status__type_support.hpp\n'}
[2.760449] (px4_msgs) StdoutLine: {'line': b'-- Up-to-date symlink: /home/carlos/ros2_ws/install/px4_msgs/include/px4_msgs/px4_msgs/msg/detail/rover_position_setpoint__builder.hpp\n'}
[2.760558] (px4_msgs) StdoutLine: {'line': b'-- Up-to-date symlink: /home/carlos/ros2_ws/install/px4_msgs/include/px4_msgs/px4_msgs/msg/detail/rover_position_setpoint__struct.hpp\n'}
[2.760663] (px4_msgs) StdoutLine: {'line': b'-- Up-to-date symlink: /home/carlos/ros2_ws/install/px4_msgs/include/px4_msgs/px4_msgs/msg/detail/rover_position_setpoint__traits.hpp\n'}
[2.760773] (px4_msgs) StdoutLine: {'line': b'-- Up-to-date symlink: /home/carlos/ros2_ws/install/px4_msgs/include/px4_msgs/px4_msgs/msg/detail/rover_position_setpoint__type_support.hpp\n'}
[2.760882] (px4_msgs) StdoutLine: {'line': b'-- Up-to-date symlink: /home/carlos/ros2_ws/install/px4_msgs/include/px4_msgs/px4_msgs/msg/detail/rover_rate_setpoint__builder.hpp\n'}
[2.760985] (px4_msgs) StdoutLine: {'line': b'-- Up-to-date symlink: /home/carlos/ros2_ws/install/px4_msgs/include/px4_msgs/px4_msgs/msg/detail/rover_rate_setpoint__struct.hpp\n'}
[2.761089] (px4_msgs) StdoutLine: {'line': b'-- Up-to-date symlink: /home/carlos/ros2_ws/install/px4_msgs/include/px4_msgs/px4_msgs/msg/detail/rover_rate_setpoint__traits.hpp\n'}
[2.761193] (px4_msgs) StdoutLine: {'line': b'-- Up-to-date symlink: /home/carlos/ros2_ws/install/px4_msgs/include/px4_msgs/px4_msgs/msg/detail/rover_rate_setpoint__type_support.hpp\n'}
[2.761296] (px4_msgs) StdoutLine: {'line': b'-- Up-to-date symlink: /home/carlos/ros2_ws/install/px4_msgs/include/px4_msgs/px4_msgs/msg/detail/rover_rate_status__builder.hpp\n'}
[2.761400] (px4_msgs) StdoutLine: {'line': b'-- Up-to-date symlink: /home/carlos/ros2_ws/install/px4_msgs/include/px4_msgs/px4_msgs/msg/detail/rover_rate_status__struct.hpp\n'}
[2.761502] (px4_msgs) StdoutLine: {'line': b'-- Up-to-date symlink: /home/carlos/ros2_ws/install/px4_msgs/include/px4_msgs/px4_msgs/msg/detail/rover_rate_status__traits.hpp\n'}
[2.761599] (px4_msgs) StdoutLine: {'line': b'-- Up-to-date symlink: /home/carlos/ros2_ws/install/px4_msgs/include/px4_msgs/px4_msgs/msg/detail/rover_rate_status__type_support.hpp\n'}
[2.761699] (px4_msgs) StdoutLine: {'line': b'-- Up-to-date symlink: /home/carlos/ros2_ws/install/px4_msgs/include/px4_msgs/px4_msgs/msg/detail/rover_speed_setpoint__builder.hpp\n'}
[2.761807] (px4_msgs) StdoutLine: {'line': b'-- Up-to-date symlink: /home/carlos/ros2_ws/install/px4_msgs/include/px4_msgs/px4_msgs/msg/detail/rover_speed_setpoint__struct.hpp\n'}
[2.761910] (px4_msgs) StdoutLine: {'line': b'-- Up-to-date symlink: /home/carlos/ros2_ws/install/px4_msgs/include/px4_msgs/px4_msgs/msg/detail/rover_speed_setpoint__traits.hpp\n'}
[2.762011] (px4_msgs) StdoutLine: {'line': b'-- Up-to-date symlink: /home/carlos/ros2_ws/install/px4_msgs/include/px4_msgs/px4_msgs/msg/detail/rover_speed_setpoint__type_support.hpp\n'}
[2.762112] (px4_msgs) StdoutLine: {'line': b'-- Up-to-date symlink: /home/carlos/ros2_ws/install/px4_msgs/include/px4_msgs/px4_msgs/msg/detail/rover_speed_status__builder.hpp\n'}
[2.762213] (px4_msgs) StdoutLine: {'line': b'-- Up-to-date symlink: /home/carlos/ros2_ws/install/px4_msgs/include/px4_msgs/px4_msgs/msg/detail/rover_speed_status__struct.hpp\n'}
[2.762314] (px4_msgs) StdoutLine: {'line': b'-- Up-to-date symlink: /home/carlos/ros2_ws/install/px4_msgs/include/px4_msgs/px4_msgs/msg/detail/rover_speed_status__traits.hpp\n'}
[2.762415] (px4_msgs) StdoutLine: {'line': b'-- Up-to-date symlink: /home/carlos/ros2_ws/install/px4_msgs/include/px4_msgs/px4_msgs/msg/detail/rover_speed_status__type_support.hpp\n'}
[2.762516] (px4_msgs) StdoutLine: {'line': b'-- Up-to-date symlink: /home/carlos/ros2_ws/install/px4_msgs/include/px4_msgs/px4_msgs/msg/detail/rover_steering_setpoint__builder.hpp\n'}
[2.762618] (px4_msgs) StdoutLine: {'line': b'-- Up-to-date symlink: /home/carlos/ros2_ws/install/px4_msgs/include/px4_msgs/px4_msgs/msg/detail/rover_steering_setpoint__struct.hpp\n'}
[2.762723] (px4_msgs) StdoutLine: {'line': b'-- Up-to-date symlink: /home/carlos/ros2_ws/install/px4_msgs/include/px4_msgs/px4_msgs/msg/detail/rover_steering_setpoint__traits.hpp\n'}
[2.762837] (px4_msgs) StdoutLine: {'line': b'-- Up-to-date symlink: /home/carlos/ros2_ws/install/px4_msgs/include/px4_msgs/px4_msgs/msg/detail/rover_steering_setpoint__type_support.hpp\n'}
[2.762939] (px4_msgs) StdoutLine: {'line': b'-- Up-to-date symlink: /home/carlos/ros2_ws/install/px4_msgs/include/px4_msgs/px4_msgs/msg/detail/rover_throttle_setpoint__builder.hpp\n'}
[2.763039] (px4_msgs) StdoutLine: {'line': b'-- Up-to-date symlink: /home/carlos/ros2_ws/install/px4_msgs/include/px4_msgs/px4_msgs/msg/detail/rover_throttle_setpoint__struct.hpp\n'}
[2.763139] (px4_msgs) StdoutLine: {'line': b'-- Up-to-date symlink: /home/carlos/ros2_ws/install/px4_msgs/include/px4_msgs/px4_msgs/msg/detail/rover_throttle_setpoint__traits.hpp\n'}
[2.763241] (px4_msgs) StdoutLine: {'line': b'-- Up-to-date symlink: /home/carlos/ros2_ws/install/px4_msgs/include/px4_msgs/px4_msgs/msg/detail/rover_throttle_setpoint__type_support.hpp\n'}
[2.763342] (px4_msgs) StdoutLine: {'line': b'-- Up-to-date symlink: /home/carlos/ros2_ws/install/px4_msgs/include/px4_msgs/px4_msgs/msg/detail/rpm__builder.hpp\n'}
[2.763444] (px4_msgs) StdoutLine: {'line': b'-- Up-to-date symlink: /home/carlos/ros2_ws/install/px4_msgs/include/px4_msgs/px4_msgs/msg/detail/rpm__struct.hpp\n'}
[2.763544] (px4_msgs) StdoutLine: {'line': b'-- Up-to-date symlink: /home/carlos/ros2_ws/install/px4_msgs/include/px4_msgs/px4_msgs/msg/detail/rpm__traits.hpp\n'}
[2.763646] (px4_msgs) StdoutLine: {'line': b'-- Up-to-date symlink: /home/carlos/ros2_ws/install/px4_msgs/include/px4_msgs/px4_msgs/msg/detail/rpm__type_support.hpp\n'}
[2.763750] (px4_msgs) StdoutLine: {'line': b'-- Up-to-date symlink: /home/carlos/ros2_ws/install/px4_msgs/include/px4_msgs/px4_msgs/msg/detail/rtl_status__builder.hpp\n'}
[2.763861] (px4_msgs) StdoutLine: {'line': b'-- Up-to-date symlink: /home/carlos/ros2_ws/install/px4_msgs/include/px4_msgs/px4_msgs/msg/detail/rtl_status__struct.hpp\n'}
[2.763956] (px4_msgs) StdoutLine: {'line': b'-- Up-to-date symlink: /home/carlos/ros2_ws/install/px4_msgs/include/px4_msgs/px4_msgs/msg/detail/rtl_status__traits.hpp\n'}
[2.764056] (px4_msgs) StdoutLine: {'line': b'-- Up-to-date symlink: /home/carlos/ros2_ws/install/px4_msgs/include/px4_msgs/px4_msgs/msg/detail/rtl_status__type_support.hpp\n'}
[2.764158] (px4_msgs) StdoutLine: {'line': b'-- Up-to-date symlink: /home/carlos/ros2_ws/install/px4_msgs/include/px4_msgs/px4_msgs/msg/detail/rtl_time_estimate__builder.hpp\n'}
[2.764258] (px4_msgs) StdoutLine: {'line': b'-- Up-to-date symlink: /home/carlos/ros2_ws/install/px4_msgs/include/px4_msgs/px4_msgs/msg/detail/rtl_time_estimate__struct.hpp\n'}
[2.764359] (px4_msgs) StdoutLine: {'line': b'-- Up-to-date symlink: /home/carlos/ros2_ws/install/px4_msgs/include/px4_msgs/px4_msgs/msg/detail/rtl_time_estimate__traits.hpp\n'}
[2.764459] (px4_msgs) StdoutLine: {'line': b'-- Up-to-date symlink: /home/carlos/ros2_ws/install/px4_msgs/include/px4_msgs/px4_msgs/msg/detail/rtl_time_estimate__type_support.hpp\n'}
[2.764565] (px4_msgs) StdoutLine: {'line': b'-- Up-to-date symlink: /home/carlos/ros2_ws/install/px4_msgs/include/px4_msgs/px4_msgs/msg/detail/satellite_info__builder.hpp\n'}
[2.764667] (px4_msgs) StdoutLine: {'line': b'-- Up-to-date symlink: /home/carlos/ros2_ws/install/px4_msgs/include/px4_msgs/px4_msgs/msg/detail/satellite_info__struct.hpp\n'}
[2.764773] (px4_msgs) StdoutLine: {'line': b'-- Up-to-date symlink: /home/carlos/ros2_ws/install/px4_msgs/include/px4_msgs/px4_msgs/msg/detail/satellite_info__traits.hpp\n'}
[2.764881] (px4_msgs) StdoutLine: {'line': b'-- Up-to-date symlink: /home/carlos/ros2_ws/install/px4_msgs/include/px4_msgs/px4_msgs/msg/detail/satellite_info__type_support.hpp\n'}
[2.764982] (px4_msgs) StdoutLine: {'line': b'-- Up-to-date symlink: /home/carlos/ros2_ws/install/px4_msgs/include/px4_msgs/px4_msgs/msg/detail/sensor_accel__builder.hpp\n'}
[2.765083] (px4_msgs) StdoutLine: {'line': b'-- Up-to-date symlink: /home/carlos/ros2_ws/install/px4_msgs/include/px4_msgs/px4_msgs/msg/detail/sensor_accel__struct.hpp\n'}
[2.765185] (px4_msgs) StdoutLine: {'line': b'-- Up-to-date symlink: /home/carlos/ros2_ws/install/px4_msgs/include/px4_msgs/px4_msgs/msg/detail/sensor_accel__traits.hpp\n'}
[2.765286] (px4_msgs) StdoutLine: {'line': b'-- Up-to-date symlink: /home/carlos/ros2_ws/install/px4_msgs/include/px4_msgs/px4_msgs/msg/detail/sensor_accel__type_support.hpp\n'}
[2.765387] (px4_msgs) StdoutLine: {'line': b'-- Up-to-date symlink: /home/carlos/ros2_ws/install/px4_msgs/include/px4_msgs/px4_msgs/msg/detail/sensor_accel_fifo__builder.hpp\n'}
[2.765489] (px4_msgs) StdoutLine: {'line': b'-- Up-to-date symlink: /home/carlos/ros2_ws/install/px4_msgs/include/px4_msgs/px4_msgs/msg/detail/sensor_accel_fifo__struct.hpp\n'}
[2.765589] (px4_msgs) StdoutLine: {'line': b'-- Up-to-date symlink: /home/carlos/ros2_ws/install/px4_msgs/include/px4_msgs/px4_msgs/msg/detail/sensor_accel_fifo__traits.hpp\n'}
[2.765690] (px4_msgs) StdoutLine: {'line': b'-- Up-to-date symlink: /home/carlos/ros2_ws/install/px4_msgs/include/px4_msgs/px4_msgs/msg/detail/sensor_accel_fifo__type_support.hpp\n'}
[2.765799] (px4_msgs) StdoutLine: {'line': b'-- Up-to-date symlink: /home/carlos/ros2_ws/install/px4_msgs/include/px4_msgs/px4_msgs/msg/detail/sensor_airflow__builder.hpp\n'}
[2.765903] (px4_msgs) StdoutLine: {'line': b'-- Up-to-date symlink: /home/carlos/ros2_ws/install/px4_msgs/include/px4_msgs/px4_msgs/msg/detail/sensor_airflow__struct.hpp\n'}
[2.766004] (px4_msgs) StdoutLine: {'line': b'-- Up-to-date symlink: /home/carlos/ros2_ws/install/px4_msgs/include/px4_msgs/px4_msgs/msg/detail/sensor_airflow__traits.hpp\n'}
[2.766105] (px4_msgs) StdoutLine: {'line': b'-- Up-to-date symlink: /home/carlos/ros2_ws/install/px4_msgs/include/px4_msgs/px4_msgs/msg/detail/sensor_airflow__type_support.hpp\n'}
[2.766207] (px4_msgs) StdoutLine: {'line': b'-- Up-to-date symlink: /home/carlos/ros2_ws/install/px4_msgs/include/px4_msgs/px4_msgs/msg/detail/sensor_baro__builder.hpp\n'}
[2.766314] (px4_msgs) StdoutLine: {'line': b'-- Up-to-date symlink: /home/carlos/ros2_ws/install/px4_msgs/include/px4_msgs/px4_msgs/msg/detail/sensor_baro__struct.hpp\n'}
[2.766415] (px4_msgs) StdoutLine: {'line': b'-- Up-to-date symlink: /home/carlos/ros2_ws/install/px4_msgs/include/px4_msgs/px4_msgs/msg/detail/sensor_baro__traits.hpp\n'}
[2.766518] (px4_msgs) StdoutLine: {'line': b'-- Up-to-date symlink: /home/carlos/ros2_ws/install/px4_msgs/include/px4_msgs/px4_msgs/msg/detail/sensor_baro__type_support.hpp\n'}
[2.766620] (px4_msgs) StdoutLine: {'line': b'-- Up-to-date symlink: /home/carlos/ros2_ws/install/px4_msgs/include/px4_msgs/px4_msgs/msg/detail/sensor_combined__builder.hpp\n'}
[2.766723] (px4_msgs) StdoutLine: {'line': b'-- Up-to-date symlink: /home/carlos/ros2_ws/install/px4_msgs/include/px4_msgs/px4_msgs/msg/detail/sensor_combined__struct.hpp\n'}
[2.766837] (px4_msgs) StdoutLine: {'line': b'-- Up-to-date symlink: /home/carlos/ros2_ws/install/px4_msgs/include/px4_msgs/px4_msgs/msg/detail/sensor_combined__traits.hpp\n'}
[2.766941] (px4_msgs) StdoutLine: {'line': b'-- Up-to-date symlink: /home/carlos/ros2_ws/install/px4_msgs/include/px4_msgs/px4_msgs/msg/detail/sensor_combined__type_support.hpp\n'}
[2.767044] (px4_msgs) StdoutLine: {'line': b'-- Up-to-date symlink: /home/carlos/ros2_ws/install/px4_msgs/include/px4_msgs/px4_msgs/msg/detail/sensor_correction__builder.hpp\n'}
[2.767145] (px4_msgs) StdoutLine: {'line': b'-- Up-to-date symlink: /home/carlos/ros2_ws/install/px4_msgs/include/px4_msgs/px4_msgs/msg/detail/sensor_correction__struct.hpp\n'}
[2.767247] (px4_msgs) StdoutLine: {'line': b'-- Up-to-date symlink: /home/carlos/ros2_ws/install/px4_msgs/include/px4_msgs/px4_msgs/msg/detail/sensor_correction__traits.hpp\n'}
[2.767349] (px4_msgs) StdoutLine: {'line': b'-- Up-to-date symlink: /home/carlos/ros2_ws/install/px4_msgs/include/px4_msgs/px4_msgs/msg/detail/sensor_correction__type_support.hpp\n'}
[2.767451] (px4_msgs) StdoutLine: {'line': b'-- Up-to-date symlink: /home/carlos/ros2_ws/install/px4_msgs/include/px4_msgs/px4_msgs/msg/detail/sensor_gnss_relative__builder.hpp\n'}
[2.767547] (px4_msgs) StdoutLine: {'line': b'-- Up-to-date symlink: /home/carlos/ros2_ws/install/px4_msgs/include/px4_msgs/px4_msgs/msg/detail/sensor_gnss_relative__struct.hpp\n'}
[2.767646] (px4_msgs) StdoutLine: {'line': b'-- Up-to-date symlink: /home/carlos/ros2_ws/install/px4_msgs/include/px4_msgs/px4_msgs/msg/detail/sensor_gnss_relative__traits.hpp\n'}
[2.767751] (px4_msgs) StdoutLine: {'line': b'-- Up-to-date symlink: /home/carlos/ros2_ws/install/px4_msgs/include/px4_msgs/px4_msgs/msg/detail/sensor_gnss_relative__type_support.hpp\n'}
[2.767857] (px4_msgs) StdoutLine: {'line': b'-- Up-to-date symlink: /home/carlos/ros2_ws/install/px4_msgs/include/px4_msgs/px4_msgs/msg/detail/sensor_gnss_status__builder.hpp\n'}
[2.767956] (px4_msgs) StdoutLine: {'line': b'-- Up-to-date symlink: /home/carlos/ros2_ws/install/px4_msgs/include/px4_msgs/px4_msgs/msg/detail/sensor_gnss_status__struct.hpp\n'}
[2.768055] (px4_msgs) StdoutLine: {'line': b'-- Up-to-date symlink: /home/carlos/ros2_ws/install/px4_msgs/include/px4_msgs/px4_msgs/msg/detail/sensor_gnss_status__traits.hpp\n'}
[2.768161] (px4_msgs) StdoutLine: {'line': b'-- Up-to-date symlink: /home/carlos/ros2_ws/install/px4_msgs/include/px4_msgs/px4_msgs/msg/detail/sensor_gnss_status__type_support.hpp\n'}
[2.768262] (px4_msgs) StdoutLine: {'line': b'-- Up-to-date symlink: /home/carlos/ros2_ws/install/px4_msgs/include/px4_msgs/px4_msgs/msg/detail/sensor_gps__builder.hpp\n'}
[2.768362] (px4_msgs) StdoutLine: {'line': b'-- Up-to-date symlink: /home/carlos/ros2_ws/install/px4_msgs/include/px4_msgs/px4_msgs/msg/detail/sensor_gps__struct.hpp\n'}
[2.768461] (px4_msgs) StdoutLine: {'line': b'-- Up-to-date symlink: /home/carlos/ros2_ws/install/px4_msgs/include/px4_msgs/px4_msgs/msg/detail/sensor_gps__traits.hpp\n'}
[2.768568] (px4_msgs) StdoutLine: {'line': b'-- Up-to-date symlink: /home/carlos/ros2_ws/install/px4_msgs/include/px4_msgs/px4_msgs/msg/detail/sensor_gps__type_support.hpp\n'}
[2.768669] (px4_msgs) StdoutLine: {'line': b'-- Up-to-date symlink: /home/carlos/ros2_ws/install/px4_msgs/include/px4_msgs/px4_msgs/msg/detail/sensor_gyro__builder.hpp\n'}
[2.768785] (px4_msgs) StdoutLine: {'line': b'-- Up-to-date symlink: /home/carlos/ros2_ws/install/px4_msgs/include/px4_msgs/px4_msgs/msg/detail/sensor_gyro__struct.hpp\n'}
[2.768892] (px4_msgs) StdoutLine: {'line': b'-- Up-to-date symlink: /home/carlos/ros2_ws/install/px4_msgs/include/px4_msgs/px4_msgs/msg/detail/sensor_gyro__traits.hpp\n'}
[2.768994] (px4_msgs) StdoutLine: {'line': b'-- Up-to-date symlink: /home/carlos/ros2_ws/install/px4_msgs/include/px4_msgs/px4_msgs/msg/detail/sensor_gyro__type_support.hpp\n'}
[2.769097] (px4_msgs) StdoutLine: {'line': b'-- Up-to-date symlink: /home/carlos/ros2_ws/install/px4_msgs/include/px4_msgs/px4_msgs/msg/detail/sensor_gyro_fft__builder.hpp\n'}
[2.769199] (px4_msgs) StdoutLine: {'line': b'-- Up-to-date symlink: /home/carlos/ros2_ws/install/px4_msgs/include/px4_msgs/px4_msgs/msg/detail/sensor_gyro_fft__struct.hpp\n'}
[2.769302] (px4_msgs) StdoutLine: {'line': b'-- Up-to-date symlink: /home/carlos/ros2_ws/install/px4_msgs/include/px4_msgs/px4_msgs/msg/detail/sensor_gyro_fft__traits.hpp\n'}
[2.769405] (px4_msgs) StdoutLine: {'line': b'-- Up-to-date symlink: /home/carlos/ros2_ws/install/px4_msgs/include/px4_msgs/px4_msgs/msg/detail/sensor_gyro_fft__type_support.hpp\n'}
[2.769508] (px4_msgs) StdoutLine: {'line': b'-- Up-to-date symlink: /home/carlos/ros2_ws/install/px4_msgs/include/px4_msgs/px4_msgs/msg/detail/sensor_gyro_fifo__builder.hpp\n'}
[2.769610] (px4_msgs) StdoutLine: {'line': b'-- Up-to-date symlink: /home/carlos/ros2_ws/install/px4_msgs/include/px4_msgs/px4_msgs/msg/detail/sensor_gyro_fifo__struct.hpp\n'}
[2.769713] (px4_msgs) StdoutLine: {'line': b'-- Up-to-date symlink: /home/carlos/ros2_ws/install/px4_msgs/include/px4_msgs/px4_msgs/msg/detail/sensor_gyro_fifo__traits.hpp\n'}
[2.769828] (px4_msgs) StdoutLine: {'line': b'-- Up-to-date symlink: /home/carlos/ros2_ws/install/px4_msgs/include/px4_msgs/px4_msgs/msg/detail/sensor_gyro_fifo__type_support.hpp\n'}
[2.769931] (px4_msgs) StdoutLine: {'line': b'-- Up-to-date symlink: /home/carlos/ros2_ws/install/px4_msgs/include/px4_msgs/px4_msgs/msg/detail/sensor_hygrometer__builder.hpp\n'}
[2.770028] (px4_msgs) StdoutLine: {'line': b'-- Up-to-date symlink: /home/carlos/ros2_ws/install/px4_msgs/include/px4_msgs/px4_msgs/msg/detail/sensor_hygrometer__struct.hpp\n'}
[2.770129] (px4_msgs) StdoutLine: {'line': b'-- Up-to-date symlink: /home/carlos/ros2_ws/install/px4_msgs/include/px4_msgs/px4_msgs/msg/detail/sensor_hygrometer__traits.hpp\n'}
[2.770229] (px4_msgs) StdoutLine: {'line': b'-- Up-to-date symlink: /home/carlos/ros2_ws/install/px4_msgs/include/px4_msgs/px4_msgs/msg/detail/sensor_hygrometer__type_support.hpp\n'}
[2.770331] (px4_msgs) StdoutLine: {'line': b'-- Up-to-date symlink: /home/carlos/ros2_ws/install/px4_msgs/include/px4_msgs/px4_msgs/msg/detail/sensor_mag__builder.hpp\n'}
[2.770432] (px4_msgs) StdoutLine: {'line': b'-- Up-to-date symlink: /home/carlos/ros2_ws/install/px4_msgs/include/px4_msgs/px4_msgs/msg/detail/sensor_mag__struct.hpp\n'}
[2.770533] (px4_msgs) StdoutLine: {'line': b'-- Up-to-date symlink: /home/carlos/ros2_ws/install/px4_msgs/include/px4_msgs/px4_msgs/msg/detail/sensor_mag__traits.hpp\n'}
[2.770634] (px4_msgs) StdoutLine: {'line': b'-- Up-to-date symlink: /home/carlos/ros2_ws/install/px4_msgs/include/px4_msgs/px4_msgs/msg/detail/sensor_mag__type_support.hpp\n'}
[2.770735] (px4_msgs) StdoutLine: {'line': b'-- Up-to-date symlink: /home/carlos/ros2_ws/install/px4_msgs/include/px4_msgs/px4_msgs/msg/detail/sensor_optical_flow__builder.hpp\n'}
[2.770848] (px4_msgs) StdoutLine: {'line': b'-- Up-to-date symlink: /home/carlos/ros2_ws/install/px4_msgs/include/px4_msgs/px4_msgs/msg/detail/sensor_optical_flow__struct.hpp\n'}
[2.770948] (px4_msgs) StdoutLine: {'line': b'-- Up-to-date symlink: /home/carlos/ros2_ws/install/px4_msgs/include/px4_msgs/px4_msgs/msg/detail/sensor_optical_flow__traits.hpp\n'}
[2.771048] (px4_msgs) StdoutLine: {'line': b'-- Up-to-date symlink: /home/carlos/ros2_ws/install/px4_msgs/include/px4_msgs/px4_msgs/msg/detail/sensor_optical_flow__type_support.hpp\n'}
[2.771155] (px4_msgs) StdoutLine: {'line': b'-- Up-to-date symlink: /home/carlos/ros2_ws/install/px4_msgs/include/px4_msgs/px4_msgs/msg/detail/sensor_preflight_mag__builder.hpp\n'}
[2.771255] (px4_msgs) StdoutLine: {'line': b'-- Up-to-date symlink: /home/carlos/ros2_ws/install/px4_msgs/include/px4_msgs/px4_msgs/msg/detail/sensor_preflight_mag__struct.hpp\n'}
[2.771357] (px4_msgs) StdoutLine: {'line': b'-- Up-to-date symlink: /home/carlos/ros2_ws/install/px4_msgs/include/px4_msgs/px4_msgs/msg/detail/sensor_preflight_mag__traits.hpp\n'}
[2.771458] (px4_msgs) StdoutLine: {'line': b'-- Up-to-date symlink: /home/carlos/ros2_ws/install/px4_msgs/include/px4_msgs/px4_msgs/msg/detail/sensor_preflight_mag__type_support.hpp\n'}
[2.771559] (px4_msgs) StdoutLine: {'line': b'-- Up-to-date symlink: /home/carlos/ros2_ws/install/px4_msgs/include/px4_msgs/px4_msgs/msg/detail/sensor_selection__builder.hpp\n'}
[2.771661] (px4_msgs) StdoutLine: {'line': b'-- Up-to-date symlink: /home/carlos/ros2_ws/install/px4_msgs/include/px4_msgs/px4_msgs/msg/detail/sensor_selection__struct.hpp\n'}
[2.771768] (px4_msgs) StdoutLine: {'line': b'-- Up-to-date symlink: /home/carlos/ros2_ws/install/px4_msgs/include/px4_msgs/px4_msgs/msg/detail/sensor_selection__traits.hpp\n'}
[2.771878] (px4_msgs) StdoutLine: {'line': b'-- Up-to-date symlink: /home/carlos/ros2_ws/install/px4_msgs/include/px4_msgs/px4_msgs/msg/detail/sensor_selection__type_support.hpp\n'}
[2.771980] (px4_msgs) StdoutLine: {'line': b'-- Up-to-date symlink: /home/carlos/ros2_ws/install/px4_msgs/include/px4_msgs/px4_msgs/msg/detail/sensor_uwb__builder.hpp\n'}
[2.772081] (px4_msgs) StdoutLine: {'line': b'-- Up-to-date symlink: /home/carlos/ros2_ws/install/px4_msgs/include/px4_msgs/px4_msgs/msg/detail/sensor_uwb__struct.hpp\n'}
[2.772183] (px4_msgs) StdoutLine: {'line': b'-- Up-to-date symlink: /home/carlos/ros2_ws/install/px4_msgs/include/px4_msgs/px4_msgs/msg/detail/sensor_uwb__traits.hpp\n'}
[2.772285] (px4_msgs) StdoutLine: {'line': b'-- Up-to-date symlink: /home/carlos/ros2_ws/install/px4_msgs/include/px4_msgs/px4_msgs/msg/detail/sensor_uwb__type_support.hpp\n'}
[2.772382] (px4_msgs) StdoutLine: {'line': b'-- Up-to-date symlink: /home/carlos/ros2_ws/install/px4_msgs/include/px4_msgs/px4_msgs/msg/detail/sensors_status__builder.hpp\n'}
[2.772485] (px4_msgs) StdoutLine: {'line': b'-- Up-to-date symlink: /home/carlos/ros2_ws/install/px4_msgs/include/px4_msgs/px4_msgs/msg/detail/sensors_status__struct.hpp\n'}
[2.772593] (px4_msgs) StdoutLine: {'line': b'-- Up-to-date symlink: /home/carlos/ros2_ws/install/px4_msgs/include/px4_msgs/px4_msgs/msg/detail/sensors_status__traits.hpp\n'}
[2.772696] (px4_msgs) StdoutLine: {'line': b'-- Up-to-date symlink: /home/carlos/ros2_ws/install/px4_msgs/include/px4_msgs/px4_msgs/msg/detail/sensors_status__type_support.hpp\n'}
[2.772806] (px4_msgs) StdoutLine: {'line': b'-- Up-to-date symlink: /home/carlos/ros2_ws/install/px4_msgs/include/px4_msgs/px4_msgs/msg/detail/sensors_status_imu__builder.hpp\n'}
[2.772916] (px4_msgs) StdoutLine: {'line': b'-- Up-to-date symlink: /home/carlos/ros2_ws/install/px4_msgs/include/px4_msgs/px4_msgs/msg/detail/sensors_status_imu__struct.hpp\n'}
[2.773018] (px4_msgs) StdoutLine: {'line': b'-- Up-to-date symlink: /home/carlos/ros2_ws/install/px4_msgs/include/px4_msgs/px4_msgs/msg/detail/sensors_status_imu__traits.hpp\n'}
[2.773121] (px4_msgs) StdoutLine: {'line': b'-- Up-to-date symlink: /home/carlos/ros2_ws/install/px4_msgs/include/px4_msgs/px4_msgs/msg/detail/sensors_status_imu__type_support.hpp\n'}
[2.773224] (px4_msgs) StdoutLine: {'line': b'-- Up-to-date symlink: /home/carlos/ros2_ws/install/px4_msgs/include/px4_msgs/px4_msgs/msg/detail/system_power__builder.hpp\n'}
[2.773327] (px4_msgs) StdoutLine: {'line': b'-- Up-to-date symlink: /home/carlos/ros2_ws/install/px4_msgs/include/px4_msgs/px4_msgs/msg/detail/system_power__struct.hpp\n'}
[2.773430] (px4_msgs) StdoutLine: {'line': b'-- Up-to-date symlink: /home/carlos/ros2_ws/install/px4_msgs/include/px4_msgs/px4_msgs/msg/detail/system_power__traits.hpp\n'}
[2.773538] (px4_msgs) StdoutLine: {'line': b'-- Up-to-date symlink: /home/carlos/ros2_ws/install/px4_msgs/include/px4_msgs/px4_msgs/msg/detail/system_power__type_support.hpp\n'}
[2.773640] (px4_msgs) StdoutLine: {'line': b'-- Up-to-date symlink: /home/carlos/ros2_ws/install/px4_msgs/include/px4_msgs/px4_msgs/msg/detail/takeoff_status__builder.hpp\n'}
[2.773742] (px4_msgs) StdoutLine: {'line': b'-- Up-to-date symlink: /home/carlos/ros2_ws/install/px4_msgs/include/px4_msgs/px4_msgs/msg/detail/takeoff_status__struct.hpp\n'}
[2.773851] (px4_msgs) StdoutLine: {'line': b'-- Up-to-date symlink: /home/carlos/ros2_ws/install/px4_msgs/include/px4_msgs/px4_msgs/msg/detail/takeoff_status__traits.hpp\n'}
[2.773953] (px4_msgs) StdoutLine: {'line': b'-- Up-to-date symlink: /home/carlos/ros2_ws/install/px4_msgs/include/px4_msgs/px4_msgs/msg/detail/takeoff_status__type_support.hpp\n'}
[2.774055] (px4_msgs) StdoutLine: {'line': b'-- Up-to-date symlink: /home/carlos/ros2_ws/install/px4_msgs/include/px4_msgs/px4_msgs/msg/detail/task_stack_info__builder.hpp\n'}
[2.774158] (px4_msgs) StdoutLine: {'line': b'-- Up-to-date symlink: /home/carlos/ros2_ws/install/px4_msgs/include/px4_msgs/px4_msgs/msg/detail/task_stack_info__struct.hpp\n'}
[2.774259] (px4_msgs) StdoutLine: {'line': b'-- Up-to-date symlink: /home/carlos/ros2_ws/install/px4_msgs/include/px4_msgs/px4_msgs/msg/detail/task_stack_info__traits.hpp\n'}
[2.774362] (px4_msgs) StdoutLine: {'line': b'-- Up-to-date symlink: /home/carlos/ros2_ws/install/px4_msgs/include/px4_msgs/px4_msgs/msg/detail/task_stack_info__type_support.hpp\n'}
[2.774464] (px4_msgs) StdoutLine: {'line': b'-- Up-to-date symlink: /home/carlos/ros2_ws/install/px4_msgs/include/px4_msgs/px4_msgs/msg/detail/tecs_status__builder.hpp\n'}
[2.774566] (px4_msgs) StdoutLine: {'line': b'-- Up-to-date symlink: /home/carlos/ros2_ws/install/px4_msgs/include/px4_msgs/px4_msgs/msg/detail/tecs_status__struct.hpp\n'}
[2.774669] (px4_msgs) StdoutLine: {'line': b'-- Up-to-date symlink: /home/carlos/ros2_ws/install/px4_msgs/include/px4_msgs/px4_msgs/msg/detail/tecs_status__traits.hpp\n'}
[2.774769] (px4_msgs) StdoutLine: {'line': b'-- Up-to-date symlink: /home/carlos/ros2_ws/install/px4_msgs/include/px4_msgs/px4_msgs/msg/detail/tecs_status__type_support.hpp\n'}
[2.774877] (px4_msgs) StdoutLine: {'line': b'-- Up-to-date symlink: /home/carlos/ros2_ws/install/px4_msgs/include/px4_msgs/px4_msgs/msg/detail/telemetry_status__builder.hpp\n'}
[2.774975] (px4_msgs) StdoutLine: {'line': b'-- Up-to-date symlink: /home/carlos/ros2_ws/install/px4_msgs/include/px4_msgs/px4_msgs/msg/detail/telemetry_status__struct.hpp\n'}
[2.775074] (px4_msgs) StdoutLine: {'line': b'-- Up-to-date symlink: /home/carlos/ros2_ws/install/px4_msgs/include/px4_msgs/px4_msgs/msg/detail/telemetry_status__traits.hpp\n'}
[2.775176] (px4_msgs) StdoutLine: {'line': b'-- Up-to-date symlink: /home/carlos/ros2_ws/install/px4_msgs/include/px4_msgs/px4_msgs/msg/detail/telemetry_status__type_support.hpp\n'}
[2.775276] (px4_msgs) StdoutLine: {'line': b'-- Up-to-date symlink: /home/carlos/ros2_ws/install/px4_msgs/include/px4_msgs/px4_msgs/msg/detail/tiltrotor_extra_controls__builder.hpp\n'}
[2.775376] (px4_msgs) StdoutLine: {'line': b'-- Up-to-date symlink: /home/carlos/ros2_ws/install/px4_msgs/include/px4_msgs/px4_msgs/msg/detail/tiltrotor_extra_controls__struct.hpp\n'}
[2.775476] (px4_msgs) StdoutLine: {'line': b'-- Up-to-date symlink: /home/carlos/ros2_ws/install/px4_msgs/include/px4_msgs/px4_msgs/msg/detail/tiltrotor_extra_controls__traits.hpp\n'}
[2.775579] (px4_msgs) StdoutLine: {'line': b'-- Up-to-date symlink: /home/carlos/ros2_ws/install/px4_msgs/include/px4_msgs/px4_msgs/msg/detail/tiltrotor_extra_controls__type_support.hpp\n'}
[2.775678] (px4_msgs) StdoutLine: {'line': b'-- Up-to-date symlink: /home/carlos/ros2_ws/install/px4_msgs/include/px4_msgs/px4_msgs/msg/detail/timesync_status__builder.hpp\n'}
[2.775787] (px4_msgs) StdoutLine: {'line': b'-- Up-to-date symlink: /home/carlos/ros2_ws/install/px4_msgs/include/px4_msgs/px4_msgs/msg/detail/timesync_status__struct.hpp\n'}
[2.775890] (px4_msgs) StdoutLine: {'line': b'-- Up-to-date symlink: /home/carlos/ros2_ws/install/px4_msgs/include/px4_msgs/px4_msgs/msg/detail/timesync_status__traits.hpp\n'}
[2.775993] (px4_msgs) StdoutLine: {'line': b'-- Up-to-date symlink: /home/carlos/ros2_ws/install/px4_msgs/include/px4_msgs/px4_msgs/msg/detail/timesync_status__type_support.hpp\n'}
[2.776094] (px4_msgs) StdoutLine: {'line': b'-- Up-to-date symlink: /home/carlos/ros2_ws/install/px4_msgs/include/px4_msgs/px4_msgs/msg/detail/trajectory_setpoint6dof__builder.hpp\n'}
[2.776197] (px4_msgs) StdoutLine: {'line': b'-- Up-to-date symlink: /home/carlos/ros2_ws/install/px4_msgs/include/px4_msgs/px4_msgs/msg/detail/trajectory_setpoint6dof__struct.hpp\n'}
[2.776297] (px4_msgs) StdoutLine: {'line': b'-- Up-to-date symlink: /home/carlos/ros2_ws/install/px4_msgs/include/px4_msgs/px4_msgs/msg/detail/trajectory_setpoint6dof__traits.hpp\n'}
[2.776399] (px4_msgs) StdoutLine: {'line': b'-- Up-to-date symlink: /home/carlos/ros2_ws/install/px4_msgs/include/px4_msgs/px4_msgs/msg/detail/trajectory_setpoint6dof__type_support.hpp\n'}
[2.776501] (px4_msgs) StdoutLine: {'line': b'-- Up-to-date symlink: /home/carlos/ros2_ws/install/px4_msgs/include/px4_msgs/px4_msgs/msg/detail/trajectory_setpoint__builder.hpp\n'}
[2.776608] (px4_msgs) StdoutLine: {'line': b'-- Up-to-date symlink: /home/carlos/ros2_ws/install/px4_msgs/include/px4_msgs/px4_msgs/msg/detail/trajectory_setpoint__struct.hpp\n'}
[2.776709] (px4_msgs) StdoutLine: {'line': b'-- Up-to-date symlink: /home/carlos/ros2_ws/install/px4_msgs/include/px4_msgs/px4_msgs/msg/detail/trajectory_setpoint__traits.hpp\n'}
[2.776825] (px4_msgs) StdoutLine: {'line': b'-- Up-to-date symlink: /home/carlos/ros2_ws/install/px4_msgs/include/px4_msgs/px4_msgs/msg/detail/trajectory_setpoint__type_support.hpp\n'}
[2.776925] (px4_msgs) StdoutLine: {'line': b'-- Up-to-date symlink: /home/carlos/ros2_ws/install/px4_msgs/include/px4_msgs/px4_msgs/msg/detail/transponder_report__builder.hpp\n'}
[2.777027] (px4_msgs) StdoutLine: {'line': b'-- Up-to-date symlink: /home/carlos/ros2_ws/install/px4_msgs/include/px4_msgs/px4_msgs/msg/detail/transponder_report__struct.hpp\n'}
[2.777133] (px4_msgs) StdoutLine: {'line': b'-- Up-to-date symlink: /home/carlos/ros2_ws/install/px4_msgs/include/px4_msgs/px4_msgs/msg/detail/transponder_report__traits.hpp\n'}
[2.777234] (px4_msgs) StdoutLine: {'line': b'-- Up-to-date symlink: /home/carlos/ros2_ws/install/px4_msgs/include/px4_msgs/px4_msgs/msg/detail/transponder_report__type_support.hpp\n'}
[2.777336] (px4_msgs) StdoutLine: {'line': b'-- Up-to-date symlink: /home/carlos/ros2_ws/install/px4_msgs/include/px4_msgs/px4_msgs/msg/detail/tune_control__builder.hpp\n'}
[2.777437] (px4_msgs) StdoutLine: {'line': b'-- Up-to-date symlink: /home/carlos/ros2_ws/install/px4_msgs/include/px4_msgs/px4_msgs/msg/detail/tune_control__struct.hpp\n'}
[2.777538] (px4_msgs) StdoutLine: {'line': b'-- Up-to-date symlink: /home/carlos/ros2_ws/install/px4_msgs/include/px4_msgs/px4_msgs/msg/detail/tune_control__traits.hpp\n'}
[2.777640] (px4_msgs) StdoutLine: {'line': b'-- Up-to-date symlink: /home/carlos/ros2_ws/install/px4_msgs/include/px4_msgs/px4_msgs/msg/detail/tune_control__type_support.hpp\n'}
[2.777742] (px4_msgs) StdoutLine: {'line': b'-- Up-to-date symlink: /home/carlos/ros2_ws/install/px4_msgs/include/px4_msgs/px4_msgs/msg/detail/uavcan_parameter_request__builder.hpp\n'}
[2.777854] (px4_msgs) StdoutLine: {'line': b'-- Up-to-date symlink: /home/carlos/ros2_ws/install/px4_msgs/include/px4_msgs/px4_msgs/msg/detail/uavcan_parameter_request__struct.hpp\n'}
[2.777954] (px4_msgs) StdoutLine: {'line': b'-- Up-to-date symlink: /home/carlos/ros2_ws/install/px4_msgs/include/px4_msgs/px4_msgs/msg/detail/uavcan_parameter_request__traits.hpp\n'}
[2.778056] (px4_msgs) StdoutLine: {'line': b'-- Up-to-date symlink: /home/carlos/ros2_ws/install/px4_msgs/include/px4_msgs/px4_msgs/msg/detail/uavcan_parameter_request__type_support.hpp\n'}
[2.778158] (px4_msgs) StdoutLine: {'line': b'-- Up-to-date symlink: /home/carlos/ros2_ws/install/px4_msgs/include/px4_msgs/px4_msgs/msg/detail/uavcan_parameter_value__builder.hpp\n'}
[2.778258] (px4_msgs) StdoutLine: {'line': b'-- Up-to-date symlink: /home/carlos/ros2_ws/install/px4_msgs/include/px4_msgs/px4_msgs/msg/detail/uavcan_parameter_value__struct.hpp\n'}
[2.778354] (px4_msgs) StdoutLine: {'line': b'-- Up-to-date symlink: /home/carlos/ros2_ws/install/px4_msgs/include/px4_msgs/px4_msgs/msg/detail/uavcan_parameter_value__traits.hpp\n'}
[2.778456] (px4_msgs) StdoutLine: {'line': b'-- Up-to-date symlink: /home/carlos/ros2_ws/install/px4_msgs/include/px4_msgs/px4_msgs/msg/detail/uavcan_parameter_value__type_support.hpp\n'}
[2.778559] (px4_msgs) StdoutLine: {'line': b'-- Up-to-date symlink: /home/carlos/ros2_ws/install/px4_msgs/include/px4_msgs/px4_msgs/msg/detail/ulog_stream__builder.hpp\n'}
[2.778661] (px4_msgs) StdoutLine: {'line': b'-- Up-to-date symlink: /home/carlos/ros2_ws/install/px4_msgs/include/px4_msgs/px4_msgs/msg/detail/ulog_stream__struct.hpp\n'}
[2.778766] (px4_msgs) StdoutLine: {'line': b'-- Up-to-date symlink: /home/carlos/ros2_ws/install/px4_msgs/include/px4_msgs/px4_msgs/msg/detail/ulog_stream__traits.hpp\n'}
[2.778895] (px4_msgs) StdoutLine: {'line': b'-- Up-to-date symlink: /home/carlos/ros2_ws/install/px4_msgs/include/px4_msgs/px4_msgs/msg/detail/ulog_stream__type_support.hpp\n'}
[2.778997] (px4_msgs) StdoutLine: {'line': b'-- Up-to-date symlink: /home/carlos/ros2_ws/install/px4_msgs/include/px4_msgs/px4_msgs/msg/detail/ulog_stream_ack__builder.hpp\n'}
[2.779100] (px4_msgs) StdoutLine: {'line': b'-- Up-to-date symlink: /home/carlos/ros2_ws/install/px4_msgs/include/px4_msgs/px4_msgs/msg/detail/ulog_stream_ack__struct.hpp\n'}
[2.779201] (px4_msgs) StdoutLine: {'line': b'-- Up-to-date symlink: /home/carlos/ros2_ws/install/px4_msgs/include/px4_msgs/px4_msgs/msg/detail/ulog_stream_ack__traits.hpp\n'}
[2.779307] (px4_msgs) StdoutLine: {'line': b'-- Up-to-date symlink: /home/carlos/ros2_ws/install/px4_msgs/include/px4_msgs/px4_msgs/msg/detail/ulog_stream_ack__type_support.hpp\n'}
[2.779410] (px4_msgs) StdoutLine: {'line': b'-- Up-to-date symlink: /home/carlos/ros2_ws/install/px4_msgs/include/px4_msgs/px4_msgs/msg/detail/unregister_ext_component__builder.hpp\n'}
[2.779518] (px4_msgs) StdoutLine: {'line': b'-- Up-to-date symlink: /home/carlos/ros2_ws/install/px4_msgs/include/px4_msgs/px4_msgs/msg/detail/unregister_ext_component__struct.hpp\n'}
[2.779622] (px4_msgs) StdoutLine: {'line': b'-- Up-to-date symlink: /home/carlos/ros2_ws/install/px4_msgs/include/px4_msgs/px4_msgs/msg/detail/unregister_ext_component__traits.hpp\n'}
[2.779725] (px4_msgs) StdoutLine: {'line': b'-- Up-to-date symlink: /home/carlos/ros2_ws/install/px4_msgs/include/px4_msgs/px4_msgs/msg/detail/unregister_ext_component__type_support.hpp\n'}
[2.779841] (px4_msgs) StdoutLine: {'line': b'-- Up-to-date symlink: /home/carlos/ros2_ws/install/px4_msgs/include/px4_msgs/px4_msgs/msg/detail/vehicle_acceleration__builder.hpp\n'}
[2.779944] (px4_msgs) StdoutLine: {'line': b'-- Up-to-date symlink: /home/carlos/ros2_ws/install/px4_msgs/include/px4_msgs/px4_msgs/msg/detail/vehicle_acceleration__struct.hpp\n'}
[2.780046] (px4_msgs) StdoutLine: {'line': b'-- Up-to-date symlink: /home/carlos/ros2_ws/install/px4_msgs/include/px4_msgs/px4_msgs/msg/detail/vehicle_acceleration__traits.hpp\n'}
[2.780149] (px4_msgs) StdoutLine: {'line': b'-- Up-to-date symlink: /home/carlos/ros2_ws/install/px4_msgs/include/px4_msgs/px4_msgs/msg/detail/vehicle_acceleration__type_support.hpp\n'}
[2.780251] (px4_msgs) StdoutLine: {'line': b'-- Up-to-date symlink: /home/carlos/ros2_ws/install/px4_msgs/include/px4_msgs/px4_msgs/msg/detail/vehicle_air_data__builder.hpp\n'}
[2.780354] (px4_msgs) StdoutLine: {'line': b'-- Up-to-date symlink: /home/carlos/ros2_ws/install/px4_msgs/include/px4_msgs/px4_msgs/msg/detail/vehicle_air_data__struct.hpp\n'}
[2.780457] (px4_msgs) StdoutLine: {'line': b'-- Up-to-date symlink: /home/carlos/ros2_ws/install/px4_msgs/include/px4_msgs/px4_msgs/msg/detail/vehicle_air_data__traits.hpp\n'}
[2.780569] (px4_msgs) StdoutLine: {'line': b'-- Up-to-date symlink: /home/carlos/ros2_ws/install/px4_msgs/include/px4_msgs/px4_msgs/msg/detail/vehicle_air_data__type_support.hpp\n'}
[2.780674] (px4_msgs) StdoutLine: {'line': b'-- Up-to-date symlink: /home/carlos/ros2_ws/install/px4_msgs/include/px4_msgs/px4_msgs/msg/detail/vehicle_angular_acceleration_setpoint__builder.hpp\n'}
[2.780780] (px4_msgs) StdoutLine: {'line': b'-- Up-to-date symlink: /home/carlos/ros2_ws/install/px4_msgs/include/px4_msgs/px4_msgs/msg/detail/vehicle_angular_acceleration_setpoint__struct.hpp\n'}
[2.780884] (px4_msgs) StdoutLine: {'line': b'-- Up-to-date symlink: /home/carlos/ros2_ws/install/px4_msgs/include/px4_msgs/px4_msgs/msg/detail/vehicle_angular_acceleration_setpoint__traits.hpp\n'}
[2.780986] (px4_msgs) StdoutLine: {'line': b'-- Up-to-date symlink: /home/carlos/ros2_ws/install/px4_msgs/include/px4_msgs/px4_msgs/msg/detail/vehicle_angular_acceleration_setpoint__type_support.hpp\n'}
[2.781089] (px4_msgs) StdoutLine: {'line': b'-- Up-to-date symlink: /home/carlos/ros2_ws/install/px4_msgs/include/px4_msgs/px4_msgs/msg/detail/vehicle_angular_velocity__builder.hpp\n'}
[2.781191] (px4_msgs) StdoutLine: {'line': b'-- Up-to-date symlink: /home/carlos/ros2_ws/install/px4_msgs/include/px4_msgs/px4_msgs/msg/detail/vehicle_angular_velocity__struct.hpp\n'}
[2.781292] (px4_msgs) StdoutLine: {'line': b'-- Up-to-date symlink: /home/carlos/ros2_ws/install/px4_msgs/include/px4_msgs/px4_msgs/msg/detail/vehicle_angular_velocity__traits.hpp\n'}
[2.781392] (px4_msgs) StdoutLine: {'line': b'-- Up-to-date symlink: /home/carlos/ros2_ws/install/px4_msgs/include/px4_msgs/px4_msgs/msg/detail/vehicle_angular_velocity__type_support.hpp\n'}
[2.781495] (px4_msgs) StdoutLine: {'line': b'-- Up-to-date symlink: /home/carlos/ros2_ws/install/px4_msgs/include/px4_msgs/px4_msgs/msg/detail/vehicle_attitude__builder.hpp\n'}
[2.781596] (px4_msgs) StdoutLine: {'line': b'-- Up-to-date symlink: /home/carlos/ros2_ws/install/px4_msgs/include/px4_msgs/px4_msgs/msg/detail/vehicle_attitude__struct.hpp\n'}
[2.781697] (px4_msgs) StdoutLine: {'line': b'-- Up-to-date symlink: /home/carlos/ros2_ws/install/px4_msgs/include/px4_msgs/px4_msgs/msg/detail/vehicle_attitude__traits.hpp\n'}
[2.781805] (px4_msgs) StdoutLine: {'line': b'-- Up-to-date symlink: /home/carlos/ros2_ws/install/px4_msgs/include/px4_msgs/px4_msgs/msg/detail/vehicle_attitude__type_support.hpp\n'}
[2.781913] (px4_msgs) StdoutLine: {'line': b'-- Up-to-date symlink: /home/carlos/ros2_ws/install/px4_msgs/include/px4_msgs/px4_msgs/msg/detail/vehicle_attitude_setpoint__builder.hpp\n'}
[2.782017] (px4_msgs) StdoutLine: {'line': b'-- Up-to-date symlink: /home/carlos/ros2_ws/install/px4_msgs/include/px4_msgs/px4_msgs/msg/detail/vehicle_attitude_setpoint__struct.hpp\n'}
[2.782119] (px4_msgs) StdoutLine: {'line': b'-- Up-to-date symlink: /home/carlos/ros2_ws/install/px4_msgs/include/px4_msgs/px4_msgs/msg/detail/vehicle_attitude_setpoint__traits.hpp\n'}
[2.782223] (px4_msgs) StdoutLine: {'line': b'-- Up-to-date symlink: /home/carlos/ros2_ws/install/px4_msgs/include/px4_msgs/px4_msgs/msg/detail/vehicle_attitude_setpoint__type_support.hpp\n'}
[2.782326] (px4_msgs) StdoutLine: {'line': b'-- Up-to-date symlink: /home/carlos/ros2_ws/install/px4_msgs/include/px4_msgs/px4_msgs/msg/detail/vehicle_command__builder.hpp\n'}
[2.782429] (px4_msgs) StdoutLine: {'line': b'-- Up-to-date symlink: /home/carlos/ros2_ws/install/px4_msgs/include/px4_msgs/px4_msgs/msg/detail/vehicle_command__struct.hpp\n'}
[2.782532] (px4_msgs) StdoutLine: {'line': b'-- Up-to-date symlink: /home/carlos/ros2_ws/install/px4_msgs/include/px4_msgs/px4_msgs/msg/detail/vehicle_command__traits.hpp\n'}
[2.782634] (px4_msgs) StdoutLine: {'line': b'-- Up-to-date symlink: /home/carlos/ros2_ws/install/px4_msgs/include/px4_msgs/px4_msgs/msg/detail/vehicle_command__type_support.hpp\n'}
[2.782737] (px4_msgs) StdoutLine: {'line': b'-- Up-to-date symlink: /home/carlos/ros2_ws/install/px4_msgs/include/px4_msgs/px4_msgs/msg/detail/vehicle_command_ack__builder.hpp\n'}
[2.782851] (px4_msgs) StdoutLine: {'line': b'-- Up-to-date symlink: /home/carlos/ros2_ws/install/px4_msgs/include/px4_msgs/px4_msgs/msg/detail/vehicle_command_ack__struct.hpp\n'}
[2.782954] (px4_msgs) StdoutLine: {'line': b'-- Up-to-date symlink: /home/carlos/ros2_ws/install/px4_msgs/include/px4_msgs/px4_msgs/msg/detail/vehicle_command_ack__traits.hpp\n'}
[2.783056] (px4_msgs) StdoutLine: {'line': b'-- Up-to-date symlink: /home/carlos/ros2_ws/install/px4_msgs/include/px4_msgs/px4_msgs/msg/detail/vehicle_command_ack__type_support.hpp\n'}
[2.783153] (px4_msgs) StdoutLine: {'line': b'-- Up-to-date symlink: /home/carlos/ros2_ws/install/px4_msgs/include/px4_msgs/px4_msgs/msg/detail/vehicle_constraints__builder.hpp\n'}
[2.783253] (px4_msgs) StdoutLine: {'line': b'-- Up-to-date symlink: /home/carlos/ros2_ws/install/px4_msgs/include/px4_msgs/px4_msgs/msg/detail/vehicle_constraints__struct.hpp\n'}
[2.783352] (px4_msgs) StdoutLine: {'line': b'-- Up-to-date symlink: /home/carlos/ros2_ws/install/px4_msgs/include/px4_msgs/px4_msgs/msg/detail/vehicle_constraints__traits.hpp\n'}
[2.783452] (px4_msgs) StdoutLine: {'line': b'-- Up-to-date symlink: /home/carlos/ros2_ws/install/px4_msgs/include/px4_msgs/px4_msgs/msg/detail/vehicle_constraints__type_support.hpp\n'}
[2.783551] (px4_msgs) StdoutLine: {'line': b'-- Up-to-date symlink: /home/carlos/ros2_ws/install/px4_msgs/include/px4_msgs/px4_msgs/msg/detail/vehicle_control_mode__builder.hpp\n'}
[2.783650] (px4_msgs) StdoutLine: {'line': b'-- Up-to-date symlink: /home/carlos/ros2_ws/install/px4_msgs/include/px4_msgs/px4_msgs/msg/detail/vehicle_control_mode__struct.hpp\n'}
[2.783757] (px4_msgs) StdoutLine: {'line': b'-- Up-to-date symlink: /home/carlos/ros2_ws/install/px4_msgs/include/px4_msgs/px4_msgs/msg/detail/vehicle_control_mode__traits.hpp\n'}
[2.783859] (px4_msgs) StdoutLine: {'line': b'-- Up-to-date symlink: /home/carlos/ros2_ws/install/px4_msgs/include/px4_msgs/px4_msgs/msg/detail/vehicle_control_mode__type_support.hpp\n'}
[2.783959] (px4_msgs) StdoutLine: {'line': b'-- Up-to-date symlink: /home/carlos/ros2_ws/install/px4_msgs/include/px4_msgs/px4_msgs/msg/detail/vehicle_global_position__builder.hpp\n'}
[2.784059] (px4_msgs) StdoutLine: {'line': b'-- Up-to-date symlink: /home/carlos/ros2_ws/install/px4_msgs/include/px4_msgs/px4_msgs/msg/detail/vehicle_global_position__struct.hpp\n'}
[2.784158] (px4_msgs) StdoutLine: {'line': b'-- Up-to-date symlink: /home/carlos/ros2_ws/install/px4_msgs/include/px4_msgs/px4_msgs/msg/detail/vehicle_global_position__traits.hpp\n'}
[2.784264] (px4_msgs) StdoutLine: {'line': b'-- Up-to-date symlink: /home/carlos/ros2_ws/install/px4_msgs/include/px4_msgs/px4_msgs/msg/detail/vehicle_global_position__type_support.hpp\n'}
[2.784375] (px4_msgs) StdoutLine: {'line': b'-- Up-to-date symlink: /home/carlos/ros2_ws/install/px4_msgs/include/px4_msgs/px4_msgs/msg/detail/vehicle_imu__builder.hpp\n'}
[2.784479] (px4_msgs) StdoutLine: {'line': b'-- Up-to-date symlink: /home/carlos/ros2_ws/install/px4_msgs/include/px4_msgs/px4_msgs/msg/detail/vehicle_imu__struct.hpp\n'}
[2.784584] (px4_msgs) StdoutLine: {'line': b'-- Up-to-date symlink: /home/carlos/ros2_ws/install/px4_msgs/include/px4_msgs/px4_msgs/msg/detail/vehicle_imu__traits.hpp\n'}
[2.784688] (px4_msgs) StdoutLine: {'line': b'-- Up-to-date symlink: /home/carlos/ros2_ws/install/px4_msgs/include/px4_msgs/px4_msgs/msg/detail/vehicle_imu__type_support.hpp\n'}
[2.784800] (px4_msgs) StdoutLine: {'line': b'-- Up-to-date symlink: /home/carlos/ros2_ws/install/px4_msgs/include/px4_msgs/px4_msgs/msg/detail/vehicle_imu_status__builder.hpp\n'}
[2.784910] (px4_msgs) StdoutLine: {'line': b'-- Up-to-date symlink: /home/carlos/ros2_ws/install/px4_msgs/include/px4_msgs/px4_msgs/msg/detail/vehicle_imu_status__struct.hpp\n'}
[2.785013] (px4_msgs) StdoutLine: {'line': b'-- Up-to-date symlink: /home/carlos/ros2_ws/install/px4_msgs/include/px4_msgs/px4_msgs/msg/detail/vehicle_imu_status__traits.hpp\n'}
[2.785117] (px4_msgs) StdoutLine: {'line': b'-- Up-to-date symlink: /home/carlos/ros2_ws/install/px4_msgs/include/px4_msgs/px4_msgs/msg/detail/vehicle_imu_status__type_support.hpp\n'}
[2.785221] (px4_msgs) StdoutLine: {'line': b'-- Up-to-date symlink: /home/carlos/ros2_ws/install/px4_msgs/include/px4_msgs/px4_msgs/msg/detail/vehicle_land_detected__builder.hpp\n'}
[2.785325] (px4_msgs) StdoutLine: {'line': b'-- Up-to-date symlink: /home/carlos/ros2_ws/install/px4_msgs/include/px4_msgs/px4_msgs/msg/detail/vehicle_land_detected__struct.hpp\n'}
[2.785428] (px4_msgs) StdoutLine: {'line': b'-- Up-to-date symlink: /home/carlos/ros2_ws/install/px4_msgs/include/px4_msgs/px4_msgs/msg/detail/vehicle_land_detected__traits.hpp\n'}
[2.785533] (px4_msgs) StdoutLine: {'line': b'-- Up-to-date symlink: /home/carlos/ros2_ws/install/px4_msgs/include/px4_msgs/px4_msgs/msg/detail/vehicle_land_detected__type_support.hpp\n'}
[2.785629] (px4_msgs) StdoutLine: {'line': b'-- Up-to-date symlink: /home/carlos/ros2_ws/install/px4_msgs/include/px4_msgs/px4_msgs/msg/detail/vehicle_local_position__builder.hpp\n'}
[2.785730] (px4_msgs) StdoutLine: {'line': b'-- Up-to-date symlink: /home/carlos/ros2_ws/install/px4_msgs/include/px4_msgs/px4_msgs/msg/detail/vehicle_local_position__struct.hpp\n'}
[2.785838] (px4_msgs) StdoutLine: {'line': b'-- Up-to-date symlink: /home/carlos/ros2_ws/install/px4_msgs/include/px4_msgs/px4_msgs/msg/detail/vehicle_local_position__traits.hpp\n'}
[2.785939] (px4_msgs) StdoutLine: {'line': b'-- Up-to-date symlink: /home/carlos/ros2_ws/install/px4_msgs/include/px4_msgs/px4_msgs/msg/detail/vehicle_local_position__type_support.hpp\n'}
[2.786041] (px4_msgs) StdoutLine: {'line': b'-- Up-to-date symlink: /home/carlos/ros2_ws/install/px4_msgs/include/px4_msgs/px4_msgs/msg/detail/vehicle_local_position_setpoint__builder.hpp\n'}
[2.786143] (px4_msgs) StdoutLine: {'line': b'-- Up-to-date symlink: /home/carlos/ros2_ws/install/px4_msgs/include/px4_msgs/px4_msgs/msg/detail/vehicle_local_position_setpoint__struct.hpp\n'}
[2.786244] (px4_msgs) StdoutLine: {'line': b'-- Up-to-date symlink: /home/carlos/ros2_ws/install/px4_msgs/include/px4_msgs/px4_msgs/msg/detail/vehicle_local_position_setpoint__traits.hpp\n'}
[2.786347] (px4_msgs) StdoutLine: {'line': b'-- Up-to-date symlink: /home/carlos/ros2_ws/install/px4_msgs/include/px4_msgs/px4_msgs/msg/detail/vehicle_local_position_setpoint__type_support.hpp\n'}
[2.786448] (px4_msgs) StdoutLine: {'line': b'-- Up-to-date symlink: /home/carlos/ros2_ws/install/px4_msgs/include/px4_msgs/px4_msgs/msg/detail/vehicle_magnetometer__builder.hpp\n'}
[2.786549] (px4_msgs) StdoutLine: {'line': b'-- Up-to-date symlink: /home/carlos/ros2_ws/install/px4_msgs/include/px4_msgs/px4_msgs/msg/detail/vehicle_magnetometer__struct.hpp\n'}
[2.786649] (px4_msgs) StdoutLine: {'line': b'-- Up-to-date symlink: /home/carlos/ros2_ws/install/px4_msgs/include/px4_msgs/px4_msgs/msg/detail/vehicle_magnetometer__traits.hpp\n'}
[2.786763] (px4_msgs) StdoutLine: {'line': b'-- Up-to-date symlink: /home/carlos/ros2_ws/install/px4_msgs/include/px4_msgs/px4_msgs/msg/detail/vehicle_magnetometer__type_support.hpp\n'}
[2.786870] (px4_msgs) StdoutLine: {'line': b'-- Up-to-date symlink: /home/carlos/ros2_ws/install/px4_msgs/include/px4_msgs/px4_msgs/msg/detail/vehicle_odometry__builder.hpp\n'}
[2.786972] (px4_msgs) StdoutLine: {'line': b'-- Up-to-date symlink: /home/carlos/ros2_ws/install/px4_msgs/include/px4_msgs/px4_msgs/msg/detail/vehicle_odometry__struct.hpp\n'}
[2.787073] (px4_msgs) StdoutLine: {'line': b'-- Up-to-date symlink: /home/carlos/ros2_ws/install/px4_msgs/include/px4_msgs/px4_msgs/msg/detail/vehicle_odometry__traits.hpp\n'}
[2.787175] (px4_msgs) StdoutLine: {'line': b'-- Up-to-date symlink: /home/carlos/ros2_ws/install/px4_msgs/include/px4_msgs/px4_msgs/msg/detail/vehicle_odometry__type_support.hpp\n'}
[2.787277] (px4_msgs) StdoutLine: {'line': b'-- Up-to-date symlink: /home/carlos/ros2_ws/install/px4_msgs/include/px4_msgs/px4_msgs/msg/detail/vehicle_optical_flow__builder.hpp\n'}
[2.787379] (px4_msgs) StdoutLine: {'line': b'-- Up-to-date symlink: /home/carlos/ros2_ws/install/px4_msgs/include/px4_msgs/px4_msgs/msg/detail/vehicle_optical_flow__struct.hpp\n'}
[2.787481] (px4_msgs) StdoutLine: {'line': b'-- Up-to-date symlink: /home/carlos/ros2_ws/install/px4_msgs/include/px4_msgs/px4_msgs/msg/detail/vehicle_optical_flow__traits.hpp\n'}
[2.787583] (px4_msgs) StdoutLine: {'line': b'-- Up-to-date symlink: /home/carlos/ros2_ws/install/px4_msgs/include/px4_msgs/px4_msgs/msg/detail/vehicle_optical_flow__type_support.hpp\n'}
[2.787685] (px4_msgs) StdoutLine: {'line': b'-- Up-to-date symlink: /home/carlos/ros2_ws/install/px4_msgs/include/px4_msgs/px4_msgs/msg/detail/vehicle_optical_flow_vel__builder.hpp\n'}
[2.787796] (px4_msgs) StdoutLine: {'line': b'-- Up-to-date symlink: /home/carlos/ros2_ws/install/px4_msgs/include/px4_msgs/px4_msgs/msg/detail/vehicle_optical_flow_vel__struct.hpp\n'}
[2.787905] (px4_msgs) StdoutLine: {'line': b'-- Up-to-date symlink: /home/carlos/ros2_ws/install/px4_msgs/include/px4_msgs/px4_msgs/msg/detail/vehicle_optical_flow_vel__traits.hpp\n'}
[2.788001] (px4_msgs) StdoutLine: {'line': b'-- Up-to-date symlink: /home/carlos/ros2_ws/install/px4_msgs/include/px4_msgs/px4_msgs/msg/detail/vehicle_optical_flow_vel__type_support.hpp\n'}
[2.788101] (px4_msgs) StdoutLine: {'line': b'-- Up-to-date symlink: /home/carlos/ros2_ws/install/px4_msgs/include/px4_msgs/px4_msgs/msg/detail/vehicle_rates_setpoint__builder.hpp\n'}
[2.788208] (px4_msgs) StdoutLine: {'line': b'-- Up-to-date symlink: /home/carlos/ros2_ws/install/px4_msgs/include/px4_msgs/px4_msgs/msg/detail/vehicle_rates_setpoint__struct.hpp\n'}
[2.788310] (px4_msgs) StdoutLine: {'line': b'-- Up-to-date symlink: /home/carlos/ros2_ws/install/px4_msgs/include/px4_msgs/px4_msgs/msg/detail/vehicle_rates_setpoint__traits.hpp\n'}
[2.788412] (px4_msgs) StdoutLine: {'line': b'-- Up-to-date symlink: /home/carlos/ros2_ws/install/px4_msgs/include/px4_msgs/px4_msgs/msg/detail/vehicle_rates_setpoint__type_support.hpp\n'}
[2.788514] (px4_msgs) StdoutLine: {'line': b'-- Up-to-date symlink: /home/carlos/ros2_ws/install/px4_msgs/include/px4_msgs/px4_msgs/msg/detail/vehicle_roi__builder.hpp\n'}
[2.788616] (px4_msgs) StdoutLine: {'line': b'-- Up-to-date symlink: /home/carlos/ros2_ws/install/px4_msgs/include/px4_msgs/px4_msgs/msg/detail/vehicle_roi__struct.hpp\n'}
[2.788717] (px4_msgs) StdoutLine: {'line': b'-- Up-to-date symlink: /home/carlos/ros2_ws/install/px4_msgs/include/px4_msgs/px4_msgs/msg/detail/vehicle_roi__traits.hpp\n'}
[2.788832] (px4_msgs) StdoutLine: {'line': b'-- Up-to-date symlink: /home/carlos/ros2_ws/install/px4_msgs/include/px4_msgs/px4_msgs/msg/detail/vehicle_roi__type_support.hpp\n'}
[2.788934] (px4_msgs) StdoutLine: {'line': b'-- Up-to-date symlink: /home/carlos/ros2_ws/install/px4_msgs/include/px4_msgs/px4_msgs/msg/detail/vehicle_status__builder.hpp\n'}
[2.789036] (px4_msgs) StdoutLine: {'line': b'-- Up-to-date symlink: /home/carlos/ros2_ws/install/px4_msgs/include/px4_msgs/px4_msgs/msg/detail/vehicle_status__struct.hpp\n'}
[2.789142] (px4_msgs) StdoutLine: {'line': b'-- Up-to-date symlink: /home/carlos/ros2_ws/install/px4_msgs/include/px4_msgs/px4_msgs/msg/detail/vehicle_status__traits.hpp\n'}
[2.789243] (px4_msgs) StdoutLine: {'line': b'-- Up-to-date symlink: /home/carlos/ros2_ws/install/px4_msgs/include/px4_msgs/px4_msgs/msg/detail/vehicle_status__type_support.hpp\n'}
[2.789344] (px4_msgs) StdoutLine: {'line': b'-- Up-to-date symlink: /home/carlos/ros2_ws/install/px4_msgs/include/px4_msgs/px4_msgs/msg/detail/vehicle_thrust_setpoint__builder.hpp\n'}
[2.789445] (px4_msgs) StdoutLine: {'line': b'-- Up-to-date symlink: /home/carlos/ros2_ws/install/px4_msgs/include/px4_msgs/px4_msgs/msg/detail/vehicle_thrust_setpoint__struct.hpp\n'}
[2.789545] (px4_msgs) StdoutLine: {'line': b'-- Up-to-date symlink: /home/carlos/ros2_ws/install/px4_msgs/include/px4_msgs/px4_msgs/msg/detail/vehicle_thrust_setpoint__traits.hpp\n'}
[2.789645] (px4_msgs) StdoutLine: {'line': b'-- Up-to-date symlink: /home/carlos/ros2_ws/install/px4_msgs/include/px4_msgs/px4_msgs/msg/detail/vehicle_thrust_setpoint__type_support.hpp\n'}
[2.789752] (px4_msgs) StdoutLine: {'line': b'-- Up-to-date symlink: /home/carlos/ros2_ws/install/px4_msgs/include/px4_msgs/px4_msgs/msg/detail/vehicle_torque_setpoint__builder.hpp\n'}
[2.789856] (px4_msgs) StdoutLine: {'line': b'-- Up-to-date symlink: /home/carlos/ros2_ws/install/px4_msgs/include/px4_msgs/px4_msgs/msg/detail/vehicle_torque_setpoint__struct.hpp\n'}
[2.789955] (px4_msgs) StdoutLine: {'line': b'-- Up-to-date symlink: /home/carlos/ros2_ws/install/px4_msgs/include/px4_msgs/px4_msgs/msg/detail/vehicle_torque_setpoint__traits.hpp\n'}
[2.790056] (px4_msgs) StdoutLine: {'line': b'-- Up-to-date symlink: /home/carlos/ros2_ws/install/px4_msgs/include/px4_msgs/px4_msgs/msg/detail/vehicle_torque_setpoint__type_support.hpp\n'}
[2.790157] (px4_msgs) StdoutLine: {'line': b'-- Up-to-date symlink: /home/carlos/ros2_ws/install/px4_msgs/include/px4_msgs/px4_msgs/msg/detail/velocity_limits__builder.hpp\n'}
[2.790258] (px4_msgs) StdoutLine: {'line': b'-- Up-to-date symlink: /home/carlos/ros2_ws/install/px4_msgs/include/px4_msgs/px4_msgs/msg/detail/velocity_limits__struct.hpp\n'}
[2.790358] (px4_msgs) StdoutLine: {'line': b'-- Up-to-date symlink: /home/carlos/ros2_ws/install/px4_msgs/include/px4_msgs/px4_msgs/msg/detail/velocity_limits__traits.hpp\n'}
[2.790461] (px4_msgs) StdoutLine: {'line': b'-- Up-to-date symlink: /home/carlos/ros2_ws/install/px4_msgs/include/px4_msgs/px4_msgs/msg/detail/velocity_limits__type_support.hpp\n'}
[2.790563] (px4_msgs) StdoutLine: {'line': b'-- Up-to-date symlink: /home/carlos/ros2_ws/install/px4_msgs/include/px4_msgs/px4_msgs/msg/detail/vtol_vehicle_status__builder.hpp\n'}
[2.790665] (px4_msgs) StdoutLine: {'line': b'-- Up-to-date symlink: /home/carlos/ros2_ws/install/px4_msgs/include/px4_msgs/px4_msgs/msg/detail/vtol_vehicle_status__struct.hpp\n'}
[2.790778] (px4_msgs) StdoutLine: {'line': b'-- Up-to-date symlink: /home/carlos/ros2_ws/install/px4_msgs/include/px4_msgs/px4_msgs/msg/detail/vtol_vehicle_status__traits.hpp\n'}
[2.790887] (px4_msgs) StdoutLine: {'line': b'-- Up-to-date symlink: /home/carlos/ros2_ws/install/px4_msgs/include/px4_msgs/px4_msgs/msg/detail/vtol_vehicle_status__type_support.hpp\n'}
[2.790999] (px4_msgs) StdoutLine: {'line': b'-- Up-to-date symlink: /home/carlos/ros2_ws/install/px4_msgs/include/px4_msgs/px4_msgs/msg/detail/wheel_encoders__builder.hpp\n'}
[2.791104] (px4_msgs) StdoutLine: {'line': b'-- Up-to-date symlink: /home/carlos/ros2_ws/install/px4_msgs/include/px4_msgs/px4_msgs/msg/detail/wheel_encoders__struct.hpp\n'}
[2.791207] (px4_msgs) StdoutLine: {'line': b'-- Up-to-date symlink: /home/carlos/ros2_ws/install/px4_msgs/include/px4_msgs/px4_msgs/msg/detail/wheel_encoders__traits.hpp\n'}
[2.791310] (px4_msgs) StdoutLine: {'line': b'-- Up-to-date symlink: /home/carlos/ros2_ws/install/px4_msgs/include/px4_msgs/px4_msgs/msg/detail/wheel_encoders__type_support.hpp\n'}
[2.791413] (px4_msgs) StdoutLine: {'line': b'-- Up-to-date symlink: /home/carlos/ros2_ws/install/px4_msgs/include/px4_msgs/px4_msgs/msg/detail/wind__builder.hpp\n'}
[2.791521] (px4_msgs) StdoutLine: {'line': b'-- Up-to-date symlink: /home/carlos/ros2_ws/install/px4_msgs/include/px4_msgs/px4_msgs/msg/detail/wind__struct.hpp\n'}
[2.791626] (px4_msgs) StdoutLine: {'line': b'-- Up-to-date symlink: /home/carlos/ros2_ws/install/px4_msgs/include/px4_msgs/px4_msgs/msg/detail/wind__traits.hpp\n'}
[2.791738] (px4_msgs) StdoutLine: {'line': b'-- Up-to-date symlink: /home/carlos/ros2_ws/install/px4_msgs/include/px4_msgs/px4_msgs/msg/detail/wind__type_support.hpp\n'}
[2.791851] (px4_msgs) StdoutLine: {'line': b'-- Up-to-date symlink: /home/carlos/ros2_ws/install/px4_msgs/include/px4_msgs/px4_msgs/msg/detail/yaw_estimator_status__builder.hpp\n'}
[2.791960] (px4_msgs) StdoutLine: {'line': b'-- Up-to-date symlink: /home/carlos/ros2_ws/install/px4_msgs/include/px4_msgs/px4_msgs/msg/detail/yaw_estimator_status__struct.hpp\n'}
[2.792065] (px4_msgs) StdoutLine: {'line': b'-- Up-to-date symlink: /home/carlos/ros2_ws/install/px4_msgs/include/px4_msgs/px4_msgs/msg/detail/yaw_estimator_status__traits.hpp\n'}
[2.792176] (px4_msgs) StdoutLine: {'line': b'-- Up-to-date symlink: /home/carlos/ros2_ws/install/px4_msgs/include/px4_msgs/px4_msgs/msg/detail/yaw_estimator_status__type_support.hpp\n'}
[2.792278] (px4_msgs) StdoutLine: {'line': b'-- Up-to-date symlink: /home/carlos/ros2_ws/install/px4_msgs/include/px4_msgs/px4_msgs/msg/differential_pressure.hpp\n'}
[2.792379] (px4_msgs) StdoutLine: {'line': b'-- Up-to-date symlink: /home/carlos/ros2_ws/install/px4_msgs/include/px4_msgs/px4_msgs/msg/distance_sensor.hpp\n'}
[2.792480] (px4_msgs) StdoutLine: {'line': b'-- Up-to-date symlink: /home/carlos/ros2_ws/install/px4_msgs/include/px4_msgs/px4_msgs/msg/distance_sensor_mode_change_request.hpp\n'}
[2.792580] (px4_msgs) StdoutLine: {'line': b'-- Up-to-date symlink: /home/carlos/ros2_ws/install/px4_msgs/include/px4_msgs/px4_msgs/msg/dronecan_node_status.hpp\n'}
[2.792680] (px4_msgs) StdoutLine: {'line': b'-- Up-to-date symlink: /home/carlos/ros2_ws/install/px4_msgs/include/px4_msgs/px4_msgs/msg/ekf2_timestamps.hpp\n'}
[2.792785] (px4_msgs) StdoutLine: {'line': b'-- Up-to-date symlink: /home/carlos/ros2_ws/install/px4_msgs/include/px4_msgs/px4_msgs/msg/esc_report.hpp\n'}
[2.792888] (px4_msgs) StdoutLine: {'line': b'-- Up-to-date symlink: /home/carlos/ros2_ws/install/px4_msgs/include/px4_msgs/px4_msgs/msg/esc_status.hpp\n'}
[2.792987] (px4_msgs) StdoutLine: {'line': b'-- Up-to-date symlink: /home/carlos/ros2_ws/install/px4_msgs/include/px4_msgs/px4_msgs/msg/estimator_aid_source1d.hpp\n'}
[2.793084] (px4_msgs) StdoutLine: {'line': b'-- Up-to-date symlink: /home/carlos/ros2_ws/install/px4_msgs/include/px4_msgs/px4_msgs/msg/estimator_aid_source2d.hpp\n'}
[2.793181] (px4_msgs) StdoutLine: {'line': b'-- Up-to-date symlink: /home/carlos/ros2_ws/install/px4_msgs/include/px4_msgs/px4_msgs/msg/estimator_aid_source3d.hpp\n'}
[2.793278] (px4_msgs) StdoutLine: {'line': b'-- Up-to-date symlink: /home/carlos/ros2_ws/install/px4_msgs/include/px4_msgs/px4_msgs/msg/estimator_bias.hpp\n'}
[2.793374] (px4_msgs) StdoutLine: {'line': b'-- Up-to-date symlink: /home/carlos/ros2_ws/install/px4_msgs/include/px4_msgs/px4_msgs/msg/estimator_bias3d.hpp\n'}
[2.793470] (px4_msgs) StdoutLine: {'line': b'-- Up-to-date symlink: /home/carlos/ros2_ws/install/px4_msgs/include/px4_msgs/px4_msgs/msg/estimator_event_flags.hpp\n'}
[2.793566] (px4_msgs) StdoutLine: {'line': b'-- Up-to-date symlink: /home/carlos/ros2_ws/install/px4_msgs/include/px4_msgs/px4_msgs/msg/estimator_gps_status.hpp\n'}
[2.793663] (px4_msgs) StdoutLine: {'line': b'-- Up-to-date symlink: /home/carlos/ros2_ws/install/px4_msgs/include/px4_msgs/px4_msgs/msg/estimator_innovations.hpp\n'}
[2.793763] (px4_msgs) StdoutLine: {'line': b'-- Up-to-date symlink: /home/carlos/ros2_ws/install/px4_msgs/include/px4_msgs/px4_msgs/msg/estimator_selector_status.hpp\n'}
[2.793864] (px4_msgs) StdoutLine: {'line': b'-- Up-to-date symlink: /home/carlos/ros2_ws/install/px4_msgs/include/px4_msgs/px4_msgs/msg/estimator_sensor_bias.hpp\n'}
[2.793967] (px4_msgs) StdoutLine: {'line': b'-- Up-to-date symlink: /home/carlos/ros2_ws/install/px4_msgs/include/px4_msgs/px4_msgs/msg/estimator_states.hpp\n'}
[2.794064] (px4_msgs) StdoutLine: {'line': b'-- Up-to-date symlink: /home/carlos/ros2_ws/install/px4_msgs/include/px4_msgs/px4_msgs/msg/estimator_status.hpp\n'}
[2.794160] (px4_msgs) StdoutLine: {'line': b'-- Up-to-date symlink: /home/carlos/ros2_ws/install/px4_msgs/include/px4_msgs/px4_msgs/msg/estimator_status_flags.hpp\n'}
[2.794257] (px4_msgs) StdoutLine: {'line': b'-- Up-to-date symlink: /home/carlos/ros2_ws/install/px4_msgs/include/px4_msgs/px4_msgs/msg/event.hpp\n'}
[2.794356] (px4_msgs) StdoutLine: {'line': b'-- Up-to-date symlink: /home/carlos/ros2_ws/install/px4_msgs/include/px4_msgs/px4_msgs/msg/failsafe_flags.hpp\n'}
[2.794452] (px4_msgs) StdoutLine: {'line': b'-- Up-to-date symlink: /home/carlos/ros2_ws/install/px4_msgs/include/px4_msgs/px4_msgs/msg/failure_detector_status.hpp\n'}
[2.794549] (px4_msgs) StdoutLine: {'line': b'-- Up-to-date symlink: /home/carlos/ros2_ws/install/px4_msgs/include/px4_msgs/px4_msgs/msg/figure_eight_status.hpp\n'}
[2.794647] (px4_msgs) StdoutLine: {'line': b'-- Up-to-date symlink: /home/carlos/ros2_ws/install/px4_msgs/include/px4_msgs/px4_msgs/msg/fixed_wing_lateral_guidance_status.hpp\n'}
[2.794744] (px4_msgs) StdoutLine: {'line': b'-- Up-to-date symlink: /home/carlos/ros2_ws/install/px4_msgs/include/px4_msgs/px4_msgs/msg/fixed_wing_lateral_setpoint.hpp\n'}
[2.794852] (px4_msgs) StdoutLine: {'line': b'-- Up-to-date symlink: /home/carlos/ros2_ws/install/px4_msgs/include/px4_msgs/px4_msgs/msg/fixed_wing_lateral_status.hpp\n'}
[2.794951] (px4_msgs) StdoutLine: {'line': b'-- Up-to-date symlink: /home/carlos/ros2_ws/install/px4_msgs/include/px4_msgs/px4_msgs/msg/fixed_wing_longitudinal_setpoint.hpp\n'}
[2.795049] (px4_msgs) StdoutLine: {'line': b'-- Up-to-date symlink: /home/carlos/ros2_ws/install/px4_msgs/include/px4_msgs/px4_msgs/msg/fixed_wing_runway_control.hpp\n'}
[2.795141] (px4_msgs) StdoutLine: {'line': b'-- Up-to-date symlink: /home/carlos/ros2_ws/install/px4_msgs/include/px4_msgs/px4_msgs/msg/flight_phase_estimation.hpp\n'}
[2.795237] (px4_msgs) StdoutLine: {'line': b'-- Up-to-date symlink: /home/carlos/ros2_ws/install/px4_msgs/include/px4_msgs/px4_msgs/msg/follow_target.hpp\n'}
[2.795334] (px4_msgs) StdoutLine: {'line': b'-- Up-to-date symlink: /home/carlos/ros2_ws/install/px4_msgs/include/px4_msgs/px4_msgs/msg/follow_target_estimator.hpp\n'}
[2.795430] (px4_msgs) StdoutLine: {'line': b'-- Up-to-date symlink: /home/carlos/ros2_ws/install/px4_msgs/include/px4_msgs/px4_msgs/msg/follow_target_status.hpp\n'}
[2.795526] (px4_msgs) StdoutLine: {'line': b'-- Up-to-date symlink: /home/carlos/ros2_ws/install/px4_msgs/include/px4_msgs/px4_msgs/msg/fuel_tank_status.hpp\n'}
[2.795622] (px4_msgs) StdoutLine: {'line': b'-- Up-to-date symlink: /home/carlos/ros2_ws/install/px4_msgs/include/px4_msgs/px4_msgs/msg/generator_status.hpp\n'}
[2.795718] (px4_msgs) StdoutLine: {'line': b'-- Up-to-date symlink: /home/carlos/ros2_ws/install/px4_msgs/include/px4_msgs/px4_msgs/msg/geofence_result.hpp\n'}
[2.795827] (px4_msgs) StdoutLine: {'line': b'-- Up-to-date symlink: /home/carlos/ros2_ws/install/px4_msgs/include/px4_msgs/px4_msgs/msg/geofence_status.hpp\n'}
[2.795923] (px4_msgs) StdoutLine: {'line': b'-- Up-to-date symlink: /home/carlos/ros2_ws/install/px4_msgs/include/px4_msgs/px4_msgs/msg/gimbal_controls.hpp\n'}
[2.796021] (px4_msgs) StdoutLine: {'line': b'-- Up-to-date symlink: /home/carlos/ros2_ws/install/px4_msgs/include/px4_msgs/px4_msgs/msg/gimbal_device_attitude_status.hpp\n'}
[2.796118] (px4_msgs) StdoutLine: {'line': b'-- Up-to-date symlink: /home/carlos/ros2_ws/install/px4_msgs/include/px4_msgs/px4_msgs/msg/gimbal_device_information.hpp\n'}
[2.796214] (px4_msgs) StdoutLine: {'line': b'-- Up-to-date symlink: /home/carlos/ros2_ws/install/px4_msgs/include/px4_msgs/px4_msgs/msg/gimbal_device_set_attitude.hpp\n'}
[2.796315] (px4_msgs) StdoutLine: {'line': b'-- Up-to-date symlink: /home/carlos/ros2_ws/install/px4_msgs/include/px4_msgs/px4_msgs/msg/gimbal_manager_information.hpp\n'}
[2.796414] (px4_msgs) StdoutLine: {'line': b'-- Up-to-date symlink: /home/carlos/ros2_ws/install/px4_msgs/include/px4_msgs/px4_msgs/msg/gimbal_manager_set_attitude.hpp\n'}
[2.796519] (px4_msgs) StdoutLine: {'line': b'-- Up-to-date symlink: /home/carlos/ros2_ws/install/px4_msgs/include/px4_msgs/px4_msgs/msg/gimbal_manager_set_manual_control.hpp\n'}
[2.796619] (px4_msgs) StdoutLine: {'line': b'-- Up-to-date symlink: /home/carlos/ros2_ws/install/px4_msgs/include/px4_msgs/px4_msgs/msg/gimbal_manager_status.hpp\n'}
[2.796718] (px4_msgs) StdoutLine: {'line': b'-- Up-to-date symlink: /home/carlos/ros2_ws/install/px4_msgs/include/px4_msgs/px4_msgs/msg/goto_setpoint.hpp\n'}
[2.796830] (px4_msgs) StdoutLine: {'line': b'-- Up-to-date symlink: /home/carlos/ros2_ws/install/px4_msgs/include/px4_msgs/px4_msgs/msg/gpio_config.hpp\n'}
[2.796928] (px4_msgs) StdoutLine: {'line': b'-- Up-to-date symlink: /home/carlos/ros2_ws/install/px4_msgs/include/px4_msgs/px4_msgs/msg/gpio_in.hpp\n'}
[2.797027] (px4_msgs) StdoutLine: {'line': b'-- Up-to-date symlink: /home/carlos/ros2_ws/install/px4_msgs/include/px4_msgs/px4_msgs/msg/gpio_out.hpp\n'}
[2.797125] (px4_msgs) StdoutLine: {'line': b'-- Up-to-date symlink: /home/carlos/ros2_ws/install/px4_msgs/include/px4_msgs/px4_msgs/msg/gpio_request.hpp\n'}
[2.797224] (px4_msgs) StdoutLine: {'line': b'-- Up-to-date symlink: /home/carlos/ros2_ws/install/px4_msgs/include/px4_msgs/px4_msgs/msg/gps_dump.hpp\n'}
[2.797322] (px4_msgs) StdoutLine: {'line': b'-- Up-to-date symlink: /home/carlos/ros2_ws/install/px4_msgs/include/px4_msgs/px4_msgs/msg/gps_inject_data.hpp\n'}
[2.797420] (px4_msgs) StdoutLine: {'line': b'-- Up-to-date symlink: /home/carlos/ros2_ws/install/px4_msgs/include/px4_msgs/px4_msgs/msg/gripper.hpp\n'}
[2.797519] (px4_msgs) StdoutLine: {'line': b'-- Up-to-date symlink: /home/carlos/ros2_ws/install/px4_msgs/include/px4_msgs/px4_msgs/msg/health_report.hpp\n'}
[2.797610] (px4_msgs) StdoutLine: {'line': b'-- Up-to-date symlink: /home/carlos/ros2_ws/install/px4_msgs/include/px4_msgs/px4_msgs/msg/heater_status.hpp\n'}
[2.797706] (px4_msgs) StdoutLine: {'line': b'-- Up-to-date symlink: /home/carlos/ros2_ws/install/px4_msgs/include/px4_msgs/px4_msgs/msg/home_position.hpp\n'}
[2.797809] (px4_msgs) StdoutLine: {'line': b'-- Up-to-date symlink: /home/carlos/ros2_ws/install/px4_msgs/include/px4_msgs/px4_msgs/msg/hover_thrust_estimate.hpp\n'}
[2.797909] (px4_msgs) StdoutLine: {'line': b'-- Up-to-date symlink: /home/carlos/ros2_ws/install/px4_msgs/include/px4_msgs/px4_msgs/msg/input_rc.hpp\n'}
[2.798006] (px4_msgs) StdoutLine: {'line': b'-- Up-to-date symlink: /home/carlos/ros2_ws/install/px4_msgs/include/px4_msgs/px4_msgs/msg/internal_combustion_engine_control.hpp\n'}
[2.798103] (px4_msgs) StdoutLine: {'line': b'-- Up-to-date symlink: /home/carlos/ros2_ws/install/px4_msgs/include/px4_msgs/px4_msgs/msg/internal_combustion_engine_status.hpp\n'}
[2.798199] (px4_msgs) StdoutLine: {'line': b'-- Up-to-date symlink: /home/carlos/ros2_ws/install/px4_msgs/include/px4_msgs/px4_msgs/msg/iridiumsbd_status.hpp\n'}
[2.798297] (px4_msgs) StdoutLine: {'line': b'-- Up-to-date symlink: /home/carlos/ros2_ws/install/px4_msgs/include/px4_msgs/px4_msgs/msg/irlock_report.hpp\n'}
[2.798394] (px4_msgs) StdoutLine: {'line': b'-- Up-to-date symlink: /home/carlos/ros2_ws/install/px4_msgs/include/px4_msgs/px4_msgs/msg/landing_gear.hpp\n'}
[2.798492] (px4_msgs) StdoutLine: {'line': b'-- Up-to-date symlink: /home/carlos/ros2_ws/install/px4_msgs/include/px4_msgs/px4_msgs/msg/landing_gear_wheel.hpp\n'}
[2.798588] (px4_msgs) StdoutLine: {'line': b'-- Up-to-date symlink: /home/carlos/ros2_ws/install/px4_msgs/include/px4_msgs/px4_msgs/msg/landing_target_innovations.hpp\n'}
[2.798685] (px4_msgs) StdoutLine: {'line': b'-- Up-to-date symlink: /home/carlos/ros2_ws/install/px4_msgs/include/px4_msgs/px4_msgs/msg/landing_target_pose.hpp\n'}
[2.798796] (px4_msgs) StdoutLine: {'line': b'-- Up-to-date symlink: /home/carlos/ros2_ws/install/px4_msgs/include/px4_msgs/px4_msgs/msg/lateral_control_configuration.hpp\n'}
[2.798897] (px4_msgs) StdoutLine: {'line': b'-- Up-to-date symlink: /home/carlos/ros2_ws/install/px4_msgs/include/px4_msgs/px4_msgs/msg/launch_detection_status.hpp\n'}
[2.798995] (px4_msgs) StdoutLine: {'line': b'-- Up-to-date symlink: /home/carlos/ros2_ws/install/px4_msgs/include/px4_msgs/px4_msgs/msg/led_control.hpp\n'}
[2.799092] (px4_msgs) StdoutLine: {'line': b'-- Up-to-date symlink: /home/carlos/ros2_ws/install/px4_msgs/include/px4_msgs/px4_msgs/msg/log_message.hpp\n'}
[2.799190] (px4_msgs) StdoutLine: {'line': b'-- Up-to-date symlink: /home/carlos/ros2_ws/install/px4_msgs/include/px4_msgs/px4_msgs/msg/logger_status.hpp\n'}
[2.799289] (px4_msgs) StdoutLine: {'line': b'-- Up-to-date symlink: /home/carlos/ros2_ws/install/px4_msgs/include/px4_msgs/px4_msgs/msg/longitudinal_control_configuration.hpp\n'}
[2.799387] (px4_msgs) StdoutLine: {'line': b'-- Up-to-date symlink: /home/carlos/ros2_ws/install/px4_msgs/include/px4_msgs/px4_msgs/msg/mag_worker_data.hpp\n'}
[2.799485] (px4_msgs) StdoutLine: {'line': b'-- Up-to-date symlink: /home/carlos/ros2_ws/install/px4_msgs/include/px4_msgs/px4_msgs/msg/magnetometer_bias_estimate.hpp\n'}
[2.799586] (px4_msgs) StdoutLine: {'line': b'-- Up-to-date symlink: /home/carlos/ros2_ws/install/px4_msgs/include/px4_msgs/px4_msgs/msg/manual_control_setpoint.hpp\n'}
[2.799682] (px4_msgs) StdoutLine: {'line': b'-- Up-to-date symlink: /home/carlos/ros2_ws/install/px4_msgs/include/px4_msgs/px4_msgs/msg/manual_control_switches.hpp\n'}
[2.799790] (px4_msgs) StdoutLine: {'line': b'-- Up-to-date symlink: /home/carlos/ros2_ws/install/px4_msgs/include/px4_msgs/px4_msgs/msg/mavlink_log.hpp\n'}
[2.799893] (px4_msgs) StdoutLine: {'line': b'-- Up-to-date symlink: /home/carlos/ros2_ws/install/px4_msgs/include/px4_msgs/px4_msgs/msg/mavlink_tunnel.hpp\n'}
[2.799985] (px4_msgs) StdoutLine: {'line': b'-- Up-to-date symlink: /home/carlos/ros2_ws/install/px4_msgs/include/px4_msgs/px4_msgs/msg/message_format_request.hpp\n'}
[2.800081] (px4_msgs) StdoutLine: {'line': b'-- Up-to-date symlink: /home/carlos/ros2_ws/install/px4_msgs/include/px4_msgs/px4_msgs/msg/message_format_response.hpp\n'}
[2.800177] (px4_msgs) StdoutLine: {'line': b'-- Up-to-date symlink: /home/carlos/ros2_ws/install/px4_msgs/include/px4_msgs/px4_msgs/msg/mission.hpp\n'}
[2.800273] (px4_msgs) StdoutLine: {'line': b'-- Up-to-date symlink: /home/carlos/ros2_ws/install/px4_msgs/include/px4_msgs/px4_msgs/msg/mission_result.hpp\n'}
[2.800368] (px4_msgs) StdoutLine: {'line': b'-- Up-to-date symlink: /home/carlos/ros2_ws/install/px4_msgs/include/px4_msgs/px4_msgs/msg/mode_completed.hpp\n'}
[2.800464] (px4_msgs) StdoutLine: {'line': b'-- Up-to-date symlink: /home/carlos/ros2_ws/install/px4_msgs/include/px4_msgs/px4_msgs/msg/mount_orientation.hpp\n'}
[2.800560] (px4_msgs) StdoutLine: {'line': b'-- Up-to-date symlink: /home/carlos/ros2_ws/install/px4_msgs/include/px4_msgs/px4_msgs/msg/navigator_mission_item.hpp\n'}
[2.800656] (px4_msgs) StdoutLine: {'line': b'-- Up-to-date symlink: /home/carlos/ros2_ws/install/px4_msgs/include/px4_msgs/px4_msgs/msg/navigator_status.hpp\n'}
[2.800757] (px4_msgs) StdoutLine: {'line': b'-- Up-to-date symlink: /home/carlos/ros2_ws/install/px4_msgs/include/px4_msgs/px4_msgs/msg/neural_control.hpp\n'}
[2.800858] (px4_msgs) StdoutLine: {'line': b'-- Up-to-date symlink: /home/carlos/ros2_ws/install/px4_msgs/include/px4_msgs/px4_msgs/msg/normalized_unsigned_setpoint.hpp\n'}
[2.800959] (px4_msgs) StdoutLine: {'line': b'-- Up-to-date symlink: /home/carlos/ros2_ws/install/px4_msgs/include/px4_msgs/px4_msgs/msg/obstacle_distance.hpp\n'}
[2.801056] (px4_msgs) StdoutLine: {'line': b'-- Up-to-date symlink: /home/carlos/ros2_ws/install/px4_msgs/include/px4_msgs/px4_msgs/msg/offboard_control_mode.hpp\n'}
[2.801158] (px4_msgs) StdoutLine: {'line': b'-- Up-to-date symlink: /home/carlos/ros2_ws/install/px4_msgs/include/px4_msgs/px4_msgs/msg/onboard_computer_status.hpp\n'}
[2.801255] (px4_msgs) StdoutLine: {'line': b'-- Up-to-date symlink: /home/carlos/ros2_ws/install/px4_msgs/include/px4_msgs/px4_msgs/msg/open_drone_id_arm_status.hpp\n'}
[2.801353] (px4_msgs) StdoutLine: {'line': b'-- Up-to-date symlink: /home/carlos/ros2_ws/install/px4_msgs/include/px4_msgs/px4_msgs/msg/open_drone_id_operator_id.hpp\n'}
[2.801448] (px4_msgs) StdoutLine: {'line': b'-- Up-to-date symlink: /home/carlos/ros2_ws/install/px4_msgs/include/px4_msgs/px4_msgs/msg/open_drone_id_self_id.hpp\n'}
[2.801545] (px4_msgs) StdoutLine: {'line': b'-- Up-to-date symlink: /home/carlos/ros2_ws/install/px4_msgs/include/px4_msgs/px4_msgs/msg/open_drone_id_system.hpp\n'}
[2.801642] (px4_msgs) StdoutLine: {'line': b'-- Up-to-date symlink: /home/carlos/ros2_ws/install/px4_msgs/include/px4_msgs/px4_msgs/msg/orb_test.hpp\n'}
[2.801739] (px4_msgs) StdoutLine: {'line': b'-- Up-to-date symlink: /home/carlos/ros2_ws/install/px4_msgs/include/px4_msgs/px4_msgs/msg/orb_test_large.hpp\n'}
[2.801849] (px4_msgs) StdoutLine: {'line': b'-- Up-to-date symlink: /home/carlos/ros2_ws/install/px4_msgs/include/px4_msgs/px4_msgs/msg/orb_test_medium.hpp\n'}
[2.801947] (px4_msgs) StdoutLine: {'line': b'-- Up-to-date symlink: /home/carlos/ros2_ws/install/px4_msgs/include/px4_msgs/px4_msgs/msg/orbit_status.hpp\n'}
[2.802045] (px4_msgs) StdoutLine: {'line': b'-- Up-to-date symlink: /home/carlos/ros2_ws/install/px4_msgs/include/px4_msgs/px4_msgs/msg/parameter_reset_request.hpp\n'}
[2.802141] (px4_msgs) StdoutLine: {'line': b'-- Up-to-date symlink: /home/carlos/ros2_ws/install/px4_msgs/include/px4_msgs/px4_msgs/msg/parameter_set_used_request.hpp\n'}
[2.802238] (px4_msgs) StdoutLine: {'line': b'-- Up-to-date symlink: /home/carlos/ros2_ws/install/px4_msgs/include/px4_msgs/px4_msgs/msg/parameter_set_value_request.hpp\n'}
[2.802329] (px4_msgs) StdoutLine: {'line': b'-- Up-to-date symlink: /home/carlos/ros2_ws/install/px4_msgs/include/px4_msgs/px4_msgs/msg/parameter_set_value_response.hpp\n'}
[2.802427] (px4_msgs) StdoutLine: {'line': b'-- Up-to-date symlink: /home/carlos/ros2_ws/install/px4_msgs/include/px4_msgs/px4_msgs/msg/parameter_update.hpp\n'}
[2.802523] (px4_msgs) StdoutLine: {'line': b'-- Up-to-date symlink: /home/carlos/ros2_ws/install/px4_msgs/include/px4_msgs/px4_msgs/msg/ping.hpp\n'}
[2.802622] (px4_msgs) StdoutLine: {'line': b'-- Up-to-date symlink: /home/carlos/ros2_ws/install/px4_msgs/include/px4_msgs/px4_msgs/msg/position_controller_landing_status.hpp\n'}
[2.802719] (px4_msgs) StdoutLine: {'line': b'-- Up-to-date symlink: /home/carlos/ros2_ws/install/px4_msgs/include/px4_msgs/px4_msgs/msg/position_controller_status.hpp\n'}
[2.802831] (px4_msgs) StdoutLine: {'line': b'-- Up-to-date symlink: /home/carlos/ros2_ws/install/px4_msgs/include/px4_msgs/px4_msgs/msg/position_setpoint.hpp\n'}
[2.802928] (px4_msgs) StdoutLine: {'line': b'-- Up-to-date symlink: /home/carlos/ros2_ws/install/px4_msgs/include/px4_msgs/px4_msgs/msg/position_setpoint_triplet.hpp\n'}
[2.803025] (px4_msgs) StdoutLine: {'line': b'-- Up-to-date symlink: /home/carlos/ros2_ws/install/px4_msgs/include/px4_msgs/px4_msgs/msg/power_button_state.hpp\n'}
[2.803123] (px4_msgs) StdoutLine: {'line': b'-- Up-to-date symlink: /home/carlos/ros2_ws/install/px4_msgs/include/px4_msgs/px4_msgs/msg/power_monitor.hpp\n'}
[2.803220] (px4_msgs) StdoutLine: {'line': b'-- Up-to-date symlink: /home/carlos/ros2_ws/install/px4_msgs/include/px4_msgs/px4_msgs/msg/pps_capture.hpp\n'}
[2.803318] (px4_msgs) StdoutLine: {'line': b'-- Up-to-date symlink: /home/carlos/ros2_ws/install/px4_msgs/include/px4_msgs/px4_msgs/msg/pure_pursuit_status.hpp\n'}
[2.803416] (px4_msgs) StdoutLine: {'line': b'-- Up-to-date symlink: /home/carlos/ros2_ws/install/px4_msgs/include/px4_msgs/px4_msgs/msg/pwm_input.hpp\n'}
[2.803520] (px4_msgs) StdoutLine: {'line': b'-- Up-to-date symlink: /home/carlos/ros2_ws/install/px4_msgs/include/px4_msgs/px4_msgs/msg/px4io_status.hpp\n'}
[2.803617] (px4_msgs) StdoutLine: {'line': b'-- Up-to-date symlink: /home/carlos/ros2_ws/install/px4_msgs/include/px4_msgs/px4_msgs/msg/qshell_req.hpp\n'}
[2.803715] (px4_msgs) StdoutLine: {'line': b'-- Up-to-date symlink: /home/carlos/ros2_ws/install/px4_msgs/include/px4_msgs/px4_msgs/msg/qshell_retval.hpp\n'}
[2.803819] (px4_msgs) StdoutLine: {'line': b'-- Up-to-date symlink: /home/carlos/ros2_ws/install/px4_msgs/include/px4_msgs/px4_msgs/msg/radio_status.hpp\n'}
[2.803925] (px4_msgs) StdoutLine: {'line': b'-- Up-to-date symlink: /home/carlos/ros2_ws/install/px4_msgs/include/px4_msgs/px4_msgs/msg/rate_ctrl_status.hpp\n'}
[2.804024] (px4_msgs) StdoutLine: {'line': b'-- Up-to-date symlink: /home/carlos/ros2_ws/install/px4_msgs/include/px4_msgs/px4_msgs/msg/rc_channels.hpp\n'}
[2.804123] (px4_msgs) StdoutLine: {'line': b'-- Up-to-date symlink: /home/carlos/ros2_ws/install/px4_msgs/include/px4_msgs/px4_msgs/msg/rc_parameter_map.hpp\n'}
[2.804221] (px4_msgs) StdoutLine: {'line': b'-- Up-to-date symlink: /home/carlos/ros2_ws/install/px4_msgs/include/px4_msgs/px4_msgs/msg/register_ext_component_reply.hpp\n'}
[2.804319] (px4_msgs) StdoutLine: {'line': b'-- Up-to-date symlink: /home/carlos/ros2_ws/install/px4_msgs/include/px4_msgs/px4_msgs/msg/register_ext_component_request.hpp\n'}
[2.804418] (px4_msgs) StdoutLine: {'line': b'-- Up-to-date symlink: /home/carlos/ros2_ws/install/px4_msgs/include/px4_msgs/px4_msgs/msg/rosidl_generator_cpp__visibility_control.hpp\n'}
[2.804517] (px4_msgs) StdoutLine: {'line': b'-- Up-to-date symlink: /home/carlos/ros2_ws/install/px4_msgs/include/px4_msgs/px4_msgs/msg/rover_attitude_setpoint.hpp\n'}
[2.804614] (px4_msgs) StdoutLine: {'line': b'-- Up-to-date symlink: /home/carlos/ros2_ws/install/px4_msgs/include/px4_msgs/px4_msgs/msg/rover_attitude_status.hpp\n'}
[2.804713] (px4_msgs) StdoutLine: {'line': b'-- Up-to-date symlink: /home/carlos/ros2_ws/install/px4_msgs/include/px4_msgs/px4_msgs/msg/rover_position_setpoint.hpp\n'}
[2.804812] (px4_msgs) StdoutLine: {'line': b'-- Up-to-date symlink: /home/carlos/ros2_ws/install/px4_msgs/include/px4_msgs/px4_msgs/msg/rover_rate_setpoint.hpp\n'}
[2.804913] (px4_msgs) StdoutLine: {'line': b'-- Up-to-date symlink: /home/carlos/ros2_ws/install/px4_msgs/include/px4_msgs/px4_msgs/msg/rover_rate_status.hpp\n'}
[2.805009] (px4_msgs) StdoutLine: {'line': b'-- Up-to-date symlink: /home/carlos/ros2_ws/install/px4_msgs/include/px4_msgs/px4_msgs/msg/rover_speed_setpoint.hpp\n'}
[2.805105] (px4_msgs) StdoutLine: {'line': b'-- Up-to-date symlink: /home/carlos/ros2_ws/install/px4_msgs/include/px4_msgs/px4_msgs/msg/rover_speed_status.hpp\n'}
[2.805201] (px4_msgs) StdoutLine: {'line': b'-- Up-to-date symlink: /home/carlos/ros2_ws/install/px4_msgs/include/px4_msgs/px4_msgs/msg/rover_steering_setpoint.hpp\n'}
[2.805296] (px4_msgs) StdoutLine: {'line': b'-- Up-to-date symlink: /home/carlos/ros2_ws/install/px4_msgs/include/px4_msgs/px4_msgs/msg/rover_throttle_setpoint.hpp\n'}
[2.805400] (px4_msgs) StdoutLine: {'line': b'-- Up-to-date symlink: /home/carlos/ros2_ws/install/px4_msgs/include/px4_msgs/px4_msgs/msg/rpm.hpp\n'}
[2.805498] (px4_msgs) StdoutLine: {'line': b'-- Up-to-date symlink: /home/carlos/ros2_ws/install/px4_msgs/include/px4_msgs/px4_msgs/msg/rtl_status.hpp\n'}
[2.805596] (px4_msgs) StdoutLine: {'line': b'-- Up-to-date symlink: /home/carlos/ros2_ws/install/px4_msgs/include/px4_msgs/px4_msgs/msg/rtl_time_estimate.hpp\n'}
[2.805692] (px4_msgs) StdoutLine: {'line': b'-- Up-to-date symlink: /home/carlos/ros2_ws/install/px4_msgs/include/px4_msgs/px4_msgs/msg/satellite_info.hpp\n'}
[2.805796] (px4_msgs) StdoutLine: {'line': b'-- Up-to-date symlink: /home/carlos/ros2_ws/install/px4_msgs/include/px4_msgs/px4_msgs/msg/sensor_accel.hpp\n'}
[2.805904] (px4_msgs) StdoutLine: {'line': b'-- Up-to-date symlink: /home/carlos/ros2_ws/install/px4_msgs/include/px4_msgs/px4_msgs/msg/sensor_accel_fifo.hpp\n'}
[2.806001] (px4_msgs) StdoutLine: {'line': b'-- Up-to-date symlink: /home/carlos/ros2_ws/install/px4_msgs/include/px4_msgs/px4_msgs/msg/sensor_airflow.hpp\n'}
[2.806097] (px4_msgs) StdoutLine: {'line': b'-- Up-to-date symlink: /home/carlos/ros2_ws/install/px4_msgs/include/px4_msgs/px4_msgs/msg/sensor_baro.hpp\n'}
[2.806193] (px4_msgs) StdoutLine: {'line': b'-- Up-to-date symlink: /home/carlos/ros2_ws/install/px4_msgs/include/px4_msgs/px4_msgs/msg/sensor_combined.hpp\n'}
[2.806248] (-) TimerEvent: {}
[2.806330] (px4_msgs) StdoutLine: {'line': b'-- Up-to-date symlink: /home/carlos/ros2_ws/install/px4_msgs/include/px4_msgs/px4_msgs/msg/sensor_correction.hpp\n'}
[2.806416] (px4_msgs) StdoutLine: {'line': b'-- Up-to-date symlink: /home/carlos/ros2_ws/install/px4_msgs/include/px4_msgs/px4_msgs/msg/sensor_gnss_relative.hpp\n'}
[2.806498] (px4_msgs) StdoutLine: {'line': b'-- Up-to-date symlink: /home/carlos/ros2_ws/install/px4_msgs/include/px4_msgs/px4_msgs/msg/sensor_gnss_status.hpp\n'}
[2.806578] (px4_msgs) StdoutLine: {'line': b'-- Up-to-date symlink: /home/carlos/ros2_ws/install/px4_msgs/include/px4_msgs/px4_msgs/msg/sensor_gps.hpp\n'}
[2.806675] (px4_msgs) StdoutLine: {'line': b'-- Up-to-date symlink: /home/carlos/ros2_ws/install/px4_msgs/include/px4_msgs/px4_msgs/msg/sensor_gyro.hpp\n'}
[2.806782] (px4_msgs) StdoutLine: {'line': b'-- Up-to-date symlink: /home/carlos/ros2_ws/install/px4_msgs/include/px4_msgs/px4_msgs/msg/sensor_gyro_fft.hpp\n'}
[2.806893] (px4_msgs) StdoutLine: {'line': b'-- Up-to-date symlink: /home/carlos/ros2_ws/install/px4_msgs/include/px4_msgs/px4_msgs/msg/sensor_gyro_fifo.hpp\n'}
[2.807057] (px4_msgs) StdoutLine: {'line': b'-- Up-to-date symlink: /home/carlos/ros2_ws/install/px4_msgs/include/px4_msgs/px4_msgs/msg/sensor_hygrometer.hpp\n'}
[2.807162] (px4_msgs) StdoutLine: {'line': b'-- Up-to-date symlink: /home/carlos/ros2_ws/install/px4_msgs/include/px4_msgs/px4_msgs/msg/sensor_mag.hpp\n'}
[2.807287] (px4_msgs) StdoutLine: {'line': b'-- Up-to-date symlink: /home/carlos/ros2_ws/install/px4_msgs/include/px4_msgs/px4_msgs/msg/sensor_optical_flow.hpp\n'}
[2.807365] (px4_msgs) StdoutLine: {'line': b'-- Up-to-date symlink: /home/carlos/ros2_ws/install/px4_msgs/include/px4_msgs/px4_msgs/msg/sensor_preflight_mag.hpp\n'}
[2.807449] (px4_msgs) StdoutLine: {'line': b'-- Up-to-date symlink: /home/carlos/ros2_ws/install/px4_msgs/include/px4_msgs/px4_msgs/msg/sensor_selection.hpp\n'}
[2.807570] (px4_msgs) StdoutLine: {'line': b'-- Up-to-date symlink: /home/carlos/ros2_ws/install/px4_msgs/include/px4_msgs/px4_msgs/msg/sensor_uwb.hpp\n'}
[2.807673] (px4_msgs) StdoutLine: {'line': b'-- Up-to-date symlink: /home/carlos/ros2_ws/install/px4_msgs/include/px4_msgs/px4_msgs/msg/sensors_status.hpp\n'}
[2.807782] (px4_msgs) StdoutLine: {'line': b'-- Up-to-date symlink: /home/carlos/ros2_ws/install/px4_msgs/include/px4_msgs/px4_msgs/msg/sensors_status_imu.hpp\n'}
[2.807894] (px4_msgs) StdoutLine: {'line': b'-- Up-to-date symlink: /home/carlos/ros2_ws/install/px4_msgs/include/px4_msgs/px4_msgs/msg/system_power.hpp\n'}
[2.807985] (px4_msgs) StdoutLine: {'line': b'-- Up-to-date symlink: /home/carlos/ros2_ws/install/px4_msgs/include/px4_msgs/px4_msgs/msg/takeoff_status.hpp\n'}
[2.808071] (px4_msgs) StdoutLine: {'line': b'-- Up-to-date symlink: /home/carlos/ros2_ws/install/px4_msgs/include/px4_msgs/px4_msgs/msg/task_stack_info.hpp\n'}
[2.808175] (px4_msgs) StdoutLine: {'line': b'-- Up-to-date symlink: /home/carlos/ros2_ws/install/px4_msgs/include/px4_msgs/px4_msgs/msg/tecs_status.hpp\n'}
[2.808260] (px4_msgs) StdoutLine: {'line': b'-- Up-to-date symlink: /home/carlos/ros2_ws/install/px4_msgs/include/px4_msgs/px4_msgs/msg/telemetry_status.hpp\n'}
[2.808381] (px4_msgs) StdoutLine: {'line': b'-- Up-to-date symlink: /home/carlos/ros2_ws/install/px4_msgs/include/px4_msgs/px4_msgs/msg/tiltrotor_extra_controls.hpp\n'}
[2.808542] (px4_msgs) StdoutLine: {'line': b'-- Up-to-date symlink: /home/carlos/ros2_ws/install/px4_msgs/include/px4_msgs/px4_msgs/msg/timesync_status.hpp\n'}
[2.808671] (px4_msgs) StdoutLine: {'line': b'-- Up-to-date symlink: /home/carlos/ros2_ws/install/px4_msgs/include/px4_msgs/px4_msgs/msg/trajectory_setpoint.hpp\n'}
[2.808847] (px4_msgs) StdoutLine: {'line': b'-- Up-to-date symlink: /home/carlos/ros2_ws/install/px4_msgs/include/px4_msgs/px4_msgs/msg/trajectory_setpoint6dof.hpp\n'}
[2.809007] (px4_msgs) StdoutLine: {'line': b'-- Up-to-date symlink: /home/carlos/ros2_ws/install/px4_msgs/include/px4_msgs/px4_msgs/msg/transponder_report.hpp\n'}
[2.809168] (px4_msgs) StdoutLine: {'line': b'-- Up-to-date symlink: /home/carlos/ros2_ws/install/px4_msgs/include/px4_msgs/px4_msgs/msg/tune_control.hpp\n'}
[2.809327] (px4_msgs) StdoutLine: {'line': b'-- Up-to-date symlink: /home/carlos/ros2_ws/install/px4_msgs/include/px4_msgs/px4_msgs/msg/uavcan_parameter_request.hpp\n'}
[2.809485] (px4_msgs) StdoutLine: {'line': b'-- Up-to-date symlink: /home/carlos/ros2_ws/install/px4_msgs/include/px4_msgs/px4_msgs/msg/uavcan_parameter_value.hpp\n'}
[2.809639] (px4_msgs) StdoutLine: {'line': b'-- Up-to-date symlink: /home/carlos/ros2_ws/install/px4_msgs/include/px4_msgs/px4_msgs/msg/ulog_stream.hpp\n'}
[2.809790] (px4_msgs) StdoutLine: {'line': b'-- Up-to-date symlink: /home/carlos/ros2_ws/install/px4_msgs/include/px4_msgs/px4_msgs/msg/ulog_stream_ack.hpp\n'}
[2.809975] (px4_msgs) StdoutLine: {'line': b'-- Up-to-date symlink: /home/carlos/ros2_ws/install/px4_msgs/include/px4_msgs/px4_msgs/msg/unregister_ext_component.hpp\n'}
[2.810150] (px4_msgs) StdoutLine: {'line': b'-- Up-to-date symlink: /home/carlos/ros2_ws/install/px4_msgs/include/px4_msgs/px4_msgs/msg/vehicle_acceleration.hpp\n'}
[2.810282] (px4_msgs) StdoutLine: {'line': b'-- Up-to-date symlink: /home/carlos/ros2_ws/install/px4_msgs/include/px4_msgs/px4_msgs/msg/vehicle_air_data.hpp\n'}
[2.810399] (px4_msgs) StdoutLine: {'line': b'-- Up-to-date symlink: /home/carlos/ros2_ws/install/px4_msgs/include/px4_msgs/px4_msgs/msg/vehicle_angular_acceleration_setpoint.hpp\n'}
[2.810512] (px4_msgs) StdoutLine: {'line': b'-- Up-to-date symlink: /home/carlos/ros2_ws/install/px4_msgs/include/px4_msgs/px4_msgs/msg/vehicle_angular_velocity.hpp\n'}
[2.810636] (px4_msgs) StdoutLine: {'line': b'-- Up-to-date symlink: /home/carlos/ros2_ws/install/px4_msgs/include/px4_msgs/px4_msgs/msg/vehicle_attitude.hpp\n'}
[2.810801] (px4_msgs) StdoutLine: {'line': b'-- Up-to-date symlink: /home/carlos/ros2_ws/install/px4_msgs/include/px4_msgs/px4_msgs/msg/vehicle_attitude_setpoint.hpp\n'}
[2.810934] (px4_msgs) StdoutLine: {'line': b'-- Up-to-date symlink: /home/carlos/ros2_ws/install/px4_msgs/include/px4_msgs/px4_msgs/msg/vehicle_command.hpp\n'}
[2.811046] (px4_msgs) StdoutLine: {'line': b'-- Up-to-date symlink: /home/carlos/ros2_ws/install/px4_msgs/include/px4_msgs/px4_msgs/msg/vehicle_command_ack.hpp\n'}
[2.811158] (px4_msgs) StdoutLine: {'line': b'-- Up-to-date symlink: /home/carlos/ros2_ws/install/px4_msgs/include/px4_msgs/px4_msgs/msg/vehicle_constraints.hpp\n'}
[2.811270] (px4_msgs) StdoutLine: {'line': b'-- Up-to-date symlink: /home/carlos/ros2_ws/install/px4_msgs/include/px4_msgs/px4_msgs/msg/vehicle_control_mode.hpp\n'}
[2.811383] (px4_msgs) StdoutLine: {'line': b'-- Up-to-date symlink: /home/carlos/ros2_ws/install/px4_msgs/include/px4_msgs/px4_msgs/msg/vehicle_global_position.hpp\n'}
[2.811497] (px4_msgs) StdoutLine: {'line': b'-- Up-to-date symlink: /home/carlos/ros2_ws/install/px4_msgs/include/px4_msgs/px4_msgs/msg/vehicle_imu.hpp\n'}
[2.811609] (px4_msgs) StdoutLine: {'line': b'-- Up-to-date symlink: /home/carlos/ros2_ws/install/px4_msgs/include/px4_msgs/px4_msgs/msg/vehicle_imu_status.hpp\n'}
[2.811721] (px4_msgs) StdoutLine: {'line': b'-- Up-to-date symlink: /home/carlos/ros2_ws/install/px4_msgs/include/px4_msgs/px4_msgs/msg/vehicle_land_detected.hpp\n'}
[2.811851] (px4_msgs) StdoutLine: {'line': b'-- Up-to-date symlink: /home/carlos/ros2_ws/install/px4_msgs/include/px4_msgs/px4_msgs/msg/vehicle_local_position.hpp\n'}
[2.811966] (px4_msgs) StdoutLine: {'line': b'-- Up-to-date symlink: /home/carlos/ros2_ws/install/px4_msgs/include/px4_msgs/px4_msgs/msg/vehicle_local_position_setpoint.hpp\n'}
[2.812078] (px4_msgs) StdoutLine: {'line': b'-- Up-to-date symlink: /home/carlos/ros2_ws/install/px4_msgs/include/px4_msgs/px4_msgs/msg/vehicle_magnetometer.hpp\n'}
[2.812178] (px4_msgs) StdoutLine: {'line': b'-- Up-to-date symlink: /home/carlos/ros2_ws/install/px4_msgs/include/px4_msgs/px4_msgs/msg/vehicle_odometry.hpp\n'}
[2.812278] (px4_msgs) StdoutLine: {'line': b'-- Up-to-date symlink: /home/carlos/ros2_ws/install/px4_msgs/include/px4_msgs/px4_msgs/msg/vehicle_optical_flow.hpp\n'}
[2.812379] (px4_msgs) StdoutLine: {'line': b'-- Up-to-date symlink: /home/carlos/ros2_ws/install/px4_msgs/include/px4_msgs/px4_msgs/msg/vehicle_optical_flow_vel.hpp\n'}
[2.812479] (px4_msgs) StdoutLine: {'line': b'-- Up-to-date symlink: /home/carlos/ros2_ws/install/px4_msgs/include/px4_msgs/px4_msgs/msg/vehicle_rates_setpoint.hpp\n'}
[2.812579] (px4_msgs) StdoutLine: {'line': b'-- Up-to-date symlink: /home/carlos/ros2_ws/install/px4_msgs/include/px4_msgs/px4_msgs/msg/vehicle_roi.hpp\n'}
[2.812697] (px4_msgs) StdoutLine: {'line': b'-- Up-to-date symlink: /home/carlos/ros2_ws/install/px4_msgs/include/px4_msgs/px4_msgs/msg/vehicle_status.hpp\n'}
[2.812832] (px4_msgs) StdoutLine: {'line': b'-- Up-to-date symlink: /home/carlos/ros2_ws/install/px4_msgs/include/px4_msgs/px4_msgs/msg/vehicle_thrust_setpoint.hpp\n'}
[2.812929] (px4_msgs) StdoutLine: {'line': b'-- Up-to-date symlink: /home/carlos/ros2_ws/install/px4_msgs/include/px4_msgs/px4_msgs/msg/vehicle_torque_setpoint.hpp\n'}
[2.813017] (px4_msgs) StdoutLine: {'line': b'-- Up-to-date symlink: /home/carlos/ros2_ws/install/px4_msgs/include/px4_msgs/px4_msgs/msg/velocity_limits.hpp\n'}
[2.813117] (px4_msgs) StdoutLine: {'line': b'-- Up-to-date symlink: /home/carlos/ros2_ws/install/px4_msgs/include/px4_msgs/px4_msgs/msg/vtol_vehicle_status.hpp\n'}
[2.813209] (px4_msgs) StdoutLine: {'line': b'-- Up-to-date symlink: /home/carlos/ros2_ws/install/px4_msgs/include/px4_msgs/px4_msgs/msg/wheel_encoders.hpp\n'}
[2.813308] (px4_msgs) StdoutLine: {'line': b'-- Up-to-date symlink: /home/carlos/ros2_ws/install/px4_msgs/include/px4_msgs/px4_msgs/msg/wind.hpp\n'}
[2.813407] (px4_msgs) StdoutLine: {'line': b'-- Up-to-date symlink: /home/carlos/ros2_ws/install/px4_msgs/include/px4_msgs/px4_msgs/msg/yaw_estimator_status.hpp\n'}
[2.813513] (px4_msgs) StdoutLine: {'line': b'-- Up-to-date symlink: /home/carlos/ros2_ws/install/px4_msgs/include/px4_msgs/px4_msgs/srv/detail/vehicle_command__builder.hpp\n'}
[2.813618] (px4_msgs) StdoutLine: {'line': b'-- Up-to-date symlink: /home/carlos/ros2_ws/install/px4_msgs/include/px4_msgs/px4_msgs/srv/detail/vehicle_command__struct.hpp\n'}
[2.813722] (px4_msgs) StdoutLine: {'line': b'-- Up-to-date symlink: /home/carlos/ros2_ws/install/px4_msgs/include/px4_msgs/px4_msgs/srv/detail/vehicle_command__traits.hpp\n'}
[2.813838] (px4_msgs) StdoutLine: {'line': b'-- Up-to-date symlink: /home/carlos/ros2_ws/install/px4_msgs/include/px4_msgs/px4_msgs/srv/detail/vehicle_command__type_support.hpp\n'}
[2.813945] (px4_msgs) StdoutLine: {'line': b'-- Up-to-date symlink: /home/carlos/ros2_ws/install/px4_msgs/include/px4_msgs/px4_msgs/srv/vehicle_command.hpp\n'}
[2.820987] (px4_msgs) StdoutLine: {'line': b'-- Up-to-date symlink: /home/carlos/ros2_ws/install/px4_msgs/include/px4_msgs/px4_msgs/msg/detail/action_request__rosidl_typesupport_fastrtps_cpp.hpp\n'}
[2.821325] (px4_msgs) StdoutLine: {'line': b'-- Up-to-date symlink: /home/carlos/ros2_ws/install/px4_msgs/include/px4_msgs/px4_msgs/msg/detail/actuator_armed__rosidl_typesupport_fastrtps_cpp.hpp\n'}
[2.821503] (px4_msgs) StdoutLine: {'line': b'-- Up-to-date symlink: /home/carlos/ros2_ws/install/px4_msgs/include/px4_msgs/px4_msgs/msg/detail/actuator_controls_status__rosidl_typesupport_fastrtps_cpp.hpp\n'}
[2.821650] (px4_msgs) StdoutLine: {'line': b'-- Up-to-date symlink: /home/carlos/ros2_ws/install/px4_msgs/include/px4_msgs/px4_msgs/msg/detail/actuator_motors__rosidl_typesupport_fastrtps_cpp.hpp\n'}
[2.821947] (px4_msgs) StdoutLine: {'line': b'-- Up-to-date symlink: /home/carlos/ros2_ws/install/px4_msgs/include/px4_msgs/px4_msgs/msg/detail/actuator_outputs__rosidl_typesupport_fastrtps_cpp.hpp\n'}
[2.822128] (px4_msgs) StdoutLine: {'line': b'-- Up-to-date symlink: /home/carlos/ros2_ws/install/px4_msgs/include/px4_msgs/px4_msgs/msg/detail/actuator_servos__rosidl_typesupport_fastrtps_cpp.hpp\n'}
[2.822271] (px4_msgs) StdoutLine: {'line': b'-- Up-to-date symlink: /home/carlos/ros2_ws/install/px4_msgs/include/px4_msgs/px4_msgs/msg/detail/actuator_servos_trim__rosidl_typesupport_fastrtps_cpp.hpp\n'}
[2.822405] (px4_msgs) StdoutLine: {'line': b'-- Up-to-date symlink: /home/carlos/ros2_ws/install/px4_msgs/include/px4_msgs/px4_msgs/msg/detail/actuator_test__rosidl_typesupport_fastrtps_cpp.hpp\n'}
[2.822533] (px4_msgs) StdoutLine: {'line': b'-- Up-to-date symlink: /home/carlos/ros2_ws/install/px4_msgs/include/px4_msgs/px4_msgs/msg/detail/adc_report__rosidl_typesupport_fastrtps_cpp.hpp\n'}
[2.822663] (px4_msgs) StdoutLine: {'line': b'-- Up-to-date symlink: /home/carlos/ros2_ws/install/px4_msgs/include/px4_msgs/px4_msgs/msg/detail/airspeed__rosidl_typesupport_fastrtps_cpp.hpp\n'}
[2.822772] (px4_msgs) StdoutLine: {'line': b'-- Up-to-date symlink: /home/carlos/ros2_ws/install/px4_msgs/include/px4_msgs/px4_msgs/msg/detail/airspeed_validated__rosidl_typesupport_fastrtps_cpp.hpp\n'}
[2.822874] (px4_msgs) StdoutLine: {'line': b'-- Up-to-date symlink: /home/carlos/ros2_ws/install/px4_msgs/include/px4_msgs/px4_msgs/msg/detail/airspeed_wind__rosidl_typesupport_fastrtps_cpp.hpp\n'}
[2.822955] (px4_msgs) StdoutLine: {'line': b'-- Up-to-date symlink: /home/carlos/ros2_ws/install/px4_msgs/include/px4_msgs/px4_msgs/msg/detail/arming_check_reply__rosidl_typesupport_fastrtps_cpp.hpp\n'}
[2.823030] (px4_msgs) StdoutLine: {'line': b'-- Up-to-date symlink: /home/carlos/ros2_ws/install/px4_msgs/include/px4_msgs/px4_msgs/msg/detail/arming_check_request__rosidl_typesupport_fastrtps_cpp.hpp\n'}
[2.823093] (px4_msgs) StdoutLine: {'line': b'-- Up-to-date symlink: /home/carlos/ros2_ws/install/px4_msgs/include/px4_msgs/px4_msgs/msg/detail/autotune_attitude_control_status__rosidl_typesupport_fastrtps_cpp.hpp\n'}
[2.823152] (px4_msgs) StdoutLine: {'line': b'-- Up-to-date symlink: /home/carlos/ros2_ws/install/px4_msgs/include/px4_msgs/px4_msgs/msg/detail/battery_info__rosidl_typesupport_fastrtps_cpp.hpp\n'}
[2.823206] (px4_msgs) StdoutLine: {'line': b'-- Up-to-date symlink: /home/carlos/ros2_ws/install/px4_msgs/include/px4_msgs/px4_msgs/msg/detail/battery_status__rosidl_typesupport_fastrtps_cpp.hpp\n'}
[2.823281] (px4_msgs) StdoutLine: {'line': b'-- Up-to-date symlink: /home/carlos/ros2_ws/install/px4_msgs/include/px4_msgs/px4_msgs/msg/detail/button_event__rosidl_typesupport_fastrtps_cpp.hpp\n'}
[2.823336] (px4_msgs) StdoutLine: {'line': b'-- Up-to-date symlink: /home/carlos/ros2_ws/install/px4_msgs/include/px4_msgs/px4_msgs/msg/detail/camera_capture__rosidl_typesupport_fastrtps_cpp.hpp\n'}
[2.823392] (px4_msgs) StdoutLine: {'line': b'-- Up-to-date symlink: /home/carlos/ros2_ws/install/px4_msgs/include/px4_msgs/px4_msgs/msg/detail/camera_status__rosidl_typesupport_fastrtps_cpp.hpp\n'}
[2.823445] (px4_msgs) StdoutLine: {'line': b'-- Up-to-date symlink: /home/carlos/ros2_ws/install/px4_msgs/include/px4_msgs/px4_msgs/msg/detail/camera_trigger__rosidl_typesupport_fastrtps_cpp.hpp\n'}
[2.823500] (px4_msgs) StdoutLine: {'line': b'-- Up-to-date symlink: /home/carlos/ros2_ws/install/px4_msgs/include/px4_msgs/px4_msgs/msg/detail/can_interface_status__rosidl_typesupport_fastrtps_cpp.hpp\n'}
[2.823574] (px4_msgs) StdoutLine: {'line': b'-- Up-to-date symlink: /home/carlos/ros2_ws/install/px4_msgs/include/px4_msgs/px4_msgs/msg/detail/cellular_status__rosidl_typesupport_fastrtps_cpp.hpp\n'}
[2.823639] (px4_msgs) StdoutLine: {'line': b'-- Up-to-date symlink: /home/carlos/ros2_ws/install/px4_msgs/include/px4_msgs/px4_msgs/msg/detail/collision_constraints__rosidl_typesupport_fastrtps_cpp.hpp\n'}
[2.823699] (px4_msgs) StdoutLine: {'line': b'-- Up-to-date symlink: /home/carlos/ros2_ws/install/px4_msgs/include/px4_msgs/px4_msgs/msg/detail/config_overrides__rosidl_typesupport_fastrtps_cpp.hpp\n'}
[2.823833] (px4_msgs) StdoutLine: {'line': b'-- Up-to-date symlink: /home/carlos/ros2_ws/install/px4_msgs/include/px4_msgs/px4_msgs/msg/detail/control_allocator_status__rosidl_typesupport_fastrtps_cpp.hpp\n'}
[2.823901] (px4_msgs) StdoutLine: {'line': b'-- Up-to-date symlink: /home/carlos/ros2_ws/install/px4_msgs/include/px4_msgs/px4_msgs/msg/detail/cpuload__rosidl_typesupport_fastrtps_cpp.hpp\n'}
[2.823991] (px4_msgs) StdoutLine: {'line': b'-- Up-to-date symlink: /home/carlos/ros2_ws/install/px4_msgs/include/px4_msgs/px4_msgs/msg/detail/dataman_request__rosidl_typesupport_fastrtps_cpp.hpp\n'}
[2.824083] (px4_msgs) StdoutLine: {'line': b'-- Up-to-date symlink: /home/carlos/ros2_ws/install/px4_msgs/include/px4_msgs/px4_msgs/msg/detail/dataman_response__rosidl_typesupport_fastrtps_cpp.hpp\n'}
[2.824170] (px4_msgs) StdoutLine: {'line': b'-- Up-to-date symlink: /home/carlos/ros2_ws/install/px4_msgs/include/px4_msgs/px4_msgs/msg/detail/debug_array__rosidl_typesupport_fastrtps_cpp.hpp\n'}
[2.824244] (px4_msgs) StdoutLine: {'line': b'-- Up-to-date symlink: /home/carlos/ros2_ws/install/px4_msgs/include/px4_msgs/px4_msgs/msg/detail/debug_key_value__rosidl_typesupport_fastrtps_cpp.hpp\n'}
[2.824361] (px4_msgs) StdoutLine: {'line': b'-- Up-to-date symlink: /home/carlos/ros2_ws/install/px4_msgs/include/px4_msgs/px4_msgs/msg/detail/debug_value__rosidl_typesupport_fastrtps_cpp.hpp\n'}
[2.824479] (px4_msgs) StdoutLine: {'line': b'-- Up-to-date symlink: /home/carlos/ros2_ws/install/px4_msgs/include/px4_msgs/px4_msgs/msg/detail/debug_vect__rosidl_typesupport_fastrtps_cpp.hpp\n'}
[2.824590] (px4_msgs) StdoutLine: {'line': b'-- Up-to-date symlink: /home/carlos/ros2_ws/install/px4_msgs/include/px4_msgs/px4_msgs/msg/detail/differential_pressure__rosidl_typesupport_fastrtps_cpp.hpp\n'}
[2.824705] (px4_msgs) StdoutLine: {'line': b'-- Up-to-date symlink: /home/carlos/ros2_ws/install/px4_msgs/include/px4_msgs/px4_msgs/msg/detail/distance_sensor__rosidl_typesupport_fastrtps_cpp.hpp\n'}
[2.824861] (px4_msgs) StdoutLine: {'line': b'-- Up-to-date symlink: /home/carlos/ros2_ws/install/px4_msgs/include/px4_msgs/px4_msgs/msg/detail/distance_sensor_mode_change_request__rosidl_typesupport_fastrtps_cpp.hpp\n'}
[2.825009] (px4_msgs) StdoutLine: {'line': b'-- Up-to-date symlink: /home/carlos/ros2_ws/install/px4_msgs/include/px4_msgs/px4_msgs/msg/detail/dronecan_node_status__rosidl_typesupport_fastrtps_cpp.hpp\n'}
[2.825129] (px4_msgs) StdoutLine: {'line': b'-- Up-to-date symlink: /home/carlos/ros2_ws/install/px4_msgs/include/px4_msgs/px4_msgs/msg/detail/ekf2_timestamps__rosidl_typesupport_fastrtps_cpp.hpp\n'}
[2.825240] (px4_msgs) StdoutLine: {'line': b'-- Up-to-date symlink: /home/carlos/ros2_ws/install/px4_msgs/include/px4_msgs/px4_msgs/msg/detail/esc_report__rosidl_typesupport_fastrtps_cpp.hpp\n'}
[2.825337] (px4_msgs) StdoutLine: {'line': b'-- Up-to-date symlink: /home/carlos/ros2_ws/install/px4_msgs/include/px4_msgs/px4_msgs/msg/detail/esc_status__rosidl_typesupport_fastrtps_cpp.hpp\n'}
[2.825419] (px4_msgs) StdoutLine: {'line': b'-- Up-to-date symlink: /home/carlos/ros2_ws/install/px4_msgs/include/px4_msgs/px4_msgs/msg/detail/estimator_aid_source1d__rosidl_typesupport_fastrtps_cpp.hpp\n'}
[2.825524] (px4_msgs) StdoutLine: {'line': b'-- Up-to-date symlink: /home/carlos/ros2_ws/install/px4_msgs/include/px4_msgs/px4_msgs/msg/detail/estimator_aid_source2d__rosidl_typesupport_fastrtps_cpp.hpp\n'}
[2.825641] (px4_msgs) StdoutLine: {'line': b'-- Up-to-date symlink: /home/carlos/ros2_ws/install/px4_msgs/include/px4_msgs/px4_msgs/msg/detail/estimator_aid_source3d__rosidl_typesupport_fastrtps_cpp.hpp\n'}
[2.825720] (px4_msgs) StdoutLine: {'line': b'-- Up-to-date symlink: /home/carlos/ros2_ws/install/px4_msgs/include/px4_msgs/px4_msgs/msg/detail/estimator_bias3d__rosidl_typesupport_fastrtps_cpp.hpp\n'}
[2.825838] (px4_msgs) StdoutLine: {'line': b'-- Up-to-date symlink: /home/carlos/ros2_ws/install/px4_msgs/include/px4_msgs/px4_msgs/msg/detail/estimator_bias__rosidl_typesupport_fastrtps_cpp.hpp\n'}
[2.825947] (px4_msgs) StdoutLine: {'line': b'-- Up-to-date symlink: /home/carlos/ros2_ws/install/px4_msgs/include/px4_msgs/px4_msgs/msg/detail/estimator_event_flags__rosidl_typesupport_fastrtps_cpp.hpp\n'}
[2.826052] (px4_msgs) StdoutLine: {'line': b'-- Up-to-date symlink: /home/carlos/ros2_ws/install/px4_msgs/include/px4_msgs/px4_msgs/msg/detail/estimator_gps_status__rosidl_typesupport_fastrtps_cpp.hpp\n'}
[2.826157] (px4_msgs) StdoutLine: {'line': b'-- Up-to-date symlink: /home/carlos/ros2_ws/install/px4_msgs/include/px4_msgs/px4_msgs/msg/detail/estimator_innovations__rosidl_typesupport_fastrtps_cpp.hpp\n'}
[2.826264] (px4_msgs) StdoutLine: {'line': b'-- Up-to-date symlink: /home/carlos/ros2_ws/install/px4_msgs/include/px4_msgs/px4_msgs/msg/detail/estimator_selector_status__rosidl_typesupport_fastrtps_cpp.hpp\n'}
[2.826365] (px4_msgs) StdoutLine: {'line': b'-- Up-to-date symlink: /home/carlos/ros2_ws/install/px4_msgs/include/px4_msgs/px4_msgs/msg/detail/estimator_sensor_bias__rosidl_typesupport_fastrtps_cpp.hpp\n'}
[2.826469] (px4_msgs) StdoutLine: {'line': b'-- Up-to-date symlink: /home/carlos/ros2_ws/install/px4_msgs/include/px4_msgs/px4_msgs/msg/detail/estimator_states__rosidl_typesupport_fastrtps_cpp.hpp\n'}
[2.826574] (px4_msgs) StdoutLine: {'line': b'-- Up-to-date symlink: /home/carlos/ros2_ws/install/px4_msgs/include/px4_msgs/px4_msgs/msg/detail/estimator_status__rosidl_typesupport_fastrtps_cpp.hpp\n'}
[2.826679] (px4_msgs) StdoutLine: {'line': b'-- Up-to-date symlink: /home/carlos/ros2_ws/install/px4_msgs/include/px4_msgs/px4_msgs/msg/detail/estimator_status_flags__rosidl_typesupport_fastrtps_cpp.hpp\n'}
[2.826798] (px4_msgs) StdoutLine: {'line': b'-- Up-to-date symlink: /home/carlos/ros2_ws/install/px4_msgs/include/px4_msgs/px4_msgs/msg/detail/event__rosidl_typesupport_fastrtps_cpp.hpp\n'}
[2.826916] (px4_msgs) StdoutLine: {'line': b'-- Up-to-date symlink: /home/carlos/ros2_ws/install/px4_msgs/include/px4_msgs/px4_msgs/msg/detail/failsafe_flags__rosidl_typesupport_fastrtps_cpp.hpp\n'}
[2.827022] (px4_msgs) StdoutLine: {'line': b'-- Up-to-date symlink: /home/carlos/ros2_ws/install/px4_msgs/include/px4_msgs/px4_msgs/msg/detail/failure_detector_status__rosidl_typesupport_fastrtps_cpp.hpp\n'}
[2.827127] (px4_msgs) StdoutLine: {'line': b'-- Up-to-date symlink: /home/carlos/ros2_ws/install/px4_msgs/include/px4_msgs/px4_msgs/msg/detail/figure_eight_status__rosidl_typesupport_fastrtps_cpp.hpp\n'}
[2.827233] (px4_msgs) StdoutLine: {'line': b'-- Up-to-date symlink: /home/carlos/ros2_ws/install/px4_msgs/include/px4_msgs/px4_msgs/msg/detail/fixed_wing_lateral_guidance_status__rosidl_typesupport_fastrtps_cpp.hpp\n'}
[2.827338] (px4_msgs) StdoutLine: {'line': b'-- Up-to-date symlink: /home/carlos/ros2_ws/install/px4_msgs/include/px4_msgs/px4_msgs/msg/detail/fixed_wing_lateral_setpoint__rosidl_typesupport_fastrtps_cpp.hpp\n'}
[2.827443] (px4_msgs) StdoutLine: {'line': b'-- Up-to-date symlink: /home/carlos/ros2_ws/install/px4_msgs/include/px4_msgs/px4_msgs/msg/detail/fixed_wing_lateral_status__rosidl_typesupport_fastrtps_cpp.hpp\n'}
[2.827554] (px4_msgs) StdoutLine: {'line': b'-- Up-to-date symlink: /home/carlos/ros2_ws/install/px4_msgs/include/px4_msgs/px4_msgs/msg/detail/fixed_wing_longitudinal_setpoint__rosidl_typesupport_fastrtps_cpp.hpp\n'}
[2.827656] (px4_msgs) StdoutLine: {'line': b'-- Up-to-date symlink: /home/carlos/ros2_ws/install/px4_msgs/include/px4_msgs/px4_msgs/msg/detail/fixed_wing_runway_control__rosidl_typesupport_fastrtps_cpp.hpp\n'}
[2.827766] (px4_msgs) StdoutLine: {'line': b'-- Up-to-date symlink: /home/carlos/ros2_ws/install/px4_msgs/include/px4_msgs/px4_msgs/msg/detail/flight_phase_estimation__rosidl_typesupport_fastrtps_cpp.hpp\n'}
[2.827881] (px4_msgs) StdoutLine: {'line': b'-- Up-to-date symlink: /home/carlos/ros2_ws/install/px4_msgs/include/px4_msgs/px4_msgs/msg/detail/follow_target__rosidl_typesupport_fastrtps_cpp.hpp\n'}
[2.827984] (px4_msgs) StdoutLine: {'line': b'-- Up-to-date symlink: /home/carlos/ros2_ws/install/px4_msgs/include/px4_msgs/px4_msgs/msg/detail/follow_target_estimator__rosidl_typesupport_fastrtps_cpp.hpp\n'}
[2.828087] (px4_msgs) StdoutLine: {'line': b'-- Up-to-date symlink: /home/carlos/ros2_ws/install/px4_msgs/include/px4_msgs/px4_msgs/msg/detail/follow_target_status__rosidl_typesupport_fastrtps_cpp.hpp\n'}
[2.828189] (px4_msgs) StdoutLine: {'line': b'-- Up-to-date symlink: /home/carlos/ros2_ws/install/px4_msgs/include/px4_msgs/px4_msgs/msg/detail/fuel_tank_status__rosidl_typesupport_fastrtps_cpp.hpp\n'}
[2.828291] (px4_msgs) StdoutLine: {'line': b'-- Up-to-date symlink: /home/carlos/ros2_ws/install/px4_msgs/include/px4_msgs/px4_msgs/msg/detail/generator_status__rosidl_typesupport_fastrtps_cpp.hpp\n'}
[2.828393] (px4_msgs) StdoutLine: {'line': b'-- Up-to-date symlink: /home/carlos/ros2_ws/install/px4_msgs/include/px4_msgs/px4_msgs/msg/detail/geofence_result__rosidl_typesupport_fastrtps_cpp.hpp\n'}
[2.828496] (px4_msgs) StdoutLine: {'line': b'-- Up-to-date symlink: /home/carlos/ros2_ws/install/px4_msgs/include/px4_msgs/px4_msgs/msg/detail/geofence_status__rosidl_typesupport_fastrtps_cpp.hpp\n'}
[2.828598] (px4_msgs) StdoutLine: {'line': b'-- Up-to-date symlink: /home/carlos/ros2_ws/install/px4_msgs/include/px4_msgs/px4_msgs/msg/detail/gimbal_controls__rosidl_typesupport_fastrtps_cpp.hpp\n'}
[2.828701] (px4_msgs) StdoutLine: {'line': b'-- Up-to-date symlink: /home/carlos/ros2_ws/install/px4_msgs/include/px4_msgs/px4_msgs/msg/detail/gimbal_device_attitude_status__rosidl_typesupport_fastrtps_cpp.hpp\n'}
[2.828806] (px4_msgs) StdoutLine: {'line': b'-- Up-to-date symlink: /home/carlos/ros2_ws/install/px4_msgs/include/px4_msgs/px4_msgs/msg/detail/gimbal_device_information__rosidl_typesupport_fastrtps_cpp.hpp\n'}
[2.828927] (px4_msgs) StdoutLine: {'line': b'-- Up-to-date symlink: /home/carlos/ros2_ws/install/px4_msgs/include/px4_msgs/px4_msgs/msg/detail/gimbal_device_set_attitude__rosidl_typesupport_fastrtps_cpp.hpp\n'}
[2.829031] (px4_msgs) StdoutLine: {'line': b'-- Up-to-date symlink: /home/carlos/ros2_ws/install/px4_msgs/include/px4_msgs/px4_msgs/msg/detail/gimbal_manager_information__rosidl_typesupport_fastrtps_cpp.hpp\n'}
[2.829133] (px4_msgs) StdoutLine: {'line': b'-- Up-to-date symlink: /home/carlos/ros2_ws/install/px4_msgs/include/px4_msgs/px4_msgs/msg/detail/gimbal_manager_set_attitude__rosidl_typesupport_fastrtps_cpp.hpp\n'}
[2.829235] (px4_msgs) StdoutLine: {'line': b'-- Up-to-date symlink: /home/carlos/ros2_ws/install/px4_msgs/include/px4_msgs/px4_msgs/msg/detail/gimbal_manager_set_manual_control__rosidl_typesupport_fastrtps_cpp.hpp\n'}
[2.829338] (px4_msgs) StdoutLine: {'line': b'-- Up-to-date symlink: /home/carlos/ros2_ws/install/px4_msgs/include/px4_msgs/px4_msgs/msg/detail/gimbal_manager_status__rosidl_typesupport_fastrtps_cpp.hpp\n'}
[2.829440] (px4_msgs) StdoutLine: {'line': b'-- Up-to-date symlink: /home/carlos/ros2_ws/install/px4_msgs/include/px4_msgs/px4_msgs/msg/detail/goto_setpoint__rosidl_typesupport_fastrtps_cpp.hpp\n'}
[2.829542] (px4_msgs) StdoutLine: {'line': b'-- Up-to-date symlink: /home/carlos/ros2_ws/install/px4_msgs/include/px4_msgs/px4_msgs/msg/detail/gpio_config__rosidl_typesupport_fastrtps_cpp.hpp\n'}
[2.829645] (px4_msgs) StdoutLine: {'line': b'-- Up-to-date symlink: /home/carlos/ros2_ws/install/px4_msgs/include/px4_msgs/px4_msgs/msg/detail/gpio_in__rosidl_typesupport_fastrtps_cpp.hpp\n'}
[2.829745] (px4_msgs) StdoutLine: {'line': b'-- Up-to-date symlink: /home/carlos/ros2_ws/install/px4_msgs/include/px4_msgs/px4_msgs/msg/detail/gpio_out__rosidl_typesupport_fastrtps_cpp.hpp\n'}
[2.829864] (px4_msgs) StdoutLine: {'line': b'-- Up-to-date symlink: /home/carlos/ros2_ws/install/px4_msgs/include/px4_msgs/px4_msgs/msg/detail/gpio_request__rosidl_typesupport_fastrtps_cpp.hpp\n'}
[2.829972] (px4_msgs) StdoutLine: {'line': b'-- Up-to-date symlink: /home/carlos/ros2_ws/install/px4_msgs/include/px4_msgs/px4_msgs/msg/detail/gps_dump__rosidl_typesupport_fastrtps_cpp.hpp\n'}
[2.830074] (px4_msgs) StdoutLine: {'line': b'-- Up-to-date symlink: /home/carlos/ros2_ws/install/px4_msgs/include/px4_msgs/px4_msgs/msg/detail/gps_inject_data__rosidl_typesupport_fastrtps_cpp.hpp\n'}
[2.830176] (px4_msgs) StdoutLine: {'line': b'-- Up-to-date symlink: /home/carlos/ros2_ws/install/px4_msgs/include/px4_msgs/px4_msgs/msg/detail/gripper__rosidl_typesupport_fastrtps_cpp.hpp\n'}
[2.830278] (px4_msgs) StdoutLine: {'line': b'-- Up-to-date symlink: /home/carlos/ros2_ws/install/px4_msgs/include/px4_msgs/px4_msgs/msg/detail/health_report__rosidl_typesupport_fastrtps_cpp.hpp\n'}
[2.830380] (px4_msgs) StdoutLine: {'line': b'-- Up-to-date symlink: /home/carlos/ros2_ws/install/px4_msgs/include/px4_msgs/px4_msgs/msg/detail/heater_status__rosidl_typesupport_fastrtps_cpp.hpp\n'}
[2.830482] (px4_msgs) StdoutLine: {'line': b'-- Up-to-date symlink: /home/carlos/ros2_ws/install/px4_msgs/include/px4_msgs/px4_msgs/msg/detail/home_position__rosidl_typesupport_fastrtps_cpp.hpp\n'}
[2.830584] (px4_msgs) StdoutLine: {'line': b'-- Up-to-date symlink: /home/carlos/ros2_ws/install/px4_msgs/include/px4_msgs/px4_msgs/msg/detail/hover_thrust_estimate__rosidl_typesupport_fastrtps_cpp.hpp\n'}
[2.830685] (px4_msgs) StdoutLine: {'line': b'-- Up-to-date symlink: /home/carlos/ros2_ws/install/px4_msgs/include/px4_msgs/px4_msgs/msg/detail/input_rc__rosidl_typesupport_fastrtps_cpp.hpp\n'}
[2.830799] (px4_msgs) StdoutLine: {'line': b'-- Up-to-date symlink: /home/carlos/ros2_ws/install/px4_msgs/include/px4_msgs/px4_msgs/msg/detail/internal_combustion_engine_control__rosidl_typesupport_fastrtps_cpp.hpp\n'}
[2.830910] (px4_msgs) StdoutLine: {'line': b'-- Up-to-date symlink: /home/carlos/ros2_ws/install/px4_msgs/include/px4_msgs/px4_msgs/msg/detail/internal_combustion_engine_status__rosidl_typesupport_fastrtps_cpp.hpp\n'}
[2.831011] (px4_msgs) StdoutLine: {'line': b'-- Up-to-date symlink: /home/carlos/ros2_ws/install/px4_msgs/include/px4_msgs/px4_msgs/msg/detail/iridiumsbd_status__rosidl_typesupport_fastrtps_cpp.hpp\n'}
[2.831113] (px4_msgs) StdoutLine: {'line': b'-- Up-to-date symlink: /home/carlos/ros2_ws/install/px4_msgs/include/px4_msgs/px4_msgs/msg/detail/irlock_report__rosidl_typesupport_fastrtps_cpp.hpp\n'}
[2.831208] (px4_msgs) StdoutLine: {'line': b'-- Up-to-date symlink: /home/carlos/ros2_ws/install/px4_msgs/include/px4_msgs/px4_msgs/msg/detail/landing_gear__rosidl_typesupport_fastrtps_cpp.hpp\n'}
[2.831310] (px4_msgs) StdoutLine: {'line': b'-- Up-to-date symlink: /home/carlos/ros2_ws/install/px4_msgs/include/px4_msgs/px4_msgs/msg/detail/landing_gear_wheel__rosidl_typesupport_fastrtps_cpp.hpp\n'}
[2.831413] (px4_msgs) StdoutLine: {'line': b'-- Up-to-date symlink: /home/carlos/ros2_ws/install/px4_msgs/include/px4_msgs/px4_msgs/msg/detail/landing_target_innovations__rosidl_typesupport_fastrtps_cpp.hpp\n'}
[2.831516] (px4_msgs) StdoutLine: {'line': b'-- Up-to-date symlink: /home/carlos/ros2_ws/install/px4_msgs/include/px4_msgs/px4_msgs/msg/detail/landing_target_pose__rosidl_typesupport_fastrtps_cpp.hpp\n'}
[2.831618] (px4_msgs) StdoutLine: {'line': b'-- Up-to-date symlink: /home/carlos/ros2_ws/install/px4_msgs/include/px4_msgs/px4_msgs/msg/detail/lateral_control_configuration__rosidl_typesupport_fastrtps_cpp.hpp\n'}
[2.831719] (px4_msgs) StdoutLine: {'line': b'-- Up-to-date symlink: /home/carlos/ros2_ws/install/px4_msgs/include/px4_msgs/px4_msgs/msg/detail/launch_detection_status__rosidl_typesupport_fastrtps_cpp.hpp\n'}
[2.831834] (px4_msgs) StdoutLine: {'line': b'-- Up-to-date symlink: /home/carlos/ros2_ws/install/px4_msgs/include/px4_msgs/px4_msgs/msg/detail/led_control__rosidl_typesupport_fastrtps_cpp.hpp\n'}
[2.831935] (px4_msgs) StdoutLine: {'line': b'-- Up-to-date symlink: /home/carlos/ros2_ws/install/px4_msgs/include/px4_msgs/px4_msgs/msg/detail/log_message__rosidl_typesupport_fastrtps_cpp.hpp\n'}
[2.832037] (px4_msgs) StdoutLine: {'line': b'-- Up-to-date symlink: /home/carlos/ros2_ws/install/px4_msgs/include/px4_msgs/px4_msgs/msg/detail/logger_status__rosidl_typesupport_fastrtps_cpp.hpp\n'}
[2.832145] (px4_msgs) StdoutLine: {'line': b'-- Up-to-date symlink: /home/carlos/ros2_ws/install/px4_msgs/include/px4_msgs/px4_msgs/msg/detail/longitudinal_control_configuration__rosidl_typesupport_fastrtps_cpp.hpp\n'}
[2.832248] (px4_msgs) StdoutLine: {'line': b'-- Up-to-date symlink: /home/carlos/ros2_ws/install/px4_msgs/include/px4_msgs/px4_msgs/msg/detail/mag_worker_data__rosidl_typesupport_fastrtps_cpp.hpp\n'}
[2.832356] (px4_msgs) StdoutLine: {'line': b'-- Up-to-date symlink: /home/carlos/ros2_ws/install/px4_msgs/include/px4_msgs/px4_msgs/msg/detail/magnetometer_bias_estimate__rosidl_typesupport_fastrtps_cpp.hpp\n'}
[2.832460] (px4_msgs) StdoutLine: {'line': b'-- Up-to-date symlink: /home/carlos/ros2_ws/install/px4_msgs/include/px4_msgs/px4_msgs/msg/detail/manual_control_setpoint__rosidl_typesupport_fastrtps_cpp.hpp\n'}
[2.832562] (px4_msgs) StdoutLine: {'line': b'-- Up-to-date symlink: /home/carlos/ros2_ws/install/px4_msgs/include/px4_msgs/px4_msgs/msg/detail/manual_control_switches__rosidl_typesupport_fastrtps_cpp.hpp\n'}
[2.832663] (px4_msgs) StdoutLine: {'line': b'-- Up-to-date symlink: /home/carlos/ros2_ws/install/px4_msgs/include/px4_msgs/px4_msgs/msg/detail/mavlink_log__rosidl_typesupport_fastrtps_cpp.hpp\n'}
[2.832771] (px4_msgs) StdoutLine: {'line': b'-- Up-to-date symlink: /home/carlos/ros2_ws/install/px4_msgs/include/px4_msgs/px4_msgs/msg/detail/mavlink_tunnel__rosidl_typesupport_fastrtps_cpp.hpp\n'}
[2.832886] (px4_msgs) StdoutLine: {'line': b'-- Up-to-date symlink: /home/carlos/ros2_ws/install/px4_msgs/include/px4_msgs/px4_msgs/msg/detail/message_format_request__rosidl_typesupport_fastrtps_cpp.hpp\n'}
[2.832988] (px4_msgs) StdoutLine: {'line': b'-- Up-to-date symlink: /home/carlos/ros2_ws/install/px4_msgs/include/px4_msgs/px4_msgs/msg/detail/message_format_response__rosidl_typesupport_fastrtps_cpp.hpp\n'}
[2.833090] (px4_msgs) StdoutLine: {'line': b'-- Up-to-date symlink: /home/carlos/ros2_ws/install/px4_msgs/include/px4_msgs/px4_msgs/msg/detail/mission__rosidl_typesupport_fastrtps_cpp.hpp\n'}
[2.833193] (px4_msgs) StdoutLine: {'line': b'-- Up-to-date symlink: /home/carlos/ros2_ws/install/px4_msgs/include/px4_msgs/px4_msgs/msg/detail/mission_result__rosidl_typesupport_fastrtps_cpp.hpp\n'}
[2.833296] (px4_msgs) StdoutLine: {'line': b'-- Up-to-date symlink: /home/carlos/ros2_ws/install/px4_msgs/include/px4_msgs/px4_msgs/msg/detail/mode_completed__rosidl_typesupport_fastrtps_cpp.hpp\n'}
[2.833399] (px4_msgs) StdoutLine: {'line': b'-- Up-to-date symlink: /home/carlos/ros2_ws/install/px4_msgs/include/px4_msgs/px4_msgs/msg/detail/mount_orientation__rosidl_typesupport_fastrtps_cpp.hpp\n'}
[2.833501] (px4_msgs) StdoutLine: {'line': b'-- Up-to-date symlink: /home/carlos/ros2_ws/install/px4_msgs/include/px4_msgs/px4_msgs/msg/detail/navigator_mission_item__rosidl_typesupport_fastrtps_cpp.hpp\n'}
[2.833599] (px4_msgs) StdoutLine: {'line': b'-- Up-to-date symlink: /home/carlos/ros2_ws/install/px4_msgs/include/px4_msgs/px4_msgs/msg/detail/navigator_status__rosidl_typesupport_fastrtps_cpp.hpp\n'}
[2.833701] (px4_msgs) StdoutLine: {'line': b'-- Up-to-date symlink: /home/carlos/ros2_ws/install/px4_msgs/include/px4_msgs/px4_msgs/msg/detail/neural_control__rosidl_typesupport_fastrtps_cpp.hpp\n'}
[2.833814] (px4_msgs) StdoutLine: {'line': b'-- Up-to-date symlink: /home/carlos/ros2_ws/install/px4_msgs/include/px4_msgs/px4_msgs/msg/detail/normalized_unsigned_setpoint__rosidl_typesupport_fastrtps_cpp.hpp\n'}
[2.833922] (px4_msgs) StdoutLine: {'line': b'-- Up-to-date symlink: /home/carlos/ros2_ws/install/px4_msgs/include/px4_msgs/px4_msgs/msg/detail/obstacle_distance__rosidl_typesupport_fastrtps_cpp.hpp\n'}
[2.834025] (px4_msgs) StdoutLine: {'line': b'-- Up-to-date symlink: /home/carlos/ros2_ws/install/px4_msgs/include/px4_msgs/px4_msgs/msg/detail/offboard_control_mode__rosidl_typesupport_fastrtps_cpp.hpp\n'}
[2.834127] (px4_msgs) StdoutLine: {'line': b'-- Up-to-date symlink: /home/carlos/ros2_ws/install/px4_msgs/include/px4_msgs/px4_msgs/msg/detail/onboard_computer_status__rosidl_typesupport_fastrtps_cpp.hpp\n'}
[2.834230] (px4_msgs) StdoutLine: {'line': b'-- Up-to-date symlink: /home/carlos/ros2_ws/install/px4_msgs/include/px4_msgs/px4_msgs/msg/detail/open_drone_id_arm_status__rosidl_typesupport_fastrtps_cpp.hpp\n'}
[2.834334] (px4_msgs) StdoutLine: {'line': b'-- Up-to-date symlink: /home/carlos/ros2_ws/install/px4_msgs/include/px4_msgs/px4_msgs/msg/detail/open_drone_id_operator_id__rosidl_typesupport_fastrtps_cpp.hpp\n'}
[2.834437] (px4_msgs) StdoutLine: {'line': b'-- Up-to-date symlink: /home/carlos/ros2_ws/install/px4_msgs/include/px4_msgs/px4_msgs/msg/detail/open_drone_id_self_id__rosidl_typesupport_fastrtps_cpp.hpp\n'}
[2.834546] (px4_msgs) StdoutLine: {'line': b'-- Up-to-date symlink: /home/carlos/ros2_ws/install/px4_msgs/include/px4_msgs/px4_msgs/msg/detail/open_drone_id_system__rosidl_typesupport_fastrtps_cpp.hpp\n'}
[2.834656] (px4_msgs) StdoutLine: {'line': b'-- Up-to-date symlink: /home/carlos/ros2_ws/install/px4_msgs/include/px4_msgs/px4_msgs/msg/detail/orb_test__rosidl_typesupport_fastrtps_cpp.hpp\n'}
[2.834785] (px4_msgs) StdoutLine: {'line': b'-- Up-to-date symlink: /home/carlos/ros2_ws/install/px4_msgs/include/px4_msgs/px4_msgs/msg/detail/orb_test_large__rosidl_typesupport_fastrtps_cpp.hpp\n'}
[2.834893] (px4_msgs) StdoutLine: {'line': b'-- Up-to-date symlink: /home/carlos/ros2_ws/install/px4_msgs/include/px4_msgs/px4_msgs/msg/detail/orb_test_medium__rosidl_typesupport_fastrtps_cpp.hpp\n'}
[2.834996] (px4_msgs) StdoutLine: {'line': b'-- Up-to-date symlink: /home/carlos/ros2_ws/install/px4_msgs/include/px4_msgs/px4_msgs/msg/detail/orbit_status__rosidl_typesupport_fastrtps_cpp.hpp\n'}
[2.835098] (px4_msgs) StdoutLine: {'line': b'-- Up-to-date symlink: /home/carlos/ros2_ws/install/px4_msgs/include/px4_msgs/px4_msgs/msg/detail/parameter_reset_request__rosidl_typesupport_fastrtps_cpp.hpp\n'}
[2.835202] (px4_msgs) StdoutLine: {'line': b'-- Up-to-date symlink: /home/carlos/ros2_ws/install/px4_msgs/include/px4_msgs/px4_msgs/msg/detail/parameter_set_used_request__rosidl_typesupport_fastrtps_cpp.hpp\n'}
[2.835306] (px4_msgs) StdoutLine: {'line': b'-- Up-to-date symlink: /home/carlos/ros2_ws/install/px4_msgs/include/px4_msgs/px4_msgs/msg/detail/parameter_set_value_request__rosidl_typesupport_fastrtps_cpp.hpp\n'}
[2.835414] (px4_msgs) StdoutLine: {'line': b'-- Up-to-date symlink: /home/carlos/ros2_ws/install/px4_msgs/include/px4_msgs/px4_msgs/msg/detail/parameter_set_value_response__rosidl_typesupport_fastrtps_cpp.hpp\n'}
[2.835518] (px4_msgs) StdoutLine: {'line': b'-- Up-to-date symlink: /home/carlos/ros2_ws/install/px4_msgs/include/px4_msgs/px4_msgs/msg/detail/parameter_update__rosidl_typesupport_fastrtps_cpp.hpp\n'}
[2.835620] (px4_msgs) StdoutLine: {'line': b'-- Up-to-date symlink: /home/carlos/ros2_ws/install/px4_msgs/include/px4_msgs/px4_msgs/msg/detail/ping__rosidl_typesupport_fastrtps_cpp.hpp\n'}
[2.835723] (px4_msgs) StdoutLine: {'line': b'-- Up-to-date symlink: /home/carlos/ros2_ws/install/px4_msgs/include/px4_msgs/px4_msgs/msg/detail/position_controller_landing_status__rosidl_typesupport_fastrtps_cpp.hpp\n'}
[2.835839] (px4_msgs) StdoutLine: {'line': b'-- Up-to-date symlink: /home/carlos/ros2_ws/install/px4_msgs/include/px4_msgs/px4_msgs/msg/detail/position_controller_status__rosidl_typesupport_fastrtps_cpp.hpp\n'}
[2.835937] (px4_msgs) StdoutLine: {'line': b'-- Up-to-date symlink: /home/carlos/ros2_ws/install/px4_msgs/include/px4_msgs/px4_msgs/msg/detail/position_setpoint__rosidl_typesupport_fastrtps_cpp.hpp\n'}
[2.836038] (px4_msgs) StdoutLine: {'line': b'-- Up-to-date symlink: /home/carlos/ros2_ws/install/px4_msgs/include/px4_msgs/px4_msgs/msg/detail/position_setpoint_triplet__rosidl_typesupport_fastrtps_cpp.hpp\n'}
[2.836138] (px4_msgs) StdoutLine: {'line': b'-- Up-to-date symlink: /home/carlos/ros2_ws/install/px4_msgs/include/px4_msgs/px4_msgs/msg/detail/power_button_state__rosidl_typesupport_fastrtps_cpp.hpp\n'}
[2.836238] (px4_msgs) StdoutLine: {'line': b'-- Up-to-date symlink: /home/carlos/ros2_ws/install/px4_msgs/include/px4_msgs/px4_msgs/msg/detail/power_monitor__rosidl_typesupport_fastrtps_cpp.hpp\n'}
[2.836339] (px4_msgs) StdoutLine: {'line': b'-- Up-to-date symlink: /home/carlos/ros2_ws/install/px4_msgs/include/px4_msgs/px4_msgs/msg/detail/pps_capture__rosidl_typesupport_fastrtps_cpp.hpp\n'}
[2.836441] (px4_msgs) StdoutLine: {'line': b'-- Up-to-date symlink: /home/carlos/ros2_ws/install/px4_msgs/include/px4_msgs/px4_msgs/msg/detail/pure_pursuit_status__rosidl_typesupport_fastrtps_cpp.hpp\n'}
[2.836544] (px4_msgs) StdoutLine: {'line': b'-- Up-to-date symlink: /home/carlos/ros2_ws/install/px4_msgs/include/px4_msgs/px4_msgs/msg/detail/pwm_input__rosidl_typesupport_fastrtps_cpp.hpp\n'}
[2.836645] (px4_msgs) StdoutLine: {'line': b'-- Up-to-date symlink: /home/carlos/ros2_ws/install/px4_msgs/include/px4_msgs/px4_msgs/msg/detail/px4io_status__rosidl_typesupport_fastrtps_cpp.hpp\n'}
[2.836752] (px4_msgs) StdoutLine: {'line': b'-- Up-to-date symlink: /home/carlos/ros2_ws/install/px4_msgs/include/px4_msgs/px4_msgs/msg/detail/qshell_req__rosidl_typesupport_fastrtps_cpp.hpp\n'}
[2.836863] (px4_msgs) StdoutLine: {'line': b'-- Up-to-date symlink: /home/carlos/ros2_ws/install/px4_msgs/include/px4_msgs/px4_msgs/msg/detail/qshell_retval__rosidl_typesupport_fastrtps_cpp.hpp\n'}
[2.836963] (px4_msgs) StdoutLine: {'line': b'-- Up-to-date symlink: /home/carlos/ros2_ws/install/px4_msgs/include/px4_msgs/px4_msgs/msg/detail/radio_status__rosidl_typesupport_fastrtps_cpp.hpp\n'}
[2.837065] (px4_msgs) StdoutLine: {'line': b'-- Up-to-date symlink: /home/carlos/ros2_ws/install/px4_msgs/include/px4_msgs/px4_msgs/msg/detail/rate_ctrl_status__rosidl_typesupport_fastrtps_cpp.hpp\n'}
[2.837172] (px4_msgs) StdoutLine: {'line': b'-- Up-to-date symlink: /home/carlos/ros2_ws/install/px4_msgs/include/px4_msgs/px4_msgs/msg/detail/rc_channels__rosidl_typesupport_fastrtps_cpp.hpp\n'}
[2.837274] (px4_msgs) StdoutLine: {'line': b'-- Up-to-date symlink: /home/carlos/ros2_ws/install/px4_msgs/include/px4_msgs/px4_msgs/msg/detail/rc_parameter_map__rosidl_typesupport_fastrtps_cpp.hpp\n'}
[2.837377] (px4_msgs) StdoutLine: {'line': b'-- Up-to-date symlink: /home/carlos/ros2_ws/install/px4_msgs/include/px4_msgs/px4_msgs/msg/detail/register_ext_component_reply__rosidl_typesupport_fastrtps_cpp.hpp\n'}
[2.837480] (px4_msgs) StdoutLine: {'line': b'-- Up-to-date symlink: /home/carlos/ros2_ws/install/px4_msgs/include/px4_msgs/px4_msgs/msg/detail/register_ext_component_request__rosidl_typesupport_fastrtps_cpp.hpp\n'}
[2.837583] (px4_msgs) StdoutLine: {'line': b'-- Up-to-date symlink: /home/carlos/ros2_ws/install/px4_msgs/include/px4_msgs/px4_msgs/msg/detail/rover_attitude_setpoint__rosidl_typesupport_fastrtps_cpp.hpp\n'}
[2.837684] (px4_msgs) StdoutLine: {'line': b'-- Up-to-date symlink: /home/carlos/ros2_ws/install/px4_msgs/include/px4_msgs/px4_msgs/msg/detail/rover_attitude_status__rosidl_typesupport_fastrtps_cpp.hpp\n'}
[2.837797] (px4_msgs) StdoutLine: {'line': b'-- Up-to-date symlink: /home/carlos/ros2_ws/install/px4_msgs/include/px4_msgs/px4_msgs/msg/detail/rover_position_setpoint__rosidl_typesupport_fastrtps_cpp.hpp\n'}
[2.837904] (px4_msgs) StdoutLine: {'line': b'-- Up-to-date symlink: /home/carlos/ros2_ws/install/px4_msgs/include/px4_msgs/px4_msgs/msg/detail/rover_rate_setpoint__rosidl_typesupport_fastrtps_cpp.hpp\n'}
[2.838007] (px4_msgs) StdoutLine: {'line': b'-- Up-to-date symlink: /home/carlos/ros2_ws/install/px4_msgs/include/px4_msgs/px4_msgs/msg/detail/rover_rate_status__rosidl_typesupport_fastrtps_cpp.hpp\n'}
[2.838110] (px4_msgs) StdoutLine: {'line': b'-- Up-to-date symlink: /home/carlos/ros2_ws/install/px4_msgs/include/px4_msgs/px4_msgs/msg/detail/rover_speed_setpoint__rosidl_typesupport_fastrtps_cpp.hpp\n'}
[2.838210] (px4_msgs) StdoutLine: {'line': b'-- Up-to-date symlink: /home/carlos/ros2_ws/install/px4_msgs/include/px4_msgs/px4_msgs/msg/detail/rover_speed_status__rosidl_typesupport_fastrtps_cpp.hpp\n'}
[2.838313] (px4_msgs) StdoutLine: {'line': b'-- Up-to-date symlink: /home/carlos/ros2_ws/install/px4_msgs/include/px4_msgs/px4_msgs/msg/detail/rover_steering_setpoint__rosidl_typesupport_fastrtps_cpp.hpp\n'}
[2.838409] (px4_msgs) StdoutLine: {'line': b'-- Up-to-date symlink: /home/carlos/ros2_ws/install/px4_msgs/include/px4_msgs/px4_msgs/msg/detail/rover_throttle_setpoint__rosidl_typesupport_fastrtps_cpp.hpp\n'}
[2.838511] (px4_msgs) StdoutLine: {'line': b'-- Up-to-date symlink: /home/carlos/ros2_ws/install/px4_msgs/include/px4_msgs/px4_msgs/msg/detail/rpm__rosidl_typesupport_fastrtps_cpp.hpp\n'}
[2.838619] (px4_msgs) StdoutLine: {'line': b'-- Up-to-date symlink: /home/carlos/ros2_ws/install/px4_msgs/include/px4_msgs/px4_msgs/msg/detail/rtl_status__rosidl_typesupport_fastrtps_cpp.hpp\n'}
[2.838722] (px4_msgs) StdoutLine: {'line': b'-- Up-to-date symlink: /home/carlos/ros2_ws/install/px4_msgs/include/px4_msgs/px4_msgs/msg/detail/rtl_time_estimate__rosidl_typesupport_fastrtps_cpp.hpp\n'}
[2.838837] (px4_msgs) StdoutLine: {'line': b'-- Up-to-date symlink: /home/carlos/ros2_ws/install/px4_msgs/include/px4_msgs/px4_msgs/msg/detail/satellite_info__rosidl_typesupport_fastrtps_cpp.hpp\n'}
[2.838937] (px4_msgs) StdoutLine: {'line': b'-- Up-to-date symlink: /home/carlos/ros2_ws/install/px4_msgs/include/px4_msgs/px4_msgs/msg/detail/sensor_accel__rosidl_typesupport_fastrtps_cpp.hpp\n'}
[2.839039] (px4_msgs) StdoutLine: {'line': b'-- Up-to-date symlink: /home/carlos/ros2_ws/install/px4_msgs/include/px4_msgs/px4_msgs/msg/detail/sensor_accel_fifo__rosidl_typesupport_fastrtps_cpp.hpp\n'}
[2.839140] (px4_msgs) StdoutLine: {'line': b'-- Up-to-date symlink: /home/carlos/ros2_ws/install/px4_msgs/include/px4_msgs/px4_msgs/msg/detail/sensor_airflow__rosidl_typesupport_fastrtps_cpp.hpp\n'}
[2.839241] (px4_msgs) StdoutLine: {'line': b'-- Up-to-date symlink: /home/carlos/ros2_ws/install/px4_msgs/include/px4_msgs/px4_msgs/msg/detail/sensor_baro__rosidl_typesupport_fastrtps_cpp.hpp\n'}
[2.839342] (px4_msgs) StdoutLine: {'line': b'-- Up-to-date symlink: /home/carlos/ros2_ws/install/px4_msgs/include/px4_msgs/px4_msgs/msg/detail/sensor_combined__rosidl_typesupport_fastrtps_cpp.hpp\n'}
[2.839444] (px4_msgs) StdoutLine: {'line': b'-- Up-to-date symlink: /home/carlos/ros2_ws/install/px4_msgs/include/px4_msgs/px4_msgs/msg/detail/sensor_correction__rosidl_typesupport_fastrtps_cpp.hpp\n'}
[2.839545] (px4_msgs) StdoutLine: {'line': b'-- Up-to-date symlink: /home/carlos/ros2_ws/install/px4_msgs/include/px4_msgs/px4_msgs/msg/detail/sensor_gnss_relative__rosidl_typesupport_fastrtps_cpp.hpp\n'}
[2.839647] (px4_msgs) StdoutLine: {'line': b'-- Up-to-date symlink: /home/carlos/ros2_ws/install/px4_msgs/include/px4_msgs/px4_msgs/msg/detail/sensor_gnss_status__rosidl_typesupport_fastrtps_cpp.hpp\n'}
[2.839755] (px4_msgs) StdoutLine: {'line': b'-- Up-to-date symlink: /home/carlos/ros2_ws/install/px4_msgs/include/px4_msgs/px4_msgs/msg/detail/sensor_gps__rosidl_typesupport_fastrtps_cpp.hpp\n'}
[2.839861] (px4_msgs) StdoutLine: {'line': b'-- Up-to-date symlink: /home/carlos/ros2_ws/install/px4_msgs/include/px4_msgs/px4_msgs/msg/detail/sensor_gyro__rosidl_typesupport_fastrtps_cpp.hpp\n'}
[2.839963] (px4_msgs) StdoutLine: {'line': b'-- Up-to-date symlink: /home/carlos/ros2_ws/install/px4_msgs/include/px4_msgs/px4_msgs/msg/detail/sensor_gyro_fft__rosidl_typesupport_fastrtps_cpp.hpp\n'}
[2.840064] (px4_msgs) StdoutLine: {'line': b'-- Up-to-date symlink: /home/carlos/ros2_ws/install/px4_msgs/include/px4_msgs/px4_msgs/msg/detail/sensor_gyro_fifo__rosidl_typesupport_fastrtps_cpp.hpp\n'}
[2.840167] (px4_msgs) StdoutLine: {'line': b'-- Up-to-date symlink: /home/carlos/ros2_ws/install/px4_msgs/include/px4_msgs/px4_msgs/msg/detail/sensor_hygrometer__rosidl_typesupport_fastrtps_cpp.hpp\n'}
[2.840269] (px4_msgs) StdoutLine: {'line': b'-- Up-to-date symlink: /home/carlos/ros2_ws/install/px4_msgs/include/px4_msgs/px4_msgs/msg/detail/sensor_mag__rosidl_typesupport_fastrtps_cpp.hpp\n'}
[2.840371] (px4_msgs) StdoutLine: {'line': b'-- Up-to-date symlink: /home/carlos/ros2_ws/install/px4_msgs/include/px4_msgs/px4_msgs/msg/detail/sensor_optical_flow__rosidl_typesupport_fastrtps_cpp.hpp\n'}
[2.840473] (px4_msgs) StdoutLine: {'line': b'-- Up-to-date symlink: /home/carlos/ros2_ws/install/px4_msgs/include/px4_msgs/px4_msgs/msg/detail/sensor_preflight_mag__rosidl_typesupport_fastrtps_cpp.hpp\n'}
[2.840576] (px4_msgs) StdoutLine: {'line': b'-- Up-to-date symlink: /home/carlos/ros2_ws/install/px4_msgs/include/px4_msgs/px4_msgs/msg/detail/sensor_selection__rosidl_typesupport_fastrtps_cpp.hpp\n'}
[2.840678] (px4_msgs) StdoutLine: {'line': b'-- Up-to-date symlink: /home/carlos/ros2_ws/install/px4_msgs/include/px4_msgs/px4_msgs/msg/detail/sensor_uwb__rosidl_typesupport_fastrtps_cpp.hpp\n'}
[2.840796] (px4_msgs) StdoutLine: {'line': b'-- Up-to-date symlink: /home/carlos/ros2_ws/install/px4_msgs/include/px4_msgs/px4_msgs/msg/detail/sensors_status__rosidl_typesupport_fastrtps_cpp.hpp\n'}
[2.840903] (px4_msgs) StdoutLine: {'line': b'-- Up-to-date symlink: /home/carlos/ros2_ws/install/px4_msgs/include/px4_msgs/px4_msgs/msg/detail/sensors_status_imu__rosidl_typesupport_fastrtps_cpp.hpp\n'}
[2.841009] (px4_msgs) StdoutLine: {'line': b'-- Up-to-date symlink: /home/carlos/ros2_ws/install/px4_msgs/include/px4_msgs/px4_msgs/msg/detail/system_power__rosidl_typesupport_fastrtps_cpp.hpp\n'}
[2.841114] (px4_msgs) StdoutLine: {'line': b'-- Up-to-date symlink: /home/carlos/ros2_ws/install/px4_msgs/include/px4_msgs/px4_msgs/msg/detail/takeoff_status__rosidl_typesupport_fastrtps_cpp.hpp\n'}
[2.841221] (px4_msgs) StdoutLine: {'line': b'-- Up-to-date symlink: /home/carlos/ros2_ws/install/px4_msgs/include/px4_msgs/px4_msgs/msg/detail/task_stack_info__rosidl_typesupport_fastrtps_cpp.hpp\n'}
[2.841323] (px4_msgs) StdoutLine: {'line': b'-- Up-to-date symlink: /home/carlos/ros2_ws/install/px4_msgs/include/px4_msgs/px4_msgs/msg/detail/tecs_status__rosidl_typesupport_fastrtps_cpp.hpp\n'}
[2.841426] (px4_msgs) StdoutLine: {'line': b'-- Up-to-date symlink: /home/carlos/ros2_ws/install/px4_msgs/include/px4_msgs/px4_msgs/msg/detail/telemetry_status__rosidl_typesupport_fastrtps_cpp.hpp\n'}
[2.841530] (px4_msgs) StdoutLine: {'line': b'-- Up-to-date symlink: /home/carlos/ros2_ws/install/px4_msgs/include/px4_msgs/px4_msgs/msg/detail/tiltrotor_extra_controls__rosidl_typesupport_fastrtps_cpp.hpp\n'}
[2.841633] (px4_msgs) StdoutLine: {'line': b'-- Up-to-date symlink: /home/carlos/ros2_ws/install/px4_msgs/include/px4_msgs/px4_msgs/msg/detail/timesync_status__rosidl_typesupport_fastrtps_cpp.hpp\n'}
[2.841736] (px4_msgs) StdoutLine: {'line': b'-- Up-to-date symlink: /home/carlos/ros2_ws/install/px4_msgs/include/px4_msgs/px4_msgs/msg/detail/trajectory_setpoint6dof__rosidl_typesupport_fastrtps_cpp.hpp\n'}
[2.841852] (px4_msgs) StdoutLine: {'line': b'-- Up-to-date symlink: /home/carlos/ros2_ws/install/px4_msgs/include/px4_msgs/px4_msgs/msg/detail/trajectory_setpoint__rosidl_typesupport_fastrtps_cpp.hpp\n'}
[2.841955] (px4_msgs) StdoutLine: {'line': b'-- Up-to-date symlink: /home/carlos/ros2_ws/install/px4_msgs/include/px4_msgs/px4_msgs/msg/detail/transponder_report__rosidl_typesupport_fastrtps_cpp.hpp\n'}
[2.842058] (px4_msgs) StdoutLine: {'line': b'-- Up-to-date symlink: /home/carlos/ros2_ws/install/px4_msgs/include/px4_msgs/px4_msgs/msg/detail/tune_control__rosidl_typesupport_fastrtps_cpp.hpp\n'}
[2.842161] (px4_msgs) StdoutLine: {'line': b'-- Up-to-date symlink: /home/carlos/ros2_ws/install/px4_msgs/include/px4_msgs/px4_msgs/msg/detail/uavcan_parameter_request__rosidl_typesupport_fastrtps_cpp.hpp\n'}
[2.842263] (px4_msgs) StdoutLine: {'line': b'-- Up-to-date symlink: /home/carlos/ros2_ws/install/px4_msgs/include/px4_msgs/px4_msgs/msg/detail/uavcan_parameter_value__rosidl_typesupport_fastrtps_cpp.hpp\n'}
[2.842365] (px4_msgs) StdoutLine: {'line': b'-- Up-to-date symlink: /home/carlos/ros2_ws/install/px4_msgs/include/px4_msgs/px4_msgs/msg/detail/ulog_stream__rosidl_typesupport_fastrtps_cpp.hpp\n'}
[2.842466] (px4_msgs) StdoutLine: {'line': b'-- Up-to-date symlink: /home/carlos/ros2_ws/install/px4_msgs/include/px4_msgs/px4_msgs/msg/detail/ulog_stream_ack__rosidl_typesupport_fastrtps_cpp.hpp\n'}
[2.842568] (px4_msgs) StdoutLine: {'line': b'-- Up-to-date symlink: /home/carlos/ros2_ws/install/px4_msgs/include/px4_msgs/px4_msgs/msg/detail/unregister_ext_component__rosidl_typesupport_fastrtps_cpp.hpp\n'}
[2.842670] (px4_msgs) StdoutLine: {'line': b'-- Up-to-date symlink: /home/carlos/ros2_ws/install/px4_msgs/include/px4_msgs/px4_msgs/msg/detail/vehicle_acceleration__rosidl_typesupport_fastrtps_cpp.hpp\n'}
[2.842796] (px4_msgs) StdoutLine: {'line': b'-- Up-to-date symlink: /home/carlos/ros2_ws/install/px4_msgs/include/px4_msgs/px4_msgs/msg/detail/vehicle_air_data__rosidl_typesupport_fastrtps_cpp.hpp\n'}
[2.842912] (px4_msgs) StdoutLine: {'line': b'-- Up-to-date symlink: /home/carlos/ros2_ws/install/px4_msgs/include/px4_msgs/px4_msgs/msg/detail/vehicle_angular_acceleration_setpoint__rosidl_typesupport_fastrtps_cpp.hpp\n'}
[2.843015] (px4_msgs) StdoutLine: {'line': b'-- Up-to-date symlink: /home/carlos/ros2_ws/install/px4_msgs/include/px4_msgs/px4_msgs/msg/detail/vehicle_angular_velocity__rosidl_typesupport_fastrtps_cpp.hpp\n'}
[2.843123] (px4_msgs) StdoutLine: {'line': b'-- Up-to-date symlink: /home/carlos/ros2_ws/install/px4_msgs/include/px4_msgs/px4_msgs/msg/detail/vehicle_attitude__rosidl_typesupport_fastrtps_cpp.hpp\n'}
[2.843225] (px4_msgs) StdoutLine: {'line': b'-- Up-to-date symlink: /home/carlos/ros2_ws/install/px4_msgs/include/px4_msgs/px4_msgs/msg/detail/vehicle_attitude_setpoint__rosidl_typesupport_fastrtps_cpp.hpp\n'}
[2.843328] (px4_msgs) StdoutLine: {'line': b'-- Up-to-date symlink: /home/carlos/ros2_ws/install/px4_msgs/include/px4_msgs/px4_msgs/msg/detail/vehicle_command__rosidl_typesupport_fastrtps_cpp.hpp\n'}
[2.843429] (px4_msgs) StdoutLine: {'line': b'-- Up-to-date symlink: /home/carlos/ros2_ws/install/px4_msgs/include/px4_msgs/px4_msgs/msg/detail/vehicle_command_ack__rosidl_typesupport_fastrtps_cpp.hpp\n'}
[2.843531] (px4_msgs) StdoutLine: {'line': b'-- Up-to-date symlink: /home/carlos/ros2_ws/install/px4_msgs/include/px4_msgs/px4_msgs/msg/detail/vehicle_constraints__rosidl_typesupport_fastrtps_cpp.hpp\n'}
[2.843633] (px4_msgs) StdoutLine: {'line': b'-- Up-to-date symlink: /home/carlos/ros2_ws/install/px4_msgs/include/px4_msgs/px4_msgs/msg/detail/vehicle_control_mode__rosidl_typesupport_fastrtps_cpp.hpp\n'}
[2.843735] (px4_msgs) StdoutLine: {'line': b'-- Up-to-date symlink: /home/carlos/ros2_ws/install/px4_msgs/include/px4_msgs/px4_msgs/msg/detail/vehicle_global_position__rosidl_typesupport_fastrtps_cpp.hpp\n'}
[2.843848] (px4_msgs) StdoutLine: {'line': b'-- Up-to-date symlink: /home/carlos/ros2_ws/install/px4_msgs/include/px4_msgs/px4_msgs/msg/detail/vehicle_imu__rosidl_typesupport_fastrtps_cpp.hpp\n'}
[2.843953] (px4_msgs) StdoutLine: {'line': b'-- Up-to-date symlink: /home/carlos/ros2_ws/install/px4_msgs/include/px4_msgs/px4_msgs/msg/detail/vehicle_imu_status__rosidl_typesupport_fastrtps_cpp.hpp\n'}
[2.844055] (px4_msgs) StdoutLine: {'line': b'-- Up-to-date symlink: /home/carlos/ros2_ws/install/px4_msgs/include/px4_msgs/px4_msgs/msg/detail/vehicle_land_detected__rosidl_typesupport_fastrtps_cpp.hpp\n'}
[2.844156] (px4_msgs) StdoutLine: {'line': b'-- Up-to-date symlink: /home/carlos/ros2_ws/install/px4_msgs/include/px4_msgs/px4_msgs/msg/detail/vehicle_local_position__rosidl_typesupport_fastrtps_cpp.hpp\n'}
[2.844258] (px4_msgs) StdoutLine: {'line': b'-- Up-to-date symlink: /home/carlos/ros2_ws/install/px4_msgs/include/px4_msgs/px4_msgs/msg/detail/vehicle_local_position_setpoint__rosidl_typesupport_fastrtps_cpp.hpp\n'}
[2.844356] (px4_msgs) StdoutLine: {'line': b'-- Up-to-date symlink: /home/carlos/ros2_ws/install/px4_msgs/include/px4_msgs/px4_msgs/msg/detail/vehicle_magnetometer__rosidl_typesupport_fastrtps_cpp.hpp\n'}
[2.844458] (px4_msgs) StdoutLine: {'line': b'-- Up-to-date symlink: /home/carlos/ros2_ws/install/px4_msgs/include/px4_msgs/px4_msgs/msg/detail/vehicle_odometry__rosidl_typesupport_fastrtps_cpp.hpp\n'}
[2.844560] (px4_msgs) StdoutLine: {'line': b'-- Up-to-date symlink: /home/carlos/ros2_ws/install/px4_msgs/include/px4_msgs/px4_msgs/msg/detail/vehicle_optical_flow__rosidl_typesupport_fastrtps_cpp.hpp\n'}
[2.844662] (px4_msgs) StdoutLine: {'line': b'-- Up-to-date symlink: /home/carlos/ros2_ws/install/px4_msgs/include/px4_msgs/px4_msgs/msg/detail/vehicle_optical_flow_vel__rosidl_typesupport_fastrtps_cpp.hpp\n'}
[2.844769] (px4_msgs) StdoutLine: {'line': b'-- Up-to-date symlink: /home/carlos/ros2_ws/install/px4_msgs/include/px4_msgs/px4_msgs/msg/detail/vehicle_rates_setpoint__rosidl_typesupport_fastrtps_cpp.hpp\n'}
[2.844876] (px4_msgs) StdoutLine: {'line': b'-- Up-to-date symlink: /home/carlos/ros2_ws/install/px4_msgs/include/px4_msgs/px4_msgs/msg/detail/vehicle_roi__rosidl_typesupport_fastrtps_cpp.hpp\n'}
[2.844978] (px4_msgs) StdoutLine: {'line': b'-- Up-to-date symlink: /home/carlos/ros2_ws/install/px4_msgs/include/px4_msgs/px4_msgs/msg/detail/vehicle_status__rosidl_typesupport_fastrtps_cpp.hpp\n'}
[2.845080] (px4_msgs) StdoutLine: {'line': b'-- Up-to-date symlink: /home/carlos/ros2_ws/install/px4_msgs/include/px4_msgs/px4_msgs/msg/detail/vehicle_thrust_setpoint__rosidl_typesupport_fastrtps_cpp.hpp\n'}
[2.845189] (px4_msgs) StdoutLine: {'line': b'-- Up-to-date symlink: /home/carlos/ros2_ws/install/px4_msgs/include/px4_msgs/px4_msgs/msg/detail/vehicle_torque_setpoint__rosidl_typesupport_fastrtps_cpp.hpp\n'}
[2.845292] (px4_msgs) StdoutLine: {'line': b'-- Up-to-date symlink: /home/carlos/ros2_ws/install/px4_msgs/include/px4_msgs/px4_msgs/msg/detail/velocity_limits__rosidl_typesupport_fastrtps_cpp.hpp\n'}
[2.845394] (px4_msgs) StdoutLine: {'line': b'-- Up-to-date symlink: /home/carlos/ros2_ws/install/px4_msgs/include/px4_msgs/px4_msgs/msg/detail/vtol_vehicle_status__rosidl_typesupport_fastrtps_cpp.hpp\n'}
[2.845503] (px4_msgs) StdoutLine: {'line': b'-- Up-to-date symlink: /home/carlos/ros2_ws/install/px4_msgs/include/px4_msgs/px4_msgs/msg/detail/wheel_encoders__rosidl_typesupport_fastrtps_cpp.hpp\n'}
[2.845605] (px4_msgs) StdoutLine: {'line': b'-- Up-to-date symlink: /home/carlos/ros2_ws/install/px4_msgs/include/px4_msgs/px4_msgs/msg/detail/wind__rosidl_typesupport_fastrtps_cpp.hpp\n'}
[2.845707] (px4_msgs) StdoutLine: {'line': b'-- Up-to-date symlink: /home/carlos/ros2_ws/install/px4_msgs/include/px4_msgs/px4_msgs/msg/detail/yaw_estimator_status__rosidl_typesupport_fastrtps_cpp.hpp\n'}
[2.845818] (px4_msgs) StdoutLine: {'line': b'-- Up-to-date symlink: /home/carlos/ros2_ws/install/px4_msgs/include/px4_msgs/px4_msgs/msg/rosidl_typesupport_fastrtps_cpp__visibility_control.h\n'}
[2.845919] (px4_msgs) StdoutLine: {'line': b'-- Up-to-date symlink: /home/carlos/ros2_ws/install/px4_msgs/include/px4_msgs/px4_msgs/srv/detail/vehicle_command__rosidl_typesupport_fastrtps_cpp.hpp\n'}
[2.849219] (px4_msgs) StdoutLine: {'line': b'-- Up-to-date symlink: /home/carlos/ros2_ws/install/px4_msgs/include/px4_msgs/px4_msgs/msg/detail/action_request__rosidl_typesupport_introspection_c.h\n'}
[2.849445] (px4_msgs) StdoutLine: {'line': b'-- Up-to-date symlink: /home/carlos/ros2_ws/install/px4_msgs/include/px4_msgs/px4_msgs/msg/detail/actuator_armed__rosidl_typesupport_introspection_c.h\n'}
[2.849667] (px4_msgs) StdoutLine: {'line': b'-- Up-to-date symlink: /home/carlos/ros2_ws/install/px4_msgs/include/px4_msgs/px4_msgs/msg/detail/actuator_controls_status__rosidl_typesupport_introspection_c.h\n'}
[2.849820] (px4_msgs) StdoutLine: {'line': b'-- Up-to-date symlink: /home/carlos/ros2_ws/install/px4_msgs/include/px4_msgs/px4_msgs/msg/detail/actuator_motors__rosidl_typesupport_introspection_c.h\n'}
[2.849937] (px4_msgs) StdoutLine: {'line': b'-- Up-to-date symlink: /home/carlos/ros2_ws/install/px4_msgs/include/px4_msgs/px4_msgs/msg/detail/actuator_outputs__rosidl_typesupport_introspection_c.h\n'}
[2.850049] (px4_msgs) StdoutLine: {'line': b'-- Up-to-date symlink: /home/carlos/ros2_ws/install/px4_msgs/include/px4_msgs/px4_msgs/msg/detail/actuator_servos__rosidl_typesupport_introspection_c.h\n'}
[2.850226] (px4_msgs) StdoutLine: {'line': b'-- Up-to-date symlink: /home/carlos/ros2_ws/install/px4_msgs/include/px4_msgs/px4_msgs/msg/detail/actuator_servos_trim__rosidl_typesupport_introspection_c.h\n'}
[2.850332] (px4_msgs) StdoutLine: {'line': b'-- Up-to-date symlink: /home/carlos/ros2_ws/install/px4_msgs/include/px4_msgs/px4_msgs/msg/detail/actuator_test__rosidl_typesupport_introspection_c.h\n'}
[2.850404] (px4_msgs) StdoutLine: {'line': b'-- Up-to-date symlink: /home/carlos/ros2_ws/install/px4_msgs/include/px4_msgs/px4_msgs/msg/detail/adc_report__rosidl_typesupport_introspection_c.h\n'}
[2.850468] (px4_msgs) StdoutLine: {'line': b'-- Up-to-date symlink: /home/carlos/ros2_ws/install/px4_msgs/include/px4_msgs/px4_msgs/msg/detail/airspeed__rosidl_typesupport_introspection_c.h\n'}
[2.850534] (px4_msgs) StdoutLine: {'line': b'-- Up-to-date symlink: /home/carlos/ros2_ws/install/px4_msgs/include/px4_msgs/px4_msgs/msg/detail/airspeed_validated__rosidl_typesupport_introspection_c.h\n'}
[2.850598] (px4_msgs) StdoutLine: {'line': b'-- Up-to-date symlink: /home/carlos/ros2_ws/install/px4_msgs/include/px4_msgs/px4_msgs/msg/detail/airspeed_wind__rosidl_typesupport_introspection_c.h\n'}
[2.850698] (px4_msgs) StdoutLine: {'line': b'-- Up-to-date symlink: /home/carlos/ros2_ws/install/px4_msgs/include/px4_msgs/px4_msgs/msg/detail/arming_check_reply__rosidl_typesupport_introspection_c.h\n'}
[2.850795] (px4_msgs) StdoutLine: {'line': b'-- Up-to-date symlink: /home/carlos/ros2_ws/install/px4_msgs/include/px4_msgs/px4_msgs/msg/detail/arming_check_request__rosidl_typesupport_introspection_c.h\n'}
[2.850898] (px4_msgs) StdoutLine: {'line': b'-- Up-to-date symlink: /home/carlos/ros2_ws/install/px4_msgs/include/px4_msgs/px4_msgs/msg/detail/autotune_attitude_control_status__rosidl_typesupport_introspection_c.h\n'}
[2.850965] (px4_msgs) StdoutLine: {'line': b'-- Up-to-date symlink: /home/carlos/ros2_ws/install/px4_msgs/include/px4_msgs/px4_msgs/msg/detail/battery_info__rosidl_typesupport_introspection_c.h\n'}
[2.851032] (px4_msgs) StdoutLine: {'line': b'-- Up-to-date symlink: /home/carlos/ros2_ws/install/px4_msgs/include/px4_msgs/px4_msgs/msg/detail/battery_status__rosidl_typesupport_introspection_c.h\n'}
[2.851097] (px4_msgs) StdoutLine: {'line': b'-- Up-to-date symlink: /home/carlos/ros2_ws/install/px4_msgs/include/px4_msgs/px4_msgs/msg/detail/button_event__rosidl_typesupport_introspection_c.h\n'}
[2.851191] (px4_msgs) StdoutLine: {'line': b'-- Up-to-date symlink: /home/carlos/ros2_ws/install/px4_msgs/include/px4_msgs/px4_msgs/msg/detail/camera_capture__rosidl_typesupport_introspection_c.h\n'}
[2.851263] (px4_msgs) StdoutLine: {'line': b'-- Up-to-date symlink: /home/carlos/ros2_ws/install/px4_msgs/include/px4_msgs/px4_msgs/msg/detail/camera_status__rosidl_typesupport_introspection_c.h\n'}
[2.851351] (px4_msgs) StdoutLine: {'line': b'-- Up-to-date symlink: /home/carlos/ros2_ws/install/px4_msgs/include/px4_msgs/px4_msgs/msg/detail/camera_trigger__rosidl_typesupport_introspection_c.h\n'}
[2.851421] (px4_msgs) StdoutLine: {'line': b'-- Up-to-date symlink: /home/carlos/ros2_ws/install/px4_msgs/include/px4_msgs/px4_msgs/msg/detail/can_interface_status__rosidl_typesupport_introspection_c.h\n'}
[2.851514] (px4_msgs) StdoutLine: {'line': b'-- Up-to-date symlink: /home/carlos/ros2_ws/install/px4_msgs/include/px4_msgs/px4_msgs/msg/detail/cellular_status__rosidl_typesupport_introspection_c.h\n'}
[2.851597] (px4_msgs) StdoutLine: {'line': b'-- Up-to-date symlink: /home/carlos/ros2_ws/install/px4_msgs/include/px4_msgs/px4_msgs/msg/detail/collision_constraints__rosidl_typesupport_introspection_c.h\n'}
[2.851712] (px4_msgs) StdoutLine: {'line': b'-- Up-to-date symlink: /home/carlos/ros2_ws/install/px4_msgs/include/px4_msgs/px4_msgs/msg/detail/config_overrides__rosidl_typesupport_introspection_c.h\n'}
[2.851834] (px4_msgs) StdoutLine: {'line': b'-- Up-to-date symlink: /home/carlos/ros2_ws/install/px4_msgs/include/px4_msgs/px4_msgs/msg/detail/control_allocator_status__rosidl_typesupport_introspection_c.h\n'}
[2.851942] (px4_msgs) StdoutLine: {'line': b'-- Up-to-date symlink: /home/carlos/ros2_ws/install/px4_msgs/include/px4_msgs/px4_msgs/msg/detail/cpuload__rosidl_typesupport_introspection_c.h\n'}
[2.852050] (px4_msgs) StdoutLine: {'line': b'-- Up-to-date symlink: /home/carlos/ros2_ws/install/px4_msgs/include/px4_msgs/px4_msgs/msg/detail/dataman_request__rosidl_typesupport_introspection_c.h\n'}
[2.852156] (px4_msgs) StdoutLine: {'line': b'-- Up-to-date symlink: /home/carlos/ros2_ws/install/px4_msgs/include/px4_msgs/px4_msgs/msg/detail/dataman_response__rosidl_typesupport_introspection_c.h\n'}
[2.852263] (px4_msgs) StdoutLine: {'line': b'-- Up-to-date symlink: /home/carlos/ros2_ws/install/px4_msgs/include/px4_msgs/px4_msgs/msg/detail/debug_array__rosidl_typesupport_introspection_c.h\n'}
[2.852370] (px4_msgs) StdoutLine: {'line': b'-- Up-to-date symlink: /home/carlos/ros2_ws/install/px4_msgs/include/px4_msgs/px4_msgs/msg/detail/debug_key_value__rosidl_typesupport_introspection_c.h\n'}
[2.852476] (px4_msgs) StdoutLine: {'line': b'-- Up-to-date symlink: /home/carlos/ros2_ws/install/px4_msgs/include/px4_msgs/px4_msgs/msg/detail/debug_value__rosidl_typesupport_introspection_c.h\n'}
[2.852583] (px4_msgs) StdoutLine: {'line': b'-- Up-to-date symlink: /home/carlos/ros2_ws/install/px4_msgs/include/px4_msgs/px4_msgs/msg/detail/debug_vect__rosidl_typesupport_introspection_c.h\n'}
[2.852691] (px4_msgs) StdoutLine: {'line': b'-- Up-to-date symlink: /home/carlos/ros2_ws/install/px4_msgs/include/px4_msgs/px4_msgs/msg/detail/differential_pressure__rosidl_typesupport_introspection_c.h\n'}
[2.852803] (px4_msgs) StdoutLine: {'line': b'-- Up-to-date symlink: /home/carlos/ros2_ws/install/px4_msgs/include/px4_msgs/px4_msgs/msg/detail/distance_sensor__rosidl_typesupport_introspection_c.h\n'}
[2.852913] (px4_msgs) StdoutLine: {'line': b'-- Up-to-date symlink: /home/carlos/ros2_ws/install/px4_msgs/include/px4_msgs/px4_msgs/msg/detail/distance_sensor_mode_change_request__rosidl_typesupport_introspection_c.h\n'}
[2.853015] (px4_msgs) StdoutLine: {'line': b'-- Up-to-date symlink: /home/carlos/ros2_ws/install/px4_msgs/include/px4_msgs/px4_msgs/msg/detail/dronecan_node_status__rosidl_typesupport_introspection_c.h\n'}
[2.853118] (px4_msgs) StdoutLine: {'line': b'-- Up-to-date symlink: /home/carlos/ros2_ws/install/px4_msgs/include/px4_msgs/px4_msgs/msg/detail/ekf2_timestamps__rosidl_typesupport_introspection_c.h\n'}
[2.853219] (px4_msgs) StdoutLine: {'line': b'-- Up-to-date symlink: /home/carlos/ros2_ws/install/px4_msgs/include/px4_msgs/px4_msgs/msg/detail/esc_report__rosidl_typesupport_introspection_c.h\n'}
[2.853322] (px4_msgs) StdoutLine: {'line': b'-- Up-to-date symlink: /home/carlos/ros2_ws/install/px4_msgs/include/px4_msgs/px4_msgs/msg/detail/esc_status__rosidl_typesupport_introspection_c.h\n'}
[2.853424] (px4_msgs) StdoutLine: {'line': b'-- Up-to-date symlink: /home/carlos/ros2_ws/install/px4_msgs/include/px4_msgs/px4_msgs/msg/detail/estimator_aid_source1d__rosidl_typesupport_introspection_c.h\n'}
[2.853526] (px4_msgs) StdoutLine: {'line': b'-- Up-to-date symlink: /home/carlos/ros2_ws/install/px4_msgs/include/px4_msgs/px4_msgs/msg/detail/estimator_aid_source2d__rosidl_typesupport_introspection_c.h\n'}
[2.853630] (px4_msgs) StdoutLine: {'line': b'-- Up-to-date symlink: /home/carlos/ros2_ws/install/px4_msgs/include/px4_msgs/px4_msgs/msg/detail/estimator_aid_source3d__rosidl_typesupport_introspection_c.h\n'}
[2.853731] (px4_msgs) StdoutLine: {'line': b'-- Up-to-date symlink: /home/carlos/ros2_ws/install/px4_msgs/include/px4_msgs/px4_msgs/msg/detail/estimator_bias3d__rosidl_typesupport_introspection_c.h\n'}
[2.853845] (px4_msgs) StdoutLine: {'line': b'-- Up-to-date symlink: /home/carlos/ros2_ws/install/px4_msgs/include/px4_msgs/px4_msgs/msg/detail/estimator_bias__rosidl_typesupport_introspection_c.h\n'}
[2.853953] (px4_msgs) StdoutLine: {'line': b'-- Up-to-date symlink: /home/carlos/ros2_ws/install/px4_msgs/include/px4_msgs/px4_msgs/msg/detail/estimator_event_flags__rosidl_typesupport_introspection_c.h\n'}
[2.854055] (px4_msgs) StdoutLine: {'line': b'-- Up-to-date symlink: /home/carlos/ros2_ws/install/px4_msgs/include/px4_msgs/px4_msgs/msg/detail/estimator_gps_status__rosidl_typesupport_introspection_c.h\n'}
[2.854156] (px4_msgs) StdoutLine: {'line': b'-- Up-to-date symlink: /home/carlos/ros2_ws/install/px4_msgs/include/px4_msgs/px4_msgs/msg/detail/estimator_innovations__rosidl_typesupport_introspection_c.h\n'}
[2.854259] (px4_msgs) StdoutLine: {'line': b'-- Up-to-date symlink: /home/carlos/ros2_ws/install/px4_msgs/include/px4_msgs/px4_msgs/msg/detail/estimator_selector_status__rosidl_typesupport_introspection_c.h\n'}
[2.854361] (px4_msgs) StdoutLine: {'line': b'-- Up-to-date symlink: /home/carlos/ros2_ws/install/px4_msgs/include/px4_msgs/px4_msgs/msg/detail/estimator_sensor_bias__rosidl_typesupport_introspection_c.h\n'}
[2.854463] (px4_msgs) StdoutLine: {'line': b'-- Up-to-date symlink: /home/carlos/ros2_ws/install/px4_msgs/include/px4_msgs/px4_msgs/msg/detail/estimator_states__rosidl_typesupport_introspection_c.h\n'}
[2.854565] (px4_msgs) StdoutLine: {'line': b'-- Up-to-date symlink: /home/carlos/ros2_ws/install/px4_msgs/include/px4_msgs/px4_msgs/msg/detail/estimator_status__rosidl_typesupport_introspection_c.h\n'}
[2.854668] (px4_msgs) StdoutLine: {'line': b'-- Up-to-date symlink: /home/carlos/ros2_ws/install/px4_msgs/include/px4_msgs/px4_msgs/msg/detail/estimator_status_flags__rosidl_typesupport_introspection_c.h\n'}
[2.854775] (px4_msgs) StdoutLine: {'line': b'-- Up-to-date symlink: /home/carlos/ros2_ws/install/px4_msgs/include/px4_msgs/px4_msgs/msg/detail/event__rosidl_typesupport_introspection_c.h\n'}
[2.854881] (px4_msgs) StdoutLine: {'line': b'-- Up-to-date symlink: /home/carlos/ros2_ws/install/px4_msgs/include/px4_msgs/px4_msgs/msg/detail/failsafe_flags__rosidl_typesupport_introspection_c.h\n'}
[2.854989] (px4_msgs) StdoutLine: {'line': b'-- Up-to-date symlink: /home/carlos/ros2_ws/install/px4_msgs/include/px4_msgs/px4_msgs/msg/detail/failure_detector_status__rosidl_typesupport_introspection_c.h\n'}
[2.855092] (px4_msgs) StdoutLine: {'line': b'-- Up-to-date symlink: /home/carlos/ros2_ws/install/px4_msgs/include/px4_msgs/px4_msgs/msg/detail/figure_eight_status__rosidl_typesupport_introspection_c.h\n'}
[2.855189] (px4_msgs) StdoutLine: {'line': b'-- Up-to-date symlink: /home/carlos/ros2_ws/install/px4_msgs/include/px4_msgs/px4_msgs/msg/detail/fixed_wing_lateral_guidance_status__rosidl_typesupport_introspection_c.h\n'}
[2.855292] (px4_msgs) StdoutLine: {'line': b'-- Up-to-date symlink: /home/carlos/ros2_ws/install/px4_msgs/include/px4_msgs/px4_msgs/msg/detail/fixed_wing_lateral_setpoint__rosidl_typesupport_introspection_c.h\n'}
[2.855393] (px4_msgs) StdoutLine: {'line': b'-- Up-to-date symlink: /home/carlos/ros2_ws/install/px4_msgs/include/px4_msgs/px4_msgs/msg/detail/fixed_wing_lateral_status__rosidl_typesupport_introspection_c.h\n'}
[2.855494] (px4_msgs) StdoutLine: {'line': b'-- Up-to-date symlink: /home/carlos/ros2_ws/install/px4_msgs/include/px4_msgs/px4_msgs/msg/detail/fixed_wing_longitudinal_setpoint__rosidl_typesupport_introspection_c.h\n'}
[2.855596] (px4_msgs) StdoutLine: {'line': b'-- Up-to-date symlink: /home/carlos/ros2_ws/install/px4_msgs/include/px4_msgs/px4_msgs/msg/detail/fixed_wing_runway_control__rosidl_typesupport_introspection_c.h\n'}
[2.855697] (px4_msgs) StdoutLine: {'line': b'-- Up-to-date symlink: /home/carlos/ros2_ws/install/px4_msgs/include/px4_msgs/px4_msgs/msg/detail/flight_phase_estimation__rosidl_typesupport_introspection_c.h\n'}
[2.855805] (px4_msgs) StdoutLine: {'line': b'-- Up-to-date symlink: /home/carlos/ros2_ws/install/px4_msgs/include/px4_msgs/px4_msgs/msg/detail/follow_target__rosidl_typesupport_introspection_c.h\n'}
[2.855914] (px4_msgs) StdoutLine: {'line': b'-- Up-to-date symlink: /home/carlos/ros2_ws/install/px4_msgs/include/px4_msgs/px4_msgs/msg/detail/follow_target_estimator__rosidl_typesupport_introspection_c.h\n'}
[2.856015] (px4_msgs) StdoutLine: {'line': b'-- Up-to-date symlink: /home/carlos/ros2_ws/install/px4_msgs/include/px4_msgs/px4_msgs/msg/detail/follow_target_status__rosidl_typesupport_introspection_c.h\n'}
[2.856117] (px4_msgs) StdoutLine: {'line': b'-- Up-to-date symlink: /home/carlos/ros2_ws/install/px4_msgs/include/px4_msgs/px4_msgs/msg/detail/fuel_tank_status__rosidl_typesupport_introspection_c.h\n'}
[2.856218] (px4_msgs) StdoutLine: {'line': b'-- Up-to-date symlink: /home/carlos/ros2_ws/install/px4_msgs/include/px4_msgs/px4_msgs/msg/detail/generator_status__rosidl_typesupport_introspection_c.h\n'}
[2.856325] (px4_msgs) StdoutLine: {'line': b'-- Up-to-date symlink: /home/carlos/ros2_ws/install/px4_msgs/include/px4_msgs/px4_msgs/msg/detail/geofence_result__rosidl_typesupport_introspection_c.h\n'}
[2.856428] (px4_msgs) StdoutLine: {'line': b'-- Up-to-date symlink: /home/carlos/ros2_ws/install/px4_msgs/include/px4_msgs/px4_msgs/msg/detail/geofence_status__rosidl_typesupport_introspection_c.h\n'}
[2.856531] (px4_msgs) StdoutLine: {'line': b'-- Up-to-date symlink: /home/carlos/ros2_ws/install/px4_msgs/include/px4_msgs/px4_msgs/msg/detail/gimbal_controls__rosidl_typesupport_introspection_c.h\n'}
[2.856636] (px4_msgs) StdoutLine: {'line': b'-- Up-to-date symlink: /home/carlos/ros2_ws/install/px4_msgs/include/px4_msgs/px4_msgs/msg/detail/gimbal_device_attitude_status__rosidl_typesupport_introspection_c.h\n'}
[2.856739] (px4_msgs) StdoutLine: {'line': b'-- Up-to-date symlink: /home/carlos/ros2_ws/install/px4_msgs/include/px4_msgs/px4_msgs/msg/detail/gimbal_device_information__rosidl_typesupport_introspection_c.h\n'}
[2.856855] (px4_msgs) StdoutLine: {'line': b'-- Up-to-date symlink: /home/carlos/ros2_ws/install/px4_msgs/include/px4_msgs/px4_msgs/msg/detail/gimbal_device_set_attitude__rosidl_typesupport_introspection_c.h\n'}
[2.856959] (px4_msgs) StdoutLine: {'line': b'-- Up-to-date symlink: /home/carlos/ros2_ws/install/px4_msgs/include/px4_msgs/px4_msgs/msg/detail/gimbal_manager_information__rosidl_typesupport_introspection_c.h\n'}
[2.857062] (px4_msgs) StdoutLine: {'line': b'-- Up-to-date symlink: /home/carlos/ros2_ws/install/px4_msgs/include/px4_msgs/px4_msgs/msg/detail/gimbal_manager_set_attitude__rosidl_typesupport_introspection_c.h\n'}
[2.857168] (px4_msgs) StdoutLine: {'line': b'-- Up-to-date symlink: /home/carlos/ros2_ws/install/px4_msgs/include/px4_msgs/px4_msgs/msg/detail/gimbal_manager_set_manual_control__rosidl_typesupport_introspection_c.h\n'}
[2.857271] (px4_msgs) StdoutLine: {'line': b'-- Up-to-date symlink: /home/carlos/ros2_ws/install/px4_msgs/include/px4_msgs/px4_msgs/msg/detail/gimbal_manager_status__rosidl_typesupport_introspection_c.h\n'}
[2.857373] (px4_msgs) StdoutLine: {'line': b'-- Up-to-date symlink: /home/carlos/ros2_ws/install/px4_msgs/include/px4_msgs/px4_msgs/msg/detail/goto_setpoint__rosidl_typesupport_introspection_c.h\n'}
[2.857477] (px4_msgs) StdoutLine: {'line': b'-- Up-to-date symlink: /home/carlos/ros2_ws/install/px4_msgs/include/px4_msgs/px4_msgs/msg/detail/gpio_config__rosidl_typesupport_introspection_c.h\n'}
[2.857573] (px4_msgs) StdoutLine: {'line': b'-- Up-to-date symlink: /home/carlos/ros2_ws/install/px4_msgs/include/px4_msgs/px4_msgs/msg/detail/gpio_in__rosidl_typesupport_introspection_c.h\n'}
[2.857672] (px4_msgs) StdoutLine: {'line': b'-- Up-to-date symlink: /home/carlos/ros2_ws/install/px4_msgs/include/px4_msgs/px4_msgs/msg/detail/gpio_out__rosidl_typesupport_introspection_c.h\n'}
[2.857781] (px4_msgs) StdoutLine: {'line': b'-- Up-to-date symlink: /home/carlos/ros2_ws/install/px4_msgs/include/px4_msgs/px4_msgs/msg/detail/gpio_request__rosidl_typesupport_introspection_c.h\n'}
[2.857888] (px4_msgs) StdoutLine: {'line': b'-- Up-to-date symlink: /home/carlos/ros2_ws/install/px4_msgs/include/px4_msgs/px4_msgs/msg/detail/gps_dump__rosidl_typesupport_introspection_c.h\n'}
[2.857989] (px4_msgs) StdoutLine: {'line': b'-- Up-to-date symlink: /home/carlos/ros2_ws/install/px4_msgs/include/px4_msgs/px4_msgs/msg/detail/gps_inject_data__rosidl_typesupport_introspection_c.h\n'}
[2.858089] (px4_msgs) StdoutLine: {'line': b'-- Up-to-date symlink: /home/carlos/ros2_ws/install/px4_msgs/include/px4_msgs/px4_msgs/msg/detail/gripper__rosidl_typesupport_introspection_c.h\n'}
[2.858196] (px4_msgs) StdoutLine: {'line': b'-- Up-to-date symlink: /home/carlos/ros2_ws/install/px4_msgs/include/px4_msgs/px4_msgs/msg/detail/health_report__rosidl_typesupport_introspection_c.h\n'}
[2.858298] (px4_msgs) StdoutLine: {'line': b'-- Up-to-date symlink: /home/carlos/ros2_ws/install/px4_msgs/include/px4_msgs/px4_msgs/msg/detail/heater_status__rosidl_typesupport_introspection_c.h\n'}
[2.858400] (px4_msgs) StdoutLine: {'line': b'-- Up-to-date symlink: /home/carlos/ros2_ws/install/px4_msgs/include/px4_msgs/px4_msgs/msg/detail/home_position__rosidl_typesupport_introspection_c.h\n'}
[2.858501] (px4_msgs) StdoutLine: {'line': b'-- Up-to-date symlink: /home/carlos/ros2_ws/install/px4_msgs/include/px4_msgs/px4_msgs/msg/detail/hover_thrust_estimate__rosidl_typesupport_introspection_c.h\n'}
[2.858602] (px4_msgs) StdoutLine: {'line': b'-- Up-to-date symlink: /home/carlos/ros2_ws/install/px4_msgs/include/px4_msgs/px4_msgs/msg/detail/input_rc__rosidl_typesupport_introspection_c.h\n'}
[2.858711] (px4_msgs) StdoutLine: {'line': b'-- Up-to-date symlink: /home/carlos/ros2_ws/install/px4_msgs/include/px4_msgs/px4_msgs/msg/detail/internal_combustion_engine_control__rosidl_typesupport_introspection_c.h\n'}
[2.858828] (px4_msgs) StdoutLine: {'line': b'-- Up-to-date symlink: /home/carlos/ros2_ws/install/px4_msgs/include/px4_msgs/px4_msgs/msg/detail/internal_combustion_engine_status__rosidl_typesupport_introspection_c.h\n'}
[2.858933] (px4_msgs) StdoutLine: {'line': b'-- Up-to-date symlink: /home/carlos/ros2_ws/install/px4_msgs/include/px4_msgs/px4_msgs/msg/detail/iridiumsbd_status__rosidl_typesupport_introspection_c.h\n'}
[2.859038] (px4_msgs) StdoutLine: {'line': b'-- Up-to-date symlink: /home/carlos/ros2_ws/install/px4_msgs/include/px4_msgs/px4_msgs/msg/detail/irlock_report__rosidl_typesupport_introspection_c.h\n'}
[2.859142] (px4_msgs) StdoutLine: {'line': b'-- Up-to-date symlink: /home/carlos/ros2_ws/install/px4_msgs/include/px4_msgs/px4_msgs/msg/detail/landing_gear__rosidl_typesupport_introspection_c.h\n'}
[2.859246] (px4_msgs) StdoutLine: {'line': b'-- Up-to-date symlink: /home/carlos/ros2_ws/install/px4_msgs/include/px4_msgs/px4_msgs/msg/detail/landing_gear_wheel__rosidl_typesupport_introspection_c.h\n'}
[2.859350] (px4_msgs) StdoutLine: {'line': b'-- Up-to-date symlink: /home/carlos/ros2_ws/install/px4_msgs/include/px4_msgs/px4_msgs/msg/detail/landing_target_innovations__rosidl_typesupport_introspection_c.h\n'}
[2.859455] (px4_msgs) StdoutLine: {'line': b'-- Up-to-date symlink: /home/carlos/ros2_ws/install/px4_msgs/include/px4_msgs/px4_msgs/msg/detail/landing_target_pose__rosidl_typesupport_introspection_c.h\n'}
[2.859559] (px4_msgs) StdoutLine: {'line': b'-- Up-to-date symlink: /home/carlos/ros2_ws/install/px4_msgs/include/px4_msgs/px4_msgs/msg/detail/lateral_control_configuration__rosidl_typesupport_introspection_c.h\n'}
[2.859663] (px4_msgs) StdoutLine: {'line': b'-- Up-to-date symlink: /home/carlos/ros2_ws/install/px4_msgs/include/px4_msgs/px4_msgs/msg/detail/launch_detection_status__rosidl_typesupport_introspection_c.h\n'}
[2.859772] (px4_msgs) StdoutLine: {'line': b'-- Up-to-date symlink: /home/carlos/ros2_ws/install/px4_msgs/include/px4_msgs/px4_msgs/msg/detail/led_control__rosidl_typesupport_introspection_c.h\n'}
[2.859883] (px4_msgs) StdoutLine: {'line': b'-- Up-to-date symlink: /home/carlos/ros2_ws/install/px4_msgs/include/px4_msgs/px4_msgs/msg/detail/log_message__rosidl_typesupport_introspection_c.h\n'}
[2.859981] (px4_msgs) StdoutLine: {'line': b'-- Up-to-date symlink: /home/carlos/ros2_ws/install/px4_msgs/include/px4_msgs/px4_msgs/msg/detail/logger_status__rosidl_typesupport_introspection_c.h\n'}
[2.860085] (px4_msgs) StdoutLine: {'line': b'-- Up-to-date symlink: /home/carlos/ros2_ws/install/px4_msgs/include/px4_msgs/px4_msgs/msg/detail/longitudinal_control_configuration__rosidl_typesupport_introspection_c.h\n'}
[2.860186] (px4_msgs) StdoutLine: {'line': b'-- Up-to-date symlink: /home/carlos/ros2_ws/install/px4_msgs/include/px4_msgs/px4_msgs/msg/detail/mag_worker_data__rosidl_typesupport_introspection_c.h\n'}
[2.860289] (px4_msgs) StdoutLine: {'line': b'-- Up-to-date symlink: /home/carlos/ros2_ws/install/px4_msgs/include/px4_msgs/px4_msgs/msg/detail/magnetometer_bias_estimate__rosidl_typesupport_introspection_c.h\n'}
[2.860391] (px4_msgs) StdoutLine: {'line': b'-- Up-to-date symlink: /home/carlos/ros2_ws/install/px4_msgs/include/px4_msgs/px4_msgs/msg/detail/manual_control_setpoint__rosidl_typesupport_introspection_c.h\n'}
[2.860492] (px4_msgs) StdoutLine: {'line': b'-- Up-to-date symlink: /home/carlos/ros2_ws/install/px4_msgs/include/px4_msgs/px4_msgs/msg/detail/manual_control_switches__rosidl_typesupport_introspection_c.h\n'}
[2.860594] (px4_msgs) StdoutLine: {'line': b'-- Up-to-date symlink: /home/carlos/ros2_ws/install/px4_msgs/include/px4_msgs/px4_msgs/msg/detail/mavlink_log__rosidl_typesupport_introspection_c.h\n'}
[2.860695] (px4_msgs) StdoutLine: {'line': b'-- Up-to-date symlink: /home/carlos/ros2_ws/install/px4_msgs/include/px4_msgs/px4_msgs/msg/detail/mavlink_tunnel__rosidl_typesupport_introspection_c.h\n'}
[2.860804] (px4_msgs) StdoutLine: {'line': b'-- Up-to-date symlink: /home/carlos/ros2_ws/install/px4_msgs/include/px4_msgs/px4_msgs/msg/detail/message_format_request__rosidl_typesupport_introspection_c.h\n'}
[2.860913] (px4_msgs) StdoutLine: {'line': b'-- Up-to-date symlink: /home/carlos/ros2_ws/install/px4_msgs/include/px4_msgs/px4_msgs/msg/detail/message_format_response__rosidl_typesupport_introspection_c.h\n'}
[2.861015] (px4_msgs) StdoutLine: {'line': b'-- Up-to-date symlink: /home/carlos/ros2_ws/install/px4_msgs/include/px4_msgs/px4_msgs/msg/detail/mission__rosidl_typesupport_introspection_c.h\n'}
[2.861123] (px4_msgs) StdoutLine: {'line': b'-- Up-to-date symlink: /home/carlos/ros2_ws/install/px4_msgs/include/px4_msgs/px4_msgs/msg/detail/mission_result__rosidl_typesupport_introspection_c.h\n'}
[2.861225] (px4_msgs) StdoutLine: {'line': b'-- Up-to-date symlink: /home/carlos/ros2_ws/install/px4_msgs/include/px4_msgs/px4_msgs/msg/detail/mode_completed__rosidl_typesupport_introspection_c.h\n'}
[2.861328] (px4_msgs) StdoutLine: {'line': b'-- Up-to-date symlink: /home/carlos/ros2_ws/install/px4_msgs/include/px4_msgs/px4_msgs/msg/detail/mount_orientation__rosidl_typesupport_introspection_c.h\n'}
[2.861436] (px4_msgs) StdoutLine: {'line': b'-- Up-to-date symlink: /home/carlos/ros2_ws/install/px4_msgs/include/px4_msgs/px4_msgs/msg/detail/navigator_mission_item__rosidl_typesupport_introspection_c.h\n'}
[2.861539] (px4_msgs) StdoutLine: {'line': b'-- Up-to-date symlink: /home/carlos/ros2_ws/install/px4_msgs/include/px4_msgs/px4_msgs/msg/detail/navigator_status__rosidl_typesupport_introspection_c.h\n'}
[2.861642] (px4_msgs) StdoutLine: {'line': b'-- Up-to-date symlink: /home/carlos/ros2_ws/install/px4_msgs/include/px4_msgs/px4_msgs/msg/detail/neural_control__rosidl_typesupport_introspection_c.h\n'}
[2.861745] (px4_msgs) StdoutLine: {'line': b'-- Up-to-date symlink: /home/carlos/ros2_ws/install/px4_msgs/include/px4_msgs/px4_msgs/msg/detail/normalized_unsigned_setpoint__rosidl_typesupport_introspection_c.h\n'}
[2.861855] (px4_msgs) StdoutLine: {'line': b'-- Up-to-date symlink: /home/carlos/ros2_ws/install/px4_msgs/include/px4_msgs/px4_msgs/msg/detail/obstacle_distance__rosidl_typesupport_introspection_c.h\n'}
[2.861958] (px4_msgs) StdoutLine: {'line': b'-- Up-to-date symlink: /home/carlos/ros2_ws/install/px4_msgs/include/px4_msgs/px4_msgs/msg/detail/offboard_control_mode__rosidl_typesupport_introspection_c.h\n'}
[2.862062] (px4_msgs) StdoutLine: {'line': b'-- Up-to-date symlink: /home/carlos/ros2_ws/install/px4_msgs/include/px4_msgs/px4_msgs/msg/detail/onboard_computer_status__rosidl_typesupport_introspection_c.h\n'}
[2.862165] (px4_msgs) StdoutLine: {'line': b'-- Up-to-date symlink: /home/carlos/ros2_ws/install/px4_msgs/include/px4_msgs/px4_msgs/msg/detail/open_drone_id_arm_status__rosidl_typesupport_introspection_c.h\n'}
[2.862267] (px4_msgs) StdoutLine: {'line': b'-- Up-to-date symlink: /home/carlos/ros2_ws/install/px4_msgs/include/px4_msgs/px4_msgs/msg/detail/open_drone_id_operator_id__rosidl_typesupport_introspection_c.h\n'}
[2.862364] (px4_msgs) StdoutLine: {'line': b'-- Up-to-date symlink: /home/carlos/ros2_ws/install/px4_msgs/include/px4_msgs/px4_msgs/msg/detail/open_drone_id_self_id__rosidl_typesupport_introspection_c.h\n'}
[2.862468] (px4_msgs) StdoutLine: {'line': b'-- Up-to-date symlink: /home/carlos/ros2_ws/install/px4_msgs/include/px4_msgs/px4_msgs/msg/detail/open_drone_id_system__rosidl_typesupport_introspection_c.h\n'}
[2.862570] (px4_msgs) StdoutLine: {'line': b'-- Up-to-date symlink: /home/carlos/ros2_ws/install/px4_msgs/include/px4_msgs/px4_msgs/msg/detail/orb_test__rosidl_typesupport_introspection_c.h\n'}
[2.862673] (px4_msgs) StdoutLine: {'line': b'-- Up-to-date symlink: /home/carlos/ros2_ws/install/px4_msgs/include/px4_msgs/px4_msgs/msg/detail/orb_test_large__rosidl_typesupport_introspection_c.h\n'}
[2.862784] (px4_msgs) StdoutLine: {'line': b'-- Up-to-date symlink: /home/carlos/ros2_ws/install/px4_msgs/include/px4_msgs/px4_msgs/msg/detail/orb_test_medium__rosidl_typesupport_introspection_c.h\n'}
[2.862890] (px4_msgs) StdoutLine: {'line': b'-- Up-to-date symlink: /home/carlos/ros2_ws/install/px4_msgs/include/px4_msgs/px4_msgs/msg/detail/orbit_status__rosidl_typesupport_introspection_c.h\n'}
[2.862993] (px4_msgs) StdoutLine: {'line': b'-- Up-to-date symlink: /home/carlos/ros2_ws/install/px4_msgs/include/px4_msgs/px4_msgs/msg/detail/parameter_reset_request__rosidl_typesupport_introspection_c.h\n'}
[2.863097] (px4_msgs) StdoutLine: {'line': b'-- Up-to-date symlink: /home/carlos/ros2_ws/install/px4_msgs/include/px4_msgs/px4_msgs/msg/detail/parameter_set_used_request__rosidl_typesupport_introspection_c.h\n'}
[2.863200] (px4_msgs) StdoutLine: {'line': b'-- Up-to-date symlink: /home/carlos/ros2_ws/install/px4_msgs/include/px4_msgs/px4_msgs/msg/detail/parameter_set_value_request__rosidl_typesupport_introspection_c.h\n'}
[2.863304] (px4_msgs) StdoutLine: {'line': b'-- Up-to-date symlink: /home/carlos/ros2_ws/install/px4_msgs/include/px4_msgs/px4_msgs/msg/detail/parameter_set_value_response__rosidl_typesupport_introspection_c.h\n'}
[2.863408] (px4_msgs) StdoutLine: {'line': b'-- Up-to-date symlink: /home/carlos/ros2_ws/install/px4_msgs/include/px4_msgs/px4_msgs/msg/detail/parameter_update__rosidl_typesupport_introspection_c.h\n'}
[2.863518] (px4_msgs) StdoutLine: {'line': b'-- Up-to-date symlink: /home/carlos/ros2_ws/install/px4_msgs/include/px4_msgs/px4_msgs/msg/detail/ping__rosidl_typesupport_introspection_c.h\n'}
[2.863622] (px4_msgs) StdoutLine: {'line': b'-- Up-to-date symlink: /home/carlos/ros2_ws/install/px4_msgs/include/px4_msgs/px4_msgs/msg/detail/position_controller_landing_status__rosidl_typesupport_introspection_c.h\n'}
[2.863727] (px4_msgs) StdoutLine: {'line': b'-- Up-to-date symlink: /home/carlos/ros2_ws/install/px4_msgs/include/px4_msgs/px4_msgs/msg/detail/position_controller_status__rosidl_typesupport_introspection_c.h\n'}
[2.863844] (px4_msgs) StdoutLine: {'line': b'-- Up-to-date symlink: /home/carlos/ros2_ws/install/px4_msgs/include/px4_msgs/px4_msgs/msg/detail/position_setpoint__rosidl_typesupport_introspection_c.h\n'}
[2.863950] (px4_msgs) StdoutLine: {'line': b'-- Up-to-date symlink: /home/carlos/ros2_ws/install/px4_msgs/include/px4_msgs/px4_msgs/msg/detail/position_setpoint_triplet__rosidl_typesupport_introspection_c.h\n'}
[2.864055] (px4_msgs) StdoutLine: {'line': b'-- Up-to-date symlink: /home/carlos/ros2_ws/install/px4_msgs/include/px4_msgs/px4_msgs/msg/detail/power_button_state__rosidl_typesupport_introspection_c.h\n'}
[2.864159] (px4_msgs) StdoutLine: {'line': b'-- Up-to-date symlink: /home/carlos/ros2_ws/install/px4_msgs/include/px4_msgs/px4_msgs/msg/detail/power_monitor__rosidl_typesupport_introspection_c.h\n'}
[2.864263] (px4_msgs) StdoutLine: {'line': b'-- Up-to-date symlink: /home/carlos/ros2_ws/install/px4_msgs/include/px4_msgs/px4_msgs/msg/detail/pps_capture__rosidl_typesupport_introspection_c.h\n'}
[2.864367] (px4_msgs) StdoutLine: {'line': b'-- Up-to-date symlink: /home/carlos/ros2_ws/install/px4_msgs/include/px4_msgs/px4_msgs/msg/detail/pure_pursuit_status__rosidl_typesupport_introspection_c.h\n'}
[2.864471] (px4_msgs) StdoutLine: {'line': b'-- Up-to-date symlink: /home/carlos/ros2_ws/install/px4_msgs/include/px4_msgs/px4_msgs/msg/detail/pwm_input__rosidl_typesupport_introspection_c.h\n'}
[2.864581] (px4_msgs) StdoutLine: {'line': b'-- Up-to-date symlink: /home/carlos/ros2_ws/install/px4_msgs/include/px4_msgs/px4_msgs/msg/detail/px4io_status__rosidl_typesupport_introspection_c.h\n'}
[2.864685] (px4_msgs) StdoutLine: {'line': b'-- Up-to-date symlink: /home/carlos/ros2_ws/install/px4_msgs/include/px4_msgs/px4_msgs/msg/detail/qshell_req__rosidl_typesupport_introspection_c.h\n'}
[2.864790] (px4_msgs) StdoutLine: {'line': b'-- Up-to-date symlink: /home/carlos/ros2_ws/install/px4_msgs/include/px4_msgs/px4_msgs/msg/detail/qshell_retval__rosidl_typesupport_introspection_c.h\n'}
[2.864898] (px4_msgs) StdoutLine: {'line': b'-- Up-to-date symlink: /home/carlos/ros2_ws/install/px4_msgs/include/px4_msgs/px4_msgs/msg/detail/radio_status__rosidl_typesupport_introspection_c.h\n'}
[2.864999] (px4_msgs) StdoutLine: {'line': b'-- Up-to-date symlink: /home/carlos/ros2_ws/install/px4_msgs/include/px4_msgs/px4_msgs/msg/detail/rate_ctrl_status__rosidl_typesupport_introspection_c.h\n'}
[2.865099] (px4_msgs) StdoutLine: {'line': b'-- Up-to-date symlink: /home/carlos/ros2_ws/install/px4_msgs/include/px4_msgs/px4_msgs/msg/detail/rc_channels__rosidl_typesupport_introspection_c.h\n'}
[2.865199] (px4_msgs) StdoutLine: {'line': b'-- Up-to-date symlink: /home/carlos/ros2_ws/install/px4_msgs/include/px4_msgs/px4_msgs/msg/detail/rc_parameter_map__rosidl_typesupport_introspection_c.h\n'}
[2.865300] (px4_msgs) StdoutLine: {'line': b'-- Up-to-date symlink: /home/carlos/ros2_ws/install/px4_msgs/include/px4_msgs/px4_msgs/msg/detail/register_ext_component_reply__rosidl_typesupport_introspection_c.h\n'}
[2.865401] (px4_msgs) StdoutLine: {'line': b'-- Up-to-date symlink: /home/carlos/ros2_ws/install/px4_msgs/include/px4_msgs/px4_msgs/msg/detail/register_ext_component_request__rosidl_typesupport_introspection_c.h\n'}
[2.865501] (px4_msgs) StdoutLine: {'line': b'-- Up-to-date symlink: /home/carlos/ros2_ws/install/px4_msgs/include/px4_msgs/px4_msgs/msg/detail/rover_attitude_setpoint__rosidl_typesupport_introspection_c.h\n'}
[2.865601] (px4_msgs) StdoutLine: {'line': b'-- Up-to-date symlink: /home/carlos/ros2_ws/install/px4_msgs/include/px4_msgs/px4_msgs/msg/detail/rover_attitude_status__rosidl_typesupport_introspection_c.h\n'}
[2.865702] (px4_msgs) StdoutLine: {'line': b'-- Up-to-date symlink: /home/carlos/ros2_ws/install/px4_msgs/include/px4_msgs/px4_msgs/msg/detail/rover_position_setpoint__rosidl_typesupport_introspection_c.h\n'}
[2.865811] (px4_msgs) StdoutLine: {'line': b'-- Up-to-date symlink: /home/carlos/ros2_ws/install/px4_msgs/include/px4_msgs/px4_msgs/msg/detail/rover_rate_setpoint__rosidl_typesupport_introspection_c.h\n'}
[2.865923] (px4_msgs) StdoutLine: {'line': b'-- Up-to-date symlink: /home/carlos/ros2_ws/install/px4_msgs/include/px4_msgs/px4_msgs/msg/detail/rover_rate_status__rosidl_typesupport_introspection_c.h\n'}
[2.866026] (px4_msgs) StdoutLine: {'line': b'-- Up-to-date symlink: /home/carlos/ros2_ws/install/px4_msgs/include/px4_msgs/px4_msgs/msg/detail/rover_speed_setpoint__rosidl_typesupport_introspection_c.h\n'}
[2.866129] (px4_msgs) StdoutLine: {'line': b'-- Up-to-date symlink: /home/carlos/ros2_ws/install/px4_msgs/include/px4_msgs/px4_msgs/msg/detail/rover_speed_status__rosidl_typesupport_introspection_c.h\n'}
[2.866232] (px4_msgs) StdoutLine: {'line': b'-- Up-to-date symlink: /home/carlos/ros2_ws/install/px4_msgs/include/px4_msgs/px4_msgs/msg/detail/rover_steering_setpoint__rosidl_typesupport_introspection_c.h\n'}
[2.866335] (px4_msgs) StdoutLine: {'line': b'-- Up-to-date symlink: /home/carlos/ros2_ws/install/px4_msgs/include/px4_msgs/px4_msgs/msg/detail/rover_throttle_setpoint__rosidl_typesupport_introspection_c.h\n'}
[2.866440] (px4_msgs) StdoutLine: {'line': b'-- Up-to-date symlink: /home/carlos/ros2_ws/install/px4_msgs/include/px4_msgs/px4_msgs/msg/detail/rpm__rosidl_typesupport_introspection_c.h\n'}
[2.866543] (px4_msgs) StdoutLine: {'line': b'-- Up-to-date symlink: /home/carlos/ros2_ws/install/px4_msgs/include/px4_msgs/px4_msgs/msg/detail/rtl_status__rosidl_typesupport_introspection_c.h\n'}
[2.866647] (px4_msgs) StdoutLine: {'line': b'-- Up-to-date symlink: /home/carlos/ros2_ws/install/px4_msgs/include/px4_msgs/px4_msgs/msg/detail/rtl_time_estimate__rosidl_typesupport_introspection_c.h\n'}
[2.866755] (px4_msgs) StdoutLine: {'line': b'-- Up-to-date symlink: /home/carlos/ros2_ws/install/px4_msgs/include/px4_msgs/px4_msgs/msg/detail/satellite_info__rosidl_typesupport_introspection_c.h\n'}
[2.866865] (px4_msgs) StdoutLine: {'line': b'-- Up-to-date symlink: /home/carlos/ros2_ws/install/px4_msgs/include/px4_msgs/px4_msgs/msg/detail/sensor_accel__rosidl_typesupport_introspection_c.h\n'}
[2.866968] (px4_msgs) StdoutLine: {'line': b'-- Up-to-date symlink: /home/carlos/ros2_ws/install/px4_msgs/include/px4_msgs/px4_msgs/msg/detail/sensor_accel_fifo__rosidl_typesupport_introspection_c.h\n'}
[2.867071] (px4_msgs) StdoutLine: {'line': b'-- Up-to-date symlink: /home/carlos/ros2_ws/install/px4_msgs/include/px4_msgs/px4_msgs/msg/detail/sensor_airflow__rosidl_typesupport_introspection_c.h\n'}
[2.867168] (px4_msgs) StdoutLine: {'line': b'-- Up-to-date symlink: /home/carlos/ros2_ws/install/px4_msgs/include/px4_msgs/px4_msgs/msg/detail/sensor_baro__rosidl_typesupport_introspection_c.h\n'}
[2.867270] (px4_msgs) StdoutLine: {'line': b'-- Up-to-date symlink: /home/carlos/ros2_ws/install/px4_msgs/include/px4_msgs/px4_msgs/msg/detail/sensor_combined__rosidl_typesupport_introspection_c.h\n'}
[2.867371] (px4_msgs) StdoutLine: {'line': b'-- Up-to-date symlink: /home/carlos/ros2_ws/install/px4_msgs/include/px4_msgs/px4_msgs/msg/detail/sensor_correction__rosidl_typesupport_introspection_c.h\n'}
[2.867472] (px4_msgs) StdoutLine: {'line': b'-- Up-to-date symlink: /home/carlos/ros2_ws/install/px4_msgs/include/px4_msgs/px4_msgs/msg/detail/sensor_gnss_relative__rosidl_typesupport_introspection_c.h\n'}
[2.867573] (px4_msgs) StdoutLine: {'line': b'-- Up-to-date symlink: /home/carlos/ros2_ws/install/px4_msgs/include/px4_msgs/px4_msgs/msg/detail/sensor_gnss_status__rosidl_typesupport_introspection_c.h\n'}
[2.867675] (px4_msgs) StdoutLine: {'line': b'-- Up-to-date symlink: /home/carlos/ros2_ws/install/px4_msgs/include/px4_msgs/px4_msgs/msg/detail/sensor_gps__rosidl_typesupport_introspection_c.h\n'}
[2.867783] (px4_msgs) StdoutLine: {'line': b'-- Up-to-date symlink: /home/carlos/ros2_ws/install/px4_msgs/include/px4_msgs/px4_msgs/msg/detail/sensor_gyro__rosidl_typesupport_introspection_c.h\n'}
[2.867897] (px4_msgs) StdoutLine: {'line': b'-- Up-to-date symlink: /home/carlos/ros2_ws/install/px4_msgs/include/px4_msgs/px4_msgs/msg/detail/sensor_gyro_fft__rosidl_typesupport_introspection_c.h\n'}
[2.867999] (px4_msgs) StdoutLine: {'line': b'-- Up-to-date symlink: /home/carlos/ros2_ws/install/px4_msgs/include/px4_msgs/px4_msgs/msg/detail/sensor_gyro_fifo__rosidl_typesupport_introspection_c.h\n'}
[2.868101] (px4_msgs) StdoutLine: {'line': b'-- Up-to-date symlink: /home/carlos/ros2_ws/install/px4_msgs/include/px4_msgs/px4_msgs/msg/detail/sensor_hygrometer__rosidl_typesupport_introspection_c.h\n'}
[2.868202] (px4_msgs) StdoutLine: {'line': b'-- Up-to-date symlink: /home/carlos/ros2_ws/install/px4_msgs/include/px4_msgs/px4_msgs/msg/detail/sensor_mag__rosidl_typesupport_introspection_c.h\n'}
[2.868315] (px4_msgs) StdoutLine: {'line': b'-- Up-to-date symlink: /home/carlos/ros2_ws/install/px4_msgs/include/px4_msgs/px4_msgs/msg/detail/sensor_optical_flow__rosidl_typesupport_introspection_c.h\n'}
[2.868419] (px4_msgs) StdoutLine: {'line': b'-- Up-to-date symlink: /home/carlos/ros2_ws/install/px4_msgs/include/px4_msgs/px4_msgs/msg/detail/sensor_preflight_mag__rosidl_typesupport_introspection_c.h\n'}
[2.868523] (px4_msgs) StdoutLine: {'line': b'-- Up-to-date symlink: /home/carlos/ros2_ws/install/px4_msgs/include/px4_msgs/px4_msgs/msg/detail/sensor_selection__rosidl_typesupport_introspection_c.h\n'}
[2.868626] (px4_msgs) StdoutLine: {'line': b'-- Up-to-date symlink: /home/carlos/ros2_ws/install/px4_msgs/include/px4_msgs/px4_msgs/msg/detail/sensor_uwb__rosidl_typesupport_introspection_c.h\n'}
[2.868730] (px4_msgs) StdoutLine: {'line': b'-- Up-to-date symlink: /home/carlos/ros2_ws/install/px4_msgs/include/px4_msgs/px4_msgs/msg/detail/sensors_status__rosidl_typesupport_introspection_c.h\n'}
[2.868843] (px4_msgs) StdoutLine: {'line': b'-- Up-to-date symlink: /home/carlos/ros2_ws/install/px4_msgs/include/px4_msgs/px4_msgs/msg/detail/sensors_status_imu__rosidl_typesupport_introspection_c.h\n'}
[2.868950] (px4_msgs) StdoutLine: {'line': b'-- Up-to-date symlink: /home/carlos/ros2_ws/install/px4_msgs/include/px4_msgs/px4_msgs/msg/detail/system_power__rosidl_typesupport_introspection_c.h\n'}
[2.869054] (px4_msgs) StdoutLine: {'line': b'-- Up-to-date symlink: /home/carlos/ros2_ws/install/px4_msgs/include/px4_msgs/px4_msgs/msg/detail/takeoff_status__rosidl_typesupport_introspection_c.h\n'}
[2.869157] (px4_msgs) StdoutLine: {'line': b'-- Up-to-date symlink: /home/carlos/ros2_ws/install/px4_msgs/include/px4_msgs/px4_msgs/msg/detail/task_stack_info__rosidl_typesupport_introspection_c.h\n'}
[2.869260] (px4_msgs) StdoutLine: {'line': b'-- Up-to-date symlink: /home/carlos/ros2_ws/install/px4_msgs/include/px4_msgs/px4_msgs/msg/detail/tecs_status__rosidl_typesupport_introspection_c.h\n'}
[2.869364] (px4_msgs) StdoutLine: {'line': b'-- Up-to-date symlink: /home/carlos/ros2_ws/install/px4_msgs/include/px4_msgs/px4_msgs/msg/detail/telemetry_status__rosidl_typesupport_introspection_c.h\n'}
[2.869468] (px4_msgs) StdoutLine: {'line': b'-- Up-to-date symlink: /home/carlos/ros2_ws/install/px4_msgs/include/px4_msgs/px4_msgs/msg/detail/tiltrotor_extra_controls__rosidl_typesupport_introspection_c.h\n'}
[2.869566] (px4_msgs) StdoutLine: {'line': b'-- Up-to-date symlink: /home/carlos/ros2_ws/install/px4_msgs/include/px4_msgs/px4_msgs/msg/detail/timesync_status__rosidl_typesupport_introspection_c.h\n'}
[2.869668] (px4_msgs) StdoutLine: {'line': b'-- Up-to-date symlink: /home/carlos/ros2_ws/install/px4_msgs/include/px4_msgs/px4_msgs/msg/detail/trajectory_setpoint6dof__rosidl_typesupport_introspection_c.h\n'}
[2.869776] (px4_msgs) StdoutLine: {'line': b'-- Up-to-date symlink: /home/carlos/ros2_ws/install/px4_msgs/include/px4_msgs/px4_msgs/msg/detail/trajectory_setpoint__rosidl_typesupport_introspection_c.h\n'}
[2.869881] (px4_msgs) StdoutLine: {'line': b'-- Up-to-date symlink: /home/carlos/ros2_ws/install/px4_msgs/include/px4_msgs/px4_msgs/msg/detail/transponder_report__rosidl_typesupport_introspection_c.h\n'}
[2.869982] (px4_msgs) StdoutLine: {'line': b'-- Up-to-date symlink: /home/carlos/ros2_ws/install/px4_msgs/include/px4_msgs/px4_msgs/msg/detail/tune_control__rosidl_typesupport_introspection_c.h\n'}
[2.870083] (px4_msgs) StdoutLine: {'line': b'-- Up-to-date symlink: /home/carlos/ros2_ws/install/px4_msgs/include/px4_msgs/px4_msgs/msg/detail/uavcan_parameter_request__rosidl_typesupport_introspection_c.h\n'}
[2.870184] (px4_msgs) StdoutLine: {'line': b'-- Up-to-date symlink: /home/carlos/ros2_ws/install/px4_msgs/include/px4_msgs/px4_msgs/msg/detail/uavcan_parameter_value__rosidl_typesupport_introspection_c.h\n'}
[2.870286] (px4_msgs) StdoutLine: {'line': b'-- Up-to-date symlink: /home/carlos/ros2_ws/install/px4_msgs/include/px4_msgs/px4_msgs/msg/detail/ulog_stream__rosidl_typesupport_introspection_c.h\n'}
[2.870387] (px4_msgs) StdoutLine: {'line': b'-- Up-to-date symlink: /home/carlos/ros2_ws/install/px4_msgs/include/px4_msgs/px4_msgs/msg/detail/ulog_stream_ack__rosidl_typesupport_introspection_c.h\n'}
[2.870487] (px4_msgs) StdoutLine: {'line': b'-- Up-to-date symlink: /home/carlos/ros2_ws/install/px4_msgs/include/px4_msgs/px4_msgs/msg/detail/unregister_ext_component__rosidl_typesupport_introspection_c.h\n'}
[2.870587] (px4_msgs) StdoutLine: {'line': b'-- Up-to-date symlink: /home/carlos/ros2_ws/install/px4_msgs/include/px4_msgs/px4_msgs/msg/detail/vehicle_acceleration__rosidl_typesupport_introspection_c.h\n'}
[2.870690] (px4_msgs) StdoutLine: {'line': b'-- Up-to-date symlink: /home/carlos/ros2_ws/install/px4_msgs/include/px4_msgs/px4_msgs/msg/detail/vehicle_air_data__rosidl_typesupport_introspection_c.h\n'}
[2.870806] (px4_msgs) StdoutLine: {'line': b'-- Up-to-date symlink: /home/carlos/ros2_ws/install/px4_msgs/include/px4_msgs/px4_msgs/msg/detail/vehicle_angular_acceleration_setpoint__rosidl_typesupport_introspection_c.h\n'}
[2.870915] (px4_msgs) StdoutLine: {'line': b'-- Up-to-date symlink: /home/carlos/ros2_ws/install/px4_msgs/include/px4_msgs/px4_msgs/msg/detail/vehicle_angular_velocity__rosidl_typesupport_introspection_c.h\n'}
[2.871019] (px4_msgs) StdoutLine: {'line': b'-- Up-to-date symlink: /home/carlos/ros2_ws/install/px4_msgs/include/px4_msgs/px4_msgs/msg/detail/vehicle_attitude__rosidl_typesupport_introspection_c.h\n'}
[2.871129] (px4_msgs) StdoutLine: {'line': b'-- Up-to-date symlink: /home/carlos/ros2_ws/install/px4_msgs/include/px4_msgs/px4_msgs/msg/detail/vehicle_attitude_setpoint__rosidl_typesupport_introspection_c.h\n'}
[2.871233] (px4_msgs) StdoutLine: {'line': b'-- Up-to-date symlink: /home/carlos/ros2_ws/install/px4_msgs/include/px4_msgs/px4_msgs/msg/detail/vehicle_command__rosidl_typesupport_introspection_c.h\n'}
[2.871336] (px4_msgs) StdoutLine: {'line': b'-- Up-to-date symlink: /home/carlos/ros2_ws/install/px4_msgs/include/px4_msgs/px4_msgs/msg/detail/vehicle_command_ack__rosidl_typesupport_introspection_c.h\n'}
[2.871440] (px4_msgs) StdoutLine: {'line': b'-- Up-to-date symlink: /home/carlos/ros2_ws/install/px4_msgs/include/px4_msgs/px4_msgs/msg/detail/vehicle_constraints__rosidl_typesupport_introspection_c.h\n'}
[2.871543] (px4_msgs) StdoutLine: {'line': b'-- Up-to-date symlink: /home/carlos/ros2_ws/install/px4_msgs/include/px4_msgs/px4_msgs/msg/detail/vehicle_control_mode__rosidl_typesupport_introspection_c.h\n'}
[2.871646] (px4_msgs) StdoutLine: {'line': b'-- Up-to-date symlink: /home/carlos/ros2_ws/install/px4_msgs/include/px4_msgs/px4_msgs/msg/detail/vehicle_global_position__rosidl_typesupport_introspection_c.h\n'}
[2.871754] (px4_msgs) StdoutLine: {'line': b'-- Up-to-date symlink: /home/carlos/ros2_ws/install/px4_msgs/include/px4_msgs/px4_msgs/msg/detail/vehicle_imu__rosidl_typesupport_introspection_c.h\n'}
[2.871861] (px4_msgs) StdoutLine: {'line': b'-- Up-to-date symlink: /home/carlos/ros2_ws/install/px4_msgs/include/px4_msgs/px4_msgs/msg/detail/vehicle_imu_status__rosidl_typesupport_introspection_c.h\n'}
[2.871958] (px4_msgs) StdoutLine: {'line': b'-- Up-to-date symlink: /home/carlos/ros2_ws/install/px4_msgs/include/px4_msgs/px4_msgs/msg/detail/vehicle_land_detected__rosidl_typesupport_introspection_c.h\n'}
[2.872059] (px4_msgs) StdoutLine: {'line': b'-- Up-to-date symlink: /home/carlos/ros2_ws/install/px4_msgs/include/px4_msgs/px4_msgs/msg/detail/vehicle_local_position__rosidl_typesupport_introspection_c.h\n'}
[2.872161] (px4_msgs) StdoutLine: {'line': b'-- Up-to-date symlink: /home/carlos/ros2_ws/install/px4_msgs/include/px4_msgs/px4_msgs/msg/detail/vehicle_local_position_setpoint__rosidl_typesupport_introspection_c.h\n'}
[2.872261] (px4_msgs) StdoutLine: {'line': b'-- Up-to-date symlink: /home/carlos/ros2_ws/install/px4_msgs/include/px4_msgs/px4_msgs/msg/detail/vehicle_magnetometer__rosidl_typesupport_introspection_c.h\n'}
[2.872362] (px4_msgs) StdoutLine: {'line': b'-- Up-to-date symlink: /home/carlos/ros2_ws/install/px4_msgs/include/px4_msgs/px4_msgs/msg/detail/vehicle_odometry__rosidl_typesupport_introspection_c.h\n'}
[2.872463] (px4_msgs) StdoutLine: {'line': b'-- Up-to-date symlink: /home/carlos/ros2_ws/install/px4_msgs/include/px4_msgs/px4_msgs/msg/detail/vehicle_optical_flow__rosidl_typesupport_introspection_c.h\n'}
[2.872564] (px4_msgs) StdoutLine: {'line': b'-- Up-to-date symlink: /home/carlos/ros2_ws/install/px4_msgs/include/px4_msgs/px4_msgs/msg/detail/vehicle_optical_flow_vel__rosidl_typesupport_introspection_c.h\n'}
[2.872666] (px4_msgs) StdoutLine: {'line': b'-- Up-to-date symlink: /home/carlos/ros2_ws/install/px4_msgs/include/px4_msgs/px4_msgs/msg/detail/vehicle_rates_setpoint__rosidl_typesupport_introspection_c.h\n'}
[2.872771] (px4_msgs) StdoutLine: {'line': b'-- Up-to-date symlink: /home/carlos/ros2_ws/install/px4_msgs/include/px4_msgs/px4_msgs/msg/detail/vehicle_roi__rosidl_typesupport_introspection_c.h\n'}
[2.872879] (px4_msgs) StdoutLine: {'line': b'-- Up-to-date symlink: /home/carlos/ros2_ws/install/px4_msgs/include/px4_msgs/px4_msgs/msg/detail/vehicle_status__rosidl_typesupport_introspection_c.h\n'}
[2.872980] (px4_msgs) StdoutLine: {'line': b'-- Up-to-date symlink: /home/carlos/ros2_ws/install/px4_msgs/include/px4_msgs/px4_msgs/msg/detail/vehicle_thrust_setpoint__rosidl_typesupport_introspection_c.h\n'}
[2.873081] (px4_msgs) StdoutLine: {'line': b'-- Up-to-date symlink: /home/carlos/ros2_ws/install/px4_msgs/include/px4_msgs/px4_msgs/msg/detail/vehicle_torque_setpoint__rosidl_typesupport_introspection_c.h\n'}
[2.873190] (px4_msgs) StdoutLine: {'line': b'-- Up-to-date symlink: /home/carlos/ros2_ws/install/px4_msgs/include/px4_msgs/px4_msgs/msg/detail/velocity_limits__rosidl_typesupport_introspection_c.h\n'}
[2.873290] (px4_msgs) StdoutLine: {'line': b'-- Up-to-date symlink: /home/carlos/ros2_ws/install/px4_msgs/include/px4_msgs/px4_msgs/msg/detail/vtol_vehicle_status__rosidl_typesupport_introspection_c.h\n'}
[2.873392] (px4_msgs) StdoutLine: {'line': b'-- Up-to-date symlink: /home/carlos/ros2_ws/install/px4_msgs/include/px4_msgs/px4_msgs/msg/detail/wheel_encoders__rosidl_typesupport_introspection_c.h\n'}
[2.873495] (px4_msgs) StdoutLine: {'line': b'-- Up-to-date symlink: /home/carlos/ros2_ws/install/px4_msgs/include/px4_msgs/px4_msgs/msg/detail/wind__rosidl_typesupport_introspection_c.h\n'}
[2.873598] (px4_msgs) StdoutLine: {'line': b'-- Up-to-date symlink: /home/carlos/ros2_ws/install/px4_msgs/include/px4_msgs/px4_msgs/msg/detail/yaw_estimator_status__rosidl_typesupport_introspection_c.h\n'}
[2.873696] (px4_msgs) StdoutLine: {'line': b'-- Up-to-date symlink: /home/carlos/ros2_ws/install/px4_msgs/include/px4_msgs/px4_msgs/msg/rosidl_typesupport_introspection_c__visibility_control.h\n'}
[2.873807] (px4_msgs) StdoutLine: {'line': b'-- Up-to-date symlink: /home/carlos/ros2_ws/install/px4_msgs/include/px4_msgs/px4_msgs/srv/detail/vehicle_command__rosidl_typesupport_introspection_c.h\n'}
[2.877270] (px4_msgs) StdoutLine: {'line': b'-- Up-to-date symlink: /home/carlos/ros2_ws/install/px4_msgs/include/px4_msgs/px4_msgs/msg/detail/action_request__rosidl_typesupport_introspection_cpp.hpp\n'}
[2.877550] (px4_msgs) StdoutLine: {'line': b'-- Up-to-date symlink: /home/carlos/ros2_ws/install/px4_msgs/include/px4_msgs/px4_msgs/msg/detail/actuator_armed__rosidl_typesupport_introspection_cpp.hpp\n'}
[2.877682] (px4_msgs) StdoutLine: {'line': b'-- Up-to-date symlink: /home/carlos/ros2_ws/install/px4_msgs/include/px4_msgs/px4_msgs/msg/detail/actuator_controls_status__rosidl_typesupport_introspection_cpp.hpp\n'}
[2.877814] (px4_msgs) StdoutLine: {'line': b'-- Up-to-date symlink: /home/carlos/ros2_ws/install/px4_msgs/include/px4_msgs/px4_msgs/msg/detail/actuator_motors__rosidl_typesupport_introspection_cpp.hpp\n'}
[2.878011] (px4_msgs) StdoutLine: {'line': b'-- Up-to-date symlink: /home/carlos/ros2_ws/install/px4_msgs/include/px4_msgs/px4_msgs/msg/detail/actuator_outputs__rosidl_typesupport_introspection_cpp.hpp\n'}
[2.878117] (px4_msgs) StdoutLine: {'line': b'-- Up-to-date symlink: /home/carlos/ros2_ws/install/px4_msgs/include/px4_msgs/px4_msgs/msg/detail/actuator_servos__rosidl_typesupport_introspection_cpp.hpp\n'}
[2.878199] (px4_msgs) StdoutLine: {'line': b'-- Up-to-date symlink: /home/carlos/ros2_ws/install/px4_msgs/include/px4_msgs/px4_msgs/msg/detail/actuator_servos_trim__rosidl_typesupport_introspection_cpp.hpp\n'}
[2.878266] (px4_msgs) StdoutLine: {'line': b'-- Up-to-date symlink: /home/carlos/ros2_ws/install/px4_msgs/include/px4_msgs/px4_msgs/msg/detail/actuator_test__rosidl_typesupport_introspection_cpp.hpp\n'}
[2.878331] (px4_msgs) StdoutLine: {'line': b'-- Up-to-date symlink: /home/carlos/ros2_ws/install/px4_msgs/include/px4_msgs/px4_msgs/msg/detail/adc_report__rosidl_typesupport_introspection_cpp.hpp\n'}
[2.878487] (px4_msgs) StdoutLine: {'line': b'-- Up-to-date symlink: /home/carlos/ros2_ws/install/px4_msgs/include/px4_msgs/px4_msgs/msg/detail/airspeed__rosidl_typesupport_introspection_cpp.hpp\n'}
[2.878584] (px4_msgs) StdoutLine: {'line': b'-- Up-to-date symlink: /home/carlos/ros2_ws/install/px4_msgs/include/px4_msgs/px4_msgs/msg/detail/airspeed_validated__rosidl_typesupport_introspection_cpp.hpp\n'}
[2.878657] (px4_msgs) StdoutLine: {'line': b'-- Up-to-date symlink: /home/carlos/ros2_ws/install/px4_msgs/include/px4_msgs/px4_msgs/msg/detail/airspeed_wind__rosidl_typesupport_introspection_cpp.hpp\n'}
[2.878722] (px4_msgs) StdoutLine: {'line': b'-- Up-to-date symlink: /home/carlos/ros2_ws/install/px4_msgs/include/px4_msgs/px4_msgs/msg/detail/arming_check_reply__rosidl_typesupport_introspection_cpp.hpp\n'}
[2.878835] (px4_msgs) StdoutLine: {'line': b'-- Up-to-date symlink: /home/carlos/ros2_ws/install/px4_msgs/include/px4_msgs/px4_msgs/msg/detail/arming_check_request__rosidl_typesupport_introspection_cpp.hpp\n'}
[2.878906] (px4_msgs) StdoutLine: {'line': b'-- Up-to-date symlink: /home/carlos/ros2_ws/install/px4_msgs/include/px4_msgs/px4_msgs/msg/detail/autotune_attitude_control_status__rosidl_typesupport_introspection_cpp.hpp\n'}
[2.878977] (px4_msgs) StdoutLine: {'line': b'-- Up-to-date symlink: /home/carlos/ros2_ws/install/px4_msgs/include/px4_msgs/px4_msgs/msg/detail/battery_info__rosidl_typesupport_introspection_cpp.hpp\n'}
[2.879040] (px4_msgs) StdoutLine: {'line': b'-- Up-to-date symlink: /home/carlos/ros2_ws/install/px4_msgs/include/px4_msgs/px4_msgs/msg/detail/battery_status__rosidl_typesupport_introspection_cpp.hpp\n'}
[2.879127] (px4_msgs) StdoutLine: {'line': b'-- Up-to-date symlink: /home/carlos/ros2_ws/install/px4_msgs/include/px4_msgs/px4_msgs/msg/detail/button_event__rosidl_typesupport_introspection_cpp.hpp\n'}
[2.879196] (px4_msgs) StdoutLine: {'line': b'-- Up-to-date symlink: /home/carlos/ros2_ws/install/px4_msgs/include/px4_msgs/px4_msgs/msg/detail/camera_capture__rosidl_typesupport_introspection_cpp.hpp\n'}
[2.879252] (px4_msgs) StdoutLine: {'line': b'-- Up-to-date symlink: /home/carlos/ros2_ws/install/px4_msgs/include/px4_msgs/px4_msgs/msg/detail/camera_status__rosidl_typesupport_introspection_cpp.hpp\n'}
[2.879306] (px4_msgs) StdoutLine: {'line': b'-- Up-to-date symlink: /home/carlos/ros2_ws/install/px4_msgs/include/px4_msgs/px4_msgs/msg/detail/camera_trigger__rosidl_typesupport_introspection_cpp.hpp\n'}
[2.879385] (px4_msgs) StdoutLine: {'line': b'-- Up-to-date symlink: /home/carlos/ros2_ws/install/px4_msgs/include/px4_msgs/px4_msgs/msg/detail/can_interface_status__rosidl_typesupport_introspection_cpp.hpp\n'}
[2.879445] (px4_msgs) StdoutLine: {'line': b'-- Up-to-date symlink: /home/carlos/ros2_ws/install/px4_msgs/include/px4_msgs/px4_msgs/msg/detail/cellular_status__rosidl_typesupport_introspection_cpp.hpp\n'}
[2.879517] (px4_msgs) StdoutLine: {'line': b'-- Up-to-date symlink: /home/carlos/ros2_ws/install/px4_msgs/include/px4_msgs/px4_msgs/msg/detail/collision_constraints__rosidl_typesupport_introspection_cpp.hpp\n'}
[2.879592] (px4_msgs) StdoutLine: {'line': b'-- Up-to-date symlink: /home/carlos/ros2_ws/install/px4_msgs/include/px4_msgs/px4_msgs/msg/detail/config_overrides__rosidl_typesupport_introspection_cpp.hpp\n'}
[2.879695] (px4_msgs) StdoutLine: {'line': b'-- Up-to-date symlink: /home/carlos/ros2_ws/install/px4_msgs/include/px4_msgs/px4_msgs/msg/detail/control_allocator_status__rosidl_typesupport_introspection_cpp.hpp\n'}
[2.879811] (px4_msgs) StdoutLine: {'line': b'-- Up-to-date symlink: /home/carlos/ros2_ws/install/px4_msgs/include/px4_msgs/px4_msgs/msg/detail/cpuload__rosidl_typesupport_introspection_cpp.hpp\n'}
[2.879918] (px4_msgs) StdoutLine: {'line': b'-- Up-to-date symlink: /home/carlos/ros2_ws/install/px4_msgs/include/px4_msgs/px4_msgs/msg/detail/dataman_request__rosidl_typesupport_introspection_cpp.hpp\n'}
[2.880023] (px4_msgs) StdoutLine: {'line': b'-- Up-to-date symlink: /home/carlos/ros2_ws/install/px4_msgs/include/px4_msgs/px4_msgs/msg/detail/dataman_response__rosidl_typesupport_introspection_cpp.hpp\n'}
[2.880125] (px4_msgs) StdoutLine: {'line': b'-- Up-to-date symlink: /home/carlos/ros2_ws/install/px4_msgs/include/px4_msgs/px4_msgs/msg/detail/debug_array__rosidl_typesupport_introspection_cpp.hpp\n'}
[2.880228] (px4_msgs) StdoutLine: {'line': b'-- Up-to-date symlink: /home/carlos/ros2_ws/install/px4_msgs/include/px4_msgs/px4_msgs/msg/detail/debug_key_value__rosidl_typesupport_introspection_cpp.hpp\n'}
[2.880332] (px4_msgs) StdoutLine: {'line': b'-- Up-to-date symlink: /home/carlos/ros2_ws/install/px4_msgs/include/px4_msgs/px4_msgs/msg/detail/debug_value__rosidl_typesupport_introspection_cpp.hpp\n'}
[2.880438] (px4_msgs) StdoutLine: {'line': b'-- Up-to-date symlink: /home/carlos/ros2_ws/install/px4_msgs/include/px4_msgs/px4_msgs/msg/detail/debug_vect__rosidl_typesupport_introspection_cpp.hpp\n'}
[2.880544] (px4_msgs) StdoutLine: {'line': b'-- Up-to-date symlink: /home/carlos/ros2_ws/install/px4_msgs/include/px4_msgs/px4_msgs/msg/detail/differential_pressure__rosidl_typesupport_introspection_cpp.hpp\n'}
[2.880658] (px4_msgs) StdoutLine: {'line': b'-- Up-to-date symlink: /home/carlos/ros2_ws/install/px4_msgs/include/px4_msgs/px4_msgs/msg/detail/distance_sensor__rosidl_typesupport_introspection_cpp.hpp\n'}
[2.880772] (px4_msgs) StdoutLine: {'line': b'-- Up-to-date symlink: /home/carlos/ros2_ws/install/px4_msgs/include/px4_msgs/px4_msgs/msg/detail/distance_sensor_mode_change_request__rosidl_typesupport_introspection_cpp.hpp\n'}
[2.880884] (px4_msgs) StdoutLine: {'line': b'-- Up-to-date symlink: /home/carlos/ros2_ws/install/px4_msgs/include/px4_msgs/px4_msgs/msg/detail/dronecan_node_status__rosidl_typesupport_introspection_cpp.hpp\n'}
[2.880991] (px4_msgs) StdoutLine: {'line': b'-- Up-to-date symlink: /home/carlos/ros2_ws/install/px4_msgs/include/px4_msgs/px4_msgs/msg/detail/ekf2_timestamps__rosidl_typesupport_introspection_cpp.hpp\n'}
[2.881098] (px4_msgs) StdoutLine: {'line': b'-- Up-to-date symlink: /home/carlos/ros2_ws/install/px4_msgs/include/px4_msgs/px4_msgs/msg/detail/esc_report__rosidl_typesupport_introspection_cpp.hpp\n'}
[2.881204] (px4_msgs) StdoutLine: {'line': b'-- Up-to-date symlink: /home/carlos/ros2_ws/install/px4_msgs/include/px4_msgs/px4_msgs/msg/detail/esc_status__rosidl_typesupport_introspection_cpp.hpp\n'}
[2.881311] (px4_msgs) StdoutLine: {'line': b'-- Up-to-date symlink: /home/carlos/ros2_ws/install/px4_msgs/include/px4_msgs/px4_msgs/msg/detail/estimator_aid_source1d__rosidl_typesupport_introspection_cpp.hpp\n'}
[2.881417] (px4_msgs) StdoutLine: {'line': b'-- Up-to-date symlink: /home/carlos/ros2_ws/install/px4_msgs/include/px4_msgs/px4_msgs/msg/detail/estimator_aid_source2d__rosidl_typesupport_introspection_cpp.hpp\n'}
[2.881527] (px4_msgs) StdoutLine: {'line': b'-- Up-to-date symlink: /home/carlos/ros2_ws/install/px4_msgs/include/px4_msgs/px4_msgs/msg/detail/estimator_aid_source3d__rosidl_typesupport_introspection_cpp.hpp\n'}
[2.881635] (px4_msgs) StdoutLine: {'line': b'-- Up-to-date symlink: /home/carlos/ros2_ws/install/px4_msgs/include/px4_msgs/px4_msgs/msg/detail/estimator_bias3d__rosidl_typesupport_introspection_cpp.hpp\n'}
[2.881734] (px4_msgs) StdoutLine: {'line': b'-- Up-to-date symlink: /home/carlos/ros2_ws/install/px4_msgs/include/px4_msgs/px4_msgs/msg/detail/estimator_bias__rosidl_typesupport_introspection_cpp.hpp\n'}
[2.881848] (px4_msgs) StdoutLine: {'line': b'-- Up-to-date symlink: /home/carlos/ros2_ws/install/px4_msgs/include/px4_msgs/px4_msgs/msg/detail/estimator_event_flags__rosidl_typesupport_introspection_cpp.hpp\n'}
[2.881950] (px4_msgs) StdoutLine: {'line': b'-- Up-to-date symlink: /home/carlos/ros2_ws/install/px4_msgs/include/px4_msgs/px4_msgs/msg/detail/estimator_gps_status__rosidl_typesupport_introspection_cpp.hpp\n'}
[2.882052] (px4_msgs) StdoutLine: {'line': b'-- Up-to-date symlink: /home/carlos/ros2_ws/install/px4_msgs/include/px4_msgs/px4_msgs/msg/detail/estimator_innovations__rosidl_typesupport_introspection_cpp.hpp\n'}
[2.882154] (px4_msgs) StdoutLine: {'line': b'-- Up-to-date symlink: /home/carlos/ros2_ws/install/px4_msgs/include/px4_msgs/px4_msgs/msg/detail/estimator_selector_status__rosidl_typesupport_introspection_cpp.hpp\n'}
[2.882257] (px4_msgs) StdoutLine: {'line': b'-- Up-to-date symlink: /home/carlos/ros2_ws/install/px4_msgs/include/px4_msgs/px4_msgs/msg/detail/estimator_sensor_bias__rosidl_typesupport_introspection_cpp.hpp\n'}
[2.882359] (px4_msgs) StdoutLine: {'line': b'-- Up-to-date symlink: /home/carlos/ros2_ws/install/px4_msgs/include/px4_msgs/px4_msgs/msg/detail/estimator_states__rosidl_typesupport_introspection_cpp.hpp\n'}
[2.882460] (px4_msgs) StdoutLine: {'line': b'-- Up-to-date symlink: /home/carlos/ros2_ws/install/px4_msgs/include/px4_msgs/px4_msgs/msg/detail/estimator_status__rosidl_typesupport_introspection_cpp.hpp\n'}
[2.882563] (px4_msgs) StdoutLine: {'line': b'-- Up-to-date symlink: /home/carlos/ros2_ws/install/px4_msgs/include/px4_msgs/px4_msgs/msg/detail/estimator_status_flags__rosidl_typesupport_introspection_cpp.hpp\n'}
[2.882665] (px4_msgs) StdoutLine: {'line': b'-- Up-to-date symlink: /home/carlos/ros2_ws/install/px4_msgs/include/px4_msgs/px4_msgs/msg/detail/event__rosidl_typesupport_introspection_cpp.hpp\n'}
[2.882765] (px4_msgs) StdoutLine: {'line': b'-- Up-to-date symlink: /home/carlos/ros2_ws/install/px4_msgs/include/px4_msgs/px4_msgs/msg/detail/failsafe_flags__rosidl_typesupport_introspection_cpp.hpp\n'}
[2.882874] (px4_msgs) StdoutLine: {'line': b'-- Up-to-date symlink: /home/carlos/ros2_ws/install/px4_msgs/include/px4_msgs/px4_msgs/msg/detail/failure_detector_status__rosidl_typesupport_introspection_cpp.hpp\n'}
[2.882975] (px4_msgs) StdoutLine: {'line': b'-- Up-to-date symlink: /home/carlos/ros2_ws/install/px4_msgs/include/px4_msgs/px4_msgs/msg/detail/figure_eight_status__rosidl_typesupport_introspection_cpp.hpp\n'}
[2.883077] (px4_msgs) StdoutLine: {'line': b'-- Up-to-date symlink: /home/carlos/ros2_ws/install/px4_msgs/include/px4_msgs/px4_msgs/msg/detail/fixed_wing_lateral_guidance_status__rosidl_typesupport_introspection_cpp.hpp\n'}
[2.883179] (px4_msgs) StdoutLine: {'line': b'-- Up-to-date symlink: /home/carlos/ros2_ws/install/px4_msgs/include/px4_msgs/px4_msgs/msg/detail/fixed_wing_lateral_setpoint__rosidl_typesupport_introspection_cpp.hpp\n'}
[2.883280] (px4_msgs) StdoutLine: {'line': b'-- Up-to-date symlink: /home/carlos/ros2_ws/install/px4_msgs/include/px4_msgs/px4_msgs/msg/detail/fixed_wing_lateral_status__rosidl_typesupport_introspection_cpp.hpp\n'}
[2.883381] (px4_msgs) StdoutLine: {'line': b'-- Up-to-date symlink: /home/carlos/ros2_ws/install/px4_msgs/include/px4_msgs/px4_msgs/msg/detail/fixed_wing_longitudinal_setpoint__rosidl_typesupport_introspection_cpp.hpp\n'}
[2.883482] (px4_msgs) StdoutLine: {'line': b'-- Up-to-date symlink: /home/carlos/ros2_ws/install/px4_msgs/include/px4_msgs/px4_msgs/msg/detail/fixed_wing_runway_control__rosidl_typesupport_introspection_cpp.hpp\n'}
[2.883583] (px4_msgs) StdoutLine: {'line': b'-- Up-to-date symlink: /home/carlos/ros2_ws/install/px4_msgs/include/px4_msgs/px4_msgs/msg/detail/flight_phase_estimation__rosidl_typesupport_introspection_cpp.hpp\n'}
[2.883685] (px4_msgs) StdoutLine: {'line': b'-- Up-to-date symlink: /home/carlos/ros2_ws/install/px4_msgs/include/px4_msgs/px4_msgs/msg/detail/follow_target__rosidl_typesupport_introspection_cpp.hpp\n'}
[2.883801] (px4_msgs) StdoutLine: {'line': b'-- Up-to-date symlink: /home/carlos/ros2_ws/install/px4_msgs/include/px4_msgs/px4_msgs/msg/detail/follow_target_estimator__rosidl_typesupport_introspection_cpp.hpp\n'}
[2.883916] (px4_msgs) StdoutLine: {'line': b'-- Up-to-date symlink: /home/carlos/ros2_ws/install/px4_msgs/include/px4_msgs/px4_msgs/msg/detail/follow_target_status__rosidl_typesupport_introspection_cpp.hpp\n'}
[2.884020] (px4_msgs) StdoutLine: {'line': b'-- Up-to-date symlink: /home/carlos/ros2_ws/install/px4_msgs/include/px4_msgs/px4_msgs/msg/detail/fuel_tank_status__rosidl_typesupport_introspection_cpp.hpp\n'}
[2.884124] (px4_msgs) StdoutLine: {'line': b'-- Up-to-date symlink: /home/carlos/ros2_ws/install/px4_msgs/include/px4_msgs/px4_msgs/msg/detail/generator_status__rosidl_typesupport_introspection_cpp.hpp\n'}
[2.884227] (px4_msgs) StdoutLine: {'line': b'-- Up-to-date symlink: /home/carlos/ros2_ws/install/px4_msgs/include/px4_msgs/px4_msgs/msg/detail/geofence_result__rosidl_typesupport_introspection_cpp.hpp\n'}
[2.884330] (px4_msgs) StdoutLine: {'line': b'-- Up-to-date symlink: /home/carlos/ros2_ws/install/px4_msgs/include/px4_msgs/px4_msgs/msg/detail/geofence_status__rosidl_typesupport_introspection_cpp.hpp\n'}
[2.884432] (px4_msgs) StdoutLine: {'line': b'-- Up-to-date symlink: /home/carlos/ros2_ws/install/px4_msgs/include/px4_msgs/px4_msgs/msg/detail/gimbal_controls__rosidl_typesupport_introspection_cpp.hpp\n'}
[2.884536] (px4_msgs) StdoutLine: {'line': b'-- Up-to-date symlink: /home/carlos/ros2_ws/install/px4_msgs/include/px4_msgs/px4_msgs/msg/detail/gimbal_device_attitude_status__rosidl_typesupport_introspection_cpp.hpp\n'}
[2.884641] (px4_msgs) StdoutLine: {'line': b'-- Up-to-date symlink: /home/carlos/ros2_ws/install/px4_msgs/include/px4_msgs/px4_msgs/msg/detail/gimbal_device_information__rosidl_typesupport_introspection_cpp.hpp\n'}
[2.884745] (px4_msgs) StdoutLine: {'line': b'-- Up-to-date symlink: /home/carlos/ros2_ws/install/px4_msgs/include/px4_msgs/px4_msgs/msg/detail/gimbal_device_set_attitude__rosidl_typesupport_introspection_cpp.hpp\n'}
[2.884858] (px4_msgs) StdoutLine: {'line': b'-- Up-to-date symlink: /home/carlos/ros2_ws/install/px4_msgs/include/px4_msgs/px4_msgs/msg/detail/gimbal_manager_information__rosidl_typesupport_introspection_cpp.hpp\n'}
[2.884962] (px4_msgs) StdoutLine: {'line': b'-- Up-to-date symlink: /home/carlos/ros2_ws/install/px4_msgs/include/px4_msgs/px4_msgs/msg/detail/gimbal_manager_set_attitude__rosidl_typesupport_introspection_cpp.hpp\n'}
[2.885067] (px4_msgs) StdoutLine: {'line': b'-- Up-to-date symlink: /home/carlos/ros2_ws/install/px4_msgs/include/px4_msgs/px4_msgs/msg/detail/gimbal_manager_set_manual_control__rosidl_typesupport_introspection_cpp.hpp\n'}
[2.885164] (px4_msgs) StdoutLine: {'line': b'-- Up-to-date symlink: /home/carlos/ros2_ws/install/px4_msgs/include/px4_msgs/px4_msgs/msg/detail/gimbal_manager_status__rosidl_typesupport_introspection_cpp.hpp\n'}
[2.885265] (px4_msgs) StdoutLine: {'line': b'-- Up-to-date symlink: /home/carlos/ros2_ws/install/px4_msgs/include/px4_msgs/px4_msgs/msg/detail/goto_setpoint__rosidl_typesupport_introspection_cpp.hpp\n'}
[2.885365] (px4_msgs) StdoutLine: {'line': b'-- Up-to-date symlink: /home/carlos/ros2_ws/install/px4_msgs/include/px4_msgs/px4_msgs/msg/detail/gpio_config__rosidl_typesupport_introspection_cpp.hpp\n'}
[2.885466] (px4_msgs) StdoutLine: {'line': b'-- Up-to-date symlink: /home/carlos/ros2_ws/install/px4_msgs/include/px4_msgs/px4_msgs/msg/detail/gpio_in__rosidl_typesupport_introspection_cpp.hpp\n'}
[2.885567] (px4_msgs) StdoutLine: {'line': b'-- Up-to-date symlink: /home/carlos/ros2_ws/install/px4_msgs/include/px4_msgs/px4_msgs/msg/detail/gpio_out__rosidl_typesupport_introspection_cpp.hpp\n'}
[2.885667] (px4_msgs) StdoutLine: {'line': b'-- Up-to-date symlink: /home/carlos/ros2_ws/install/px4_msgs/include/px4_msgs/px4_msgs/msg/detail/gpio_request__rosidl_typesupport_introspection_cpp.hpp\n'}
[2.885772] (px4_msgs) StdoutLine: {'line': b'-- Up-to-date symlink: /home/carlos/ros2_ws/install/px4_msgs/include/px4_msgs/px4_msgs/msg/detail/gps_dump__rosidl_typesupport_introspection_cpp.hpp\n'}
[2.885884] (px4_msgs) StdoutLine: {'line': b'-- Up-to-date symlink: /home/carlos/ros2_ws/install/px4_msgs/include/px4_msgs/px4_msgs/msg/detail/gps_inject_data__rosidl_typesupport_introspection_cpp.hpp\n'}
[2.885985] (px4_msgs) StdoutLine: {'line': b'-- Up-to-date symlink: /home/carlos/ros2_ws/install/px4_msgs/include/px4_msgs/px4_msgs/msg/detail/gripper__rosidl_typesupport_introspection_cpp.hpp\n'}
[2.886083] (px4_msgs) StdoutLine: {'line': b'-- Up-to-date symlink: /home/carlos/ros2_ws/install/px4_msgs/include/px4_msgs/px4_msgs/msg/detail/health_report__rosidl_typesupport_introspection_cpp.hpp\n'}
[2.886184] (px4_msgs) StdoutLine: {'line': b'-- Up-to-date symlink: /home/carlos/ros2_ws/install/px4_msgs/include/px4_msgs/px4_msgs/msg/detail/heater_status__rosidl_typesupport_introspection_cpp.hpp\n'}
[2.886286] (px4_msgs) StdoutLine: {'line': b'-- Up-to-date symlink: /home/carlos/ros2_ws/install/px4_msgs/include/px4_msgs/px4_msgs/msg/detail/home_position__rosidl_typesupport_introspection_cpp.hpp\n'}
[2.886389] (px4_msgs) StdoutLine: {'line': b'-- Up-to-date symlink: /home/carlos/ros2_ws/install/px4_msgs/include/px4_msgs/px4_msgs/msg/detail/hover_thrust_estimate__rosidl_typesupport_introspection_cpp.hpp\n'}
[2.886493] (px4_msgs) StdoutLine: {'line': b'-- Up-to-date symlink: /home/carlos/ros2_ws/install/px4_msgs/include/px4_msgs/px4_msgs/msg/detail/input_rc__rosidl_typesupport_introspection_cpp.hpp\n'}
[2.886599] (px4_msgs) StdoutLine: {'line': b'-- Up-to-date symlink: /home/carlos/ros2_ws/install/px4_msgs/include/px4_msgs/px4_msgs/msg/detail/internal_combustion_engine_control__rosidl_typesupport_introspection_cpp.hpp\n'}
[2.886704] (px4_msgs) StdoutLine: {'line': b'-- Up-to-date symlink: /home/carlos/ros2_ws/install/px4_msgs/include/px4_msgs/px4_msgs/msg/detail/internal_combustion_engine_status__rosidl_typesupport_introspection_cpp.hpp\n'}
[2.886821] (px4_msgs) StdoutLine: {'line': b'-- Up-to-date symlink: /home/carlos/ros2_ws/install/px4_msgs/include/px4_msgs/px4_msgs/msg/detail/iridiumsbd_status__rosidl_typesupport_introspection_cpp.hpp\n'}
[2.886950] (px4_msgs) StdoutLine: {'line': b'-- Up-to-date symlink: /home/carlos/ros2_ws/install/px4_msgs/include/px4_msgs/px4_msgs/msg/detail/irlock_report__rosidl_typesupport_introspection_cpp.hpp\n'}
[2.887053] (px4_msgs) StdoutLine: {'line': b'-- Up-to-date symlink: /home/carlos/ros2_ws/install/px4_msgs/include/px4_msgs/px4_msgs/msg/detail/landing_gear__rosidl_typesupport_introspection_cpp.hpp\n'}
[2.887158] (px4_msgs) StdoutLine: {'line': b'-- Up-to-date symlink: /home/carlos/ros2_ws/install/px4_msgs/include/px4_msgs/px4_msgs/msg/detail/landing_gear_wheel__rosidl_typesupport_introspection_cpp.hpp\n'}
[2.887263] (px4_msgs) StdoutLine: {'line': b'-- Up-to-date symlink: /home/carlos/ros2_ws/install/px4_msgs/include/px4_msgs/px4_msgs/msg/detail/landing_target_innovations__rosidl_typesupport_introspection_cpp.hpp\n'}
[2.887369] (px4_msgs) StdoutLine: {'line': b'-- Up-to-date symlink: /home/carlos/ros2_ws/install/px4_msgs/include/px4_msgs/px4_msgs/msg/detail/landing_target_pose__rosidl_typesupport_introspection_cpp.hpp\n'}
[2.887472] (px4_msgs) StdoutLine: {'line': b'-- Up-to-date symlink: /home/carlos/ros2_ws/install/px4_msgs/include/px4_msgs/px4_msgs/msg/detail/lateral_control_configuration__rosidl_typesupport_introspection_cpp.hpp\n'}
[2.887581] (px4_msgs) StdoutLine: {'line': b'-- Up-to-date symlink: /home/carlos/ros2_ws/install/px4_msgs/include/px4_msgs/px4_msgs/msg/detail/launch_detection_status__rosidl_typesupport_introspection_cpp.hpp\n'}
[2.887686] (px4_msgs) StdoutLine: {'line': b'-- Up-to-date symlink: /home/carlos/ros2_ws/install/px4_msgs/include/px4_msgs/px4_msgs/msg/detail/led_control__rosidl_typesupport_introspection_cpp.hpp\n'}
[2.887799] (px4_msgs) StdoutLine: {'line': b'-- Up-to-date symlink: /home/carlos/ros2_ws/install/px4_msgs/include/px4_msgs/px4_msgs/msg/detail/log_message__rosidl_typesupport_introspection_cpp.hpp\n'}
[2.887909] (px4_msgs) StdoutLine: {'line': b'-- Up-to-date symlink: /home/carlos/ros2_ws/install/px4_msgs/include/px4_msgs/px4_msgs/msg/detail/logger_status__rosidl_typesupport_introspection_cpp.hpp\n'}
[2.888013] (px4_msgs) StdoutLine: {'line': b'-- Up-to-date symlink: /home/carlos/ros2_ws/install/px4_msgs/include/px4_msgs/px4_msgs/msg/detail/longitudinal_control_configuration__rosidl_typesupport_introspection_cpp.hpp\n'}
[2.888118] (px4_msgs) StdoutLine: {'line': b'-- Up-to-date symlink: /home/carlos/ros2_ws/install/px4_msgs/include/px4_msgs/px4_msgs/msg/detail/mag_worker_data__rosidl_typesupport_introspection_cpp.hpp\n'}
[2.888222] (px4_msgs) StdoutLine: {'line': b'-- Up-to-date symlink: /home/carlos/ros2_ws/install/px4_msgs/include/px4_msgs/px4_msgs/msg/detail/magnetometer_bias_estimate__rosidl_typesupport_introspection_cpp.hpp\n'}
[2.888326] (px4_msgs) StdoutLine: {'line': b'-- Up-to-date symlink: /home/carlos/ros2_ws/install/px4_msgs/include/px4_msgs/px4_msgs/msg/detail/manual_control_setpoint__rosidl_typesupport_introspection_cpp.hpp\n'}
[2.888431] (px4_msgs) StdoutLine: {'line': b'-- Up-to-date symlink: /home/carlos/ros2_ws/install/px4_msgs/include/px4_msgs/px4_msgs/msg/detail/manual_control_switches__rosidl_typesupport_introspection_cpp.hpp\n'}
[2.888534] (px4_msgs) StdoutLine: {'line': b'-- Up-to-date symlink: /home/carlos/ros2_ws/install/px4_msgs/include/px4_msgs/px4_msgs/msg/detail/mavlink_log__rosidl_typesupport_introspection_cpp.hpp\n'}
[2.888641] (px4_msgs) StdoutLine: {'line': b'-- Up-to-date symlink: /home/carlos/ros2_ws/install/px4_msgs/include/px4_msgs/px4_msgs/msg/detail/mavlink_tunnel__rosidl_typesupport_introspection_cpp.hpp\n'}
[2.888739] (px4_msgs) StdoutLine: {'line': b'-- Up-to-date symlink: /home/carlos/ros2_ws/install/px4_msgs/include/px4_msgs/px4_msgs/msg/detail/message_format_request__rosidl_typesupport_introspection_cpp.hpp\n'}
[2.888852] (px4_msgs) StdoutLine: {'line': b'-- Up-to-date symlink: /home/carlos/ros2_ws/install/px4_msgs/include/px4_msgs/px4_msgs/msg/detail/message_format_response__rosidl_typesupport_introspection_cpp.hpp\n'}
[2.888955] (px4_msgs) StdoutLine: {'line': b'-- Up-to-date symlink: /home/carlos/ros2_ws/install/px4_msgs/include/px4_msgs/px4_msgs/msg/detail/mission__rosidl_typesupport_introspection_cpp.hpp\n'}
[2.889056] (px4_msgs) StdoutLine: {'line': b'-- Up-to-date symlink: /home/carlos/ros2_ws/install/px4_msgs/include/px4_msgs/px4_msgs/msg/detail/mission_result__rosidl_typesupport_introspection_cpp.hpp\n'}
[2.889158] (px4_msgs) StdoutLine: {'line': b'-- Up-to-date symlink: /home/carlos/ros2_ws/install/px4_msgs/include/px4_msgs/px4_msgs/msg/detail/mode_completed__rosidl_typesupport_introspection_cpp.hpp\n'}
[2.889260] (px4_msgs) StdoutLine: {'line': b'-- Up-to-date symlink: /home/carlos/ros2_ws/install/px4_msgs/include/px4_msgs/px4_msgs/msg/detail/mount_orientation__rosidl_typesupport_introspection_cpp.hpp\n'}
[2.889363] (px4_msgs) StdoutLine: {'line': b'-- Up-to-date symlink: /home/carlos/ros2_ws/install/px4_msgs/include/px4_msgs/px4_msgs/msg/detail/navigator_mission_item__rosidl_typesupport_introspection_cpp.hpp\n'}
[2.889466] (px4_msgs) StdoutLine: {'line': b'-- Up-to-date symlink: /home/carlos/ros2_ws/install/px4_msgs/include/px4_msgs/px4_msgs/msg/detail/navigator_status__rosidl_typesupport_introspection_cpp.hpp\n'}
[2.889567] (px4_msgs) StdoutLine: {'line': b'-- Up-to-date symlink: /home/carlos/ros2_ws/install/px4_msgs/include/px4_msgs/px4_msgs/msg/detail/neural_control__rosidl_typesupport_introspection_cpp.hpp\n'}
[2.889670] (px4_msgs) StdoutLine: {'line': b'-- Up-to-date symlink: /home/carlos/ros2_ws/install/px4_msgs/include/px4_msgs/px4_msgs/msg/detail/normalized_unsigned_setpoint__rosidl_typesupport_introspection_cpp.hpp\n'}
[2.889780] (px4_msgs) StdoutLine: {'line': b'-- Up-to-date symlink: /home/carlos/ros2_ws/install/px4_msgs/include/px4_msgs/px4_msgs/msg/detail/obstacle_distance__rosidl_typesupport_introspection_cpp.hpp\n'}
[2.889888] (px4_msgs) StdoutLine: {'line': b'-- Up-to-date symlink: /home/carlos/ros2_ws/install/px4_msgs/include/px4_msgs/px4_msgs/msg/detail/offboard_control_mode__rosidl_typesupport_introspection_cpp.hpp\n'}
[2.889996] (px4_msgs) StdoutLine: {'line': b'-- Up-to-date symlink: /home/carlos/ros2_ws/install/px4_msgs/include/px4_msgs/px4_msgs/msg/detail/onboard_computer_status__rosidl_typesupport_introspection_cpp.hpp\n'}
[2.890103] (px4_msgs) StdoutLine: {'line': b'-- Up-to-date symlink: /home/carlos/ros2_ws/install/px4_msgs/include/px4_msgs/px4_msgs/msg/detail/open_drone_id_arm_status__rosidl_typesupport_introspection_cpp.hpp\n'}
[2.890205] (px4_msgs) StdoutLine: {'line': b'-- Up-to-date symlink: /home/carlos/ros2_ws/install/px4_msgs/include/px4_msgs/px4_msgs/msg/detail/open_drone_id_operator_id__rosidl_typesupport_introspection_cpp.hpp\n'}
[2.890307] (px4_msgs) StdoutLine: {'line': b'-- Up-to-date symlink: /home/carlos/ros2_ws/install/px4_msgs/include/px4_msgs/px4_msgs/msg/detail/open_drone_id_self_id__rosidl_typesupport_introspection_cpp.hpp\n'}
[2.890409] (px4_msgs) StdoutLine: {'line': b'-- Up-to-date symlink: /home/carlos/ros2_ws/install/px4_msgs/include/px4_msgs/px4_msgs/msg/detail/open_drone_id_system__rosidl_typesupport_introspection_cpp.hpp\n'}
[2.890516] (px4_msgs) StdoutLine: {'line': b'-- Up-to-date symlink: /home/carlos/ros2_ws/install/px4_msgs/include/px4_msgs/px4_msgs/msg/detail/orb_test__rosidl_typesupport_introspection_cpp.hpp\n'}
[2.890618] (px4_msgs) StdoutLine: {'line': b'-- Up-to-date symlink: /home/carlos/ros2_ws/install/px4_msgs/include/px4_msgs/px4_msgs/msg/detail/orb_test_large__rosidl_typesupport_introspection_cpp.hpp\n'}
[2.890720] (px4_msgs) StdoutLine: {'line': b'-- Up-to-date symlink: /home/carlos/ros2_ws/install/px4_msgs/include/px4_msgs/px4_msgs/msg/detail/orb_test_medium__rosidl_typesupport_introspection_cpp.hpp\n'}
[2.890835] (px4_msgs) StdoutLine: {'line': b'-- Up-to-date symlink: /home/carlos/ros2_ws/install/px4_msgs/include/px4_msgs/px4_msgs/msg/detail/orbit_status__rosidl_typesupport_introspection_cpp.hpp\n'}
[2.890940] (px4_msgs) StdoutLine: {'line': b'-- Up-to-date symlink: /home/carlos/ros2_ws/install/px4_msgs/include/px4_msgs/px4_msgs/msg/detail/parameter_reset_request__rosidl_typesupport_introspection_cpp.hpp\n'}
[2.891042] (px4_msgs) StdoutLine: {'line': b'-- Up-to-date symlink: /home/carlos/ros2_ws/install/px4_msgs/include/px4_msgs/px4_msgs/msg/detail/parameter_set_used_request__rosidl_typesupport_introspection_cpp.hpp\n'}
[2.891139] (px4_msgs) StdoutLine: {'line': b'-- Up-to-date symlink: /home/carlos/ros2_ws/install/px4_msgs/include/px4_msgs/px4_msgs/msg/detail/parameter_set_value_request__rosidl_typesupport_introspection_cpp.hpp\n'}
[2.891243] (px4_msgs) StdoutLine: {'line': b'-- Up-to-date symlink: /home/carlos/ros2_ws/install/px4_msgs/include/px4_msgs/px4_msgs/msg/detail/parameter_set_value_response__rosidl_typesupport_introspection_cpp.hpp\n'}
[2.891344] (px4_msgs) StdoutLine: {'line': b'-- Up-to-date symlink: /home/carlos/ros2_ws/install/px4_msgs/include/px4_msgs/px4_msgs/msg/detail/parameter_update__rosidl_typesupport_introspection_cpp.hpp\n'}
[2.891460] (px4_msgs) StdoutLine: {'line': b'-- Up-to-date symlink: /home/carlos/ros2_ws/install/px4_msgs/include/px4_msgs/px4_msgs/msg/detail/ping__rosidl_typesupport_introspection_cpp.hpp\n'}
[2.891563] (px4_msgs) StdoutLine: {'line': b'-- Up-to-date symlink: /home/carlos/ros2_ws/install/px4_msgs/include/px4_msgs/px4_msgs/msg/detail/position_controller_landing_status__rosidl_typesupport_introspection_cpp.hpp\n'}
[2.891664] (px4_msgs) StdoutLine: {'line': b'-- Up-to-date symlink: /home/carlos/ros2_ws/install/px4_msgs/include/px4_msgs/px4_msgs/msg/detail/position_controller_status__rosidl_typesupport_introspection_cpp.hpp\n'}
[2.891771] (px4_msgs) StdoutLine: {'line': b'-- Up-to-date symlink: /home/carlos/ros2_ws/install/px4_msgs/include/px4_msgs/px4_msgs/msg/detail/position_setpoint__rosidl_typesupport_introspection_cpp.hpp\n'}
[2.891883] (px4_msgs) StdoutLine: {'line': b'-- Up-to-date symlink: /home/carlos/ros2_ws/install/px4_msgs/include/px4_msgs/px4_msgs/msg/detail/position_setpoint_triplet__rosidl_typesupport_introspection_cpp.hpp\n'}
[2.891986] (px4_msgs) StdoutLine: {'line': b'-- Up-to-date symlink: /home/carlos/ros2_ws/install/px4_msgs/include/px4_msgs/px4_msgs/msg/detail/power_button_state__rosidl_typesupport_introspection_cpp.hpp\n'}
[2.892088] (px4_msgs) StdoutLine: {'line': b'-- Up-to-date symlink: /home/carlos/ros2_ws/install/px4_msgs/include/px4_msgs/px4_msgs/msg/detail/power_monitor__rosidl_typesupport_introspection_cpp.hpp\n'}
[2.892190] (px4_msgs) StdoutLine: {'line': b'-- Up-to-date symlink: /home/carlos/ros2_ws/install/px4_msgs/include/px4_msgs/px4_msgs/msg/detail/pps_capture__rosidl_typesupport_introspection_cpp.hpp\n'}
[2.892291] (px4_msgs) StdoutLine: {'line': b'-- Up-to-date symlink: /home/carlos/ros2_ws/install/px4_msgs/include/px4_msgs/px4_msgs/msg/detail/pure_pursuit_status__rosidl_typesupport_introspection_cpp.hpp\n'}
[2.892398] (px4_msgs) StdoutLine: {'line': b'-- Up-to-date symlink: /home/carlos/ros2_ws/install/px4_msgs/include/px4_msgs/px4_msgs/msg/detail/pwm_input__rosidl_typesupport_introspection_cpp.hpp\n'}
[2.892501] (px4_msgs) StdoutLine: {'line': b'-- Up-to-date symlink: /home/carlos/ros2_ws/install/px4_msgs/include/px4_msgs/px4_msgs/msg/detail/px4io_status__rosidl_typesupport_introspection_cpp.hpp\n'}
[2.892606] (px4_msgs) StdoutLine: {'line': b'-- Up-to-date symlink: /home/carlos/ros2_ws/install/px4_msgs/include/px4_msgs/px4_msgs/msg/detail/qshell_req__rosidl_typesupport_introspection_cpp.hpp\n'}
[2.892709] (px4_msgs) StdoutLine: {'line': b'-- Up-to-date symlink: /home/carlos/ros2_ws/install/px4_msgs/include/px4_msgs/px4_msgs/msg/detail/qshell_retval__rosidl_typesupport_introspection_cpp.hpp\n'}
[2.892824] (px4_msgs) StdoutLine: {'line': b'-- Up-to-date symlink: /home/carlos/ros2_ws/install/px4_msgs/include/px4_msgs/px4_msgs/msg/detail/radio_status__rosidl_typesupport_introspection_cpp.hpp\n'}
[2.892930] (px4_msgs) StdoutLine: {'line': b'-- Up-to-date symlink: /home/carlos/ros2_ws/install/px4_msgs/include/px4_msgs/px4_msgs/msg/detail/rate_ctrl_status__rosidl_typesupport_introspection_cpp.hpp\n'}
[2.893034] (px4_msgs) StdoutLine: {'line': b'-- Up-to-date symlink: /home/carlos/ros2_ws/install/px4_msgs/include/px4_msgs/px4_msgs/msg/detail/rc_channels__rosidl_typesupport_introspection_cpp.hpp\n'}
[2.893137] (px4_msgs) StdoutLine: {'line': b'-- Up-to-date symlink: /home/carlos/ros2_ws/install/px4_msgs/include/px4_msgs/px4_msgs/msg/detail/rc_parameter_map__rosidl_typesupport_introspection_cpp.hpp\n'}
[2.893247] (px4_msgs) StdoutLine: {'line': b'-- Up-to-date symlink: /home/carlos/ros2_ws/install/px4_msgs/include/px4_msgs/px4_msgs/msg/detail/register_ext_component_reply__rosidl_typesupport_introspection_cpp.hpp\n'}
[2.893353] (px4_msgs) StdoutLine: {'line': b'-- Up-to-date symlink: /home/carlos/ros2_ws/install/px4_msgs/include/px4_msgs/px4_msgs/msg/detail/register_ext_component_request__rosidl_typesupport_introspection_cpp.hpp\n'}
[2.893458] (px4_msgs) StdoutLine: {'line': b'-- Up-to-date symlink: /home/carlos/ros2_ws/install/px4_msgs/include/px4_msgs/px4_msgs/msg/detail/rover_attitude_setpoint__rosidl_typesupport_introspection_cpp.hpp\n'}
[2.893557] (px4_msgs) StdoutLine: {'line': b'-- Up-to-date symlink: /home/carlos/ros2_ws/install/px4_msgs/include/px4_msgs/px4_msgs/msg/detail/rover_attitude_status__rosidl_typesupport_introspection_cpp.hpp\n'}
[2.893659] (px4_msgs) StdoutLine: {'line': b'-- Up-to-date symlink: /home/carlos/ros2_ws/install/px4_msgs/include/px4_msgs/px4_msgs/msg/detail/rover_position_setpoint__rosidl_typesupport_introspection_cpp.hpp\n'}
[2.893762] (px4_msgs) StdoutLine: {'line': b'-- Up-to-date symlink: /home/carlos/ros2_ws/install/px4_msgs/include/px4_msgs/px4_msgs/msg/detail/rover_rate_setpoint__rosidl_typesupport_introspection_cpp.hpp\n'}
[2.893871] (px4_msgs) StdoutLine: {'line': b'-- Up-to-date symlink: /home/carlos/ros2_ws/install/px4_msgs/include/px4_msgs/px4_msgs/msg/detail/rover_rate_status__rosidl_typesupport_introspection_cpp.hpp\n'}
[2.893972] (px4_msgs) StdoutLine: {'line': b'-- Up-to-date symlink: /home/carlos/ros2_ws/install/px4_msgs/include/px4_msgs/px4_msgs/msg/detail/rover_speed_setpoint__rosidl_typesupport_introspection_cpp.hpp\n'}
[2.894087] (px4_msgs) StdoutLine: {'line': b'-- Up-to-date symlink: /home/carlos/ros2_ws/install/px4_msgs/include/px4_msgs/px4_msgs/msg/detail/rover_speed_status__rosidl_typesupport_introspection_cpp.hpp\n'}
[2.894188] (px4_msgs) StdoutLine: {'line': b'-- Up-to-date symlink: /home/carlos/ros2_ws/install/px4_msgs/include/px4_msgs/px4_msgs/msg/detail/rover_steering_setpoint__rosidl_typesupport_introspection_cpp.hpp\n'}
[2.894289] (px4_msgs) StdoutLine: {'line': b'-- Up-to-date symlink: /home/carlos/ros2_ws/install/px4_msgs/include/px4_msgs/px4_msgs/msg/detail/rover_throttle_setpoint__rosidl_typesupport_introspection_cpp.hpp\n'}
[2.894391] (px4_msgs) StdoutLine: {'line': b'-- Up-to-date symlink: /home/carlos/ros2_ws/install/px4_msgs/include/px4_msgs/px4_msgs/msg/detail/rpm__rosidl_typesupport_introspection_cpp.hpp\n'}
[2.894492] (px4_msgs) StdoutLine: {'line': b'-- Up-to-date symlink: /home/carlos/ros2_ws/install/px4_msgs/include/px4_msgs/px4_msgs/msg/detail/rtl_status__rosidl_typesupport_introspection_cpp.hpp\n'}
[2.894594] (px4_msgs) StdoutLine: {'line': b'-- Up-to-date symlink: /home/carlos/ros2_ws/install/px4_msgs/include/px4_msgs/px4_msgs/msg/detail/rtl_time_estimate__rosidl_typesupport_introspection_cpp.hpp\n'}
[2.894696] (px4_msgs) StdoutLine: {'line': b'-- Up-to-date symlink: /home/carlos/ros2_ws/install/px4_msgs/include/px4_msgs/px4_msgs/msg/detail/satellite_info__rosidl_typesupport_introspection_cpp.hpp\n'}
[2.894812] (px4_msgs) StdoutLine: {'line': b'-- Up-to-date symlink: /home/carlos/ros2_ws/install/px4_msgs/include/px4_msgs/px4_msgs/msg/detail/sensor_accel__rosidl_typesupport_introspection_cpp.hpp\n'}
[2.894922] (px4_msgs) StdoutLine: {'line': b'-- Up-to-date symlink: /home/carlos/ros2_ws/install/px4_msgs/include/px4_msgs/px4_msgs/msg/detail/sensor_accel_fifo__rosidl_typesupport_introspection_cpp.hpp\n'}
[2.895028] (px4_msgs) StdoutLine: {'line': b'-- Up-to-date symlink: /home/carlos/ros2_ws/install/px4_msgs/include/px4_msgs/px4_msgs/msg/detail/sensor_airflow__rosidl_typesupport_introspection_cpp.hpp\n'}
[2.895133] (px4_msgs) StdoutLine: {'line': b'-- Up-to-date symlink: /home/carlos/ros2_ws/install/px4_msgs/include/px4_msgs/px4_msgs/msg/detail/sensor_baro__rosidl_typesupport_introspection_cpp.hpp\n'}
[2.895238] (px4_msgs) StdoutLine: {'line': b'-- Up-to-date symlink: /home/carlos/ros2_ws/install/px4_msgs/include/px4_msgs/px4_msgs/msg/detail/sensor_combined__rosidl_typesupport_introspection_cpp.hpp\n'}
[2.895341] (px4_msgs) StdoutLine: {'line': b'-- Up-to-date symlink: /home/carlos/ros2_ws/install/px4_msgs/include/px4_msgs/px4_msgs/msg/detail/sensor_correction__rosidl_typesupport_introspection_cpp.hpp\n'}
[2.895447] (px4_msgs) StdoutLine: {'line': b'-- Up-to-date symlink: /home/carlos/ros2_ws/install/px4_msgs/include/px4_msgs/px4_msgs/msg/detail/sensor_gnss_relative__rosidl_typesupport_introspection_cpp.hpp\n'}
[2.895551] (px4_msgs) StdoutLine: {'line': b'-- Up-to-date symlink: /home/carlos/ros2_ws/install/px4_msgs/include/px4_msgs/px4_msgs/msg/detail/sensor_gnss_status__rosidl_typesupport_introspection_cpp.hpp\n'}
[2.895656] (px4_msgs) StdoutLine: {'line': b'-- Up-to-date symlink: /home/carlos/ros2_ws/install/px4_msgs/include/px4_msgs/px4_msgs/msg/detail/sensor_gps__rosidl_typesupport_introspection_cpp.hpp\n'}
[2.895768] (px4_msgs) StdoutLine: {'line': b'-- Up-to-date symlink: /home/carlos/ros2_ws/install/px4_msgs/include/px4_msgs/px4_msgs/msg/detail/sensor_gyro__rosidl_typesupport_introspection_cpp.hpp\n'}
[2.895874] (px4_msgs) StdoutLine: {'line': b'-- Up-to-date symlink: /home/carlos/ros2_ws/install/px4_msgs/include/px4_msgs/px4_msgs/msg/detail/sensor_gyro_fft__rosidl_typesupport_introspection_cpp.hpp\n'}
[2.895973] (px4_msgs) StdoutLine: {'line': b'-- Up-to-date symlink: /home/carlos/ros2_ws/install/px4_msgs/include/px4_msgs/px4_msgs/msg/detail/sensor_gyro_fifo__rosidl_typesupport_introspection_cpp.hpp\n'}
[2.896074] (px4_msgs) StdoutLine: {'line': b'-- Up-to-date symlink: /home/carlos/ros2_ws/install/px4_msgs/include/px4_msgs/px4_msgs/msg/detail/sensor_hygrometer__rosidl_typesupport_introspection_cpp.hpp\n'}
[2.896176] (px4_msgs) StdoutLine: {'line': b'-- Up-to-date symlink: /home/carlos/ros2_ws/install/px4_msgs/include/px4_msgs/px4_msgs/msg/detail/sensor_mag__rosidl_typesupport_introspection_cpp.hpp\n'}
[2.896277] (px4_msgs) StdoutLine: {'line': b'-- Up-to-date symlink: /home/carlos/ros2_ws/install/px4_msgs/include/px4_msgs/px4_msgs/msg/detail/sensor_optical_flow__rosidl_typesupport_introspection_cpp.hpp\n'}
[2.896378] (px4_msgs) StdoutLine: {'line': b'-- Up-to-date symlink: /home/carlos/ros2_ws/install/px4_msgs/include/px4_msgs/px4_msgs/msg/detail/sensor_preflight_mag__rosidl_typesupport_introspection_cpp.hpp\n'}
[2.896485] (px4_msgs) StdoutLine: {'line': b'-- Up-to-date symlink: /home/carlos/ros2_ws/install/px4_msgs/include/px4_msgs/px4_msgs/msg/detail/sensor_selection__rosidl_typesupport_introspection_cpp.hpp\n'}
[2.896587] (px4_msgs) StdoutLine: {'line': b'-- Up-to-date symlink: /home/carlos/ros2_ws/install/px4_msgs/include/px4_msgs/px4_msgs/msg/detail/sensor_uwb__rosidl_typesupport_introspection_cpp.hpp\n'}
[2.896688] (px4_msgs) StdoutLine: {'line': b'-- Up-to-date symlink: /home/carlos/ros2_ws/install/px4_msgs/include/px4_msgs/px4_msgs/msg/detail/sensors_status__rosidl_typesupport_introspection_cpp.hpp\n'}
[2.896799] (px4_msgs) StdoutLine: {'line': b'-- Up-to-date symlink: /home/carlos/ros2_ws/install/px4_msgs/include/px4_msgs/px4_msgs/msg/detail/sensors_status_imu__rosidl_typesupport_introspection_cpp.hpp\n'}
[2.896906] (px4_msgs) StdoutLine: {'line': b'-- Up-to-date symlink: /home/carlos/ros2_ws/install/px4_msgs/include/px4_msgs/px4_msgs/msg/detail/system_power__rosidl_typesupport_introspection_cpp.hpp\n'}
[2.897008] (px4_msgs) StdoutLine: {'line': b'-- Up-to-date symlink: /home/carlos/ros2_ws/install/px4_msgs/include/px4_msgs/px4_msgs/msg/detail/takeoff_status__rosidl_typesupport_introspection_cpp.hpp\n'}
[2.897114] (px4_msgs) StdoutLine: {'line': b'-- Up-to-date symlink: /home/carlos/ros2_ws/install/px4_msgs/include/px4_msgs/px4_msgs/msg/detail/task_stack_info__rosidl_typesupport_introspection_cpp.hpp\n'}
[2.897218] (px4_msgs) StdoutLine: {'line': b'-- Up-to-date symlink: /home/carlos/ros2_ws/install/px4_msgs/include/px4_msgs/px4_msgs/msg/detail/tecs_status__rosidl_typesupport_introspection_cpp.hpp\n'}
[2.897321] (px4_msgs) StdoutLine: {'line': b'-- Up-to-date symlink: /home/carlos/ros2_ws/install/px4_msgs/include/px4_msgs/px4_msgs/msg/detail/telemetry_status__rosidl_typesupport_introspection_cpp.hpp\n'}
[2.897424] (px4_msgs) StdoutLine: {'line': b'-- Up-to-date symlink: /home/carlos/ros2_ws/install/px4_msgs/include/px4_msgs/px4_msgs/msg/detail/tiltrotor_extra_controls__rosidl_typesupport_introspection_cpp.hpp\n'}
[2.897527] (px4_msgs) StdoutLine: {'line': b'-- Up-to-date symlink: /home/carlos/ros2_ws/install/px4_msgs/include/px4_msgs/px4_msgs/msg/detail/timesync_status__rosidl_typesupport_introspection_cpp.hpp\n'}
[2.897630] (px4_msgs) StdoutLine: {'line': b'-- Up-to-date symlink: /home/carlos/ros2_ws/install/px4_msgs/include/px4_msgs/px4_msgs/msg/detail/trajectory_setpoint6dof__rosidl_typesupport_introspection_cpp.hpp\n'}
[2.897733] (px4_msgs) StdoutLine: {'line': b'-- Up-to-date symlink: /home/carlos/ros2_ws/install/px4_msgs/include/px4_msgs/px4_msgs/msg/detail/trajectory_setpoint__rosidl_typesupport_introspection_cpp.hpp\n'}
[2.897850] (px4_msgs) StdoutLine: {'line': b'-- Up-to-date symlink: /home/carlos/ros2_ws/install/px4_msgs/include/px4_msgs/px4_msgs/msg/detail/transponder_report__rosidl_typesupport_introspection_cpp.hpp\n'}
[2.897953] (px4_msgs) StdoutLine: {'line': b'-- Up-to-date symlink: /home/carlos/ros2_ws/install/px4_msgs/include/px4_msgs/px4_msgs/msg/detail/tune_control__rosidl_typesupport_introspection_cpp.hpp\n'}
[2.898057] (px4_msgs) StdoutLine: {'line': b'-- Up-to-date symlink: /home/carlos/ros2_ws/install/px4_msgs/include/px4_msgs/px4_msgs/msg/detail/uavcan_parameter_request__rosidl_typesupport_introspection_cpp.hpp\n'}
[2.898160] (px4_msgs) StdoutLine: {'line': b'-- Up-to-date symlink: /home/carlos/ros2_ws/install/px4_msgs/include/px4_msgs/px4_msgs/msg/detail/uavcan_parameter_value__rosidl_typesupport_introspection_cpp.hpp\n'}
[2.898263] (px4_msgs) StdoutLine: {'line': b'-- Up-to-date symlink: /home/carlos/ros2_ws/install/px4_msgs/include/px4_msgs/px4_msgs/msg/detail/ulog_stream__rosidl_typesupport_introspection_cpp.hpp\n'}
[2.898361] (px4_msgs) StdoutLine: {'line': b'-- Up-to-date symlink: /home/carlos/ros2_ws/install/px4_msgs/include/px4_msgs/px4_msgs/msg/detail/ulog_stream_ack__rosidl_typesupport_introspection_cpp.hpp\n'}
[2.898463] (px4_msgs) StdoutLine: {'line': b'-- Up-to-date symlink: /home/carlos/ros2_ws/install/px4_msgs/include/px4_msgs/px4_msgs/msg/detail/unregister_ext_component__rosidl_typesupport_introspection_cpp.hpp\n'}
[2.898564] (px4_msgs) StdoutLine: {'line': b'-- Up-to-date symlink: /home/carlos/ros2_ws/install/px4_msgs/include/px4_msgs/px4_msgs/msg/detail/vehicle_acceleration__rosidl_typesupport_introspection_cpp.hpp\n'}
[2.898666] (px4_msgs) StdoutLine: {'line': b'-- Up-to-date symlink: /home/carlos/ros2_ws/install/px4_msgs/include/px4_msgs/px4_msgs/msg/detail/vehicle_air_data__rosidl_typesupport_introspection_cpp.hpp\n'}
[2.898773] (px4_msgs) StdoutLine: {'line': b'-- Up-to-date symlink: /home/carlos/ros2_ws/install/px4_msgs/include/px4_msgs/px4_msgs/msg/detail/vehicle_angular_acceleration_setpoint__rosidl_typesupport_introspection_cpp.hpp\n'}
[2.898883] (px4_msgs) StdoutLine: {'line': b'-- Up-to-date symlink: /home/carlos/ros2_ws/install/px4_msgs/include/px4_msgs/px4_msgs/msg/detail/vehicle_angular_velocity__rosidl_typesupport_introspection_cpp.hpp\n'}
[2.898984] (px4_msgs) StdoutLine: {'line': b'-- Up-to-date symlink: /home/carlos/ros2_ws/install/px4_msgs/include/px4_msgs/px4_msgs/msg/detail/vehicle_attitude__rosidl_typesupport_introspection_cpp.hpp\n'}
[2.899086] (px4_msgs) StdoutLine: {'line': b'-- Up-to-date symlink: /home/carlos/ros2_ws/install/px4_msgs/include/px4_msgs/px4_msgs/msg/detail/vehicle_attitude_setpoint__rosidl_typesupport_introspection_cpp.hpp\n'}
[2.899188] (px4_msgs) StdoutLine: {'line': b'-- Up-to-date symlink: /home/carlos/ros2_ws/install/px4_msgs/include/px4_msgs/px4_msgs/msg/detail/vehicle_command__rosidl_typesupport_introspection_cpp.hpp\n'}
[2.899290] (px4_msgs) StdoutLine: {'line': b'-- Up-to-date symlink: /home/carlos/ros2_ws/install/px4_msgs/include/px4_msgs/px4_msgs/msg/detail/vehicle_command_ack__rosidl_typesupport_introspection_cpp.hpp\n'}
[2.899392] (px4_msgs) StdoutLine: {'line': b'-- Up-to-date symlink: /home/carlos/ros2_ws/install/px4_msgs/include/px4_msgs/px4_msgs/msg/detail/vehicle_constraints__rosidl_typesupport_introspection_cpp.hpp\n'}
[2.899494] (px4_msgs) StdoutLine: {'line': b'-- Up-to-date symlink: /home/carlos/ros2_ws/install/px4_msgs/include/px4_msgs/px4_msgs/msg/detail/vehicle_control_mode__rosidl_typesupport_introspection_cpp.hpp\n'}
[2.899609] (px4_msgs) StdoutLine: {'line': b'-- Up-to-date symlink: /home/carlos/ros2_ws/install/px4_msgs/include/px4_msgs/px4_msgs/msg/detail/vehicle_global_position__rosidl_typesupport_introspection_cpp.hpp\n'}
[2.899712] (px4_msgs) StdoutLine: {'line': b'-- Up-to-date symlink: /home/carlos/ros2_ws/install/px4_msgs/include/px4_msgs/px4_msgs/msg/detail/vehicle_imu__rosidl_typesupport_introspection_cpp.hpp\n'}
[2.899829] (px4_msgs) StdoutLine: {'line': b'-- Up-to-date symlink: /home/carlos/ros2_ws/install/px4_msgs/include/px4_msgs/px4_msgs/msg/detail/vehicle_imu_status__rosidl_typesupport_introspection_cpp.hpp\n'}
[2.899935] (px4_msgs) StdoutLine: {'line': b'-- Up-to-date symlink: /home/carlos/ros2_ws/install/px4_msgs/include/px4_msgs/px4_msgs/msg/detail/vehicle_land_detected__rosidl_typesupport_introspection_cpp.hpp\n'}
[2.900037] (px4_msgs) StdoutLine: {'line': b'-- Up-to-date symlink: /home/carlos/ros2_ws/install/px4_msgs/include/px4_msgs/px4_msgs/msg/detail/vehicle_local_position__rosidl_typesupport_introspection_cpp.hpp\n'}
[2.900141] (px4_msgs) StdoutLine: {'line': b'-- Up-to-date symlink: /home/carlos/ros2_ws/install/px4_msgs/include/px4_msgs/px4_msgs/msg/detail/vehicle_local_position_setpoint__rosidl_typesupport_introspection_cpp.hpp\n'}
[2.900245] (px4_msgs) StdoutLine: {'line': b'-- Up-to-date symlink: /home/carlos/ros2_ws/install/px4_msgs/include/px4_msgs/px4_msgs/msg/detail/vehicle_magnetometer__rosidl_typesupport_introspection_cpp.hpp\n'}
[2.900349] (px4_msgs) StdoutLine: {'line': b'-- Up-to-date symlink: /home/carlos/ros2_ws/install/px4_msgs/include/px4_msgs/px4_msgs/msg/detail/vehicle_odometry__rosidl_typesupport_introspection_cpp.hpp\n'}
[2.900452] (px4_msgs) StdoutLine: {'line': b'-- Up-to-date symlink: /home/carlos/ros2_ws/install/px4_msgs/include/px4_msgs/px4_msgs/msg/detail/vehicle_optical_flow__rosidl_typesupport_introspection_cpp.hpp\n'}
[2.900555] (px4_msgs) StdoutLine: {'line': b'-- Up-to-date symlink: /home/carlos/ros2_ws/install/px4_msgs/include/px4_msgs/px4_msgs/msg/detail/vehicle_optical_flow_vel__rosidl_typesupport_introspection_cpp.hpp\n'}
[2.900658] (px4_msgs) StdoutLine: {'line': b'-- Up-to-date symlink: /home/carlos/ros2_ws/install/px4_msgs/include/px4_msgs/px4_msgs/msg/detail/vehicle_rates_setpoint__rosidl_typesupport_introspection_cpp.hpp\n'}
[2.900760] (px4_msgs) StdoutLine: {'line': b'-- Up-to-date symlink: /home/carlos/ros2_ws/install/px4_msgs/include/px4_msgs/px4_msgs/msg/detail/vehicle_roi__rosidl_typesupport_introspection_cpp.hpp\n'}
[2.900865] (px4_msgs) StdoutLine: {'line': b'-- Up-to-date symlink: /home/carlos/ros2_ws/install/px4_msgs/include/px4_msgs/px4_msgs/msg/detail/vehicle_status__rosidl_typesupport_introspection_cpp.hpp\n'}
[2.900966] (px4_msgs) StdoutLine: {'line': b'-- Up-to-date symlink: /home/carlos/ros2_ws/install/px4_msgs/include/px4_msgs/px4_msgs/msg/detail/vehicle_thrust_setpoint__rosidl_typesupport_introspection_cpp.hpp\n'}
[2.901066] (px4_msgs) StdoutLine: {'line': b'-- Up-to-date symlink: /home/carlos/ros2_ws/install/px4_msgs/include/px4_msgs/px4_msgs/msg/detail/vehicle_torque_setpoint__rosidl_typesupport_introspection_cpp.hpp\n'}
[2.901167] (px4_msgs) StdoutLine: {'line': b'-- Up-to-date symlink: /home/carlos/ros2_ws/install/px4_msgs/include/px4_msgs/px4_msgs/msg/detail/velocity_limits__rosidl_typesupport_introspection_cpp.hpp\n'}
[2.901267] (px4_msgs) StdoutLine: {'line': b'-- Up-to-date symlink: /home/carlos/ros2_ws/install/px4_msgs/include/px4_msgs/px4_msgs/msg/detail/vtol_vehicle_status__rosidl_typesupport_introspection_cpp.hpp\n'}
[2.901368] (px4_msgs) StdoutLine: {'line': b'-- Up-to-date symlink: /home/carlos/ros2_ws/install/px4_msgs/include/px4_msgs/px4_msgs/msg/detail/wheel_encoders__rosidl_typesupport_introspection_cpp.hpp\n'}
[2.901469] (px4_msgs) StdoutLine: {'line': b'-- Up-to-date symlink: /home/carlos/ros2_ws/install/px4_msgs/include/px4_msgs/px4_msgs/msg/detail/wind__rosidl_typesupport_introspection_cpp.hpp\n'}
[2.901570] (px4_msgs) StdoutLine: {'line': b'-- Up-to-date symlink: /home/carlos/ros2_ws/install/px4_msgs/include/px4_msgs/px4_msgs/msg/detail/yaw_estimator_status__rosidl_typesupport_introspection_cpp.hpp\n'}
[2.901674] (px4_msgs) StdoutLine: {'line': b'-- Up-to-date symlink: /home/carlos/ros2_ws/install/px4_msgs/include/px4_msgs/px4_msgs/srv/detail/vehicle_command__rosidl_typesupport_introspection_cpp.hpp\n'}
[2.901834] (px4_msgs) StdoutLine: {'line': b'-- Up-to-date symlink: /home/carlos/ros2_ws/install/px4_msgs/share/px4_msgs/environment/pythonpath.sh\n'}
[2.902006] (px4_msgs) StdoutLine: {'line': b'-- Up-to-date symlink: /home/carlos/ros2_ws/install/px4_msgs/share/px4_msgs/environment/pythonpath.dsv\n'}
[2.902284] (px4_msgs) StdoutLine: {'line': b'-- Up-to-date symlink: /home/carlos/ros2_ws/install/px4_msgs/lib/python3.12/site-packages/px4_msgs-2.0.1-py3.12.egg-info/PKG-INFO\n'}
[2.902393] (px4_msgs) StdoutLine: {'line': b'-- Up-to-date symlink: /home/carlos/ros2_ws/install/px4_msgs/lib/python3.12/site-packages/px4_msgs-2.0.1-py3.12.egg-info/SOURCES.txt\n'}
[2.902474] (px4_msgs) StdoutLine: {'line': b'-- Up-to-date symlink: /home/carlos/ros2_ws/install/px4_msgs/lib/python3.12/site-packages/px4_msgs-2.0.1-py3.12.egg-info/dependency_links.txt\n'}
[2.902572] (px4_msgs) StdoutLine: {'line': b'-- Up-to-date symlink: /home/carlos/ros2_ws/install/px4_msgs/lib/python3.12/site-packages/px4_msgs-2.0.1-py3.12.egg-info/top_level.txt\n'}
[2.906359] (-) TimerEvent: {}
[2.911619] (px4_msgs) StdoutLine: {'line': b'-- Up-to-date symlink: /home/carlos/ros2_ws/install/px4_msgs/lib/python3.12/site-packages/px4_msgs/__init__.py\n'}
[2.911958] (px4_msgs) StdoutLine: {'line': b'-- Up-to-date symlink: /home/carlos/ros2_ws/install/px4_msgs/lib/python3.12/site-packages/px4_msgs/_px4_msgs_s.ep.rosidl_typesupport_c.c\n'}
[2.912130] (px4_msgs) StdoutLine: {'line': b'-- Up-to-date symlink: /home/carlos/ros2_ws/install/px4_msgs/lib/python3.12/site-packages/px4_msgs/_px4_msgs_s.ep.rosidl_typesupport_fastrtps_c.c\n'}
[2.912279] (px4_msgs) StdoutLine: {'line': b'-- Up-to-date symlink: /home/carlos/ros2_ws/install/px4_msgs/lib/python3.12/site-packages/px4_msgs/_px4_msgs_s.ep.rosidl_typesupport_introspection_c.c\n'}
[2.912511] (px4_msgs) StdoutLine: {'line': b'-- Up-to-date symlink: /home/carlos/ros2_ws/install/px4_msgs/lib/python3.12/site-packages/px4_msgs/msg/__init__.py\n'}
[2.912715] (px4_msgs) StdoutLine: {'line': b'-- Up-to-date symlink: /home/carlos/ros2_ws/install/px4_msgs/lib/python3.12/site-packages/px4_msgs/msg/_action_request.py\n'}
[2.912876] (px4_msgs) StdoutLine: {'line': b'-- Up-to-date symlink: /home/carlos/ros2_ws/install/px4_msgs/lib/python3.12/site-packages/px4_msgs/msg/_action_request_s.c\n'}
[2.912987] (px4_msgs) StdoutLine: {'line': b'-- Up-to-date symlink: /home/carlos/ros2_ws/install/px4_msgs/lib/python3.12/site-packages/px4_msgs/msg/_actuator_armed.py\n'}
[2.913082] (px4_msgs) StdoutLine: {'line': b'-- Up-to-date symlink: /home/carlos/ros2_ws/install/px4_msgs/lib/python3.12/site-packages/px4_msgs/msg/_actuator_armed_s.c\n'}
[2.913141] (px4_msgs) StdoutLine: {'line': b'-- Up-to-date symlink: /home/carlos/ros2_ws/install/px4_msgs/lib/python3.12/site-packages/px4_msgs/msg/_actuator_controls_status.py\n'}
[2.913216] (px4_msgs) StdoutLine: {'line': b'-- Up-to-date symlink: /home/carlos/ros2_ws/install/px4_msgs/lib/python3.12/site-packages/px4_msgs/msg/_actuator_controls_status_s.c\n'}
[2.913277] (px4_msgs) StdoutLine: {'line': b'-- Up-to-date symlink: /home/carlos/ros2_ws/install/px4_msgs/lib/python3.12/site-packages/px4_msgs/msg/_actuator_motors.py\n'}
[2.913328] (px4_msgs) StdoutLine: {'line': b'-- Up-to-date symlink: /home/carlos/ros2_ws/install/px4_msgs/lib/python3.12/site-packages/px4_msgs/msg/_actuator_motors_s.c\n'}
[2.913392] (px4_msgs) StdoutLine: {'line': b'-- Up-to-date symlink: /home/carlos/ros2_ws/install/px4_msgs/lib/python3.12/site-packages/px4_msgs/msg/_actuator_outputs.py\n'}
[2.913443] (px4_msgs) StdoutLine: {'line': b'-- Up-to-date symlink: /home/carlos/ros2_ws/install/px4_msgs/lib/python3.12/site-packages/px4_msgs/msg/_actuator_outputs_s.c\n'}
[2.913504] (px4_msgs) StdoutLine: {'line': b'-- Up-to-date symlink: /home/carlos/ros2_ws/install/px4_msgs/lib/python3.12/site-packages/px4_msgs/msg/_actuator_servos.py\n'}
[2.913590] (px4_msgs) StdoutLine: {'line': b'-- Up-to-date symlink: /home/carlos/ros2_ws/install/px4_msgs/lib/python3.12/site-packages/px4_msgs/msg/_actuator_servos_s.c\n'}
[2.913663] (px4_msgs) StdoutLine: {'line': b'-- Up-to-date symlink: /home/carlos/ros2_ws/install/px4_msgs/lib/python3.12/site-packages/px4_msgs/msg/_actuator_servos_trim.py\n'}
[2.913717] (px4_msgs) StdoutLine: {'line': b'-- Up-to-date symlink: /home/carlos/ros2_ws/install/px4_msgs/lib/python3.12/site-packages/px4_msgs/msg/_actuator_servos_trim_s.c\n'}
[2.913783] (px4_msgs) StdoutLine: {'line': b'-- Up-to-date symlink: /home/carlos/ros2_ws/install/px4_msgs/lib/python3.12/site-packages/px4_msgs/msg/_actuator_test.py\n'}
[2.913868] (px4_msgs) StdoutLine: {'line': b'-- Up-to-date symlink: /home/carlos/ros2_ws/install/px4_msgs/lib/python3.12/site-packages/px4_msgs/msg/_actuator_test_s.c\n'}
[2.913933] (px4_msgs) StdoutLine: {'line': b'-- Up-to-date symlink: /home/carlos/ros2_ws/install/px4_msgs/lib/python3.12/site-packages/px4_msgs/msg/_adc_report.py\n'}
[2.914001] (px4_msgs) StdoutLine: {'line': b'-- Up-to-date symlink: /home/carlos/ros2_ws/install/px4_msgs/lib/python3.12/site-packages/px4_msgs/msg/_adc_report_s.c\n'}
[2.914062] (px4_msgs) StdoutLine: {'line': b'-- Up-to-date symlink: /home/carlos/ros2_ws/install/px4_msgs/lib/python3.12/site-packages/px4_msgs/msg/_airspeed.py\n'}
[2.914139] (px4_msgs) StdoutLine: {'line': b'-- Up-to-date symlink: /home/carlos/ros2_ws/install/px4_msgs/lib/python3.12/site-packages/px4_msgs/msg/_airspeed_s.c\n'}
[2.914211] (px4_msgs) StdoutLine: {'line': b'-- Up-to-date symlink: /home/carlos/ros2_ws/install/px4_msgs/lib/python3.12/site-packages/px4_msgs/msg/_airspeed_validated.py\n'}
[2.914287] (px4_msgs) StdoutLine: {'line': b'-- Up-to-date symlink: /home/carlos/ros2_ws/install/px4_msgs/lib/python3.12/site-packages/px4_msgs/msg/_airspeed_validated_s.c\n'}
[2.914373] (px4_msgs) StdoutLine: {'line': b'-- Up-to-date symlink: /home/carlos/ros2_ws/install/px4_msgs/lib/python3.12/site-packages/px4_msgs/msg/_airspeed_wind.py\n'}
[2.914454] (px4_msgs) StdoutLine: {'line': b'-- Up-to-date symlink: /home/carlos/ros2_ws/install/px4_msgs/lib/python3.12/site-packages/px4_msgs/msg/_airspeed_wind_s.c\n'}
[2.914553] (px4_msgs) StdoutLine: {'line': b'-- Up-to-date symlink: /home/carlos/ros2_ws/install/px4_msgs/lib/python3.12/site-packages/px4_msgs/msg/_arming_check_reply.py\n'}
[2.914661] (px4_msgs) StdoutLine: {'line': b'-- Up-to-date symlink: /home/carlos/ros2_ws/install/px4_msgs/lib/python3.12/site-packages/px4_msgs/msg/_arming_check_reply_s.c\n'}
[2.914805] (px4_msgs) StdoutLine: {'line': b'-- Up-to-date symlink: /home/carlos/ros2_ws/install/px4_msgs/lib/python3.12/site-packages/px4_msgs/msg/_arming_check_request.py\n'}
[2.914931] (px4_msgs) StdoutLine: {'line': b'-- Up-to-date symlink: /home/carlos/ros2_ws/install/px4_msgs/lib/python3.12/site-packages/px4_msgs/msg/_arming_check_request_s.c\n'}
[2.915044] (px4_msgs) StdoutLine: {'line': b'-- Up-to-date symlink: /home/carlos/ros2_ws/install/px4_msgs/lib/python3.12/site-packages/px4_msgs/msg/_autotune_attitude_control_status.py\n'}
[2.915153] (px4_msgs) StdoutLine: {'line': b'-- Up-to-date symlink: /home/carlos/ros2_ws/install/px4_msgs/lib/python3.12/site-packages/px4_msgs/msg/_autotune_attitude_control_status_s.c\n'}
[2.915260] (px4_msgs) StdoutLine: {'line': b'-- Up-to-date symlink: /home/carlos/ros2_ws/install/px4_msgs/lib/python3.12/site-packages/px4_msgs/msg/_battery_info.py\n'}
[2.915364] (px4_msgs) StdoutLine: {'line': b'-- Up-to-date symlink: /home/carlos/ros2_ws/install/px4_msgs/lib/python3.12/site-packages/px4_msgs/msg/_battery_info_s.c\n'}
[2.915465] (px4_msgs) StdoutLine: {'line': b'-- Up-to-date symlink: /home/carlos/ros2_ws/install/px4_msgs/lib/python3.12/site-packages/px4_msgs/msg/_battery_status.py\n'}
[2.915568] (px4_msgs) StdoutLine: {'line': b'-- Up-to-date symlink: /home/carlos/ros2_ws/install/px4_msgs/lib/python3.12/site-packages/px4_msgs/msg/_battery_status_s.c\n'}
[2.915644] (px4_msgs) StdoutLine: {'line': b'-- Up-to-date symlink: /home/carlos/ros2_ws/install/px4_msgs/lib/python3.12/site-packages/px4_msgs/msg/_button_event.py\n'}
[2.915743] (px4_msgs) StdoutLine: {'line': b'-- Up-to-date symlink: /home/carlos/ros2_ws/install/px4_msgs/lib/python3.12/site-packages/px4_msgs/msg/_button_event_s.c\n'}
[2.915857] (px4_msgs) StdoutLine: {'line': b'-- Up-to-date symlink: /home/carlos/ros2_ws/install/px4_msgs/lib/python3.12/site-packages/px4_msgs/msg/_camera_capture.py\n'}
[2.915958] (px4_msgs) StdoutLine: {'line': b'-- Up-to-date symlink: /home/carlos/ros2_ws/install/px4_msgs/lib/python3.12/site-packages/px4_msgs/msg/_camera_capture_s.c\n'}
[2.916059] (px4_msgs) StdoutLine: {'line': b'-- Up-to-date symlink: /home/carlos/ros2_ws/install/px4_msgs/lib/python3.12/site-packages/px4_msgs/msg/_camera_status.py\n'}
[2.916160] (px4_msgs) StdoutLine: {'line': b'-- Up-to-date symlink: /home/carlos/ros2_ws/install/px4_msgs/lib/python3.12/site-packages/px4_msgs/msg/_camera_status_s.c\n'}
[2.916261] (px4_msgs) StdoutLine: {'line': b'-- Up-to-date symlink: /home/carlos/ros2_ws/install/px4_msgs/lib/python3.12/site-packages/px4_msgs/msg/_camera_trigger.py\n'}
[2.916370] (px4_msgs) StdoutLine: {'line': b'-- Up-to-date symlink: /home/carlos/ros2_ws/install/px4_msgs/lib/python3.12/site-packages/px4_msgs/msg/_camera_trigger_s.c\n'}
[2.916475] (px4_msgs) StdoutLine: {'line': b'-- Up-to-date symlink: /home/carlos/ros2_ws/install/px4_msgs/lib/python3.12/site-packages/px4_msgs/msg/_can_interface_status.py\n'}
[2.916578] (px4_msgs) StdoutLine: {'line': b'-- Up-to-date symlink: /home/carlos/ros2_ws/install/px4_msgs/lib/python3.12/site-packages/px4_msgs/msg/_can_interface_status_s.c\n'}
[2.916682] (px4_msgs) StdoutLine: {'line': b'-- Up-to-date symlink: /home/carlos/ros2_ws/install/px4_msgs/lib/python3.12/site-packages/px4_msgs/msg/_cellular_status.py\n'}
[2.916792] (px4_msgs) StdoutLine: {'line': b'-- Up-to-date symlink: /home/carlos/ros2_ws/install/px4_msgs/lib/python3.12/site-packages/px4_msgs/msg/_cellular_status_s.c\n'}
[2.916905] (px4_msgs) StdoutLine: {'line': b'-- Up-to-date symlink: /home/carlos/ros2_ws/install/px4_msgs/lib/python3.12/site-packages/px4_msgs/msg/_collision_constraints.py\n'}
[2.917008] (px4_msgs) StdoutLine: {'line': b'-- Up-to-date symlink: /home/carlos/ros2_ws/install/px4_msgs/lib/python3.12/site-packages/px4_msgs/msg/_collision_constraints_s.c\n'}
[2.917111] (px4_msgs) StdoutLine: {'line': b'-- Up-to-date symlink: /home/carlos/ros2_ws/install/px4_msgs/lib/python3.12/site-packages/px4_msgs/msg/_config_overrides.py\n'}
[2.917214] (px4_msgs) StdoutLine: {'line': b'-- Up-to-date symlink: /home/carlos/ros2_ws/install/px4_msgs/lib/python3.12/site-packages/px4_msgs/msg/_config_overrides_s.c\n'}
[2.917318] (px4_msgs) StdoutLine: {'line': b'-- Up-to-date symlink: /home/carlos/ros2_ws/install/px4_msgs/lib/python3.12/site-packages/px4_msgs/msg/_control_allocator_status.py\n'}
[2.917421] (px4_msgs) StdoutLine: {'line': b'-- Up-to-date symlink: /home/carlos/ros2_ws/install/px4_msgs/lib/python3.12/site-packages/px4_msgs/msg/_control_allocator_status_s.c\n'}
[2.917524] (px4_msgs) StdoutLine: {'line': b'-- Up-to-date symlink: /home/carlos/ros2_ws/install/px4_msgs/lib/python3.12/site-packages/px4_msgs/msg/_cpuload.py\n'}
[2.917630] (px4_msgs) StdoutLine: {'line': b'-- Up-to-date symlink: /home/carlos/ros2_ws/install/px4_msgs/lib/python3.12/site-packages/px4_msgs/msg/_cpuload_s.c\n'}
[2.917782] (px4_msgs) StdoutLine: {'line': b'-- Up-to-date symlink: /home/carlos/ros2_ws/install/px4_msgs/lib/python3.12/site-packages/px4_msgs/msg/_dataman_request.py\n'}
[2.917876] (px4_msgs) StdoutLine: {'line': b'-- Up-to-date symlink: /home/carlos/ros2_ws/install/px4_msgs/lib/python3.12/site-packages/px4_msgs/msg/_dataman_request_s.c\n'}
[2.917990] (px4_msgs) StdoutLine: {'line': b'-- Up-to-date symlink: /home/carlos/ros2_ws/install/px4_msgs/lib/python3.12/site-packages/px4_msgs/msg/_dataman_response.py\n'}
[2.918089] (px4_msgs) StdoutLine: {'line': b'-- Up-to-date symlink: /home/carlos/ros2_ws/install/px4_msgs/lib/python3.12/site-packages/px4_msgs/msg/_dataman_response_s.c\n'}
[2.918187] (px4_msgs) StdoutLine: {'line': b'-- Up-to-date symlink: /home/carlos/ros2_ws/install/px4_msgs/lib/python3.12/site-packages/px4_msgs/msg/_debug_array.py\n'}
[2.918285] (px4_msgs) StdoutLine: {'line': b'-- Up-to-date symlink: /home/carlos/ros2_ws/install/px4_msgs/lib/python3.12/site-packages/px4_msgs/msg/_debug_array_s.c\n'}
[2.918386] (px4_msgs) StdoutLine: {'line': b'-- Up-to-date symlink: /home/carlos/ros2_ws/install/px4_msgs/lib/python3.12/site-packages/px4_msgs/msg/_debug_key_value.py\n'}
[2.918485] (px4_msgs) StdoutLine: {'line': b'-- Up-to-date symlink: /home/carlos/ros2_ws/install/px4_msgs/lib/python3.12/site-packages/px4_msgs/msg/_debug_key_value_s.c\n'}
[2.918584] (px4_msgs) StdoutLine: {'line': b'-- Up-to-date symlink: /home/carlos/ros2_ws/install/px4_msgs/lib/python3.12/site-packages/px4_msgs/msg/_debug_value.py\n'}
[2.918688] (px4_msgs) StdoutLine: {'line': b'-- Up-to-date symlink: /home/carlos/ros2_ws/install/px4_msgs/lib/python3.12/site-packages/px4_msgs/msg/_debug_value_s.c\n'}
[2.918785] (px4_msgs) StdoutLine: {'line': b'-- Up-to-date symlink: /home/carlos/ros2_ws/install/px4_msgs/lib/python3.12/site-packages/px4_msgs/msg/_debug_vect.py\n'}
[2.918887] (px4_msgs) StdoutLine: {'line': b'-- Up-to-date symlink: /home/carlos/ros2_ws/install/px4_msgs/lib/python3.12/site-packages/px4_msgs/msg/_debug_vect_s.c\n'}
[2.918990] (px4_msgs) StdoutLine: {'line': b'-- Up-to-date symlink: /home/carlos/ros2_ws/install/px4_msgs/lib/python3.12/site-packages/px4_msgs/msg/_differential_pressure.py\n'}
[2.919093] (px4_msgs) StdoutLine: {'line': b'-- Up-to-date symlink: /home/carlos/ros2_ws/install/px4_msgs/lib/python3.12/site-packages/px4_msgs/msg/_differential_pressure_s.c\n'}
[2.919196] (px4_msgs) StdoutLine: {'line': b'-- Up-to-date symlink: /home/carlos/ros2_ws/install/px4_msgs/lib/python3.12/site-packages/px4_msgs/msg/_distance_sensor.py\n'}
[2.919299] (px4_msgs) StdoutLine: {'line': b'-- Up-to-date symlink: /home/carlos/ros2_ws/install/px4_msgs/lib/python3.12/site-packages/px4_msgs/msg/_distance_sensor_mode_change_request.py\n'}
[2.919372] (px4_msgs) StdoutLine: {'line': b'-- Up-to-date symlink: /home/carlos/ros2_ws/install/px4_msgs/lib/python3.12/site-packages/px4_msgs/msg/_distance_sensor_mode_change_request_s.c\n'}
[2.919472] (px4_msgs) StdoutLine: {'line': b'-- Up-to-date symlink: /home/carlos/ros2_ws/install/px4_msgs/lib/python3.12/site-packages/px4_msgs/msg/_distance_sensor_s.c\n'}
[2.919572] (px4_msgs) StdoutLine: {'line': b'-- Up-to-date symlink: /home/carlos/ros2_ws/install/px4_msgs/lib/python3.12/site-packages/px4_msgs/msg/_dronecan_node_status.py\n'}
[2.919672] (px4_msgs) StdoutLine: {'line': b'-- Up-to-date symlink: /home/carlos/ros2_ws/install/px4_msgs/lib/python3.12/site-packages/px4_msgs/msg/_dronecan_node_status_s.c\n'}
[2.919787] (px4_msgs) StdoutLine: {'line': b'-- Up-to-date symlink: /home/carlos/ros2_ws/install/px4_msgs/lib/python3.12/site-packages/px4_msgs/msg/_ekf2_timestamps.py\n'}
[2.920018] (px4_msgs) StdoutLine: {'line': b'-- Up-to-date symlink: /home/carlos/ros2_ws/install/px4_msgs/lib/python3.12/site-packages/px4_msgs/msg/_ekf2_timestamps_s.c\n'}
[2.920159] (px4_msgs) StdoutLine: {'line': b'-- Up-to-date symlink: /home/carlos/ros2_ws/install/px4_msgs/lib/python3.12/site-packages/px4_msgs/msg/_esc_report.py\n'}
[2.920232] (px4_msgs) StdoutLine: {'line': b'-- Up-to-date symlink: /home/carlos/ros2_ws/install/px4_msgs/lib/python3.12/site-packages/px4_msgs/msg/_esc_report_s.c\n'}
[2.920314] (px4_msgs) StdoutLine: {'line': b'-- Up-to-date symlink: /home/carlos/ros2_ws/install/px4_msgs/lib/python3.12/site-packages/px4_msgs/msg/_esc_status.py\n'}
[2.920395] (px4_msgs) StdoutLine: {'line': b'-- Up-to-date symlink: /home/carlos/ros2_ws/install/px4_msgs/lib/python3.12/site-packages/px4_msgs/msg/_esc_status_s.c\n'}
[2.920474] (px4_msgs) StdoutLine: {'line': b'-- Up-to-date symlink: /home/carlos/ros2_ws/install/px4_msgs/lib/python3.12/site-packages/px4_msgs/msg/_estimator_aid_source1d.py\n'}
[2.920554] (px4_msgs) StdoutLine: {'line': b'-- Up-to-date symlink: /home/carlos/ros2_ws/install/px4_msgs/lib/python3.12/site-packages/px4_msgs/msg/_estimator_aid_source1d_s.c\n'}
[2.920662] (px4_msgs) StdoutLine: {'line': b'-- Up-to-date symlink: /home/carlos/ros2_ws/install/px4_msgs/lib/python3.12/site-packages/px4_msgs/msg/_estimator_aid_source2d.py\n'}
[2.920777] (px4_msgs) StdoutLine: {'line': b'-- Up-to-date symlink: /home/carlos/ros2_ws/install/px4_msgs/lib/python3.12/site-packages/px4_msgs/msg/_estimator_aid_source2d_s.c\n'}
[2.920884] (px4_msgs) StdoutLine: {'line': b'-- Up-to-date symlink: /home/carlos/ros2_ws/install/px4_msgs/lib/python3.12/site-packages/px4_msgs/msg/_estimator_aid_source3d.py\n'}
[2.920986] (px4_msgs) StdoutLine: {'line': b'-- Up-to-date symlink: /home/carlos/ros2_ws/install/px4_msgs/lib/python3.12/site-packages/px4_msgs/msg/_estimator_aid_source3d_s.c\n'}
[2.921091] (px4_msgs) StdoutLine: {'line': b'-- Up-to-date symlink: /home/carlos/ros2_ws/install/px4_msgs/lib/python3.12/site-packages/px4_msgs/msg/_estimator_bias.py\n'}
[2.921192] (px4_msgs) StdoutLine: {'line': b'-- Up-to-date symlink: /home/carlos/ros2_ws/install/px4_msgs/lib/python3.12/site-packages/px4_msgs/msg/_estimator_bias3d.py\n'}
[2.921301] (px4_msgs) StdoutLine: {'line': b'-- Up-to-date symlink: /home/carlos/ros2_ws/install/px4_msgs/lib/python3.12/site-packages/px4_msgs/msg/_estimator_bias3d_s.c\n'}
[2.921406] (px4_msgs) StdoutLine: {'line': b'-- Up-to-date symlink: /home/carlos/ros2_ws/install/px4_msgs/lib/python3.12/site-packages/px4_msgs/msg/_estimator_bias_s.c\n'}
[2.921512] (px4_msgs) StdoutLine: {'line': b'-- Up-to-date symlink: /home/carlos/ros2_ws/install/px4_msgs/lib/python3.12/site-packages/px4_msgs/msg/_estimator_event_flags.py\n'}
[2.921624] (px4_msgs) StdoutLine: {'line': b'-- Up-to-date symlink: /home/carlos/ros2_ws/install/px4_msgs/lib/python3.12/site-packages/px4_msgs/msg/_estimator_event_flags_s.c\n'}
[2.921740] (px4_msgs) StdoutLine: {'line': b'-- Up-to-date symlink: /home/carlos/ros2_ws/install/px4_msgs/lib/python3.12/site-packages/px4_msgs/msg/_estimator_gps_status.py\n'}
[2.921856] (px4_msgs) StdoutLine: {'line': b'-- Up-to-date symlink: /home/carlos/ros2_ws/install/px4_msgs/lib/python3.12/site-packages/px4_msgs/msg/_estimator_gps_status_s.c\n'}
[2.921962] (px4_msgs) StdoutLine: {'line': b'-- Up-to-date symlink: /home/carlos/ros2_ws/install/px4_msgs/lib/python3.12/site-packages/px4_msgs/msg/_estimator_innovations.py\n'}
[2.922073] (px4_msgs) StdoutLine: {'line': b'-- Up-to-date symlink: /home/carlos/ros2_ws/install/px4_msgs/lib/python3.12/site-packages/px4_msgs/msg/_estimator_innovations_s.c\n'}
[2.922182] (px4_msgs) StdoutLine: {'line': b'-- Up-to-date symlink: /home/carlos/ros2_ws/install/px4_msgs/lib/python3.12/site-packages/px4_msgs/msg/_estimator_selector_status.py\n'}
[2.922289] (px4_msgs) StdoutLine: {'line': b'-- Up-to-date symlink: /home/carlos/ros2_ws/install/px4_msgs/lib/python3.12/site-packages/px4_msgs/msg/_estimator_selector_status_s.c\n'}
[2.922409] (px4_msgs) StdoutLine: {'line': b'-- Up-to-date symlink: /home/carlos/ros2_ws/install/px4_msgs/lib/python3.12/site-packages/px4_msgs/msg/_estimator_sensor_bias.py\n'}
[2.922523] (px4_msgs) StdoutLine: {'line': b'-- Up-to-date symlink: /home/carlos/ros2_ws/install/px4_msgs/lib/python3.12/site-packages/px4_msgs/msg/_estimator_sensor_bias_s.c\n'}
[2.922637] (px4_msgs) StdoutLine: {'line': b'-- Up-to-date symlink: /home/carlos/ros2_ws/install/px4_msgs/lib/python3.12/site-packages/px4_msgs/msg/_estimator_states.py\n'}
[2.922757] (px4_msgs) StdoutLine: {'line': b'-- Up-to-date symlink: /home/carlos/ros2_ws/install/px4_msgs/lib/python3.12/site-packages/px4_msgs/msg/_estimator_states_s.c\n'}
[2.922884] (px4_msgs) StdoutLine: {'line': b'-- Up-to-date symlink: /home/carlos/ros2_ws/install/px4_msgs/lib/python3.12/site-packages/px4_msgs/msg/_estimator_status.py\n'}
[2.923001] (px4_msgs) StdoutLine: {'line': b'-- Up-to-date symlink: /home/carlos/ros2_ws/install/px4_msgs/lib/python3.12/site-packages/px4_msgs/msg/_estimator_status_flags.py\n'}
[2.923115] (px4_msgs) StdoutLine: {'line': b'-- Up-to-date symlink: /home/carlos/ros2_ws/install/px4_msgs/lib/python3.12/site-packages/px4_msgs/msg/_estimator_status_flags_s.c\n'}
[2.923231] (px4_msgs) StdoutLine: {'line': b'-- Up-to-date symlink: /home/carlos/ros2_ws/install/px4_msgs/lib/python3.12/site-packages/px4_msgs/msg/_estimator_status_s.c\n'}
[2.923345] (px4_msgs) StdoutLine: {'line': b'-- Up-to-date symlink: /home/carlos/ros2_ws/install/px4_msgs/lib/python3.12/site-packages/px4_msgs/msg/_event.py\n'}
[2.923460] (px4_msgs) StdoutLine: {'line': b'-- Up-to-date symlink: /home/carlos/ros2_ws/install/px4_msgs/lib/python3.12/site-packages/px4_msgs/msg/_event_s.c\n'}
[2.923574] (px4_msgs) StdoutLine: {'line': b'-- Up-to-date symlink: /home/carlos/ros2_ws/install/px4_msgs/lib/python3.12/site-packages/px4_msgs/msg/_failsafe_flags.py\n'}
[2.923684] (px4_msgs) StdoutLine: {'line': b'-- Up-to-date symlink: /home/carlos/ros2_ws/install/px4_msgs/lib/python3.12/site-packages/px4_msgs/msg/_failsafe_flags_s.c\n'}
[2.923807] (px4_msgs) StdoutLine: {'line': b'-- Up-to-date symlink: /home/carlos/ros2_ws/install/px4_msgs/lib/python3.12/site-packages/px4_msgs/msg/_failure_detector_status.py\n'}
[2.923924] (px4_msgs) StdoutLine: {'line': b'-- Up-to-date symlink: /home/carlos/ros2_ws/install/px4_msgs/lib/python3.12/site-packages/px4_msgs/msg/_failure_detector_status_s.c\n'}
[2.924049] (px4_msgs) StdoutLine: {'line': b'-- Up-to-date symlink: /home/carlos/ros2_ws/install/px4_msgs/lib/python3.12/site-packages/px4_msgs/msg/_figure_eight_status.py\n'}
[2.924153] (px4_msgs) StdoutLine: {'line': b'-- Up-to-date symlink: /home/carlos/ros2_ws/install/px4_msgs/lib/python3.12/site-packages/px4_msgs/msg/_figure_eight_status_s.c\n'}
[2.924267] (px4_msgs) StdoutLine: {'line': b'-- Up-to-date symlink: /home/carlos/ros2_ws/install/px4_msgs/lib/python3.12/site-packages/px4_msgs/msg/_fixed_wing_lateral_guidance_status.py\n'}
[2.924385] (px4_msgs) StdoutLine: {'line': b'-- Up-to-date symlink: /home/carlos/ros2_ws/install/px4_msgs/lib/python3.12/site-packages/px4_msgs/msg/_fixed_wing_lateral_guidance_status_s.c\n'}
[2.924495] (px4_msgs) StdoutLine: {'line': b'-- Up-to-date symlink: /home/carlos/ros2_ws/install/px4_msgs/lib/python3.12/site-packages/px4_msgs/msg/_fixed_wing_lateral_setpoint.py\n'}
[2.924606] (px4_msgs) StdoutLine: {'line': b'-- Up-to-date symlink: /home/carlos/ros2_ws/install/px4_msgs/lib/python3.12/site-packages/px4_msgs/msg/_fixed_wing_lateral_setpoint_s.c\n'}
[2.924716] (px4_msgs) StdoutLine: {'line': b'-- Up-to-date symlink: /home/carlos/ros2_ws/install/px4_msgs/lib/python3.12/site-packages/px4_msgs/msg/_fixed_wing_lateral_status.py\n'}
[2.924830] (px4_msgs) StdoutLine: {'line': b'-- Up-to-date symlink: /home/carlos/ros2_ws/install/px4_msgs/lib/python3.12/site-packages/px4_msgs/msg/_fixed_wing_lateral_status_s.c\n'}
[2.924946] (px4_msgs) StdoutLine: {'line': b'-- Up-to-date symlink: /home/carlos/ros2_ws/install/px4_msgs/lib/python3.12/site-packages/px4_msgs/msg/_fixed_wing_longitudinal_setpoint.py\n'}
[2.925054] (px4_msgs) StdoutLine: {'line': b'-- Up-to-date symlink: /home/carlos/ros2_ws/install/px4_msgs/lib/python3.12/site-packages/px4_msgs/msg/_fixed_wing_longitudinal_setpoint_s.c\n'}
[2.925161] (px4_msgs) StdoutLine: {'line': b'-- Up-to-date symlink: /home/carlos/ros2_ws/install/px4_msgs/lib/python3.12/site-packages/px4_msgs/msg/_fixed_wing_runway_control.py\n'}
[2.925268] (px4_msgs) StdoutLine: {'line': b'-- Up-to-date symlink: /home/carlos/ros2_ws/install/px4_msgs/lib/python3.12/site-packages/px4_msgs/msg/_fixed_wing_runway_control_s.c\n'}
[2.925374] (px4_msgs) StdoutLine: {'line': b'-- Up-to-date symlink: /home/carlos/ros2_ws/install/px4_msgs/lib/python3.12/site-packages/px4_msgs/msg/_flight_phase_estimation.py\n'}
[2.925480] (px4_msgs) StdoutLine: {'line': b'-- Up-to-date symlink: /home/carlos/ros2_ws/install/px4_msgs/lib/python3.12/site-packages/px4_msgs/msg/_flight_phase_estimation_s.c\n'}
[2.925587] (px4_msgs) StdoutLine: {'line': b'-- Up-to-date symlink: /home/carlos/ros2_ws/install/px4_msgs/lib/python3.12/site-packages/px4_msgs/msg/_follow_target.py\n'}
[2.925693] (px4_msgs) StdoutLine: {'line': b'-- Up-to-date symlink: /home/carlos/ros2_ws/install/px4_msgs/lib/python3.12/site-packages/px4_msgs/msg/_follow_target_estimator.py\n'}
[2.925809] (px4_msgs) StdoutLine: {'line': b'-- Up-to-date symlink: /home/carlos/ros2_ws/install/px4_msgs/lib/python3.12/site-packages/px4_msgs/msg/_follow_target_estimator_s.c\n'}
[2.925922] (px4_msgs) StdoutLine: {'line': b'-- Up-to-date symlink: /home/carlos/ros2_ws/install/px4_msgs/lib/python3.12/site-packages/px4_msgs/msg/_follow_target_s.c\n'}
[2.926030] (px4_msgs) StdoutLine: {'line': b'-- Up-to-date symlink: /home/carlos/ros2_ws/install/px4_msgs/lib/python3.12/site-packages/px4_msgs/msg/_follow_target_status.py\n'}
[2.926129] (px4_msgs) StdoutLine: {'line': b'-- Up-to-date symlink: /home/carlos/ros2_ws/install/px4_msgs/lib/python3.12/site-packages/px4_msgs/msg/_follow_target_status_s.c\n'}
[2.926229] (px4_msgs) StdoutLine: {'line': b'-- Up-to-date symlink: /home/carlos/ros2_ws/install/px4_msgs/lib/python3.12/site-packages/px4_msgs/msg/_fuel_tank_status.py\n'}
[2.926328] (px4_msgs) StdoutLine: {'line': b'-- Up-to-date symlink: /home/carlos/ros2_ws/install/px4_msgs/lib/python3.12/site-packages/px4_msgs/msg/_fuel_tank_status_s.c\n'}
[2.926427] (px4_msgs) StdoutLine: {'line': b'-- Up-to-date symlink: /home/carlos/ros2_ws/install/px4_msgs/lib/python3.12/site-packages/px4_msgs/msg/_generator_status.py\n'}
[2.926527] (px4_msgs) StdoutLine: {'line': b'-- Up-to-date symlink: /home/carlos/ros2_ws/install/px4_msgs/lib/python3.12/site-packages/px4_msgs/msg/_generator_status_s.c\n'}
[2.926626] (px4_msgs) StdoutLine: {'line': b'-- Up-to-date symlink: /home/carlos/ros2_ws/install/px4_msgs/lib/python3.12/site-packages/px4_msgs/msg/_geofence_result.py\n'}
[2.926725] (px4_msgs) StdoutLine: {'line': b'-- Up-to-date symlink: /home/carlos/ros2_ws/install/px4_msgs/lib/python3.12/site-packages/px4_msgs/msg/_geofence_result_s.c\n'}
[2.926837] (px4_msgs) StdoutLine: {'line': b'-- Up-to-date symlink: /home/carlos/ros2_ws/install/px4_msgs/lib/python3.12/site-packages/px4_msgs/msg/_geofence_status.py\n'}
[2.926937] (px4_msgs) StdoutLine: {'line': b'-- Up-to-date symlink: /home/carlos/ros2_ws/install/px4_msgs/lib/python3.12/site-packages/px4_msgs/msg/_geofence_status_s.c\n'}
[2.927037] (px4_msgs) StdoutLine: {'line': b'-- Up-to-date symlink: /home/carlos/ros2_ws/install/px4_msgs/lib/python3.12/site-packages/px4_msgs/msg/_gimbal_controls.py\n'}
[2.927133] (px4_msgs) StdoutLine: {'line': b'-- Up-to-date symlink: /home/carlos/ros2_ws/install/px4_msgs/lib/python3.12/site-packages/px4_msgs/msg/_gimbal_controls_s.c\n'}
[2.927229] (px4_msgs) StdoutLine: {'line': b'-- Up-to-date symlink: /home/carlos/ros2_ws/install/px4_msgs/lib/python3.12/site-packages/px4_msgs/msg/_gimbal_device_attitude_status.py\n'}
[2.927327] (px4_msgs) StdoutLine: {'line': b'-- Up-to-date symlink: /home/carlos/ros2_ws/install/px4_msgs/lib/python3.12/site-packages/px4_msgs/msg/_gimbal_device_attitude_status_s.c\n'}
[2.927424] (px4_msgs) StdoutLine: {'line': b'-- Up-to-date symlink: /home/carlos/ros2_ws/install/px4_msgs/lib/python3.12/site-packages/px4_msgs/msg/_gimbal_device_information.py\n'}
[2.927523] (px4_msgs) StdoutLine: {'line': b'-- Up-to-date symlink: /home/carlos/ros2_ws/install/px4_msgs/lib/python3.12/site-packages/px4_msgs/msg/_gimbal_device_information_s.c\n'}
[2.927621] (px4_msgs) StdoutLine: {'line': b'-- Up-to-date symlink: /home/carlos/ros2_ws/install/px4_msgs/lib/python3.12/site-packages/px4_msgs/msg/_gimbal_device_set_attitude.py\n'}
[2.927719] (px4_msgs) StdoutLine: {'line': b'-- Up-to-date symlink: /home/carlos/ros2_ws/install/px4_msgs/lib/python3.12/site-packages/px4_msgs/msg/_gimbal_device_set_attitude_s.c\n'}
[2.927830] (px4_msgs) StdoutLine: {'line': b'-- Up-to-date symlink: /home/carlos/ros2_ws/install/px4_msgs/lib/python3.12/site-packages/px4_msgs/msg/_gimbal_manager_information.py\n'}
[2.927927] (px4_msgs) StdoutLine: {'line': b'-- Up-to-date symlink: /home/carlos/ros2_ws/install/px4_msgs/lib/python3.12/site-packages/px4_msgs/msg/_gimbal_manager_information_s.c\n'}
[2.928024] (px4_msgs) StdoutLine: {'line': b'-- Up-to-date symlink: /home/carlos/ros2_ws/install/px4_msgs/lib/python3.12/site-packages/px4_msgs/msg/_gimbal_manager_set_attitude.py\n'}
[2.928122] (px4_msgs) StdoutLine: {'line': b'-- Up-to-date symlink: /home/carlos/ros2_ws/install/px4_msgs/lib/python3.12/site-packages/px4_msgs/msg/_gimbal_manager_set_attitude_s.c\n'}
[2.928222] (px4_msgs) StdoutLine: {'line': b'-- Up-to-date symlink: /home/carlos/ros2_ws/install/px4_msgs/lib/python3.12/site-packages/px4_msgs/msg/_gimbal_manager_set_manual_control.py\n'}
[2.928324] (px4_msgs) StdoutLine: {'line': b'-- Up-to-date symlink: /home/carlos/ros2_ws/install/px4_msgs/lib/python3.12/site-packages/px4_msgs/msg/_gimbal_manager_set_manual_control_s.c\n'}
[2.928427] (px4_msgs) StdoutLine: {'line': b'-- Up-to-date symlink: /home/carlos/ros2_ws/install/px4_msgs/lib/python3.12/site-packages/px4_msgs/msg/_gimbal_manager_status.py\n'}
[2.928530] (px4_msgs) StdoutLine: {'line': b'-- Up-to-date symlink: /home/carlos/ros2_ws/install/px4_msgs/lib/python3.12/site-packages/px4_msgs/msg/_gimbal_manager_status_s.c\n'}
[2.928633] (px4_msgs) StdoutLine: {'line': b'-- Up-to-date symlink: /home/carlos/ros2_ws/install/px4_msgs/lib/python3.12/site-packages/px4_msgs/msg/_goto_setpoint.py\n'}
[2.928735] (px4_msgs) StdoutLine: {'line': b'-- Up-to-date symlink: /home/carlos/ros2_ws/install/px4_msgs/lib/python3.12/site-packages/px4_msgs/msg/_goto_setpoint_s.c\n'}
[2.928865] (px4_msgs) StdoutLine: {'line': b'-- Up-to-date symlink: /home/carlos/ros2_ws/install/px4_msgs/lib/python3.12/site-packages/px4_msgs/msg/_gpio_config.py\n'}
[2.928977] (px4_msgs) StdoutLine: {'line': b'-- Up-to-date symlink: /home/carlos/ros2_ws/install/px4_msgs/lib/python3.12/site-packages/px4_msgs/msg/_gpio_config_s.c\n'}
[2.929079] (px4_msgs) StdoutLine: {'line': b'-- Up-to-date symlink: /home/carlos/ros2_ws/install/px4_msgs/lib/python3.12/site-packages/px4_msgs/msg/_gpio_in.py\n'}
[2.929182] (px4_msgs) StdoutLine: {'line': b'-- Up-to-date symlink: /home/carlos/ros2_ws/install/px4_msgs/lib/python3.12/site-packages/px4_msgs/msg/_gpio_in_s.c\n'}
[2.929284] (px4_msgs) StdoutLine: {'line': b'-- Up-to-date symlink: /home/carlos/ros2_ws/install/px4_msgs/lib/python3.12/site-packages/px4_msgs/msg/_gpio_out.py\n'}
[2.929386] (px4_msgs) StdoutLine: {'line': b'-- Up-to-date symlink: /home/carlos/ros2_ws/install/px4_msgs/lib/python3.12/site-packages/px4_msgs/msg/_gpio_out_s.c\n'}
[2.929492] (px4_msgs) StdoutLine: {'line': b'-- Up-to-date symlink: /home/carlos/ros2_ws/install/px4_msgs/lib/python3.12/site-packages/px4_msgs/msg/_gpio_request.py\n'}
[2.929597] (px4_msgs) StdoutLine: {'line': b'-- Up-to-date symlink: /home/carlos/ros2_ws/install/px4_msgs/lib/python3.12/site-packages/px4_msgs/msg/_gpio_request_s.c\n'}
[2.929699] (px4_msgs) StdoutLine: {'line': b'-- Up-to-date symlink: /home/carlos/ros2_ws/install/px4_msgs/lib/python3.12/site-packages/px4_msgs/msg/_gps_dump.py\n'}
[2.929812] (px4_msgs) StdoutLine: {'line': b'-- Up-to-date symlink: /home/carlos/ros2_ws/install/px4_msgs/lib/python3.12/site-packages/px4_msgs/msg/_gps_dump_s.c\n'}
[2.929919] (px4_msgs) StdoutLine: {'line': b'-- Up-to-date symlink: /home/carlos/ros2_ws/install/px4_msgs/lib/python3.12/site-packages/px4_msgs/msg/_gps_inject_data.py\n'}
[2.930020] (px4_msgs) StdoutLine: {'line': b'-- Up-to-date symlink: /home/carlos/ros2_ws/install/px4_msgs/lib/python3.12/site-packages/px4_msgs/msg/_gps_inject_data_s.c\n'}
[2.930123] (px4_msgs) StdoutLine: {'line': b'-- Up-to-date symlink: /home/carlos/ros2_ws/install/px4_msgs/lib/python3.12/site-packages/px4_msgs/msg/_gripper.py\n'}
[2.930225] (px4_msgs) StdoutLine: {'line': b'-- Up-to-date symlink: /home/carlos/ros2_ws/install/px4_msgs/lib/python3.12/site-packages/px4_msgs/msg/_gripper_s.c\n'}
[2.930327] (px4_msgs) StdoutLine: {'line': b'-- Up-to-date symlink: /home/carlos/ros2_ws/install/px4_msgs/lib/python3.12/site-packages/px4_msgs/msg/_health_report.py\n'}
[2.930430] (px4_msgs) StdoutLine: {'line': b'-- Up-to-date symlink: /home/carlos/ros2_ws/install/px4_msgs/lib/python3.12/site-packages/px4_msgs/msg/_health_report_s.c\n'}
[2.930531] (px4_msgs) StdoutLine: {'line': b'-- Up-to-date symlink: /home/carlos/ros2_ws/install/px4_msgs/lib/python3.12/site-packages/px4_msgs/msg/_heater_status.py\n'}
[2.930633] (px4_msgs) StdoutLine: {'line': b'-- Up-to-date symlink: /home/carlos/ros2_ws/install/px4_msgs/lib/python3.12/site-packages/px4_msgs/msg/_heater_status_s.c\n'}
[2.930736] (px4_msgs) StdoutLine: {'line': b'-- Up-to-date symlink: /home/carlos/ros2_ws/install/px4_msgs/lib/python3.12/site-packages/px4_msgs/msg/_home_position.py\n'}
[2.930849] (px4_msgs) StdoutLine: {'line': b'-- Up-to-date symlink: /home/carlos/ros2_ws/install/px4_msgs/lib/python3.12/site-packages/px4_msgs/msg/_home_position_s.c\n'}
[2.930946] (px4_msgs) StdoutLine: {'line': b'-- Up-to-date symlink: /home/carlos/ros2_ws/install/px4_msgs/lib/python3.12/site-packages/px4_msgs/msg/_hover_thrust_estimate.py\n'}
[2.931044] (px4_msgs) StdoutLine: {'line': b'-- Up-to-date symlink: /home/carlos/ros2_ws/install/px4_msgs/lib/python3.12/site-packages/px4_msgs/msg/_hover_thrust_estimate_s.c\n'}
[2.931142] (px4_msgs) StdoutLine: {'line': b'-- Up-to-date symlink: /home/carlos/ros2_ws/install/px4_msgs/lib/python3.12/site-packages/px4_msgs/msg/_input_rc.py\n'}
[2.931240] (px4_msgs) StdoutLine: {'line': b'-- Up-to-date symlink: /home/carlos/ros2_ws/install/px4_msgs/lib/python3.12/site-packages/px4_msgs/msg/_input_rc_s.c\n'}
[2.931341] (px4_msgs) StdoutLine: {'line': b'-- Up-to-date symlink: /home/carlos/ros2_ws/install/px4_msgs/lib/python3.12/site-packages/px4_msgs/msg/_internal_combustion_engine_control.py\n'}
[2.931440] (px4_msgs) StdoutLine: {'line': b'-- Up-to-date symlink: /home/carlos/ros2_ws/install/px4_msgs/lib/python3.12/site-packages/px4_msgs/msg/_internal_combustion_engine_control_s.c\n'}
[2.931539] (px4_msgs) StdoutLine: {'line': b'-- Up-to-date symlink: /home/carlos/ros2_ws/install/px4_msgs/lib/python3.12/site-packages/px4_msgs/msg/_internal_combustion_engine_status.py\n'}
[2.931638] (px4_msgs) StdoutLine: {'line': b'-- Up-to-date symlink: /home/carlos/ros2_ws/install/px4_msgs/lib/python3.12/site-packages/px4_msgs/msg/_internal_combustion_engine_status_s.c\n'}
[2.931737] (px4_msgs) StdoutLine: {'line': b'-- Up-to-date symlink: /home/carlos/ros2_ws/install/px4_msgs/lib/python3.12/site-packages/px4_msgs/msg/_iridiumsbd_status.py\n'}
[2.931849] (px4_msgs) StdoutLine: {'line': b'-- Up-to-date symlink: /home/carlos/ros2_ws/install/px4_msgs/lib/python3.12/site-packages/px4_msgs/msg/_iridiumsbd_status_s.c\n'}
[2.931948] (px4_msgs) StdoutLine: {'line': b'-- Up-to-date symlink: /home/carlos/ros2_ws/install/px4_msgs/lib/python3.12/site-packages/px4_msgs/msg/_irlock_report.py\n'}
[2.932046] (px4_msgs) StdoutLine: {'line': b'-- Up-to-date symlink: /home/carlos/ros2_ws/install/px4_msgs/lib/python3.12/site-packages/px4_msgs/msg/_irlock_report_s.c\n'}
[2.932144] (px4_msgs) StdoutLine: {'line': b'-- Up-to-date symlink: /home/carlos/ros2_ws/install/px4_msgs/lib/python3.12/site-packages/px4_msgs/msg/_landing_gear.py\n'}
[2.932242] (px4_msgs) StdoutLine: {'line': b'-- Up-to-date symlink: /home/carlos/ros2_ws/install/px4_msgs/lib/python3.12/site-packages/px4_msgs/msg/_landing_gear_s.c\n'}
[2.932341] (px4_msgs) StdoutLine: {'line': b'-- Up-to-date symlink: /home/carlos/ros2_ws/install/px4_msgs/lib/python3.12/site-packages/px4_msgs/msg/_landing_gear_wheel.py\n'}
[2.932441] (px4_msgs) StdoutLine: {'line': b'-- Up-to-date symlink: /home/carlos/ros2_ws/install/px4_msgs/lib/python3.12/site-packages/px4_msgs/msg/_landing_gear_wheel_s.c\n'}
[2.932539] (px4_msgs) StdoutLine: {'line': b'-- Up-to-date symlink: /home/carlos/ros2_ws/install/px4_msgs/lib/python3.12/site-packages/px4_msgs/msg/_landing_target_innovations.py\n'}
[2.932638] (px4_msgs) StdoutLine: {'line': b'-- Up-to-date symlink: /home/carlos/ros2_ws/install/px4_msgs/lib/python3.12/site-packages/px4_msgs/msg/_landing_target_innovations_s.c\n'}
[2.932736] (px4_msgs) StdoutLine: {'line': b'-- Up-to-date symlink: /home/carlos/ros2_ws/install/px4_msgs/lib/python3.12/site-packages/px4_msgs/msg/_landing_target_pose.py\n'}
[2.932857] (px4_msgs) StdoutLine: {'line': b'-- Up-to-date symlink: /home/carlos/ros2_ws/install/px4_msgs/lib/python3.12/site-packages/px4_msgs/msg/_landing_target_pose_s.c\n'}
[2.932957] (px4_msgs) StdoutLine: {'line': b'-- Up-to-date symlink: /home/carlos/ros2_ws/install/px4_msgs/lib/python3.12/site-packages/px4_msgs/msg/_lateral_control_configuration.py\n'}
[2.933061] (px4_msgs) StdoutLine: {'line': b'-- Up-to-date symlink: /home/carlos/ros2_ws/install/px4_msgs/lib/python3.12/site-packages/px4_msgs/msg/_lateral_control_configuration_s.c\n'}
[2.933167] (px4_msgs) StdoutLine: {'line': b'-- Up-to-date symlink: /home/carlos/ros2_ws/install/px4_msgs/lib/python3.12/site-packages/px4_msgs/msg/_launch_detection_status.py\n'}
[2.933265] (px4_msgs) StdoutLine: {'line': b'-- Up-to-date symlink: /home/carlos/ros2_ws/install/px4_msgs/lib/python3.12/site-packages/px4_msgs/msg/_launch_detection_status_s.c\n'}
[2.933364] (px4_msgs) StdoutLine: {'line': b'-- Up-to-date symlink: /home/carlos/ros2_ws/install/px4_msgs/lib/python3.12/site-packages/px4_msgs/msg/_led_control.py\n'}
[2.933463] (px4_msgs) StdoutLine: {'line': b'-- Up-to-date symlink: /home/carlos/ros2_ws/install/px4_msgs/lib/python3.12/site-packages/px4_msgs/msg/_led_control_s.c\n'}
[2.933563] (px4_msgs) StdoutLine: {'line': b'-- Up-to-date symlink: /home/carlos/ros2_ws/install/px4_msgs/lib/python3.12/site-packages/px4_msgs/msg/_log_message.py\n'}
[2.933662] (px4_msgs) StdoutLine: {'line': b'-- Up-to-date symlink: /home/carlos/ros2_ws/install/px4_msgs/lib/python3.12/site-packages/px4_msgs/msg/_log_message_s.c\n'}
[2.933817] (px4_msgs) StdoutLine: {'line': b'-- Up-to-date symlink: /home/carlos/ros2_ws/install/px4_msgs/lib/python3.12/site-packages/px4_msgs/msg/_logger_status.py\n'}
[2.934072] (px4_msgs) StdoutLine: {'line': b'-- Up-to-date symlink: /home/carlos/ros2_ws/install/px4_msgs/lib/python3.12/site-packages/px4_msgs/msg/_logger_status_s.c\n'}
[2.934294] (px4_msgs) StdoutLine: {'line': b'-- Up-to-date symlink: /home/carlos/ros2_ws/install/px4_msgs/lib/python3.12/site-packages/px4_msgs/msg/_longitudinal_control_configuration.py\n'}
[2.934478] (px4_msgs) StdoutLine: {'line': b'-- Up-to-date symlink: /home/carlos/ros2_ws/install/px4_msgs/lib/python3.12/site-packages/px4_msgs/msg/_longitudinal_control_configuration_s.c\n'}
[2.934655] (px4_msgs) StdoutLine: {'line': b'-- Up-to-date symlink: /home/carlos/ros2_ws/install/px4_msgs/lib/python3.12/site-packages/px4_msgs/msg/_mag_worker_data.py\n'}
[2.934822] (px4_msgs) StdoutLine: {'line': b'-- Up-to-date symlink: /home/carlos/ros2_ws/install/px4_msgs/lib/python3.12/site-packages/px4_msgs/msg/_mag_worker_data_s.c\n'}
[2.934983] (px4_msgs) StdoutLine: {'line': b'-- Up-to-date symlink: /home/carlos/ros2_ws/install/px4_msgs/lib/python3.12/site-packages/px4_msgs/msg/_magnetometer_bias_estimate.py\n'}
[2.935154] (px4_msgs) StdoutLine: {'line': b'-- Up-to-date symlink: /home/carlos/ros2_ws/install/px4_msgs/lib/python3.12/site-packages/px4_msgs/msg/_magnetometer_bias_estimate_s.c\n'}
[2.935319] (px4_msgs) StdoutLine: {'line': b'-- Up-to-date symlink: /home/carlos/ros2_ws/install/px4_msgs/lib/python3.12/site-packages/px4_msgs/msg/_manual_control_setpoint.py\n'}
[2.935485] (px4_msgs) StdoutLine: {'line': b'-- Up-to-date symlink: /home/carlos/ros2_ws/install/px4_msgs/lib/python3.12/site-packages/px4_msgs/msg/_manual_control_setpoint_s.c\n'}
[2.935552] (px4_msgs) StdoutLine: {'line': b'-- Up-to-date symlink: /home/carlos/ros2_ws/install/px4_msgs/lib/python3.12/site-packages/px4_msgs/msg/_manual_control_switches.py\n'}
[2.935608] (px4_msgs) StdoutLine: {'line': b'-- Up-to-date symlink: /home/carlos/ros2_ws/install/px4_msgs/lib/python3.12/site-packages/px4_msgs/msg/_manual_control_switches_s.c\n'}
[2.935663] (px4_msgs) StdoutLine: {'line': b'-- Up-to-date symlink: /home/carlos/ros2_ws/install/px4_msgs/lib/python3.12/site-packages/px4_msgs/msg/_mavlink_log.py\n'}
[2.935714] (px4_msgs) StdoutLine: {'line': b'-- Up-to-date symlink: /home/carlos/ros2_ws/install/px4_msgs/lib/python3.12/site-packages/px4_msgs/msg/_mavlink_log_s.c\n'}
[2.935778] (px4_msgs) StdoutLine: {'line': b'-- Up-to-date symlink: /home/carlos/ros2_ws/install/px4_msgs/lib/python3.12/site-packages/px4_msgs/msg/_mavlink_tunnel.py\n'}
[2.935840] (px4_msgs) StdoutLine: {'line': b'-- Up-to-date symlink: /home/carlos/ros2_ws/install/px4_msgs/lib/python3.12/site-packages/px4_msgs/msg/_mavlink_tunnel_s.c\n'}
[2.935897] (px4_msgs) StdoutLine: {'line': b'-- Up-to-date symlink: /home/carlos/ros2_ws/install/px4_msgs/lib/python3.12/site-packages/px4_msgs/msg/_message_format_request.py\n'}
[2.935985] (px4_msgs) StdoutLine: {'line': b'-- Up-to-date symlink: /home/carlos/ros2_ws/install/px4_msgs/lib/python3.12/site-packages/px4_msgs/msg/_message_format_request_s.c\n'}
[2.936060] (px4_msgs) StdoutLine: {'line': b'-- Up-to-date symlink: /home/carlos/ros2_ws/install/px4_msgs/lib/python3.12/site-packages/px4_msgs/msg/_message_format_response.py\n'}
[2.936116] (px4_msgs) StdoutLine: {'line': b'-- Up-to-date symlink: /home/carlos/ros2_ws/install/px4_msgs/lib/python3.12/site-packages/px4_msgs/msg/_message_format_response_s.c\n'}
[2.936172] (px4_msgs) StdoutLine: {'line': b'-- Up-to-date symlink: /home/carlos/ros2_ws/install/px4_msgs/lib/python3.12/site-packages/px4_msgs/msg/_mission.py\n'}
[2.936225] (px4_msgs) StdoutLine: {'line': b'-- Up-to-date symlink: /home/carlos/ros2_ws/install/px4_msgs/lib/python3.12/site-packages/px4_msgs/msg/_mission_result.py\n'}
[2.936295] (px4_msgs) StdoutLine: {'line': b'-- Up-to-date symlink: /home/carlos/ros2_ws/install/px4_msgs/lib/python3.12/site-packages/px4_msgs/msg/_mission_result_s.c\n'}
[2.936375] (px4_msgs) StdoutLine: {'line': b'-- Up-to-date symlink: /home/carlos/ros2_ws/install/px4_msgs/lib/python3.12/site-packages/px4_msgs/msg/_mission_s.c\n'}
[2.936434] (px4_msgs) StdoutLine: {'line': b'-- Up-to-date symlink: /home/carlos/ros2_ws/install/px4_msgs/lib/python3.12/site-packages/px4_msgs/msg/_mode_completed.py\n'}
[2.936490] (px4_msgs) StdoutLine: {'line': b'-- Up-to-date symlink: /home/carlos/ros2_ws/install/px4_msgs/lib/python3.12/site-packages/px4_msgs/msg/_mode_completed_s.c\n'}
[2.936560] (px4_msgs) StdoutLine: {'line': b'-- Up-to-date symlink: /home/carlos/ros2_ws/install/px4_msgs/lib/python3.12/site-packages/px4_msgs/msg/_mount_orientation.py\n'}
[2.936621] (px4_msgs) StdoutLine: {'line': b'-- Up-to-date symlink: /home/carlos/ros2_ws/install/px4_msgs/lib/python3.12/site-packages/px4_msgs/msg/_mount_orientation_s.c\n'}
[2.936694] (px4_msgs) StdoutLine: {'line': b'-- Up-to-date symlink: /home/carlos/ros2_ws/install/px4_msgs/lib/python3.12/site-packages/px4_msgs/msg/_navigator_mission_item.py\n'}
[2.936775] (px4_msgs) StdoutLine: {'line': b'-- Up-to-date symlink: /home/carlos/ros2_ws/install/px4_msgs/lib/python3.12/site-packages/px4_msgs/msg/_navigator_mission_item_s.c\n'}
[2.936858] (px4_msgs) StdoutLine: {'line': b'-- Up-to-date symlink: /home/carlos/ros2_ws/install/px4_msgs/lib/python3.12/site-packages/px4_msgs/msg/_navigator_status.py\n'}
[2.936952] (px4_msgs) StdoutLine: {'line': b'-- Up-to-date symlink: /home/carlos/ros2_ws/install/px4_msgs/lib/python3.12/site-packages/px4_msgs/msg/_navigator_status_s.c\n'}
[2.937063] (px4_msgs) StdoutLine: {'line': b'-- Up-to-date symlink: /home/carlos/ros2_ws/install/px4_msgs/lib/python3.12/site-packages/px4_msgs/msg/_neural_control.py\n'}
[2.937206] (px4_msgs) StdoutLine: {'line': b'-- Up-to-date symlink: /home/carlos/ros2_ws/install/px4_msgs/lib/python3.12/site-packages/px4_msgs/msg/_neural_control_s.c\n'}
[2.937287] (px4_msgs) StdoutLine: {'line': b'-- Up-to-date symlink: /home/carlos/ros2_ws/install/px4_msgs/lib/python3.12/site-packages/px4_msgs/msg/_normalized_unsigned_setpoint.py\n'}
[2.937389] (px4_msgs) StdoutLine: {'line': b'-- Up-to-date symlink: /home/carlos/ros2_ws/install/px4_msgs/lib/python3.12/site-packages/px4_msgs/msg/_normalized_unsigned_setpoint_s.c\n'}
[2.937494] (px4_msgs) StdoutLine: {'line': b'-- Up-to-date symlink: /home/carlos/ros2_ws/install/px4_msgs/lib/python3.12/site-packages/px4_msgs/msg/_obstacle_distance.py\n'}
[2.937598] (px4_msgs) StdoutLine: {'line': b'-- Up-to-date symlink: /home/carlos/ros2_ws/install/px4_msgs/lib/python3.12/site-packages/px4_msgs/msg/_obstacle_distance_s.c\n'}
[2.937703] (px4_msgs) StdoutLine: {'line': b'-- Up-to-date symlink: /home/carlos/ros2_ws/install/px4_msgs/lib/python3.12/site-packages/px4_msgs/msg/_offboard_control_mode.py\n'}
[2.937824] (px4_msgs) StdoutLine: {'line': b'-- Up-to-date symlink: /home/carlos/ros2_ws/install/px4_msgs/lib/python3.12/site-packages/px4_msgs/msg/_offboard_control_mode_s.c\n'}
[2.937940] (px4_msgs) StdoutLine: {'line': b'-- Up-to-date symlink: /home/carlos/ros2_ws/install/px4_msgs/lib/python3.12/site-packages/px4_msgs/msg/_onboard_computer_status.py\n'}
[2.938041] (px4_msgs) StdoutLine: {'line': b'-- Up-to-date symlink: /home/carlos/ros2_ws/install/px4_msgs/lib/python3.12/site-packages/px4_msgs/msg/_onboard_computer_status_s.c\n'}
[2.938140] (px4_msgs) StdoutLine: {'line': b'-- Up-to-date symlink: /home/carlos/ros2_ws/install/px4_msgs/lib/python3.12/site-packages/px4_msgs/msg/_open_drone_id_arm_status.py\n'}
[2.938241] (px4_msgs) StdoutLine: {'line': b'-- Up-to-date symlink: /home/carlos/ros2_ws/install/px4_msgs/lib/python3.12/site-packages/px4_msgs/msg/_open_drone_id_arm_status_s.c\n'}
[2.938340] (px4_msgs) StdoutLine: {'line': b'-- Up-to-date symlink: /home/carlos/ros2_ws/install/px4_msgs/lib/python3.12/site-packages/px4_msgs/msg/_open_drone_id_operator_id.py\n'}
[2.938440] (px4_msgs) StdoutLine: {'line': b'-- Up-to-date symlink: /home/carlos/ros2_ws/install/px4_msgs/lib/python3.12/site-packages/px4_msgs/msg/_open_drone_id_operator_id_s.c\n'}
[2.938540] (px4_msgs) StdoutLine: {'line': b'-- Up-to-date symlink: /home/carlos/ros2_ws/install/px4_msgs/lib/python3.12/site-packages/px4_msgs/msg/_open_drone_id_self_id.py\n'}
[2.938640] (px4_msgs) StdoutLine: {'line': b'-- Up-to-date symlink: /home/carlos/ros2_ws/install/px4_msgs/lib/python3.12/site-packages/px4_msgs/msg/_open_drone_id_self_id_s.c\n'}
[2.938739] (px4_msgs) StdoutLine: {'line': b'-- Up-to-date symlink: /home/carlos/ros2_ws/install/px4_msgs/lib/python3.12/site-packages/px4_msgs/msg/_open_drone_id_system.py\n'}
[2.938851] (px4_msgs) StdoutLine: {'line': b'-- Up-to-date symlink: /home/carlos/ros2_ws/install/px4_msgs/lib/python3.12/site-packages/px4_msgs/msg/_open_drone_id_system_s.c\n'}
[2.938955] (px4_msgs) StdoutLine: {'line': b'-- Up-to-date symlink: /home/carlos/ros2_ws/install/px4_msgs/lib/python3.12/site-packages/px4_msgs/msg/_orb_test.py\n'}
[2.939055] (px4_msgs) StdoutLine: {'line': b'-- Up-to-date symlink: /home/carlos/ros2_ws/install/px4_msgs/lib/python3.12/site-packages/px4_msgs/msg/_orb_test_large.py\n'}
[2.939161] (px4_msgs) StdoutLine: {'line': b'-- Up-to-date symlink: /home/carlos/ros2_ws/install/px4_msgs/lib/python3.12/site-packages/px4_msgs/msg/_orb_test_large_s.c\n'}
[2.939259] (px4_msgs) StdoutLine: {'line': b'-- Up-to-date symlink: /home/carlos/ros2_ws/install/px4_msgs/lib/python3.12/site-packages/px4_msgs/msg/_orb_test_medium.py\n'}
[2.939357] (px4_msgs) StdoutLine: {'line': b'-- Up-to-date symlink: /home/carlos/ros2_ws/install/px4_msgs/lib/python3.12/site-packages/px4_msgs/msg/_orb_test_medium_s.c\n'}
[2.939455] (px4_msgs) StdoutLine: {'line': b'-- Up-to-date symlink: /home/carlos/ros2_ws/install/px4_msgs/lib/python3.12/site-packages/px4_msgs/msg/_orb_test_s.c\n'}
[2.939553] (px4_msgs) StdoutLine: {'line': b'-- Up-to-date symlink: /home/carlos/ros2_ws/install/px4_msgs/lib/python3.12/site-packages/px4_msgs/msg/_orbit_status.py\n'}
[2.939651] (px4_msgs) StdoutLine: {'line': b'-- Up-to-date symlink: /home/carlos/ros2_ws/install/px4_msgs/lib/python3.12/site-packages/px4_msgs/msg/_orbit_status_s.c\n'}
[2.939755] (px4_msgs) StdoutLine: {'line': b'-- Up-to-date symlink: /home/carlos/ros2_ws/install/px4_msgs/lib/python3.12/site-packages/px4_msgs/msg/_parameter_reset_request.py\n'}
[2.939864] (px4_msgs) StdoutLine: {'line': b'-- Up-to-date symlink: /home/carlos/ros2_ws/install/px4_msgs/lib/python3.12/site-packages/px4_msgs/msg/_parameter_reset_request_s.c\n'}
[2.939964] (px4_msgs) StdoutLine: {'line': b'-- Up-to-date symlink: /home/carlos/ros2_ws/install/px4_msgs/lib/python3.12/site-packages/px4_msgs/msg/_parameter_set_used_request.py\n'}
[2.940062] (px4_msgs) StdoutLine: {'line': b'-- Up-to-date symlink: /home/carlos/ros2_ws/install/px4_msgs/lib/python3.12/site-packages/px4_msgs/msg/_parameter_set_used_request_s.c\n'}
[2.940161] (px4_msgs) StdoutLine: {'line': b'-- Up-to-date symlink: /home/carlos/ros2_ws/install/px4_msgs/lib/python3.12/site-packages/px4_msgs/msg/_parameter_set_value_request.py\n'}
[2.940258] (px4_msgs) StdoutLine: {'line': b'-- Up-to-date symlink: /home/carlos/ros2_ws/install/px4_msgs/lib/python3.12/site-packages/px4_msgs/msg/_parameter_set_value_request_s.c\n'}
[2.940353] (px4_msgs) StdoutLine: {'line': b'-- Up-to-date symlink: /home/carlos/ros2_ws/install/px4_msgs/lib/python3.12/site-packages/px4_msgs/msg/_parameter_set_value_response.py\n'}
[2.940454] (px4_msgs) StdoutLine: {'line': b'-- Up-to-date symlink: /home/carlos/ros2_ws/install/px4_msgs/lib/python3.12/site-packages/px4_msgs/msg/_parameter_set_value_response_s.c\n'}
[2.940556] (px4_msgs) StdoutLine: {'line': b'-- Up-to-date symlink: /home/carlos/ros2_ws/install/px4_msgs/lib/python3.12/site-packages/px4_msgs/msg/_parameter_update.py\n'}
[2.940657] (px4_msgs) StdoutLine: {'line': b'-- Up-to-date symlink: /home/carlos/ros2_ws/install/px4_msgs/lib/python3.12/site-packages/px4_msgs/msg/_parameter_update_s.c\n'}
[2.940765] (px4_msgs) StdoutLine: {'line': b'-- Up-to-date symlink: /home/carlos/ros2_ws/install/px4_msgs/lib/python3.12/site-packages/px4_msgs/msg/_ping.py\n'}
[2.940873] (px4_msgs) StdoutLine: {'line': b'-- Up-to-date symlink: /home/carlos/ros2_ws/install/px4_msgs/lib/python3.12/site-packages/px4_msgs/msg/_ping_s.c\n'}
[2.940976] (px4_msgs) StdoutLine: {'line': b'-- Up-to-date symlink: /home/carlos/ros2_ws/install/px4_msgs/lib/python3.12/site-packages/px4_msgs/msg/_position_controller_landing_status.py\n'}
[2.941083] (px4_msgs) StdoutLine: {'line': b'-- Up-to-date symlink: /home/carlos/ros2_ws/install/px4_msgs/lib/python3.12/site-packages/px4_msgs/msg/_position_controller_landing_status_s.c\n'}
[2.941186] (px4_msgs) StdoutLine: {'line': b'-- Up-to-date symlink: /home/carlos/ros2_ws/install/px4_msgs/lib/python3.12/site-packages/px4_msgs/msg/_position_controller_status.py\n'}
[2.941289] (px4_msgs) StdoutLine: {'line': b'-- Up-to-date symlink: /home/carlos/ros2_ws/install/px4_msgs/lib/python3.12/site-packages/px4_msgs/msg/_position_controller_status_s.c\n'}
[2.941443] (px4_msgs) StdoutLine: {'line': b'-- Up-to-date symlink: /home/carlos/ros2_ws/install/px4_msgs/lib/python3.12/site-packages/px4_msgs/msg/_position_setpoint.py\n'}
[2.941695] (px4_msgs) StdoutLine: {'line': b'-- Up-to-date symlink: /home/carlos/ros2_ws/install/px4_msgs/lib/python3.12/site-packages/px4_msgs/msg/_position_setpoint_s.c\n'}
[2.941881] (px4_msgs) StdoutLine: {'line': b'-- Up-to-date symlink: /home/carlos/ros2_ws/install/px4_msgs/lib/python3.12/site-packages/px4_msgs/msg/_position_setpoint_triplet.py\n'}
[2.942024] (px4_msgs) StdoutLine: {'line': b'-- Up-to-date symlink: /home/carlos/ros2_ws/install/px4_msgs/lib/python3.12/site-packages/px4_msgs/msg/_position_setpoint_triplet_s.c\n'}
[2.942193] (px4_msgs) StdoutLine: {'line': b'-- Up-to-date symlink: /home/carlos/ros2_ws/install/px4_msgs/lib/python3.12/site-packages/px4_msgs/msg/_power_button_state.py\n'}
[2.942376] (px4_msgs) StdoutLine: {'line': b'-- Up-to-date symlink: /home/carlos/ros2_ws/install/px4_msgs/lib/python3.12/site-packages/px4_msgs/msg/_power_button_state_s.c\n'}
[2.942508] (px4_msgs) StdoutLine: {'line': b'-- Up-to-date symlink: /home/carlos/ros2_ws/install/px4_msgs/lib/python3.12/site-packages/px4_msgs/msg/_power_monitor.py\n'}
[2.942635] (px4_msgs) StdoutLine: {'line': b'-- Up-to-date symlink: /home/carlos/ros2_ws/install/px4_msgs/lib/python3.12/site-packages/px4_msgs/msg/_power_monitor_s.c\n'}
[2.942737] (px4_msgs) StdoutLine: {'line': b'-- Up-to-date symlink: /home/carlos/ros2_ws/install/px4_msgs/lib/python3.12/site-packages/px4_msgs/msg/_pps_capture.py\n'}
[2.942807] (px4_msgs) StdoutLine: {'line': b'-- Up-to-date symlink: /home/carlos/ros2_ws/install/px4_msgs/lib/python3.12/site-packages/px4_msgs/msg/_pps_capture_s.c\n'}
[2.942871] (px4_msgs) StdoutLine: {'line': b'-- Up-to-date symlink: /home/carlos/ros2_ws/install/px4_msgs/lib/python3.12/site-packages/px4_msgs/msg/_pure_pursuit_status.py\n'}
[2.942953] (px4_msgs) StdoutLine: {'line': b'-- Up-to-date symlink: /home/carlos/ros2_ws/install/px4_msgs/lib/python3.12/site-packages/px4_msgs/msg/_pure_pursuit_status_s.c\n'}
[2.943016] (px4_msgs) StdoutLine: {'line': b'-- Up-to-date symlink: /home/carlos/ros2_ws/install/px4_msgs/lib/python3.12/site-packages/px4_msgs/msg/_pwm_input.py\n'}
[2.943073] (px4_msgs) StdoutLine: {'line': b'-- Up-to-date symlink: /home/carlos/ros2_ws/install/px4_msgs/lib/python3.12/site-packages/px4_msgs/msg/_pwm_input_s.c\n'}
[2.943164] (px4_msgs) StdoutLine: {'line': b'-- Up-to-date symlink: /home/carlos/ros2_ws/install/px4_msgs/lib/python3.12/site-packages/px4_msgs/msg/_px4io_status.py\n'}
[2.943232] (px4_msgs) StdoutLine: {'line': b'-- Up-to-date symlink: /home/carlos/ros2_ws/install/px4_msgs/lib/python3.12/site-packages/px4_msgs/msg/_px4io_status_s.c\n'}
[2.943288] (px4_msgs) StdoutLine: {'line': b'-- Up-to-date symlink: /home/carlos/ros2_ws/install/px4_msgs/lib/python3.12/site-packages/px4_msgs/msg/_qshell_req.py\n'}
[2.943353] (px4_msgs) StdoutLine: {'line': b'-- Up-to-date symlink: /home/carlos/ros2_ws/install/px4_msgs/lib/python3.12/site-packages/px4_msgs/msg/_qshell_req_s.c\n'}
[2.943406] (px4_msgs) StdoutLine: {'line': b'-- Up-to-date symlink: /home/carlos/ros2_ws/install/px4_msgs/lib/python3.12/site-packages/px4_msgs/msg/_qshell_retval.py\n'}
[2.943475] (px4_msgs) StdoutLine: {'line': b'-- Up-to-date symlink: /home/carlos/ros2_ws/install/px4_msgs/lib/python3.12/site-packages/px4_msgs/msg/_qshell_retval_s.c\n'}
[2.943529] (px4_msgs) StdoutLine: {'line': b'-- Up-to-date symlink: /home/carlos/ros2_ws/install/px4_msgs/lib/python3.12/site-packages/px4_msgs/msg/_radio_status.py\n'}
[2.943617] (px4_msgs) StdoutLine: {'line': b'-- Up-to-date symlink: /home/carlos/ros2_ws/install/px4_msgs/lib/python3.12/site-packages/px4_msgs/msg/_radio_status_s.c\n'}
[2.943717] (px4_msgs) StdoutLine: {'line': b'-- Up-to-date symlink: /home/carlos/ros2_ws/install/px4_msgs/lib/python3.12/site-packages/px4_msgs/msg/_rate_ctrl_status.py\n'}
[2.943822] (px4_msgs) StdoutLine: {'line': b'-- Up-to-date symlink: /home/carlos/ros2_ws/install/px4_msgs/lib/python3.12/site-packages/px4_msgs/msg/_rate_ctrl_status_s.c\n'}
[2.943902] (px4_msgs) StdoutLine: {'line': b'-- Up-to-date symlink: /home/carlos/ros2_ws/install/px4_msgs/lib/python3.12/site-packages/px4_msgs/msg/_rc_channels.py\n'}
[2.943975] (px4_msgs) StdoutLine: {'line': b'-- Up-to-date symlink: /home/carlos/ros2_ws/install/px4_msgs/lib/python3.12/site-packages/px4_msgs/msg/_rc_channels_s.c\n'}
[2.944071] (px4_msgs) StdoutLine: {'line': b'-- Up-to-date symlink: /home/carlos/ros2_ws/install/px4_msgs/lib/python3.12/site-packages/px4_msgs/msg/_rc_parameter_map.py\n'}
[2.944155] (px4_msgs) StdoutLine: {'line': b'-- Up-to-date symlink: /home/carlos/ros2_ws/install/px4_msgs/lib/python3.12/site-packages/px4_msgs/msg/_rc_parameter_map_s.c\n'}
[2.944291] (px4_msgs) StdoutLine: {'line': b'-- Up-to-date symlink: /home/carlos/ros2_ws/install/px4_msgs/lib/python3.12/site-packages/px4_msgs/msg/_register_ext_component_reply.py\n'}
[2.944408] (px4_msgs) StdoutLine: {'line': b'-- Up-to-date symlink: /home/carlos/ros2_ws/install/px4_msgs/lib/python3.12/site-packages/px4_msgs/msg/_register_ext_component_reply_s.c\n'}
[2.944502] (px4_msgs) StdoutLine: {'line': b'-- Up-to-date symlink: /home/carlos/ros2_ws/install/px4_msgs/lib/python3.12/site-packages/px4_msgs/msg/_register_ext_component_request.py\n'}
[2.944607] (px4_msgs) StdoutLine: {'line': b'-- Up-to-date symlink: /home/carlos/ros2_ws/install/px4_msgs/lib/python3.12/site-packages/px4_msgs/msg/_register_ext_component_request_s.c\n'}
[2.944695] (px4_msgs) StdoutLine: {'line': b'-- Up-to-date symlink: /home/carlos/ros2_ws/install/px4_msgs/lib/python3.12/site-packages/px4_msgs/msg/_rover_attitude_setpoint.py\n'}
[2.944799] (px4_msgs) StdoutLine: {'line': b'-- Up-to-date symlink: /home/carlos/ros2_ws/install/px4_msgs/lib/python3.12/site-packages/px4_msgs/msg/_rover_attitude_setpoint_s.c\n'}
[2.944915] (px4_msgs) StdoutLine: {'line': b'-- Up-to-date symlink: /home/carlos/ros2_ws/install/px4_msgs/lib/python3.12/site-packages/px4_msgs/msg/_rover_attitude_status.py\n'}
[2.945019] (px4_msgs) StdoutLine: {'line': b'-- Up-to-date symlink: /home/carlos/ros2_ws/install/px4_msgs/lib/python3.12/site-packages/px4_msgs/msg/_rover_attitude_status_s.c\n'}
[2.945124] (px4_msgs) StdoutLine: {'line': b'-- Up-to-date symlink: /home/carlos/ros2_ws/install/px4_msgs/lib/python3.12/site-packages/px4_msgs/msg/_rover_position_setpoint.py\n'}
[2.945231] (px4_msgs) StdoutLine: {'line': b'-- Up-to-date symlink: /home/carlos/ros2_ws/install/px4_msgs/lib/python3.12/site-packages/px4_msgs/msg/_rover_position_setpoint_s.c\n'}
[2.945334] (px4_msgs) StdoutLine: {'line': b'-- Up-to-date symlink: /home/carlos/ros2_ws/install/px4_msgs/lib/python3.12/site-packages/px4_msgs/msg/_rover_rate_setpoint.py\n'}
[2.945435] (px4_msgs) StdoutLine: {'line': b'-- Up-to-date symlink: /home/carlos/ros2_ws/install/px4_msgs/lib/python3.12/site-packages/px4_msgs/msg/_rover_rate_setpoint_s.c\n'}
[2.945535] (px4_msgs) StdoutLine: {'line': b'-- Up-to-date symlink: /home/carlos/ros2_ws/install/px4_msgs/lib/python3.12/site-packages/px4_msgs/msg/_rover_rate_status.py\n'}
[2.945636] (px4_msgs) StdoutLine: {'line': b'-- Up-to-date symlink: /home/carlos/ros2_ws/install/px4_msgs/lib/python3.12/site-packages/px4_msgs/msg/_rover_rate_status_s.c\n'}
[2.945737] (px4_msgs) StdoutLine: {'line': b'-- Up-to-date symlink: /home/carlos/ros2_ws/install/px4_msgs/lib/python3.12/site-packages/px4_msgs/msg/_rover_speed_setpoint.py\n'}
[2.945853] (px4_msgs) StdoutLine: {'line': b'-- Up-to-date symlink: /home/carlos/ros2_ws/install/px4_msgs/lib/python3.12/site-packages/px4_msgs/msg/_rover_speed_setpoint_s.c\n'}
[2.945953] (px4_msgs) StdoutLine: {'line': b'-- Up-to-date symlink: /home/carlos/ros2_ws/install/px4_msgs/lib/python3.12/site-packages/px4_msgs/msg/_rover_speed_status.py\n'}
[2.946055] (px4_msgs) StdoutLine: {'line': b'-- Up-to-date symlink: /home/carlos/ros2_ws/install/px4_msgs/lib/python3.12/site-packages/px4_msgs/msg/_rover_speed_status_s.c\n'}
[2.946156] (px4_msgs) StdoutLine: {'line': b'-- Up-to-date symlink: /home/carlos/ros2_ws/install/px4_msgs/lib/python3.12/site-packages/px4_msgs/msg/_rover_steering_setpoint.py\n'}
[2.946256] (px4_msgs) StdoutLine: {'line': b'-- Up-to-date symlink: /home/carlos/ros2_ws/install/px4_msgs/lib/python3.12/site-packages/px4_msgs/msg/_rover_steering_setpoint_s.c\n'}
[2.946362] (px4_msgs) StdoutLine: {'line': b'-- Up-to-date symlink: /home/carlos/ros2_ws/install/px4_msgs/lib/python3.12/site-packages/px4_msgs/msg/_rover_throttle_setpoint.py\n'}
[2.946462] (px4_msgs) StdoutLine: {'line': b'-- Up-to-date symlink: /home/carlos/ros2_ws/install/px4_msgs/lib/python3.12/site-packages/px4_msgs/msg/_rover_throttle_setpoint_s.c\n'}
[2.946568] (px4_msgs) StdoutLine: {'line': b'-- Up-to-date symlink: /home/carlos/ros2_ws/install/px4_msgs/lib/python3.12/site-packages/px4_msgs/msg/_rpm.py\n'}
[2.946670] (px4_msgs) StdoutLine: {'line': b'-- Up-to-date symlink: /home/carlos/ros2_ws/install/px4_msgs/lib/python3.12/site-packages/px4_msgs/msg/_rpm_s.c\n'}
[2.946774] (px4_msgs) StdoutLine: {'line': b'-- Up-to-date symlink: /home/carlos/ros2_ws/install/px4_msgs/lib/python3.12/site-packages/px4_msgs/msg/_rtl_status.py\n'}
[2.946884] (px4_msgs) StdoutLine: {'line': b'-- Up-to-date symlink: /home/carlos/ros2_ws/install/px4_msgs/lib/python3.12/site-packages/px4_msgs/msg/_rtl_status_s.c\n'}
[2.946985] (px4_msgs) StdoutLine: {'line': b'-- Up-to-date symlink: /home/carlos/ros2_ws/install/px4_msgs/lib/python3.12/site-packages/px4_msgs/msg/_rtl_time_estimate.py\n'}
[2.947086] (px4_msgs) StdoutLine: {'line': b'-- Up-to-date symlink: /home/carlos/ros2_ws/install/px4_msgs/lib/python3.12/site-packages/px4_msgs/msg/_rtl_time_estimate_s.c\n'}
[2.947187] (px4_msgs) StdoutLine: {'line': b'-- Up-to-date symlink: /home/carlos/ros2_ws/install/px4_msgs/lib/python3.12/site-packages/px4_msgs/msg/_satellite_info.py\n'}
[2.947287] (px4_msgs) StdoutLine: {'line': b'-- Up-to-date symlink: /home/carlos/ros2_ws/install/px4_msgs/lib/python3.12/site-packages/px4_msgs/msg/_satellite_info_s.c\n'}
[2.947388] (px4_msgs) StdoutLine: {'line': b'-- Up-to-date symlink: /home/carlos/ros2_ws/install/px4_msgs/lib/python3.12/site-packages/px4_msgs/msg/_sensor_accel.py\n'}
[2.947489] (px4_msgs) StdoutLine: {'line': b'-- Up-to-date symlink: /home/carlos/ros2_ws/install/px4_msgs/lib/python3.12/site-packages/px4_msgs/msg/_sensor_accel_fifo.py\n'}
[2.947583] (px4_msgs) StdoutLine: {'line': b'-- Up-to-date symlink: /home/carlos/ros2_ws/install/px4_msgs/lib/python3.12/site-packages/px4_msgs/msg/_sensor_accel_fifo_s.c\n'}
[2.947682] (px4_msgs) StdoutLine: {'line': b'-- Up-to-date symlink: /home/carlos/ros2_ws/install/px4_msgs/lib/python3.12/site-packages/px4_msgs/msg/_sensor_accel_s.c\n'}
[2.947795] (px4_msgs) StdoutLine: {'line': b'-- Up-to-date symlink: /home/carlos/ros2_ws/install/px4_msgs/lib/python3.12/site-packages/px4_msgs/msg/_sensor_airflow.py\n'}
[2.948008] (px4_msgs) StdoutLine: {'line': b'-- Up-to-date symlink: /home/carlos/ros2_ws/install/px4_msgs/lib/python3.12/site-packages/px4_msgs/msg/_sensor_airflow_s.c\n'}
[2.948181] (px4_msgs) StdoutLine: {'line': b'-- Up-to-date symlink: /home/carlos/ros2_ws/install/px4_msgs/lib/python3.12/site-packages/px4_msgs/msg/_sensor_baro.py\n'}
[2.948376] (px4_msgs) StdoutLine: {'line': b'-- Up-to-date symlink: /home/carlos/ros2_ws/install/px4_msgs/lib/python3.12/site-packages/px4_msgs/msg/_sensor_baro_s.c\n'}
[2.948557] (px4_msgs) StdoutLine: {'line': b'-- Up-to-date symlink: /home/carlos/ros2_ws/install/px4_msgs/lib/python3.12/site-packages/px4_msgs/msg/_sensor_combined.py\n'}
[2.948701] (px4_msgs) StdoutLine: {'line': b'-- Up-to-date symlink: /home/carlos/ros2_ws/install/px4_msgs/lib/python3.12/site-packages/px4_msgs/msg/_sensor_combined_s.c\n'}
[2.948786] (px4_msgs) StdoutLine: {'line': b'-- Up-to-date symlink: /home/carlos/ros2_ws/install/px4_msgs/lib/python3.12/site-packages/px4_msgs/msg/_sensor_correction.py\n'}
[2.948869] (px4_msgs) StdoutLine: {'line': b'-- Up-to-date symlink: /home/carlos/ros2_ws/install/px4_msgs/lib/python3.12/site-packages/px4_msgs/msg/_sensor_correction_s.c\n'}
[2.948930] (px4_msgs) StdoutLine: {'line': b'-- Up-to-date symlink: /home/carlos/ros2_ws/install/px4_msgs/lib/python3.12/site-packages/px4_msgs/msg/_sensor_gnss_relative.py\n'}
[2.948988] (px4_msgs) StdoutLine: {'line': b'-- Up-to-date symlink: /home/carlos/ros2_ws/install/px4_msgs/lib/python3.12/site-packages/px4_msgs/msg/_sensor_gnss_relative_s.c\n'}
[2.949043] (px4_msgs) StdoutLine: {'line': b'-- Up-to-date symlink: /home/carlos/ros2_ws/install/px4_msgs/lib/python3.12/site-packages/px4_msgs/msg/_sensor_gnss_status.py\n'}
[2.949118] (px4_msgs) StdoutLine: {'line': b'-- Up-to-date symlink: /home/carlos/ros2_ws/install/px4_msgs/lib/python3.12/site-packages/px4_msgs/msg/_sensor_gnss_status_s.c\n'}
[2.949179] (px4_msgs) StdoutLine: {'line': b'-- Up-to-date symlink: /home/carlos/ros2_ws/install/px4_msgs/lib/python3.12/site-packages/px4_msgs/msg/_sensor_gps.py\n'}
[2.949246] (px4_msgs) StdoutLine: {'line': b'-- Up-to-date symlink: /home/carlos/ros2_ws/install/px4_msgs/lib/python3.12/site-packages/px4_msgs/msg/_sensor_gps_s.c\n'}
[2.949298] (px4_msgs) StdoutLine: {'line': b'-- Up-to-date symlink: /home/carlos/ros2_ws/install/px4_msgs/lib/python3.12/site-packages/px4_msgs/msg/_sensor_gyro.py\n'}
[2.949370] (px4_msgs) StdoutLine: {'line': b'-- Up-to-date symlink: /home/carlos/ros2_ws/install/px4_msgs/lib/python3.12/site-packages/px4_msgs/msg/_sensor_gyro_fft.py\n'}
[2.949449] (px4_msgs) StdoutLine: {'line': b'-- Up-to-date symlink: /home/carlos/ros2_ws/install/px4_msgs/lib/python3.12/site-packages/px4_msgs/msg/_sensor_gyro_fft_s.c\n'}
[2.949525] (px4_msgs) StdoutLine: {'line': b'-- Up-to-date symlink: /home/carlos/ros2_ws/install/px4_msgs/lib/python3.12/site-packages/px4_msgs/msg/_sensor_gyro_fifo.py\n'}
[2.949593] (px4_msgs) StdoutLine: {'line': b'-- Up-to-date symlink: /home/carlos/ros2_ws/install/px4_msgs/lib/python3.12/site-packages/px4_msgs/msg/_sensor_gyro_fifo_s.c\n'}
[2.949718] (px4_msgs) StdoutLine: {'line': b'-- Up-to-date symlink: /home/carlos/ros2_ws/install/px4_msgs/lib/python3.12/site-packages/px4_msgs/msg/_sensor_gyro_s.c\n'}
[2.949905] (px4_msgs) StdoutLine: {'line': b'-- Up-to-date symlink: /home/carlos/ros2_ws/install/px4_msgs/lib/python3.12/site-packages/px4_msgs/msg/_sensor_hygrometer.py\n'}
[2.950019] (px4_msgs) StdoutLine: {'line': b'-- Up-to-date symlink: /home/carlos/ros2_ws/install/px4_msgs/lib/python3.12/site-packages/px4_msgs/msg/_sensor_hygrometer_s.c\n'}
[2.950148] (px4_msgs) StdoutLine: {'line': b'-- Up-to-date symlink: /home/carlos/ros2_ws/install/px4_msgs/lib/python3.12/site-packages/px4_msgs/msg/_sensor_mag.py\n'}
[2.950234] (px4_msgs) StdoutLine: {'line': b'-- Up-to-date symlink: /home/carlos/ros2_ws/install/px4_msgs/lib/python3.12/site-packages/px4_msgs/msg/_sensor_mag_s.c\n'}
[2.950363] (px4_msgs) StdoutLine: {'line': b'-- Up-to-date symlink: /home/carlos/ros2_ws/install/px4_msgs/lib/python3.12/site-packages/px4_msgs/msg/_sensor_optical_flow.py\n'}
[2.950443] (px4_msgs) StdoutLine: {'line': b'-- Up-to-date symlink: /home/carlos/ros2_ws/install/px4_msgs/lib/python3.12/site-packages/px4_msgs/msg/_sensor_optical_flow_s.c\n'}
[2.950571] (px4_msgs) StdoutLine: {'line': b'-- Up-to-date symlink: /home/carlos/ros2_ws/install/px4_msgs/lib/python3.12/site-packages/px4_msgs/msg/_sensor_preflight_mag.py\n'}
[2.950676] (px4_msgs) StdoutLine: {'line': b'-- Up-to-date symlink: /home/carlos/ros2_ws/install/px4_msgs/lib/python3.12/site-packages/px4_msgs/msg/_sensor_preflight_mag_s.c\n'}
[2.950798] (px4_msgs) StdoutLine: {'line': b'-- Up-to-date symlink: /home/carlos/ros2_ws/install/px4_msgs/lib/python3.12/site-packages/px4_msgs/msg/_sensor_selection.py\n'}
[2.950902] (px4_msgs) StdoutLine: {'line': b'-- Up-to-date symlink: /home/carlos/ros2_ws/install/px4_msgs/lib/python3.12/site-packages/px4_msgs/msg/_sensor_selection_s.c\n'}
[2.950969] (px4_msgs) StdoutLine: {'line': b'-- Up-to-date symlink: /home/carlos/ros2_ws/install/px4_msgs/lib/python3.12/site-packages/px4_msgs/msg/_sensor_uwb.py\n'}
[2.951046] (px4_msgs) StdoutLine: {'line': b'-- Up-to-date symlink: /home/carlos/ros2_ws/install/px4_msgs/lib/python3.12/site-packages/px4_msgs/msg/_sensor_uwb_s.c\n'}
[2.951121] (px4_msgs) StdoutLine: {'line': b'-- Up-to-date symlink: /home/carlos/ros2_ws/install/px4_msgs/lib/python3.12/site-packages/px4_msgs/msg/_sensors_status.py\n'}
[2.951199] (px4_msgs) StdoutLine: {'line': b'-- Up-to-date symlink: /home/carlos/ros2_ws/install/px4_msgs/lib/python3.12/site-packages/px4_msgs/msg/_sensors_status_imu.py\n'}
[2.951302] (px4_msgs) StdoutLine: {'line': b'-- Up-to-date symlink: /home/carlos/ros2_ws/install/px4_msgs/lib/python3.12/site-packages/px4_msgs/msg/_sensors_status_imu_s.c\n'}
[2.951439] (px4_msgs) StdoutLine: {'line': b'-- Up-to-date symlink: /home/carlos/ros2_ws/install/px4_msgs/lib/python3.12/site-packages/px4_msgs/msg/_sensors_status_s.c\n'}
[2.951516] (px4_msgs) StdoutLine: {'line': b'-- Up-to-date symlink: /home/carlos/ros2_ws/install/px4_msgs/lib/python3.12/site-packages/px4_msgs/msg/_system_power.py\n'}
[2.951616] (px4_msgs) StdoutLine: {'line': b'-- Up-to-date symlink: /home/carlos/ros2_ws/install/px4_msgs/lib/python3.12/site-packages/px4_msgs/msg/_system_power_s.c\n'}
[2.951719] (px4_msgs) StdoutLine: {'line': b'-- Up-to-date symlink: /home/carlos/ros2_ws/install/px4_msgs/lib/python3.12/site-packages/px4_msgs/msg/_takeoff_status.py\n'}
[2.951830] (px4_msgs) StdoutLine: {'line': b'-- Up-to-date symlink: /home/carlos/ros2_ws/install/px4_msgs/lib/python3.12/site-packages/px4_msgs/msg/_takeoff_status_s.c\n'}
[2.951933] (px4_msgs) StdoutLine: {'line': b'-- Up-to-date symlink: /home/carlos/ros2_ws/install/px4_msgs/lib/python3.12/site-packages/px4_msgs/msg/_task_stack_info.py\n'}
[2.952036] (px4_msgs) StdoutLine: {'line': b'-- Up-to-date symlink: /home/carlos/ros2_ws/install/px4_msgs/lib/python3.12/site-packages/px4_msgs/msg/_task_stack_info_s.c\n'}
[2.952139] (px4_msgs) StdoutLine: {'line': b'-- Up-to-date symlink: /home/carlos/ros2_ws/install/px4_msgs/lib/python3.12/site-packages/px4_msgs/msg/_tecs_status.py\n'}
[2.952242] (px4_msgs) StdoutLine: {'line': b'-- Up-to-date symlink: /home/carlos/ros2_ws/install/px4_msgs/lib/python3.12/site-packages/px4_msgs/msg/_tecs_status_s.c\n'}
[2.952345] (px4_msgs) StdoutLine: {'line': b'-- Up-to-date symlink: /home/carlos/ros2_ws/install/px4_msgs/lib/python3.12/site-packages/px4_msgs/msg/_telemetry_status.py\n'}
[2.952447] (px4_msgs) StdoutLine: {'line': b'-- Up-to-date symlink: /home/carlos/ros2_ws/install/px4_msgs/lib/python3.12/site-packages/px4_msgs/msg/_telemetry_status_s.c\n'}
[2.952549] (px4_msgs) StdoutLine: {'line': b'-- Up-to-date symlink: /home/carlos/ros2_ws/install/px4_msgs/lib/python3.12/site-packages/px4_msgs/msg/_tiltrotor_extra_controls.py\n'}
[2.952652] (px4_msgs) StdoutLine: {'line': b'-- Up-to-date symlink: /home/carlos/ros2_ws/install/px4_msgs/lib/python3.12/site-packages/px4_msgs/msg/_tiltrotor_extra_controls_s.c\n'}
[2.952759] (px4_msgs) StdoutLine: {'line': b'-- Up-to-date symlink: /home/carlos/ros2_ws/install/px4_msgs/lib/python3.12/site-packages/px4_msgs/msg/_timesync_status.py\n'}
[2.952866] (px4_msgs) StdoutLine: {'line': b'-- Up-to-date symlink: /home/carlos/ros2_ws/install/px4_msgs/lib/python3.12/site-packages/px4_msgs/msg/_timesync_status_s.c\n'}
[2.952968] (px4_msgs) StdoutLine: {'line': b'-- Up-to-date symlink: /home/carlos/ros2_ws/install/px4_msgs/lib/python3.12/site-packages/px4_msgs/msg/_trajectory_setpoint.py\n'}
[2.953071] (px4_msgs) StdoutLine: {'line': b'-- Up-to-date symlink: /home/carlos/ros2_ws/install/px4_msgs/lib/python3.12/site-packages/px4_msgs/msg/_trajectory_setpoint6dof.py\n'}
[2.953173] (px4_msgs) StdoutLine: {'line': b'-- Up-to-date symlink: /home/carlos/ros2_ws/install/px4_msgs/lib/python3.12/site-packages/px4_msgs/msg/_trajectory_setpoint6dof_s.c\n'}
[2.953275] (px4_msgs) StdoutLine: {'line': b'-- Up-to-date symlink: /home/carlos/ros2_ws/install/px4_msgs/lib/python3.12/site-packages/px4_msgs/msg/_trajectory_setpoint_s.c\n'}
[2.953377] (px4_msgs) StdoutLine: {'line': b'-- Up-to-date symlink: /home/carlos/ros2_ws/install/px4_msgs/lib/python3.12/site-packages/px4_msgs/msg/_transponder_report.py\n'}
[2.953479] (px4_msgs) StdoutLine: {'line': b'-- Up-to-date symlink: /home/carlos/ros2_ws/install/px4_msgs/lib/python3.12/site-packages/px4_msgs/msg/_transponder_report_s.c\n'}
[2.953591] (px4_msgs) StdoutLine: {'line': b'-- Up-to-date symlink: /home/carlos/ros2_ws/install/px4_msgs/lib/python3.12/site-packages/px4_msgs/msg/_tune_control.py\n'}
[2.953694] (px4_msgs) StdoutLine: {'line': b'-- Up-to-date symlink: /home/carlos/ros2_ws/install/px4_msgs/lib/python3.12/site-packages/px4_msgs/msg/_tune_control_s.c\n'}
[2.953822] (px4_msgs) StdoutLine: {'line': b'-- Up-to-date symlink: /home/carlos/ros2_ws/install/px4_msgs/lib/python3.12/site-packages/px4_msgs/msg/_uavcan_parameter_request.py\n'}
[2.953922] (px4_msgs) StdoutLine: {'line': b'-- Up-to-date symlink: /home/carlos/ros2_ws/install/px4_msgs/lib/python3.12/site-packages/px4_msgs/msg/_uavcan_parameter_request_s.c\n'}
[2.954074] (px4_msgs) StdoutLine: {'line': b'-- Up-to-date symlink: /home/carlos/ros2_ws/install/px4_msgs/lib/python3.12/site-packages/px4_msgs/msg/_uavcan_parameter_value.py\n'}
[2.954193] (px4_msgs) StdoutLine: {'line': b'-- Up-to-date symlink: /home/carlos/ros2_ws/install/px4_msgs/lib/python3.12/site-packages/px4_msgs/msg/_uavcan_parameter_value_s.c\n'}
[2.954294] (px4_msgs) StdoutLine: {'line': b'-- Up-to-date symlink: /home/carlos/ros2_ws/install/px4_msgs/lib/python3.12/site-packages/px4_msgs/msg/_ulog_stream.py\n'}
[2.954398] (px4_msgs) StdoutLine: {'line': b'-- Up-to-date symlink: /home/carlos/ros2_ws/install/px4_msgs/lib/python3.12/site-packages/px4_msgs/msg/_ulog_stream_ack.py\n'}
[2.954501] (px4_msgs) StdoutLine: {'line': b'-- Up-to-date symlink: /home/carlos/ros2_ws/install/px4_msgs/lib/python3.12/site-packages/px4_msgs/msg/_ulog_stream_ack_s.c\n'}
[2.954602] (px4_msgs) StdoutLine: {'line': b'-- Up-to-date symlink: /home/carlos/ros2_ws/install/px4_msgs/lib/python3.12/site-packages/px4_msgs/msg/_ulog_stream_s.c\n'}
[2.954704] (px4_msgs) StdoutLine: {'line': b'-- Up-to-date symlink: /home/carlos/ros2_ws/install/px4_msgs/lib/python3.12/site-packages/px4_msgs/msg/_unregister_ext_component.py\n'}
[2.954802] (px4_msgs) StdoutLine: {'line': b'-- Up-to-date symlink: /home/carlos/ros2_ws/install/px4_msgs/lib/python3.12/site-packages/px4_msgs/msg/_unregister_ext_component_s.c\n'}
[2.954906] (px4_msgs) StdoutLine: {'line': b'-- Up-to-date symlink: /home/carlos/ros2_ws/install/px4_msgs/lib/python3.12/site-packages/px4_msgs/msg/_vehicle_acceleration.py\n'}
[2.955009] (px4_msgs) StdoutLine: {'line': b'-- Up-to-date symlink: /home/carlos/ros2_ws/install/px4_msgs/lib/python3.12/site-packages/px4_msgs/msg/_vehicle_acceleration_s.c\n'}
[2.955111] (px4_msgs) StdoutLine: {'line': b'-- Up-to-date symlink: /home/carlos/ros2_ws/install/px4_msgs/lib/python3.12/site-packages/px4_msgs/msg/_vehicle_air_data.py\n'}
[2.955214] (px4_msgs) StdoutLine: {'line': b'-- Up-to-date symlink: /home/carlos/ros2_ws/install/px4_msgs/lib/python3.12/site-packages/px4_msgs/msg/_vehicle_air_data_s.c\n'}
[2.955318] (px4_msgs) StdoutLine: {'line': b'-- Up-to-date symlink: /home/carlos/ros2_ws/install/px4_msgs/lib/python3.12/site-packages/px4_msgs/msg/_vehicle_angular_acceleration_setpoint.py\n'}
[2.955421] (px4_msgs) StdoutLine: {'line': b'-- Up-to-date symlink: /home/carlos/ros2_ws/install/px4_msgs/lib/python3.12/site-packages/px4_msgs/msg/_vehicle_angular_acceleration_setpoint_s.c\n'}
[2.955530] (px4_msgs) StdoutLine: {'line': b'-- Up-to-date symlink: /home/carlos/ros2_ws/install/px4_msgs/lib/python3.12/site-packages/px4_msgs/msg/_vehicle_angular_velocity.py\n'}
[2.955634] (px4_msgs) StdoutLine: {'line': b'-- Up-to-date symlink: /home/carlos/ros2_ws/install/px4_msgs/lib/python3.12/site-packages/px4_msgs/msg/_vehicle_angular_velocity_s.c\n'}
[2.955736] (px4_msgs) StdoutLine: {'line': b'-- Up-to-date symlink: /home/carlos/ros2_ws/install/px4_msgs/lib/python3.12/site-packages/px4_msgs/msg/_vehicle_attitude.py\n'}
[2.955823] (px4_msgs) StdoutLine: {'line': b'-- Up-to-date symlink: /home/carlos/ros2_ws/install/px4_msgs/lib/python3.12/site-packages/px4_msgs/msg/_vehicle_attitude_s.c\n'}
[2.955925] (px4_msgs) StdoutLine: {'line': b'-- Up-to-date symlink: /home/carlos/ros2_ws/install/px4_msgs/lib/python3.12/site-packages/px4_msgs/msg/_vehicle_attitude_setpoint.py\n'}
[2.956026] (px4_msgs) StdoutLine: {'line': b'-- Up-to-date symlink: /home/carlos/ros2_ws/install/px4_msgs/lib/python3.12/site-packages/px4_msgs/msg/_vehicle_attitude_setpoint_s.c\n'}
[2.956127] (px4_msgs) StdoutLine: {'line': b'-- Up-to-date symlink: /home/carlos/ros2_ws/install/px4_msgs/lib/python3.12/site-packages/px4_msgs/msg/_vehicle_command.py\n'}
[2.956228] (px4_msgs) StdoutLine: {'line': b'-- Up-to-date symlink: /home/carlos/ros2_ws/install/px4_msgs/lib/python3.12/site-packages/px4_msgs/msg/_vehicle_command_ack.py\n'}
[2.956331] (px4_msgs) StdoutLine: {'line': b'-- Up-to-date symlink: /home/carlos/ros2_ws/install/px4_msgs/lib/python3.12/site-packages/px4_msgs/msg/_vehicle_command_ack_s.c\n'}
[2.956432] (px4_msgs) StdoutLine: {'line': b'-- Up-to-date symlink: /home/carlos/ros2_ws/install/px4_msgs/lib/python3.12/site-packages/px4_msgs/msg/_vehicle_command_s.c\n'}
[2.956533] (px4_msgs) StdoutLine: {'line': b'-- Up-to-date symlink: /home/carlos/ros2_ws/install/px4_msgs/lib/python3.12/site-packages/px4_msgs/msg/_vehicle_constraints.py\n'}
[2.956636] (px4_msgs) StdoutLine: {'line': b'-- Up-to-date symlink: /home/carlos/ros2_ws/install/px4_msgs/lib/python3.12/site-packages/px4_msgs/msg/_vehicle_constraints_s.c\n'}
[2.956737] (px4_msgs) StdoutLine: {'line': b'-- Up-to-date symlink: /home/carlos/ros2_ws/install/px4_msgs/lib/python3.12/site-packages/px4_msgs/msg/_vehicle_control_mode.py\n'}
[2.956849] (px4_msgs) StdoutLine: {'line': b'-- Up-to-date symlink: /home/carlos/ros2_ws/install/px4_msgs/lib/python3.12/site-packages/px4_msgs/msg/_vehicle_control_mode_s.c\n'}
[2.956953] (px4_msgs) StdoutLine: {'line': b'-- Up-to-date symlink: /home/carlos/ros2_ws/install/px4_msgs/lib/python3.12/site-packages/px4_msgs/msg/_vehicle_global_position.py\n'}
[2.957054] (px4_msgs) StdoutLine: {'line': b'-- Up-to-date symlink: /home/carlos/ros2_ws/install/px4_msgs/lib/python3.12/site-packages/px4_msgs/msg/_vehicle_global_position_s.c\n'}
[2.957150] (px4_msgs) StdoutLine: {'line': b'-- Up-to-date symlink: /home/carlos/ros2_ws/install/px4_msgs/lib/python3.12/site-packages/px4_msgs/msg/_vehicle_imu.py\n'}
[2.957250] (px4_msgs) StdoutLine: {'line': b'-- Up-to-date symlink: /home/carlos/ros2_ws/install/px4_msgs/lib/python3.12/site-packages/px4_msgs/msg/_vehicle_imu_s.c\n'}
[2.957350] (px4_msgs) StdoutLine: {'line': b'-- Up-to-date symlink: /home/carlos/ros2_ws/install/px4_msgs/lib/python3.12/site-packages/px4_msgs/msg/_vehicle_imu_status.py\n'}
[2.957449] (px4_msgs) StdoutLine: {'line': b'-- Up-to-date symlink: /home/carlos/ros2_ws/install/px4_msgs/lib/python3.12/site-packages/px4_msgs/msg/_vehicle_imu_status_s.c\n'}
[2.957547] (px4_msgs) StdoutLine: {'line': b'-- Up-to-date symlink: /home/carlos/ros2_ws/install/px4_msgs/lib/python3.12/site-packages/px4_msgs/msg/_vehicle_land_detected.py\n'}
[2.957653] (px4_msgs) StdoutLine: {'line': b'-- Up-to-date symlink: /home/carlos/ros2_ws/install/px4_msgs/lib/python3.12/site-packages/px4_msgs/msg/_vehicle_land_detected_s.c\n'}
[2.957757] (px4_msgs) StdoutLine: {'line': b'-- Up-to-date symlink: /home/carlos/ros2_ws/install/px4_msgs/lib/python3.12/site-packages/px4_msgs/msg/_vehicle_local_position.py\n'}
[2.957861] (px4_msgs) StdoutLine: {'line': b'-- Up-to-date symlink: /home/carlos/ros2_ws/install/px4_msgs/lib/python3.12/site-packages/px4_msgs/msg/_vehicle_local_position_s.c\n'}
[2.957962] (px4_msgs) StdoutLine: {'line': b'-- Up-to-date symlink: /home/carlos/ros2_ws/install/px4_msgs/lib/python3.12/site-packages/px4_msgs/msg/_vehicle_local_position_setpoint.py\n'}
[2.958062] (px4_msgs) StdoutLine: {'line': b'-- Up-to-date symlink: /home/carlos/ros2_ws/install/px4_msgs/lib/python3.12/site-packages/px4_msgs/msg/_vehicle_local_position_setpoint_s.c\n'}
[2.958160] (px4_msgs) StdoutLine: {'line': b'-- Up-to-date symlink: /home/carlos/ros2_ws/install/px4_msgs/lib/python3.12/site-packages/px4_msgs/msg/_vehicle_magnetometer.py\n'}
[2.958259] (px4_msgs) StdoutLine: {'line': b'-- Up-to-date symlink: /home/carlos/ros2_ws/install/px4_msgs/lib/python3.12/site-packages/px4_msgs/msg/_vehicle_magnetometer_s.c\n'}
[2.958364] (px4_msgs) StdoutLine: {'line': b'-- Up-to-date symlink: /home/carlos/ros2_ws/install/px4_msgs/lib/python3.12/site-packages/px4_msgs/msg/_vehicle_odometry.py\n'}
[2.958464] (px4_msgs) StdoutLine: {'line': b'-- Up-to-date symlink: /home/carlos/ros2_ws/install/px4_msgs/lib/python3.12/site-packages/px4_msgs/msg/_vehicle_odometry_s.c\n'}
[2.958565] (px4_msgs) StdoutLine: {'line': b'-- Up-to-date symlink: /home/carlos/ros2_ws/install/px4_msgs/lib/python3.12/site-packages/px4_msgs/msg/_vehicle_optical_flow.py\n'}
[2.958665] (px4_msgs) StdoutLine: {'line': b'-- Up-to-date symlink: /home/carlos/ros2_ws/install/px4_msgs/lib/python3.12/site-packages/px4_msgs/msg/_vehicle_optical_flow_s.c\n'}
[2.958771] (px4_msgs) StdoutLine: {'line': b'-- Up-to-date symlink: /home/carlos/ros2_ws/install/px4_msgs/lib/python3.12/site-packages/px4_msgs/msg/_vehicle_optical_flow_vel.py\n'}
[2.958878] (px4_msgs) StdoutLine: {'line': b'-- Up-to-date symlink: /home/carlos/ros2_ws/install/px4_msgs/lib/python3.12/site-packages/px4_msgs/msg/_vehicle_optical_flow_vel_s.c\n'}
[2.958977] (px4_msgs) StdoutLine: {'line': b'-- Up-to-date symlink: /home/carlos/ros2_ws/install/px4_msgs/lib/python3.12/site-packages/px4_msgs/msg/_vehicle_rates_setpoint.py\n'}
[2.959077] (px4_msgs) StdoutLine: {'line': b'-- Up-to-date symlink: /home/carlos/ros2_ws/install/px4_msgs/lib/python3.12/site-packages/px4_msgs/msg/_vehicle_rates_setpoint_s.c\n'}
[2.959177] (px4_msgs) StdoutLine: {'line': b'-- Up-to-date symlink: /home/carlos/ros2_ws/install/px4_msgs/lib/python3.12/site-packages/px4_msgs/msg/_vehicle_roi.py\n'}
[2.959277] (px4_msgs) StdoutLine: {'line': b'-- Up-to-date symlink: /home/carlos/ros2_ws/install/px4_msgs/lib/python3.12/site-packages/px4_msgs/msg/_vehicle_roi_s.c\n'}
[2.959377] (px4_msgs) StdoutLine: {'line': b'-- Up-to-date symlink: /home/carlos/ros2_ws/install/px4_msgs/lib/python3.12/site-packages/px4_msgs/msg/_vehicle_status.py\n'}
[2.959477] (px4_msgs) StdoutLine: {'line': b'-- Up-to-date symlink: /home/carlos/ros2_ws/install/px4_msgs/lib/python3.12/site-packages/px4_msgs/msg/_vehicle_status_s.c\n'}
[2.959572] (px4_msgs) StdoutLine: {'line': b'-- Up-to-date symlink: /home/carlos/ros2_ws/install/px4_msgs/lib/python3.12/site-packages/px4_msgs/msg/_vehicle_thrust_setpoint.py\n'}
[2.959670] (px4_msgs) StdoutLine: {'line': b'-- Up-to-date symlink: /home/carlos/ros2_ws/install/px4_msgs/lib/python3.12/site-packages/px4_msgs/msg/_vehicle_thrust_setpoint_s.c\n'}
[2.959774] (px4_msgs) StdoutLine: {'line': b'-- Up-to-date symlink: /home/carlos/ros2_ws/install/px4_msgs/lib/python3.12/site-packages/px4_msgs/msg/_vehicle_torque_setpoint.py\n'}
[2.959878] (px4_msgs) StdoutLine: {'line': b'-- Up-to-date symlink: /home/carlos/ros2_ws/install/px4_msgs/lib/python3.12/site-packages/px4_msgs/msg/_vehicle_torque_setpoint_s.c\n'}
[2.959977] (px4_msgs) StdoutLine: {'line': b'-- Up-to-date symlink: /home/carlos/ros2_ws/install/px4_msgs/lib/python3.12/site-packages/px4_msgs/msg/_velocity_limits.py\n'}
[2.960074] (px4_msgs) StdoutLine: {'line': b'-- Up-to-date symlink: /home/carlos/ros2_ws/install/px4_msgs/lib/python3.12/site-packages/px4_msgs/msg/_velocity_limits_s.c\n'}
[2.960173] (px4_msgs) StdoutLine: {'line': b'-- Up-to-date symlink: /home/carlos/ros2_ws/install/px4_msgs/lib/python3.12/site-packages/px4_msgs/msg/_vtol_vehicle_status.py\n'}
[2.960272] (px4_msgs) StdoutLine: {'line': b'-- Up-to-date symlink: /home/carlos/ros2_ws/install/px4_msgs/lib/python3.12/site-packages/px4_msgs/msg/_vtol_vehicle_status_s.c\n'}
[2.960370] (px4_msgs) StdoutLine: {'line': b'-- Up-to-date symlink: /home/carlos/ros2_ws/install/px4_msgs/lib/python3.12/site-packages/px4_msgs/msg/_wheel_encoders.py\n'}
[2.960469] (px4_msgs) StdoutLine: {'line': b'-- Up-to-date symlink: /home/carlos/ros2_ws/install/px4_msgs/lib/python3.12/site-packages/px4_msgs/msg/_wheel_encoders_s.c\n'}
[2.960568] (px4_msgs) StdoutLine: {'line': b'-- Up-to-date symlink: /home/carlos/ros2_ws/install/px4_msgs/lib/python3.12/site-packages/px4_msgs/msg/_wind.py\n'}
[2.960665] (px4_msgs) StdoutLine: {'line': b'-- Up-to-date symlink: /home/carlos/ros2_ws/install/px4_msgs/lib/python3.12/site-packages/px4_msgs/msg/_wind_s.c\n'}
[2.960776] (px4_msgs) StdoutLine: {'line': b'-- Up-to-date symlink: /home/carlos/ros2_ws/install/px4_msgs/lib/python3.12/site-packages/px4_msgs/msg/_yaw_estimator_status.py\n'}
[2.960879] (px4_msgs) StdoutLine: {'line': b'-- Up-to-date symlink: /home/carlos/ros2_ws/install/px4_msgs/lib/python3.12/site-packages/px4_msgs/msg/_yaw_estimator_status_s.c\n'}
[2.960974] (px4_msgs) StdoutLine: {'line': b'-- Up-to-date symlink: /home/carlos/ros2_ws/install/px4_msgs/lib/python3.12/site-packages/px4_msgs/px4_msgs_s__rosidl_typesupport_c.so\n'}
[2.961070] (px4_msgs) StdoutLine: {'line': b'-- Up-to-date symlink: /home/carlos/ros2_ws/install/px4_msgs/lib/python3.12/site-packages/px4_msgs/px4_msgs_s__rosidl_typesupport_fastrtps_c.so\n'}
[2.961165] (px4_msgs) StdoutLine: {'line': b'-- Up-to-date symlink: /home/carlos/ros2_ws/install/px4_msgs/lib/python3.12/site-packages/px4_msgs/px4_msgs_s__rosidl_typesupport_introspection_c.so\n'}
[2.961266] (px4_msgs) StdoutLine: {'line': b'-- Up-to-date symlink: /home/carlos/ros2_ws/install/px4_msgs/lib/python3.12/site-packages/px4_msgs/srv/__init__.py\n'}
[2.961365] (px4_msgs) StdoutLine: {'line': b'-- Up-to-date symlink: /home/carlos/ros2_ws/install/px4_msgs/lib/python3.12/site-packages/px4_msgs/srv/_vehicle_command.py\n'}
[2.961465] (px4_msgs) StdoutLine: {'line': b'-- Up-to-date symlink: /home/carlos/ros2_ws/install/px4_msgs/lib/python3.12/site-packages/px4_msgs/srv/_vehicle_command_s.c\n'}
[2.961715] (px4_msgs) StdoutLine: {'line': b'-- Up-to-date symlink: /home/carlos/ros2_ws/install/px4_msgs/lib/python3.12/site-packages/px4_msgs/px4_msgs_s__rosidl_typesupport_fastrtps_c.so\n'}
[2.961931] (px4_msgs) StdoutLine: {'line': b'-- Up-to-date symlink: /home/carlos/ros2_ws/install/px4_msgs/lib/python3.12/site-packages/px4_msgs/px4_msgs_s__rosidl_typesupport_introspection_c.so\n'}
[2.962124] (px4_msgs) StdoutLine: {'line': b'-- Up-to-date symlink: /home/carlos/ros2_ws/install/px4_msgs/lib/python3.12/site-packages/px4_msgs/px4_msgs_s__rosidl_typesupport_c.so\n'}
[2.962302] (px4_msgs) StdoutLine: {'line': b'-- Up-to-date symlink: /home/carlos/ros2_ws/install/px4_msgs/share/px4_msgs/msg/ActionRequest.idl\n'}
[2.962414] (px4_msgs) StdoutLine: {'line': b'-- Up-to-date symlink: /home/carlos/ros2_ws/install/px4_msgs/share/px4_msgs/msg/ActuatorArmed.idl\n'}
[2.962573] (px4_msgs) StdoutLine: {'line': b'-- Up-to-date symlink: /home/carlos/ros2_ws/install/px4_msgs/share/px4_msgs/msg/ActuatorControlsStatus.idl\n'}
[2.962683] (px4_msgs) StdoutLine: {'line': b'-- Up-to-date symlink: /home/carlos/ros2_ws/install/px4_msgs/share/px4_msgs/msg/ActuatorMotors.idl\n'}
[2.962854] (px4_msgs) StdoutLine: {'line': b'-- Up-to-date symlink: /home/carlos/ros2_ws/install/px4_msgs/share/px4_msgs/msg/ActuatorOutputs.idl\n'}
[2.962966] (px4_msgs) StdoutLine: {'line': b'-- Up-to-date symlink: /home/carlos/ros2_ws/install/px4_msgs/share/px4_msgs/msg/ActuatorServos.idl\n'}
[2.963113] (px4_msgs) StdoutLine: {'line': b'-- Up-to-date symlink: /home/carlos/ros2_ws/install/px4_msgs/share/px4_msgs/msg/ActuatorServosTrim.idl\n'}
[2.963223] (px4_msgs) StdoutLine: {'line': b'-- Up-to-date symlink: /home/carlos/ros2_ws/install/px4_msgs/share/px4_msgs/msg/ActuatorTest.idl\n'}
[2.963378] (px4_msgs) StdoutLine: {'line': b'-- Up-to-date symlink: /home/carlos/ros2_ws/install/px4_msgs/share/px4_msgs/msg/AdcReport.idl\n'}
[2.963496] (px4_msgs) StdoutLine: {'line': b'-- Up-to-date symlink: /home/carlos/ros2_ws/install/px4_msgs/share/px4_msgs/msg/Airspeed.idl\n'}
[2.963636] (px4_msgs) StdoutLine: {'line': b'-- Up-to-date symlink: /home/carlos/ros2_ws/install/px4_msgs/share/px4_msgs/msg/AirspeedValidated.idl\n'}
[2.963769] (px4_msgs) StdoutLine: {'line': b'-- Up-to-date symlink: /home/carlos/ros2_ws/install/px4_msgs/share/px4_msgs/msg/AirspeedWind.idl\n'}
[2.963880] (px4_msgs) StdoutLine: {'line': b'-- Up-to-date symlink: /home/carlos/ros2_ws/install/px4_msgs/share/px4_msgs/msg/ArmingCheckReply.idl\n'}
[2.964006] (px4_msgs) StdoutLine: {'line': b'-- Up-to-date symlink: /home/carlos/ros2_ws/install/px4_msgs/share/px4_msgs/msg/ArmingCheckRequest.idl\n'}
[2.964134] (px4_msgs) StdoutLine: {'line': b'-- Up-to-date symlink: /home/carlos/ros2_ws/install/px4_msgs/share/px4_msgs/msg/AutotuneAttitudeControlStatus.idl\n'}
[2.964261] (px4_msgs) StdoutLine: {'line': b'-- Up-to-date symlink: /home/carlos/ros2_ws/install/px4_msgs/share/px4_msgs/msg/BatteryInfo.idl\n'}
[2.964392] (px4_msgs) StdoutLine: {'line': b'-- Up-to-date symlink: /home/carlos/ros2_ws/install/px4_msgs/share/px4_msgs/msg/BatteryStatus.idl\n'}
[2.964551] (px4_msgs) StdoutLine: {'line': b'-- Up-to-date symlink: /home/carlos/ros2_ws/install/px4_msgs/share/px4_msgs/msg/ButtonEvent.idl\n'}
[2.964680] (px4_msgs) StdoutLine: {'line': b'-- Up-to-date symlink: /home/carlos/ros2_ws/install/px4_msgs/share/px4_msgs/msg/CameraCapture.idl\n'}
[2.964827] (px4_msgs) StdoutLine: {'line': b'-- Up-to-date symlink: /home/carlos/ros2_ws/install/px4_msgs/share/px4_msgs/msg/CameraStatus.idl\n'}
[2.964960] (px4_msgs) StdoutLine: {'line': b'-- Up-to-date symlink: /home/carlos/ros2_ws/install/px4_msgs/share/px4_msgs/msg/CameraTrigger.idl\n'}
[2.965104] (px4_msgs) StdoutLine: {'line': b'-- Up-to-date symlink: /home/carlos/ros2_ws/install/px4_msgs/share/px4_msgs/msg/CanInterfaceStatus.idl\n'}
[2.965232] (px4_msgs) StdoutLine: {'line': b'-- Up-to-date symlink: /home/carlos/ros2_ws/install/px4_msgs/share/px4_msgs/msg/CellularStatus.idl\n'}
[2.965348] (px4_msgs) StdoutLine: {'line': b'-- Up-to-date symlink: /home/carlos/ros2_ws/install/px4_msgs/share/px4_msgs/msg/CollisionConstraints.idl\n'}
[2.965481] (px4_msgs) StdoutLine: {'line': b'-- Up-to-date symlink: /home/carlos/ros2_ws/install/px4_msgs/share/px4_msgs/msg/ConfigOverrides.idl\n'}
[2.965608] (px4_msgs) StdoutLine: {'line': b'-- Up-to-date symlink: /home/carlos/ros2_ws/install/px4_msgs/share/px4_msgs/msg/ControlAllocatorStatus.idl\n'}
[2.965740] (px4_msgs) StdoutLine: {'line': b'-- Up-to-date symlink: /home/carlos/ros2_ws/install/px4_msgs/share/px4_msgs/msg/Cpuload.idl\n'}
[2.965878] (px4_msgs) StdoutLine: {'line': b'-- Up-to-date symlink: /home/carlos/ros2_ws/install/px4_msgs/share/px4_msgs/msg/DatamanRequest.idl\n'}
[2.966009] (px4_msgs) StdoutLine: {'line': b'-- Up-to-date symlink: /home/carlos/ros2_ws/install/px4_msgs/share/px4_msgs/msg/DatamanResponse.idl\n'}
[2.966168] (px4_msgs) StdoutLine: {'line': b'-- Up-to-date symlink: /home/carlos/ros2_ws/install/px4_msgs/share/px4_msgs/msg/DebugArray.idl\n'}
[2.966282] (px4_msgs) StdoutLine: {'line': b'-- Up-to-date symlink: /home/carlos/ros2_ws/install/px4_msgs/share/px4_msgs/msg/DebugKeyValue.idl\n'}
[2.966428] (px4_msgs) StdoutLine: {'line': b'-- Up-to-date symlink: /home/carlos/ros2_ws/install/px4_msgs/share/px4_msgs/msg/DebugValue.idl\n'}
[2.966542] (px4_msgs) StdoutLine: {'line': b'-- Up-to-date symlink: /home/carlos/ros2_ws/install/px4_msgs/share/px4_msgs/msg/DebugVect.idl\n'}
[2.966689] (px4_msgs) StdoutLine: {'line': b'-- Up-to-date symlink: /home/carlos/ros2_ws/install/px4_msgs/share/px4_msgs/msg/DifferentialPressure.idl\n'}
[2.966809] (px4_msgs) StdoutLine: {'line': b'-- Up-to-date symlink: /home/carlos/ros2_ws/install/px4_msgs/share/px4_msgs/msg/DistanceSensor.idl\n'}
[2.966966] (px4_msgs) StdoutLine: {'line': b'-- Up-to-date symlink: /home/carlos/ros2_ws/install/px4_msgs/share/px4_msgs/msg/DistanceSensorModeChangeRequest.idl\n'}
[2.967093] (px4_msgs) StdoutLine: {'line': b'-- Up-to-date symlink: /home/carlos/ros2_ws/install/px4_msgs/share/px4_msgs/msg/DronecanNodeStatus.idl\n'}
[2.967226] (px4_msgs) StdoutLine: {'line': b'-- Up-to-date symlink: /home/carlos/ros2_ws/install/px4_msgs/share/px4_msgs/msg/Ekf2Timestamps.idl\n'}
[2.967345] (px4_msgs) StdoutLine: {'line': b'-- Up-to-date symlink: /home/carlos/ros2_ws/install/px4_msgs/share/px4_msgs/msg/EscReport.idl\n'}
[2.967457] (px4_msgs) StdoutLine: {'line': b'-- Up-to-date symlink: /home/carlos/ros2_ws/install/px4_msgs/share/px4_msgs/msg/EscStatus.idl\n'}
[2.967584] (px4_msgs) StdoutLine: {'line': b'-- Up-to-date symlink: /home/carlos/ros2_ws/install/px4_msgs/share/px4_msgs/msg/EstimatorAidSource1d.idl\n'}
[2.967712] (px4_msgs) StdoutLine: {'line': b'-- Up-to-date symlink: /home/carlos/ros2_ws/install/px4_msgs/share/px4_msgs/msg/EstimatorAidSource2d.idl\n'}
[2.967852] (px4_msgs) StdoutLine: {'line': b'-- Up-to-date symlink: /home/carlos/ros2_ws/install/px4_msgs/share/px4_msgs/msg/EstimatorAidSource3d.idl\n'}
[2.967978] (px4_msgs) StdoutLine: {'line': b'-- Up-to-date symlink: /home/carlos/ros2_ws/install/px4_msgs/share/px4_msgs/msg/EstimatorBias.idl\n'}
[2.968109] (px4_msgs) StdoutLine: {'line': b'-- Up-to-date symlink: /home/carlos/ros2_ws/install/px4_msgs/share/px4_msgs/msg/EstimatorBias3d.idl\n'}
[2.968267] (px4_msgs) StdoutLine: {'line': b'-- Up-to-date symlink: /home/carlos/ros2_ws/install/px4_msgs/share/px4_msgs/msg/EstimatorEventFlags.idl\n'}
[2.968383] (px4_msgs) StdoutLine: {'line': b'-- Up-to-date symlink: /home/carlos/ros2_ws/install/px4_msgs/share/px4_msgs/msg/EstimatorGpsStatus.idl\n'}
[2.968528] (px4_msgs) StdoutLine: {'line': b'-- Up-to-date symlink: /home/carlos/ros2_ws/install/px4_msgs/share/px4_msgs/msg/EstimatorInnovations.idl\n'}
[2.968640] (px4_msgs) StdoutLine: {'line': b'-- Up-to-date symlink: /home/carlos/ros2_ws/install/px4_msgs/share/px4_msgs/msg/EstimatorSelectorStatus.idl\n'}
[2.968786] (px4_msgs) StdoutLine: {'line': b'-- Up-to-date symlink: /home/carlos/ros2_ws/install/px4_msgs/share/px4_msgs/msg/EstimatorSensorBias.idl\n'}
[2.968922] (px4_msgs) StdoutLine: {'line': b'-- Up-to-date symlink: /home/carlos/ros2_ws/install/px4_msgs/share/px4_msgs/msg/EstimatorStates.idl\n'}
[2.969051] (px4_msgs) StdoutLine: {'line': b'-- Up-to-date symlink: /home/carlos/ros2_ws/install/px4_msgs/share/px4_msgs/msg/EstimatorStatus.idl\n'}
[2.969186] (px4_msgs) StdoutLine: {'line': b'-- Up-to-date symlink: /home/carlos/ros2_ws/install/px4_msgs/share/px4_msgs/msg/EstimatorStatusFlags.idl\n'}
[2.969316] (px4_msgs) StdoutLine: {'line': b'-- Up-to-date symlink: /home/carlos/ros2_ws/install/px4_msgs/share/px4_msgs/msg/Event.idl\n'}
[2.969447] (px4_msgs) StdoutLine: {'line': b'-- Up-to-date symlink: /home/carlos/ros2_ws/install/px4_msgs/share/px4_msgs/msg/FailsafeFlags.idl\n'}
[2.969578] (px4_msgs) StdoutLine: {'line': b'-- Up-to-date symlink: /home/carlos/ros2_ws/install/px4_msgs/share/px4_msgs/msg/FailureDetectorStatus.idl\n'}
[2.969709] (px4_msgs) StdoutLine: {'line': b'-- Up-to-date symlink: /home/carlos/ros2_ws/install/px4_msgs/share/px4_msgs/msg/FigureEightStatus.idl\n'}
[2.969849] (px4_msgs) StdoutLine: {'line': b'-- Up-to-date symlink: /home/carlos/ros2_ws/install/px4_msgs/share/px4_msgs/msg/FixedWingLateralGuidanceStatus.idl\n'}
[2.969980] (px4_msgs) StdoutLine: {'line': b'-- Up-to-date symlink: /home/carlos/ros2_ws/install/px4_msgs/share/px4_msgs/msg/FixedWingLateralSetpoint.idl\n'}
[2.970109] (px4_msgs) StdoutLine: {'line': b'-- Up-to-date symlink: /home/carlos/ros2_ws/install/px4_msgs/share/px4_msgs/msg/FixedWingLateralStatus.idl\n'}
[2.970239] (px4_msgs) StdoutLine: {'line': b'-- Up-to-date symlink: /home/carlos/ros2_ws/install/px4_msgs/share/px4_msgs/msg/FixedWingLongitudinalSetpoint.idl\n'}
[2.970368] (px4_msgs) StdoutLine: {'line': b'-- Up-to-date symlink: /home/carlos/ros2_ws/install/px4_msgs/share/px4_msgs/msg/FixedWingRunwayControl.idl\n'}
[2.970494] (px4_msgs) StdoutLine: {'line': b'-- Up-to-date symlink: /home/carlos/ros2_ws/install/px4_msgs/share/px4_msgs/msg/FlightPhaseEstimation.idl\n'}
[2.970620] (px4_msgs) StdoutLine: {'line': b'-- Up-to-date symlink: /home/carlos/ros2_ws/install/px4_msgs/share/px4_msgs/msg/FollowTarget.idl\n'}
[2.970758] (px4_msgs) StdoutLine: {'line': b'-- Up-to-date symlink: /home/carlos/ros2_ws/install/px4_msgs/share/px4_msgs/msg/FollowTargetEstimator.idl\n'}
[2.970887] (px4_msgs) StdoutLine: {'line': b'-- Up-to-date symlink: /home/carlos/ros2_ws/install/px4_msgs/share/px4_msgs/msg/FollowTargetStatus.idl\n'}
[2.971010] (px4_msgs) StdoutLine: {'line': b'-- Up-to-date symlink: /home/carlos/ros2_ws/install/px4_msgs/share/px4_msgs/msg/FuelTankStatus.idl\n'}
[2.971134] (px4_msgs) StdoutLine: {'line': b'-- Up-to-date symlink: /home/carlos/ros2_ws/install/px4_msgs/share/px4_msgs/msg/GeneratorStatus.idl\n'}
[2.971261] (px4_msgs) StdoutLine: {'line': b'-- Up-to-date symlink: /home/carlos/ros2_ws/install/px4_msgs/share/px4_msgs/msg/GeofenceResult.idl\n'}
[2.971386] (px4_msgs) StdoutLine: {'line': b'-- Up-to-date symlink: /home/carlos/ros2_ws/install/px4_msgs/share/px4_msgs/msg/GeofenceStatus.idl\n'}
[2.971512] (px4_msgs) StdoutLine: {'line': b'-- Up-to-date symlink: /home/carlos/ros2_ws/install/px4_msgs/share/px4_msgs/msg/GimbalControls.idl\n'}
[2.971636] (px4_msgs) StdoutLine: {'line': b'-- Up-to-date symlink: /home/carlos/ros2_ws/install/px4_msgs/share/px4_msgs/msg/GimbalDeviceAttitudeStatus.idl\n'}
[2.971766] (px4_msgs) StdoutLine: {'line': b'-- Up-to-date symlink: /home/carlos/ros2_ws/install/px4_msgs/share/px4_msgs/msg/GimbalDeviceInformation.idl\n'}
[2.971903] (px4_msgs) StdoutLine: {'line': b'-- Up-to-date symlink: /home/carlos/ros2_ws/install/px4_msgs/share/px4_msgs/msg/GimbalDeviceSetAttitude.idl\n'}
[2.972029] (px4_msgs) StdoutLine: {'line': b'-- Up-to-date symlink: /home/carlos/ros2_ws/install/px4_msgs/share/px4_msgs/msg/GimbalManagerInformation.idl\n'}
[2.972157] (px4_msgs) StdoutLine: {'line': b'-- Up-to-date symlink: /home/carlos/ros2_ws/install/px4_msgs/share/px4_msgs/msg/GimbalManagerSetAttitude.idl\n'}
[2.972286] (px4_msgs) StdoutLine: {'line': b'-- Up-to-date symlink: /home/carlos/ros2_ws/install/px4_msgs/share/px4_msgs/msg/GimbalManagerSetManualControl.idl\n'}
[2.972415] (px4_msgs) StdoutLine: {'line': b'-- Up-to-date symlink: /home/carlos/ros2_ws/install/px4_msgs/share/px4_msgs/msg/GimbalManagerStatus.idl\n'}
[2.972544] (px4_msgs) StdoutLine: {'line': b'-- Up-to-date symlink: /home/carlos/ros2_ws/install/px4_msgs/share/px4_msgs/msg/GotoSetpoint.idl\n'}
[2.972671] (px4_msgs) StdoutLine: {'line': b'-- Up-to-date symlink: /home/carlos/ros2_ws/install/px4_msgs/share/px4_msgs/msg/GpioConfig.idl\n'}
[2.972813] (px4_msgs) StdoutLine: {'line': b'-- Up-to-date symlink: /home/carlos/ros2_ws/install/px4_msgs/share/px4_msgs/msg/GpioIn.idl\n'}
[2.972943] (px4_msgs) StdoutLine: {'line': b'-- Up-to-date symlink: /home/carlos/ros2_ws/install/px4_msgs/share/px4_msgs/msg/GpioOut.idl\n'}
[2.973069] (px4_msgs) StdoutLine: {'line': b'-- Up-to-date symlink: /home/carlos/ros2_ws/install/px4_msgs/share/px4_msgs/msg/GpioRequest.idl\n'}
[2.973196] (px4_msgs) StdoutLine: {'line': b'-- Up-to-date symlink: /home/carlos/ros2_ws/install/px4_msgs/share/px4_msgs/msg/GpsDump.idl\n'}
[2.973321] (px4_msgs) StdoutLine: {'line': b'-- Up-to-date symlink: /home/carlos/ros2_ws/install/px4_msgs/share/px4_msgs/msg/GpsInjectData.idl\n'}
[2.973446] (px4_msgs) StdoutLine: {'line': b'-- Up-to-date symlink: /home/carlos/ros2_ws/install/px4_msgs/share/px4_msgs/msg/Gripper.idl\n'}
[2.973572] (px4_msgs) StdoutLine: {'line': b'-- Up-to-date symlink: /home/carlos/ros2_ws/install/px4_msgs/share/px4_msgs/msg/HealthReport.idl\n'}
[2.973698] (px4_msgs) StdoutLine: {'line': b'-- Up-to-date symlink: /home/carlos/ros2_ws/install/px4_msgs/share/px4_msgs/msg/HeaterStatus.idl\n'}
[2.973844] (px4_msgs) StdoutLine: {'line': b'-- Up-to-date symlink: /home/carlos/ros2_ws/install/px4_msgs/share/px4_msgs/msg/HomePosition.idl\n'}
[2.973963] (px4_msgs) StdoutLine: {'line': b'-- Up-to-date symlink: /home/carlos/ros2_ws/install/px4_msgs/share/px4_msgs/msg/HoverThrustEstimate.idl\n'}
[2.974087] (px4_msgs) StdoutLine: {'line': b'-- Up-to-date symlink: /home/carlos/ros2_ws/install/px4_msgs/share/px4_msgs/msg/InputRc.idl\n'}
[2.974214] (px4_msgs) StdoutLine: {'line': b'-- Up-to-date symlink: /home/carlos/ros2_ws/install/px4_msgs/share/px4_msgs/msg/InternalCombustionEngineControl.idl\n'}
[2.974341] (px4_msgs) StdoutLine: {'line': b'-- Up-to-date symlink: /home/carlos/ros2_ws/install/px4_msgs/share/px4_msgs/msg/InternalCombustionEngineStatus.idl\n'}
[2.974466] (px4_msgs) StdoutLine: {'line': b'-- Up-to-date symlink: /home/carlos/ros2_ws/install/px4_msgs/share/px4_msgs/msg/IridiumsbdStatus.idl\n'}
[2.974592] (px4_msgs) StdoutLine: {'line': b'-- Up-to-date symlink: /home/carlos/ros2_ws/install/px4_msgs/share/px4_msgs/msg/IrlockReport.idl\n'}
[2.974716] (px4_msgs) StdoutLine: {'line': b'-- Up-to-date symlink: /home/carlos/ros2_ws/install/px4_msgs/share/px4_msgs/msg/LandingGear.idl\n'}
[2.974857] (px4_msgs) StdoutLine: {'line': b'-- Up-to-date symlink: /home/carlos/ros2_ws/install/px4_msgs/share/px4_msgs/msg/LandingGearWheel.idl\n'}
[2.974983] (px4_msgs) StdoutLine: {'line': b'-- Up-to-date symlink: /home/carlos/ros2_ws/install/px4_msgs/share/px4_msgs/msg/LandingTargetInnovations.idl\n'}
[2.975109] (px4_msgs) StdoutLine: {'line': b'-- Up-to-date symlink: /home/carlos/ros2_ws/install/px4_msgs/share/px4_msgs/msg/LandingTargetPose.idl\n'}
[2.975232] (px4_msgs) StdoutLine: {'line': b'-- Up-to-date symlink: /home/carlos/ros2_ws/install/px4_msgs/share/px4_msgs/msg/LateralControlConfiguration.idl\n'}
[2.975365] (px4_msgs) StdoutLine: {'line': b'-- Up-to-date symlink: /home/carlos/ros2_ws/install/px4_msgs/share/px4_msgs/msg/LaunchDetectionStatus.idl\n'}
[2.975492] (px4_msgs) StdoutLine: {'line': b'-- Up-to-date symlink: /home/carlos/ros2_ws/install/px4_msgs/share/px4_msgs/msg/LedControl.idl\n'}
[2.975617] (px4_msgs) StdoutLine: {'line': b'-- Up-to-date symlink: /home/carlos/ros2_ws/install/px4_msgs/share/px4_msgs/msg/LogMessage.idl\n'}
[2.975744] (px4_msgs) StdoutLine: {'line': b'-- Up-to-date symlink: /home/carlos/ros2_ws/install/px4_msgs/share/px4_msgs/msg/LoggerStatus.idl\n'}
[2.975884] (px4_msgs) StdoutLine: {'line': b'-- Up-to-date symlink: /home/carlos/ros2_ws/install/px4_msgs/share/px4_msgs/msg/LongitudinalControlConfiguration.idl\n'}
[2.976017] (px4_msgs) StdoutLine: {'line': b'-- Up-to-date symlink: /home/carlos/ros2_ws/install/px4_msgs/share/px4_msgs/msg/MagWorkerData.idl\n'}
[2.976145] (px4_msgs) StdoutLine: {'line': b'-- Up-to-date symlink: /home/carlos/ros2_ws/install/px4_msgs/share/px4_msgs/msg/MagnetometerBiasEstimate.idl\n'}
[2.976271] (px4_msgs) StdoutLine: {'line': b'-- Up-to-date symlink: /home/carlos/ros2_ws/install/px4_msgs/share/px4_msgs/msg/ManualControlSetpoint.idl\n'}
[2.976403] (px4_msgs) StdoutLine: {'line': b'-- Up-to-date symlink: /home/carlos/ros2_ws/install/px4_msgs/share/px4_msgs/msg/ManualControlSwitches.idl\n'}
[2.976531] (px4_msgs) StdoutLine: {'line': b'-- Up-to-date symlink: /home/carlos/ros2_ws/install/px4_msgs/share/px4_msgs/msg/MavlinkLog.idl\n'}
[2.976659] (px4_msgs) StdoutLine: {'line': b'-- Up-to-date symlink: /home/carlos/ros2_ws/install/px4_msgs/share/px4_msgs/msg/MavlinkTunnel.idl\n'}
[2.976795] (px4_msgs) StdoutLine: {'line': b'-- Up-to-date symlink: /home/carlos/ros2_ws/install/px4_msgs/share/px4_msgs/msg/MessageFormatRequest.idl\n'}
[2.976929] (px4_msgs) StdoutLine: {'line': b'-- Up-to-date symlink: /home/carlos/ros2_ws/install/px4_msgs/share/px4_msgs/msg/MessageFormatResponse.idl\n'}
[2.977057] (px4_msgs) StdoutLine: {'line': b'-- Up-to-date symlink: /home/carlos/ros2_ws/install/px4_msgs/share/px4_msgs/msg/Mission.idl\n'}
[2.977186] (px4_msgs) StdoutLine: {'line': b'-- Up-to-date symlink: /home/carlos/ros2_ws/install/px4_msgs/share/px4_msgs/msg/MissionResult.idl\n'}
[2.977314] (px4_msgs) StdoutLine: {'line': b'-- Up-to-date symlink: /home/carlos/ros2_ws/install/px4_msgs/share/px4_msgs/msg/ModeCompleted.idl\n'}
[2.977441] (px4_msgs) StdoutLine: {'line': b'-- Up-to-date symlink: /home/carlos/ros2_ws/install/px4_msgs/share/px4_msgs/msg/MountOrientation.idl\n'}
[2.977569] (px4_msgs) StdoutLine: {'line': b'-- Up-to-date symlink: /home/carlos/ros2_ws/install/px4_msgs/share/px4_msgs/msg/NavigatorMissionItem.idl\n'}
[2.977693] (px4_msgs) StdoutLine: {'line': b'-- Up-to-date symlink: /home/carlos/ros2_ws/install/px4_msgs/share/px4_msgs/msg/NavigatorStatus.idl\n'}
[2.977831] (px4_msgs) StdoutLine: {'line': b'-- Up-to-date symlink: /home/carlos/ros2_ws/install/px4_msgs/share/px4_msgs/msg/NeuralControl.idl\n'}
[2.977954] (px4_msgs) StdoutLine: {'line': b'-- Up-to-date symlink: /home/carlos/ros2_ws/install/px4_msgs/share/px4_msgs/msg/NormalizedUnsignedSetpoint.idl\n'}
[2.978079] (px4_msgs) StdoutLine: {'line': b'-- Up-to-date symlink: /home/carlos/ros2_ws/install/px4_msgs/share/px4_msgs/msg/ObstacleDistance.idl\n'}
[2.978203] (px4_msgs) StdoutLine: {'line': b'-- Up-to-date symlink: /home/carlos/ros2_ws/install/px4_msgs/share/px4_msgs/msg/OffboardControlMode.idl\n'}
[2.978328] (px4_msgs) StdoutLine: {'line': b'-- Up-to-date symlink: /home/carlos/ros2_ws/install/px4_msgs/share/px4_msgs/msg/OnboardComputerStatus.idl\n'}
[2.978453] (px4_msgs) StdoutLine: {'line': b'-- Up-to-date symlink: /home/carlos/ros2_ws/install/px4_msgs/share/px4_msgs/msg/OpenDroneIdArmStatus.idl\n'}
[2.978577] (px4_msgs) StdoutLine: {'line': b'-- Up-to-date symlink: /home/carlos/ros2_ws/install/px4_msgs/share/px4_msgs/msg/OpenDroneIdOperatorId.idl\n'}
[2.978701] (px4_msgs) StdoutLine: {'line': b'-- Up-to-date symlink: /home/carlos/ros2_ws/install/px4_msgs/share/px4_msgs/msg/OpenDroneIdSelfId.idl\n'}
[2.978834] (px4_msgs) StdoutLine: {'line': b'-- Up-to-date symlink: /home/carlos/ros2_ws/install/px4_msgs/share/px4_msgs/msg/OpenDroneIdSystem.idl\n'}
[2.978961] (px4_msgs) StdoutLine: {'line': b'-- Up-to-date symlink: /home/carlos/ros2_ws/install/px4_msgs/share/px4_msgs/msg/OrbTest.idl\n'}
[2.979087] (px4_msgs) StdoutLine: {'line': b'-- Up-to-date symlink: /home/carlos/ros2_ws/install/px4_msgs/share/px4_msgs/msg/OrbTestLarge.idl\n'}
[2.979212] (px4_msgs) StdoutLine: {'line': b'-- Up-to-date symlink: /home/carlos/ros2_ws/install/px4_msgs/share/px4_msgs/msg/OrbTestMedium.idl\n'}
[2.979336] (px4_msgs) StdoutLine: {'line': b'-- Up-to-date symlink: /home/carlos/ros2_ws/install/px4_msgs/share/px4_msgs/msg/OrbitStatus.idl\n'}
[2.979463] (px4_msgs) StdoutLine: {'line': b'-- Up-to-date symlink: /home/carlos/ros2_ws/install/px4_msgs/share/px4_msgs/msg/ParameterResetRequest.idl\n'}
[2.979588] (px4_msgs) StdoutLine: {'line': b'-- Up-to-date symlink: /home/carlos/ros2_ws/install/px4_msgs/share/px4_msgs/msg/ParameterSetUsedRequest.idl\n'}
[2.979713] (px4_msgs) StdoutLine: {'line': b'-- Up-to-date symlink: /home/carlos/ros2_ws/install/px4_msgs/share/px4_msgs/msg/ParameterSetValueRequest.idl\n'}
[2.979854] (px4_msgs) StdoutLine: {'line': b'-- Up-to-date symlink: /home/carlos/ros2_ws/install/px4_msgs/share/px4_msgs/msg/ParameterSetValueResponse.idl\n'}
[2.979991] (px4_msgs) StdoutLine: {'line': b'-- Up-to-date symlink: /home/carlos/ros2_ws/install/px4_msgs/share/px4_msgs/msg/ParameterUpdate.idl\n'}
[2.980119] (px4_msgs) StdoutLine: {'line': b'-- Up-to-date symlink: /home/carlos/ros2_ws/install/px4_msgs/share/px4_msgs/msg/Ping.idl\n'}
[2.980249] (px4_msgs) StdoutLine: {'line': b'-- Up-to-date symlink: /home/carlos/ros2_ws/install/px4_msgs/share/px4_msgs/msg/PositionControllerLandingStatus.idl\n'}
[2.980377] (px4_msgs) StdoutLine: {'line': b'-- Up-to-date symlink: /home/carlos/ros2_ws/install/px4_msgs/share/px4_msgs/msg/PositionControllerStatus.idl\n'}
[2.980504] (px4_msgs) StdoutLine: {'line': b'-- Up-to-date symlink: /home/carlos/ros2_ws/install/px4_msgs/share/px4_msgs/msg/PositionSetpoint.idl\n'}
[2.980630] (px4_msgs) StdoutLine: {'line': b'-- Up-to-date symlink: /home/carlos/ros2_ws/install/px4_msgs/share/px4_msgs/msg/PositionSetpointTriplet.idl\n'}
[2.980763] (px4_msgs) StdoutLine: {'line': b'-- Up-to-date symlink: /home/carlos/ros2_ws/install/px4_msgs/share/px4_msgs/msg/PowerButtonState.idl\n'}
[2.980896] (px4_msgs) StdoutLine: {'line': b'-- Up-to-date symlink: /home/carlos/ros2_ws/install/px4_msgs/share/px4_msgs/msg/PowerMonitor.idl\n'}
[2.981022] (px4_msgs) StdoutLine: {'line': b'-- Up-to-date symlink: /home/carlos/ros2_ws/install/px4_msgs/share/px4_msgs/msg/PpsCapture.idl\n'}
[2.981148] (px4_msgs) StdoutLine: {'line': b'-- Up-to-date symlink: /home/carlos/ros2_ws/install/px4_msgs/share/px4_msgs/msg/PurePursuitStatus.idl\n'}
[2.981273] (px4_msgs) StdoutLine: {'line': b'-- Up-to-date symlink: /home/carlos/ros2_ws/install/px4_msgs/share/px4_msgs/msg/PwmInput.idl\n'}
[2.981398] (px4_msgs) StdoutLine: {'line': b'-- Up-to-date symlink: /home/carlos/ros2_ws/install/px4_msgs/share/px4_msgs/msg/Px4ioStatus.idl\n'}
[2.981523] (px4_msgs) StdoutLine: {'line': b'-- Up-to-date symlink: /home/carlos/ros2_ws/install/px4_msgs/share/px4_msgs/msg/QshellReq.idl\n'}
[2.981646] (px4_msgs) StdoutLine: {'line': b'-- Up-to-date symlink: /home/carlos/ros2_ws/install/px4_msgs/share/px4_msgs/msg/QshellRetval.idl\n'}
[2.981775] (px4_msgs) StdoutLine: {'line': b'-- Up-to-date symlink: /home/carlos/ros2_ws/install/px4_msgs/share/px4_msgs/msg/RadioStatus.idl\n'}
[2.981908] (px4_msgs) StdoutLine: {'line': b'-- Up-to-date symlink: /home/carlos/ros2_ws/install/px4_msgs/share/px4_msgs/msg/RateCtrlStatus.idl\n'}
[2.982037] (px4_msgs) StdoutLine: {'line': b'-- Up-to-date symlink: /home/carlos/ros2_ws/install/px4_msgs/share/px4_msgs/msg/RcChannels.idl\n'}
[2.982163] (px4_msgs) StdoutLine: {'line': b'-- Up-to-date symlink: /home/carlos/ros2_ws/install/px4_msgs/share/px4_msgs/msg/RcParameterMap.idl\n'}
[2.982290] (px4_msgs) StdoutLine: {'line': b'-- Up-to-date symlink: /home/carlos/ros2_ws/install/px4_msgs/share/px4_msgs/msg/RegisterExtComponentReply.idl\n'}
[2.982417] (px4_msgs) StdoutLine: {'line': b'-- Up-to-date symlink: /home/carlos/ros2_ws/install/px4_msgs/share/px4_msgs/msg/RegisterExtComponentRequest.idl\n'}
[2.982546] (px4_msgs) StdoutLine: {'line': b'-- Up-to-date symlink: /home/carlos/ros2_ws/install/px4_msgs/share/px4_msgs/msg/RoverAttitudeSetpoint.idl\n'}
[2.982673] (px4_msgs) StdoutLine: {'line': b'-- Up-to-date symlink: /home/carlos/ros2_ws/install/px4_msgs/share/px4_msgs/msg/RoverAttitudeStatus.idl\n'}
[2.982810] (px4_msgs) StdoutLine: {'line': b'-- Up-to-date symlink: /home/carlos/ros2_ws/install/px4_msgs/share/px4_msgs/msg/RoverPositionSetpoint.idl\n'}
[2.982944] (px4_msgs) StdoutLine: {'line': b'-- Up-to-date symlink: /home/carlos/ros2_ws/install/px4_msgs/share/px4_msgs/msg/RoverRateSetpoint.idl\n'}
[2.983071] (px4_msgs) StdoutLine: {'line': b'-- Up-to-date symlink: /home/carlos/ros2_ws/install/px4_msgs/share/px4_msgs/msg/RoverRateStatus.idl\n'}
[2.983197] (px4_msgs) StdoutLine: {'line': b'-- Up-to-date symlink: /home/carlos/ros2_ws/install/px4_msgs/share/px4_msgs/msg/RoverSpeedSetpoint.idl\n'}
[2.983324] (px4_msgs) StdoutLine: {'line': b'-- Up-to-date symlink: /home/carlos/ros2_ws/install/px4_msgs/share/px4_msgs/msg/RoverSpeedStatus.idl\n'}
[2.983453] (px4_msgs) StdoutLine: {'line': b'-- Up-to-date symlink: /home/carlos/ros2_ws/install/px4_msgs/share/px4_msgs/msg/RoverSteeringSetpoint.idl\n'}
[2.983580] (px4_msgs) StdoutLine: {'line': b'-- Up-to-date symlink: /home/carlos/ros2_ws/install/px4_msgs/share/px4_msgs/msg/RoverThrottleSetpoint.idl\n'}
[2.983706] (px4_msgs) StdoutLine: {'line': b'-- Up-to-date symlink: /home/carlos/ros2_ws/install/px4_msgs/share/px4_msgs/msg/Rpm.idl\n'}
[2.983843] (px4_msgs) StdoutLine: {'line': b'-- Up-to-date symlink: /home/carlos/ros2_ws/install/px4_msgs/share/px4_msgs/msg/RtlStatus.idl\n'}
[2.983971] (px4_msgs) StdoutLine: {'line': b'-- Up-to-date symlink: /home/carlos/ros2_ws/install/px4_msgs/share/px4_msgs/msg/RtlTimeEstimate.idl\n'}
[2.984096] (px4_msgs) StdoutLine: {'line': b'-- Up-to-date symlink: /home/carlos/ros2_ws/install/px4_msgs/share/px4_msgs/msg/SatelliteInfo.idl\n'}
[2.984221] (px4_msgs) StdoutLine: {'line': b'-- Up-to-date symlink: /home/carlos/ros2_ws/install/px4_msgs/share/px4_msgs/msg/SensorAccel.idl\n'}
[2.984344] (px4_msgs) StdoutLine: {'line': b'-- Up-to-date symlink: /home/carlos/ros2_ws/install/px4_msgs/share/px4_msgs/msg/SensorAccelFifo.idl\n'}
[2.984468] (px4_msgs) StdoutLine: {'line': b'-- Up-to-date symlink: /home/carlos/ros2_ws/install/px4_msgs/share/px4_msgs/msg/SensorAirflow.idl\n'}
[2.984593] (px4_msgs) StdoutLine: {'line': b'-- Up-to-date symlink: /home/carlos/ros2_ws/install/px4_msgs/share/px4_msgs/msg/SensorBaro.idl\n'}
[2.984718] (px4_msgs) StdoutLine: {'line': b'-- Up-to-date symlink: /home/carlos/ros2_ws/install/px4_msgs/share/px4_msgs/msg/SensorCombined.idl\n'}
[2.984852] (px4_msgs) StdoutLine: {'line': b'-- Up-to-date symlink: /home/carlos/ros2_ws/install/px4_msgs/share/px4_msgs/msg/SensorCorrection.idl\n'}
[2.984977] (px4_msgs) StdoutLine: {'line': b'-- Up-to-date symlink: /home/carlos/ros2_ws/install/px4_msgs/share/px4_msgs/msg/SensorGnssRelative.idl\n'}
[2.985103] (px4_msgs) StdoutLine: {'line': b'-- Up-to-date symlink: /home/carlos/ros2_ws/install/px4_msgs/share/px4_msgs/msg/SensorGnssStatus.idl\n'}
[2.985228] (px4_msgs) StdoutLine: {'line': b'-- Up-to-date symlink: /home/carlos/ros2_ws/install/px4_msgs/share/px4_msgs/msg/SensorGps.idl\n'}
[2.985353] (px4_msgs) StdoutLine: {'line': b'-- Up-to-date symlink: /home/carlos/ros2_ws/install/px4_msgs/share/px4_msgs/msg/SensorGyro.idl\n'}
[2.985479] (px4_msgs) StdoutLine: {'line': b'-- Up-to-date symlink: /home/carlos/ros2_ws/install/px4_msgs/share/px4_msgs/msg/SensorGyroFft.idl\n'}
[2.985604] (px4_msgs) StdoutLine: {'line': b'-- Up-to-date symlink: /home/carlos/ros2_ws/install/px4_msgs/share/px4_msgs/msg/SensorGyroFifo.idl\n'}
[2.985729] (px4_msgs) StdoutLine: {'line': b'-- Up-to-date symlink: /home/carlos/ros2_ws/install/px4_msgs/share/px4_msgs/msg/SensorHygrometer.idl\n'}
[2.985861] (px4_msgs) StdoutLine: {'line': b'-- Up-to-date symlink: /home/carlos/ros2_ws/install/px4_msgs/share/px4_msgs/msg/SensorMag.idl\n'}
[2.985994] (px4_msgs) StdoutLine: {'line': b'-- Up-to-date symlink: /home/carlos/ros2_ws/install/px4_msgs/share/px4_msgs/msg/SensorOpticalFlow.idl\n'}
[2.986122] (px4_msgs) StdoutLine: {'line': b'-- Up-to-date symlink: /home/carlos/ros2_ws/install/px4_msgs/share/px4_msgs/msg/SensorPreflightMag.idl\n'}
[2.986249] (px4_msgs) StdoutLine: {'line': b'-- Up-to-date symlink: /home/carlos/ros2_ws/install/px4_msgs/share/px4_msgs/msg/SensorSelection.idl\n'}
[2.986377] (px4_msgs) StdoutLine: {'line': b'-- Up-to-date symlink: /home/carlos/ros2_ws/install/px4_msgs/share/px4_msgs/msg/SensorUwb.idl\n'}
[2.986504] (px4_msgs) StdoutLine: {'line': b'-- Up-to-date symlink: /home/carlos/ros2_ws/install/px4_msgs/share/px4_msgs/msg/SensorsStatus.idl\n'}
[2.986631] (px4_msgs) StdoutLine: {'line': b'-- Up-to-date symlink: /home/carlos/ros2_ws/install/px4_msgs/share/px4_msgs/msg/SensorsStatusImu.idl\n'}
[2.986765] (px4_msgs) StdoutLine: {'line': b'-- Up-to-date symlink: /home/carlos/ros2_ws/install/px4_msgs/share/px4_msgs/msg/SystemPower.idl\n'}
[2.986899] (px4_msgs) StdoutLine: {'line': b'-- Up-to-date symlink: /home/carlos/ros2_ws/install/px4_msgs/share/px4_msgs/msg/TakeoffStatus.idl\n'}
[2.987027] (px4_msgs) StdoutLine: {'line': b'-- Up-to-date symlink: /home/carlos/ros2_ws/install/px4_msgs/share/px4_msgs/msg/TaskStackInfo.idl\n'}
[2.987153] (px4_msgs) StdoutLine: {'line': b'-- Up-to-date symlink: /home/carlos/ros2_ws/install/px4_msgs/share/px4_msgs/msg/TecsStatus.idl\n'}
[2.987277] (px4_msgs) StdoutLine: {'line': b'-- Up-to-date symlink: /home/carlos/ros2_ws/install/px4_msgs/share/px4_msgs/msg/TelemetryStatus.idl\n'}
[2.987403] (px4_msgs) StdoutLine: {'line': b'-- Up-to-date symlink: /home/carlos/ros2_ws/install/px4_msgs/share/px4_msgs/msg/TiltrotorExtraControls.idl\n'}
[2.987528] (px4_msgs) StdoutLine: {'line': b'-- Up-to-date symlink: /home/carlos/ros2_ws/install/px4_msgs/share/px4_msgs/msg/TimesyncStatus.idl\n'}
[2.987652] (px4_msgs) StdoutLine: {'line': b'-- Up-to-date symlink: /home/carlos/ros2_ws/install/px4_msgs/share/px4_msgs/msg/TrajectorySetpoint.idl\n'}
[2.987783] (px4_msgs) StdoutLine: {'line': b'-- Up-to-date symlink: /home/carlos/ros2_ws/install/px4_msgs/share/px4_msgs/msg/TrajectorySetpoint6dof.idl\n'}
[2.987914] (px4_msgs) StdoutLine: {'line': b'-- Up-to-date symlink: /home/carlos/ros2_ws/install/px4_msgs/share/px4_msgs/msg/TransponderReport.idl\n'}
[2.988039] (px4_msgs) StdoutLine: {'line': b'-- Up-to-date symlink: /home/carlos/ros2_ws/install/px4_msgs/share/px4_msgs/msg/TuneControl.idl\n'}
[2.988163] (px4_msgs) StdoutLine: {'line': b'-- Up-to-date symlink: /home/carlos/ros2_ws/install/px4_msgs/share/px4_msgs/msg/UavcanParameterRequest.idl\n'}
[2.988287] (px4_msgs) StdoutLine: {'line': b'-- Up-to-date symlink: /home/carlos/ros2_ws/install/px4_msgs/share/px4_msgs/msg/UavcanParameterValue.idl\n'}
[2.988417] (px4_msgs) StdoutLine: {'line': b'-- Up-to-date symlink: /home/carlos/ros2_ws/install/px4_msgs/share/px4_msgs/msg/UlogStream.idl\n'}
[2.988547] (px4_msgs) StdoutLine: {'line': b'-- Up-to-date symlink: /home/carlos/ros2_ws/install/px4_msgs/share/px4_msgs/msg/UlogStreamAck.idl\n'}
[2.988676] (px4_msgs) StdoutLine: {'line': b'-- Up-to-date symlink: /home/carlos/ros2_ws/install/px4_msgs/share/px4_msgs/msg/UnregisterExtComponent.idl\n'}
[2.988832] (px4_msgs) StdoutLine: {'line': b'-- Up-to-date symlink: /home/carlos/ros2_ws/install/px4_msgs/share/px4_msgs/msg/VehicleAcceleration.idl\n'}
[2.988963] (px4_msgs) StdoutLine: {'line': b'-- Up-to-date symlink: /home/carlos/ros2_ws/install/px4_msgs/share/px4_msgs/msg/VehicleAirData.idl\n'}
[2.989094] (px4_msgs) StdoutLine: {'line': b'-- Up-to-date symlink: /home/carlos/ros2_ws/install/px4_msgs/share/px4_msgs/msg/VehicleAngularAccelerationSetpoint.idl\n'}
[2.989224] (px4_msgs) StdoutLine: {'line': b'-- Up-to-date symlink: /home/carlos/ros2_ws/install/px4_msgs/share/px4_msgs/msg/VehicleAngularVelocity.idl\n'}
[2.989354] (px4_msgs) StdoutLine: {'line': b'-- Up-to-date symlink: /home/carlos/ros2_ws/install/px4_msgs/share/px4_msgs/msg/VehicleAttitude.idl\n'}
[2.989484] (px4_msgs) StdoutLine: {'line': b'-- Up-to-date symlink: /home/carlos/ros2_ws/install/px4_msgs/share/px4_msgs/msg/VehicleAttitudeSetpoint.idl\n'}
[2.989611] (px4_msgs) StdoutLine: {'line': b'-- Up-to-date symlink: /home/carlos/ros2_ws/install/px4_msgs/share/px4_msgs/msg/VehicleCommand.idl\n'}
[2.989735] (px4_msgs) StdoutLine: {'line': b'-- Up-to-date symlink: /home/carlos/ros2_ws/install/px4_msgs/share/px4_msgs/msg/VehicleCommandAck.idl\n'}
[2.989868] (px4_msgs) StdoutLine: {'line': b'-- Up-to-date symlink: /home/carlos/ros2_ws/install/px4_msgs/share/px4_msgs/msg/VehicleConstraints.idl\n'}
[2.989993] (px4_msgs) StdoutLine: {'line': b'-- Up-to-date symlink: /home/carlos/ros2_ws/install/px4_msgs/share/px4_msgs/msg/VehicleControlMode.idl\n'}
[2.990119] (px4_msgs) StdoutLine: {'line': b'-- Up-to-date symlink: /home/carlos/ros2_ws/install/px4_msgs/share/px4_msgs/msg/VehicleGlobalPosition.idl\n'}
[2.990244] (px4_msgs) StdoutLine: {'line': b'-- Up-to-date symlink: /home/carlos/ros2_ws/install/px4_msgs/share/px4_msgs/msg/VehicleImu.idl\n'}
[2.990370] (px4_msgs) StdoutLine: {'line': b'-- Up-to-date symlink: /home/carlos/ros2_ws/install/px4_msgs/share/px4_msgs/msg/VehicleImuStatus.idl\n'}
[2.990496] (px4_msgs) StdoutLine: {'line': b'-- Up-to-date symlink: /home/carlos/ros2_ws/install/px4_msgs/share/px4_msgs/msg/VehicleLandDetected.idl\n'}
[2.990621] (px4_msgs) StdoutLine: {'line': b'-- Up-to-date symlink: /home/carlos/ros2_ws/install/px4_msgs/share/px4_msgs/msg/VehicleLocalPosition.idl\n'}
[2.990755] (px4_msgs) StdoutLine: {'line': b'-- Up-to-date symlink: /home/carlos/ros2_ws/install/px4_msgs/share/px4_msgs/msg/VehicleLocalPositionSetpoint.idl\n'}
[2.990883] (px4_msgs) StdoutLine: {'line': b'-- Up-to-date symlink: /home/carlos/ros2_ws/install/px4_msgs/share/px4_msgs/msg/VehicleMagnetometer.idl\n'}
[2.991009] (px4_msgs) StdoutLine: {'line': b'-- Up-to-date symlink: /home/carlos/ros2_ws/install/px4_msgs/share/px4_msgs/msg/VehicleOdometry.idl\n'}
[2.991132] (px4_msgs) StdoutLine: {'line': b'-- Up-to-date symlink: /home/carlos/ros2_ws/install/px4_msgs/share/px4_msgs/msg/VehicleOpticalFlow.idl\n'}
[2.991257] (px4_msgs) StdoutLine: {'line': b'-- Up-to-date symlink: /home/carlos/ros2_ws/install/px4_msgs/share/px4_msgs/msg/VehicleOpticalFlowVel.idl\n'}
[2.991382] (px4_msgs) StdoutLine: {'line': b'-- Up-to-date symlink: /home/carlos/ros2_ws/install/px4_msgs/share/px4_msgs/msg/VehicleRatesSetpoint.idl\n'}
[2.991511] (px4_msgs) StdoutLine: {'line': b'-- Up-to-date symlink: /home/carlos/ros2_ws/install/px4_msgs/share/px4_msgs/msg/VehicleRoi.idl\n'}
[2.991642] (px4_msgs) StdoutLine: {'line': b'-- Up-to-date symlink: /home/carlos/ros2_ws/install/px4_msgs/share/px4_msgs/msg/VehicleStatus.idl\n'}
[2.991773] (px4_msgs) StdoutLine: {'line': b'-- Up-to-date symlink: /home/carlos/ros2_ws/install/px4_msgs/share/px4_msgs/msg/VehicleThrustSetpoint.idl\n'}
[2.991906] (px4_msgs) StdoutLine: {'line': b'-- Up-to-date symlink: /home/carlos/ros2_ws/install/px4_msgs/share/px4_msgs/msg/VehicleTorqueSetpoint.idl\n'}
[2.992030] (px4_msgs) StdoutLine: {'line': b'-- Up-to-date symlink: /home/carlos/ros2_ws/install/px4_msgs/share/px4_msgs/msg/VelocityLimits.idl\n'}
[2.992155] (px4_msgs) StdoutLine: {'line': b'-- Up-to-date symlink: /home/carlos/ros2_ws/install/px4_msgs/share/px4_msgs/msg/VtolVehicleStatus.idl\n'}
[2.992281] (px4_msgs) StdoutLine: {'line': b'-- Up-to-date symlink: /home/carlos/ros2_ws/install/px4_msgs/share/px4_msgs/msg/WheelEncoders.idl\n'}
[2.992408] (px4_msgs) StdoutLine: {'line': b'-- Up-to-date symlink: /home/carlos/ros2_ws/install/px4_msgs/share/px4_msgs/msg/Wind.idl\n'}
[2.992535] (px4_msgs) StdoutLine: {'line': b'-- Up-to-date symlink: /home/carlos/ros2_ws/install/px4_msgs/share/px4_msgs/msg/YawEstimatorStatus.idl\n'}
[2.992663] (px4_msgs) StdoutLine: {'line': b'-- Up-to-date symlink: /home/carlos/ros2_ws/install/px4_msgs/share/px4_msgs/srv/VehicleCommand.idl\n'}
[2.992794] (px4_msgs) StdoutLine: {'line': b'-- Up-to-date symlink: /home/carlos/ros2_ws/install/px4_msgs/share/px4_msgs/msg/ActionRequest.msg\n'}
[2.992920] (px4_msgs) StdoutLine: {'line': b'-- Up-to-date symlink: /home/carlos/ros2_ws/install/px4_msgs/share/px4_msgs/msg/ActuatorArmed.msg\n'}
[2.993043] (px4_msgs) StdoutLine: {'line': b'-- Up-to-date symlink: /home/carlos/ros2_ws/install/px4_msgs/share/px4_msgs/msg/ActuatorControlsStatus.msg\n'}
[2.993167] (px4_msgs) StdoutLine: {'line': b'-- Up-to-date symlink: /home/carlos/ros2_ws/install/px4_msgs/share/px4_msgs/msg/ActuatorMotors.msg\n'}
[2.993285] (px4_msgs) StdoutLine: {'line': b'-- Up-to-date symlink: /home/carlos/ros2_ws/install/px4_msgs/share/px4_msgs/msg/ActuatorOutputs.msg\n'}
[2.993401] (px4_msgs) StdoutLine: {'line': b'-- Up-to-date symlink: /home/carlos/ros2_ws/install/px4_msgs/share/px4_msgs/msg/ActuatorServos.msg\n'}
[2.993520] (px4_msgs) StdoutLine: {'line': b'-- Up-to-date symlink: /home/carlos/ros2_ws/install/px4_msgs/share/px4_msgs/msg/ActuatorServosTrim.msg\n'}
[2.993640] (px4_msgs) StdoutLine: {'line': b'-- Up-to-date symlink: /home/carlos/ros2_ws/install/px4_msgs/share/px4_msgs/msg/ActuatorTest.msg\n'}
[2.993763] (px4_msgs) StdoutLine: {'line': b'-- Up-to-date symlink: /home/carlos/ros2_ws/install/px4_msgs/share/px4_msgs/msg/AdcReport.msg\n'}
[2.993880] (px4_msgs) StdoutLine: {'line': b'-- Up-to-date symlink: /home/carlos/ros2_ws/install/px4_msgs/share/px4_msgs/msg/Airspeed.msg\n'}
[2.993998] (px4_msgs) StdoutLine: {'line': b'-- Up-to-date symlink: /home/carlos/ros2_ws/install/px4_msgs/share/px4_msgs/msg/AirspeedValidated.msg\n'}
[2.994115] (px4_msgs) StdoutLine: {'line': b'-- Up-to-date symlink: /home/carlos/ros2_ws/install/px4_msgs/share/px4_msgs/msg/AirspeedWind.msg\n'}
[2.994231] (px4_msgs) StdoutLine: {'line': b'-- Up-to-date symlink: /home/carlos/ros2_ws/install/px4_msgs/share/px4_msgs/msg/ArmingCheckReply.msg\n'}
[2.994351] (px4_msgs) StdoutLine: {'line': b'-- Up-to-date symlink: /home/carlos/ros2_ws/install/px4_msgs/share/px4_msgs/msg/ArmingCheckRequest.msg\n'}
[2.994473] (px4_msgs) StdoutLine: {'line': b'-- Up-to-date symlink: /home/carlos/ros2_ws/install/px4_msgs/share/px4_msgs/msg/AutotuneAttitudeControlStatus.msg\n'}
[2.994594] (px4_msgs) StdoutLine: {'line': b'-- Up-to-date symlink: /home/carlos/ros2_ws/install/px4_msgs/share/px4_msgs/msg/BatteryInfo.msg\n'}
[2.994712] (px4_msgs) StdoutLine: {'line': b'-- Up-to-date symlink: /home/carlos/ros2_ws/install/px4_msgs/share/px4_msgs/msg/BatteryStatus.msg\n'}
[2.994842] (px4_msgs) StdoutLine: {'line': b'-- Up-to-date symlink: /home/carlos/ros2_ws/install/px4_msgs/share/px4_msgs/msg/ButtonEvent.msg\n'}
[2.994962] (px4_msgs) StdoutLine: {'line': b'-- Up-to-date symlink: /home/carlos/ros2_ws/install/px4_msgs/share/px4_msgs/msg/CameraCapture.msg\n'}
[2.995079] (px4_msgs) StdoutLine: {'line': b'-- Up-to-date symlink: /home/carlos/ros2_ws/install/px4_msgs/share/px4_msgs/msg/CameraStatus.msg\n'}
[2.995197] (px4_msgs) StdoutLine: {'line': b'-- Up-to-date symlink: /home/carlos/ros2_ws/install/px4_msgs/share/px4_msgs/msg/CameraTrigger.msg\n'}
[2.995324] (px4_msgs) StdoutLine: {'line': b'-- Up-to-date symlink: /home/carlos/ros2_ws/install/px4_msgs/share/px4_msgs/msg/CanInterfaceStatus.msg\n'}
[2.995444] (px4_msgs) StdoutLine: {'line': b'-- Up-to-date symlink: /home/carlos/ros2_ws/install/px4_msgs/share/px4_msgs/msg/CellularStatus.msg\n'}
[2.995559] (px4_msgs) StdoutLine: {'line': b'-- Up-to-date symlink: /home/carlos/ros2_ws/install/px4_msgs/share/px4_msgs/msg/CollisionConstraints.msg\n'}
[2.995677] (px4_msgs) StdoutLine: {'line': b'-- Up-to-date symlink: /home/carlos/ros2_ws/install/px4_msgs/share/px4_msgs/msg/ConfigOverrides.msg\n'}
[2.995854] (px4_msgs) StdoutLine: {'line': b'-- Up-to-date symlink: /home/carlos/ros2_ws/install/px4_msgs/share/px4_msgs/msg/ControlAllocatorStatus.msg\n'}
[2.995995] (px4_msgs) StdoutLine: {'line': b'-- Up-to-date symlink: /home/carlos/ros2_ws/install/px4_msgs/share/px4_msgs/msg/Cpuload.msg\n'}
[2.996119] (px4_msgs) StdoutLine: {'line': b'-- Up-to-date symlink: /home/carlos/ros2_ws/install/px4_msgs/share/px4_msgs/msg/DatamanRequest.msg\n'}
[2.996244] (px4_msgs) StdoutLine: {'line': b'-- Up-to-date symlink: /home/carlos/ros2_ws/install/px4_msgs/share/px4_msgs/msg/DatamanResponse.msg\n'}
[2.996370] (px4_msgs) StdoutLine: {'line': b'-- Up-to-date symlink: /home/carlos/ros2_ws/install/px4_msgs/share/px4_msgs/msg/DebugArray.msg\n'}
[2.996497] (px4_msgs) StdoutLine: {'line': b'-- Up-to-date symlink: /home/carlos/ros2_ws/install/px4_msgs/share/px4_msgs/msg/DebugKeyValue.msg\n'}
[2.996584] (px4_msgs) StdoutLine: {'line': b'-- Up-to-date symlink: /home/carlos/ros2_ws/install/px4_msgs/share/px4_msgs/msg/DebugValue.msg\n'}
[2.996677] (px4_msgs) StdoutLine: {'line': b'-- Up-to-date symlink: /home/carlos/ros2_ws/install/px4_msgs/share/px4_msgs/msg/DebugVect.msg\n'}
[2.996853] (px4_msgs) StdoutLine: {'line': b'-- Up-to-date symlink: /home/carlos/ros2_ws/install/px4_msgs/share/px4_msgs/msg/DifferentialPressure.msg\n'}
[2.997014] (px4_msgs) StdoutLine: {'line': b'-- Up-to-date symlink: /home/carlos/ros2_ws/install/px4_msgs/share/px4_msgs/msg/DistanceSensor.msg\n'}
[2.997149] (px4_msgs) StdoutLine: {'line': b'-- Up-to-date symlink: /home/carlos/ros2_ws/install/px4_msgs/share/px4_msgs/msg/DistanceSensorModeChangeRequest.msg\n'}
[2.997280] (px4_msgs) StdoutLine: {'line': b'-- Up-to-date symlink: /home/carlos/ros2_ws/install/px4_msgs/share/px4_msgs/msg/DronecanNodeStatus.msg\n'}
[2.997408] (px4_msgs) StdoutLine: {'line': b'-- Up-to-date symlink: /home/carlos/ros2_ws/install/px4_msgs/share/px4_msgs/msg/Ekf2Timestamps.msg\n'}
[2.997539] (px4_msgs) StdoutLine: {'line': b'-- Up-to-date symlink: /home/carlos/ros2_ws/install/px4_msgs/share/px4_msgs/msg/EscReport.msg\n'}
[2.997666] (px4_msgs) StdoutLine: {'line': b'-- Up-to-date symlink: /home/carlos/ros2_ws/install/px4_msgs/share/px4_msgs/msg/EscStatus.msg\n'}
[2.997806] (px4_msgs) StdoutLine: {'line': b'-- Up-to-date symlink: /home/carlos/ros2_ws/install/px4_msgs/share/px4_msgs/msg/EstimatorAidSource1d.msg\n'}
[2.997934] (px4_msgs) StdoutLine: {'line': b'-- Up-to-date symlink: /home/carlos/ros2_ws/install/px4_msgs/share/px4_msgs/msg/EstimatorAidSource2d.msg\n'}
[2.998028] (px4_msgs) StdoutLine: {'line': b'-- Up-to-date symlink: /home/carlos/ros2_ws/install/px4_msgs/share/px4_msgs/msg/EstimatorAidSource3d.msg\n'}
[2.998125] (px4_msgs) StdoutLine: {'line': b'-- Up-to-date symlink: /home/carlos/ros2_ws/install/px4_msgs/share/px4_msgs/msg/EstimatorBias.msg\n'}
[2.998243] (px4_msgs) StdoutLine: {'line': b'-- Up-to-date symlink: /home/carlos/ros2_ws/install/px4_msgs/share/px4_msgs/msg/EstimatorBias3d.msg\n'}
[2.998365] (px4_msgs) StdoutLine: {'line': b'-- Up-to-date symlink: /home/carlos/ros2_ws/install/px4_msgs/share/px4_msgs/msg/EstimatorEventFlags.msg\n'}
[2.998486] (px4_msgs) StdoutLine: {'line': b'-- Up-to-date symlink: /home/carlos/ros2_ws/install/px4_msgs/share/px4_msgs/msg/EstimatorGpsStatus.msg\n'}
[2.998610] (px4_msgs) StdoutLine: {'line': b'-- Up-to-date symlink: /home/carlos/ros2_ws/install/px4_msgs/share/px4_msgs/msg/EstimatorInnovations.msg\n'}
[2.998732] (px4_msgs) StdoutLine: {'line': b'-- Up-to-date symlink: /home/carlos/ros2_ws/install/px4_msgs/share/px4_msgs/msg/EstimatorSelectorStatus.msg\n'}
[2.998864] (px4_msgs) StdoutLine: {'line': b'-- Up-to-date symlink: /home/carlos/ros2_ws/install/px4_msgs/share/px4_msgs/msg/EstimatorSensorBias.msg\n'}
[2.998984] (px4_msgs) StdoutLine: {'line': b'-- Up-to-date symlink: /home/carlos/ros2_ws/install/px4_msgs/share/px4_msgs/msg/EstimatorStates.msg\n'}
[2.999103] (px4_msgs) StdoutLine: {'line': b'-- Up-to-date symlink: /home/carlos/ros2_ws/install/px4_msgs/share/px4_msgs/msg/EstimatorStatus.msg\n'}
[2.999224] (px4_msgs) StdoutLine: {'line': b'-- Up-to-date symlink: /home/carlos/ros2_ws/install/px4_msgs/share/px4_msgs/msg/EstimatorStatusFlags.msg\n'}
[2.999342] (px4_msgs) StdoutLine: {'line': b'-- Up-to-date symlink: /home/carlos/ros2_ws/install/px4_msgs/share/px4_msgs/msg/Event.msg\n'}
[2.999462] (px4_msgs) StdoutLine: {'line': b'-- Up-to-date symlink: /home/carlos/ros2_ws/install/px4_msgs/share/px4_msgs/msg/FailsafeFlags.msg\n'}
[2.999583] (px4_msgs) StdoutLine: {'line': b'-- Up-to-date symlink: /home/carlos/ros2_ws/install/px4_msgs/share/px4_msgs/msg/FailureDetectorStatus.msg\n'}
[2.999702] (px4_msgs) StdoutLine: {'line': b'-- Up-to-date symlink: /home/carlos/ros2_ws/install/px4_msgs/share/px4_msgs/msg/FigureEightStatus.msg\n'}
[2.999836] (px4_msgs) StdoutLine: {'line': b'-- Up-to-date symlink: /home/carlos/ros2_ws/install/px4_msgs/share/px4_msgs/msg/FixedWingLateralGuidanceStatus.msg\n'}
[2.999959] (px4_msgs) StdoutLine: {'line': b'-- Up-to-date symlink: /home/carlos/ros2_ws/install/px4_msgs/share/px4_msgs/msg/FixedWingLateralSetpoint.msg\n'}
[3.000080] (px4_msgs) StdoutLine: {'line': b'-- Up-to-date symlink: /home/carlos/ros2_ws/install/px4_msgs/share/px4_msgs/msg/FixedWingLateralStatus.msg\n'}
[3.000202] (px4_msgs) StdoutLine: {'line': b'-- Up-to-date symlink: /home/carlos/ros2_ws/install/px4_msgs/share/px4_msgs/msg/FixedWingLongitudinalSetpoint.msg\n'}
[3.000329] (px4_msgs) StdoutLine: {'line': b'-- Up-to-date symlink: /home/carlos/ros2_ws/install/px4_msgs/share/px4_msgs/msg/FixedWingRunwayControl.msg\n'}
[3.000450] (px4_msgs) StdoutLine: {'line': b'-- Up-to-date symlink: /home/carlos/ros2_ws/install/px4_msgs/share/px4_msgs/msg/FlightPhaseEstimation.msg\n'}
[3.000569] (px4_msgs) StdoutLine: {'line': b'-- Up-to-date symlink: /home/carlos/ros2_ws/install/px4_msgs/share/px4_msgs/msg/FollowTarget.msg\n'}
[3.000689] (px4_msgs) StdoutLine: {'line': b'-- Up-to-date symlink: /home/carlos/ros2_ws/install/px4_msgs/share/px4_msgs/msg/FollowTargetEstimator.msg\n'}
[3.000821] (px4_msgs) StdoutLine: {'line': b'-- Up-to-date symlink: /home/carlos/ros2_ws/install/px4_msgs/share/px4_msgs/msg/FollowTargetStatus.msg\n'}
[3.000940] (px4_msgs) StdoutLine: {'line': b'-- Up-to-date symlink: /home/carlos/ros2_ws/install/px4_msgs/share/px4_msgs/msg/FuelTankStatus.msg\n'}
[3.001058] (px4_msgs) StdoutLine: {'line': b'-- Up-to-date symlink: /home/carlos/ros2_ws/install/px4_msgs/share/px4_msgs/msg/GeneratorStatus.msg\n'}
[3.001176] (px4_msgs) StdoutLine: {'line': b'-- Up-to-date symlink: /home/carlos/ros2_ws/install/px4_msgs/share/px4_msgs/msg/GeofenceResult.msg\n'}
[3.001294] (px4_msgs) StdoutLine: {'line': b'-- Up-to-date symlink: /home/carlos/ros2_ws/install/px4_msgs/share/px4_msgs/msg/GeofenceStatus.msg\n'}
[3.001412] (px4_msgs) StdoutLine: {'line': b'-- Up-to-date symlink: /home/carlos/ros2_ws/install/px4_msgs/share/px4_msgs/msg/GimbalControls.msg\n'}
[3.001531] (px4_msgs) StdoutLine: {'line': b'-- Up-to-date symlink: /home/carlos/ros2_ws/install/px4_msgs/share/px4_msgs/msg/GimbalDeviceAttitudeStatus.msg\n'}
[3.001646] (px4_msgs) StdoutLine: {'line': b'-- Up-to-date symlink: /home/carlos/ros2_ws/install/px4_msgs/share/px4_msgs/msg/GimbalDeviceInformation.msg\n'}
[3.001771] (px4_msgs) StdoutLine: {'line': b'-- Up-to-date symlink: /home/carlos/ros2_ws/install/px4_msgs/share/px4_msgs/msg/GimbalDeviceSetAttitude.msg\n'}
[3.001895] (px4_msgs) StdoutLine: {'line': b'-- Up-to-date symlink: /home/carlos/ros2_ws/install/px4_msgs/share/px4_msgs/msg/GimbalManagerInformation.msg\n'}
[3.002013] (px4_msgs) StdoutLine: {'line': b'-- Up-to-date symlink: /home/carlos/ros2_ws/install/px4_msgs/share/px4_msgs/msg/GimbalManagerSetAttitude.msg\n'}
[3.002132] (px4_msgs) StdoutLine: {'line': b'-- Up-to-date symlink: /home/carlos/ros2_ws/install/px4_msgs/share/px4_msgs/msg/GimbalManagerSetManualControl.msg\n'}
[3.002253] (px4_msgs) StdoutLine: {'line': b'-- Up-to-date symlink: /home/carlos/ros2_ws/install/px4_msgs/share/px4_msgs/msg/GimbalManagerStatus.msg\n'}
[3.002372] (px4_msgs) StdoutLine: {'line': b'-- Up-to-date symlink: /home/carlos/ros2_ws/install/px4_msgs/share/px4_msgs/msg/GotoSetpoint.msg\n'}
[3.002488] (px4_msgs) StdoutLine: {'line': b'-- Up-to-date symlink: /home/carlos/ros2_ws/install/px4_msgs/share/px4_msgs/msg/GpioConfig.msg\n'}
[3.002604] (px4_msgs) StdoutLine: {'line': b'-- Up-to-date symlink: /home/carlos/ros2_ws/install/px4_msgs/share/px4_msgs/msg/GpioIn.msg\n'}
[3.002727] (px4_msgs) StdoutLine: {'line': b'-- Up-to-date symlink: /home/carlos/ros2_ws/install/px4_msgs/share/px4_msgs/msg/GpioOut.msg\n'}
[3.002855] (px4_msgs) StdoutLine: {'line': b'-- Up-to-date symlink: /home/carlos/ros2_ws/install/px4_msgs/share/px4_msgs/msg/GpioRequest.msg\n'}
[3.002973] (px4_msgs) StdoutLine: {'line': b'-- Up-to-date symlink: /home/carlos/ros2_ws/install/px4_msgs/share/px4_msgs/msg/GpsDump.msg\n'}
[3.003092] (px4_msgs) StdoutLine: {'line': b'-- Up-to-date symlink: /home/carlos/ros2_ws/install/px4_msgs/share/px4_msgs/msg/GpsInjectData.msg\n'}
[3.003210] (px4_msgs) StdoutLine: {'line': b'-- Up-to-date symlink: /home/carlos/ros2_ws/install/px4_msgs/share/px4_msgs/msg/Gripper.msg\n'}
[3.003329] (px4_msgs) StdoutLine: {'line': b'-- Up-to-date symlink: /home/carlos/ros2_ws/install/px4_msgs/share/px4_msgs/msg/HealthReport.msg\n'}
[3.003449] (px4_msgs) StdoutLine: {'line': b'-- Up-to-date symlink: /home/carlos/ros2_ws/install/px4_msgs/share/px4_msgs/msg/HeaterStatus.msg\n'}
[3.003566] (px4_msgs) StdoutLine: {'line': b'-- Up-to-date symlink: /home/carlos/ros2_ws/install/px4_msgs/share/px4_msgs/msg/HomePosition.msg\n'}
[3.003688] (px4_msgs) StdoutLine: {'line': b'-- Up-to-date symlink: /home/carlos/ros2_ws/install/px4_msgs/share/px4_msgs/msg/HoverThrustEstimate.msg\n'}
[3.003817] (px4_msgs) StdoutLine: {'line': b'-- Up-to-date symlink: /home/carlos/ros2_ws/install/px4_msgs/share/px4_msgs/msg/InputRc.msg\n'}
[3.003939] (px4_msgs) StdoutLine: {'line': b'-- Up-to-date symlink: /home/carlos/ros2_ws/install/px4_msgs/share/px4_msgs/msg/InternalCombustionEngineControl.msg\n'}
[3.004056] (px4_msgs) StdoutLine: {'line': b'-- Up-to-date symlink: /home/carlos/ros2_ws/install/px4_msgs/share/px4_msgs/msg/InternalCombustionEngineStatus.msg\n'}
[3.004174] (px4_msgs) StdoutLine: {'line': b'-- Up-to-date symlink: /home/carlos/ros2_ws/install/px4_msgs/share/px4_msgs/msg/IridiumsbdStatus.msg\n'}
[3.004290] (px4_msgs) StdoutLine: {'line': b'-- Up-to-date symlink: /home/carlos/ros2_ws/install/px4_msgs/share/px4_msgs/msg/IrlockReport.msg\n'}
[3.004407] (px4_msgs) StdoutLine: {'line': b'-- Up-to-date symlink: /home/carlos/ros2_ws/install/px4_msgs/share/px4_msgs/msg/LandingGear.msg\n'}
[3.004528] (px4_msgs) StdoutLine: {'line': b'-- Up-to-date symlink: /home/carlos/ros2_ws/install/px4_msgs/share/px4_msgs/msg/LandingGearWheel.msg\n'}
[3.004648] (px4_msgs) StdoutLine: {'line': b'-- Up-to-date symlink: /home/carlos/ros2_ws/install/px4_msgs/share/px4_msgs/msg/LandingTargetInnovations.msg\n'}
[3.004773] (px4_msgs) StdoutLine: {'line': b'-- Up-to-date symlink: /home/carlos/ros2_ws/install/px4_msgs/share/px4_msgs/msg/LandingTargetPose.msg\n'}
[3.004895] (px4_msgs) StdoutLine: {'line': b'-- Up-to-date symlink: /home/carlos/ros2_ws/install/px4_msgs/share/px4_msgs/msg/LateralControlConfiguration.msg\n'}
[3.005014] (px4_msgs) StdoutLine: {'line': b'-- Up-to-date symlink: /home/carlos/ros2_ws/install/px4_msgs/share/px4_msgs/msg/LaunchDetectionStatus.msg\n'}
[3.005138] (px4_msgs) StdoutLine: {'line': b'-- Up-to-date symlink: /home/carlos/ros2_ws/install/px4_msgs/share/px4_msgs/msg/LedControl.msg\n'}
[3.005258] (px4_msgs) StdoutLine: {'line': b'-- Up-to-date symlink: /home/carlos/ros2_ws/install/px4_msgs/share/px4_msgs/msg/LogMessage.msg\n'}
[3.005376] (px4_msgs) StdoutLine: {'line': b'-- Up-to-date symlink: /home/carlos/ros2_ws/install/px4_msgs/share/px4_msgs/msg/LoggerStatus.msg\n'}
[3.005499] (px4_msgs) StdoutLine: {'line': b'-- Up-to-date symlink: /home/carlos/ros2_ws/install/px4_msgs/share/px4_msgs/msg/LongitudinalControlConfiguration.msg\n'}
[3.005621] (px4_msgs) StdoutLine: {'line': b'-- Up-to-date symlink: /home/carlos/ros2_ws/install/px4_msgs/share/px4_msgs/msg/MagWorkerData.msg\n'}
[3.005743] (px4_msgs) StdoutLine: {'line': b'-- Up-to-date symlink: /home/carlos/ros2_ws/install/px4_msgs/share/px4_msgs/msg/MagnetometerBiasEstimate.msg\n'}
[3.005875] (px4_msgs) StdoutLine: {'line': b'-- Up-to-date symlink: /home/carlos/ros2_ws/install/px4_msgs/share/px4_msgs/msg/ManualControlSetpoint.msg\n'}
[3.005997] (px4_msgs) StdoutLine: {'line': b'-- Up-to-date symlink: /home/carlos/ros2_ws/install/px4_msgs/share/px4_msgs/msg/ManualControlSwitches.msg\n'}
[3.006116] (px4_msgs) StdoutLine: {'line': b'-- Up-to-date symlink: /home/carlos/ros2_ws/install/px4_msgs/share/px4_msgs/msg/MavlinkLog.msg\n'}
[3.006234] (px4_msgs) StdoutLine: {'line': b'-- Up-to-date symlink: /home/carlos/ros2_ws/install/px4_msgs/share/px4_msgs/msg/MavlinkTunnel.msg\n'}
[3.006350] (px4_msgs) StdoutLine: {'line': b'-- Up-to-date symlink: /home/carlos/ros2_ws/install/px4_msgs/share/px4_msgs/msg/MessageFormatRequest.msg\n'}
[3.006405] (-) TimerEvent: {}
[3.006473] (px4_msgs) StdoutLine: {'line': b'-- Up-to-date symlink: /home/carlos/ros2_ws/install/px4_msgs/share/px4_msgs/msg/MessageFormatResponse.msg\n'}
[3.006600] (px4_msgs) StdoutLine: {'line': b'-- Up-to-date symlink: /home/carlos/ros2_ws/install/px4_msgs/share/px4_msgs/msg/Mission.msg\n'}
[3.006710] (px4_msgs) StdoutLine: {'line': b'-- Up-to-date symlink: /home/carlos/ros2_ws/install/px4_msgs/share/px4_msgs/msg/MissionResult.msg\n'}
[3.006880] (px4_msgs) StdoutLine: {'line': b'-- Up-to-date symlink: /home/carlos/ros2_ws/install/px4_msgs/share/px4_msgs/msg/ModeCompleted.msg\n'}
[3.007034] (px4_msgs) StdoutLine: {'line': b'-- Up-to-date symlink: /home/carlos/ros2_ws/install/px4_msgs/share/px4_msgs/msg/MountOrientation.msg\n'}
[3.007176] (px4_msgs) StdoutLine: {'line': b'-- Up-to-date symlink: /home/carlos/ros2_ws/install/px4_msgs/share/px4_msgs/msg/NavigatorMissionItem.msg\n'}
[3.007317] (px4_msgs) StdoutLine: {'line': b'-- Up-to-date symlink: /home/carlos/ros2_ws/install/px4_msgs/share/px4_msgs/msg/NavigatorStatus.msg\n'}
[3.007406] (px4_msgs) StdoutLine: {'line': b'-- Up-to-date symlink: /home/carlos/ros2_ws/install/px4_msgs/share/px4_msgs/msg/NeuralControl.msg\n'}
[3.007523] (px4_msgs) StdoutLine: {'line': b'-- Up-to-date symlink: /home/carlos/ros2_ws/install/px4_msgs/share/px4_msgs/msg/NormalizedUnsignedSetpoint.msg\n'}
[3.007652] (px4_msgs) StdoutLine: {'line': b'-- Up-to-date symlink: /home/carlos/ros2_ws/install/px4_msgs/share/px4_msgs/msg/ObstacleDistance.msg\n'}
[3.007764] (px4_msgs) StdoutLine: {'line': b'-- Up-to-date symlink: /home/carlos/ros2_ws/install/px4_msgs/share/px4_msgs/msg/OffboardControlMode.msg\n'}
[3.007910] (px4_msgs) StdoutLine: {'line': b'-- Up-to-date symlink: /home/carlos/ros2_ws/install/px4_msgs/share/px4_msgs/msg/OnboardComputerStatus.msg\n'}
[3.008053] (px4_msgs) StdoutLine: {'line': b'-- Up-to-date symlink: /home/carlos/ros2_ws/install/px4_msgs/share/px4_msgs/msg/OpenDroneIdArmStatus.msg\n'}
[3.008185] (px4_msgs) StdoutLine: {'line': b'-- Up-to-date symlink: /home/carlos/ros2_ws/install/px4_msgs/share/px4_msgs/msg/OpenDroneIdOperatorId.msg\n'}
[3.008318] (px4_msgs) StdoutLine: {'line': b'-- Up-to-date symlink: /home/carlos/ros2_ws/install/px4_msgs/share/px4_msgs/msg/OpenDroneIdSelfId.msg\n'}
[3.008450] (px4_msgs) StdoutLine: {'line': b'-- Up-to-date symlink: /home/carlos/ros2_ws/install/px4_msgs/share/px4_msgs/msg/OpenDroneIdSystem.msg\n'}
[3.008586] (px4_msgs) StdoutLine: {'line': b'-- Up-to-date symlink: /home/carlos/ros2_ws/install/px4_msgs/share/px4_msgs/msg/OrbTest.msg\n'}
[3.008718] (px4_msgs) StdoutLine: {'line': b'-- Up-to-date symlink: /home/carlos/ros2_ws/install/px4_msgs/share/px4_msgs/msg/OrbTestLarge.msg\n'}
[3.009001] (px4_msgs) StdoutLine: {'line': b'-- Up-to-date symlink: /home/carlos/ros2_ws/install/px4_msgs/share/px4_msgs/msg/OrbTestMedium.msg\n'}
[3.009288] (px4_msgs) StdoutLine: {'line': b'-- Up-to-date symlink: /home/carlos/ros2_ws/install/px4_msgs/share/px4_msgs/msg/OrbitStatus.msg\n'}
[3.009588] (px4_msgs) StdoutLine: {'line': b'-- Up-to-date symlink: /home/carlos/ros2_ws/install/px4_msgs/share/px4_msgs/msg/ParameterResetRequest.msg\n'}
[3.009907] (px4_msgs) StdoutLine: {'line': b'-- Up-to-date symlink: /home/carlos/ros2_ws/install/px4_msgs/share/px4_msgs/msg/ParameterSetUsedRequest.msg\n'}
[3.010149] (px4_msgs) StdoutLine: {'line': b'-- Up-to-date symlink: /home/carlos/ros2_ws/install/px4_msgs/share/px4_msgs/msg/ParameterSetValueRequest.msg\n'}
[3.010350] (px4_msgs) StdoutLine: {'line': b'-- Up-to-date symlink: /home/carlos/ros2_ws/install/px4_msgs/share/px4_msgs/msg/ParameterSetValueResponse.msg\n'}
[3.010537] (px4_msgs) StdoutLine: {'line': b'-- Up-to-date symlink: /home/carlos/ros2_ws/install/px4_msgs/share/px4_msgs/msg/ParameterUpdate.msg\n'}
[3.010725] (px4_msgs) StdoutLine: {'line': b'-- Up-to-date symlink: /home/carlos/ros2_ws/install/px4_msgs/share/px4_msgs/msg/Ping.msg\n'}
[3.010946] (px4_msgs) StdoutLine: {'line': b'-- Up-to-date symlink: /home/carlos/ros2_ws/install/px4_msgs/share/px4_msgs/msg/PositionControllerLandingStatus.msg\n'}
[3.011137] (px4_msgs) StdoutLine: {'line': b'-- Up-to-date symlink: /home/carlos/ros2_ws/install/px4_msgs/share/px4_msgs/msg/PositionControllerStatus.msg\n'}
[3.011313] (px4_msgs) StdoutLine: {'line': b'-- Up-to-date symlink: /home/carlos/ros2_ws/install/px4_msgs/share/px4_msgs/msg/PositionSetpoint.msg\n'}
[3.011457] (px4_msgs) StdoutLine: {'line': b'-- Up-to-date symlink: /home/carlos/ros2_ws/install/px4_msgs/share/px4_msgs/msg/PositionSetpointTriplet.msg\n'}
[3.011599] (px4_msgs) StdoutLine: {'line': b'-- Up-to-date symlink: /home/carlos/ros2_ws/install/px4_msgs/share/px4_msgs/msg/PowerButtonState.msg\n'}
[3.011742] (px4_msgs) StdoutLine: {'line': b'-- Up-to-date symlink: /home/carlos/ros2_ws/install/px4_msgs/share/px4_msgs/msg/PowerMonitor.msg\n'}
[3.011907] (px4_msgs) StdoutLine: {'line': b'-- Up-to-date symlink: /home/carlos/ros2_ws/install/px4_msgs/share/px4_msgs/msg/PpsCapture.msg\n'}
[3.012047] (px4_msgs) StdoutLine: {'line': b'-- Up-to-date symlink: /home/carlos/ros2_ws/install/px4_msgs/share/px4_msgs/msg/PurePursuitStatus.msg\n'}
[3.012189] (px4_msgs) StdoutLine: {'line': b'-- Up-to-date symlink: /home/carlos/ros2_ws/install/px4_msgs/share/px4_msgs/msg/PwmInput.msg\n'}
[3.012329] (px4_msgs) StdoutLine: {'line': b'-- Up-to-date symlink: /home/carlos/ros2_ws/install/px4_msgs/share/px4_msgs/msg/Px4ioStatus.msg\n'}
[3.012462] (px4_msgs) StdoutLine: {'line': b'-- Up-to-date symlink: /home/carlos/ros2_ws/install/px4_msgs/share/px4_msgs/msg/QshellReq.msg\n'}
[3.012586] (px4_msgs) StdoutLine: {'line': b'-- Up-to-date symlink: /home/carlos/ros2_ws/install/px4_msgs/share/px4_msgs/msg/QshellRetval.msg\n'}
[3.012709] (px4_msgs) StdoutLine: {'line': b'-- Up-to-date symlink: /home/carlos/ros2_ws/install/px4_msgs/share/px4_msgs/msg/RadioStatus.msg\n'}
[3.012848] (px4_msgs) StdoutLine: {'line': b'-- Up-to-date symlink: /home/carlos/ros2_ws/install/px4_msgs/share/px4_msgs/msg/RateCtrlStatus.msg\n'}
[3.012990] (px4_msgs) StdoutLine: {'line': b'-- Up-to-date symlink: /home/carlos/ros2_ws/install/px4_msgs/share/px4_msgs/msg/RcChannels.msg\n'}
[3.013110] (px4_msgs) StdoutLine: {'line': b'-- Up-to-date symlink: /home/carlos/ros2_ws/install/px4_msgs/share/px4_msgs/msg/RcParameterMap.msg\n'}
[3.013251] (px4_msgs) StdoutLine: {'line': b'-- Up-to-date symlink: /home/carlos/ros2_ws/install/px4_msgs/share/px4_msgs/msg/RegisterExtComponentReply.msg\n'}
[3.013378] (px4_msgs) StdoutLine: {'line': b'-- Up-to-date symlink: /home/carlos/ros2_ws/install/px4_msgs/share/px4_msgs/msg/RegisterExtComponentRequest.msg\n'}
[3.013504] (px4_msgs) StdoutLine: {'line': b'-- Up-to-date symlink: /home/carlos/ros2_ws/install/px4_msgs/share/px4_msgs/msg/RoverAttitudeSetpoint.msg\n'}
[3.013636] (px4_msgs) StdoutLine: {'line': b'-- Up-to-date symlink: /home/carlos/ros2_ws/install/px4_msgs/share/px4_msgs/msg/RoverAttitudeStatus.msg\n'}
[3.013776] (px4_msgs) StdoutLine: {'line': b'-- Up-to-date symlink: /home/carlos/ros2_ws/install/px4_msgs/share/px4_msgs/msg/RoverPositionSetpoint.msg\n'}
[3.013912] (px4_msgs) StdoutLine: {'line': b'-- Up-to-date symlink: /home/carlos/ros2_ws/install/px4_msgs/share/px4_msgs/msg/RoverRateSetpoint.msg\n'}
[3.014038] (px4_msgs) StdoutLine: {'line': b'-- Up-to-date symlink: /home/carlos/ros2_ws/install/px4_msgs/share/px4_msgs/msg/RoverRateStatus.msg\n'}
[3.014168] (px4_msgs) StdoutLine: {'line': b'-- Up-to-date symlink: /home/carlos/ros2_ws/install/px4_msgs/share/px4_msgs/msg/RoverSpeedSetpoint.msg\n'}
[3.014307] (px4_msgs) StdoutLine: {'line': b'-- Up-to-date symlink: /home/carlos/ros2_ws/install/px4_msgs/share/px4_msgs/msg/RoverSpeedStatus.msg\n'}
[3.014435] (px4_msgs) StdoutLine: {'line': b'-- Up-to-date symlink: /home/carlos/ros2_ws/install/px4_msgs/share/px4_msgs/msg/RoverSteeringSetpoint.msg\n'}
[3.014564] (px4_msgs) StdoutLine: {'line': b'-- Up-to-date symlink: /home/carlos/ros2_ws/install/px4_msgs/share/px4_msgs/msg/RoverThrottleSetpoint.msg\n'}
[3.014692] (px4_msgs) StdoutLine: {'line': b'-- Up-to-date symlink: /home/carlos/ros2_ws/install/px4_msgs/share/px4_msgs/msg/Rpm.msg\n'}
[3.014840] (px4_msgs) StdoutLine: {'line': b'-- Up-to-date symlink: /home/carlos/ros2_ws/install/px4_msgs/share/px4_msgs/msg/RtlStatus.msg\n'}
[3.014963] (px4_msgs) StdoutLine: {'line': b'-- Up-to-date symlink: /home/carlos/ros2_ws/install/px4_msgs/share/px4_msgs/msg/RtlTimeEstimate.msg\n'}
[3.015084] (px4_msgs) StdoutLine: {'line': b'-- Up-to-date symlink: /home/carlos/ros2_ws/install/px4_msgs/share/px4_msgs/msg/SatelliteInfo.msg\n'}
[3.015206] (px4_msgs) StdoutLine: {'line': b'-- Up-to-date symlink: /home/carlos/ros2_ws/install/px4_msgs/share/px4_msgs/msg/SensorAccel.msg\n'}
[3.015329] (px4_msgs) StdoutLine: {'line': b'-- Up-to-date symlink: /home/carlos/ros2_ws/install/px4_msgs/share/px4_msgs/msg/SensorAccelFifo.msg\n'}
[3.015450] (px4_msgs) StdoutLine: {'line': b'-- Up-to-date symlink: /home/carlos/ros2_ws/install/px4_msgs/share/px4_msgs/msg/SensorAirflow.msg\n'}
[3.015572] (px4_msgs) StdoutLine: {'line': b'-- Up-to-date symlink: /home/carlos/ros2_ws/install/px4_msgs/share/px4_msgs/msg/SensorBaro.msg\n'}
[3.015695] (px4_msgs) StdoutLine: {'line': b'-- Up-to-date symlink: /home/carlos/ros2_ws/install/px4_msgs/share/px4_msgs/msg/SensorCombined.msg\n'}
[3.015834] (px4_msgs) StdoutLine: {'line': b'-- Up-to-date symlink: /home/carlos/ros2_ws/install/px4_msgs/share/px4_msgs/msg/SensorCorrection.msg\n'}
[3.015957] (px4_msgs) StdoutLine: {'line': b'-- Up-to-date symlink: /home/carlos/ros2_ws/install/px4_msgs/share/px4_msgs/msg/SensorGnssRelative.msg\n'}
[3.016072] (px4_msgs) StdoutLine: {'line': b'-- Up-to-date symlink: /home/carlos/ros2_ws/install/px4_msgs/share/px4_msgs/msg/SensorGnssStatus.msg\n'}
[3.016189] (px4_msgs) StdoutLine: {'line': b'-- Up-to-date symlink: /home/carlos/ros2_ws/install/px4_msgs/share/px4_msgs/msg/SensorGps.msg\n'}
[3.016315] (px4_msgs) StdoutLine: {'line': b'-- Up-to-date symlink: /home/carlos/ros2_ws/install/px4_msgs/share/px4_msgs/msg/SensorGyro.msg\n'}
[3.016434] (px4_msgs) StdoutLine: {'line': b'-- Up-to-date symlink: /home/carlos/ros2_ws/install/px4_msgs/share/px4_msgs/msg/SensorGyroFft.msg\n'}
[3.016552] (px4_msgs) StdoutLine: {'line': b'-- Up-to-date symlink: /home/carlos/ros2_ws/install/px4_msgs/share/px4_msgs/msg/SensorGyroFifo.msg\n'}
[3.016669] (px4_msgs) StdoutLine: {'line': b'-- Up-to-date symlink: /home/carlos/ros2_ws/install/px4_msgs/share/px4_msgs/msg/SensorHygrometer.msg\n'}
[3.016801] (px4_msgs) StdoutLine: {'line': b'-- Up-to-date symlink: /home/carlos/ros2_ws/install/px4_msgs/share/px4_msgs/msg/SensorMag.msg\n'}
[3.016919] (px4_msgs) StdoutLine: {'line': b'-- Up-to-date symlink: /home/carlos/ros2_ws/install/px4_msgs/share/px4_msgs/msg/SensorOpticalFlow.msg\n'}
[3.017039] (px4_msgs) StdoutLine: {'line': b'-- Up-to-date symlink: /home/carlos/ros2_ws/install/px4_msgs/share/px4_msgs/msg/SensorPreflightMag.msg\n'}
[3.017156] (px4_msgs) StdoutLine: {'line': b'-- Up-to-date symlink: /home/carlos/ros2_ws/install/px4_msgs/share/px4_msgs/msg/SensorSelection.msg\n'}
[3.017276] (px4_msgs) StdoutLine: {'line': b'-- Up-to-date symlink: /home/carlos/ros2_ws/install/px4_msgs/share/px4_msgs/msg/SensorUwb.msg\n'}
[3.017395] (px4_msgs) StdoutLine: {'line': b'-- Up-to-date symlink: /home/carlos/ros2_ws/install/px4_msgs/share/px4_msgs/msg/SensorsStatus.msg\n'}
[3.017513] (px4_msgs) StdoutLine: {'line': b'-- Up-to-date symlink: /home/carlos/ros2_ws/install/px4_msgs/share/px4_msgs/msg/SensorsStatusImu.msg\n'}
[3.017631] (px4_msgs) StdoutLine: {'line': b'-- Up-to-date symlink: /home/carlos/ros2_ws/install/px4_msgs/share/px4_msgs/msg/SystemPower.msg\n'}
[3.017756] (px4_msgs) StdoutLine: {'line': b'-- Up-to-date symlink: /home/carlos/ros2_ws/install/px4_msgs/share/px4_msgs/msg/TakeoffStatus.msg\n'}
[3.017881] (px4_msgs) StdoutLine: {'line': b'-- Up-to-date symlink: /home/carlos/ros2_ws/install/px4_msgs/share/px4_msgs/msg/TaskStackInfo.msg\n'}
[3.017997] (px4_msgs) StdoutLine: {'line': b'-- Up-to-date symlink: /home/carlos/ros2_ws/install/px4_msgs/share/px4_msgs/msg/TecsStatus.msg\n'}
[3.018116] (px4_msgs) StdoutLine: {'line': b'-- Up-to-date symlink: /home/carlos/ros2_ws/install/px4_msgs/share/px4_msgs/msg/TelemetryStatus.msg\n'}
[3.018237] (px4_msgs) StdoutLine: {'line': b'-- Up-to-date symlink: /home/carlos/ros2_ws/install/px4_msgs/share/px4_msgs/msg/TiltrotorExtraControls.msg\n'}
[3.018358] (px4_msgs) StdoutLine: {'line': b'-- Up-to-date symlink: /home/carlos/ros2_ws/install/px4_msgs/share/px4_msgs/msg/TimesyncStatus.msg\n'}
[3.018488] (px4_msgs) StdoutLine: {'line': b'-- Up-to-date symlink: /home/carlos/ros2_ws/install/px4_msgs/share/px4_msgs/msg/TrajectorySetpoint.msg\n'}
[3.018610] (px4_msgs) StdoutLine: {'line': b'-- Up-to-date symlink: /home/carlos/ros2_ws/install/px4_msgs/share/px4_msgs/msg/TrajectorySetpoint6dof.msg\n'}
[3.018732] (px4_msgs) StdoutLine: {'line': b'-- Up-to-date symlink: /home/carlos/ros2_ws/install/px4_msgs/share/px4_msgs/msg/TransponderReport.msg\n'}
[3.018870] (px4_msgs) StdoutLine: {'line': b'-- Up-to-date symlink: /home/carlos/ros2_ws/install/px4_msgs/share/px4_msgs/msg/TuneControl.msg\n'}
[3.018993] (px4_msgs) StdoutLine: {'line': b'-- Up-to-date symlink: /home/carlos/ros2_ws/install/px4_msgs/share/px4_msgs/msg/UavcanParameterRequest.msg\n'}
[3.019116] (px4_msgs) StdoutLine: {'line': b'-- Up-to-date symlink: /home/carlos/ros2_ws/install/px4_msgs/share/px4_msgs/msg/UavcanParameterValue.msg\n'}
[3.019238] (px4_msgs) StdoutLine: {'line': b'-- Up-to-date symlink: /home/carlos/ros2_ws/install/px4_msgs/share/px4_msgs/msg/UlogStream.msg\n'}
[3.019360] (px4_msgs) StdoutLine: {'line': b'-- Up-to-date symlink: /home/carlos/ros2_ws/install/px4_msgs/share/px4_msgs/msg/UlogStreamAck.msg\n'}
[3.019486] (px4_msgs) StdoutLine: {'line': b'-- Up-to-date symlink: /home/carlos/ros2_ws/install/px4_msgs/share/px4_msgs/msg/UnregisterExtComponent.msg\n'}
[3.019609] (px4_msgs) StdoutLine: {'line': b'-- Up-to-date symlink: /home/carlos/ros2_ws/install/px4_msgs/share/px4_msgs/msg/VehicleAcceleration.msg\n'}
[3.019727] (px4_msgs) StdoutLine: {'line': b'-- Up-to-date symlink: /home/carlos/ros2_ws/install/px4_msgs/share/px4_msgs/msg/VehicleAirData.msg\n'}
[3.019865] (px4_msgs) StdoutLine: {'line': b'-- Up-to-date symlink: /home/carlos/ros2_ws/install/px4_msgs/share/px4_msgs/msg/VehicleAngularAccelerationSetpoint.msg\n'}
[3.020022] (px4_msgs) StdoutLine: {'line': b'-- Up-to-date symlink: /home/carlos/ros2_ws/install/px4_msgs/share/px4_msgs/msg/VehicleAngularVelocity.msg\n'}
[3.020276] (px4_msgs) StdoutLine: {'line': b'-- Up-to-date symlink: /home/carlos/ros2_ws/install/px4_msgs/share/px4_msgs/msg/VehicleAttitude.msg\n'}
[3.020450] (px4_msgs) StdoutLine: {'line': b'-- Up-to-date symlink: /home/carlos/ros2_ws/install/px4_msgs/share/px4_msgs/msg/VehicleAttitudeSetpoint.msg\n'}
[3.020631] (px4_msgs) StdoutLine: {'line': b'-- Up-to-date symlink: /home/carlos/ros2_ws/install/px4_msgs/share/px4_msgs/msg/VehicleCommand.msg\n'}
[3.020787] (px4_msgs) StdoutLine: {'line': b'-- Up-to-date symlink: /home/carlos/ros2_ws/install/px4_msgs/share/px4_msgs/msg/VehicleCommandAck.msg\n'}
[3.020853] (px4_msgs) StdoutLine: {'line': b'-- Up-to-date symlink: /home/carlos/ros2_ws/install/px4_msgs/share/px4_msgs/msg/VehicleConstraints.msg\n'}
[3.020910] (px4_msgs) StdoutLine: {'line': b'-- Up-to-date symlink: /home/carlos/ros2_ws/install/px4_msgs/share/px4_msgs/msg/VehicleControlMode.msg\n'}
[3.020996] (px4_msgs) StdoutLine: {'line': b'-- Up-to-date symlink: /home/carlos/ros2_ws/install/px4_msgs/share/px4_msgs/msg/VehicleGlobalPosition.msg\n'}
[3.021061] (px4_msgs) StdoutLine: {'line': b'-- Up-to-date symlink: /home/carlos/ros2_ws/install/px4_msgs/share/px4_msgs/msg/VehicleImu.msg\n'}
[3.021144] (px4_msgs) StdoutLine: {'line': b'-- Up-to-date symlink: /home/carlos/ros2_ws/install/px4_msgs/share/px4_msgs/msg/VehicleImuStatus.msg\n'}
[3.021233] (px4_msgs) StdoutLine: {'line': b'-- Up-to-date symlink: /home/carlos/ros2_ws/install/px4_msgs/share/px4_msgs/msg/VehicleLandDetected.msg\n'}
[3.021327] (px4_msgs) StdoutLine: {'line': b'-- Up-to-date symlink: /home/carlos/ros2_ws/install/px4_msgs/share/px4_msgs/msg/VehicleLocalPosition.msg\n'}
[3.021472] (px4_msgs) StdoutLine: {'line': b'-- Up-to-date symlink: /home/carlos/ros2_ws/install/px4_msgs/share/px4_msgs/msg/VehicleLocalPositionSetpoint.msg\n'}
[3.021585] (px4_msgs) StdoutLine: {'line': b'-- Up-to-date symlink: /home/carlos/ros2_ws/install/px4_msgs/share/px4_msgs/msg/VehicleMagnetometer.msg\n'}
[3.021689] (px4_msgs) StdoutLine: {'line': b'-- Up-to-date symlink: /home/carlos/ros2_ws/install/px4_msgs/share/px4_msgs/msg/VehicleOdometry.msg\n'}
[3.021816] (px4_msgs) StdoutLine: {'line': b'-- Up-to-date symlink: /home/carlos/ros2_ws/install/px4_msgs/share/px4_msgs/msg/VehicleOpticalFlow.msg\n'}
[3.021942] (px4_msgs) StdoutLine: {'line': b'-- Up-to-date symlink: /home/carlos/ros2_ws/install/px4_msgs/share/px4_msgs/msg/VehicleOpticalFlowVel.msg\n'}
[3.022076] (px4_msgs) StdoutLine: {'line': b'-- Up-to-date symlink: /home/carlos/ros2_ws/install/px4_msgs/share/px4_msgs/msg/VehicleRatesSetpoint.msg\n'}
[3.022209] (px4_msgs) StdoutLine: {'line': b'-- Up-to-date symlink: /home/carlos/ros2_ws/install/px4_msgs/share/px4_msgs/msg/VehicleRoi.msg\n'}
[3.022341] (px4_msgs) StdoutLine: {'line': b'-- Up-to-date symlink: /home/carlos/ros2_ws/install/px4_msgs/share/px4_msgs/msg/VehicleStatus.msg\n'}
[3.022506] (px4_msgs) StdoutLine: {'line': b'-- Up-to-date symlink: /home/carlos/ros2_ws/install/px4_msgs/share/px4_msgs/msg/VehicleThrustSetpoint.msg\n'}
[3.022636] (px4_msgs) StdoutLine: {'line': b'-- Up-to-date symlink: /home/carlos/ros2_ws/install/px4_msgs/share/px4_msgs/msg/VehicleTorqueSetpoint.msg\n'}
[3.022758] (px4_msgs) StdoutLine: {'line': b'-- Up-to-date symlink: /home/carlos/ros2_ws/install/px4_msgs/share/px4_msgs/msg/VelocityLimits.msg\n'}
[3.023021] (px4_msgs) StdoutLine: {'line': b'-- Up-to-date symlink: /home/carlos/ros2_ws/install/px4_msgs/share/px4_msgs/msg/VtolVehicleStatus.msg\n'}
[3.023176] (px4_msgs) StdoutLine: {'line': b'-- Up-to-date symlink: /home/carlos/ros2_ws/install/px4_msgs/share/px4_msgs/msg/WheelEncoders.msg\n'}
[3.023371] (px4_msgs) StdoutLine: {'line': b'-- Up-to-date symlink: /home/carlos/ros2_ws/install/px4_msgs/share/px4_msgs/msg/Wind.msg\n'}
[3.023553] (px4_msgs) StdoutLine: {'line': b'-- Up-to-date symlink: /home/carlos/ros2_ws/install/px4_msgs/share/px4_msgs/msg/YawEstimatorStatus.msg\n'}
[3.023764] (px4_msgs) StdoutLine: {'line': b'-- Up-to-date symlink: /home/carlos/ros2_ws/install/px4_msgs/share/px4_msgs/srv/VehicleCommand.srv\n'}
[3.023917] (px4_msgs) StdoutLine: {'line': b'-- Up-to-date symlink: /home/carlos/ros2_ws/install/px4_msgs/share/ament_index/resource_index/package_run_dependencies/px4_msgs\n'}
[3.024078] (px4_msgs) StdoutLine: {'line': b'-- Up-to-date symlink: /home/carlos/ros2_ws/install/px4_msgs/share/ament_index/resource_index/parent_prefix_path/px4_msgs\n'}
[3.024342] (px4_msgs) StdoutLine: {'line': b'-- Up-to-date symlink: /home/carlos/ros2_ws/install/px4_msgs/share/px4_msgs/environment/ament_prefix_path.sh\n'}
[3.024402] (px4_msgs) StdoutLine: {'line': b'-- Up-to-date symlink: /home/carlos/ros2_ws/install/px4_msgs/share/px4_msgs/environment/ament_prefix_path.dsv\n'}
[3.024471] (px4_msgs) StdoutLine: {'line': b'-- Up-to-date symlink: /home/carlos/ros2_ws/install/px4_msgs/share/px4_msgs/environment/path.sh\n'}
[3.024544] (px4_msgs) StdoutLine: {'line': b'-- Up-to-date symlink: /home/carlos/ros2_ws/install/px4_msgs/share/px4_msgs/environment/path.dsv\n'}
[3.024622] (px4_msgs) StdoutLine: {'line': b'-- Up-to-date symlink: /home/carlos/ros2_ws/install/px4_msgs/share/px4_msgs/local_setup.bash\n'}
[3.024705] (px4_msgs) StdoutLine: {'line': b'-- Up-to-date symlink: /home/carlos/ros2_ws/install/px4_msgs/share/px4_msgs/local_setup.sh\n'}
[3.024819] (px4_msgs) StdoutLine: {'line': b'-- Up-to-date symlink: /home/carlos/ros2_ws/install/px4_msgs/share/px4_msgs/local_setup.zsh\n'}
[3.024939] (px4_msgs) StdoutLine: {'line': b'-- Up-to-date symlink: /home/carlos/ros2_ws/install/px4_msgs/share/px4_msgs/local_setup.dsv\n'}
[3.025053] (px4_msgs) StdoutLine: {'line': b'-- Symlinking: /home/carlos/ros2_ws/install/px4_msgs/share/px4_msgs/package.dsv\n'}
[3.036082] (px4_msgs) StdoutLine: {'line': b'-- Up-to-date symlink: /home/carlos/ros2_ws/install/px4_msgs/share/ament_index/resource_index/packages/px4_msgs\n'}
[3.036346] (px4_msgs) StdoutLine: {'line': b'-- Up-to-date symlink: /home/carlos/ros2_ws/install/px4_msgs/share/px4_msgs/cmake/rosidl_cmake-extras.cmake\n'}
[3.036566] (px4_msgs) StdoutLine: {'line': b'-- Up-to-date symlink: /home/carlos/ros2_ws/install/px4_msgs/share/px4_msgs/cmake/ament_cmake_export_dependencies-extras.cmake\n'}
[3.036717] (px4_msgs) StdoutLine: {'line': b'-- Up-to-date symlink: /home/carlos/ros2_ws/install/px4_msgs/share/px4_msgs/cmake/ament_cmake_export_include_directories-extras.cmake\n'}
[3.036896] (px4_msgs) StdoutLine: {'line': b'-- Up-to-date symlink: /home/carlos/ros2_ws/install/px4_msgs/share/px4_msgs/cmake/ament_cmake_export_libraries-extras.cmake\n'}
[3.037035] (px4_msgs) StdoutLine: {'line': b'-- Up-to-date symlink: /home/carlos/ros2_ws/install/px4_msgs/share/px4_msgs/cmake/ament_cmake_export_targets-extras.cmake\n'}
[3.037204] (px4_msgs) StdoutLine: {'line': b'-- Up-to-date symlink: /home/carlos/ros2_ws/install/px4_msgs/share/px4_msgs/cmake/rosidl_cmake_export_typesupport_targets-extras.cmake\n'}
[3.037319] (px4_msgs) StdoutLine: {'line': b'-- Up-to-date symlink: /home/carlos/ros2_ws/install/px4_msgs/share/px4_msgs/cmake/rosidl_cmake_export_typesupport_libraries-extras.cmake\n'}
[3.037474] (px4_msgs) StdoutLine: {'line': b'-- Up-to-date symlink: /home/carlos/ros2_ws/install/px4_msgs/share/px4_msgs/cmake/px4_msgsConfig.cmake\n'}
[3.037552] (px4_msgs) StdoutLine: {'line': b'-- Up-to-date symlink: /home/carlos/ros2_ws/install/px4_msgs/share/px4_msgs/cmake/px4_msgsConfig-version.cmake\n'}
[3.037612] (px4_msgs) StdoutLine: {'line': b'-- Up-to-date symlink: /home/carlos/ros2_ws/install/px4_msgs/share/px4_msgs/package.xml\n'}
[3.038099] (px4_msgs) StdoutLine: {'line': b'-- Up-to-date: /home/carlos/ros2_ws/install/px4_msgs/lib/libpx4_msgs__rosidl_generator_c.so\n'}
[3.038471] (px4_msgs) StdoutLine: {'line': b'-- Up-to-date: /home/carlos/ros2_ws/install/px4_msgs/lib/libpx4_msgs__rosidl_typesupport_fastrtps_c.so\n'}
[3.038796] (px4_msgs) StdoutLine: {'line': b'-- Up-to-date: /home/carlos/ros2_ws/install/px4_msgs/lib/libpx4_msgs__rosidl_typesupport_fastrtps_cpp.so\n'}
[3.039169] (px4_msgs) StdoutLine: {'line': b'-- Up-to-date: /home/carlos/ros2_ws/install/px4_msgs/lib/libpx4_msgs__rosidl_typesupport_introspection_c.so\n'}
[3.039452] (px4_msgs) StdoutLine: {'line': b'-- Up-to-date: /home/carlos/ros2_ws/install/px4_msgs/lib/libpx4_msgs__rosidl_typesupport_c.so\n'}
[3.039696] (px4_msgs) StdoutLine: {'line': b'-- Up-to-date: /home/carlos/ros2_ws/install/px4_msgs/lib/libpx4_msgs__rosidl_typesupport_introspection_cpp.so\n'}
[3.039927] (px4_msgs) StdoutLine: {'line': b'-- Up-to-date: /home/carlos/ros2_ws/install/px4_msgs/lib/libpx4_msgs__rosidl_typesupport_cpp.so\n'}
[3.077807] (px4_msgs) StdoutLine: {'line': b"Listing '/home/carlos/ros2_ws/install/px4_msgs/lib/python3.12/site-packages/px4_msgs'...\n"}
[3.078018] (px4_msgs) StdoutLine: {'line': b"Listing '/home/carlos/ros2_ws/install/px4_msgs/lib/python3.12/site-packages/px4_msgs/msg'...\n"}
[3.078128] (px4_msgs) StdoutLine: {'line': b"Listing '/home/carlos/ros2_ws/install/px4_msgs/lib/python3.12/site-packages/px4_msgs/srv'...\n"}
[3.082087] (px4_msgs) StdoutLine: {'line': b'-- Up-to-date: /home/carlos/ros2_ws/install/px4_msgs/lib/libpx4_msgs__rosidl_generator_py.so\n'}
[3.082343] (px4_msgs) StdoutLine: {'line': b'-- Up-to-date: /home/carlos/ros2_ws/install/px4_msgs/share/px4_msgs/cmake/export_px4_msgs__rosidl_generator_cExport.cmake\n'}
[3.082478] (px4_msgs) StdoutLine: {'line': b'-- Up-to-date: /home/carlos/ros2_ws/install/px4_msgs/share/px4_msgs/cmake/export_px4_msgs__rosidl_generator_cExport-noconfig.cmake\n'}
[3.082674] (px4_msgs) StdoutLine: {'line': b'-- Up-to-date: /home/carlos/ros2_ws/install/px4_msgs/share/px4_msgs/cmake/export_px4_msgs__rosidl_typesupport_fastrtps_cExport.cmake\n'}
[3.082798] (px4_msgs) StdoutLine: {'line': b'-- Up-to-date: /home/carlos/ros2_ws/install/px4_msgs/share/px4_msgs/cmake/export_px4_msgs__rosidl_typesupport_fastrtps_cExport-noconfig.cmake\n'}
[3.082907] (px4_msgs) StdoutLine: {'line': b'-- Up-to-date: /home/carlos/ros2_ws/install/px4_msgs/share/px4_msgs/cmake/export_px4_msgs__rosidl_generator_cppExport.cmake\n'}
[3.083006] (px4_msgs) StdoutLine: {'line': b'-- Up-to-date: /home/carlos/ros2_ws/install/px4_msgs/share/px4_msgs/cmake/export_px4_msgs__rosidl_typesupport_fastrtps_cppExport.cmake\n'}
[3.083104] (px4_msgs) StdoutLine: {'line': b'-- Up-to-date: /home/carlos/ros2_ws/install/px4_msgs/share/px4_msgs/cmake/export_px4_msgs__rosidl_typesupport_fastrtps_cppExport-noconfig.cmake\n'}
[3.083161] (px4_msgs) StdoutLine: {'line': b'-- Up-to-date: /home/carlos/ros2_ws/install/px4_msgs/share/px4_msgs/cmake/px4_msgs__rosidl_typesupport_introspection_cExport.cmake\n'}
[3.083217] (px4_msgs) StdoutLine: {'line': b'-- Up-to-date: /home/carlos/ros2_ws/install/px4_msgs/share/px4_msgs/cmake/px4_msgs__rosidl_typesupport_introspection_cExport-noconfig.cmake\n'}
[3.083312] (px4_msgs) StdoutLine: {'line': b'-- Up-to-date: /home/carlos/ros2_ws/install/px4_msgs/share/px4_msgs/cmake/px4_msgs__rosidl_typesupport_cExport.cmake\n'}
[3.083377] (px4_msgs) StdoutLine: {'line': b'-- Up-to-date: /home/carlos/ros2_ws/install/px4_msgs/share/px4_msgs/cmake/px4_msgs__rosidl_typesupport_cExport-noconfig.cmake\n'}
[3.083437] (px4_msgs) StdoutLine: {'line': b'-- Up-to-date: /home/carlos/ros2_ws/install/px4_msgs/share/px4_msgs/cmake/px4_msgs__rosidl_typesupport_introspection_cppExport.cmake\n'}
[3.083494] (px4_msgs) StdoutLine: {'line': b'-- Up-to-date: /home/carlos/ros2_ws/install/px4_msgs/share/px4_msgs/cmake/px4_msgs__rosidl_typesupport_introspection_cppExport-noconfig.cmake\n'}
[3.083546] (px4_msgs) StdoutLine: {'line': b'-- Up-to-date: /home/carlos/ros2_ws/install/px4_msgs/share/px4_msgs/cmake/px4_msgs__rosidl_typesupport_cppExport.cmake\n'}
[3.083599] (px4_msgs) StdoutLine: {'line': b'-- Up-to-date: /home/carlos/ros2_ws/install/px4_msgs/share/px4_msgs/cmake/px4_msgs__rosidl_typesupport_cppExport-noconfig.cmake\n'}
[3.083651] (px4_msgs) StdoutLine: {'line': b'-- Up-to-date: /home/carlos/ros2_ws/install/px4_msgs/share/px4_msgs/cmake/export_px4_msgs__rosidl_generator_pyExport.cmake\n'}
[3.083701] (px4_msgs) StdoutLine: {'line': b'-- Up-to-date: /home/carlos/ros2_ws/install/px4_msgs/share/px4_msgs/cmake/export_px4_msgs__rosidl_generator_pyExport-noconfig.cmake\n'}
[3.085777] (px4_msgs) CommandEnded: {'returncode': 0}
[3.106526] (-) TimerEvent: {}
[3.154556] (px4_msgs) JobEnded: {'identifier': 'px4_msgs', 'rc': 0}
[3.155518] (control) JobStarted: {'identifier': 'control'}
[3.159210] (px4_ros_com) JobStarted: {'identifier': 'px4_ros_com'}
[3.165977] (control) JobProgress: {'identifier': 'control', 'progress': 'cmake'}
[3.166699] (control) JobProgress: {'identifier': 'control', 'progress': 'build'}
[3.167098] (control) Command: {'cmd': ['/usr/bin/cmake', '--build', '/home/carlos/ros2_ws/build/control', '--', '-j16', '-l16'], 'cwd': '/home/carlos/ros2_ws/build/control', 'env': OrderedDict({'GJS_DEBUG_TOPICS': 'JS ERROR;JS LOG', 'XDG_ACTIVATION_TOKEN': 'gnome-shell/Terminator/2936-6-carlos-Lenovo-Slim-Pro-7-14ARP8_TIME4774526', 'LESSOPEN': '| /usr/bin/lesspipe %s', 'USER': 'carlos', 'XDG_SESSION_TYPE': 'x11', 'CLUTTER_DISABLE_MIPMAPPED_TEXT': '1', 'SHLVL': '1', 'LD_LIBRARY_PATH': '/home/carlos/ros2_ws/install/px4_msgs/lib:/home/carlos/ros2_ws/install/px4_ros_com/lib:/opt/ros/jazzy/opt/zenoh_cpp_vendor/lib:/opt/ros/jazzy/opt/rviz_ogre_vendor/lib:/opt/ros/jazzy/lib/x86_64-linux-gnu:/opt/ros/jazzy/opt/gz_math_vendor/lib:/opt/ros/jazzy/opt/gz_utils_vendor/lib:/opt/ros/jazzy/opt/gz_cmake_vendor/lib:/opt/ros/jazzy/lib', 'HOME': '/home/carlos', 'OLDPWD': '/home/carlos', 'DESKTOP_SESSION': 'ubuntu', 'GIO_LAUNCHED_DESKTOP_FILE': '/usr/share/applications/terminator.desktop', 'ROS_PYTHON_VERSION': '3', 'GNOME_SHELL_SESSION_MODE': 'ubuntu', 'GTK_MODULES': 'gail:atk-bridge', 'MANAGERPID': '2447', 'SYSTEMD_EXEC_PID': '2936', 'GSM_SKIP_SSH_AGENT_WORKAROUND': 'true', 'DBUS_SESSION_BUS_ADDRESS': 'unix:path=/run/user/1000/bus', 'COLORTERM': 'truecolor', 'TERMINATOR_DBUS_NAME': 'net.tenshu.Terminator23558193cd9818af7fe4d2c2f5bd9d00f', 'GIO_LAUNCHED_DESKTOP_FILE_PID': '13196', 'DEBUGINFOD_URLS': 'https://debuginfod.ubuntu.com', 'COLCON_PREFIX_PATH': '/home/carlos/ros2_ws/install', 'ROS_DISTRO': 'jazzy', 'LOGNAME': 'carlos', 'JOURNAL_STREAM': '9:23106', '_': '/usr/bin/colcon', 'ROS_VERSION': '2', 'MEMORY_PRESSURE_WATCH': '/sys/fs/cgroup/user.slice/user-1000.slice/user@1000.service/session.slice/org.gnome.Shell@x11.service/memory.pressure', 'XDG_SESSION_CLASS': 'user', 'USERNAME': 'carlos', 'TERM': 'xterm-256color', 'GNOME_DESKTOP_SESSION_ID': 'this-is-deprecated', 'WINDOWPATH': '2', 'PATH': '/opt/ros/jazzy/bin:/home/carlos/.local/bin:/usr/local/sbin:/usr/local/bin:/usr/sbin:/usr/bin:/sbin:/bin:/usr/games:/usr/local/games:/snap/bin:/snap/bin:/opt/xtensa-esp-elf/bin/', 'SESSION_MANAGER': 'local/carlos-Lenovo-Slim-Pro-7-14ARP8:@/tmp/.ICE-unix/2891,unix/carlos-Lenovo-Slim-Pro-7-14ARP8:/tmp/.ICE-unix/2891', 'INVOCATION_ID': '4befd6100fc14b73ad36747d281cd608', 'XDG_MENU_PREFIX': 'gnome-', 'XDG_RUNTIME_DIR': '/run/user/1000', 'DISPLAY': ':1', 'TERMINATOR_DBUS_PATH': '/net/tenshu/Terminator2', 'LANG': 'en_US.UTF-8', 'XDG_CURRENT_DESKTOP': 'ubuntu:GNOME', 'XMODIFIERS': '@im=ibus', 'XDG_SESSION_DESKTOP': 'ubuntu', 'XAUTHORITY': '/run/user/1000/gdm/Xauthority', 'LS_COLORS': 'rs=0:di=01;34:ln=01;36:mh=00:pi=40;33:so=01;35:do=01;35:bd=40;33;01:cd=40;33;01:or=40;31;01:mi=00:su=37;41:sg=30;43:ca=00:tw=30;42:ow=34;42:st=37;44:ex=01;32:*.tar=01;31:*.tgz=01;31:*.arc=01;31:*.arj=01;31:*.taz=01;31:*.lha=01;31:*.lz4=01;31:*.lzh=01;31:*.lzma=01;31:*.tlz=01;31:*.txz=01;31:*.tzo=01;31:*.t7z=01;31:*.zip=01;31:*.z=01;31:*.dz=01;31:*.gz=01;31:*.lrz=01;31:*.lz=01;31:*.lzo=01;31:*.xz=01;31:*.zst=01;31:*.tzst=01;31:*.bz2=01;31:*.bz=01;31:*.tbz=01;31:*.tbz2=01;31:*.tz=01;31:*.deb=01;31:*.rpm=01;31:*.jar=01;31:*.war=01;31:*.ear=01;31:*.sar=01;31:*.rar=01;31:*.alz=01;31:*.ace=01;31:*.zoo=01;31:*.cpio=01;31:*.7z=01;31:*.rz=01;31:*.cab=01;31:*.wim=01;31:*.swm=01;31:*.dwm=01;31:*.esd=01;31:*.avif=01;35:*.jpg=01;35:*.jpeg=01;35:*.mjpg=01;35:*.mjpeg=01;35:*.gif=01;35:*.bmp=01;35:*.pbm=01;35:*.pgm=01;35:*.ppm=01;35:*.tga=01;35:*.xbm=01;35:*.xpm=01;35:*.tif=01;35:*.tiff=01;35:*.png=01;35:*.svg=01;35:*.svgz=01;35:*.mng=01;35:*.pcx=01;35:*.mov=01;35:*.mpg=01;35:*.mpeg=01;35:*.m2v=01;35:*.mkv=01;35:*.webm=01;35:*.webp=01;35:*.ogm=01;35:*.mp4=01;35:*.m4v=01;35:*.mp4v=01;35:*.vob=01;35:*.qt=01;35:*.nuv=01;35:*.wmv=01;35:*.asf=01;35:*.rm=01;35:*.rmvb=01;35:*.flc=01;35:*.avi=01;35:*.fli=01;35:*.flv=01;35:*.gl=01;35:*.dl=01;35:*.xcf=01;35:*.xwd=01;35:*.yuv=01;35:*.cgm=01;35:*.emf=01;35:*.ogv=01;35:*.ogx=01;35:*.aac=00;36:*.au=00;36:*.flac=00;36:*.m4a=00;36:*.mid=00;36:*.midi=00;36:*.mka=00;36:*.mp3=00;36:*.mpc=00;36:*.ogg=00;36:*.ra=00;36:*.wav=00;36:*.oga=00;36:*.opus=00;36:*.spx=00;36:*.xspf=00;36:*~=00;90:*#=00;90:*.bak=00;90:*.crdownload=00;90:*.dpkg-dist=00;90:*.dpkg-new=00;90:*.dpkg-old=00;90:*.dpkg-tmp=00;90:*.old=00;90:*.orig=00;90:*.part=00;90:*.rej=00;90:*.rpmnew=00;90:*.rpmorig=00;90:*.rpmsave=00;90:*.swp=00;90:*.tmp=00;90:*.ucf-dist=00;90:*.ucf-new=00;90:*.ucf-old=00;90:', 'SSH_AUTH_SOCK': '/run/user/1000/keyring/ssh', 'AMENT_PREFIX_PATH': '/home/carlos/ros2_ws/install/px4_ros_com:/home/carlos/ros2_ws/install/control:/home/carlos/ros2_ws/install/px4_msgs:/opt/ros/jazzy', 'SHELL': '/bin/bash', 'TERMINATOR_UUID': 'urn:uuid:2de7a329-c24a-4a9c-b8c6-9493757ca0a7', 'QT_ACCESSIBILITY': '1', 'GDMSESSION': 'ubuntu', 'LESSCLOSE': '/usr/bin/lesspipe %s %s', 'GPG_AGENT_INFO': '/run/user/1000/gnupg/S.gpg-agent:0:1', 'GJS_DEBUG_OUTPUT': 'stderr', 'ROS_AUTOMATIC_DISCOVERY_RANGE': 'SUBNET', 'QT_IM_MODULE': 'ibus', 'PWD': '/home/carlos/ros2_ws/build/control', 'XDG_CONFIG_DIRS': '/etc/xdg/xdg-ubuntu:/etc/xdg', 'XDG_DATA_DIRS': '/usr/share/ubuntu:/usr/share/gnome:/usr/local/share/:/usr/share/:/var/lib/snapd/desktop', 'PYTHONPATH': '/home/carlos/ros2_ws/install/px4_msgs/lib/python3.12/site-packages:/home/carlos/ros2_ws/install/px4_ros_com/lib/python3.12/site-packages:/opt/ros/jazzy/lib/python3.12/site-packages', 'COLCON': '1', 'MEMORY_PRESSURE_WRITE': 'c29tZSAyMDAwMDAgMjAwMDAwMAA=', 'VTE_VERSION': '7600', 'CMAKE_PREFIX_PATH': '/home/carlos/ros2_ws/install/px4_msgs:/home/carlos/ros2_ws/install/px4_ros_com:/home/carlos/ros2_ws/install/control:/opt/ros/jazzy/opt/gz_math_vendor:/opt/ros/jazzy/opt/gz_utils_vendor:/opt/ros/jazzy/opt/gz_cmake_vendor:/opt/ros/jazzy'}), 'shell': False}
[3.168652] (px4_ros_com) JobProgress: {'identifier': 'px4_ros_com', 'progress': 'cmake'}
[3.169188] (px4_ros_com) JobProgress: {'identifier': 'px4_ros_com', 'progress': 'build'}
[3.169373] (px4_ros_com) Command: {'cmd': ['/usr/bin/cmake', '--build', '/home/carlos/ros2_ws/build/px4_ros_com', '--', '-j16', '-l16'], 'cwd': '/home/carlos/ros2_ws/build/px4_ros_com', 'env': OrderedDict({'GJS_DEBUG_TOPICS': 'JS ERROR;JS LOG', 'XDG_ACTIVATION_TOKEN': 'gnome-shell/Terminator/2936-6-carlos-Lenovo-Slim-Pro-7-14ARP8_TIME4774526', 'LESSOPEN': '| /usr/bin/lesspipe %s', 'USER': 'carlos', 'XDG_SESSION_TYPE': 'x11', 'CLUTTER_DISABLE_MIPMAPPED_TEXT': '1', 'SHLVL': '1', 'LD_LIBRARY_PATH': '/home/carlos/ros2_ws/install/px4_msgs/lib:/home/carlos/ros2_ws/install/px4_ros_com/lib:/opt/ros/jazzy/opt/zenoh_cpp_vendor/lib:/opt/ros/jazzy/opt/rviz_ogre_vendor/lib:/opt/ros/jazzy/lib/x86_64-linux-gnu:/opt/ros/jazzy/opt/gz_math_vendor/lib:/opt/ros/jazzy/opt/gz_utils_vendor/lib:/opt/ros/jazzy/opt/gz_cmake_vendor/lib:/opt/ros/jazzy/lib', 'HOME': '/home/carlos', 'OLDPWD': '/home/carlos', 'DESKTOP_SESSION': 'ubuntu', 'GIO_LAUNCHED_DESKTOP_FILE': '/usr/share/applications/terminator.desktop', 'ROS_PYTHON_VERSION': '3', 'GNOME_SHELL_SESSION_MODE': 'ubuntu', 'GTK_MODULES': 'gail:atk-bridge', 'MANAGERPID': '2447', 'SYSTEMD_EXEC_PID': '2936', 'GSM_SKIP_SSH_AGENT_WORKAROUND': 'true', 'DBUS_SESSION_BUS_ADDRESS': 'unix:path=/run/user/1000/bus', 'COLORTERM': 'truecolor', 'TERMINATOR_DBUS_NAME': 'net.tenshu.Terminator23558193cd9818af7fe4d2c2f5bd9d00f', 'GIO_LAUNCHED_DESKTOP_FILE_PID': '13196', 'DEBUGINFOD_URLS': 'https://debuginfod.ubuntu.com', 'COLCON_PREFIX_PATH': '/home/carlos/ros2_ws/install', 'ROS_DISTRO': 'jazzy', 'LOGNAME': 'carlos', 'JOURNAL_STREAM': '9:23106', '_': '/usr/bin/colcon', 'ROS_VERSION': '2', 'MEMORY_PRESSURE_WATCH': '/sys/fs/cgroup/user.slice/user-1000.slice/user@1000.service/session.slice/org.gnome.Shell@x11.service/memory.pressure', 'XDG_SESSION_CLASS': 'user', 'USERNAME': 'carlos', 'TERM': 'xterm-256color', 'GNOME_DESKTOP_SESSION_ID': 'this-is-deprecated', 'WINDOWPATH': '2', 'PATH': '/opt/ros/jazzy/bin:/home/carlos/.local/bin:/usr/local/sbin:/usr/local/bin:/usr/sbin:/usr/bin:/sbin:/bin:/usr/games:/usr/local/games:/snap/bin:/snap/bin:/opt/xtensa-esp-elf/bin/', 'SESSION_MANAGER': 'local/carlos-Lenovo-Slim-Pro-7-14ARP8:@/tmp/.ICE-unix/2891,unix/carlos-Lenovo-Slim-Pro-7-14ARP8:/tmp/.ICE-unix/2891', 'INVOCATION_ID': '4befd6100fc14b73ad36747d281cd608', 'XDG_MENU_PREFIX': 'gnome-', 'XDG_RUNTIME_DIR': '/run/user/1000', 'DISPLAY': ':1', 'TERMINATOR_DBUS_PATH': '/net/tenshu/Terminator2', 'LANG': 'en_US.UTF-8', 'XDG_CURRENT_DESKTOP': 'ubuntu:GNOME', 'XMODIFIERS': '@im=ibus', 'XDG_SESSION_DESKTOP': 'ubuntu', 'XAUTHORITY': '/run/user/1000/gdm/Xauthority', 'LS_COLORS': 'rs=0:di=01;34:ln=01;36:mh=00:pi=40;33:so=01;35:do=01;35:bd=40;33;01:cd=40;33;01:or=40;31;01:mi=00:su=37;41:sg=30;43:ca=00:tw=30;42:ow=34;42:st=37;44:ex=01;32:*.tar=01;31:*.tgz=01;31:*.arc=01;31:*.arj=01;31:*.taz=01;31:*.lha=01;31:*.lz4=01;31:*.lzh=01;31:*.lzma=01;31:*.tlz=01;31:*.txz=01;31:*.tzo=01;31:*.t7z=01;31:*.zip=01;31:*.z=01;31:*.dz=01;31:*.gz=01;31:*.lrz=01;31:*.lz=01;31:*.lzo=01;31:*.xz=01;31:*.zst=01;31:*.tzst=01;31:*.bz2=01;31:*.bz=01;31:*.tbz=01;31:*.tbz2=01;31:*.tz=01;31:*.deb=01;31:*.rpm=01;31:*.jar=01;31:*.war=01;31:*.ear=01;31:*.sar=01;31:*.rar=01;31:*.alz=01;31:*.ace=01;31:*.zoo=01;31:*.cpio=01;31:*.7z=01;31:*.rz=01;31:*.cab=01;31:*.wim=01;31:*.swm=01;31:*.dwm=01;31:*.esd=01;31:*.avif=01;35:*.jpg=01;35:*.jpeg=01;35:*.mjpg=01;35:*.mjpeg=01;35:*.gif=01;35:*.bmp=01;35:*.pbm=01;35:*.pgm=01;35:*.ppm=01;35:*.tga=01;35:*.xbm=01;35:*.xpm=01;35:*.tif=01;35:*.tiff=01;35:*.png=01;35:*.svg=01;35:*.svgz=01;35:*.mng=01;35:*.pcx=01;35:*.mov=01;35:*.mpg=01;35:*.mpeg=01;35:*.m2v=01;35:*.mkv=01;35:*.webm=01;35:*.webp=01;35:*.ogm=01;35:*.mp4=01;35:*.m4v=01;35:*.mp4v=01;35:*.vob=01;35:*.qt=01;35:*.nuv=01;35:*.wmv=01;35:*.asf=01;35:*.rm=01;35:*.rmvb=01;35:*.flc=01;35:*.avi=01;35:*.fli=01;35:*.flv=01;35:*.gl=01;35:*.dl=01;35:*.xcf=01;35:*.xwd=01;35:*.yuv=01;35:*.cgm=01;35:*.emf=01;35:*.ogv=01;35:*.ogx=01;35:*.aac=00;36:*.au=00;36:*.flac=00;36:*.m4a=00;36:*.mid=00;36:*.midi=00;36:*.mka=00;36:*.mp3=00;36:*.mpc=00;36:*.ogg=00;36:*.ra=00;36:*.wav=00;36:*.oga=00;36:*.opus=00;36:*.spx=00;36:*.xspf=00;36:*~=00;90:*#=00;90:*.bak=00;90:*.crdownload=00;90:*.dpkg-dist=00;90:*.dpkg-new=00;90:*.dpkg-old=00;90:*.dpkg-tmp=00;90:*.old=00;90:*.orig=00;90:*.part=00;90:*.rej=00;90:*.rpmnew=00;90:*.rpmorig=00;90:*.rpmsave=00;90:*.swp=00;90:*.tmp=00;90:*.ucf-dist=00;90:*.ucf-new=00;90:*.ucf-old=00;90:', 'SSH_AUTH_SOCK': '/run/user/1000/keyring/ssh', 'AMENT_PREFIX_PATH': '/home/carlos/ros2_ws/install/px4_ros_com:/home/carlos/ros2_ws/install/control:/home/carlos/ros2_ws/install/px4_msgs:/opt/ros/jazzy', 'SHELL': '/bin/bash', 'TERMINATOR_UUID': 'urn:uuid:2de7a329-c24a-4a9c-b8c6-9493757ca0a7', 'QT_ACCESSIBILITY': '1', 'GDMSESSION': 'ubuntu', 'LESSCLOSE': '/usr/bin/lesspipe %s %s', 'GPG_AGENT_INFO': '/run/user/1000/gnupg/S.gpg-agent:0:1', 'GJS_DEBUG_OUTPUT': 'stderr', 'ROS_AUTOMATIC_DISCOVERY_RANGE': 'SUBNET', 'QT_IM_MODULE': 'ibus', 'PWD': '/home/carlos/ros2_ws/build/px4_ros_com', 'XDG_CONFIG_DIRS': '/etc/xdg/xdg-ubuntu:/etc/xdg', 'XDG_DATA_DIRS': '/usr/share/ubuntu:/usr/share/gnome:/usr/local/share/:/usr/share/:/var/lib/snapd/desktop', 'PYTHONPATH': '/home/carlos/ros2_ws/install/px4_msgs/lib/python3.12/site-packages:/home/carlos/ros2_ws/install/px4_ros_com/lib/python3.12/site-packages:/opt/ros/jazzy/lib/python3.12/site-packages', 'COLCON': '1', 'MEMORY_PRESSURE_WRITE': 'c29tZSAyMDAwMDAgMjAwMDAwMAA=', 'VTE_VERSION': '7600', 'CMAKE_PREFIX_PATH': '/home/carlos/ros2_ws/install/px4_msgs:/home/carlos/ros2_ws/install/px4_ros_com:/home/carlos/ros2_ws/install/control:/opt/ros/jazzy/opt/gz_math_vendor:/opt/ros/jazzy/opt/gz_utils_vendor:/opt/ros/jazzy/opt/gz_cmake_vendor:/opt/ros/jazzy'}), 'shell': False}
[3.195084] (control) StdoutLine: {'line': b'-- Found ament_cmake: 2.5.4 (/opt/ros/jazzy/share/ament_cmake/cmake)\n'}
[3.206640] (-) TimerEvent: {}
[3.239893] (px4_ros_com) StdoutLine: {'line': b'[ 16%] Built target frame_transforms\n'}
[3.241428] (px4_ros_com) StdoutLine: {'line': b'[ 50%] Built target vehicle_gps_position_listener\n'}
[3.241679] (px4_ros_com) StdoutLine: {'line': b'[ 50%] Built target debug_vect_advertiser\n'}
[3.241950] (px4_ros_com) StdoutLine: {'line': b'[ 66%] Built target sensor_combined_listener\n'}
[3.242129] (px4_ros_com) StdoutLine: {'line': b'[ 83%] Built target offboard_control\n'}
[3.242355] (px4_ros_com) StdoutLine: {'line': b'[100%] Built target offboard_control_srv\n'}
[3.247559] (px4_ros_com) StdoutLine: {'line': b'[100%] Built target ament_cmake_python_symlink_px4_ros_com\n'}
[3.306791] (-) TimerEvent: {}
[3.407158] (-) TimerEvent: {}
[3.409910] (control) StdoutLine: {'line': b'-- Found rclcpp: 28.1.12 (/opt/ros/jazzy/share/rclcpp/cmake)\n'}
[3.436791] (control) StdoutLine: {'line': b'-- Found rosidl_generator_c: 4.6.6 (/opt/ros/jazzy/share/rosidl_generator_c/cmake)\n'}
[3.444876] (control) StdoutLine: {'line': b'-- Found rosidl_generator_cpp: 4.6.6 (/opt/ros/jazzy/share/rosidl_generator_cpp/cmake)\n'}
[3.449526] (px4_ros_com) StdoutLine: {'line': b'running egg_info\n'}
[3.454937] (control) StdoutLine: {'line': b'-- Using all available rosidl_typesupport_c: rosidl_typesupport_fastrtps_c;rosidl_typesupport_introspection_c\n'}
[3.466619] (control) StdoutLine: {'line': b'-- Using all available rosidl_typesupport_cpp: rosidl_typesupport_fastrtps_cpp;rosidl_typesupport_introspection_cpp\n'}
[3.468147] (px4_ros_com) StdoutLine: {'line': b'writing px4_ros_com.egg-info/PKG-INFO\n'}
[3.468435] (px4_ros_com) StdoutLine: {'line': b'writing dependency_links to px4_ros_com.egg-info/dependency_links.txt\n'}
[3.472223] (px4_ros_com) StdoutLine: {'line': b'writing top-level names to px4_ros_com.egg-info/top_level.txt\n'}
[3.507272] (-) TimerEvent: {}
[3.522930] (control) StdoutLine: {'line': b'-- Found rmw_implementation_cmake: 7.3.2 (/opt/ros/jazzy/share/rmw_implementation_cmake/cmake)\n'}
[3.524270] (control) StdoutLine: {'line': b'-- Found rmw_fastrtps_cpp: 8.4.3 (/opt/ros/jazzy/share/rmw_fastrtps_cpp/cmake)\n'}
[3.527475] (px4_ros_com) StdoutLine: {'line': b"reading manifest file 'px4_ros_com.egg-info/SOURCES.txt'\n"}
[3.527996] (px4_ros_com) StdoutLine: {'line': b"writing manifest file 'px4_ros_com.egg-info/SOURCES.txt'\n"}
[3.554003] (px4_ros_com) StdoutLine: {'line': b'[100%] Built target ament_cmake_python_build_px4_ros_com_egg\n'}
[3.567496] (px4_ros_com) CommandEnded: {'returncode': 0}
[3.568695] (px4_ros_com) JobProgress: {'identifier': 'px4_ros_com', 'progress': 'install'}
[3.568727] (px4_ros_com) Command: {'cmd': ['/usr/bin/cmake', '--install', '/home/carlos/ros2_ws/build/px4_ros_com'], 'cwd': '/home/carlos/ros2_ws/build/px4_ros_com', 'env': OrderedDict({'GJS_DEBUG_TOPICS': 'JS ERROR;JS LOG', 'XDG_ACTIVATION_TOKEN': 'gnome-shell/Terminator/2936-6-carlos-Lenovo-Slim-Pro-7-14ARP8_TIME4774526', 'LESSOPEN': '| /usr/bin/lesspipe %s', 'USER': 'carlos', 'XDG_SESSION_TYPE': 'x11', 'CLUTTER_DISABLE_MIPMAPPED_TEXT': '1', 'SHLVL': '1', 'LD_LIBRARY_PATH': '/home/carlos/ros2_ws/install/px4_msgs/lib:/home/carlos/ros2_ws/install/px4_ros_com/lib:/opt/ros/jazzy/opt/zenoh_cpp_vendor/lib:/opt/ros/jazzy/opt/rviz_ogre_vendor/lib:/opt/ros/jazzy/lib/x86_64-linux-gnu:/opt/ros/jazzy/opt/gz_math_vendor/lib:/opt/ros/jazzy/opt/gz_utils_vendor/lib:/opt/ros/jazzy/opt/gz_cmake_vendor/lib:/opt/ros/jazzy/lib', 'HOME': '/home/carlos', 'OLDPWD': '/home/carlos', 'DESKTOP_SESSION': 'ubuntu', 'GIO_LAUNCHED_DESKTOP_FILE': '/usr/share/applications/terminator.desktop', 'ROS_PYTHON_VERSION': '3', 'GNOME_SHELL_SESSION_MODE': 'ubuntu', 'GTK_MODULES': 'gail:atk-bridge', 'MANAGERPID': '2447', 'SYSTEMD_EXEC_PID': '2936', 'GSM_SKIP_SSH_AGENT_WORKAROUND': 'true', 'DBUS_SESSION_BUS_ADDRESS': 'unix:path=/run/user/1000/bus', 'COLORTERM': 'truecolor', 'TERMINATOR_DBUS_NAME': 'net.tenshu.Terminator23558193cd9818af7fe4d2c2f5bd9d00f', 'GIO_LAUNCHED_DESKTOP_FILE_PID': '13196', 'DEBUGINFOD_URLS': 'https://debuginfod.ubuntu.com', 'COLCON_PREFIX_PATH': '/home/carlos/ros2_ws/install', 'ROS_DISTRO': 'jazzy', 'LOGNAME': 'carlos', 'JOURNAL_STREAM': '9:23106', '_': '/usr/bin/colcon', 'ROS_VERSION': '2', 'MEMORY_PRESSURE_WATCH': '/sys/fs/cgroup/user.slice/user-1000.slice/user@1000.service/session.slice/org.gnome.Shell@x11.service/memory.pressure', 'XDG_SESSION_CLASS': 'user', 'USERNAME': 'carlos', 'TERM': 'xterm-256color', 'GNOME_DESKTOP_SESSION_ID': 'this-is-deprecated', 'WINDOWPATH': '2', 'PATH': '/opt/ros/jazzy/bin:/home/carlos/.local/bin:/usr/local/sbin:/usr/local/bin:/usr/sbin:/usr/bin:/sbin:/bin:/usr/games:/usr/local/games:/snap/bin:/snap/bin:/opt/xtensa-esp-elf/bin/', 'SESSION_MANAGER': 'local/carlos-Lenovo-Slim-Pro-7-14ARP8:@/tmp/.ICE-unix/2891,unix/carlos-Lenovo-Slim-Pro-7-14ARP8:/tmp/.ICE-unix/2891', 'INVOCATION_ID': '4befd6100fc14b73ad36747d281cd608', 'XDG_MENU_PREFIX': 'gnome-', 'XDG_RUNTIME_DIR': '/run/user/1000', 'DISPLAY': ':1', 'TERMINATOR_DBUS_PATH': '/net/tenshu/Terminator2', 'LANG': 'en_US.UTF-8', 'XDG_CURRENT_DESKTOP': 'ubuntu:GNOME', 'XMODIFIERS': '@im=ibus', 'XDG_SESSION_DESKTOP': 'ubuntu', 'XAUTHORITY': '/run/user/1000/gdm/Xauthority', 'LS_COLORS': 'rs=0:di=01;34:ln=01;36:mh=00:pi=40;33:so=01;35:do=01;35:bd=40;33;01:cd=40;33;01:or=40;31;01:mi=00:su=37;41:sg=30;43:ca=00:tw=30;42:ow=34;42:st=37;44:ex=01;32:*.tar=01;31:*.tgz=01;31:*.arc=01;31:*.arj=01;31:*.taz=01;31:*.lha=01;31:*.lz4=01;31:*.lzh=01;31:*.lzma=01;31:*.tlz=01;31:*.txz=01;31:*.tzo=01;31:*.t7z=01;31:*.zip=01;31:*.z=01;31:*.dz=01;31:*.gz=01;31:*.lrz=01;31:*.lz=01;31:*.lzo=01;31:*.xz=01;31:*.zst=01;31:*.tzst=01;31:*.bz2=01;31:*.bz=01;31:*.tbz=01;31:*.tbz2=01;31:*.tz=01;31:*.deb=01;31:*.rpm=01;31:*.jar=01;31:*.war=01;31:*.ear=01;31:*.sar=01;31:*.rar=01;31:*.alz=01;31:*.ace=01;31:*.zoo=01;31:*.cpio=01;31:*.7z=01;31:*.rz=01;31:*.cab=01;31:*.wim=01;31:*.swm=01;31:*.dwm=01;31:*.esd=01;31:*.avif=01;35:*.jpg=01;35:*.jpeg=01;35:*.mjpg=01;35:*.mjpeg=01;35:*.gif=01;35:*.bmp=01;35:*.pbm=01;35:*.pgm=01;35:*.ppm=01;35:*.tga=01;35:*.xbm=01;35:*.xpm=01;35:*.tif=01;35:*.tiff=01;35:*.png=01;35:*.svg=01;35:*.svgz=01;35:*.mng=01;35:*.pcx=01;35:*.mov=01;35:*.mpg=01;35:*.mpeg=01;35:*.m2v=01;35:*.mkv=01;35:*.webm=01;35:*.webp=01;35:*.ogm=01;35:*.mp4=01;35:*.m4v=01;35:*.mp4v=01;35:*.vob=01;35:*.qt=01;35:*.nuv=01;35:*.wmv=01;35:*.asf=01;35:*.rm=01;35:*.rmvb=01;35:*.flc=01;35:*.avi=01;35:*.fli=01;35:*.flv=01;35:*.gl=01;35:*.dl=01;35:*.xcf=01;35:*.xwd=01;35:*.yuv=01;35:*.cgm=01;35:*.emf=01;35:*.ogv=01;35:*.ogx=01;35:*.aac=00;36:*.au=00;36:*.flac=00;36:*.m4a=00;36:*.mid=00;36:*.midi=00;36:*.mka=00;36:*.mp3=00;36:*.mpc=00;36:*.ogg=00;36:*.ra=00;36:*.wav=00;36:*.oga=00;36:*.opus=00;36:*.spx=00;36:*.xspf=00;36:*~=00;90:*#=00;90:*.bak=00;90:*.crdownload=00;90:*.dpkg-dist=00;90:*.dpkg-new=00;90:*.dpkg-old=00;90:*.dpkg-tmp=00;90:*.old=00;90:*.orig=00;90:*.part=00;90:*.rej=00;90:*.rpmnew=00;90:*.rpmorig=00;90:*.rpmsave=00;90:*.swp=00;90:*.tmp=00;90:*.ucf-dist=00;90:*.ucf-new=00;90:*.ucf-old=00;90:', 'SSH_AUTH_SOCK': '/run/user/1000/keyring/ssh', 'AMENT_PREFIX_PATH': '/home/carlos/ros2_ws/install/px4_ros_com:/home/carlos/ros2_ws/install/control:/home/carlos/ros2_ws/install/px4_msgs:/opt/ros/jazzy', 'SHELL': '/bin/bash', 'TERMINATOR_UUID': 'urn:uuid:2de7a329-c24a-4a9c-b8c6-9493757ca0a7', 'QT_ACCESSIBILITY': '1', 'GDMSESSION': 'ubuntu', 'LESSCLOSE': '/usr/bin/lesspipe %s %s', 'GPG_AGENT_INFO': '/run/user/1000/gnupg/S.gpg-agent:0:1', 'GJS_DEBUG_OUTPUT': 'stderr', 'ROS_AUTOMATIC_DISCOVERY_RANGE': 'SUBNET', 'QT_IM_MODULE': 'ibus', 'PWD': '/home/carlos/ros2_ws/build/px4_ros_com', 'XDG_CONFIG_DIRS': '/etc/xdg/xdg-ubuntu:/etc/xdg', 'XDG_DATA_DIRS': '/usr/share/ubuntu:/usr/share/gnome:/usr/local/share/:/usr/share/:/var/lib/snapd/desktop', 'PYTHONPATH': '/home/carlos/ros2_ws/install/px4_msgs/lib/python3.12/site-packages:/home/carlos/ros2_ws/install/px4_ros_com/lib/python3.12/site-packages:/opt/ros/jazzy/lib/python3.12/site-packages', 'COLCON': '1', 'MEMORY_PRESSURE_WRITE': 'c29tZSAyMDAwMDAgMjAwMDAwMAA=', 'VTE_VERSION': '7600', 'CMAKE_PREFIX_PATH': '/home/carlos/ros2_ws/install/px4_msgs:/home/carlos/ros2_ws/install/px4_ros_com:/home/carlos/ros2_ws/install/control:/opt/ros/jazzy/opt/gz_math_vendor:/opt/ros/jazzy/opt/gz_utils_vendor:/opt/ros/jazzy/opt/gz_cmake_vendor:/opt/ros/jazzy'}), 'shell': False}
[3.576964] (px4_ros_com) StdoutLine: {'line': b'-- Install configuration: ""\n'}
[3.577460] (px4_ros_com) StdoutLine: {'line': b'-- Execute custom install script\n'}
[3.577709] (px4_ros_com) StdoutLine: {'line': b'-- Up-to-date symlink: /home/carlos/ros2_ws/install/px4_ros_com/lib/px4_ros_com/sensor_combined_listener\n'}
[3.577916] (px4_ros_com) StdoutLine: {'line': b'-- Up-to-date symlink: /home/carlos/ros2_ws/install/px4_ros_com/lib/px4_ros_com/vehicle_gps_position_listener\n'}
[3.578191] (px4_ros_com) StdoutLine: {'line': b'-- Up-to-date symlink: /home/carlos/ros2_ws/install/px4_ros_com/lib/px4_ros_com/debug_vect_advertiser\n'}
[3.578409] (px4_ros_com) StdoutLine: {'line': b'-- Up-to-date symlink: /home/carlos/ros2_ws/install/px4_ros_com/lib/px4_ros_com/offboard_control\n'}
[3.578612] (px4_ros_com) StdoutLine: {'line': b'-- Up-to-date symlink: /home/carlos/ros2_ws/install/px4_ros_com/lib/px4_ros_com/offboard_control_srv\n'}
[3.578832] (px4_ros_com) StdoutLine: {'line': b'-- Up-to-date symlink: /home/carlos/ros2_ws/install/px4_ros_com/share/px4_ros_com/environment/library_path.sh\n'}
[3.578969] (px4_ros_com) StdoutLine: {'line': b'-- Up-to-date symlink: /home/carlos/ros2_ws/install/px4_ros_com/share/px4_ros_com/environment/library_path.dsv\n'}
[3.579197] (px4_ros_com) StdoutLine: {'line': b'-- Up-to-date symlink: /home/carlos/ros2_ws/install/px4_ros_com/include/px4_ros_com/frame_transforms.h\n'}
[3.579499] (px4_ros_com) StdoutLine: {'line': b'-- Up-to-date symlink: /home/carlos/ros2_ws/install/px4_ros_com/share/px4_ros_com//launch/offboard_control_launch.yaml\n'}
[3.579647] (px4_ros_com) StdoutLine: {'line': b'-- Up-to-date symlink: /home/carlos/ros2_ws/install/px4_ros_com/share/px4_ros_com//launch/sensor_combined_listener.launch.py\n'}
[3.580008] (px4_ros_com) StdoutLine: {'line': b'-- Up-to-date symlink: /home/carlos/ros2_ws/install/px4_ros_com/share/px4_ros_com//test/__init__.py\n'}
[3.580111] (px4_ros_com) StdoutLine: {'line': b'-- Up-to-date symlink: /home/carlos/ros2_ws/install/px4_ros_com/share/px4_ros_com//test/pipeline_io_test.py\n'}
[3.580232] (px4_ros_com) StdoutLine: {'line': b'-- Up-to-date symlink: /home/carlos/ros2_ws/install/px4_ros_com/share/px4_ros_com//test/test_input.py\n'}
[3.580295] (px4_ros_com) StdoutLine: {'line': b'-- Up-to-date symlink: /home/carlos/ros2_ws/install/px4_ros_com/share/px4_ros_com//test/test_output.py\n'}
[3.580511] (px4_ros_com) StdoutLine: {'line': b'-- Up-to-date symlink: /home/carlos/ros2_ws/install/px4_ros_com/share/px4_ros_com/environment/pythonpath.sh\n'}
[3.580603] (px4_ros_com) StdoutLine: {'line': b'-- Up-to-date symlink: /home/carlos/ros2_ws/install/px4_ros_com/share/px4_ros_com/environment/pythonpath.dsv\n'}
[3.580842] (px4_ros_com) StdoutLine: {'line': b'-- Up-to-date symlink: /home/carlos/ros2_ws/install/px4_ros_com/lib/python3.12/site-packages/px4_ros_com-0.1.0-py3.12.egg-info/PKG-INFO\n'}
[3.580990] (px4_ros_com) StdoutLine: {'line': b'-- Up-to-date symlink: /home/carlos/ros2_ws/install/px4_ros_com/lib/python3.12/site-packages/px4_ros_com-0.1.0-py3.12.egg-info/SOURCES.txt\n'}
[3.581115] (px4_ros_com) StdoutLine: {'line': b'-- Up-to-date symlink: /home/carlos/ros2_ws/install/px4_ros_com/lib/python3.12/site-packages/px4_ros_com-0.1.0-py3.12.egg-info/dependency_links.txt\n'}
[3.581202] (px4_ros_com) StdoutLine: {'line': b'-- Up-to-date symlink: /home/carlos/ros2_ws/install/px4_ros_com/lib/python3.12/site-packages/px4_ros_com-0.1.0-py3.12.egg-info/top_level.txt\n'}
[3.581404] (px4_ros_com) StdoutLine: {'line': b'-- Up-to-date symlink: /home/carlos/ros2_ws/install/px4_ros_com/lib/python3.12/site-packages/px4_ros_com/__init__.py\n'}
[3.581513] (px4_ros_com) StdoutLine: {'line': b'-- Up-to-date symlink: /home/carlos/ros2_ws/install/px4_ros_com/lib/python3.12/site-packages/px4_ros_com/module_to_import.py\n'}
[3.581664] (px4_ros_com) StdoutLine: {'line': b'-- Up-to-date symlink: /home/carlos/ros2_ws/install/px4_ros_com/lib/px4_ros_com/offboard_control.py\n'}
[3.581839] (px4_ros_com) StdoutLine: {'line': b'-- Up-to-date symlink: /home/carlos/ros2_ws/install/px4_ros_com/share/ament_index/resource_index/package_run_dependencies/px4_ros_com\n'}
[3.582026] (px4_ros_com) StdoutLine: {'line': b'-- Up-to-date symlink: /home/carlos/ros2_ws/install/px4_ros_com/share/ament_index/resource_index/parent_prefix_path/px4_ros_com\n'}
[3.582154] (px4_ros_com) StdoutLine: {'line': b'-- Up-to-date symlink: /home/carlos/ros2_ws/install/px4_ros_com/share/px4_ros_com/environment/ament_prefix_path.sh\n'}
[3.582322] (px4_ros_com) StdoutLine: {'line': b'-- Up-to-date symlink: /home/carlos/ros2_ws/install/px4_ros_com/share/px4_ros_com/environment/ament_prefix_path.dsv\n'}
[3.582496] (px4_ros_com) StdoutLine: {'line': b'-- Up-to-date symlink: /home/carlos/ros2_ws/install/px4_ros_com/share/px4_ros_com/environment/path.sh\n'}
[3.582631] (px4_ros_com) StdoutLine: {'line': b'-- Up-to-date symlink: /home/carlos/ros2_ws/install/px4_ros_com/share/px4_ros_com/environment/path.dsv\n'}
[3.582754] (px4_ros_com) StdoutLine: {'line': b'-- Up-to-date symlink: /home/carlos/ros2_ws/install/px4_ros_com/share/px4_ros_com/local_setup.bash\n'}
[3.582901] (px4_ros_com) StdoutLine: {'line': b'-- Up-to-date symlink: /home/carlos/ros2_ws/install/px4_ros_com/share/px4_ros_com/local_setup.sh\n'}
[3.583037] (px4_ros_com) StdoutLine: {'line': b'-- Up-to-date symlink: /home/carlos/ros2_ws/install/px4_ros_com/share/px4_ros_com/local_setup.zsh\n'}
[3.583176] (px4_ros_com) StdoutLine: {'line': b'-- Up-to-date symlink: /home/carlos/ros2_ws/install/px4_ros_com/share/px4_ros_com/local_setup.dsv\n'}
[3.583276] (px4_ros_com) StdoutLine: {'line': b'-- Symlinking: /home/carlos/ros2_ws/install/px4_ros_com/share/px4_ros_com/package.dsv\n'}
[3.590739] (control) StdoutLine: {'line': b"-- Using RMW implementation 'rmw_fastrtps_cpp' as default\n"}
[3.593198] (px4_ros_com) StdoutLine: {'line': b'-- Up-to-date symlink: /home/carlos/ros2_ws/install/px4_ros_com/share/ament_index/resource_index/packages/px4_ros_com\n'}
[3.593442] (px4_ros_com) StdoutLine: {'line': b'-- Up-to-date symlink: /home/carlos/ros2_ws/install/px4_ros_com/share/px4_ros_com/cmake/ament_cmake_export_dependencies-extras.cmake\n'}
[3.593679] (px4_ros_com) StdoutLine: {'line': b'-- Up-to-date symlink: /home/carlos/ros2_ws/install/px4_ros_com/share/px4_ros_com/cmake/ament_cmake_export_targets-extras.cmake\n'}
[3.593861] (px4_ros_com) StdoutLine: {'line': b'-- Up-to-date symlink: /home/carlos/ros2_ws/install/px4_ros_com/share/px4_ros_com/cmake/ament_cmake_export_include_directories-extras.cmake\n'}
[3.594105] (px4_ros_com) StdoutLine: {'line': b'-- Up-to-date symlink: /home/carlos/ros2_ws/install/px4_ros_com/share/px4_ros_com/cmake/ament_cmake_export_libraries-extras.cmake\n'}
[3.594350] (px4_ros_com) StdoutLine: {'line': b'-- Up-to-date symlink: /home/carlos/ros2_ws/install/px4_ros_com/share/px4_ros_com/cmake/px4_ros_comConfig.cmake\n'}
[3.594434] (px4_ros_com) StdoutLine: {'line': b'-- Up-to-date symlink: /home/carlos/ros2_ws/install/px4_ros_com/share/px4_ros_com/cmake/px4_ros_comConfig-version.cmake\n'}
[3.594510] (px4_ros_com) StdoutLine: {'line': b'-- Up-to-date symlink: /home/carlos/ros2_ws/install/px4_ros_com/share/px4_ros_com/package.xml\n'}
[3.594607] (px4_ros_com) StdoutLine: {'line': b'-- Up-to-date: /home/carlos/ros2_ws/install/px4_ros_com/lib/libframe_transforms.so\n'}
[3.607393] (-) TimerEvent: {}
[3.626097] (px4_ros_com) StdoutLine: {'line': b"Listing '/home/carlos/ros2_ws/install/px4_ros_com/lib/python3.12/site-packages/px4_ros_com'...\n"}
[3.630676] (px4_ros_com) StdoutLine: {'line': b'-- Up-to-date: /home/carlos/ros2_ws/install/px4_ros_com/share/px4_ros_com/cmake/export_frame_transformsExport.cmake\n'}
[3.630912] (px4_ros_com) StdoutLine: {'line': b'-- Up-to-date: /home/carlos/ros2_ws/install/px4_ros_com/share/px4_ros_com/cmake/export_frame_transformsExport-noconfig.cmake\n'}
[3.633674] (px4_ros_com) CommandEnded: {'returncode': 0}
[3.651319] (control) StdoutLine: {'line': b'-- Found std_msgs: 5.3.6 (/opt/ros/jazzy/share/std_msgs/cmake)\n'}
[3.660490] (px4_ros_com) JobEnded: {'identifier': 'px4_ros_com', 'rc': 0}
[3.663274] (control) StdoutLine: {'line': b'-- Found geometry_msgs: 5.3.6 (/opt/ros/jazzy/share/geometry_msgs/cmake)\n'}
[3.675687] (control) StdoutLine: {'line': b'-- Found px4_msgs: 2.0.1 (/home/carlos/ros2_ws/install/px4_msgs/share/px4_msgs/cmake)\n'}
[3.689562] (control) StdoutLine: {'line': b'-- Found ament_lint_auto: 0.17.3 (/opt/ros/jazzy/share/ament_lint_auto/cmake)\n'}
[3.707500] (-) TimerEvent: {}
[3.804135] (control) StdoutLine: {'line': b'-- Configuring done (0.6s)\n'}
[3.807611] (-) TimerEvent: {}
[3.810370] (control) StdoutLine: {'line': b'-- Generating done (0.0s)\n'}
[3.815757] (control) StdoutLine: {'line': b'-- Build files have been written to: /home/carlos/ros2_ws/build/control\n'}
[3.843962] (control) CommandEnded: {'returncode': 0}
[3.844504] (control) JobProgress: {'identifier': 'control', 'progress': 'install'}
[3.844955] (control) Command: {'cmd': ['/usr/bin/cmake', '--install', '/home/carlos/ros2_ws/build/control'], 'cwd': '/home/carlos/ros2_ws/build/control', 'env': OrderedDict({'GJS_DEBUG_TOPICS': 'JS ERROR;JS LOG', 'XDG_ACTIVATION_TOKEN': 'gnome-shell/Terminator/2936-6-carlos-Lenovo-Slim-Pro-7-14ARP8_TIME4774526', 'LESSOPEN': '| /usr/bin/lesspipe %s', 'USER': 'carlos', 'XDG_SESSION_TYPE': 'x11', 'CLUTTER_DISABLE_MIPMAPPED_TEXT': '1', 'SHLVL': '1', 'LD_LIBRARY_PATH': '/home/carlos/ros2_ws/install/px4_msgs/lib:/home/carlos/ros2_ws/install/px4_ros_com/lib:/opt/ros/jazzy/opt/zenoh_cpp_vendor/lib:/opt/ros/jazzy/opt/rviz_ogre_vendor/lib:/opt/ros/jazzy/lib/x86_64-linux-gnu:/opt/ros/jazzy/opt/gz_math_vendor/lib:/opt/ros/jazzy/opt/gz_utils_vendor/lib:/opt/ros/jazzy/opt/gz_cmake_vendor/lib:/opt/ros/jazzy/lib', 'HOME': '/home/carlos', 'OLDPWD': '/home/carlos', 'DESKTOP_SESSION': 'ubuntu', 'GIO_LAUNCHED_DESKTOP_FILE': '/usr/share/applications/terminator.desktop', 'ROS_PYTHON_VERSION': '3', 'GNOME_SHELL_SESSION_MODE': 'ubuntu', 'GTK_MODULES': 'gail:atk-bridge', 'MANAGERPID': '2447', 'SYSTEMD_EXEC_PID': '2936', 'GSM_SKIP_SSH_AGENT_WORKAROUND': 'true', 'DBUS_SESSION_BUS_ADDRESS': 'unix:path=/run/user/1000/bus', 'COLORTERM': 'truecolor', 'TERMINATOR_DBUS_NAME': 'net.tenshu.Terminator23558193cd9818af7fe4d2c2f5bd9d00f', 'GIO_LAUNCHED_DESKTOP_FILE_PID': '13196', 'DEBUGINFOD_URLS': 'https://debuginfod.ubuntu.com', 'COLCON_PREFIX_PATH': '/home/carlos/ros2_ws/install', 'ROS_DISTRO': 'jazzy', 'LOGNAME': 'carlos', 'JOURNAL_STREAM': '9:23106', '_': '/usr/bin/colcon', 'ROS_VERSION': '2', 'MEMORY_PRESSURE_WATCH': '/sys/fs/cgroup/user.slice/user-1000.slice/user@1000.service/session.slice/org.gnome.Shell@x11.service/memory.pressure', 'XDG_SESSION_CLASS': 'user', 'USERNAME': 'carlos', 'TERM': 'xterm-256color', 'GNOME_DESKTOP_SESSION_ID': 'this-is-deprecated', 'WINDOWPATH': '2', 'PATH': '/opt/ros/jazzy/bin:/home/carlos/.local/bin:/usr/local/sbin:/usr/local/bin:/usr/sbin:/usr/bin:/sbin:/bin:/usr/games:/usr/local/games:/snap/bin:/snap/bin:/opt/xtensa-esp-elf/bin/', 'SESSION_MANAGER': 'local/carlos-Lenovo-Slim-Pro-7-14ARP8:@/tmp/.ICE-unix/2891,unix/carlos-Lenovo-Slim-Pro-7-14ARP8:/tmp/.ICE-unix/2891', 'INVOCATION_ID': '4befd6100fc14b73ad36747d281cd608', 'XDG_MENU_PREFIX': 'gnome-', 'XDG_RUNTIME_DIR': '/run/user/1000', 'DISPLAY': ':1', 'TERMINATOR_DBUS_PATH': '/net/tenshu/Terminator2', 'LANG': 'en_US.UTF-8', 'XDG_CURRENT_DESKTOP': 'ubuntu:GNOME', 'XMODIFIERS': '@im=ibus', 'XDG_SESSION_DESKTOP': 'ubuntu', 'XAUTHORITY': '/run/user/1000/gdm/Xauthority', 'LS_COLORS': 'rs=0:di=01;34:ln=01;36:mh=00:pi=40;33:so=01;35:do=01;35:bd=40;33;01:cd=40;33;01:or=40;31;01:mi=00:su=37;41:sg=30;43:ca=00:tw=30;42:ow=34;42:st=37;44:ex=01;32:*.tar=01;31:*.tgz=01;31:*.arc=01;31:*.arj=01;31:*.taz=01;31:*.lha=01;31:*.lz4=01;31:*.lzh=01;31:*.lzma=01;31:*.tlz=01;31:*.txz=01;31:*.tzo=01;31:*.t7z=01;31:*.zip=01;31:*.z=01;31:*.dz=01;31:*.gz=01;31:*.lrz=01;31:*.lz=01;31:*.lzo=01;31:*.xz=01;31:*.zst=01;31:*.tzst=01;31:*.bz2=01;31:*.bz=01;31:*.tbz=01;31:*.tbz2=01;31:*.tz=01;31:*.deb=01;31:*.rpm=01;31:*.jar=01;31:*.war=01;31:*.ear=01;31:*.sar=01;31:*.rar=01;31:*.alz=01;31:*.ace=01;31:*.zoo=01;31:*.cpio=01;31:*.7z=01;31:*.rz=01;31:*.cab=01;31:*.wim=01;31:*.swm=01;31:*.dwm=01;31:*.esd=01;31:*.avif=01;35:*.jpg=01;35:*.jpeg=01;35:*.mjpg=01;35:*.mjpeg=01;35:*.gif=01;35:*.bmp=01;35:*.pbm=01;35:*.pgm=01;35:*.ppm=01;35:*.tga=01;35:*.xbm=01;35:*.xpm=01;35:*.tif=01;35:*.tiff=01;35:*.png=01;35:*.svg=01;35:*.svgz=01;35:*.mng=01;35:*.pcx=01;35:*.mov=01;35:*.mpg=01;35:*.mpeg=01;35:*.m2v=01;35:*.mkv=01;35:*.webm=01;35:*.webp=01;35:*.ogm=01;35:*.mp4=01;35:*.m4v=01;35:*.mp4v=01;35:*.vob=01;35:*.qt=01;35:*.nuv=01;35:*.wmv=01;35:*.asf=01;35:*.rm=01;35:*.rmvb=01;35:*.flc=01;35:*.avi=01;35:*.fli=01;35:*.flv=01;35:*.gl=01;35:*.dl=01;35:*.xcf=01;35:*.xwd=01;35:*.yuv=01;35:*.cgm=01;35:*.emf=01;35:*.ogv=01;35:*.ogx=01;35:*.aac=00;36:*.au=00;36:*.flac=00;36:*.m4a=00;36:*.mid=00;36:*.midi=00;36:*.mka=00;36:*.mp3=00;36:*.mpc=00;36:*.ogg=00;36:*.ra=00;36:*.wav=00;36:*.oga=00;36:*.opus=00;36:*.spx=00;36:*.xspf=00;36:*~=00;90:*#=00;90:*.bak=00;90:*.crdownload=00;90:*.dpkg-dist=00;90:*.dpkg-new=00;90:*.dpkg-old=00;90:*.dpkg-tmp=00;90:*.old=00;90:*.orig=00;90:*.part=00;90:*.rej=00;90:*.rpmnew=00;90:*.rpmorig=00;90:*.rpmsave=00;90:*.swp=00;90:*.tmp=00;90:*.ucf-dist=00;90:*.ucf-new=00;90:*.ucf-old=00;90:', 'SSH_AUTH_SOCK': '/run/user/1000/keyring/ssh', 'AMENT_PREFIX_PATH': '/home/carlos/ros2_ws/install/px4_ros_com:/home/carlos/ros2_ws/install/control:/home/carlos/ros2_ws/install/px4_msgs:/opt/ros/jazzy', 'SHELL': '/bin/bash', 'TERMINATOR_UUID': 'urn:uuid:2de7a329-c24a-4a9c-b8c6-9493757ca0a7', 'QT_ACCESSIBILITY': '1', 'GDMSESSION': 'ubuntu', 'LESSCLOSE': '/usr/bin/lesspipe %s %s', 'GPG_AGENT_INFO': '/run/user/1000/gnupg/S.gpg-agent:0:1', 'GJS_DEBUG_OUTPUT': 'stderr', 'ROS_AUTOMATIC_DISCOVERY_RANGE': 'SUBNET', 'QT_IM_MODULE': 'ibus', 'PWD': '/home/carlos/ros2_ws/build/control', 'XDG_CONFIG_DIRS': '/etc/xdg/xdg-ubuntu:/etc/xdg', 'XDG_DATA_DIRS': '/usr/share/ubuntu:/usr/share/gnome:/usr/local/share/:/usr/share/:/var/lib/snapd/desktop', 'PYTHONPATH': '/home/carlos/ros2_ws/install/px4_msgs/lib/python3.12/site-packages:/home/carlos/ros2_ws/install/px4_ros_com/lib/python3.12/site-packages:/opt/ros/jazzy/lib/python3.12/site-packages', 'COLCON': '1', 'MEMORY_PRESSURE_WRITE': 'c29tZSAyMDAwMDAgMjAwMDAwMAA=', 'VTE_VERSION': '7600', 'CMAKE_PREFIX_PATH': '/home/carlos/ros2_ws/install/px4_msgs:/home/carlos/ros2_ws/install/px4_ros_com:/home/carlos/ros2_ws/install/control:/opt/ros/jazzy/opt/gz_math_vendor:/opt/ros/jazzy/opt/gz_utils_vendor:/opt/ros/jazzy/opt/gz_cmake_vendor:/opt/ros/jazzy'}), 'shell': False}
[3.852202] (control) StdoutLine: {'line': b'-- Install configuration: ""\n'}
[3.852502] (control) StdoutLine: {'line': b'-- Up-to-date: /home/carlos/ros2_ws/install/control/lib/control/position_controller.py\n'}
[3.852672] (control) StdoutLine: {'line': b'-- Up-to-date: /home/carlos/ros2_ws/install/control/lib/control/field.py\n'}
[3.852905] (control) StdoutLine: {'line': b'-- Up-to-date: /home/carlos/ros2_ws/install/control/lib/control/rover_monitor.py\n'}
[3.853065] (control) StdoutLine: {'line': b'-- Up-to-date: /home/carlos/ros2_ws/install/control/lib/control/temp_query.py\n'}
[3.853179] (control) StdoutLine: {'line': b'-- Up-to-date: /home/carlos/ros2_ws/install/control/lib/control/blawnmower.py\n'}
[3.853375] (control) StderrLine: {'line': b'\x1b[31mCMake Error at cmake_install.cmake:46 (file):\n'}
[3.853558] (control) StderrLine: {'line': b'  file INSTALL cannot find\n'}
[3.853639] (control) StderrLine: {'line': b'  "/home/carlos/ros2_ws/src/control/scripts/plain_field.py": No such file or\n'}
[3.853686] (control) StderrLine: {'line': b'  directory.\n'}
[3.853731] (control) StderrLine: {'line': b'\n'}
[3.853806] (control) StderrLine: {'line': b'\x1b[0m\n'}
[3.854324] (control) CommandEnded: {'returncode': 1}
[3.866593] (control) JobEnded: {'identifier': 'control', 'rc': 1}
[3.877280] (-) EventReactorShutdown: {}
