[0.000000] (-) TimerEvent: {}
[0.000257] (px4_msgs) JobQueued: {'identifier': 'px4_msgs', 'dependencies': OrderedDict()}
[0.000330] (control) JobQueued: {'identifier': 'control', 'dependencies': OrderedDict({'px4_msgs': '/home/carlos/ros2_ws/install/px4_msgs'})}
[0.000380] (px4_ros_com) JobQueued: {'identifier': 'px4_ros_com', 'dependencies': OrderedDict({'px4_msgs': '/home/carlos/ros2_ws/install/px4_msgs'})}
[0.000419] (px4_msgs) JobStarted: {'identifier': 'px4_msgs'}
[0.009418] (px4_msgs) JobProgress: {'identifier': 'px4_msgs', 'progress': 'cmake'}
[0.010165] (px4_msgs) JobProgress: {'identifier': 'px4_msgs', 'progress': 'build'}
[0.010705] (px4_msgs) Command: {'cmd': ['/usr/bin/cmake', '--build', '/home/carlos/ros2_ws/build/px4_msgs', '--', '-j16', '-l16'], 'cwd': '/home/carlos/ros2_ws/build/px4_msgs', 'env': OrderedDict({'GJS_DEBUG_TOPICS': 'JS ERROR;JS LOG', 'XDG_ACTIVATION_TOKEN': 'gnome-shell/Terminator/2877-9-carlos-Lenovo-Slim-Pro-7-14ARP8_TIME5300550', 'LESSOPEN': '| /usr/bin/lesspipe %s', 'USER': 'carlos', 'XDG_SESSION_TYPE': 'x11', 'CLUTTER_DISABLE_MIPMAPPED_TEXT': '1', 'SHLVL': '1', 'LD_LIBRARY_PATH': '/home/carlos/ros2_ws/install/px4_ros_com/lib:/home/carlos/ros2_ws/install/px4_msgs/lib:/opt/ros/jazzy/opt/zenoh_cpp_vendor/lib:/opt/ros/jazzy/opt/rviz_ogre_vendor/lib:/opt/ros/jazzy/lib/x86_64-linux-gnu:/opt/ros/jazzy/opt/gz_math_vendor/lib:/opt/ros/jazzy/opt/gz_utils_vendor/lib:/opt/ros/jazzy/opt/gz_cmake_vendor/lib:/opt/ros/jazzy/lib', 'HOME': '/home/carlos', 'OLDPWD': '/home/carlos', 'DESKTOP_SESSION': 'ubuntu', 'GIO_LAUNCHED_DESKTOP_FILE': '/usr/share/applications/terminator.desktop', 'ROS_PYTHON_VERSION': '3', 'GNOME_SHELL_SESSION_MODE': 'ubuntu', 'GTK_MODULES': 'gail:atk-bridge', 'MANAGERPID': '2400', 'SYSTEMD_EXEC_PID': '2877', 'GSM_SKIP_SSH_AGENT_WORKAROUND': 'true', 'DBUS_SESSION_BUS_ADDRESS': 'unix:path=/run/user/1000/bus', 'COLORTERM': 'truecolor', 'TERMINATOR_DBUS_NAME': 'net.tenshu.Terminator23558193cd9818af7fe4d2c2f5bd9d00f', 'GIO_LAUNCHED_DESKTOP_FILE_PID': '18200', 'DEBUGINFOD_URLS': 'https://debuginfod.ubuntu.com', 'COLCON_PREFIX_PATH': '/home/carlos/ros2_ws/install', 'ROS_DISTRO': 'jazzy', 'LOGNAME': 'carlos', 'JOURNAL_STREAM': '9:26749', '_': '/usr/bin/colcon', 'ROS_VERSION': '2', 'MEMORY_PRESSURE_WATCH': '/sys/fs/cgroup/user.slice/user-1000.slice/user@1000.service/session.slice/org.gnome.Shell@x11.service/memory.pressure', 'XDG_SESSION_CLASS': 'user', 'USERNAME': 'carlos', 'TERM': 'xterm-256color', 'GNOME_DESKTOP_SESSION_ID': 'this-is-deprecated', 'WINDOWPATH': '2', 'PATH': '/opt/ros/jazzy/bin:/home/carlos/.local/bin:/usr/local/sbin:/usr/local/bin:/usr/sbin:/usr/bin:/sbin:/bin:/usr/games:/usr/local/games:/snap/bin:/snap/bin:/opt/xtensa-esp-elf/bin/', 'SESSION_MANAGER': 'local/carlos-Lenovo-Slim-Pro-7-14ARP8:@/tmp/.ICE-unix/2819,unix/carlos-Lenovo-Slim-Pro-7-14ARP8:/tmp/.ICE-unix/2819', 'INVOCATION_ID': 'dcee714882ff4e158556c6e32b3863f8', 'XDG_MENU_PREFIX': 'gnome-', 'XDG_RUNTIME_DIR': '/run/user/1000', 'DISPLAY': ':1', 'TERMINATOR_DBUS_PATH': '/net/tenshu/Terminator2', 'LANG': 'en_US.UTF-8', 'XDG_CURRENT_DESKTOP': 'ubuntu:GNOME', 'XMODIFIERS': '@im=ibus', 'XDG_SESSION_DESKTOP': 'ubuntu', 'XAUTHORITY': '/run/user/1000/gdm/Xauthority', 'LS_COLORS': 'rs=0:di=01;34:ln=01;36:mh=00:pi=40;33:so=01;35:do=01;35:bd=40;33;01:cd=40;33;01:or=40;31;01:mi=00:su=37;41:sg=30;43:ca=00:tw=30;42:ow=34;42:st=37;44:ex=01;32:*.tar=01;31:*.tgz=01;31:*.arc=01;31:*.arj=01;31:*.taz=01;31:*.lha=01;31:*.lz4=01;31:*.lzh=01;31:*.lzma=01;31:*.tlz=01;31:*.txz=01;31:*.tzo=01;31:*.t7z=01;31:*.zip=01;31:*.z=01;31:*.dz=01;31:*.gz=01;31:*.lrz=01;31:*.lz=01;31:*.lzo=01;31:*.xz=01;31:*.zst=01;31:*.tzst=01;31:*.bz2=01;31:*.bz=01;31:*.tbz=01;31:*.tbz2=01;31:*.tz=01;31:*.deb=01;31:*.rpm=01;31:*.jar=01;31:*.war=01;31:*.ear=01;31:*.sar=01;31:*.rar=01;31:*.alz=01;31:*.ace=01;31:*.zoo=01;31:*.cpio=01;31:*.7z=01;31:*.rz=01;31:*.cab=01;31:*.wim=01;31:*.swm=01;31:*.dwm=01;31:*.esd=01;31:*.avif=01;35:*.jpg=01;35:*.jpeg=01;35:*.mjpg=01;35:*.mjpeg=01;35:*.gif=01;35:*.bmp=01;35:*.pbm=01;35:*.pgm=01;35:*.ppm=01;35:*.tga=01;35:*.xbm=01;35:*.xpm=01;35:*.tif=01;35:*.tiff=01;35:*.png=01;35:*.svg=01;35:*.svgz=01;35:*.mng=01;35:*.pcx=01;35:*.mov=01;35:*.mpg=01;35:*.mpeg=01;35:*.m2v=01;35:*.mkv=01;35:*.webm=01;35:*.webp=01;35:*.ogm=01;35:*.mp4=01;35:*.m4v=01;35:*.mp4v=01;35:*.vob=01;35:*.qt=01;35:*.nuv=01;35:*.wmv=01;35:*.asf=01;35:*.rm=01;35:*.rmvb=01;35:*.flc=01;35:*.avi=01;35:*.fli=01;35:*.flv=01;35:*.gl=01;35:*.dl=01;35:*.xcf=01;35:*.xwd=01;35:*.yuv=01;35:*.cgm=01;35:*.emf=01;35:*.ogv=01;35:*.ogx=01;35:*.aac=00;36:*.au=00;36:*.flac=00;36:*.m4a=00;36:*.mid=00;36:*.midi=00;36:*.mka=00;36:*.mp3=00;36:*.mpc=00;36:*.ogg=00;36:*.ra=00;36:*.wav=00;36:*.oga=00;36:*.opus=00;36:*.spx=00;36:*.xspf=00;36:*~=00;90:*#=00;90:*.bak=00;90:*.crdownload=00;90:*.dpkg-dist=00;90:*.dpkg-new=00;90:*.dpkg-old=00;90:*.dpkg-tmp=00;90:*.old=00;90:*.orig=00;90:*.part=00;90:*.rej=00;90:*.rpmnew=00;90:*.rpmorig=00;90:*.rpmsave=00;90:*.swp=00;90:*.tmp=00;90:*.ucf-dist=00;90:*.ucf-new=00;90:*.ucf-old=00;90:', 'SSH_AUTH_SOCK': '/run/user/1000/keyring/ssh', 'AMENT_PREFIX_PATH': '/home/carlos/ros2_ws/install/px4_ros_com:/home/carlos/ros2_ws/install/control:/home/carlos/ros2_ws/install/px4_msgs:/opt/ros/jazzy', 'SHELL': '/bin/bash', 'TERMINATOR_UUID': 'urn:uuid:a6ce0b40-75fc-4dfb-baeb-91d7a3d2f383', 'QT_ACCESSIBILITY': '1', 'GDMSESSION': 'ubuntu', 'LESSCLOSE': '/usr/bin/lesspipe %s %s', 'GPG_AGENT_INFO': '/run/user/1000/gnupg/S.gpg-agent:0:1', 'GJS_DEBUG_OUTPUT': 'stderr', 'ROS_AUTOMATIC_DISCOVERY_RANGE': 'SUBNET', 'QT_IM_MODULE': 'ibus', 'PWD': '/home/carlos/ros2_ws/build/px4_msgs', 'XDG_CONFIG_DIRS': '/etc/xdg/xdg-ubuntu:/etc/xdg', 'XDG_DATA_DIRS': '/usr/share/ubuntu:/usr/share/gnome:/usr/local/share/:/usr/share/:/var/lib/snapd/desktop', 'PYTHONPATH': '/home/carlos/ros2_ws/install/px4_ros_com/lib/python3.12/site-packages:/home/carlos/ros2_ws/install/px4_msgs/lib/python3.12/site-packages:/opt/ros/jazzy/lib/python3.12/site-packages', 'COLCON': '1', 'MEMORY_PRESSURE_WRITE': 'c29tZSAyMDAwMDAgMjAwMDAwMAA=', 'VTE_VERSION': '7600', 'CMAKE_PREFIX_PATH': '/home/carlos/ros2_ws/install/px4_ros_com:/home/carlos/ros2_ws/install/control:/home/carlos/ros2_ws/install/px4_msgs:/opt/ros/jazzy/opt/gz_math_vendor:/opt/ros/jazzy/opt/gz_utils_vendor:/opt/ros/jazzy/opt/gz_cmake_vendor:/opt/ros/jazzy'}), 'shell': False}
[0.099216] (-) TimerEvent: {}
[0.199592] (-) TimerEvent: {}
[0.299964] (-) TimerEvent: {}
[0.400295] (-) TimerEvent: {}
[0.500622] (-) TimerEvent: {}
[0.600982] (-) TimerEvent: {}
[0.701244] (-) TimerEvent: {}
[0.801472] (-) TimerEvent: {}
[0.901743] (-) TimerEvent: {}
[1.002053] (-) TimerEvent: {}
[1.050129] (px4_msgs) StdoutLine: {'line': b'[  0%] Built target px4_msgs__rosidl_generator_type_description\n'}
[1.051809] (px4_msgs) StdoutLine: {'line': b'[  0%] Built target ament_cmake_python_symlink_px4_msgs\n'}
[1.096011] (px4_msgs) StdoutLine: {'line': b'[  0%] Built target px4_msgs__cpp\n'}
[1.102168] (-) TimerEvent: {}
[1.202423] (-) TimerEvent: {}
[1.211152] (px4_msgs) StdoutLine: {'line': b'[ 29%] Built target px4_msgs__rosidl_generator_c\n'}
[1.216158] (px4_msgs) StdoutLine: {'line': b'running egg_info\n'}
[1.231780] (px4_msgs) StdoutLine: {'line': b'writing px4_msgs.egg-info/PKG-INFO\n'}
[1.232107] (px4_msgs) StdoutLine: {'line': b'writing dependency_links to px4_msgs.egg-info/dependency_links.txt\n'}
[1.232793] (px4_msgs) StdoutLine: {'line': b'writing top-level names to px4_msgs.egg-info/top_level.txt\n'}
[1.282516] (px4_msgs) StdoutLine: {'line': b"reading manifest file 'px4_msgs.egg-info/SOURCES.txt'\n"}
[1.282749] (px4_msgs) StdoutLine: {'line': b'[ 39%] Built target px4_msgs__rosidl_typesupport_c\n'}
[1.285600] (px4_msgs) StdoutLine: {'line': b"writing manifest file 'px4_msgs.egg-info/SOURCES.txt'\n"}
[1.286764] (px4_msgs) StdoutLine: {'line': b'[ 49%] Built target px4_msgs__rosidl_typesupport_introspection_c\n'}
[1.302575] (-) TimerEvent: {}
[1.310313] (px4_msgs) StdoutLine: {'line': b'[ 49%] Built target ament_cmake_python_build_px4_msgs_egg\n'}
[1.314110] (px4_msgs) StdoutLine: {'line': b'[ 59%] Built target px4_msgs__rosidl_typesupport_cpp\n'}
[1.325778] (px4_msgs) StdoutLine: {'line': b'[ 69%] Built target px4_msgs__rosidl_typesupport_introspection_cpp\n'}
[1.328159] (px4_msgs) StdoutLine: {'line': b'[ 79%] Built target px4_msgs__rosidl_typesupport_fastrtps_c\n'}
[1.334768] (px4_msgs) StdoutLine: {'line': b'[ 89%] Built target px4_msgs__rosidl_typesupport_fastrtps_cpp\n'}
[1.356261] (px4_msgs) StdoutLine: {'line': b'[ 89%] Built target px4_msgs\n'}
[1.386773] (px4_msgs) StdoutLine: {'line': b'[ 89%] Built target px4_msgs__py\n'}
[1.402679] (-) TimerEvent: {}
[1.491729] (px4_msgs) StdoutLine: {'line': b'[ 99%] Built target px4_msgs__rosidl_generator_py\n'}
[1.502824] (-) TimerEvent: {}
[1.518181] (px4_msgs) StdoutLine: {'line': b'[100%] Built target px4_msgs_s__rosidl_typesupport_c\n'}
[1.518426] (px4_msgs) StdoutLine: {'line': b'[100%] Built target px4_msgs_s__rosidl_typesupport_introspection_c\n'}
[1.518570] (px4_msgs) StdoutLine: {'line': b'[100%] Built target px4_msgs_s__rosidl_typesupport_fastrtps_c\n'}
[1.532188] (px4_msgs) CommandEnded: {'returncode': 0}
[1.532851] (px4_msgs) JobProgress: {'identifier': 'px4_msgs', 'progress': 'install'}
[1.542229] (px4_msgs) Command: {'cmd': ['/usr/bin/cmake', '--install', '/home/carlos/ros2_ws/build/px4_msgs'], 'cwd': '/home/carlos/ros2_ws/build/px4_msgs', 'env': OrderedDict({'GJS_DEBUG_TOPICS': 'JS ERROR;JS LOG', 'XDG_ACTIVATION_TOKEN': 'gnome-shell/Terminator/2877-9-carlos-Lenovo-Slim-Pro-7-14ARP8_TIME5300550', 'LESSOPEN': '| /usr/bin/lesspipe %s', 'USER': 'carlos', 'XDG_SESSION_TYPE': 'x11', 'CLUTTER_DISABLE_MIPMAPPED_TEXT': '1', 'SHLVL': '1', 'LD_LIBRARY_PATH': '/home/carlos/ros2_ws/install/px4_ros_com/lib:/home/carlos/ros2_ws/install/px4_msgs/lib:/opt/ros/jazzy/opt/zenoh_cpp_vendor/lib:/opt/ros/jazzy/opt/rviz_ogre_vendor/lib:/opt/ros/jazzy/lib/x86_64-linux-gnu:/opt/ros/jazzy/opt/gz_math_vendor/lib:/opt/ros/jazzy/opt/gz_utils_vendor/lib:/opt/ros/jazzy/opt/gz_cmake_vendor/lib:/opt/ros/jazzy/lib', 'HOME': '/home/carlos', 'OLDPWD': '/home/carlos', 'DESKTOP_SESSION': 'ubuntu', 'GIO_LAUNCHED_DESKTOP_FILE': '/usr/share/applications/terminator.desktop', 'ROS_PYTHON_VERSION': '3', 'GNOME_SHELL_SESSION_MODE': 'ubuntu', 'GTK_MODULES': 'gail:atk-bridge', 'MANAGERPID': '2400', 'SYSTEMD_EXEC_PID': '2877', 'GSM_SKIP_SSH_AGENT_WORKAROUND': 'true', 'DBUS_SESSION_BUS_ADDRESS': 'unix:path=/run/user/1000/bus', 'COLORTERM': 'truecolor', 'TERMINATOR_DBUS_NAME': 'net.tenshu.Terminator23558193cd9818af7fe4d2c2f5bd9d00f', 'GIO_LAUNCHED_DESKTOP_FILE_PID': '18200', 'DEBUGINFOD_URLS': 'https://debuginfod.ubuntu.com', 'COLCON_PREFIX_PATH': '/home/carlos/ros2_ws/install', 'ROS_DISTRO': 'jazzy', 'LOGNAME': 'carlos', 'JOURNAL_STREAM': '9:26749', '_': '/usr/bin/colcon', 'ROS_VERSION': '2', 'MEMORY_PRESSURE_WATCH': '/sys/fs/cgroup/user.slice/user-1000.slice/user@1000.service/session.slice/org.gnome.Shell@x11.service/memory.pressure', 'XDG_SESSION_CLASS': 'user', 'USERNAME': 'carlos', 'TERM': 'xterm-256color', 'GNOME_DESKTOP_SESSION_ID': 'this-is-deprecated', 'WINDOWPATH': '2', 'PATH': '/opt/ros/jazzy/bin:/home/carlos/.local/bin:/usr/local/sbin:/usr/local/bin:/usr/sbin:/usr/bin:/sbin:/bin:/usr/games:/usr/local/games:/snap/bin:/snap/bin:/opt/xtensa-esp-elf/bin/', 'SESSION_MANAGER': 'local/carlos-Lenovo-Slim-Pro-7-14ARP8:@/tmp/.ICE-unix/2819,unix/carlos-Lenovo-Slim-Pro-7-14ARP8:/tmp/.ICE-unix/2819', 'INVOCATION_ID': 'dcee714882ff4e158556c6e32b3863f8', 'XDG_MENU_PREFIX': 'gnome-', 'XDG_RUNTIME_DIR': '/run/user/1000', 'DISPLAY': ':1', 'TERMINATOR_DBUS_PATH': '/net/tenshu/Terminator2', 'LANG': 'en_US.UTF-8', 'XDG_CURRENT_DESKTOP': 'ubuntu:GNOME', 'XMODIFIERS': '@im=ibus', 'XDG_SESSION_DESKTOP': 'ubuntu', 'XAUTHORITY': '/run/user/1000/gdm/Xauthority', 'LS_COLORS': 'rs=0:di=01;34:ln=01;36:mh=00:pi=40;33:so=01;35:do=01;35:bd=40;33;01:cd=40;33;01:or=40;31;01:mi=00:su=37;41:sg=30;43:ca=00:tw=30;42:ow=34;42:st=37;44:ex=01;32:*.tar=01;31:*.tgz=01;31:*.arc=01;31:*.arj=01;31:*.taz=01;31:*.lha=01;31:*.lz4=01;31:*.lzh=01;31:*.lzma=01;31:*.tlz=01;31:*.txz=01;31:*.tzo=01;31:*.t7z=01;31:*.zip=01;31:*.z=01;31:*.dz=01;31:*.gz=01;31:*.lrz=01;31:*.lz=01;31:*.lzo=01;31:*.xz=01;31:*.zst=01;31:*.tzst=01;31:*.bz2=01;31:*.bz=01;31:*.tbz=01;31:*.tbz2=01;31:*.tz=01;31:*.deb=01;31:*.rpm=01;31:*.jar=01;31:*.war=01;31:*.ear=01;31:*.sar=01;31:*.rar=01;31:*.alz=01;31:*.ace=01;31:*.zoo=01;31:*.cpio=01;31:*.7z=01;31:*.rz=01;31:*.cab=01;31:*.wim=01;31:*.swm=01;31:*.dwm=01;31:*.esd=01;31:*.avif=01;35:*.jpg=01;35:*.jpeg=01;35:*.mjpg=01;35:*.mjpeg=01;35:*.gif=01;35:*.bmp=01;35:*.pbm=01;35:*.pgm=01;35:*.ppm=01;35:*.tga=01;35:*.xbm=01;35:*.xpm=01;35:*.tif=01;35:*.tiff=01;35:*.png=01;35:*.svg=01;35:*.svgz=01;35:*.mng=01;35:*.pcx=01;35:*.mov=01;35:*.mpg=01;35:*.mpeg=01;35:*.m2v=01;35:*.mkv=01;35:*.webm=01;35:*.webp=01;35:*.ogm=01;35:*.mp4=01;35:*.m4v=01;35:*.mp4v=01;35:*.vob=01;35:*.qt=01;35:*.nuv=01;35:*.wmv=01;35:*.asf=01;35:*.rm=01;35:*.rmvb=01;35:*.flc=01;35:*.avi=01;35:*.fli=01;35:*.flv=01;35:*.gl=01;35:*.dl=01;35:*.xcf=01;35:*.xwd=01;35:*.yuv=01;35:*.cgm=01;35:*.emf=01;35:*.ogv=01;35:*.ogx=01;35:*.aac=00;36:*.au=00;36:*.flac=00;36:*.m4a=00;36:*.mid=00;36:*.midi=00;36:*.mka=00;36:*.mp3=00;36:*.mpc=00;36:*.ogg=00;36:*.ra=00;36:*.wav=00;36:*.oga=00;36:*.opus=00;36:*.spx=00;36:*.xspf=00;36:*~=00;90:*#=00;90:*.bak=00;90:*.crdownload=00;90:*.dpkg-dist=00;90:*.dpkg-new=00;90:*.dpkg-old=00;90:*.dpkg-tmp=00;90:*.old=00;90:*.orig=00;90:*.part=00;90:*.rej=00;90:*.rpmnew=00;90:*.rpmorig=00;90:*.rpmsave=00;90:*.swp=00;90:*.tmp=00;90:*.ucf-dist=00;90:*.ucf-new=00;90:*.ucf-old=00;90:', 'SSH_AUTH_SOCK': '/run/user/1000/keyring/ssh', 'AMENT_PREFIX_PATH': '/home/carlos/ros2_ws/install/px4_ros_com:/home/carlos/ros2_ws/install/control:/home/carlos/ros2_ws/install/px4_msgs:/opt/ros/jazzy', 'SHELL': '/bin/bash', 'TERMINATOR_UUID': 'urn:uuid:a6ce0b40-75fc-4dfb-baeb-91d7a3d2f383', 'QT_ACCESSIBILITY': '1', 'GDMSESSION': 'ubuntu', 'LESSCLOSE': '/usr/bin/lesspipe %s %s', 'GPG_AGENT_INFO': '/run/user/1000/gnupg/S.gpg-agent:0:1', 'GJS_DEBUG_OUTPUT': 'stderr', 'ROS_AUTOMATIC_DISCOVERY_RANGE': 'SUBNET', 'QT_IM_MODULE': 'ibus', 'PWD': '/home/carlos/ros2_ws/build/px4_msgs', 'XDG_CONFIG_DIRS': '/etc/xdg/xdg-ubuntu:/etc/xdg', 'XDG_DATA_DIRS': '/usr/share/ubuntu:/usr/share/gnome:/usr/local/share/:/usr/share/:/var/lib/snapd/desktop', 'PYTHONPATH': '/home/carlos/ros2_ws/install/px4_ros_com/lib/python3.12/site-packages:/home/carlos/ros2_ws/install/px4_msgs/lib/python3.12/site-packages:/opt/ros/jazzy/lib/python3.12/site-packages', 'COLCON': '1', 'MEMORY_PRESSURE_WRITE': 'c29tZSAyMDAwMDAgMjAwMDAwMAA=', 'VTE_VERSION': '7600', 'CMAKE_PREFIX_PATH': '/home/carlos/ros2_ws/install/px4_ros_com:/home/carlos/ros2_ws/install/control:/home/carlos/ros2_ws/install/px4_msgs:/opt/ros/jazzy/opt/gz_math_vendor:/opt/ros/jazzy/opt/gz_utils_vendor:/opt/ros/jazzy/opt/gz_cmake_vendor:/opt/ros/jazzy'}), 'shell': False}
[1.549212] (px4_msgs) StdoutLine: {'line': b'-- Install configuration: ""\n'}
[1.551748] (px4_msgs) StdoutLine: {'line': b'-- Execute custom install script\n'}
[1.551956] (px4_msgs) StdoutLine: {'line': b'-- Up-to-date symlink: /home/carlos/ros2_ws/install/px4_msgs/share/ament_index/resource_index/rosidl_interfaces/px4_msgs\n'}
[1.552130] (px4_msgs) StdoutLine: {'line': b'-- Up-to-date symlink: /home/carlos/ros2_ws/install/px4_msgs/share/px4_msgs/msg/ActionRequest.json\n'}
[1.552285] (px4_msgs) StdoutLine: {'line': b'-- Up-to-date symlink: /home/carlos/ros2_ws/install/px4_msgs/share/px4_msgs/msg/ActuatorArmed.json\n'}
[1.552442] (px4_msgs) StdoutLine: {'line': b'-- Up-to-date symlink: /home/carlos/ros2_ws/install/px4_msgs/share/px4_msgs/msg/ActuatorControlsStatus.json\n'}
[1.552611] (px4_msgs) StdoutLine: {'line': b'-- Up-to-date symlink: /home/carlos/ros2_ws/install/px4_msgs/share/px4_msgs/msg/ActuatorMotors.json\n'}
[1.552749] (px4_msgs) StdoutLine: {'line': b'-- Up-to-date symlink: /home/carlos/ros2_ws/install/px4_msgs/share/px4_msgs/msg/ActuatorOutputs.json\n'}
[1.552882] (px4_msgs) StdoutLine: {'line': b'-- Up-to-date symlink: /home/carlos/ros2_ws/install/px4_msgs/share/px4_msgs/msg/ActuatorServos.json\n'}
[1.553012] (px4_msgs) StdoutLine: {'line': b'-- Up-to-date symlink: /home/carlos/ros2_ws/install/px4_msgs/share/px4_msgs/msg/ActuatorServosTrim.json\n'}
[1.553142] (px4_msgs) StdoutLine: {'line': b'-- Up-to-date symlink: /home/carlos/ros2_ws/install/px4_msgs/share/px4_msgs/msg/ActuatorTest.json\n'}
[1.553261] (px4_msgs) StdoutLine: {'line': b'-- Up-to-date symlink: /home/carlos/ros2_ws/install/px4_msgs/share/px4_msgs/msg/AdcReport.json\n'}
[1.553394] (px4_msgs) StdoutLine: {'line': b'-- Up-to-date symlink: /home/carlos/ros2_ws/install/px4_msgs/share/px4_msgs/msg/Airspeed.json\n'}
[1.553592] (px4_msgs) StdoutLine: {'line': b'-- Up-to-date symlink: /home/carlos/ros2_ws/install/px4_msgs/share/px4_msgs/msg/AirspeedValidated.json\n'}
[1.553746] (px4_msgs) StdoutLine: {'line': b'-- Up-to-date symlink: /home/carlos/ros2_ws/install/px4_msgs/share/px4_msgs/msg/AirspeedWind.json\n'}
[1.553855] (px4_msgs) StdoutLine: {'line': b'-- Up-to-date symlink: /home/carlos/ros2_ws/install/px4_msgs/share/px4_msgs/msg/ArmingCheckReply.json\n'}
[1.553996] (px4_msgs) StdoutLine: {'line': b'-- Up-to-date symlink: /home/carlos/ros2_ws/install/px4_msgs/share/px4_msgs/msg/ArmingCheckRequest.json\n'}
[1.554092] (px4_msgs) StdoutLine: {'line': b'-- Up-to-date symlink: /home/carlos/ros2_ws/install/px4_msgs/share/px4_msgs/msg/AutotuneAttitudeControlStatus.json\n'}
[1.554215] (px4_msgs) StdoutLine: {'line': b'-- Up-to-date symlink: /home/carlos/ros2_ws/install/px4_msgs/share/px4_msgs/msg/BatteryInfo.json\n'}
[1.554336] (px4_msgs) StdoutLine: {'line': b'-- Up-to-date symlink: /home/carlos/ros2_ws/install/px4_msgs/share/px4_msgs/msg/BatteryStatus.json\n'}
[1.554470] (px4_msgs) StdoutLine: {'line': b'-- Up-to-date symlink: /home/carlos/ros2_ws/install/px4_msgs/share/px4_msgs/msg/ButtonEvent.json\n'}
[1.554598] (px4_msgs) StdoutLine: {'line': b'-- Up-to-date symlink: /home/carlos/ros2_ws/install/px4_msgs/share/px4_msgs/msg/CameraCapture.json\n'}
[1.554872] (px4_msgs) StdoutLine: {'line': b'-- Up-to-date symlink: /home/carlos/ros2_ws/install/px4_msgs/share/px4_msgs/msg/CameraStatus.json\n'}
[1.555138] (px4_msgs) StdoutLine: {'line': b'-- Up-to-date symlink: /home/carlos/ros2_ws/install/px4_msgs/share/px4_msgs/msg/CameraTrigger.json\n'}
[1.555387] (px4_msgs) StdoutLine: {'line': b'-- Up-to-date symlink: /home/carlos/ros2_ws/install/px4_msgs/share/px4_msgs/msg/CanInterfaceStatus.json\n'}
[1.555588] (px4_msgs) StdoutLine: {'line': b'-- Up-to-date symlink: /home/carlos/ros2_ws/install/px4_msgs/share/px4_msgs/msg/CellularStatus.json\n'}
[1.555715] (px4_msgs) StdoutLine: {'line': b'-- Up-to-date symlink: /home/carlos/ros2_ws/install/px4_msgs/share/px4_msgs/msg/CollisionConstraints.json\n'}
[1.555842] (px4_msgs) StdoutLine: {'line': b'-- Up-to-date symlink: /home/carlos/ros2_ws/install/px4_msgs/share/px4_msgs/msg/ConfigOverrides.json\n'}
[1.555962] (px4_msgs) StdoutLine: {'line': b'-- Up-to-date symlink: /home/carlos/ros2_ws/install/px4_msgs/share/px4_msgs/msg/ControlAllocatorStatus.json\n'}
[1.556087] (px4_msgs) StdoutLine: {'line': b'-- Up-to-date symlink: /home/carlos/ros2_ws/install/px4_msgs/share/px4_msgs/msg/Cpuload.json\n'}
[1.556211] (px4_msgs) StdoutLine: {'line': b'-- Up-to-date symlink: /home/carlos/ros2_ws/install/px4_msgs/share/px4_msgs/msg/DatamanRequest.json\n'}
[1.556345] (px4_msgs) StdoutLine: {'line': b'-- Up-to-date symlink: /home/carlos/ros2_ws/install/px4_msgs/share/px4_msgs/msg/DatamanResponse.json\n'}
[1.556474] (px4_msgs) StdoutLine: {'line': b'-- Up-to-date symlink: /home/carlos/ros2_ws/install/px4_msgs/share/px4_msgs/msg/DebugArray.json\n'}
[1.556600] (px4_msgs) StdoutLine: {'line': b'-- Up-to-date symlink: /home/carlos/ros2_ws/install/px4_msgs/share/px4_msgs/msg/DebugKeyValue.json\n'}
[1.556722] (px4_msgs) StdoutLine: {'line': b'-- Up-to-date symlink: /home/carlos/ros2_ws/install/px4_msgs/share/px4_msgs/msg/DebugValue.json\n'}
[1.556844] (px4_msgs) StdoutLine: {'line': b'-- Up-to-date symlink: /home/carlos/ros2_ws/install/px4_msgs/share/px4_msgs/msg/DebugVect.json\n'}
[1.556968] (px4_msgs) StdoutLine: {'line': b'-- Up-to-date symlink: /home/carlos/ros2_ws/install/px4_msgs/share/px4_msgs/msg/DifferentialPressure.json\n'}
[1.557092] (px4_msgs) StdoutLine: {'line': b'-- Up-to-date symlink: /home/carlos/ros2_ws/install/px4_msgs/share/px4_msgs/msg/DistanceSensor.json\n'}
[1.557216] (px4_msgs) StdoutLine: {'line': b'-- Up-to-date symlink: /home/carlos/ros2_ws/install/px4_msgs/share/px4_msgs/msg/DistanceSensorModeChangeRequest.json\n'}
[1.557338] (px4_msgs) StdoutLine: {'line': b'-- Up-to-date symlink: /home/carlos/ros2_ws/install/px4_msgs/share/px4_msgs/msg/DronecanNodeStatus.json\n'}
[1.557469] (px4_msgs) StdoutLine: {'line': b'-- Up-to-date symlink: /home/carlos/ros2_ws/install/px4_msgs/share/px4_msgs/msg/Ekf2Timestamps.json\n'}
[1.557597] (px4_msgs) StdoutLine: {'line': b'-- Up-to-date symlink: /home/carlos/ros2_ws/install/px4_msgs/share/px4_msgs/msg/EscReport.json\n'}
[1.557719] (px4_msgs) StdoutLine: {'line': b'-- Up-to-date symlink: /home/carlos/ros2_ws/install/px4_msgs/share/px4_msgs/msg/EscStatus.json\n'}
[1.557841] (px4_msgs) StdoutLine: {'line': b'-- Up-to-date symlink: /home/carlos/ros2_ws/install/px4_msgs/share/px4_msgs/msg/EstimatorAidSource1d.json\n'}
[1.557964] (px4_msgs) StdoutLine: {'line': b'-- Up-to-date symlink: /home/carlos/ros2_ws/install/px4_msgs/share/px4_msgs/msg/EstimatorAidSource2d.json\n'}
[1.558086] (px4_msgs) StdoutLine: {'line': b'-- Up-to-date symlink: /home/carlos/ros2_ws/install/px4_msgs/share/px4_msgs/msg/EstimatorAidSource3d.json\n'}
[1.558210] (px4_msgs) StdoutLine: {'line': b'-- Up-to-date symlink: /home/carlos/ros2_ws/install/px4_msgs/share/px4_msgs/msg/EstimatorBias.json\n'}
[1.558333] (px4_msgs) StdoutLine: {'line': b'-- Up-to-date symlink: /home/carlos/ros2_ws/install/px4_msgs/share/px4_msgs/msg/EstimatorBias3d.json\n'}
[1.558460] (px4_msgs) StdoutLine: {'line': b'-- Up-to-date symlink: /home/carlos/ros2_ws/install/px4_msgs/share/px4_msgs/msg/EstimatorEventFlags.json\n'}
[1.558587] (px4_msgs) StdoutLine: {'line': b'-- Up-to-date symlink: /home/carlos/ros2_ws/install/px4_msgs/share/px4_msgs/msg/EstimatorGpsStatus.json\n'}
[1.558708] (px4_msgs) StdoutLine: {'line': b'-- Up-to-date symlink: /home/carlos/ros2_ws/install/px4_msgs/share/px4_msgs/msg/EstimatorInnovations.json\n'}
[1.558829] (px4_msgs) StdoutLine: {'line': b'-- Up-to-date symlink: /home/carlos/ros2_ws/install/px4_msgs/share/px4_msgs/msg/EstimatorSelectorStatus.json\n'}
[1.558950] (px4_msgs) StdoutLine: {'line': b'-- Up-to-date symlink: /home/carlos/ros2_ws/install/px4_msgs/share/px4_msgs/msg/EstimatorSensorBias.json\n'}
[1.559078] (px4_msgs) StdoutLine: {'line': b'-- Up-to-date symlink: /home/carlos/ros2_ws/install/px4_msgs/share/px4_msgs/msg/EstimatorStates.json\n'}
[1.559205] (px4_msgs) StdoutLine: {'line': b'-- Up-to-date symlink: /home/carlos/ros2_ws/install/px4_msgs/share/px4_msgs/msg/EstimatorStatus.json\n'}
[1.559329] (px4_msgs) StdoutLine: {'line': b'-- Up-to-date symlink: /home/carlos/ros2_ws/install/px4_msgs/share/px4_msgs/msg/EstimatorStatusFlags.json\n'}
[1.559457] (px4_msgs) StdoutLine: {'line': b'-- Up-to-date symlink: /home/carlos/ros2_ws/install/px4_msgs/share/px4_msgs/msg/Event.json\n'}
[1.559589] (px4_msgs) StdoutLine: {'line': b'-- Up-to-date symlink: /home/carlos/ros2_ws/install/px4_msgs/share/px4_msgs/msg/FailsafeFlags.json\n'}
[1.559712] (px4_msgs) StdoutLine: {'line': b'-- Up-to-date symlink: /home/carlos/ros2_ws/install/px4_msgs/share/px4_msgs/msg/FailureDetectorStatus.json\n'}
[1.559834] (px4_msgs) StdoutLine: {'line': b'-- Up-to-date symlink: /home/carlos/ros2_ws/install/px4_msgs/share/px4_msgs/msg/FigureEightStatus.json\n'}
[1.559957] (px4_msgs) StdoutLine: {'line': b'-- Up-to-date symlink: /home/carlos/ros2_ws/install/px4_msgs/share/px4_msgs/msg/FixedWingLateralGuidanceStatus.json\n'}
[1.560081] (px4_msgs) StdoutLine: {'line': b'-- Up-to-date symlink: /home/carlos/ros2_ws/install/px4_msgs/share/px4_msgs/msg/FixedWingLateralSetpoint.json\n'}
[1.560203] (px4_msgs) StdoutLine: {'line': b'-- Up-to-date symlink: /home/carlos/ros2_ws/install/px4_msgs/share/px4_msgs/msg/FixedWingLateralStatus.json\n'}
[1.560326] (px4_msgs) StdoutLine: {'line': b'-- Up-to-date symlink: /home/carlos/ros2_ws/install/px4_msgs/share/px4_msgs/msg/FixedWingLongitudinalSetpoint.json\n'}
[1.560453] (px4_msgs) StdoutLine: {'line': b'-- Up-to-date symlink: /home/carlos/ros2_ws/install/px4_msgs/share/px4_msgs/msg/FixedWingRunwayControl.json\n'}
[1.560580] (px4_msgs) StdoutLine: {'line': b'-- Up-to-date symlink: /home/carlos/ros2_ws/install/px4_msgs/share/px4_msgs/msg/FlightPhaseEstimation.json\n'}
[1.560702] (px4_msgs) StdoutLine: {'line': b'-- Up-to-date symlink: /home/carlos/ros2_ws/install/px4_msgs/share/px4_msgs/msg/FollowTarget.json\n'}
[1.560824] (px4_msgs) StdoutLine: {'line': b'-- Up-to-date symlink: /home/carlos/ros2_ws/install/px4_msgs/share/px4_msgs/msg/FollowTargetEstimator.json\n'}
[1.560946] (px4_msgs) StdoutLine: {'line': b'-- Up-to-date symlink: /home/carlos/ros2_ws/install/px4_msgs/share/px4_msgs/msg/FollowTargetStatus.json\n'}
[1.561081] (px4_msgs) StdoutLine: {'line': b'-- Up-to-date symlink: /home/carlos/ros2_ws/install/px4_msgs/share/px4_msgs/msg/FuelTankStatus.json\n'}
[1.561202] (px4_msgs) StdoutLine: {'line': b'-- Up-to-date symlink: /home/carlos/ros2_ws/install/px4_msgs/share/px4_msgs/msg/GeneratorStatus.json\n'}
[1.561325] (px4_msgs) StdoutLine: {'line': b'-- Up-to-date symlink: /home/carlos/ros2_ws/install/px4_msgs/share/px4_msgs/msg/GeofenceResult.json\n'}
[1.561477] (px4_msgs) StdoutLine: {'line': b'-- Up-to-date symlink: /home/carlos/ros2_ws/install/px4_msgs/share/px4_msgs/msg/GeofenceStatus.json\n'}
[1.561582] (px4_msgs) StdoutLine: {'line': b'-- Up-to-date symlink: /home/carlos/ros2_ws/install/px4_msgs/share/px4_msgs/msg/GimbalControls.json\n'}
[1.561711] (px4_msgs) StdoutLine: {'line': b'-- Up-to-date symlink: /home/carlos/ros2_ws/install/px4_msgs/share/px4_msgs/msg/GimbalDeviceAttitudeStatus.json\n'}
[1.561871] (px4_msgs) StdoutLine: {'line': b'-- Up-to-date symlink: /home/carlos/ros2_ws/install/px4_msgs/share/px4_msgs/msg/GimbalDeviceInformation.json\n'}
[1.562002] (px4_msgs) StdoutLine: {'line': b'-- Up-to-date symlink: /home/carlos/ros2_ws/install/px4_msgs/share/px4_msgs/msg/GimbalDeviceSetAttitude.json\n'}
[1.562130] (px4_msgs) StdoutLine: {'line': b'-- Up-to-date symlink: /home/carlos/ros2_ws/install/px4_msgs/share/px4_msgs/msg/GimbalManagerInformation.json\n'}
[1.562258] (px4_msgs) StdoutLine: {'line': b'-- Up-to-date symlink: /home/carlos/ros2_ws/install/px4_msgs/share/px4_msgs/msg/GimbalManagerSetAttitude.json\n'}
[1.562382] (px4_msgs) StdoutLine: {'line': b'-- Up-to-date symlink: /home/carlos/ros2_ws/install/px4_msgs/share/px4_msgs/msg/GimbalManagerSetManualControl.json\n'}
[1.562490] (px4_msgs) StdoutLine: {'line': b'-- Up-to-date symlink: /home/carlos/ros2_ws/install/px4_msgs/share/px4_msgs/msg/GimbalManagerStatus.json\n'}
[1.562613] (px4_msgs) StdoutLine: {'line': b'-- Up-to-date symlink: /home/carlos/ros2_ws/install/px4_msgs/share/px4_msgs/msg/GotoSetpoint.json\n'}
[1.562735] (px4_msgs) StdoutLine: {'line': b'-- Up-to-date symlink: /home/carlos/ros2_ws/install/px4_msgs/share/px4_msgs/msg/GpioConfig.json\n'}
[1.562858] (px4_msgs) StdoutLine: {'line': b'-- Up-to-date symlink: /home/carlos/ros2_ws/install/px4_msgs/share/px4_msgs/msg/GpioIn.json\n'}
[1.562991] (px4_msgs) StdoutLine: {'line': b'-- Up-to-date symlink: /home/carlos/ros2_ws/install/px4_msgs/share/px4_msgs/msg/GpioOut.json\n'}
[1.563110] (px4_msgs) StdoutLine: {'line': b'-- Up-to-date symlink: /home/carlos/ros2_ws/install/px4_msgs/share/px4_msgs/msg/GpioRequest.json\n'}
[1.563232] (px4_msgs) StdoutLine: {'line': b'-- Up-to-date symlink: /home/carlos/ros2_ws/install/px4_msgs/share/px4_msgs/msg/GpsDump.json\n'}
[1.563354] (px4_msgs) StdoutLine: {'line': b'-- Up-to-date symlink: /home/carlos/ros2_ws/install/px4_msgs/share/px4_msgs/msg/GpsInjectData.json\n'}
[1.563493] (px4_msgs) StdoutLine: {'line': b'-- Up-to-date symlink: /home/carlos/ros2_ws/install/px4_msgs/share/px4_msgs/msg/Gripper.json\n'}
[1.563614] (px4_msgs) StdoutLine: {'line': b'-- Up-to-date symlink: /home/carlos/ros2_ws/install/px4_msgs/share/px4_msgs/msg/HealthReport.json\n'}
[1.563736] (px4_msgs) StdoutLine: {'line': b'-- Up-to-date symlink: /home/carlos/ros2_ws/install/px4_msgs/share/px4_msgs/msg/HeaterStatus.json\n'}
[1.563858] (px4_msgs) StdoutLine: {'line': b'-- Up-to-date symlink: /home/carlos/ros2_ws/install/px4_msgs/share/px4_msgs/msg/HomePosition.json\n'}
[1.563980] (px4_msgs) StdoutLine: {'line': b'-- Up-to-date symlink: /home/carlos/ros2_ws/install/px4_msgs/share/px4_msgs/msg/HoverThrustEstimate.json\n'}
[1.564102] (px4_msgs) StdoutLine: {'line': b'-- Up-to-date symlink: /home/carlos/ros2_ws/install/px4_msgs/share/px4_msgs/msg/InputRc.json\n'}
[1.564226] (px4_msgs) StdoutLine: {'line': b'-- Up-to-date symlink: /home/carlos/ros2_ws/install/px4_msgs/share/px4_msgs/msg/InternalCombustionEngineControl.json\n'}
[1.564348] (px4_msgs) StdoutLine: {'line': b'-- Up-to-date symlink: /home/carlos/ros2_ws/install/px4_msgs/share/px4_msgs/msg/InternalCombustionEngineStatus.json\n'}
[1.564481] (px4_msgs) StdoutLine: {'line': b'-- Up-to-date symlink: /home/carlos/ros2_ws/install/px4_msgs/share/px4_msgs/msg/IridiumsbdStatus.json\n'}
[1.564605] (px4_msgs) StdoutLine: {'line': b'-- Up-to-date symlink: /home/carlos/ros2_ws/install/px4_msgs/share/px4_msgs/msg/IrlockReport.json\n'}
[1.564727] (px4_msgs) StdoutLine: {'line': b'-- Up-to-date symlink: /home/carlos/ros2_ws/install/px4_msgs/share/px4_msgs/msg/LandingGear.json\n'}
[1.564848] (px4_msgs) StdoutLine: {'line': b'-- Up-to-date symlink: /home/carlos/ros2_ws/install/px4_msgs/share/px4_msgs/msg/LandingGearWheel.json\n'}
[1.564970] (px4_msgs) StdoutLine: {'line': b'-- Up-to-date symlink: /home/carlos/ros2_ws/install/px4_msgs/share/px4_msgs/msg/LandingTargetInnovations.json\n'}
[1.565092] (px4_msgs) StdoutLine: {'line': b'-- Up-to-date symlink: /home/carlos/ros2_ws/install/px4_msgs/share/px4_msgs/msg/LandingTargetPose.json\n'}
[1.565214] (px4_msgs) StdoutLine: {'line': b'-- Up-to-date symlink: /home/carlos/ros2_ws/install/px4_msgs/share/px4_msgs/msg/LateralControlConfiguration.json\n'}
[1.565336] (px4_msgs) StdoutLine: {'line': b'-- Up-to-date symlink: /home/carlos/ros2_ws/install/px4_msgs/share/px4_msgs/msg/LaunchDetectionStatus.json\n'}
[1.565461] (px4_msgs) StdoutLine: {'line': b'-- Up-to-date symlink: /home/carlos/ros2_ws/install/px4_msgs/share/px4_msgs/msg/LedControl.json\n'}
[1.565594] (px4_msgs) StdoutLine: {'line': b'-- Up-to-date symlink: /home/carlos/ros2_ws/install/px4_msgs/share/px4_msgs/msg/LogMessage.json\n'}
[1.565716] (px4_msgs) StdoutLine: {'line': b'-- Up-to-date symlink: /home/carlos/ros2_ws/install/px4_msgs/share/px4_msgs/msg/LoggerStatus.json\n'}
[1.565840] (px4_msgs) StdoutLine: {'line': b'-- Up-to-date symlink: /home/carlos/ros2_ws/install/px4_msgs/share/px4_msgs/msg/LongitudinalControlConfiguration.json\n'}
[1.565962] (px4_msgs) StdoutLine: {'line': b'-- Up-to-date symlink: /home/carlos/ros2_ws/install/px4_msgs/share/px4_msgs/msg/MagWorkerData.json\n'}
[1.566086] (px4_msgs) StdoutLine: {'line': b'-- Up-to-date symlink: /home/carlos/ros2_ws/install/px4_msgs/share/px4_msgs/msg/MagnetometerBiasEstimate.json\n'}
[1.566208] (px4_msgs) StdoutLine: {'line': b'-- Up-to-date symlink: /home/carlos/ros2_ws/install/px4_msgs/share/px4_msgs/msg/ManualControlSetpoint.json\n'}
[1.566330] (px4_msgs) StdoutLine: {'line': b'-- Up-to-date symlink: /home/carlos/ros2_ws/install/px4_msgs/share/px4_msgs/msg/ManualControlSwitches.json\n'}
[1.566457] (px4_msgs) StdoutLine: {'line': b'-- Up-to-date symlink: /home/carlos/ros2_ws/install/px4_msgs/share/px4_msgs/msg/MavlinkLog.json\n'}
[1.566581] (px4_msgs) StdoutLine: {'line': b'-- Up-to-date symlink: /home/carlos/ros2_ws/install/px4_msgs/share/px4_msgs/msg/MavlinkTunnel.json\n'}
[1.566704] (px4_msgs) StdoutLine: {'line': b'-- Up-to-date symlink: /home/carlos/ros2_ws/install/px4_msgs/share/px4_msgs/msg/MessageFormatRequest.json\n'}
[1.566826] (px4_msgs) StdoutLine: {'line': b'-- Up-to-date symlink: /home/carlos/ros2_ws/install/px4_msgs/share/px4_msgs/msg/MessageFormatResponse.json\n'}
[1.566949] (px4_msgs) StdoutLine: {'line': b'-- Up-to-date symlink: /home/carlos/ros2_ws/install/px4_msgs/share/px4_msgs/msg/Mission.json\n'}
[1.567072] (px4_msgs) StdoutLine: {'line': b'-- Up-to-date symlink: /home/carlos/ros2_ws/install/px4_msgs/share/px4_msgs/msg/MissionResult.json\n'}
[1.567195] (px4_msgs) StdoutLine: {'line': b'-- Up-to-date symlink: /home/carlos/ros2_ws/install/px4_msgs/share/px4_msgs/msg/ModeCompleted.json\n'}
[1.567317] (px4_msgs) StdoutLine: {'line': b'-- Up-to-date symlink: /home/carlos/ros2_ws/install/px4_msgs/share/px4_msgs/msg/MountOrientation.json\n'}
[1.567449] (px4_msgs) StdoutLine: {'line': b'-- Up-to-date symlink: /home/carlos/ros2_ws/install/px4_msgs/share/px4_msgs/msg/NavigatorMissionItem.json\n'}
[1.567571] (px4_msgs) StdoutLine: {'line': b'-- Up-to-date symlink: /home/carlos/ros2_ws/install/px4_msgs/share/px4_msgs/msg/NavigatorStatus.json\n'}
[1.567693] (px4_msgs) StdoutLine: {'line': b'-- Up-to-date symlink: /home/carlos/ros2_ws/install/px4_msgs/share/px4_msgs/msg/NeuralControl.json\n'}
[1.567816] (px4_msgs) StdoutLine: {'line': b'-- Up-to-date symlink: /home/carlos/ros2_ws/install/px4_msgs/share/px4_msgs/msg/NormalizedUnsignedSetpoint.json\n'}
[1.567939] (px4_msgs) StdoutLine: {'line': b'-- Up-to-date symlink: /home/carlos/ros2_ws/install/px4_msgs/share/px4_msgs/msg/ObstacleDistance.json\n'}
[1.568064] (px4_msgs) StdoutLine: {'line': b'-- Up-to-date symlink: /home/carlos/ros2_ws/install/px4_msgs/share/px4_msgs/msg/OffboardControlMode.json\n'}
[1.568187] (px4_msgs) StdoutLine: {'line': b'-- Up-to-date symlink: /home/carlos/ros2_ws/install/px4_msgs/share/px4_msgs/msg/OnboardComputerStatus.json\n'}
[1.568309] (px4_msgs) StdoutLine: {'line': b'-- Up-to-date symlink: /home/carlos/ros2_ws/install/px4_msgs/share/px4_msgs/msg/OpenDroneIdArmStatus.json\n'}
[1.568430] (px4_msgs) StdoutLine: {'line': b'-- Up-to-date symlink: /home/carlos/ros2_ws/install/px4_msgs/share/px4_msgs/msg/OpenDroneIdOperatorId.json\n'}
[1.568561] (px4_msgs) StdoutLine: {'line': b'-- Up-to-date symlink: /home/carlos/ros2_ws/install/px4_msgs/share/px4_msgs/msg/OpenDroneIdSelfId.json\n'}
[1.568683] (px4_msgs) StdoutLine: {'line': b'-- Up-to-date symlink: /home/carlos/ros2_ws/install/px4_msgs/share/px4_msgs/msg/OpenDroneIdSystem.json\n'}
[1.568808] (px4_msgs) StdoutLine: {'line': b'-- Up-to-date symlink: /home/carlos/ros2_ws/install/px4_msgs/share/px4_msgs/msg/OrbTest.json\n'}
[1.568932] (px4_msgs) StdoutLine: {'line': b'-- Up-to-date symlink: /home/carlos/ros2_ws/install/px4_msgs/share/px4_msgs/msg/OrbTestLarge.json\n'}
[1.569054] (px4_msgs) StdoutLine: {'line': b'-- Up-to-date symlink: /home/carlos/ros2_ws/install/px4_msgs/share/px4_msgs/msg/OrbTestMedium.json\n'}
[1.569176] (px4_msgs) StdoutLine: {'line': b'-- Up-to-date symlink: /home/carlos/ros2_ws/install/px4_msgs/share/px4_msgs/msg/OrbitStatus.json\n'}
[1.569299] (px4_msgs) StdoutLine: {'line': b'-- Up-to-date symlink: /home/carlos/ros2_ws/install/px4_msgs/share/px4_msgs/msg/ParameterResetRequest.json\n'}
[1.569420] (px4_msgs) StdoutLine: {'line': b'-- Up-to-date symlink: /home/carlos/ros2_ws/install/px4_msgs/share/px4_msgs/msg/ParameterSetUsedRequest.json\n'}
[1.569556] (px4_msgs) StdoutLine: {'line': b'-- Up-to-date symlink: /home/carlos/ros2_ws/install/px4_msgs/share/px4_msgs/msg/ParameterSetValueRequest.json\n'}
[1.569679] (px4_msgs) StdoutLine: {'line': b'-- Up-to-date symlink: /home/carlos/ros2_ws/install/px4_msgs/share/px4_msgs/msg/ParameterSetValueResponse.json\n'}
[1.569801] (px4_msgs) StdoutLine: {'line': b'-- Up-to-date symlink: /home/carlos/ros2_ws/install/px4_msgs/share/px4_msgs/msg/ParameterUpdate.json\n'}
[1.569930] (px4_msgs) StdoutLine: {'line': b'-- Up-to-date symlink: /home/carlos/ros2_ws/install/px4_msgs/share/px4_msgs/msg/Ping.json\n'}
[1.570052] (px4_msgs) StdoutLine: {'line': b'-- Up-to-date symlink: /home/carlos/ros2_ws/install/px4_msgs/share/px4_msgs/msg/PositionControllerLandingStatus.json\n'}
[1.570204] (px4_msgs) StdoutLine: {'line': b'-- Up-to-date symlink: /home/carlos/ros2_ws/install/px4_msgs/share/px4_msgs/msg/PositionControllerStatus.json\n'}
[1.570345] (px4_msgs) StdoutLine: {'line': b'-- Up-to-date symlink: /home/carlos/ros2_ws/install/px4_msgs/share/px4_msgs/msg/PositionSetpoint.json\n'}
[1.570514] (px4_msgs) StdoutLine: {'line': b'-- Up-to-date symlink: /home/carlos/ros2_ws/install/px4_msgs/share/px4_msgs/msg/PositionSetpointTriplet.json\n'}
[1.570621] (px4_msgs) StdoutLine: {'line': b'-- Up-to-date symlink: /home/carlos/ros2_ws/install/px4_msgs/share/px4_msgs/msg/PowerButtonState.json\n'}
[1.570726] (px4_msgs) StdoutLine: {'line': b'-- Up-to-date symlink: /home/carlos/ros2_ws/install/px4_msgs/share/px4_msgs/msg/PowerMonitor.json\n'}
[1.570831] (px4_msgs) StdoutLine: {'line': b'-- Up-to-date symlink: /home/carlos/ros2_ws/install/px4_msgs/share/px4_msgs/msg/PpsCapture.json\n'}
[1.570936] (px4_msgs) StdoutLine: {'line': b'-- Up-to-date symlink: /home/carlos/ros2_ws/install/px4_msgs/share/px4_msgs/msg/PurePursuitStatus.json\n'}
[1.571039] (px4_msgs) StdoutLine: {'line': b'-- Up-to-date symlink: /home/carlos/ros2_ws/install/px4_msgs/share/px4_msgs/msg/PwmInput.json\n'}
[1.571144] (px4_msgs) StdoutLine: {'line': b'-- Up-to-date symlink: /home/carlos/ros2_ws/install/px4_msgs/share/px4_msgs/msg/Px4ioStatus.json\n'}
[1.571247] (px4_msgs) StdoutLine: {'line': b'-- Up-to-date symlink: /home/carlos/ros2_ws/install/px4_msgs/share/px4_msgs/msg/QshellReq.json\n'}
[1.571351] (px4_msgs) StdoutLine: {'line': b'-- Up-to-date symlink: /home/carlos/ros2_ws/install/px4_msgs/share/px4_msgs/msg/QshellRetval.json\n'}
[1.571463] (px4_msgs) StdoutLine: {'line': b'-- Up-to-date symlink: /home/carlos/ros2_ws/install/px4_msgs/share/px4_msgs/msg/RadioStatus.json\n'}
[1.571574] (px4_msgs) StdoutLine: {'line': b'-- Up-to-date symlink: /home/carlos/ros2_ws/install/px4_msgs/share/px4_msgs/msg/RateCtrlStatus.json\n'}
[1.571679] (px4_msgs) StdoutLine: {'line': b'-- Up-to-date symlink: /home/carlos/ros2_ws/install/px4_msgs/share/px4_msgs/msg/RcChannels.json\n'}
[1.571788] (px4_msgs) StdoutLine: {'line': b'-- Up-to-date symlink: /home/carlos/ros2_ws/install/px4_msgs/share/px4_msgs/msg/RcParameterMap.json\n'}
[1.571896] (px4_msgs) StdoutLine: {'line': b'-- Up-to-date symlink: /home/carlos/ros2_ws/install/px4_msgs/share/px4_msgs/msg/RegisterExtComponentReply.json\n'}
[1.572003] (px4_msgs) StdoutLine: {'line': b'-- Up-to-date symlink: /home/carlos/ros2_ws/install/px4_msgs/share/px4_msgs/msg/RegisterExtComponentRequest.json\n'}
[1.572107] (px4_msgs) StdoutLine: {'line': b'-- Up-to-date symlink: /home/carlos/ros2_ws/install/px4_msgs/share/px4_msgs/msg/RoverAttitudeSetpoint.json\n'}
[1.572211] (px4_msgs) StdoutLine: {'line': b'-- Up-to-date symlink: /home/carlos/ros2_ws/install/px4_msgs/share/px4_msgs/msg/RoverAttitudeStatus.json\n'}
[1.572315] (px4_msgs) StdoutLine: {'line': b'-- Up-to-date symlink: /home/carlos/ros2_ws/install/px4_msgs/share/px4_msgs/msg/RoverPositionSetpoint.json\n'}
[1.572419] (px4_msgs) StdoutLine: {'line': b'-- Up-to-date symlink: /home/carlos/ros2_ws/install/px4_msgs/share/px4_msgs/msg/RoverRateSetpoint.json\n'}
[1.572536] (px4_msgs) StdoutLine: {'line': b'-- Up-to-date symlink: /home/carlos/ros2_ws/install/px4_msgs/share/px4_msgs/msg/RoverRateStatus.json\n'}
[1.572640] (px4_msgs) StdoutLine: {'line': b'-- Up-to-date symlink: /home/carlos/ros2_ws/install/px4_msgs/share/px4_msgs/msg/RoverSpeedSetpoint.json\n'}
[1.572744] (px4_msgs) StdoutLine: {'line': b'-- Up-to-date symlink: /home/carlos/ros2_ws/install/px4_msgs/share/px4_msgs/msg/RoverSpeedStatus.json\n'}
[1.572848] (px4_msgs) StdoutLine: {'line': b'-- Up-to-date symlink: /home/carlos/ros2_ws/install/px4_msgs/share/px4_msgs/msg/RoverSteeringSetpoint.json\n'}
[1.572952] (px4_msgs) StdoutLine: {'line': b'-- Up-to-date symlink: /home/carlos/ros2_ws/install/px4_msgs/share/px4_msgs/msg/RoverThrottleSetpoint.json\n'}
[1.573057] (px4_msgs) StdoutLine: {'line': b'-- Up-to-date symlink: /home/carlos/ros2_ws/install/px4_msgs/share/px4_msgs/msg/Rpm.json\n'}
[1.573161] (px4_msgs) StdoutLine: {'line': b'-- Up-to-date symlink: /home/carlos/ros2_ws/install/px4_msgs/share/px4_msgs/msg/RtlStatus.json\n'}
[1.573265] (px4_msgs) StdoutLine: {'line': b'-- Up-to-date symlink: /home/carlos/ros2_ws/install/px4_msgs/share/px4_msgs/msg/RtlTimeEstimate.json\n'}
[1.573370] (px4_msgs) StdoutLine: {'line': b'-- Up-to-date symlink: /home/carlos/ros2_ws/install/px4_msgs/share/px4_msgs/msg/SatelliteInfo.json\n'}
[1.573481] (px4_msgs) StdoutLine: {'line': b'-- Up-to-date symlink: /home/carlos/ros2_ws/install/px4_msgs/share/px4_msgs/msg/SensorAccel.json\n'}
[1.573587] (px4_msgs) StdoutLine: {'line': b'-- Up-to-date symlink: /home/carlos/ros2_ws/install/px4_msgs/share/px4_msgs/msg/SensorAccelFifo.json\n'}
[1.573692] (px4_msgs) StdoutLine: {'line': b'-- Up-to-date symlink: /home/carlos/ros2_ws/install/px4_msgs/share/px4_msgs/msg/SensorAirflow.json\n'}
[1.573796] (px4_msgs) StdoutLine: {'line': b'-- Up-to-date symlink: /home/carlos/ros2_ws/install/px4_msgs/share/px4_msgs/msg/SensorBaro.json\n'}
[1.573901] (px4_msgs) StdoutLine: {'line': b'-- Up-to-date symlink: /home/carlos/ros2_ws/install/px4_msgs/share/px4_msgs/msg/SensorCombined.json\n'}
[1.574007] (px4_msgs) StdoutLine: {'line': b'-- Up-to-date symlink: /home/carlos/ros2_ws/install/px4_msgs/share/px4_msgs/msg/SensorCorrection.json\n'}
[1.574112] (px4_msgs) StdoutLine: {'line': b'-- Up-to-date symlink: /home/carlos/ros2_ws/install/px4_msgs/share/px4_msgs/msg/SensorGnssRelative.json\n'}
[1.574217] (px4_msgs) StdoutLine: {'line': b'-- Up-to-date symlink: /home/carlos/ros2_ws/install/px4_msgs/share/px4_msgs/msg/SensorGnssStatus.json\n'}
[1.574322] (px4_msgs) StdoutLine: {'line': b'-- Up-to-date symlink: /home/carlos/ros2_ws/install/px4_msgs/share/px4_msgs/msg/SensorGps.json\n'}
[1.574428] (px4_msgs) StdoutLine: {'line': b'-- Up-to-date symlink: /home/carlos/ros2_ws/install/px4_msgs/share/px4_msgs/msg/SensorGyro.json\n'}
[1.574546] (px4_msgs) StdoutLine: {'line': b'-- Up-to-date symlink: /home/carlos/ros2_ws/install/px4_msgs/share/px4_msgs/msg/SensorGyroFft.json\n'}
[1.574649] (px4_msgs) StdoutLine: {'line': b'-- Up-to-date symlink: /home/carlos/ros2_ws/install/px4_msgs/share/px4_msgs/msg/SensorGyroFifo.json\n'}
[1.574753] (px4_msgs) StdoutLine: {'line': b'-- Up-to-date symlink: /home/carlos/ros2_ws/install/px4_msgs/share/px4_msgs/msg/SensorHygrometer.json\n'}
[1.574858] (px4_msgs) StdoutLine: {'line': b'-- Up-to-date symlink: /home/carlos/ros2_ws/install/px4_msgs/share/px4_msgs/msg/SensorMag.json\n'}
[1.574963] (px4_msgs) StdoutLine: {'line': b'-- Up-to-date symlink: /home/carlos/ros2_ws/install/px4_msgs/share/px4_msgs/msg/SensorOpticalFlow.json\n'}
[1.575069] (px4_msgs) StdoutLine: {'line': b'-- Up-to-date symlink: /home/carlos/ros2_ws/install/px4_msgs/share/px4_msgs/msg/SensorPreflightMag.json\n'}
[1.575175] (px4_msgs) StdoutLine: {'line': b'-- Up-to-date symlink: /home/carlos/ros2_ws/install/px4_msgs/share/px4_msgs/msg/SensorSelection.json\n'}
[1.575278] (px4_msgs) StdoutLine: {'line': b'-- Up-to-date symlink: /home/carlos/ros2_ws/install/px4_msgs/share/px4_msgs/msg/SensorUwb.json\n'}
[1.575383] (px4_msgs) StdoutLine: {'line': b'-- Up-to-date symlink: /home/carlos/ros2_ws/install/px4_msgs/share/px4_msgs/msg/SensorsStatus.json\n'}
[1.575498] (px4_msgs) StdoutLine: {'line': b'-- Up-to-date symlink: /home/carlos/ros2_ws/install/px4_msgs/share/px4_msgs/msg/SensorsStatusImu.json\n'}
[1.575600] (px4_msgs) StdoutLine: {'line': b'-- Up-to-date symlink: /home/carlos/ros2_ws/install/px4_msgs/share/px4_msgs/msg/SystemPower.json\n'}
[1.575715] (px4_msgs) StdoutLine: {'line': b'-- Up-to-date symlink: /home/carlos/ros2_ws/install/px4_msgs/share/px4_msgs/msg/TakeoffStatus.json\n'}
[1.575812] (px4_msgs) StdoutLine: {'line': b'-- Up-to-date symlink: /home/carlos/ros2_ws/install/px4_msgs/share/px4_msgs/msg/TaskStackInfo.json\n'}
[1.575916] (px4_msgs) StdoutLine: {'line': b'-- Up-to-date symlink: /home/carlos/ros2_ws/install/px4_msgs/share/px4_msgs/msg/TecsStatus.json\n'}
[1.576021] (px4_msgs) StdoutLine: {'line': b'-- Up-to-date symlink: /home/carlos/ros2_ws/install/px4_msgs/share/px4_msgs/msg/TelemetryStatus.json\n'}
[1.576127] (px4_msgs) StdoutLine: {'line': b'-- Up-to-date symlink: /home/carlos/ros2_ws/install/px4_msgs/share/px4_msgs/msg/TiltrotorExtraControls.json\n'}
[1.576232] (px4_msgs) StdoutLine: {'line': b'-- Up-to-date symlink: /home/carlos/ros2_ws/install/px4_msgs/share/px4_msgs/msg/TimesyncStatus.json\n'}
[1.576337] (px4_msgs) StdoutLine: {'line': b'-- Up-to-date symlink: /home/carlos/ros2_ws/install/px4_msgs/share/px4_msgs/msg/TrajectorySetpoint.json\n'}
[1.576449] (px4_msgs) StdoutLine: {'line': b'-- Up-to-date symlink: /home/carlos/ros2_ws/install/px4_msgs/share/px4_msgs/msg/TrajectorySetpoint6dof.json\n'}
[1.576556] (px4_msgs) StdoutLine: {'line': b'-- Up-to-date symlink: /home/carlos/ros2_ws/install/px4_msgs/share/px4_msgs/msg/TransponderReport.json\n'}
[1.576660] (px4_msgs) StdoutLine: {'line': b'-- Up-to-date symlink: /home/carlos/ros2_ws/install/px4_msgs/share/px4_msgs/msg/TuneControl.json\n'}
[1.576770] (px4_msgs) StdoutLine: {'line': b'-- Up-to-date symlink: /home/carlos/ros2_ws/install/px4_msgs/share/px4_msgs/msg/UavcanParameterRequest.json\n'}
[1.576879] (px4_msgs) StdoutLine: {'line': b'-- Up-to-date symlink: /home/carlos/ros2_ws/install/px4_msgs/share/px4_msgs/msg/UavcanParameterValue.json\n'}
[1.577002] (px4_msgs) StdoutLine: {'line': b'-- Up-to-date symlink: /home/carlos/ros2_ws/install/px4_msgs/share/px4_msgs/msg/UlogStream.json\n'}
[1.577173] (px4_msgs) StdoutLine: {'line': b'-- Up-to-date symlink: /home/carlos/ros2_ws/install/px4_msgs/share/px4_msgs/msg/UlogStreamAck.json\n'}
[1.577287] (px4_msgs) StdoutLine: {'line': b'-- Up-to-date symlink: /home/carlos/ros2_ws/install/px4_msgs/share/px4_msgs/msg/UnregisterExtComponent.json\n'}
[1.577397] (px4_msgs) StdoutLine: {'line': b'-- Up-to-date symlink: /home/carlos/ros2_ws/install/px4_msgs/share/px4_msgs/msg/VehicleAcceleration.json\n'}
[1.577514] (px4_msgs) StdoutLine: {'line': b'-- Up-to-date symlink: /home/carlos/ros2_ws/install/px4_msgs/share/px4_msgs/msg/VehicleAirData.json\n'}
[1.577622] (px4_msgs) StdoutLine: {'line': b'-- Up-to-date symlink: /home/carlos/ros2_ws/install/px4_msgs/share/px4_msgs/msg/VehicleAngularAccelerationSetpoint.json\n'}
[1.577728] (px4_msgs) StdoutLine: {'line': b'-- Up-to-date symlink: /home/carlos/ros2_ws/install/px4_msgs/share/px4_msgs/msg/VehicleAngularVelocity.json\n'}
[1.577834] (px4_msgs) StdoutLine: {'line': b'-- Up-to-date symlink: /home/carlos/ros2_ws/install/px4_msgs/share/px4_msgs/msg/VehicleAttitude.json\n'}
[1.577939] (px4_msgs) StdoutLine: {'line': b'-- Up-to-date symlink: /home/carlos/ros2_ws/install/px4_msgs/share/px4_msgs/msg/VehicleAttitudeSetpoint.json\n'}
[1.578044] (px4_msgs) StdoutLine: {'line': b'-- Up-to-date symlink: /home/carlos/ros2_ws/install/px4_msgs/share/px4_msgs/msg/VehicleCommand.json\n'}
[1.578149] (px4_msgs) StdoutLine: {'line': b'-- Up-to-date symlink: /home/carlos/ros2_ws/install/px4_msgs/share/px4_msgs/msg/VehicleCommandAck.json\n'}
[1.578263] (px4_msgs) StdoutLine: {'line': b'-- Up-to-date symlink: /home/carlos/ros2_ws/install/px4_msgs/share/px4_msgs/msg/VehicleConstraints.json\n'}
[1.578364] (px4_msgs) StdoutLine: {'line': b'-- Up-to-date symlink: /home/carlos/ros2_ws/install/px4_msgs/share/px4_msgs/msg/VehicleControlMode.json\n'}
[1.578478] (px4_msgs) StdoutLine: {'line': b'-- Up-to-date symlink: /home/carlos/ros2_ws/install/px4_msgs/share/px4_msgs/msg/VehicleGlobalPosition.json\n'}
[1.578583] (px4_msgs) StdoutLine: {'line': b'-- Up-to-date symlink: /home/carlos/ros2_ws/install/px4_msgs/share/px4_msgs/msg/VehicleImu.json\n'}
[1.578688] (px4_msgs) StdoutLine: {'line': b'-- Up-to-date symlink: /home/carlos/ros2_ws/install/px4_msgs/share/px4_msgs/msg/VehicleImuStatus.json\n'}
[1.578791] (px4_msgs) StdoutLine: {'line': b'-- Up-to-date symlink: /home/carlos/ros2_ws/install/px4_msgs/share/px4_msgs/msg/VehicleLandDetected.json\n'}
[1.578895] (px4_msgs) StdoutLine: {'line': b'-- Up-to-date symlink: /home/carlos/ros2_ws/install/px4_msgs/share/px4_msgs/msg/VehicleLocalPosition.json\n'}
[1.579000] (px4_msgs) StdoutLine: {'line': b'-- Up-to-date symlink: /home/carlos/ros2_ws/install/px4_msgs/share/px4_msgs/msg/VehicleLocalPositionSetpoint.json\n'}
[1.579104] (px4_msgs) StdoutLine: {'line': b'-- Up-to-date symlink: /home/carlos/ros2_ws/install/px4_msgs/share/px4_msgs/msg/VehicleMagnetometer.json\n'}
[1.579209] (px4_msgs) StdoutLine: {'line': b'-- Up-to-date symlink: /home/carlos/ros2_ws/install/px4_msgs/share/px4_msgs/msg/VehicleOdometry.json\n'}
[1.579324] (px4_msgs) StdoutLine: {'line': b'-- Up-to-date symlink: /home/carlos/ros2_ws/install/px4_msgs/share/px4_msgs/msg/VehicleOpticalFlow.json\n'}
[1.579427] (px4_msgs) StdoutLine: {'line': b'-- Up-to-date symlink: /home/carlos/ros2_ws/install/px4_msgs/share/px4_msgs/msg/VehicleOpticalFlowVel.json\n'}
[1.579538] (px4_msgs) StdoutLine: {'line': b'-- Up-to-date symlink: /home/carlos/ros2_ws/install/px4_msgs/share/px4_msgs/msg/VehicleRatesSetpoint.json\n'}
[1.579642] (px4_msgs) StdoutLine: {'line': b'-- Up-to-date symlink: /home/carlos/ros2_ws/install/px4_msgs/share/px4_msgs/msg/VehicleRoi.json\n'}
[1.579747] (px4_msgs) StdoutLine: {'line': b'-- Up-to-date symlink: /home/carlos/ros2_ws/install/px4_msgs/share/px4_msgs/msg/VehicleStatus.json\n'}
[1.579851] (px4_msgs) StdoutLine: {'line': b'-- Up-to-date symlink: /home/carlos/ros2_ws/install/px4_msgs/share/px4_msgs/msg/VehicleThrustSetpoint.json\n'}
[1.579956] (px4_msgs) StdoutLine: {'line': b'-- Up-to-date symlink: /home/carlos/ros2_ws/install/px4_msgs/share/px4_msgs/msg/VehicleTorqueSetpoint.json\n'}
[1.580060] (px4_msgs) StdoutLine: {'line': b'-- Up-to-date symlink: /home/carlos/ros2_ws/install/px4_msgs/share/px4_msgs/msg/VelocityLimits.json\n'}
[1.580163] (px4_msgs) StdoutLine: {'line': b'-- Up-to-date symlink: /home/carlos/ros2_ws/install/px4_msgs/share/px4_msgs/msg/VtolVehicleStatus.json\n'}
[1.580266] (px4_msgs) StdoutLine: {'line': b'-- Up-to-date symlink: /home/carlos/ros2_ws/install/px4_msgs/share/px4_msgs/msg/WheelEncoders.json\n'}
[1.580372] (px4_msgs) StdoutLine: {'line': b'-- Up-to-date symlink: /home/carlos/ros2_ws/install/px4_msgs/share/px4_msgs/msg/Wind.json\n'}
[1.580484] (px4_msgs) StdoutLine: {'line': b'-- Up-to-date symlink: /home/carlos/ros2_ws/install/px4_msgs/share/px4_msgs/msg/YawEstimatorStatus.json\n'}
[1.580590] (px4_msgs) StdoutLine: {'line': b'-- Up-to-date symlink: /home/carlos/ros2_ws/install/px4_msgs/share/px4_msgs/srv/VehicleCommand.json\n'}
[1.590366] (px4_msgs) StdoutLine: {'line': b'-- Up-to-date symlink: /home/carlos/ros2_ws/install/px4_msgs/include/px4_msgs/px4_msgs/msg/action_request.h\n'}
[1.590691] (px4_msgs) StdoutLine: {'line': b'-- Up-to-date symlink: /home/carlos/ros2_ws/install/px4_msgs/include/px4_msgs/px4_msgs/msg/actuator_armed.h\n'}
[1.590865] (px4_msgs) StdoutLine: {'line': b'-- Up-to-date symlink: /home/carlos/ros2_ws/install/px4_msgs/include/px4_msgs/px4_msgs/msg/actuator_controls_status.h\n'}
[1.591037] (px4_msgs) StdoutLine: {'line': b'-- Up-to-date symlink: /home/carlos/ros2_ws/install/px4_msgs/include/px4_msgs/px4_msgs/msg/actuator_motors.h\n'}
[1.591185] (px4_msgs) StdoutLine: {'line': b'-- Up-to-date symlink: /home/carlos/ros2_ws/install/px4_msgs/include/px4_msgs/px4_msgs/msg/actuator_outputs.h\n'}
[1.591422] (px4_msgs) StdoutLine: {'line': b'-- Up-to-date symlink: /home/carlos/ros2_ws/install/px4_msgs/include/px4_msgs/px4_msgs/msg/actuator_servos.h\n'}
[1.591609] (px4_msgs) StdoutLine: {'line': b'-- Up-to-date symlink: /home/carlos/ros2_ws/install/px4_msgs/include/px4_msgs/px4_msgs/msg/actuator_servos_trim.h\n'}
[1.591755] (px4_msgs) StdoutLine: {'line': b'-- Up-to-date symlink: /home/carlos/ros2_ws/install/px4_msgs/include/px4_msgs/px4_msgs/msg/actuator_test.h\n'}
[1.591858] (px4_msgs) StdoutLine: {'line': b'-- Up-to-date symlink: /home/carlos/ros2_ws/install/px4_msgs/include/px4_msgs/px4_msgs/msg/adc_report.h\n'}
[1.591923] (px4_msgs) StdoutLine: {'line': b'-- Up-to-date symlink: /home/carlos/ros2_ws/install/px4_msgs/include/px4_msgs/px4_msgs/msg/airspeed.h\n'}
[1.591988] (px4_msgs) StdoutLine: {'line': b'-- Up-to-date symlink: /home/carlos/ros2_ws/install/px4_msgs/include/px4_msgs/px4_msgs/msg/airspeed_validated.h\n'}
[1.592055] (px4_msgs) StdoutLine: {'line': b'-- Up-to-date symlink: /home/carlos/ros2_ws/install/px4_msgs/include/px4_msgs/px4_msgs/msg/airspeed_wind.h\n'}
[1.592123] (px4_msgs) StdoutLine: {'line': b'-- Up-to-date symlink: /home/carlos/ros2_ws/install/px4_msgs/include/px4_msgs/px4_msgs/msg/arming_check_reply.h\n'}
[1.592231] (px4_msgs) StdoutLine: {'line': b'-- Up-to-date symlink: /home/carlos/ros2_ws/install/px4_msgs/include/px4_msgs/px4_msgs/msg/arming_check_request.h\n'}
[1.592291] (px4_msgs) StdoutLine: {'line': b'-- Up-to-date symlink: /home/carlos/ros2_ws/install/px4_msgs/include/px4_msgs/px4_msgs/msg/autotune_attitude_control_status.h\n'}
[1.592367] (px4_msgs) StdoutLine: {'line': b'-- Up-to-date symlink: /home/carlos/ros2_ws/install/px4_msgs/include/px4_msgs/px4_msgs/msg/battery_info.h\n'}
[1.592441] (px4_msgs) StdoutLine: {'line': b'-- Up-to-date symlink: /home/carlos/ros2_ws/install/px4_msgs/include/px4_msgs/px4_msgs/msg/battery_status.h\n'}
[1.592511] (px4_msgs) StdoutLine: {'line': b'-- Up-to-date symlink: /home/carlos/ros2_ws/install/px4_msgs/include/px4_msgs/px4_msgs/msg/button_event.h\n'}
[1.592575] (px4_msgs) StdoutLine: {'line': b'-- Up-to-date symlink: /home/carlos/ros2_ws/install/px4_msgs/include/px4_msgs/px4_msgs/msg/camera_capture.h\n'}
[1.592639] (px4_msgs) StdoutLine: {'line': b'-- Up-to-date symlink: /home/carlos/ros2_ws/install/px4_msgs/include/px4_msgs/px4_msgs/msg/camera_status.h\n'}
[1.592703] (px4_msgs) StdoutLine: {'line': b'-- Up-to-date symlink: /home/carlos/ros2_ws/install/px4_msgs/include/px4_msgs/px4_msgs/msg/camera_trigger.h\n'}
[1.592766] (px4_msgs) StdoutLine: {'line': b'-- Up-to-date symlink: /home/carlos/ros2_ws/install/px4_msgs/include/px4_msgs/px4_msgs/msg/can_interface_status.h\n'}
[1.592829] (px4_msgs) StdoutLine: {'line': b'-- Up-to-date symlink: /home/carlos/ros2_ws/install/px4_msgs/include/px4_msgs/px4_msgs/msg/cellular_status.h\n'}
[1.592892] (px4_msgs) StdoutLine: {'line': b'-- Up-to-date symlink: /home/carlos/ros2_ws/install/px4_msgs/include/px4_msgs/px4_msgs/msg/collision_constraints.h\n'}
[1.592954] (px4_msgs) StdoutLine: {'line': b'-- Up-to-date symlink: /home/carlos/ros2_ws/install/px4_msgs/include/px4_msgs/px4_msgs/msg/config_overrides.h\n'}
[1.593060] (px4_msgs) StdoutLine: {'line': b'-- Up-to-date symlink: /home/carlos/ros2_ws/install/px4_msgs/include/px4_msgs/px4_msgs/msg/control_allocator_status.h\n'}
[1.593127] (px4_msgs) StdoutLine: {'line': b'-- Up-to-date symlink: /home/carlos/ros2_ws/install/px4_msgs/include/px4_msgs/px4_msgs/msg/cpuload.h\n'}
[1.593201] (px4_msgs) StdoutLine: {'line': b'-- Up-to-date symlink: /home/carlos/ros2_ws/install/px4_msgs/include/px4_msgs/px4_msgs/msg/dataman_request.h\n'}
[1.593266] (px4_msgs) StdoutLine: {'line': b'-- Up-to-date symlink: /home/carlos/ros2_ws/install/px4_msgs/include/px4_msgs/px4_msgs/msg/dataman_response.h\n'}
[1.593352] (px4_msgs) StdoutLine: {'line': b'-- Up-to-date symlink: /home/carlos/ros2_ws/install/px4_msgs/include/px4_msgs/px4_msgs/msg/debug_array.h\n'}
[1.593420] (px4_msgs) StdoutLine: {'line': b'-- Up-to-date symlink: /home/carlos/ros2_ws/install/px4_msgs/include/px4_msgs/px4_msgs/msg/debug_key_value.h\n'}
[1.593499] (px4_msgs) StdoutLine: {'line': b'-- Up-to-date symlink: /home/carlos/ros2_ws/install/px4_msgs/include/px4_msgs/px4_msgs/msg/debug_value.h\n'}
[1.593563] (px4_msgs) StdoutLine: {'line': b'-- Up-to-date symlink: /home/carlos/ros2_ws/install/px4_msgs/include/px4_msgs/px4_msgs/msg/debug_vect.h\n'}
[1.593629] (px4_msgs) StdoutLine: {'line': b'-- Up-to-date symlink: /home/carlos/ros2_ws/install/px4_msgs/include/px4_msgs/px4_msgs/msg/detail/action_request__functions.h\n'}
[1.593694] (px4_msgs) StdoutLine: {'line': b'-- Up-to-date symlink: /home/carlos/ros2_ws/install/px4_msgs/include/px4_msgs/px4_msgs/msg/detail/action_request__struct.h\n'}
[1.593768] (px4_msgs) StdoutLine: {'line': b'-- Up-to-date symlink: /home/carlos/ros2_ws/install/px4_msgs/include/px4_msgs/px4_msgs/msg/detail/action_request__type_support.h\n'}
[1.593856] (px4_msgs) StdoutLine: {'line': b'-- Up-to-date symlink: /home/carlos/ros2_ws/install/px4_msgs/include/px4_msgs/px4_msgs/msg/detail/actuator_armed__functions.h\n'}
[1.593912] (px4_msgs) StdoutLine: {'line': b'-- Up-to-date symlink: /home/carlos/ros2_ws/install/px4_msgs/include/px4_msgs/px4_msgs/msg/detail/actuator_armed__struct.h\n'}
[1.593979] (px4_msgs) StdoutLine: {'line': b'-- Up-to-date symlink: /home/carlos/ros2_ws/install/px4_msgs/include/px4_msgs/px4_msgs/msg/detail/actuator_armed__type_support.h\n'}
[1.594043] (px4_msgs) StdoutLine: {'line': b'-- Up-to-date symlink: /home/carlos/ros2_ws/install/px4_msgs/include/px4_msgs/px4_msgs/msg/detail/actuator_controls_status__functions.h\n'}
[1.594121] (px4_msgs) StdoutLine: {'line': b'-- Up-to-date symlink: /home/carlos/ros2_ws/install/px4_msgs/include/px4_msgs/px4_msgs/msg/detail/actuator_controls_status__struct.h\n'}
[1.594187] (px4_msgs) StdoutLine: {'line': b'-- Up-to-date symlink: /home/carlos/ros2_ws/install/px4_msgs/include/px4_msgs/px4_msgs/msg/detail/actuator_controls_status__type_support.h\n'}
[1.594250] (px4_msgs) StdoutLine: {'line': b'-- Up-to-date symlink: /home/carlos/ros2_ws/install/px4_msgs/include/px4_msgs/px4_msgs/msg/detail/actuator_motors__functions.h\n'}
[1.594314] (px4_msgs) StdoutLine: {'line': b'-- Up-to-date symlink: /home/carlos/ros2_ws/install/px4_msgs/include/px4_msgs/px4_msgs/msg/detail/actuator_motors__struct.h\n'}
[1.594378] (px4_msgs) StdoutLine: {'line': b'-- Up-to-date symlink: /home/carlos/ros2_ws/install/px4_msgs/include/px4_msgs/px4_msgs/msg/detail/actuator_motors__type_support.h\n'}
[1.594467] (px4_msgs) StdoutLine: {'line': b'-- Up-to-date symlink: /home/carlos/ros2_ws/install/px4_msgs/include/px4_msgs/px4_msgs/msg/detail/actuator_outputs__functions.h\n'}
[1.594571] (px4_msgs) StdoutLine: {'line': b'-- Up-to-date symlink: /home/carlos/ros2_ws/install/px4_msgs/include/px4_msgs/px4_msgs/msg/detail/actuator_outputs__struct.h\n'}
[1.594642] (px4_msgs) StdoutLine: {'line': b'-- Up-to-date symlink: /home/carlos/ros2_ws/install/px4_msgs/include/px4_msgs/px4_msgs/msg/detail/actuator_outputs__type_support.h\n'}
[1.594708] (px4_msgs) StdoutLine: {'line': b'-- Up-to-date symlink: /home/carlos/ros2_ws/install/px4_msgs/include/px4_msgs/px4_msgs/msg/detail/actuator_servos__functions.h\n'}
[1.594772] (px4_msgs) StdoutLine: {'line': b'-- Up-to-date symlink: /home/carlos/ros2_ws/install/px4_msgs/include/px4_msgs/px4_msgs/msg/detail/actuator_servos__struct.h\n'}
[1.594863] (px4_msgs) StdoutLine: {'line': b'-- Up-to-date symlink: /home/carlos/ros2_ws/install/px4_msgs/include/px4_msgs/px4_msgs/msg/detail/actuator_servos__type_support.h\n'}
[1.594924] (px4_msgs) StdoutLine: {'line': b'-- Up-to-date symlink: /home/carlos/ros2_ws/install/px4_msgs/include/px4_msgs/px4_msgs/msg/detail/actuator_servos_trim__functions.h\n'}
[1.594990] (px4_msgs) StdoutLine: {'line': b'-- Up-to-date symlink: /home/carlos/ros2_ws/install/px4_msgs/include/px4_msgs/px4_msgs/msg/detail/actuator_servos_trim__struct.h\n'}
[1.595053] (px4_msgs) StdoutLine: {'line': b'-- Up-to-date symlink: /home/carlos/ros2_ws/install/px4_msgs/include/px4_msgs/px4_msgs/msg/detail/actuator_servos_trim__type_support.h\n'}
[1.595143] (px4_msgs) StdoutLine: {'line': b'-- Up-to-date symlink: /home/carlos/ros2_ws/install/px4_msgs/include/px4_msgs/px4_msgs/msg/detail/actuator_test__functions.h\n'}
[1.595211] (px4_msgs) StdoutLine: {'line': b'-- Up-to-date symlink: /home/carlos/ros2_ws/install/px4_msgs/include/px4_msgs/px4_msgs/msg/detail/actuator_test__struct.h\n'}
[1.595274] (px4_msgs) StdoutLine: {'line': b'-- Up-to-date symlink: /home/carlos/ros2_ws/install/px4_msgs/include/px4_msgs/px4_msgs/msg/detail/actuator_test__type_support.h\n'}
[1.595380] (px4_msgs) StdoutLine: {'line': b'-- Up-to-date symlink: /home/carlos/ros2_ws/install/px4_msgs/include/px4_msgs/px4_msgs/msg/detail/adc_report__functions.h\n'}
[1.595447] (px4_msgs) StdoutLine: {'line': b'-- Up-to-date symlink: /home/carlos/ros2_ws/install/px4_msgs/include/px4_msgs/px4_msgs/msg/detail/adc_report__struct.h\n'}
[1.595527] (px4_msgs) StdoutLine: {'line': b'-- Up-to-date symlink: /home/carlos/ros2_ws/install/px4_msgs/include/px4_msgs/px4_msgs/msg/detail/adc_report__type_support.h\n'}
[1.595621] (px4_msgs) StdoutLine: {'line': b'-- Up-to-date symlink: /home/carlos/ros2_ws/install/px4_msgs/include/px4_msgs/px4_msgs/msg/detail/airspeed__functions.h\n'}
[1.595674] (px4_msgs) StdoutLine: {'line': b'-- Up-to-date symlink: /home/carlos/ros2_ws/install/px4_msgs/include/px4_msgs/px4_msgs/msg/detail/airspeed__struct.h\n'}
[1.595751] (px4_msgs) StdoutLine: {'line': b'-- Up-to-date symlink: /home/carlos/ros2_ws/install/px4_msgs/include/px4_msgs/px4_msgs/msg/detail/airspeed__type_support.h\n'}
[1.595824] (px4_msgs) StdoutLine: {'line': b'-- Up-to-date symlink: /home/carlos/ros2_ws/install/px4_msgs/include/px4_msgs/px4_msgs/msg/detail/airspeed_validated__functions.h\n'}
[1.595916] (px4_msgs) StdoutLine: {'line': b'-- Up-to-date symlink: /home/carlos/ros2_ws/install/px4_msgs/include/px4_msgs/px4_msgs/msg/detail/airspeed_validated__struct.h\n'}
[1.595986] (px4_msgs) StdoutLine: {'line': b'-- Up-to-date symlink: /home/carlos/ros2_ws/install/px4_msgs/include/px4_msgs/px4_msgs/msg/detail/airspeed_validated__type_support.h\n'}
[1.596066] (px4_msgs) StdoutLine: {'line': b'-- Up-to-date symlink: /home/carlos/ros2_ws/install/px4_msgs/include/px4_msgs/px4_msgs/msg/detail/airspeed_wind__functions.h\n'}
[1.596126] (px4_msgs) StdoutLine: {'line': b'-- Up-to-date symlink: /home/carlos/ros2_ws/install/px4_msgs/include/px4_msgs/px4_msgs/msg/detail/airspeed_wind__struct.h\n'}
[1.596218] (px4_msgs) StdoutLine: {'line': b'-- Up-to-date symlink: /home/carlos/ros2_ws/install/px4_msgs/include/px4_msgs/px4_msgs/msg/detail/airspeed_wind__type_support.h\n'}
[1.596270] (px4_msgs) StdoutLine: {'line': b'-- Up-to-date symlink: /home/carlos/ros2_ws/install/px4_msgs/include/px4_msgs/px4_msgs/msg/detail/arming_check_reply__functions.h\n'}
[1.596351] (px4_msgs) StdoutLine: {'line': b'-- Up-to-date symlink: /home/carlos/ros2_ws/install/px4_msgs/include/px4_msgs/px4_msgs/msg/detail/arming_check_reply__struct.h\n'}
[1.596440] (px4_msgs) StdoutLine: {'line': b'-- Up-to-date symlink: /home/carlos/ros2_ws/install/px4_msgs/include/px4_msgs/px4_msgs/msg/detail/arming_check_reply__type_support.h\n'}
[1.596536] (px4_msgs) StdoutLine: {'line': b'-- Up-to-date symlink: /home/carlos/ros2_ws/install/px4_msgs/include/px4_msgs/px4_msgs/msg/detail/arming_check_request__functions.h\n'}
[1.596603] (px4_msgs) StdoutLine: {'line': b'-- Up-to-date symlink: /home/carlos/ros2_ws/install/px4_msgs/include/px4_msgs/px4_msgs/msg/detail/arming_check_request__struct.h\n'}
[1.596679] (px4_msgs) StdoutLine: {'line': b'-- Up-to-date symlink: /home/carlos/ros2_ws/install/px4_msgs/include/px4_msgs/px4_msgs/msg/detail/arming_check_request__type_support.h\n'}
[1.596749] (px4_msgs) StdoutLine: {'line': b'-- Up-to-date symlink: /home/carlos/ros2_ws/install/px4_msgs/include/px4_msgs/px4_msgs/msg/detail/autotune_attitude_control_status__functions.h\n'}
[1.596813] (px4_msgs) StdoutLine: {'line': b'-- Up-to-date symlink: /home/carlos/ros2_ws/install/px4_msgs/include/px4_msgs/px4_msgs/msg/detail/autotune_attitude_control_status__struct.h\n'}
[1.596896] (px4_msgs) StdoutLine: {'line': b'-- Up-to-date symlink: /home/carlos/ros2_ws/install/px4_msgs/include/px4_msgs/px4_msgs/msg/detail/autotune_attitude_control_status__type_support.h\n'}
[1.596980] (px4_msgs) StdoutLine: {'line': b'-- Up-to-date symlink: /home/carlos/ros2_ws/install/px4_msgs/include/px4_msgs/px4_msgs/msg/detail/battery_info__functions.h\n'}
[1.597064] (px4_msgs) StdoutLine: {'line': b'-- Up-to-date symlink: /home/carlos/ros2_ws/install/px4_msgs/include/px4_msgs/px4_msgs/msg/detail/battery_info__struct.h\n'}
[1.597147] (px4_msgs) StdoutLine: {'line': b'-- Up-to-date symlink: /home/carlos/ros2_ws/install/px4_msgs/include/px4_msgs/px4_msgs/msg/detail/battery_info__type_support.h\n'}
[1.597230] (px4_msgs) StdoutLine: {'line': b'-- Up-to-date symlink: /home/carlos/ros2_ws/install/px4_msgs/include/px4_msgs/px4_msgs/msg/detail/battery_status__functions.h\n'}
[1.597314] (px4_msgs) StdoutLine: {'line': b'-- Up-to-date symlink: /home/carlos/ros2_ws/install/px4_msgs/include/px4_msgs/px4_msgs/msg/detail/battery_status__struct.h\n'}
[1.597398] (px4_msgs) StdoutLine: {'line': b'-- Up-to-date symlink: /home/carlos/ros2_ws/install/px4_msgs/include/px4_msgs/px4_msgs/msg/detail/battery_status__type_support.h\n'}
[1.597489] (px4_msgs) StdoutLine: {'line': b'-- Up-to-date symlink: /home/carlos/ros2_ws/install/px4_msgs/include/px4_msgs/px4_msgs/msg/detail/button_event__functions.h\n'}
[1.597577] (px4_msgs) StdoutLine: {'line': b'-- Up-to-date symlink: /home/carlos/ros2_ws/install/px4_msgs/include/px4_msgs/px4_msgs/msg/detail/button_event__struct.h\n'}
[1.597660] (px4_msgs) StdoutLine: {'line': b'-- Up-to-date symlink: /home/carlos/ros2_ws/install/px4_msgs/include/px4_msgs/px4_msgs/msg/detail/button_event__type_support.h\n'}
[1.597742] (px4_msgs) StdoutLine: {'line': b'-- Up-to-date symlink: /home/carlos/ros2_ws/install/px4_msgs/include/px4_msgs/px4_msgs/msg/detail/camera_capture__functions.h\n'}
[1.597845] (px4_msgs) StdoutLine: {'line': b'-- Up-to-date symlink: /home/carlos/ros2_ws/install/px4_msgs/include/px4_msgs/px4_msgs/msg/detail/camera_capture__struct.h\n'}
[1.597984] (px4_msgs) StdoutLine: {'line': b'-- Up-to-date symlink: /home/carlos/ros2_ws/install/px4_msgs/include/px4_msgs/px4_msgs/msg/detail/camera_capture__type_support.h\n'}
[1.598096] (px4_msgs) StdoutLine: {'line': b'-- Up-to-date symlink: /home/carlos/ros2_ws/install/px4_msgs/include/px4_msgs/px4_msgs/msg/detail/camera_status__functions.h\n'}
[1.598211] (px4_msgs) StdoutLine: {'line': b'-- Up-to-date symlink: /home/carlos/ros2_ws/install/px4_msgs/include/px4_msgs/px4_msgs/msg/detail/camera_status__struct.h\n'}
[1.598328] (px4_msgs) StdoutLine: {'line': b'-- Up-to-date symlink: /home/carlos/ros2_ws/install/px4_msgs/include/px4_msgs/px4_msgs/msg/detail/camera_status__type_support.h\n'}
[1.598457] (px4_msgs) StdoutLine: {'line': b'-- Up-to-date symlink: /home/carlos/ros2_ws/install/px4_msgs/include/px4_msgs/px4_msgs/msg/detail/camera_trigger__functions.h\n'}
[1.598584] (px4_msgs) StdoutLine: {'line': b'-- Up-to-date symlink: /home/carlos/ros2_ws/install/px4_msgs/include/px4_msgs/px4_msgs/msg/detail/camera_trigger__struct.h\n'}
[1.598703] (px4_msgs) StdoutLine: {'line': b'-- Up-to-date symlink: /home/carlos/ros2_ws/install/px4_msgs/include/px4_msgs/px4_msgs/msg/detail/camera_trigger__type_support.h\n'}
[1.598821] (px4_msgs) StdoutLine: {'line': b'-- Up-to-date symlink: /home/carlos/ros2_ws/install/px4_msgs/include/px4_msgs/px4_msgs/msg/detail/can_interface_status__functions.h\n'}
[1.598943] (px4_msgs) StdoutLine: {'line': b'-- Up-to-date symlink: /home/carlos/ros2_ws/install/px4_msgs/include/px4_msgs/px4_msgs/msg/detail/can_interface_status__struct.h\n'}
[1.599069] (px4_msgs) StdoutLine: {'line': b'-- Up-to-date symlink: /home/carlos/ros2_ws/install/px4_msgs/include/px4_msgs/px4_msgs/msg/detail/can_interface_status__type_support.h\n'}
[1.599195] (px4_msgs) StdoutLine: {'line': b'-- Up-to-date symlink: /home/carlos/ros2_ws/install/px4_msgs/include/px4_msgs/px4_msgs/msg/detail/cellular_status__functions.h\n'}
[1.599335] (px4_msgs) StdoutLine: {'line': b'-- Up-to-date symlink: /home/carlos/ros2_ws/install/px4_msgs/include/px4_msgs/px4_msgs/msg/detail/cellular_status__struct.h\n'}
[1.599464] (px4_msgs) StdoutLine: {'line': b'-- Up-to-date symlink: /home/carlos/ros2_ws/install/px4_msgs/include/px4_msgs/px4_msgs/msg/detail/cellular_status__type_support.h\n'}
[1.599603] (px4_msgs) StdoutLine: {'line': b'-- Up-to-date symlink: /home/carlos/ros2_ws/install/px4_msgs/include/px4_msgs/px4_msgs/msg/detail/collision_constraints__functions.h\n'}
[1.599724] (px4_msgs) StdoutLine: {'line': b'-- Up-to-date symlink: /home/carlos/ros2_ws/install/px4_msgs/include/px4_msgs/px4_msgs/msg/detail/collision_constraints__struct.h\n'}
[1.599847] (px4_msgs) StdoutLine: {'line': b'-- Up-to-date symlink: /home/carlos/ros2_ws/install/px4_msgs/include/px4_msgs/px4_msgs/msg/detail/collision_constraints__type_support.h\n'}
[1.599964] (px4_msgs) StdoutLine: {'line': b'-- Up-to-date symlink: /home/carlos/ros2_ws/install/px4_msgs/include/px4_msgs/px4_msgs/msg/detail/config_overrides__functions.h\n'}
[1.600080] (px4_msgs) StdoutLine: {'line': b'-- Up-to-date symlink: /home/carlos/ros2_ws/install/px4_msgs/include/px4_msgs/px4_msgs/msg/detail/config_overrides__struct.h\n'}
[1.600190] (px4_msgs) StdoutLine: {'line': b'-- Up-to-date symlink: /home/carlos/ros2_ws/install/px4_msgs/include/px4_msgs/px4_msgs/msg/detail/config_overrides__type_support.h\n'}
[1.600298] (px4_msgs) StdoutLine: {'line': b'-- Up-to-date symlink: /home/carlos/ros2_ws/install/px4_msgs/include/px4_msgs/px4_msgs/msg/detail/control_allocator_status__functions.h\n'}
[1.600428] (px4_msgs) StdoutLine: {'line': b'-- Up-to-date symlink: /home/carlos/ros2_ws/install/px4_msgs/include/px4_msgs/px4_msgs/msg/detail/control_allocator_status__struct.h\n'}
[1.600570] (px4_msgs) StdoutLine: {'line': b'-- Up-to-date symlink: /home/carlos/ros2_ws/install/px4_msgs/include/px4_msgs/px4_msgs/msg/detail/control_allocator_status__type_support.h\n'}
[1.600690] (px4_msgs) StdoutLine: {'line': b'-- Up-to-date symlink: /home/carlos/ros2_ws/install/px4_msgs/include/px4_msgs/px4_msgs/msg/detail/cpuload__functions.h\n'}
[1.600815] (px4_msgs) StdoutLine: {'line': b'-- Up-to-date symlink: /home/carlos/ros2_ws/install/px4_msgs/include/px4_msgs/px4_msgs/msg/detail/cpuload__struct.h\n'}
[1.600944] (px4_msgs) StdoutLine: {'line': b'-- Up-to-date symlink: /home/carlos/ros2_ws/install/px4_msgs/include/px4_msgs/px4_msgs/msg/detail/cpuload__type_support.h\n'}
[1.601102] (px4_msgs) StdoutLine: {'line': b'-- Up-to-date symlink: /home/carlos/ros2_ws/install/px4_msgs/include/px4_msgs/px4_msgs/msg/detail/dataman_request__functions.h\n'}
[1.601234] (px4_msgs) StdoutLine: {'line': b'-- Up-to-date symlink: /home/carlos/ros2_ws/install/px4_msgs/include/px4_msgs/px4_msgs/msg/detail/dataman_request__struct.h\n'}
[1.601376] (px4_msgs) StdoutLine: {'line': b'-- Up-to-date symlink: /home/carlos/ros2_ws/install/px4_msgs/include/px4_msgs/px4_msgs/msg/detail/dataman_request__type_support.h\n'}
[1.601474] (px4_msgs) StdoutLine: {'line': b'-- Up-to-date symlink: /home/carlos/ros2_ws/install/px4_msgs/include/px4_msgs/px4_msgs/msg/detail/dataman_response__functions.h\n'}
[1.601599] (px4_msgs) StdoutLine: {'line': b'-- Up-to-date symlink: /home/carlos/ros2_ws/install/px4_msgs/include/px4_msgs/px4_msgs/msg/detail/dataman_response__struct.h\n'}
[1.601671] (px4_msgs) StdoutLine: {'line': b'-- Up-to-date symlink: /home/carlos/ros2_ws/install/px4_msgs/include/px4_msgs/px4_msgs/msg/detail/dataman_response__type_support.h\n'}
[1.601784] (px4_msgs) StdoutLine: {'line': b'-- Up-to-date symlink: /home/carlos/ros2_ws/install/px4_msgs/include/px4_msgs/px4_msgs/msg/detail/debug_array__functions.h\n'}
[1.601893] (px4_msgs) StdoutLine: {'line': b'-- Up-to-date symlink: /home/carlos/ros2_ws/install/px4_msgs/include/px4_msgs/px4_msgs/msg/detail/debug_array__struct.h\n'}
[1.601981] (px4_msgs) StdoutLine: {'line': b'-- Up-to-date symlink: /home/carlos/ros2_ws/install/px4_msgs/include/px4_msgs/px4_msgs/msg/detail/debug_array__type_support.h\n'}
[1.602076] (px4_msgs) StdoutLine: {'line': b'-- Up-to-date symlink: /home/carlos/ros2_ws/install/px4_msgs/include/px4_msgs/px4_msgs/msg/detail/debug_key_value__functions.h\n'}
[1.602173] (px4_msgs) StdoutLine: {'line': b'-- Up-to-date symlink: /home/carlos/ros2_ws/install/px4_msgs/include/px4_msgs/px4_msgs/msg/detail/debug_key_value__struct.h\n'}
[1.602270] (px4_msgs) StdoutLine: {'line': b'-- Up-to-date symlink: /home/carlos/ros2_ws/install/px4_msgs/include/px4_msgs/px4_msgs/msg/detail/debug_key_value__type_support.h\n'}
[1.602359] (px4_msgs) StdoutLine: {'line': b'-- Up-to-date symlink: /home/carlos/ros2_ws/install/px4_msgs/include/px4_msgs/px4_msgs/msg/detail/debug_value__functions.h\n'}
[1.602460] (px4_msgs) StdoutLine: {'line': b'-- Up-to-date symlink: /home/carlos/ros2_ws/install/px4_msgs/include/px4_msgs/px4_msgs/msg/detail/debug_value__struct.h\n'}
[1.602558] (px4_msgs) StdoutLine: {'line': b'-- Up-to-date symlink: /home/carlos/ros2_ws/install/px4_msgs/include/px4_msgs/px4_msgs/msg/detail/debug_value__type_support.h\n'}
[1.602650] (px4_msgs) StdoutLine: {'line': b'-- Up-to-date symlink: /home/carlos/ros2_ws/install/px4_msgs/include/px4_msgs/px4_msgs/msg/detail/debug_vect__functions.h\n'}
[1.602739] (px4_msgs) StdoutLine: {'line': b'-- Up-to-date symlink: /home/carlos/ros2_ws/install/px4_msgs/include/px4_msgs/px4_msgs/msg/detail/debug_vect__struct.h\n'}
[1.602828] (px4_msgs) StdoutLine: {'line': b'-- Up-to-date symlink: /home/carlos/ros2_ws/install/px4_msgs/include/px4_msgs/px4_msgs/msg/detail/debug_vect__type_support.h\n'}
[1.602885] (-) TimerEvent: {}
[1.603052] (px4_msgs) StdoutLine: {'line': b'-- Up-to-date symlink: /home/carlos/ros2_ws/install/px4_msgs/include/px4_msgs/px4_msgs/msg/detail/differential_pressure__functions.h\n'}
[1.603130] (px4_msgs) StdoutLine: {'line': b'-- Up-to-date symlink: /home/carlos/ros2_ws/install/px4_msgs/include/px4_msgs/px4_msgs/msg/detail/differential_pressure__struct.h\n'}
[1.603188] (px4_msgs) StdoutLine: {'line': b'-- Up-to-date symlink: /home/carlos/ros2_ws/install/px4_msgs/include/px4_msgs/px4_msgs/msg/detail/differential_pressure__type_support.h\n'}
[1.603285] (px4_msgs) StdoutLine: {'line': b'-- Up-to-date symlink: /home/carlos/ros2_ws/install/px4_msgs/include/px4_msgs/px4_msgs/msg/detail/distance_sensor__functions.h\n'}
[1.603341] (px4_msgs) StdoutLine: {'line': b'-- Up-to-date symlink: /home/carlos/ros2_ws/install/px4_msgs/include/px4_msgs/px4_msgs/msg/detail/distance_sensor__struct.h\n'}
[1.603436] (px4_msgs) StdoutLine: {'line': b'-- Up-to-date symlink: /home/carlos/ros2_ws/install/px4_msgs/include/px4_msgs/px4_msgs/msg/detail/distance_sensor__type_support.h\n'}
[1.603493] (px4_msgs) StdoutLine: {'line': b'-- Up-to-date symlink: /home/carlos/ros2_ws/install/px4_msgs/include/px4_msgs/px4_msgs/msg/detail/distance_sensor_mode_change_request__functions.h\n'}
[1.603558] (px4_msgs) StdoutLine: {'line': b'-- Up-to-date symlink: /home/carlos/ros2_ws/install/px4_msgs/include/px4_msgs/px4_msgs/msg/detail/distance_sensor_mode_change_request__struct.h\n'}
[1.603622] (px4_msgs) StdoutLine: {'line': b'-- Up-to-date symlink: /home/carlos/ros2_ws/install/px4_msgs/include/px4_msgs/px4_msgs/msg/detail/distance_sensor_mode_change_request__type_support.h\n'}
[1.603728] (px4_msgs) StdoutLine: {'line': b'-- Up-to-date symlink: /home/carlos/ros2_ws/install/px4_msgs/include/px4_msgs/px4_msgs/msg/detail/dronecan_node_status__functions.h\n'}
[1.603802] (px4_msgs) StdoutLine: {'line': b'-- Up-to-date symlink: /home/carlos/ros2_ws/install/px4_msgs/include/px4_msgs/px4_msgs/msg/detail/dronecan_node_status__struct.h\n'}
[1.603877] (px4_msgs) StdoutLine: {'line': b'-- Up-to-date symlink: /home/carlos/ros2_ws/install/px4_msgs/include/px4_msgs/px4_msgs/msg/detail/dronecan_node_status__type_support.h\n'}
[1.603968] (px4_msgs) StdoutLine: {'line': b'-- Up-to-date symlink: /home/carlos/ros2_ws/install/px4_msgs/include/px4_msgs/px4_msgs/msg/detail/ekf2_timestamps__functions.h\n'}
[1.604068] (px4_msgs) StdoutLine: {'line': b'-- Up-to-date symlink: /home/carlos/ros2_ws/install/px4_msgs/include/px4_msgs/px4_msgs/msg/detail/ekf2_timestamps__struct.h\n'}
[1.604182] (px4_msgs) StdoutLine: {'line': b'-- Up-to-date symlink: /home/carlos/ros2_ws/install/px4_msgs/include/px4_msgs/px4_msgs/msg/detail/ekf2_timestamps__type_support.h\n'}
[1.604322] (px4_msgs) StdoutLine: {'line': b'-- Up-to-date symlink: /home/carlos/ros2_ws/install/px4_msgs/include/px4_msgs/px4_msgs/msg/detail/esc_report__functions.h\n'}
[1.604460] (px4_msgs) StdoutLine: {'line': b'-- Up-to-date symlink: /home/carlos/ros2_ws/install/px4_msgs/include/px4_msgs/px4_msgs/msg/detail/esc_report__struct.h\n'}
[1.604629] (px4_msgs) StdoutLine: {'line': b'-- Up-to-date symlink: /home/carlos/ros2_ws/install/px4_msgs/include/px4_msgs/px4_msgs/msg/detail/esc_report__type_support.h\n'}
[1.604779] (px4_msgs) StdoutLine: {'line': b'-- Up-to-date symlink: /home/carlos/ros2_ws/install/px4_msgs/include/px4_msgs/px4_msgs/msg/detail/esc_status__functions.h\n'}
[1.604960] (px4_msgs) StdoutLine: {'line': b'-- Up-to-date symlink: /home/carlos/ros2_ws/install/px4_msgs/include/px4_msgs/px4_msgs/msg/detail/esc_status__struct.h\n'}
[1.605086] (px4_msgs) StdoutLine: {'line': b'-- Up-to-date symlink: /home/carlos/ros2_ws/install/px4_msgs/include/px4_msgs/px4_msgs/msg/detail/esc_status__type_support.h\n'}
[1.605218] (px4_msgs) StdoutLine: {'line': b'-- Up-to-date symlink: /home/carlos/ros2_ws/install/px4_msgs/include/px4_msgs/px4_msgs/msg/detail/estimator_aid_source1d__functions.h\n'}
[1.605352] (px4_msgs) StdoutLine: {'line': b'-- Up-to-date symlink: /home/carlos/ros2_ws/install/px4_msgs/include/px4_msgs/px4_msgs/msg/detail/estimator_aid_source1d__struct.h\n'}
[1.605489] (px4_msgs) StdoutLine: {'line': b'-- Up-to-date symlink: /home/carlos/ros2_ws/install/px4_msgs/include/px4_msgs/px4_msgs/msg/detail/estimator_aid_source1d__type_support.h\n'}
[1.605590] (px4_msgs) StdoutLine: {'line': b'-- Up-to-date symlink: /home/carlos/ros2_ws/install/px4_msgs/include/px4_msgs/px4_msgs/msg/detail/estimator_aid_source2d__functions.h\n'}
[1.605682] (px4_msgs) StdoutLine: {'line': b'-- Up-to-date symlink: /home/carlos/ros2_ws/install/px4_msgs/include/px4_msgs/px4_msgs/msg/detail/estimator_aid_source2d__struct.h\n'}
[1.605773] (px4_msgs) StdoutLine: {'line': b'-- Up-to-date symlink: /home/carlos/ros2_ws/install/px4_msgs/include/px4_msgs/px4_msgs/msg/detail/estimator_aid_source2d__type_support.h\n'}
[1.605864] (px4_msgs) StdoutLine: {'line': b'-- Up-to-date symlink: /home/carlos/ros2_ws/install/px4_msgs/include/px4_msgs/px4_msgs/msg/detail/estimator_aid_source3d__functions.h\n'}
[1.605951] (px4_msgs) StdoutLine: {'line': b'-- Up-to-date symlink: /home/carlos/ros2_ws/install/px4_msgs/include/px4_msgs/px4_msgs/msg/detail/estimator_aid_source3d__struct.h\n'}
[1.606041] (px4_msgs) StdoutLine: {'line': b'-- Up-to-date symlink: /home/carlos/ros2_ws/install/px4_msgs/include/px4_msgs/px4_msgs/msg/detail/estimator_aid_source3d__type_support.h\n'}
[1.606128] (px4_msgs) StdoutLine: {'line': b'-- Up-to-date symlink: /home/carlos/ros2_ws/install/px4_msgs/include/px4_msgs/px4_msgs/msg/detail/estimator_bias3d__functions.h\n'}
[1.606220] (px4_msgs) StdoutLine: {'line': b'-- Up-to-date symlink: /home/carlos/ros2_ws/install/px4_msgs/include/px4_msgs/px4_msgs/msg/detail/estimator_bias3d__struct.h\n'}
[1.606306] (px4_msgs) StdoutLine: {'line': b'-- Up-to-date symlink: /home/carlos/ros2_ws/install/px4_msgs/include/px4_msgs/px4_msgs/msg/detail/estimator_bias3d__type_support.h\n'}
[1.606392] (px4_msgs) StdoutLine: {'line': b'-- Up-to-date symlink: /home/carlos/ros2_ws/install/px4_msgs/include/px4_msgs/px4_msgs/msg/detail/estimator_bias__functions.h\n'}
[1.606494] (px4_msgs) StdoutLine: {'line': b'-- Up-to-date symlink: /home/carlos/ros2_ws/install/px4_msgs/include/px4_msgs/px4_msgs/msg/detail/estimator_bias__struct.h\n'}
[1.606582] (px4_msgs) StdoutLine: {'line': b'-- Up-to-date symlink: /home/carlos/ros2_ws/install/px4_msgs/include/px4_msgs/px4_msgs/msg/detail/estimator_bias__type_support.h\n'}
[1.606667] (px4_msgs) StdoutLine: {'line': b'-- Up-to-date symlink: /home/carlos/ros2_ws/install/px4_msgs/include/px4_msgs/px4_msgs/msg/detail/estimator_event_flags__functions.h\n'}
[1.606755] (px4_msgs) StdoutLine: {'line': b'-- Up-to-date symlink: /home/carlos/ros2_ws/install/px4_msgs/include/px4_msgs/px4_msgs/msg/detail/estimator_event_flags__struct.h\n'}
[1.606840] (px4_msgs) StdoutLine: {'line': b'-- Up-to-date symlink: /home/carlos/ros2_ws/install/px4_msgs/include/px4_msgs/px4_msgs/msg/detail/estimator_event_flags__type_support.h\n'}
[1.606923] (px4_msgs) StdoutLine: {'line': b'-- Up-to-date symlink: /home/carlos/ros2_ws/install/px4_msgs/include/px4_msgs/px4_msgs/msg/detail/estimator_gps_status__functions.h\n'}
[1.607008] (px4_msgs) StdoutLine: {'line': b'-- Up-to-date symlink: /home/carlos/ros2_ws/install/px4_msgs/include/px4_msgs/px4_msgs/msg/detail/estimator_gps_status__struct.h\n'}
[1.607091] (px4_msgs) StdoutLine: {'line': b'-- Up-to-date symlink: /home/carlos/ros2_ws/install/px4_msgs/include/px4_msgs/px4_msgs/msg/detail/estimator_gps_status__type_support.h\n'}
[1.607183] (px4_msgs) StdoutLine: {'line': b'-- Up-to-date symlink: /home/carlos/ros2_ws/install/px4_msgs/include/px4_msgs/px4_msgs/msg/detail/estimator_innovations__functions.h\n'}
[1.607267] (px4_msgs) StdoutLine: {'line': b'-- Up-to-date symlink: /home/carlos/ros2_ws/install/px4_msgs/include/px4_msgs/px4_msgs/msg/detail/estimator_innovations__struct.h\n'}
[1.607359] (px4_msgs) StdoutLine: {'line': b'-- Up-to-date symlink: /home/carlos/ros2_ws/install/px4_msgs/include/px4_msgs/px4_msgs/msg/detail/estimator_innovations__type_support.h\n'}
[1.607456] (px4_msgs) StdoutLine: {'line': b'-- Up-to-date symlink: /home/carlos/ros2_ws/install/px4_msgs/include/px4_msgs/px4_msgs/msg/detail/estimator_selector_status__functions.h\n'}
[1.607546] (px4_msgs) StdoutLine: {'line': b'-- Up-to-date symlink: /home/carlos/ros2_ws/install/px4_msgs/include/px4_msgs/px4_msgs/msg/detail/estimator_selector_status__struct.h\n'}
[1.607630] (px4_msgs) StdoutLine: {'line': b'-- Up-to-date symlink: /home/carlos/ros2_ws/install/px4_msgs/include/px4_msgs/px4_msgs/msg/detail/estimator_selector_status__type_support.h\n'}
[1.607713] (px4_msgs) StdoutLine: {'line': b'-- Up-to-date symlink: /home/carlos/ros2_ws/install/px4_msgs/include/px4_msgs/px4_msgs/msg/detail/estimator_sensor_bias__functions.h\n'}
[1.607797] (px4_msgs) StdoutLine: {'line': b'-- Up-to-date symlink: /home/carlos/ros2_ws/install/px4_msgs/include/px4_msgs/px4_msgs/msg/detail/estimator_sensor_bias__struct.h\n'}
[1.607881] (px4_msgs) StdoutLine: {'line': b'-- Up-to-date symlink: /home/carlos/ros2_ws/install/px4_msgs/include/px4_msgs/px4_msgs/msg/detail/estimator_sensor_bias__type_support.h\n'}
[1.607964] (px4_msgs) StdoutLine: {'line': b'-- Up-to-date symlink: /home/carlos/ros2_ws/install/px4_msgs/include/px4_msgs/px4_msgs/msg/detail/estimator_states__functions.h\n'}
[1.608052] (px4_msgs) StdoutLine: {'line': b'-- Up-to-date symlink: /home/carlos/ros2_ws/install/px4_msgs/include/px4_msgs/px4_msgs/msg/detail/estimator_states__struct.h\n'}
[1.608139] (px4_msgs) StdoutLine: {'line': b'-- Up-to-date symlink: /home/carlos/ros2_ws/install/px4_msgs/include/px4_msgs/px4_msgs/msg/detail/estimator_states__type_support.h\n'}
[1.608226] (px4_msgs) StdoutLine: {'line': b'-- Up-to-date symlink: /home/carlos/ros2_ws/install/px4_msgs/include/px4_msgs/px4_msgs/msg/detail/estimator_status__functions.h\n'}
[1.608312] (px4_msgs) StdoutLine: {'line': b'-- Up-to-date symlink: /home/carlos/ros2_ws/install/px4_msgs/include/px4_msgs/px4_msgs/msg/detail/estimator_status__struct.h\n'}
[1.608400] (px4_msgs) StdoutLine: {'line': b'-- Up-to-date symlink: /home/carlos/ros2_ws/install/px4_msgs/include/px4_msgs/px4_msgs/msg/detail/estimator_status__type_support.h\n'}
[1.608496] (px4_msgs) StdoutLine: {'line': b'-- Up-to-date symlink: /home/carlos/ros2_ws/install/px4_msgs/include/px4_msgs/px4_msgs/msg/detail/estimator_status_flags__functions.h\n'}
[1.608588] (px4_msgs) StdoutLine: {'line': b'-- Up-to-date symlink: /home/carlos/ros2_ws/install/px4_msgs/include/px4_msgs/px4_msgs/msg/detail/estimator_status_flags__struct.h\n'}
[1.608674] (px4_msgs) StdoutLine: {'line': b'-- Up-to-date symlink: /home/carlos/ros2_ws/install/px4_msgs/include/px4_msgs/px4_msgs/msg/detail/estimator_status_flags__type_support.h\n'}
[1.608760] (px4_msgs) StdoutLine: {'line': b'-- Up-to-date symlink: /home/carlos/ros2_ws/install/px4_msgs/include/px4_msgs/px4_msgs/msg/detail/event__functions.h\n'}
[1.608846] (px4_msgs) StdoutLine: {'line': b'-- Up-to-date symlink: /home/carlos/ros2_ws/install/px4_msgs/include/px4_msgs/px4_msgs/msg/detail/event__struct.h\n'}
[1.608931] (px4_msgs) StdoutLine: {'line': b'-- Up-to-date symlink: /home/carlos/ros2_ws/install/px4_msgs/include/px4_msgs/px4_msgs/msg/detail/event__type_support.h\n'}
[1.609015] (px4_msgs) StdoutLine: {'line': b'-- Up-to-date symlink: /home/carlos/ros2_ws/install/px4_msgs/include/px4_msgs/px4_msgs/msg/detail/failsafe_flags__functions.h\n'}
[1.609099] (px4_msgs) StdoutLine: {'line': b'-- Up-to-date symlink: /home/carlos/ros2_ws/install/px4_msgs/include/px4_msgs/px4_msgs/msg/detail/failsafe_flags__struct.h\n'}
[1.609184] (px4_msgs) StdoutLine: {'line': b'-- Up-to-date symlink: /home/carlos/ros2_ws/install/px4_msgs/include/px4_msgs/px4_msgs/msg/detail/failsafe_flags__type_support.h\n'}
[1.609269] (px4_msgs) StdoutLine: {'line': b'-- Up-to-date symlink: /home/carlos/ros2_ws/install/px4_msgs/include/px4_msgs/px4_msgs/msg/detail/failure_detector_status__functions.h\n'}
[1.609353] (px4_msgs) StdoutLine: {'line': b'-- Up-to-date symlink: /home/carlos/ros2_ws/install/px4_msgs/include/px4_msgs/px4_msgs/msg/detail/failure_detector_status__struct.h\n'}
[1.609441] (px4_msgs) StdoutLine: {'line': b'-- Up-to-date symlink: /home/carlos/ros2_ws/install/px4_msgs/include/px4_msgs/px4_msgs/msg/detail/failure_detector_status__type_support.h\n'}
[1.609529] (px4_msgs) StdoutLine: {'line': b'-- Up-to-date symlink: /home/carlos/ros2_ws/install/px4_msgs/include/px4_msgs/px4_msgs/msg/detail/figure_eight_status__functions.h\n'}
[1.609613] (px4_msgs) StdoutLine: {'line': b'-- Up-to-date symlink: /home/carlos/ros2_ws/install/px4_msgs/include/px4_msgs/px4_msgs/msg/detail/figure_eight_status__struct.h\n'}
[1.609697] (px4_msgs) StdoutLine: {'line': b'-- Up-to-date symlink: /home/carlos/ros2_ws/install/px4_msgs/include/px4_msgs/px4_msgs/msg/detail/figure_eight_status__type_support.h\n'}
[1.609782] (px4_msgs) StdoutLine: {'line': b'-- Up-to-date symlink: /home/carlos/ros2_ws/install/px4_msgs/include/px4_msgs/px4_msgs/msg/detail/fixed_wing_lateral_guidance_status__functions.h\n'}
[1.609867] (px4_msgs) StdoutLine: {'line': b'-- Up-to-date symlink: /home/carlos/ros2_ws/install/px4_msgs/include/px4_msgs/px4_msgs/msg/detail/fixed_wing_lateral_guidance_status__struct.h\n'}
[1.609952] (px4_msgs) StdoutLine: {'line': b'-- Up-to-date symlink: /home/carlos/ros2_ws/install/px4_msgs/include/px4_msgs/px4_msgs/msg/detail/fixed_wing_lateral_guidance_status__type_support.h\n'}
[1.610038] (px4_msgs) StdoutLine: {'line': b'-- Up-to-date symlink: /home/carlos/ros2_ws/install/px4_msgs/include/px4_msgs/px4_msgs/msg/detail/fixed_wing_lateral_setpoint__functions.h\n'}
[1.610124] (px4_msgs) StdoutLine: {'line': b'-- Up-to-date symlink: /home/carlos/ros2_ws/install/px4_msgs/include/px4_msgs/px4_msgs/msg/detail/fixed_wing_lateral_setpoint__struct.h\n'}
[1.610208] (px4_msgs) StdoutLine: {'line': b'-- Up-to-date symlink: /home/carlos/ros2_ws/install/px4_msgs/include/px4_msgs/px4_msgs/msg/detail/fixed_wing_lateral_setpoint__type_support.h\n'}
[1.610293] (px4_msgs) StdoutLine: {'line': b'-- Up-to-date symlink: /home/carlos/ros2_ws/install/px4_msgs/include/px4_msgs/px4_msgs/msg/detail/fixed_wing_lateral_status__functions.h\n'}
[1.610381] (px4_msgs) StdoutLine: {'line': b'-- Up-to-date symlink: /home/carlos/ros2_ws/install/px4_msgs/include/px4_msgs/px4_msgs/msg/detail/fixed_wing_lateral_status__struct.h\n'}
[1.610472] (px4_msgs) StdoutLine: {'line': b'-- Up-to-date symlink: /home/carlos/ros2_ws/install/px4_msgs/include/px4_msgs/px4_msgs/msg/detail/fixed_wing_lateral_status__type_support.h\n'}
[1.610557] (px4_msgs) StdoutLine: {'line': b'-- Up-to-date symlink: /home/carlos/ros2_ws/install/px4_msgs/include/px4_msgs/px4_msgs/msg/detail/fixed_wing_longitudinal_setpoint__functions.h\n'}
[1.610649] (px4_msgs) StdoutLine: {'line': b'-- Up-to-date symlink: /home/carlos/ros2_ws/install/px4_msgs/include/px4_msgs/px4_msgs/msg/detail/fixed_wing_longitudinal_setpoint__struct.h\n'}
[1.610735] (px4_msgs) StdoutLine: {'line': b'-- Up-to-date symlink: /home/carlos/ros2_ws/install/px4_msgs/include/px4_msgs/px4_msgs/msg/detail/fixed_wing_longitudinal_setpoint__type_support.h\n'}
[1.610820] (px4_msgs) StdoutLine: {'line': b'-- Up-to-date symlink: /home/carlos/ros2_ws/install/px4_msgs/include/px4_msgs/px4_msgs/msg/detail/fixed_wing_runway_control__functions.h\n'}
[1.610906] (px4_msgs) StdoutLine: {'line': b'-- Up-to-date symlink: /home/carlos/ros2_ws/install/px4_msgs/include/px4_msgs/px4_msgs/msg/detail/fixed_wing_runway_control__struct.h\n'}
[1.610991] (px4_msgs) StdoutLine: {'line': b'-- Up-to-date symlink: /home/carlos/ros2_ws/install/px4_msgs/include/px4_msgs/px4_msgs/msg/detail/fixed_wing_runway_control__type_support.h\n'}
[1.611075] (px4_msgs) StdoutLine: {'line': b'-- Up-to-date symlink: /home/carlos/ros2_ws/install/px4_msgs/include/px4_msgs/px4_msgs/msg/detail/flight_phase_estimation__functions.h\n'}
[1.611162] (px4_msgs) StdoutLine: {'line': b'-- Up-to-date symlink: /home/carlos/ros2_ws/install/px4_msgs/include/px4_msgs/px4_msgs/msg/detail/flight_phase_estimation__struct.h\n'}
[1.611242] (px4_msgs) StdoutLine: {'line': b'-- Up-to-date symlink: /home/carlos/ros2_ws/install/px4_msgs/include/px4_msgs/px4_msgs/msg/detail/flight_phase_estimation__type_support.h\n'}
[1.611326] (px4_msgs) StdoutLine: {'line': b'-- Up-to-date symlink: /home/carlos/ros2_ws/install/px4_msgs/include/px4_msgs/px4_msgs/msg/detail/follow_target__functions.h\n'}
[1.611411] (px4_msgs) StdoutLine: {'line': b'-- Up-to-date symlink: /home/carlos/ros2_ws/install/px4_msgs/include/px4_msgs/px4_msgs/msg/detail/follow_target__struct.h\n'}
[1.611502] (px4_msgs) StdoutLine: {'line': b'-- Up-to-date symlink: /home/carlos/ros2_ws/install/px4_msgs/include/px4_msgs/px4_msgs/msg/detail/follow_target__type_support.h\n'}
[1.611588] (px4_msgs) StdoutLine: {'line': b'-- Up-to-date symlink: /home/carlos/ros2_ws/install/px4_msgs/include/px4_msgs/px4_msgs/msg/detail/follow_target_estimator__functions.h\n'}
[1.611673] (px4_msgs) StdoutLine: {'line': b'-- Up-to-date symlink: /home/carlos/ros2_ws/install/px4_msgs/include/px4_msgs/px4_msgs/msg/detail/follow_target_estimator__struct.h\n'}
[1.611757] (px4_msgs) StdoutLine: {'line': b'-- Up-to-date symlink: /home/carlos/ros2_ws/install/px4_msgs/include/px4_msgs/px4_msgs/msg/detail/follow_target_estimator__type_support.h\n'}
[1.611844] (px4_msgs) StdoutLine: {'line': b'-- Up-to-date symlink: /home/carlos/ros2_ws/install/px4_msgs/include/px4_msgs/px4_msgs/msg/detail/follow_target_status__functions.h\n'}
[1.611927] (px4_msgs) StdoutLine: {'line': b'-- Up-to-date symlink: /home/carlos/ros2_ws/install/px4_msgs/include/px4_msgs/px4_msgs/msg/detail/follow_target_status__struct.h\n'}
[1.612010] (px4_msgs) StdoutLine: {'line': b'-- Up-to-date symlink: /home/carlos/ros2_ws/install/px4_msgs/include/px4_msgs/px4_msgs/msg/detail/follow_target_status__type_support.h\n'}
[1.612095] (px4_msgs) StdoutLine: {'line': b'-- Up-to-date symlink: /home/carlos/ros2_ws/install/px4_msgs/include/px4_msgs/px4_msgs/msg/detail/fuel_tank_status__functions.h\n'}
[1.612179] (px4_msgs) StdoutLine: {'line': b'-- Up-to-date symlink: /home/carlos/ros2_ws/install/px4_msgs/include/px4_msgs/px4_msgs/msg/detail/fuel_tank_status__struct.h\n'}
[1.612264] (px4_msgs) StdoutLine: {'line': b'-- Up-to-date symlink: /home/carlos/ros2_ws/install/px4_msgs/include/px4_msgs/px4_msgs/msg/detail/fuel_tank_status__type_support.h\n'}
[1.612348] (px4_msgs) StdoutLine: {'line': b'-- Up-to-date symlink: /home/carlos/ros2_ws/install/px4_msgs/include/px4_msgs/px4_msgs/msg/detail/generator_status__functions.h\n'}
[1.612438] (px4_msgs) StdoutLine: {'line': b'-- Up-to-date symlink: /home/carlos/ros2_ws/install/px4_msgs/include/px4_msgs/px4_msgs/msg/detail/generator_status__struct.h\n'}
[1.612523] (px4_msgs) StdoutLine: {'line': b'-- Up-to-date symlink: /home/carlos/ros2_ws/install/px4_msgs/include/px4_msgs/px4_msgs/msg/detail/generator_status__type_support.h\n'}
[1.612610] (px4_msgs) StdoutLine: {'line': b'-- Up-to-date symlink: /home/carlos/ros2_ws/install/px4_msgs/include/px4_msgs/px4_msgs/msg/detail/geofence_result__functions.h\n'}
[1.612694] (px4_msgs) StdoutLine: {'line': b'-- Up-to-date symlink: /home/carlos/ros2_ws/install/px4_msgs/include/px4_msgs/px4_msgs/msg/detail/geofence_result__struct.h\n'}
[1.612779] (px4_msgs) StdoutLine: {'line': b'-- Up-to-date symlink: /home/carlos/ros2_ws/install/px4_msgs/include/px4_msgs/px4_msgs/msg/detail/geofence_result__type_support.h\n'}
[1.612863] (px4_msgs) StdoutLine: {'line': b'-- Up-to-date symlink: /home/carlos/ros2_ws/install/px4_msgs/include/px4_msgs/px4_msgs/msg/detail/geofence_status__functions.h\n'}
[1.612947] (px4_msgs) StdoutLine: {'line': b'-- Up-to-date symlink: /home/carlos/ros2_ws/install/px4_msgs/include/px4_msgs/px4_msgs/msg/detail/geofence_status__struct.h\n'}
[1.613032] (px4_msgs) StdoutLine: {'line': b'-- Up-to-date symlink: /home/carlos/ros2_ws/install/px4_msgs/include/px4_msgs/px4_msgs/msg/detail/geofence_status__type_support.h\n'}
[1.613116] (px4_msgs) StdoutLine: {'line': b'-- Up-to-date symlink: /home/carlos/ros2_ws/install/px4_msgs/include/px4_msgs/px4_msgs/msg/detail/gimbal_controls__functions.h\n'}
[1.613200] (px4_msgs) StdoutLine: {'line': b'-- Up-to-date symlink: /home/carlos/ros2_ws/install/px4_msgs/include/px4_msgs/px4_msgs/msg/detail/gimbal_controls__struct.h\n'}
[1.613286] (px4_msgs) StdoutLine: {'line': b'-- Up-to-date symlink: /home/carlos/ros2_ws/install/px4_msgs/include/px4_msgs/px4_msgs/msg/detail/gimbal_controls__type_support.h\n'}
[1.613371] (px4_msgs) StdoutLine: {'line': b'-- Up-to-date symlink: /home/carlos/ros2_ws/install/px4_msgs/include/px4_msgs/px4_msgs/msg/detail/gimbal_device_attitude_status__functions.h\n'}
[1.613464] (px4_msgs) StdoutLine: {'line': b'-- Up-to-date symlink: /home/carlos/ros2_ws/install/px4_msgs/include/px4_msgs/px4_msgs/msg/detail/gimbal_device_attitude_status__struct.h\n'}
[1.613556] (px4_msgs) StdoutLine: {'line': b'-- Up-to-date symlink: /home/carlos/ros2_ws/install/px4_msgs/include/px4_msgs/px4_msgs/msg/detail/gimbal_device_attitude_status__type_support.h\n'}
[1.613642] (px4_msgs) StdoutLine: {'line': b'-- Up-to-date symlink: /home/carlos/ros2_ws/install/px4_msgs/include/px4_msgs/px4_msgs/msg/detail/gimbal_device_information__functions.h\n'}
[1.613725] (px4_msgs) StdoutLine: {'line': b'-- Up-to-date symlink: /home/carlos/ros2_ws/install/px4_msgs/include/px4_msgs/px4_msgs/msg/detail/gimbal_device_information__struct.h\n'}
[1.613816] (px4_msgs) StdoutLine: {'line': b'-- Up-to-date symlink: /home/carlos/ros2_ws/install/px4_msgs/include/px4_msgs/px4_msgs/msg/detail/gimbal_device_information__type_support.h\n'}
[1.613901] (px4_msgs) StdoutLine: {'line': b'-- Up-to-date symlink: /home/carlos/ros2_ws/install/px4_msgs/include/px4_msgs/px4_msgs/msg/detail/gimbal_device_set_attitude__functions.h\n'}
[1.613985] (px4_msgs) StdoutLine: {'line': b'-- Up-to-date symlink: /home/carlos/ros2_ws/install/px4_msgs/include/px4_msgs/px4_msgs/msg/detail/gimbal_device_set_attitude__struct.h\n'}
[1.614069] (px4_msgs) StdoutLine: {'line': b'-- Up-to-date symlink: /home/carlos/ros2_ws/install/px4_msgs/include/px4_msgs/px4_msgs/msg/detail/gimbal_device_set_attitude__type_support.h\n'}
[1.614153] (px4_msgs) StdoutLine: {'line': b'-- Up-to-date symlink: /home/carlos/ros2_ws/install/px4_msgs/include/px4_msgs/px4_msgs/msg/detail/gimbal_manager_information__functions.h\n'}
[1.614237] (px4_msgs) StdoutLine: {'line': b'-- Up-to-date symlink: /home/carlos/ros2_ws/install/px4_msgs/include/px4_msgs/px4_msgs/msg/detail/gimbal_manager_information__struct.h\n'}
[1.614321] (px4_msgs) StdoutLine: {'line': b'-- Up-to-date symlink: /home/carlos/ros2_ws/install/px4_msgs/include/px4_msgs/px4_msgs/msg/detail/gimbal_manager_information__type_support.h\n'}
[1.614405] (px4_msgs) StdoutLine: {'line': b'-- Up-to-date symlink: /home/carlos/ros2_ws/install/px4_msgs/include/px4_msgs/px4_msgs/msg/detail/gimbal_manager_set_attitude__functions.h\n'}
[1.614499] (px4_msgs) StdoutLine: {'line': b'-- Up-to-date symlink: /home/carlos/ros2_ws/install/px4_msgs/include/px4_msgs/px4_msgs/msg/detail/gimbal_manager_set_attitude__struct.h\n'}
[1.614586] (px4_msgs) StdoutLine: {'line': b'-- Up-to-date symlink: /home/carlos/ros2_ws/install/px4_msgs/include/px4_msgs/px4_msgs/msg/detail/gimbal_manager_set_attitude__type_support.h\n'}
[1.614672] (px4_msgs) StdoutLine: {'line': b'-- Up-to-date symlink: /home/carlos/ros2_ws/install/px4_msgs/include/px4_msgs/px4_msgs/msg/detail/gimbal_manager_set_manual_control__functions.h\n'}
[1.614756] (px4_msgs) StdoutLine: {'line': b'-- Up-to-date symlink: /home/carlos/ros2_ws/install/px4_msgs/include/px4_msgs/px4_msgs/msg/detail/gimbal_manager_set_manual_control__struct.h\n'}
[1.614841] (px4_msgs) StdoutLine: {'line': b'-- Up-to-date symlink: /home/carlos/ros2_ws/install/px4_msgs/include/px4_msgs/px4_msgs/msg/detail/gimbal_manager_set_manual_control__type_support.h\n'}
[1.614926] (px4_msgs) StdoutLine: {'line': b'-- Up-to-date symlink: /home/carlos/ros2_ws/install/px4_msgs/include/px4_msgs/px4_msgs/msg/detail/gimbal_manager_status__functions.h\n'}
[1.615011] (px4_msgs) StdoutLine: {'line': b'-- Up-to-date symlink: /home/carlos/ros2_ws/install/px4_msgs/include/px4_msgs/px4_msgs/msg/detail/gimbal_manager_status__struct.h\n'}
[1.615094] (px4_msgs) StdoutLine: {'line': b'-- Up-to-date symlink: /home/carlos/ros2_ws/install/px4_msgs/include/px4_msgs/px4_msgs/msg/detail/gimbal_manager_status__type_support.h\n'}
[1.615179] (px4_msgs) StdoutLine: {'line': b'-- Up-to-date symlink: /home/carlos/ros2_ws/install/px4_msgs/include/px4_msgs/px4_msgs/msg/detail/goto_setpoint__functions.h\n'}
[1.615264] (px4_msgs) StdoutLine: {'line': b'-- Up-to-date symlink: /home/carlos/ros2_ws/install/px4_msgs/include/px4_msgs/px4_msgs/msg/detail/goto_setpoint__struct.h\n'}
[1.615349] (px4_msgs) StdoutLine: {'line': b'-- Up-to-date symlink: /home/carlos/ros2_ws/install/px4_msgs/include/px4_msgs/px4_msgs/msg/detail/goto_setpoint__type_support.h\n'}
[1.615437] (px4_msgs) StdoutLine: {'line': b'-- Up-to-date symlink: /home/carlos/ros2_ws/install/px4_msgs/include/px4_msgs/px4_msgs/msg/detail/gpio_config__functions.h\n'}
[1.615526] (px4_msgs) StdoutLine: {'line': b'-- Up-to-date symlink: /home/carlos/ros2_ws/install/px4_msgs/include/px4_msgs/px4_msgs/msg/detail/gpio_config__struct.h\n'}
[1.615610] (px4_msgs) StdoutLine: {'line': b'-- Up-to-date symlink: /home/carlos/ros2_ws/install/px4_msgs/include/px4_msgs/px4_msgs/msg/detail/gpio_config__type_support.h\n'}
[1.615695] (px4_msgs) StdoutLine: {'line': b'-- Up-to-date symlink: /home/carlos/ros2_ws/install/px4_msgs/include/px4_msgs/px4_msgs/msg/detail/gpio_in__functions.h\n'}
[1.615778] (px4_msgs) StdoutLine: {'line': b'-- Up-to-date symlink: /home/carlos/ros2_ws/install/px4_msgs/include/px4_msgs/px4_msgs/msg/detail/gpio_in__struct.h\n'}
[1.615862] (px4_msgs) StdoutLine: {'line': b'-- Up-to-date symlink: /home/carlos/ros2_ws/install/px4_msgs/include/px4_msgs/px4_msgs/msg/detail/gpio_in__type_support.h\n'}
[1.615946] (px4_msgs) StdoutLine: {'line': b'-- Up-to-date symlink: /home/carlos/ros2_ws/install/px4_msgs/include/px4_msgs/px4_msgs/msg/detail/gpio_out__functions.h\n'}
[1.616031] (px4_msgs) StdoutLine: {'line': b'-- Up-to-date symlink: /home/carlos/ros2_ws/install/px4_msgs/include/px4_msgs/px4_msgs/msg/detail/gpio_out__struct.h\n'}
[1.616115] (px4_msgs) StdoutLine: {'line': b'-- Up-to-date symlink: /home/carlos/ros2_ws/install/px4_msgs/include/px4_msgs/px4_msgs/msg/detail/gpio_out__type_support.h\n'}
[1.616199] (px4_msgs) StdoutLine: {'line': b'-- Up-to-date symlink: /home/carlos/ros2_ws/install/px4_msgs/include/px4_msgs/px4_msgs/msg/detail/gpio_request__functions.h\n'}
[1.616283] (px4_msgs) StdoutLine: {'line': b'-- Up-to-date symlink: /home/carlos/ros2_ws/install/px4_msgs/include/px4_msgs/px4_msgs/msg/detail/gpio_request__struct.h\n'}
[1.616367] (px4_msgs) StdoutLine: {'line': b'-- Up-to-date symlink: /home/carlos/ros2_ws/install/px4_msgs/include/px4_msgs/px4_msgs/msg/detail/gpio_request__type_support.h\n'}
[1.616458] (px4_msgs) StdoutLine: {'line': b'-- Up-to-date symlink: /home/carlos/ros2_ws/install/px4_msgs/include/px4_msgs/px4_msgs/msg/detail/gps_dump__functions.h\n'}
[1.616548] (px4_msgs) StdoutLine: {'line': b'-- Up-to-date symlink: /home/carlos/ros2_ws/install/px4_msgs/include/px4_msgs/px4_msgs/msg/detail/gps_dump__struct.h\n'}
[1.616632] (px4_msgs) StdoutLine: {'line': b'-- Up-to-date symlink: /home/carlos/ros2_ws/install/px4_msgs/include/px4_msgs/px4_msgs/msg/detail/gps_dump__type_support.h\n'}
[1.616716] (px4_msgs) StdoutLine: {'line': b'-- Up-to-date symlink: /home/carlos/ros2_ws/install/px4_msgs/include/px4_msgs/px4_msgs/msg/detail/gps_inject_data__functions.h\n'}
[1.616800] (px4_msgs) StdoutLine: {'line': b'-- Up-to-date symlink: /home/carlos/ros2_ws/install/px4_msgs/include/px4_msgs/px4_msgs/msg/detail/gps_inject_data__struct.h\n'}
[1.616885] (px4_msgs) StdoutLine: {'line': b'-- Up-to-date symlink: /home/carlos/ros2_ws/install/px4_msgs/include/px4_msgs/px4_msgs/msg/detail/gps_inject_data__type_support.h\n'}
[1.616970] (px4_msgs) StdoutLine: {'line': b'-- Up-to-date symlink: /home/carlos/ros2_ws/install/px4_msgs/include/px4_msgs/px4_msgs/msg/detail/gripper__functions.h\n'}
[1.617053] (px4_msgs) StdoutLine: {'line': b'-- Up-to-date symlink: /home/carlos/ros2_ws/install/px4_msgs/include/px4_msgs/px4_msgs/msg/detail/gripper__struct.h\n'}
[1.617142] (px4_msgs) StdoutLine: {'line': b'-- Up-to-date symlink: /home/carlos/ros2_ws/install/px4_msgs/include/px4_msgs/px4_msgs/msg/detail/gripper__type_support.h\n'}
[1.617227] (px4_msgs) StdoutLine: {'line': b'-- Up-to-date symlink: /home/carlos/ros2_ws/install/px4_msgs/include/px4_msgs/px4_msgs/msg/detail/health_report__functions.h\n'}
[1.617314] (px4_msgs) StdoutLine: {'line': b'-- Up-to-date symlink: /home/carlos/ros2_ws/install/px4_msgs/include/px4_msgs/px4_msgs/msg/detail/health_report__struct.h\n'}
[1.617396] (px4_msgs) StdoutLine: {'line': b'-- Up-to-date symlink: /home/carlos/ros2_ws/install/px4_msgs/include/px4_msgs/px4_msgs/msg/detail/health_report__type_support.h\n'}
[1.617493] (px4_msgs) StdoutLine: {'line': b'-- Up-to-date symlink: /home/carlos/ros2_ws/install/px4_msgs/include/px4_msgs/px4_msgs/msg/detail/heater_status__functions.h\n'}
[1.617576] (px4_msgs) StdoutLine: {'line': b'-- Up-to-date symlink: /home/carlos/ros2_ws/install/px4_msgs/include/px4_msgs/px4_msgs/msg/detail/heater_status__struct.h\n'}
[1.617661] (px4_msgs) StdoutLine: {'line': b'-- Up-to-date symlink: /home/carlos/ros2_ws/install/px4_msgs/include/px4_msgs/px4_msgs/msg/detail/heater_status__type_support.h\n'}
[1.617746] (px4_msgs) StdoutLine: {'line': b'-- Up-to-date symlink: /home/carlos/ros2_ws/install/px4_msgs/include/px4_msgs/px4_msgs/msg/detail/home_position__functions.h\n'}
[1.617830] (px4_msgs) StdoutLine: {'line': b'-- Up-to-date symlink: /home/carlos/ros2_ws/install/px4_msgs/include/px4_msgs/px4_msgs/msg/detail/home_position__struct.h\n'}
[1.617915] (px4_msgs) StdoutLine: {'line': b'-- Up-to-date symlink: /home/carlos/ros2_ws/install/px4_msgs/include/px4_msgs/px4_msgs/msg/detail/home_position__type_support.h\n'}
[1.617998] (px4_msgs) StdoutLine: {'line': b'-- Up-to-date symlink: /home/carlos/ros2_ws/install/px4_msgs/include/px4_msgs/px4_msgs/msg/detail/hover_thrust_estimate__functions.h\n'}
[1.618082] (px4_msgs) StdoutLine: {'line': b'-- Up-to-date symlink: /home/carlos/ros2_ws/install/px4_msgs/include/px4_msgs/px4_msgs/msg/detail/hover_thrust_estimate__struct.h\n'}
[1.618166] (px4_msgs) StdoutLine: {'line': b'-- Up-to-date symlink: /home/carlos/ros2_ws/install/px4_msgs/include/px4_msgs/px4_msgs/msg/detail/hover_thrust_estimate__type_support.h\n'}
[1.618250] (px4_msgs) StdoutLine: {'line': b'-- Up-to-date symlink: /home/carlos/ros2_ws/install/px4_msgs/include/px4_msgs/px4_msgs/msg/detail/input_rc__functions.h\n'}
[1.618332] (px4_msgs) StdoutLine: {'line': b'-- Up-to-date symlink: /home/carlos/ros2_ws/install/px4_msgs/include/px4_msgs/px4_msgs/msg/detail/input_rc__struct.h\n'}
[1.618416] (px4_msgs) StdoutLine: {'line': b'-- Up-to-date symlink: /home/carlos/ros2_ws/install/px4_msgs/include/px4_msgs/px4_msgs/msg/detail/input_rc__type_support.h\n'}
[1.618509] (px4_msgs) StdoutLine: {'line': b'-- Up-to-date symlink: /home/carlos/ros2_ws/install/px4_msgs/include/px4_msgs/px4_msgs/msg/detail/internal_combustion_engine_control__functions.h\n'}
[1.618594] (px4_msgs) StdoutLine: {'line': b'-- Up-to-date symlink: /home/carlos/ros2_ws/install/px4_msgs/include/px4_msgs/px4_msgs/msg/detail/internal_combustion_engine_control__struct.h\n'}
[1.618680] (px4_msgs) StdoutLine: {'line': b'-- Up-to-date symlink: /home/carlos/ros2_ws/install/px4_msgs/include/px4_msgs/px4_msgs/msg/detail/internal_combustion_engine_control__type_support.h\n'}
[1.618765] (px4_msgs) StdoutLine: {'line': b'-- Up-to-date symlink: /home/carlos/ros2_ws/install/px4_msgs/include/px4_msgs/px4_msgs/msg/detail/internal_combustion_engine_status__functions.h\n'}
[1.618851] (px4_msgs) StdoutLine: {'line': b'-- Up-to-date symlink: /home/carlos/ros2_ws/install/px4_msgs/include/px4_msgs/px4_msgs/msg/detail/internal_combustion_engine_status__struct.h\n'}
[1.618937] (px4_msgs) StdoutLine: {'line': b'-- Up-to-date symlink: /home/carlos/ros2_ws/install/px4_msgs/include/px4_msgs/px4_msgs/msg/detail/internal_combustion_engine_status__type_support.h\n'}
[1.619029] (px4_msgs) StdoutLine: {'line': b'-- Up-to-date symlink: /home/carlos/ros2_ws/install/px4_msgs/include/px4_msgs/px4_msgs/msg/detail/iridiumsbd_status__functions.h\n'}
[1.619112] (px4_msgs) StdoutLine: {'line': b'-- Up-to-date symlink: /home/carlos/ros2_ws/install/px4_msgs/include/px4_msgs/px4_msgs/msg/detail/iridiumsbd_status__struct.h\n'}
[1.619200] (px4_msgs) StdoutLine: {'line': b'-- Up-to-date symlink: /home/carlos/ros2_ws/install/px4_msgs/include/px4_msgs/px4_msgs/msg/detail/iridiumsbd_status__type_support.h\n'}
[1.619284] (px4_msgs) StdoutLine: {'line': b'-- Up-to-date symlink: /home/carlos/ros2_ws/install/px4_msgs/include/px4_msgs/px4_msgs/msg/detail/irlock_report__functions.h\n'}
[1.619369] (px4_msgs) StdoutLine: {'line': b'-- Up-to-date symlink: /home/carlos/ros2_ws/install/px4_msgs/include/px4_msgs/px4_msgs/msg/detail/irlock_report__struct.h\n'}
[1.619463] (px4_msgs) StdoutLine: {'line': b'-- Up-to-date symlink: /home/carlos/ros2_ws/install/px4_msgs/include/px4_msgs/px4_msgs/msg/detail/irlock_report__type_support.h\n'}
[1.619550] (px4_msgs) StdoutLine: {'line': b'-- Up-to-date symlink: /home/carlos/ros2_ws/install/px4_msgs/include/px4_msgs/px4_msgs/msg/detail/landing_gear__functions.h\n'}
[1.619634] (px4_msgs) StdoutLine: {'line': b'-- Up-to-date symlink: /home/carlos/ros2_ws/install/px4_msgs/include/px4_msgs/px4_msgs/msg/detail/landing_gear__struct.h\n'}
[1.619718] (px4_msgs) StdoutLine: {'line': b'-- Up-to-date symlink: /home/carlos/ros2_ws/install/px4_msgs/include/px4_msgs/px4_msgs/msg/detail/landing_gear__type_support.h\n'}
[1.619802] (px4_msgs) StdoutLine: {'line': b'-- Up-to-date symlink: /home/carlos/ros2_ws/install/px4_msgs/include/px4_msgs/px4_msgs/msg/detail/landing_gear_wheel__functions.h\n'}
[1.619887] (px4_msgs) StdoutLine: {'line': b'-- Up-to-date symlink: /home/carlos/ros2_ws/install/px4_msgs/include/px4_msgs/px4_msgs/msg/detail/landing_gear_wheel__struct.h\n'}
[1.619971] (px4_msgs) StdoutLine: {'line': b'-- Up-to-date symlink: /home/carlos/ros2_ws/install/px4_msgs/include/px4_msgs/px4_msgs/msg/detail/landing_gear_wheel__type_support.h\n'}
[1.620056] (px4_msgs) StdoutLine: {'line': b'-- Up-to-date symlink: /home/carlos/ros2_ws/install/px4_msgs/include/px4_msgs/px4_msgs/msg/detail/landing_target_innovations__functions.h\n'}
[1.620140] (px4_msgs) StdoutLine: {'line': b'-- Up-to-date symlink: /home/carlos/ros2_ws/install/px4_msgs/include/px4_msgs/px4_msgs/msg/detail/landing_target_innovations__struct.h\n'}
[1.620224] (px4_msgs) StdoutLine: {'line': b'-- Up-to-date symlink: /home/carlos/ros2_ws/install/px4_msgs/include/px4_msgs/px4_msgs/msg/detail/landing_target_innovations__type_support.h\n'}
[1.620308] (px4_msgs) StdoutLine: {'line': b'-- Up-to-date symlink: /home/carlos/ros2_ws/install/px4_msgs/include/px4_msgs/px4_msgs/msg/detail/landing_target_pose__functions.h\n'}
[1.620397] (px4_msgs) StdoutLine: {'line': b'-- Up-to-date symlink: /home/carlos/ros2_ws/install/px4_msgs/include/px4_msgs/px4_msgs/msg/detail/landing_target_pose__struct.h\n'}
[1.620489] (px4_msgs) StdoutLine: {'line': b'-- Up-to-date symlink: /home/carlos/ros2_ws/install/px4_msgs/include/px4_msgs/px4_msgs/msg/detail/landing_target_pose__type_support.h\n'}
[1.620574] (px4_msgs) StdoutLine: {'line': b'-- Up-to-date symlink: /home/carlos/ros2_ws/install/px4_msgs/include/px4_msgs/px4_msgs/msg/detail/lateral_control_configuration__functions.h\n'}
[1.620658] (px4_msgs) StdoutLine: {'line': b'-- Up-to-date symlink: /home/carlos/ros2_ws/install/px4_msgs/include/px4_msgs/px4_msgs/msg/detail/lateral_control_configuration__struct.h\n'}
[1.620743] (px4_msgs) StdoutLine: {'line': b'-- Up-to-date symlink: /home/carlos/ros2_ws/install/px4_msgs/include/px4_msgs/px4_msgs/msg/detail/lateral_control_configuration__type_support.h\n'}
[1.620831] (px4_msgs) StdoutLine: {'line': b'-- Up-to-date symlink: /home/carlos/ros2_ws/install/px4_msgs/include/px4_msgs/px4_msgs/msg/detail/launch_detection_status__functions.h\n'}
[1.620915] (px4_msgs) StdoutLine: {'line': b'-- Up-to-date symlink: /home/carlos/ros2_ws/install/px4_msgs/include/px4_msgs/px4_msgs/msg/detail/launch_detection_status__struct.h\n'}
[1.621000] (px4_msgs) StdoutLine: {'line': b'-- Up-to-date symlink: /home/carlos/ros2_ws/install/px4_msgs/include/px4_msgs/px4_msgs/msg/detail/launch_detection_status__type_support.h\n'}
[1.621085] (px4_msgs) StdoutLine: {'line': b'-- Up-to-date symlink: /home/carlos/ros2_ws/install/px4_msgs/include/px4_msgs/px4_msgs/msg/detail/led_control__functions.h\n'}
[1.621170] (px4_msgs) StdoutLine: {'line': b'-- Up-to-date symlink: /home/carlos/ros2_ws/install/px4_msgs/include/px4_msgs/px4_msgs/msg/detail/led_control__struct.h\n'}
[1.621253] (px4_msgs) StdoutLine: {'line': b'-- Up-to-date symlink: /home/carlos/ros2_ws/install/px4_msgs/include/px4_msgs/px4_msgs/msg/detail/led_control__type_support.h\n'}
[1.621337] (px4_msgs) StdoutLine: {'line': b'-- Up-to-date symlink: /home/carlos/ros2_ws/install/px4_msgs/include/px4_msgs/px4_msgs/msg/detail/log_message__functions.h\n'}
[1.621420] (px4_msgs) StdoutLine: {'line': b'-- Up-to-date symlink: /home/carlos/ros2_ws/install/px4_msgs/include/px4_msgs/px4_msgs/msg/detail/log_message__struct.h\n'}
[1.621511] (px4_msgs) StdoutLine: {'line': b'-- Up-to-date symlink: /home/carlos/ros2_ws/install/px4_msgs/include/px4_msgs/px4_msgs/msg/detail/log_message__type_support.h\n'}
[1.621595] (px4_msgs) StdoutLine: {'line': b'-- Up-to-date symlink: /home/carlos/ros2_ws/install/px4_msgs/include/px4_msgs/px4_msgs/msg/detail/logger_status__functions.h\n'}
[1.621679] (px4_msgs) StdoutLine: {'line': b'-- Up-to-date symlink: /home/carlos/ros2_ws/install/px4_msgs/include/px4_msgs/px4_msgs/msg/detail/logger_status__struct.h\n'}
[1.621762] (px4_msgs) StdoutLine: {'line': b'-- Up-to-date symlink: /home/carlos/ros2_ws/install/px4_msgs/include/px4_msgs/px4_msgs/msg/detail/logger_status__type_support.h\n'}
[1.621847] (px4_msgs) StdoutLine: {'line': b'-- Up-to-date symlink: /home/carlos/ros2_ws/install/px4_msgs/include/px4_msgs/px4_msgs/msg/detail/longitudinal_control_configuration__functions.h\n'}
[1.621932] (px4_msgs) StdoutLine: {'line': b'-- Up-to-date symlink: /home/carlos/ros2_ws/install/px4_msgs/include/px4_msgs/px4_msgs/msg/detail/longitudinal_control_configuration__struct.h\n'}
[1.622017] (px4_msgs) StdoutLine: {'line': b'-- Up-to-date symlink: /home/carlos/ros2_ws/install/px4_msgs/include/px4_msgs/px4_msgs/msg/detail/longitudinal_control_configuration__type_support.h\n'}
[1.622101] (px4_msgs) StdoutLine: {'line': b'-- Up-to-date symlink: /home/carlos/ros2_ws/install/px4_msgs/include/px4_msgs/px4_msgs/msg/detail/mag_worker_data__functions.h\n'}
[1.622185] (px4_msgs) StdoutLine: {'line': b'-- Up-to-date symlink: /home/carlos/ros2_ws/install/px4_msgs/include/px4_msgs/px4_msgs/msg/detail/mag_worker_data__struct.h\n'}
[1.622271] (px4_msgs) StdoutLine: {'line': b'-- Up-to-date symlink: /home/carlos/ros2_ws/install/px4_msgs/include/px4_msgs/px4_msgs/msg/detail/mag_worker_data__type_support.h\n'}
[1.622367] (px4_msgs) StdoutLine: {'line': b'-- Up-to-date symlink: /home/carlos/ros2_ws/install/px4_msgs/include/px4_msgs/px4_msgs/msg/detail/magnetometer_bias_estimate__functions.h\n'}
[1.622453] (px4_msgs) StdoutLine: {'line': b'-- Up-to-date symlink: /home/carlos/ros2_ws/install/px4_msgs/include/px4_msgs/px4_msgs/msg/detail/magnetometer_bias_estimate__struct.h\n'}
[1.622542] (px4_msgs) StdoutLine: {'line': b'-- Up-to-date symlink: /home/carlos/ros2_ws/install/px4_msgs/include/px4_msgs/px4_msgs/msg/detail/magnetometer_bias_estimate__type_support.h\n'}
[1.622627] (px4_msgs) StdoutLine: {'line': b'-- Up-to-date symlink: /home/carlos/ros2_ws/install/px4_msgs/include/px4_msgs/px4_msgs/msg/detail/manual_control_setpoint__functions.h\n'}
[1.622712] (px4_msgs) StdoutLine: {'line': b'-- Up-to-date symlink: /home/carlos/ros2_ws/install/px4_msgs/include/px4_msgs/px4_msgs/msg/detail/manual_control_setpoint__struct.h\n'}
[1.622797] (px4_msgs) StdoutLine: {'line': b'-- Up-to-date symlink: /home/carlos/ros2_ws/install/px4_msgs/include/px4_msgs/px4_msgs/msg/detail/manual_control_setpoint__type_support.h\n'}
[1.622882] (px4_msgs) StdoutLine: {'line': b'-- Up-to-date symlink: /home/carlos/ros2_ws/install/px4_msgs/include/px4_msgs/px4_msgs/msg/detail/manual_control_switches__functions.h\n'}
[1.622966] (px4_msgs) StdoutLine: {'line': b'-- Up-to-date symlink: /home/carlos/ros2_ws/install/px4_msgs/include/px4_msgs/px4_msgs/msg/detail/manual_control_switches__struct.h\n'}
[1.623051] (px4_msgs) StdoutLine: {'line': b'-- Up-to-date symlink: /home/carlos/ros2_ws/install/px4_msgs/include/px4_msgs/px4_msgs/msg/detail/manual_control_switches__type_support.h\n'}
[1.623136] (px4_msgs) StdoutLine: {'line': b'-- Up-to-date symlink: /home/carlos/ros2_ws/install/px4_msgs/include/px4_msgs/px4_msgs/msg/detail/mavlink_log__functions.h\n'}
[1.623220] (px4_msgs) StdoutLine: {'line': b'-- Up-to-date symlink: /home/carlos/ros2_ws/install/px4_msgs/include/px4_msgs/px4_msgs/msg/detail/mavlink_log__struct.h\n'}
[1.623304] (px4_msgs) StdoutLine: {'line': b'-- Up-to-date symlink: /home/carlos/ros2_ws/install/px4_msgs/include/px4_msgs/px4_msgs/msg/detail/mavlink_log__type_support.h\n'}
[1.623388] (px4_msgs) StdoutLine: {'line': b'-- Up-to-date symlink: /home/carlos/ros2_ws/install/px4_msgs/include/px4_msgs/px4_msgs/msg/detail/mavlink_tunnel__functions.h\n'}
[1.623477] (px4_msgs) StdoutLine: {'line': b'-- Up-to-date symlink: /home/carlos/ros2_ws/install/px4_msgs/include/px4_msgs/px4_msgs/msg/detail/mavlink_tunnel__struct.h\n'}
[1.623563] (px4_msgs) StdoutLine: {'line': b'-- Up-to-date symlink: /home/carlos/ros2_ws/install/px4_msgs/include/px4_msgs/px4_msgs/msg/detail/mavlink_tunnel__type_support.h\n'}
[1.623652] (px4_msgs) StdoutLine: {'line': b'-- Up-to-date symlink: /home/carlos/ros2_ws/install/px4_msgs/include/px4_msgs/px4_msgs/msg/detail/message_format_request__functions.h\n'}
[1.623738] (px4_msgs) StdoutLine: {'line': b'-- Up-to-date symlink: /home/carlos/ros2_ws/install/px4_msgs/include/px4_msgs/px4_msgs/msg/detail/message_format_request__struct.h\n'}
[1.623822] (px4_msgs) StdoutLine: {'line': b'-- Up-to-date symlink: /home/carlos/ros2_ws/install/px4_msgs/include/px4_msgs/px4_msgs/msg/detail/message_format_request__type_support.h\n'}
[1.623907] (px4_msgs) StdoutLine: {'line': b'-- Up-to-date symlink: /home/carlos/ros2_ws/install/px4_msgs/include/px4_msgs/px4_msgs/msg/detail/message_format_response__functions.h\n'}
[1.623990] (px4_msgs) StdoutLine: {'line': b'-- Up-to-date symlink: /home/carlos/ros2_ws/install/px4_msgs/include/px4_msgs/px4_msgs/msg/detail/message_format_response__struct.h\n'}
[1.624074] (px4_msgs) StdoutLine: {'line': b'-- Up-to-date symlink: /home/carlos/ros2_ws/install/px4_msgs/include/px4_msgs/px4_msgs/msg/detail/message_format_response__type_support.h\n'}
[1.624159] (px4_msgs) StdoutLine: {'line': b'-- Up-to-date symlink: /home/carlos/ros2_ws/install/px4_msgs/include/px4_msgs/px4_msgs/msg/detail/mission__functions.h\n'}
[1.624245] (px4_msgs) StdoutLine: {'line': b'-- Up-to-date symlink: /home/carlos/ros2_ws/install/px4_msgs/include/px4_msgs/px4_msgs/msg/detail/mission__struct.h\n'}
[1.624327] (px4_msgs) StdoutLine: {'line': b'-- Up-to-date symlink: /home/carlos/ros2_ws/install/px4_msgs/include/px4_msgs/px4_msgs/msg/detail/mission__type_support.h\n'}
[1.624411] (px4_msgs) StdoutLine: {'line': b'-- Up-to-date symlink: /home/carlos/ros2_ws/install/px4_msgs/include/px4_msgs/px4_msgs/msg/detail/mission_result__functions.h\n'}
[1.624507] (px4_msgs) StdoutLine: {'line': b'-- Up-to-date symlink: /home/carlos/ros2_ws/install/px4_msgs/include/px4_msgs/px4_msgs/msg/detail/mission_result__struct.h\n'}
[1.624592] (px4_msgs) StdoutLine: {'line': b'-- Up-to-date symlink: /home/carlos/ros2_ws/install/px4_msgs/include/px4_msgs/px4_msgs/msg/detail/mission_result__type_support.h\n'}
[1.624675] (px4_msgs) StdoutLine: {'line': b'-- Up-to-date symlink: /home/carlos/ros2_ws/install/px4_msgs/include/px4_msgs/px4_msgs/msg/detail/mode_completed__functions.h\n'}
[1.624759] (px4_msgs) StdoutLine: {'line': b'-- Up-to-date symlink: /home/carlos/ros2_ws/install/px4_msgs/include/px4_msgs/px4_msgs/msg/detail/mode_completed__struct.h\n'}
[1.624844] (px4_msgs) StdoutLine: {'line': b'-- Up-to-date symlink: /home/carlos/ros2_ws/install/px4_msgs/include/px4_msgs/px4_msgs/msg/detail/mode_completed__type_support.h\n'}
[1.624927] (px4_msgs) StdoutLine: {'line': b'-- Up-to-date symlink: /home/carlos/ros2_ws/install/px4_msgs/include/px4_msgs/px4_msgs/msg/detail/mount_orientation__functions.h\n'}
[1.625012] (px4_msgs) StdoutLine: {'line': b'-- Up-to-date symlink: /home/carlos/ros2_ws/install/px4_msgs/include/px4_msgs/px4_msgs/msg/detail/mount_orientation__struct.h\n'}
[1.625095] (px4_msgs) StdoutLine: {'line': b'-- Up-to-date symlink: /home/carlos/ros2_ws/install/px4_msgs/include/px4_msgs/px4_msgs/msg/detail/mount_orientation__type_support.h\n'}
[1.625179] (px4_msgs) StdoutLine: {'line': b'-- Up-to-date symlink: /home/carlos/ros2_ws/install/px4_msgs/include/px4_msgs/px4_msgs/msg/detail/navigator_mission_item__functions.h\n'}
[1.625264] (px4_msgs) StdoutLine: {'line': b'-- Up-to-date symlink: /home/carlos/ros2_ws/install/px4_msgs/include/px4_msgs/px4_msgs/msg/detail/navigator_mission_item__struct.h\n'}
[1.625348] (px4_msgs) StdoutLine: {'line': b'-- Up-to-date symlink: /home/carlos/ros2_ws/install/px4_msgs/include/px4_msgs/px4_msgs/msg/detail/navigator_mission_item__type_support.h\n'}
[1.625437] (px4_msgs) StdoutLine: {'line': b'-- Up-to-date symlink: /home/carlos/ros2_ws/install/px4_msgs/include/px4_msgs/px4_msgs/msg/detail/navigator_status__functions.h\n'}
[1.625524] (px4_msgs) StdoutLine: {'line': b'-- Up-to-date symlink: /home/carlos/ros2_ws/install/px4_msgs/include/px4_msgs/px4_msgs/msg/detail/navigator_status__struct.h\n'}
[1.625607] (px4_msgs) StdoutLine: {'line': b'-- Up-to-date symlink: /home/carlos/ros2_ws/install/px4_msgs/include/px4_msgs/px4_msgs/msg/detail/navigator_status__type_support.h\n'}
[1.625691] (px4_msgs) StdoutLine: {'line': b'-- Up-to-date symlink: /home/carlos/ros2_ws/install/px4_msgs/include/px4_msgs/px4_msgs/msg/detail/neural_control__functions.h\n'}
[1.625776] (px4_msgs) StdoutLine: {'line': b'-- Up-to-date symlink: /home/carlos/ros2_ws/install/px4_msgs/include/px4_msgs/px4_msgs/msg/detail/neural_control__struct.h\n'}
[1.625861] (px4_msgs) StdoutLine: {'line': b'-- Up-to-date symlink: /home/carlos/ros2_ws/install/px4_msgs/include/px4_msgs/px4_msgs/msg/detail/neural_control__type_support.h\n'}
[1.625946] (px4_msgs) StdoutLine: {'line': b'-- Up-to-date symlink: /home/carlos/ros2_ws/install/px4_msgs/include/px4_msgs/px4_msgs/msg/detail/normalized_unsigned_setpoint__functions.h\n'}
[1.626031] (px4_msgs) StdoutLine: {'line': b'-- Up-to-date symlink: /home/carlos/ros2_ws/install/px4_msgs/include/px4_msgs/px4_msgs/msg/detail/normalized_unsigned_setpoint__struct.h\n'}
[1.626116] (px4_msgs) StdoutLine: {'line': b'-- Up-to-date symlink: /home/carlos/ros2_ws/install/px4_msgs/include/px4_msgs/px4_msgs/msg/detail/normalized_unsigned_setpoint__type_support.h\n'}
[1.626200] (px4_msgs) StdoutLine: {'line': b'-- Up-to-date symlink: /home/carlos/ros2_ws/install/px4_msgs/include/px4_msgs/px4_msgs/msg/detail/obstacle_distance__functions.h\n'}
[1.626285] (px4_msgs) StdoutLine: {'line': b'-- Up-to-date symlink: /home/carlos/ros2_ws/install/px4_msgs/include/px4_msgs/px4_msgs/msg/detail/obstacle_distance__struct.h\n'}
[1.626370] (px4_msgs) StdoutLine: {'line': b'-- Up-to-date symlink: /home/carlos/ros2_ws/install/px4_msgs/include/px4_msgs/px4_msgs/msg/detail/obstacle_distance__type_support.h\n'}
[1.626461] (px4_msgs) StdoutLine: {'line': b'-- Up-to-date symlink: /home/carlos/ros2_ws/install/px4_msgs/include/px4_msgs/px4_msgs/msg/detail/offboard_control_mode__functions.h\n'}
[1.626548] (px4_msgs) StdoutLine: {'line': b'-- Up-to-date symlink: /home/carlos/ros2_ws/install/px4_msgs/include/px4_msgs/px4_msgs/msg/detail/offboard_control_mode__struct.h\n'}
[1.626633] (px4_msgs) StdoutLine: {'line': b'-- Up-to-date symlink: /home/carlos/ros2_ws/install/px4_msgs/include/px4_msgs/px4_msgs/msg/detail/offboard_control_mode__type_support.h\n'}
[1.626719] (px4_msgs) StdoutLine: {'line': b'-- Up-to-date symlink: /home/carlos/ros2_ws/install/px4_msgs/include/px4_msgs/px4_msgs/msg/detail/onboard_computer_status__functions.h\n'}
[1.626802] (px4_msgs) StdoutLine: {'line': b'-- Up-to-date symlink: /home/carlos/ros2_ws/install/px4_msgs/include/px4_msgs/px4_msgs/msg/detail/onboard_computer_status__struct.h\n'}
[1.626892] (px4_msgs) StdoutLine: {'line': b'-- Up-to-date symlink: /home/carlos/ros2_ws/install/px4_msgs/include/px4_msgs/px4_msgs/msg/detail/onboard_computer_status__type_support.h\n'}
[1.626976] (px4_msgs) StdoutLine: {'line': b'-- Up-to-date symlink: /home/carlos/ros2_ws/install/px4_msgs/include/px4_msgs/px4_msgs/msg/detail/open_drone_id_arm_status__functions.h\n'}
[1.627060] (px4_msgs) StdoutLine: {'line': b'-- Up-to-date symlink: /home/carlos/ros2_ws/install/px4_msgs/include/px4_msgs/px4_msgs/msg/detail/open_drone_id_arm_status__struct.h\n'}
[1.627144] (px4_msgs) StdoutLine: {'line': b'-- Up-to-date symlink: /home/carlos/ros2_ws/install/px4_msgs/include/px4_msgs/px4_msgs/msg/detail/open_drone_id_arm_status__type_support.h\n'}
[1.627236] (px4_msgs) StdoutLine: {'line': b'-- Up-to-date symlink: /home/carlos/ros2_ws/install/px4_msgs/include/px4_msgs/px4_msgs/msg/detail/open_drone_id_operator_id__functions.h\n'}
[1.627312] (px4_msgs) StdoutLine: {'line': b'-- Up-to-date symlink: /home/carlos/ros2_ws/install/px4_msgs/include/px4_msgs/px4_msgs/msg/detail/open_drone_id_operator_id__struct.h\n'}
[1.627396] (px4_msgs) StdoutLine: {'line': b'-- Up-to-date symlink: /home/carlos/ros2_ws/install/px4_msgs/include/px4_msgs/px4_msgs/msg/detail/open_drone_id_operator_id__type_support.h\n'}
[1.627488] (px4_msgs) StdoutLine: {'line': b'-- Up-to-date symlink: /home/carlos/ros2_ws/install/px4_msgs/include/px4_msgs/px4_msgs/msg/detail/open_drone_id_self_id__functions.h\n'}
[1.627577] (px4_msgs) StdoutLine: {'line': b'-- Up-to-date symlink: /home/carlos/ros2_ws/install/px4_msgs/include/px4_msgs/px4_msgs/msg/detail/open_drone_id_self_id__struct.h\n'}
[1.627660] (px4_msgs) StdoutLine: {'line': b'-- Up-to-date symlink: /home/carlos/ros2_ws/install/px4_msgs/include/px4_msgs/px4_msgs/msg/detail/open_drone_id_self_id__type_support.h\n'}
[1.627744] (px4_msgs) StdoutLine: {'line': b'-- Up-to-date symlink: /home/carlos/ros2_ws/install/px4_msgs/include/px4_msgs/px4_msgs/msg/detail/open_drone_id_system__functions.h\n'}
[1.627828] (px4_msgs) StdoutLine: {'line': b'-- Up-to-date symlink: /home/carlos/ros2_ws/install/px4_msgs/include/px4_msgs/px4_msgs/msg/detail/open_drone_id_system__struct.h\n'}
[1.627911] (px4_msgs) StdoutLine: {'line': b'-- Up-to-date symlink: /home/carlos/ros2_ws/install/px4_msgs/include/px4_msgs/px4_msgs/msg/detail/open_drone_id_system__type_support.h\n'}
[1.627996] (px4_msgs) StdoutLine: {'line': b'-- Up-to-date symlink: /home/carlos/ros2_ws/install/px4_msgs/include/px4_msgs/px4_msgs/msg/detail/orb_test__functions.h\n'}
[1.628080] (px4_msgs) StdoutLine: {'line': b'-- Up-to-date symlink: /home/carlos/ros2_ws/install/px4_msgs/include/px4_msgs/px4_msgs/msg/detail/orb_test__struct.h\n'}
[1.628164] (px4_msgs) StdoutLine: {'line': b'-- Up-to-date symlink: /home/carlos/ros2_ws/install/px4_msgs/include/px4_msgs/px4_msgs/msg/detail/orb_test__type_support.h\n'}
[1.628249] (px4_msgs) StdoutLine: {'line': b'-- Up-to-date symlink: /home/carlos/ros2_ws/install/px4_msgs/include/px4_msgs/px4_msgs/msg/detail/orb_test_large__functions.h\n'}
[1.628333] (px4_msgs) StdoutLine: {'line': b'-- Up-to-date symlink: /home/carlos/ros2_ws/install/px4_msgs/include/px4_msgs/px4_msgs/msg/detail/orb_test_large__struct.h\n'}
[1.628418] (px4_msgs) StdoutLine: {'line': b'-- Up-to-date symlink: /home/carlos/ros2_ws/install/px4_msgs/include/px4_msgs/px4_msgs/msg/detail/orb_test_large__type_support.h\n'}
[1.628514] (px4_msgs) StdoutLine: {'line': b'-- Up-to-date symlink: /home/carlos/ros2_ws/install/px4_msgs/include/px4_msgs/px4_msgs/msg/detail/orb_test_medium__functions.h\n'}
[1.628597] (px4_msgs) StdoutLine: {'line': b'-- Up-to-date symlink: /home/carlos/ros2_ws/install/px4_msgs/include/px4_msgs/px4_msgs/msg/detail/orb_test_medium__struct.h\n'}
[1.628681] (px4_msgs) StdoutLine: {'line': b'-- Up-to-date symlink: /home/carlos/ros2_ws/install/px4_msgs/include/px4_msgs/px4_msgs/msg/detail/orb_test_medium__type_support.h\n'}
[1.628765] (px4_msgs) StdoutLine: {'line': b'-- Up-to-date symlink: /home/carlos/ros2_ws/install/px4_msgs/include/px4_msgs/px4_msgs/msg/detail/orbit_status__functions.h\n'}
[1.628849] (px4_msgs) StdoutLine: {'line': b'-- Up-to-date symlink: /home/carlos/ros2_ws/install/px4_msgs/include/px4_msgs/px4_msgs/msg/detail/orbit_status__struct.h\n'}
[1.628934] (px4_msgs) StdoutLine: {'line': b'-- Up-to-date symlink: /home/carlos/ros2_ws/install/px4_msgs/include/px4_msgs/px4_msgs/msg/detail/orbit_status__type_support.h\n'}
[1.629020] (px4_msgs) StdoutLine: {'line': b'-- Up-to-date symlink: /home/carlos/ros2_ws/install/px4_msgs/include/px4_msgs/px4_msgs/msg/detail/parameter_reset_request__functions.h\n'}
[1.629102] (px4_msgs) StdoutLine: {'line': b'-- Up-to-date symlink: /home/carlos/ros2_ws/install/px4_msgs/include/px4_msgs/px4_msgs/msg/detail/parameter_reset_request__struct.h\n'}
[1.629186] (px4_msgs) StdoutLine: {'line': b'-- Up-to-date symlink: /home/carlos/ros2_ws/install/px4_msgs/include/px4_msgs/px4_msgs/msg/detail/parameter_reset_request__type_support.h\n'}
[1.629270] (px4_msgs) StdoutLine: {'line': b'-- Up-to-date symlink: /home/carlos/ros2_ws/install/px4_msgs/include/px4_msgs/px4_msgs/msg/detail/parameter_set_used_request__functions.h\n'}
[1.629353] (px4_msgs) StdoutLine: {'line': b'-- Up-to-date symlink: /home/carlos/ros2_ws/install/px4_msgs/include/px4_msgs/px4_msgs/msg/detail/parameter_set_used_request__struct.h\n'}
[1.629442] (px4_msgs) StdoutLine: {'line': b'-- Up-to-date symlink: /home/carlos/ros2_ws/install/px4_msgs/include/px4_msgs/px4_msgs/msg/detail/parameter_set_used_request__type_support.h\n'}
[1.629532] (px4_msgs) StdoutLine: {'line': b'-- Up-to-date symlink: /home/carlos/ros2_ws/install/px4_msgs/include/px4_msgs/px4_msgs/msg/detail/parameter_set_value_request__functions.h\n'}
[1.629616] (px4_msgs) StdoutLine: {'line': b'-- Up-to-date symlink: /home/carlos/ros2_ws/install/px4_msgs/include/px4_msgs/px4_msgs/msg/detail/parameter_set_value_request__struct.h\n'}
[1.629701] (px4_msgs) StdoutLine: {'line': b'-- Up-to-date symlink: /home/carlos/ros2_ws/install/px4_msgs/include/px4_msgs/px4_msgs/msg/detail/parameter_set_value_request__type_support.h\n'}
[1.629785] (px4_msgs) StdoutLine: {'line': b'-- Up-to-date symlink: /home/carlos/ros2_ws/install/px4_msgs/include/px4_msgs/px4_msgs/msg/detail/parameter_set_value_response__functions.h\n'}
[1.629869] (px4_msgs) StdoutLine: {'line': b'-- Up-to-date symlink: /home/carlos/ros2_ws/install/px4_msgs/include/px4_msgs/px4_msgs/msg/detail/parameter_set_value_response__struct.h\n'}
[1.629952] (px4_msgs) StdoutLine: {'line': b'-- Up-to-date symlink: /home/carlos/ros2_ws/install/px4_msgs/include/px4_msgs/px4_msgs/msg/detail/parameter_set_value_response__type_support.h\n'}
[1.630037] (px4_msgs) StdoutLine: {'line': b'-- Up-to-date symlink: /home/carlos/ros2_ws/install/px4_msgs/include/px4_msgs/px4_msgs/msg/detail/parameter_update__functions.h\n'}
[1.630131] (px4_msgs) StdoutLine: {'line': b'-- Up-to-date symlink: /home/carlos/ros2_ws/install/px4_msgs/include/px4_msgs/px4_msgs/msg/detail/parameter_update__struct.h\n'}
[1.630220] (px4_msgs) StdoutLine: {'line': b'-- Up-to-date symlink: /home/carlos/ros2_ws/install/px4_msgs/include/px4_msgs/px4_msgs/msg/detail/parameter_update__type_support.h\n'}
[1.630306] (px4_msgs) StdoutLine: {'line': b'-- Up-to-date symlink: /home/carlos/ros2_ws/install/px4_msgs/include/px4_msgs/px4_msgs/msg/detail/ping__functions.h\n'}
[1.630391] (px4_msgs) StdoutLine: {'line': b'-- Up-to-date symlink: /home/carlos/ros2_ws/install/px4_msgs/include/px4_msgs/px4_msgs/msg/detail/ping__struct.h\n'}
[1.630485] (px4_msgs) StdoutLine: {'line': b'-- Up-to-date symlink: /home/carlos/ros2_ws/install/px4_msgs/include/px4_msgs/px4_msgs/msg/detail/ping__type_support.h\n'}
[1.630576] (px4_msgs) StdoutLine: {'line': b'-- Up-to-date symlink: /home/carlos/ros2_ws/install/px4_msgs/include/px4_msgs/px4_msgs/msg/detail/position_controller_landing_status__functions.h\n'}
[1.630662] (px4_msgs) StdoutLine: {'line': b'-- Up-to-date symlink: /home/carlos/ros2_ws/install/px4_msgs/include/px4_msgs/px4_msgs/msg/detail/position_controller_landing_status__struct.h\n'}
[1.630747] (px4_msgs) StdoutLine: {'line': b'-- Up-to-date symlink: /home/carlos/ros2_ws/install/px4_msgs/include/px4_msgs/px4_msgs/msg/detail/position_controller_landing_status__type_support.h\n'}
[1.630832] (px4_msgs) StdoutLine: {'line': b'-- Up-to-date symlink: /home/carlos/ros2_ws/install/px4_msgs/include/px4_msgs/px4_msgs/msg/detail/position_controller_status__functions.h\n'}
[1.630917] (px4_msgs) StdoutLine: {'line': b'-- Up-to-date symlink: /home/carlos/ros2_ws/install/px4_msgs/include/px4_msgs/px4_msgs/msg/detail/position_controller_status__struct.h\n'}
[1.631001] (px4_msgs) StdoutLine: {'line': b'-- Up-to-date symlink: /home/carlos/ros2_ws/install/px4_msgs/include/px4_msgs/px4_msgs/msg/detail/position_controller_status__type_support.h\n'}
[1.631105] (px4_msgs) StdoutLine: {'line': b'-- Up-to-date symlink: /home/carlos/ros2_ws/install/px4_msgs/include/px4_msgs/px4_msgs/msg/detail/position_setpoint__functions.h\n'}
[1.631174] (px4_msgs) StdoutLine: {'line': b'-- Up-to-date symlink: /home/carlos/ros2_ws/install/px4_msgs/include/px4_msgs/px4_msgs/msg/detail/position_setpoint__struct.h\n'}
[1.631260] (px4_msgs) StdoutLine: {'line': b'-- Up-to-date symlink: /home/carlos/ros2_ws/install/px4_msgs/include/px4_msgs/px4_msgs/msg/detail/position_setpoint__type_support.h\n'}
[1.631343] (px4_msgs) StdoutLine: {'line': b'-- Up-to-date symlink: /home/carlos/ros2_ws/install/px4_msgs/include/px4_msgs/px4_msgs/msg/detail/position_setpoint_triplet__functions.h\n'}
[1.631428] (px4_msgs) StdoutLine: {'line': b'-- Up-to-date symlink: /home/carlos/ros2_ws/install/px4_msgs/include/px4_msgs/px4_msgs/msg/detail/position_setpoint_triplet__struct.h\n'}
[1.631520] (px4_msgs) StdoutLine: {'line': b'-- Up-to-date symlink: /home/carlos/ros2_ws/install/px4_msgs/include/px4_msgs/px4_msgs/msg/detail/position_setpoint_triplet__type_support.h\n'}
[1.631604] (px4_msgs) StdoutLine: {'line': b'-- Up-to-date symlink: /home/carlos/ros2_ws/install/px4_msgs/include/px4_msgs/px4_msgs/msg/detail/power_button_state__functions.h\n'}
[1.631690] (px4_msgs) StdoutLine: {'line': b'-- Up-to-date symlink: /home/carlos/ros2_ws/install/px4_msgs/include/px4_msgs/px4_msgs/msg/detail/power_button_state__struct.h\n'}
[1.631774] (px4_msgs) StdoutLine: {'line': b'-- Up-to-date symlink: /home/carlos/ros2_ws/install/px4_msgs/include/px4_msgs/px4_msgs/msg/detail/power_button_state__type_support.h\n'}
[1.631861] (px4_msgs) StdoutLine: {'line': b'-- Up-to-date symlink: /home/carlos/ros2_ws/install/px4_msgs/include/px4_msgs/px4_msgs/msg/detail/power_monitor__functions.h\n'}
[1.631956] (px4_msgs) StdoutLine: {'line': b'-- Up-to-date symlink: /home/carlos/ros2_ws/install/px4_msgs/include/px4_msgs/px4_msgs/msg/detail/power_monitor__struct.h\n'}
[1.632033] (px4_msgs) StdoutLine: {'line': b'-- Up-to-date symlink: /home/carlos/ros2_ws/install/px4_msgs/include/px4_msgs/px4_msgs/msg/detail/power_monitor__type_support.h\n'}
[1.632117] (px4_msgs) StdoutLine: {'line': b'-- Up-to-date symlink: /home/carlos/ros2_ws/install/px4_msgs/include/px4_msgs/px4_msgs/msg/detail/pps_capture__functions.h\n'}
[1.632203] (px4_msgs) StdoutLine: {'line': b'-- Up-to-date symlink: /home/carlos/ros2_ws/install/px4_msgs/include/px4_msgs/px4_msgs/msg/detail/pps_capture__struct.h\n'}
[1.632289] (px4_msgs) StdoutLine: {'line': b'-- Up-to-date symlink: /home/carlos/ros2_ws/install/px4_msgs/include/px4_msgs/px4_msgs/msg/detail/pps_capture__type_support.h\n'}
[1.632375] (px4_msgs) StdoutLine: {'line': b'-- Up-to-date symlink: /home/carlos/ros2_ws/install/px4_msgs/include/px4_msgs/px4_msgs/msg/detail/pure_pursuit_status__functions.h\n'}
[1.632468] (px4_msgs) StdoutLine: {'line': b'-- Up-to-date symlink: /home/carlos/ros2_ws/install/px4_msgs/include/px4_msgs/px4_msgs/msg/detail/pure_pursuit_status__struct.h\n'}
[1.632556] (px4_msgs) StdoutLine: {'line': b'-- Up-to-date symlink: /home/carlos/ros2_ws/install/px4_msgs/include/px4_msgs/px4_msgs/msg/detail/pure_pursuit_status__type_support.h\n'}
[1.632641] (px4_msgs) StdoutLine: {'line': b'-- Up-to-date symlink: /home/carlos/ros2_ws/install/px4_msgs/include/px4_msgs/px4_msgs/msg/detail/pwm_input__functions.h\n'}
[1.632726] (px4_msgs) StdoutLine: {'line': b'-- Up-to-date symlink: /home/carlos/ros2_ws/install/px4_msgs/include/px4_msgs/px4_msgs/msg/detail/pwm_input__struct.h\n'}
[1.632811] (px4_msgs) StdoutLine: {'line': b'-- Up-to-date symlink: /home/carlos/ros2_ws/install/px4_msgs/include/px4_msgs/px4_msgs/msg/detail/pwm_input__type_support.h\n'}
[1.632895] (px4_msgs) StdoutLine: {'line': b'-- Up-to-date symlink: /home/carlos/ros2_ws/install/px4_msgs/include/px4_msgs/px4_msgs/msg/detail/px4io_status__functions.h\n'}
[1.632981] (px4_msgs) StdoutLine: {'line': b'-- Up-to-date symlink: /home/carlos/ros2_ws/install/px4_msgs/include/px4_msgs/px4_msgs/msg/detail/px4io_status__struct.h\n'}
[1.633065] (px4_msgs) StdoutLine: {'line': b'-- Up-to-date symlink: /home/carlos/ros2_ws/install/px4_msgs/include/px4_msgs/px4_msgs/msg/detail/px4io_status__type_support.h\n'}
[1.633150] (px4_msgs) StdoutLine: {'line': b'-- Up-to-date symlink: /home/carlos/ros2_ws/install/px4_msgs/include/px4_msgs/px4_msgs/msg/detail/qshell_req__functions.h\n'}
[1.633234] (px4_msgs) StdoutLine: {'line': b'-- Up-to-date symlink: /home/carlos/ros2_ws/install/px4_msgs/include/px4_msgs/px4_msgs/msg/detail/qshell_req__struct.h\n'}
[1.633318] (px4_msgs) StdoutLine: {'line': b'-- Up-to-date symlink: /home/carlos/ros2_ws/install/px4_msgs/include/px4_msgs/px4_msgs/msg/detail/qshell_req__type_support.h\n'}
[1.633402] (px4_msgs) StdoutLine: {'line': b'-- Up-to-date symlink: /home/carlos/ros2_ws/install/px4_msgs/include/px4_msgs/px4_msgs/msg/detail/qshell_retval__functions.h\n'}
[1.633503] (px4_msgs) StdoutLine: {'line': b'-- Up-to-date symlink: /home/carlos/ros2_ws/install/px4_msgs/include/px4_msgs/px4_msgs/msg/detail/qshell_retval__struct.h\n'}
[1.633587] (px4_msgs) StdoutLine: {'line': b'-- Up-to-date symlink: /home/carlos/ros2_ws/install/px4_msgs/include/px4_msgs/px4_msgs/msg/detail/qshell_retval__type_support.h\n'}
[1.633672] (px4_msgs) StdoutLine: {'line': b'-- Up-to-date symlink: /home/carlos/ros2_ws/install/px4_msgs/include/px4_msgs/px4_msgs/msg/detail/radio_status__functions.h\n'}
[1.633756] (px4_msgs) StdoutLine: {'line': b'-- Up-to-date symlink: /home/carlos/ros2_ws/install/px4_msgs/include/px4_msgs/px4_msgs/msg/detail/radio_status__struct.h\n'}
[1.633841] (px4_msgs) StdoutLine: {'line': b'-- Up-to-date symlink: /home/carlos/ros2_ws/install/px4_msgs/include/px4_msgs/px4_msgs/msg/detail/radio_status__type_support.h\n'}
[1.633928] (px4_msgs) StdoutLine: {'line': b'-- Up-to-date symlink: /home/carlos/ros2_ws/install/px4_msgs/include/px4_msgs/px4_msgs/msg/detail/rate_ctrl_status__functions.h\n'}
[1.634022] (px4_msgs) StdoutLine: {'line': b'-- Up-to-date symlink: /home/carlos/ros2_ws/install/px4_msgs/include/px4_msgs/px4_msgs/msg/detail/rate_ctrl_status__struct.h\n'}
[1.634099] (px4_msgs) StdoutLine: {'line': b'-- Up-to-date symlink: /home/carlos/ros2_ws/install/px4_msgs/include/px4_msgs/px4_msgs/msg/detail/rate_ctrl_status__type_support.h\n'}
[1.634185] (px4_msgs) StdoutLine: {'line': b'-- Up-to-date symlink: /home/carlos/ros2_ws/install/px4_msgs/include/px4_msgs/px4_msgs/msg/detail/rc_channels__functions.h\n'}
[1.634271] (px4_msgs) StdoutLine: {'line': b'-- Up-to-date symlink: /home/carlos/ros2_ws/install/px4_msgs/include/px4_msgs/px4_msgs/msg/detail/rc_channels__struct.h\n'}
[1.634356] (px4_msgs) StdoutLine: {'line': b'-- Up-to-date symlink: /home/carlos/ros2_ws/install/px4_msgs/include/px4_msgs/px4_msgs/msg/detail/rc_channels__type_support.h\n'}
[1.634449] (px4_msgs) StdoutLine: {'line': b'-- Up-to-date symlink: /home/carlos/ros2_ws/install/px4_msgs/include/px4_msgs/px4_msgs/msg/detail/rc_parameter_map__functions.h\n'}
[1.634538] (px4_msgs) StdoutLine: {'line': b'-- Up-to-date symlink: /home/carlos/ros2_ws/install/px4_msgs/include/px4_msgs/px4_msgs/msg/detail/rc_parameter_map__struct.h\n'}
[1.634624] (px4_msgs) StdoutLine: {'line': b'-- Up-to-date symlink: /home/carlos/ros2_ws/install/px4_msgs/include/px4_msgs/px4_msgs/msg/detail/rc_parameter_map__type_support.h\n'}
[1.634710] (px4_msgs) StdoutLine: {'line': b'-- Up-to-date symlink: /home/carlos/ros2_ws/install/px4_msgs/include/px4_msgs/px4_msgs/msg/detail/register_ext_component_reply__functions.h\n'}
[1.634796] (px4_msgs) StdoutLine: {'line': b'-- Up-to-date symlink: /home/carlos/ros2_ws/install/px4_msgs/include/px4_msgs/px4_msgs/msg/detail/register_ext_component_reply__struct.h\n'}
[1.634882] (px4_msgs) StdoutLine: {'line': b'-- Up-to-date symlink: /home/carlos/ros2_ws/install/px4_msgs/include/px4_msgs/px4_msgs/msg/detail/register_ext_component_reply__type_support.h\n'}
[1.634967] (px4_msgs) StdoutLine: {'line': b'-- Up-to-date symlink: /home/carlos/ros2_ws/install/px4_msgs/include/px4_msgs/px4_msgs/msg/detail/register_ext_component_request__functions.h\n'}
[1.635053] (px4_msgs) StdoutLine: {'line': b'-- Up-to-date symlink: /home/carlos/ros2_ws/install/px4_msgs/include/px4_msgs/px4_msgs/msg/detail/register_ext_component_request__struct.h\n'}
[1.635148] (px4_msgs) StdoutLine: {'line': b'-- Up-to-date symlink: /home/carlos/ros2_ws/install/px4_msgs/include/px4_msgs/px4_msgs/msg/detail/register_ext_component_request__type_support.h\n'}
[1.635236] (px4_msgs) StdoutLine: {'line': b'-- Up-to-date symlink: /home/carlos/ros2_ws/install/px4_msgs/include/px4_msgs/px4_msgs/msg/detail/rover_attitude_setpoint__functions.h\n'}
[1.635324] (px4_msgs) StdoutLine: {'line': b'-- Up-to-date symlink: /home/carlos/ros2_ws/install/px4_msgs/include/px4_msgs/px4_msgs/msg/detail/rover_attitude_setpoint__struct.h\n'}
[1.635408] (px4_msgs) StdoutLine: {'line': b'-- Up-to-date symlink: /home/carlos/ros2_ws/install/px4_msgs/include/px4_msgs/px4_msgs/msg/detail/rover_attitude_setpoint__type_support.h\n'}
[1.635504] (px4_msgs) StdoutLine: {'line': b'-- Up-to-date symlink: /home/carlos/ros2_ws/install/px4_msgs/include/px4_msgs/px4_msgs/msg/detail/rover_attitude_status__functions.h\n'}
[1.635591] (px4_msgs) StdoutLine: {'line': b'-- Up-to-date symlink: /home/carlos/ros2_ws/install/px4_msgs/include/px4_msgs/px4_msgs/msg/detail/rover_attitude_status__struct.h\n'}
[1.635677] (px4_msgs) StdoutLine: {'line': b'-- Up-to-date symlink: /home/carlos/ros2_ws/install/px4_msgs/include/px4_msgs/px4_msgs/msg/detail/rover_attitude_status__type_support.h\n'}
[1.635762] (px4_msgs) StdoutLine: {'line': b'-- Up-to-date symlink: /home/carlos/ros2_ws/install/px4_msgs/include/px4_msgs/px4_msgs/msg/detail/rover_position_setpoint__functions.h\n'}
[1.635848] (px4_msgs) StdoutLine: {'line': b'-- Up-to-date symlink: /home/carlos/ros2_ws/install/px4_msgs/include/px4_msgs/px4_msgs/msg/detail/rover_position_setpoint__struct.h\n'}
[1.635932] (px4_msgs) StdoutLine: {'line': b'-- Up-to-date symlink: /home/carlos/ros2_ws/install/px4_msgs/include/px4_msgs/px4_msgs/msg/detail/rover_position_setpoint__type_support.h\n'}
[1.636018] (px4_msgs) StdoutLine: {'line': b'-- Up-to-date symlink: /home/carlos/ros2_ws/install/px4_msgs/include/px4_msgs/px4_msgs/msg/detail/rover_rate_setpoint__functions.h\n'}
[1.636102] (px4_msgs) StdoutLine: {'line': b'-- Up-to-date symlink: /home/carlos/ros2_ws/install/px4_msgs/include/px4_msgs/px4_msgs/msg/detail/rover_rate_setpoint__struct.h\n'}
[1.636187] (px4_msgs) StdoutLine: {'line': b'-- Up-to-date symlink: /home/carlos/ros2_ws/install/px4_msgs/include/px4_msgs/px4_msgs/msg/detail/rover_rate_setpoint__type_support.h\n'}
[1.636271] (px4_msgs) StdoutLine: {'line': b'-- Up-to-date symlink: /home/carlos/ros2_ws/install/px4_msgs/include/px4_msgs/px4_msgs/msg/detail/rover_rate_status__functions.h\n'}
[1.636358] (px4_msgs) StdoutLine: {'line': b'-- Up-to-date symlink: /home/carlos/ros2_ws/install/px4_msgs/include/px4_msgs/px4_msgs/msg/detail/rover_rate_status__struct.h\n'}
[1.636451] (px4_msgs) StdoutLine: {'line': b'-- Up-to-date symlink: /home/carlos/ros2_ws/install/px4_msgs/include/px4_msgs/px4_msgs/msg/detail/rover_rate_status__type_support.h\n'}
[1.636539] (px4_msgs) StdoutLine: {'line': b'-- Up-to-date symlink: /home/carlos/ros2_ws/install/px4_msgs/include/px4_msgs/px4_msgs/msg/detail/rover_speed_setpoint__functions.h\n'}
[1.636624] (px4_msgs) StdoutLine: {'line': b'-- Up-to-date symlink: /home/carlos/ros2_ws/install/px4_msgs/include/px4_msgs/px4_msgs/msg/detail/rover_speed_setpoint__struct.h\n'}
[1.636726] (px4_msgs) StdoutLine: {'line': b'-- Up-to-date symlink: /home/carlos/ros2_ws/install/px4_msgs/include/px4_msgs/px4_msgs/msg/detail/rover_speed_setpoint__type_support.h\n'}
[1.636811] (px4_msgs) StdoutLine: {'line': b'-- Up-to-date symlink: /home/carlos/ros2_ws/install/px4_msgs/include/px4_msgs/px4_msgs/msg/detail/rover_speed_status__functions.h\n'}
[1.636898] (px4_msgs) StdoutLine: {'line': b'-- Up-to-date symlink: /home/carlos/ros2_ws/install/px4_msgs/include/px4_msgs/px4_msgs/msg/detail/rover_speed_status__struct.h\n'}
[1.636984] (px4_msgs) StdoutLine: {'line': b'-- Up-to-date symlink: /home/carlos/ros2_ws/install/px4_msgs/include/px4_msgs/px4_msgs/msg/detail/rover_speed_status__type_support.h\n'}
[1.637070] (px4_msgs) StdoutLine: {'line': b'-- Up-to-date symlink: /home/carlos/ros2_ws/install/px4_msgs/include/px4_msgs/px4_msgs/msg/detail/rover_steering_setpoint__functions.h\n'}
[1.637154] (px4_msgs) StdoutLine: {'line': b'-- Up-to-date symlink: /home/carlos/ros2_ws/install/px4_msgs/include/px4_msgs/px4_msgs/msg/detail/rover_steering_setpoint__struct.h\n'}
[1.637239] (px4_msgs) StdoutLine: {'line': b'-- Up-to-date symlink: /home/carlos/ros2_ws/install/px4_msgs/include/px4_msgs/px4_msgs/msg/detail/rover_steering_setpoint__type_support.h\n'}
[1.637324] (px4_msgs) StdoutLine: {'line': b'-- Up-to-date symlink: /home/carlos/ros2_ws/install/px4_msgs/include/px4_msgs/px4_msgs/msg/detail/rover_throttle_setpoint__functions.h\n'}
[1.637409] (px4_msgs) StdoutLine: {'line': b'-- Up-to-date symlink: /home/carlos/ros2_ws/install/px4_msgs/include/px4_msgs/px4_msgs/msg/detail/rover_throttle_setpoint__struct.h\n'}
[1.637506] (px4_msgs) StdoutLine: {'line': b'-- Up-to-date symlink: /home/carlos/ros2_ws/install/px4_msgs/include/px4_msgs/px4_msgs/msg/detail/rover_throttle_setpoint__type_support.h\n'}
[1.637592] (px4_msgs) StdoutLine: {'line': b'-- Up-to-date symlink: /home/carlos/ros2_ws/install/px4_msgs/include/px4_msgs/px4_msgs/msg/detail/rpm__functions.h\n'}
[1.637678] (px4_msgs) StdoutLine: {'line': b'-- Up-to-date symlink: /home/carlos/ros2_ws/install/px4_msgs/include/px4_msgs/px4_msgs/msg/detail/rpm__struct.h\n'}
[1.637764] (px4_msgs) StdoutLine: {'line': b'-- Up-to-date symlink: /home/carlos/ros2_ws/install/px4_msgs/include/px4_msgs/px4_msgs/msg/detail/rpm__type_support.h\n'}
[1.637848] (px4_msgs) StdoutLine: {'line': b'-- Up-to-date symlink: /home/carlos/ros2_ws/install/px4_msgs/include/px4_msgs/px4_msgs/msg/detail/rtl_status__functions.h\n'}
[1.637931] (px4_msgs) StdoutLine: {'line': b'-- Up-to-date symlink: /home/carlos/ros2_ws/install/px4_msgs/include/px4_msgs/px4_msgs/msg/detail/rtl_status__struct.h\n'}
[1.638036] (px4_msgs) StdoutLine: {'line': b'-- Up-to-date symlink: /home/carlos/ros2_ws/install/px4_msgs/include/px4_msgs/px4_msgs/msg/detail/rtl_status__type_support.h\n'}
[1.638117] (px4_msgs) StdoutLine: {'line': b'-- Up-to-date symlink: /home/carlos/ros2_ws/install/px4_msgs/include/px4_msgs/px4_msgs/msg/detail/rtl_time_estimate__functions.h\n'}
[1.638188] (px4_msgs) StdoutLine: {'line': b'-- Up-to-date symlink: /home/carlos/ros2_ws/install/px4_msgs/include/px4_msgs/px4_msgs/msg/detail/rtl_time_estimate__struct.h\n'}
[1.638271] (px4_msgs) StdoutLine: {'line': b'-- Up-to-date symlink: /home/carlos/ros2_ws/install/px4_msgs/include/px4_msgs/px4_msgs/msg/detail/rtl_time_estimate__type_support.h\n'}
[1.638353] (px4_msgs) StdoutLine: {'line': b'-- Up-to-date symlink: /home/carlos/ros2_ws/install/px4_msgs/include/px4_msgs/px4_msgs/msg/detail/satellite_info__functions.h\n'}
[1.638477] (px4_msgs) StdoutLine: {'line': b'-- Up-to-date symlink: /home/carlos/ros2_ws/install/px4_msgs/include/px4_msgs/px4_msgs/msg/detail/satellite_info__struct.h\n'}
[1.638561] (px4_msgs) StdoutLine: {'line': b'-- Up-to-date symlink: /home/carlos/ros2_ws/install/px4_msgs/include/px4_msgs/px4_msgs/msg/detail/satellite_info__type_support.h\n'}
[1.638640] (px4_msgs) StdoutLine: {'line': b'-- Up-to-date symlink: /home/carlos/ros2_ws/install/px4_msgs/include/px4_msgs/px4_msgs/msg/detail/sensor_accel__functions.h\n'}
[1.638727] (px4_msgs) StdoutLine: {'line': b'-- Up-to-date symlink: /home/carlos/ros2_ws/install/px4_msgs/include/px4_msgs/px4_msgs/msg/detail/sensor_accel__struct.h\n'}
[1.638810] (px4_msgs) StdoutLine: {'line': b'-- Up-to-date symlink: /home/carlos/ros2_ws/install/px4_msgs/include/px4_msgs/px4_msgs/msg/detail/sensor_accel__type_support.h\n'}
[1.638896] (px4_msgs) StdoutLine: {'line': b'-- Up-to-date symlink: /home/carlos/ros2_ws/install/px4_msgs/include/px4_msgs/px4_msgs/msg/detail/sensor_accel_fifo__functions.h\n'}
[1.638979] (px4_msgs) StdoutLine: {'line': b'-- Up-to-date symlink: /home/carlos/ros2_ws/install/px4_msgs/include/px4_msgs/px4_msgs/msg/detail/sensor_accel_fifo__struct.h\n'}
[1.639064] (px4_msgs) StdoutLine: {'line': b'-- Up-to-date symlink: /home/carlos/ros2_ws/install/px4_msgs/include/px4_msgs/px4_msgs/msg/detail/sensor_accel_fifo__type_support.h\n'}
[1.639148] (px4_msgs) StdoutLine: {'line': b'-- Up-to-date symlink: /home/carlos/ros2_ws/install/px4_msgs/include/px4_msgs/px4_msgs/msg/detail/sensor_airflow__functions.h\n'}
[1.639233] (px4_msgs) StdoutLine: {'line': b'-- Up-to-date symlink: /home/carlos/ros2_ws/install/px4_msgs/include/px4_msgs/px4_msgs/msg/detail/sensor_airflow__struct.h\n'}
[1.639317] (px4_msgs) StdoutLine: {'line': b'-- Up-to-date symlink: /home/carlos/ros2_ws/install/px4_msgs/include/px4_msgs/px4_msgs/msg/detail/sensor_airflow__type_support.h\n'}
[1.639413] (px4_msgs) StdoutLine: {'line': b'-- Up-to-date symlink: /home/carlos/ros2_ws/install/px4_msgs/include/px4_msgs/px4_msgs/msg/detail/sensor_baro__functions.h\n'}
[1.639511] (px4_msgs) StdoutLine: {'line': b'-- Up-to-date symlink: /home/carlos/ros2_ws/install/px4_msgs/include/px4_msgs/px4_msgs/msg/detail/sensor_baro__struct.h\n'}
[1.639595] (px4_msgs) StdoutLine: {'line': b'-- Up-to-date symlink: /home/carlos/ros2_ws/install/px4_msgs/include/px4_msgs/px4_msgs/msg/detail/sensor_baro__type_support.h\n'}
[1.639679] (px4_msgs) StdoutLine: {'line': b'-- Up-to-date symlink: /home/carlos/ros2_ws/install/px4_msgs/include/px4_msgs/px4_msgs/msg/detail/sensor_combined__functions.h\n'}
[1.639763] (px4_msgs) StdoutLine: {'line': b'-- Up-to-date symlink: /home/carlos/ros2_ws/install/px4_msgs/include/px4_msgs/px4_msgs/msg/detail/sensor_combined__struct.h\n'}
[1.639849] (px4_msgs) StdoutLine: {'line': b'-- Up-to-date symlink: /home/carlos/ros2_ws/install/px4_msgs/include/px4_msgs/px4_msgs/msg/detail/sensor_combined__type_support.h\n'}
[1.639930] (px4_msgs) StdoutLine: {'line': b'-- Up-to-date symlink: /home/carlos/ros2_ws/install/px4_msgs/include/px4_msgs/px4_msgs/msg/detail/sensor_correction__functions.h\n'}
[1.640015] (px4_msgs) StdoutLine: {'line': b'-- Up-to-date symlink: /home/carlos/ros2_ws/install/px4_msgs/include/px4_msgs/px4_msgs/msg/detail/sensor_correction__struct.h\n'}
[1.640100] (px4_msgs) StdoutLine: {'line': b'-- Up-to-date symlink: /home/carlos/ros2_ws/install/px4_msgs/include/px4_msgs/px4_msgs/msg/detail/sensor_correction__type_support.h\n'}
[1.640190] (px4_msgs) StdoutLine: {'line': b'-- Up-to-date symlink: /home/carlos/ros2_ws/install/px4_msgs/include/px4_msgs/px4_msgs/msg/detail/sensor_gnss_relative__functions.h\n'}
[1.640274] (px4_msgs) StdoutLine: {'line': b'-- Up-to-date symlink: /home/carlos/ros2_ws/install/px4_msgs/include/px4_msgs/px4_msgs/msg/detail/sensor_gnss_relative__struct.h\n'}
[1.640359] (px4_msgs) StdoutLine: {'line': b'-- Up-to-date symlink: /home/carlos/ros2_ws/install/px4_msgs/include/px4_msgs/px4_msgs/msg/detail/sensor_gnss_relative__type_support.h\n'}
[1.640449] (px4_msgs) StdoutLine: {'line': b'-- Up-to-date symlink: /home/carlos/ros2_ws/install/px4_msgs/include/px4_msgs/px4_msgs/msg/detail/sensor_gnss_status__functions.h\n'}
[1.640535] (px4_msgs) StdoutLine: {'line': b'-- Up-to-date symlink: /home/carlos/ros2_ws/install/px4_msgs/include/px4_msgs/px4_msgs/msg/detail/sensor_gnss_status__struct.h\n'}
[1.640621] (px4_msgs) StdoutLine: {'line': b'-- Up-to-date symlink: /home/carlos/ros2_ws/install/px4_msgs/include/px4_msgs/px4_msgs/msg/detail/sensor_gnss_status__type_support.h\n'}
[1.640706] (px4_msgs) StdoutLine: {'line': b'-- Up-to-date symlink: /home/carlos/ros2_ws/install/px4_msgs/include/px4_msgs/px4_msgs/msg/detail/sensor_gps__functions.h\n'}
[1.640793] (px4_msgs) StdoutLine: {'line': b'-- Up-to-date symlink: /home/carlos/ros2_ws/install/px4_msgs/include/px4_msgs/px4_msgs/msg/detail/sensor_gps__struct.h\n'}
[1.640889] (px4_msgs) StdoutLine: {'line': b'-- Up-to-date symlink: /home/carlos/ros2_ws/install/px4_msgs/include/px4_msgs/px4_msgs/msg/detail/sensor_gps__type_support.h\n'}
[1.640965] (px4_msgs) StdoutLine: {'line': b'-- Up-to-date symlink: /home/carlos/ros2_ws/install/px4_msgs/include/px4_msgs/px4_msgs/msg/detail/sensor_gyro__functions.h\n'}
[1.641050] (px4_msgs) StdoutLine: {'line': b'-- Up-to-date symlink: /home/carlos/ros2_ws/install/px4_msgs/include/px4_msgs/px4_msgs/msg/detail/sensor_gyro__struct.h\n'}
[1.641138] (px4_msgs) StdoutLine: {'line': b'-- Up-to-date symlink: /home/carlos/ros2_ws/install/px4_msgs/include/px4_msgs/px4_msgs/msg/detail/sensor_gyro__type_support.h\n'}
[1.641223] (px4_msgs) StdoutLine: {'line': b'-- Up-to-date symlink: /home/carlos/ros2_ws/install/px4_msgs/include/px4_msgs/px4_msgs/msg/detail/sensor_gyro_fft__functions.h\n'}
[1.641308] (px4_msgs) StdoutLine: {'line': b'-- Up-to-date symlink: /home/carlos/ros2_ws/install/px4_msgs/include/px4_msgs/px4_msgs/msg/detail/sensor_gyro_fft__struct.h\n'}
[1.641391] (px4_msgs) StdoutLine: {'line': b'-- Up-to-date symlink: /home/carlos/ros2_ws/install/px4_msgs/include/px4_msgs/px4_msgs/msg/detail/sensor_gyro_fft__type_support.h\n'}
[1.641482] (px4_msgs) StdoutLine: {'line': b'-- Up-to-date symlink: /home/carlos/ros2_ws/install/px4_msgs/include/px4_msgs/px4_msgs/msg/detail/sensor_gyro_fifo__functions.h\n'}
[1.641573] (px4_msgs) StdoutLine: {'line': b'-- Up-to-date symlink: /home/carlos/ros2_ws/install/px4_msgs/include/px4_msgs/px4_msgs/msg/detail/sensor_gyro_fifo__struct.h\n'}
[1.641658] (px4_msgs) StdoutLine: {'line': b'-- Up-to-date symlink: /home/carlos/ros2_ws/install/px4_msgs/include/px4_msgs/px4_msgs/msg/detail/sensor_gyro_fifo__type_support.h\n'}
[1.641741] (px4_msgs) StdoutLine: {'line': b'-- Up-to-date symlink: /home/carlos/ros2_ws/install/px4_msgs/include/px4_msgs/px4_msgs/msg/detail/sensor_hygrometer__functions.h\n'}
[1.641824] (px4_msgs) StdoutLine: {'line': b'-- Up-to-date symlink: /home/carlos/ros2_ws/install/px4_msgs/include/px4_msgs/px4_msgs/msg/detail/sensor_hygrometer__struct.h\n'}
[1.641909] (px4_msgs) StdoutLine: {'line': b'-- Up-to-date symlink: /home/carlos/ros2_ws/install/px4_msgs/include/px4_msgs/px4_msgs/msg/detail/sensor_hygrometer__type_support.h\n'}
[1.641992] (px4_msgs) StdoutLine: {'line': b'-- Up-to-date symlink: /home/carlos/ros2_ws/install/px4_msgs/include/px4_msgs/px4_msgs/msg/detail/sensor_mag__functions.h\n'}
[1.642076] (px4_msgs) StdoutLine: {'line': b'-- Up-to-date symlink: /home/carlos/ros2_ws/install/px4_msgs/include/px4_msgs/px4_msgs/msg/detail/sensor_mag__struct.h\n'}
[1.642160] (px4_msgs) StdoutLine: {'line': b'-- Up-to-date symlink: /home/carlos/ros2_ws/install/px4_msgs/include/px4_msgs/px4_msgs/msg/detail/sensor_mag__type_support.h\n'}
[1.642245] (px4_msgs) StdoutLine: {'line': b'-- Up-to-date symlink: /home/carlos/ros2_ws/install/px4_msgs/include/px4_msgs/px4_msgs/msg/detail/sensor_optical_flow__functions.h\n'}
[1.642330] (px4_msgs) StdoutLine: {'line': b'-- Up-to-date symlink: /home/carlos/ros2_ws/install/px4_msgs/include/px4_msgs/px4_msgs/msg/detail/sensor_optical_flow__struct.h\n'}
[1.642413] (px4_msgs) StdoutLine: {'line': b'-- Up-to-date symlink: /home/carlos/ros2_ws/install/px4_msgs/include/px4_msgs/px4_msgs/msg/detail/sensor_optical_flow__type_support.h\n'}
[1.642509] (px4_msgs) StdoutLine: {'line': b'-- Up-to-date symlink: /home/carlos/ros2_ws/install/px4_msgs/include/px4_msgs/px4_msgs/msg/detail/sensor_preflight_mag__functions.h\n'}
[1.642594] (px4_msgs) StdoutLine: {'line': b'-- Up-to-date symlink: /home/carlos/ros2_ws/install/px4_msgs/include/px4_msgs/px4_msgs/msg/detail/sensor_preflight_mag__struct.h\n'}
[1.642678] (px4_msgs) StdoutLine: {'line': b'-- Up-to-date symlink: /home/carlos/ros2_ws/install/px4_msgs/include/px4_msgs/px4_msgs/msg/detail/sensor_preflight_mag__type_support.h\n'}
[1.642762] (px4_msgs) StdoutLine: {'line': b'-- Up-to-date symlink: /home/carlos/ros2_ws/install/px4_msgs/include/px4_msgs/px4_msgs/msg/detail/sensor_selection__functions.h\n'}
[1.642847] (px4_msgs) StdoutLine: {'line': b'-- Up-to-date symlink: /home/carlos/ros2_ws/install/px4_msgs/include/px4_msgs/px4_msgs/msg/detail/sensor_selection__struct.h\n'}
[1.642932] (px4_msgs) StdoutLine: {'line': b'-- Up-to-date symlink: /home/carlos/ros2_ws/install/px4_msgs/include/px4_msgs/px4_msgs/msg/detail/sensor_selection__type_support.h\n'}
[1.643016] (px4_msgs) StdoutLine: {'line': b'-- Up-to-date symlink: /home/carlos/ros2_ws/install/px4_msgs/include/px4_msgs/px4_msgs/msg/detail/sensor_uwb__functions.h\n'}
[1.643102] (px4_msgs) StdoutLine: {'line': b'-- Up-to-date symlink: /home/carlos/ros2_ws/install/px4_msgs/include/px4_msgs/px4_msgs/msg/detail/sensor_uwb__struct.h\n'}
[1.643187] (px4_msgs) StdoutLine: {'line': b'-- Up-to-date symlink: /home/carlos/ros2_ws/install/px4_msgs/include/px4_msgs/px4_msgs/msg/detail/sensor_uwb__type_support.h\n'}
[1.643271] (px4_msgs) StdoutLine: {'line': b'-- Up-to-date symlink: /home/carlos/ros2_ws/install/px4_msgs/include/px4_msgs/px4_msgs/msg/detail/sensors_status__functions.h\n'}
[1.643355] (px4_msgs) StdoutLine: {'line': b'-- Up-to-date symlink: /home/carlos/ros2_ws/install/px4_msgs/include/px4_msgs/px4_msgs/msg/detail/sensors_status__struct.h\n'}
[1.643449] (px4_msgs) StdoutLine: {'line': b'-- Up-to-date symlink: /home/carlos/ros2_ws/install/px4_msgs/include/px4_msgs/px4_msgs/msg/detail/sensors_status__type_support.h\n'}
[1.643541] (px4_msgs) StdoutLine: {'line': b'-- Up-to-date symlink: /home/carlos/ros2_ws/install/px4_msgs/include/px4_msgs/px4_msgs/msg/detail/sensors_status_imu__functions.h\n'}
[1.643626] (px4_msgs) StdoutLine: {'line': b'-- Up-to-date symlink: /home/carlos/ros2_ws/install/px4_msgs/include/px4_msgs/px4_msgs/msg/detail/sensors_status_imu__struct.h\n'}
[1.643710] (px4_msgs) StdoutLine: {'line': b'-- Up-to-date symlink: /home/carlos/ros2_ws/install/px4_msgs/include/px4_msgs/px4_msgs/msg/detail/sensors_status_imu__type_support.h\n'}
[1.643795] (px4_msgs) StdoutLine: {'line': b'-- Up-to-date symlink: /home/carlos/ros2_ws/install/px4_msgs/include/px4_msgs/px4_msgs/msg/detail/system_power__functions.h\n'}
[1.643879] (px4_msgs) StdoutLine: {'line': b'-- Up-to-date symlink: /home/carlos/ros2_ws/install/px4_msgs/include/px4_msgs/px4_msgs/msg/detail/system_power__struct.h\n'}
[1.643963] (px4_msgs) StdoutLine: {'line': b'-- Up-to-date symlink: /home/carlos/ros2_ws/install/px4_msgs/include/px4_msgs/px4_msgs/msg/detail/system_power__type_support.h\n'}
[1.644047] (px4_msgs) StdoutLine: {'line': b'-- Up-to-date symlink: /home/carlos/ros2_ws/install/px4_msgs/include/px4_msgs/px4_msgs/msg/detail/takeoff_status__functions.h\n'}
[1.644133] (px4_msgs) StdoutLine: {'line': b'-- Up-to-date symlink: /home/carlos/ros2_ws/install/px4_msgs/include/px4_msgs/px4_msgs/msg/detail/takeoff_status__struct.h\n'}
[1.644223] (px4_msgs) StdoutLine: {'line': b'-- Up-to-date symlink: /home/carlos/ros2_ws/install/px4_msgs/include/px4_msgs/px4_msgs/msg/detail/takeoff_status__type_support.h\n'}
[1.644307] (px4_msgs) StdoutLine: {'line': b'-- Up-to-date symlink: /home/carlos/ros2_ws/install/px4_msgs/include/px4_msgs/px4_msgs/msg/detail/task_stack_info__functions.h\n'}
[1.644392] (px4_msgs) StdoutLine: {'line': b'-- Up-to-date symlink: /home/carlos/ros2_ws/install/px4_msgs/include/px4_msgs/px4_msgs/msg/detail/task_stack_info__struct.h\n'}
[1.644485] (px4_msgs) StdoutLine: {'line': b'-- Up-to-date symlink: /home/carlos/ros2_ws/install/px4_msgs/include/px4_msgs/px4_msgs/msg/detail/task_stack_info__type_support.h\n'}
[1.644575] (px4_msgs) StdoutLine: {'line': b'-- Up-to-date symlink: /home/carlos/ros2_ws/install/px4_msgs/include/px4_msgs/px4_msgs/msg/detail/tecs_status__functions.h\n'}
[1.644659] (px4_msgs) StdoutLine: {'line': b'-- Up-to-date symlink: /home/carlos/ros2_ws/install/px4_msgs/include/px4_msgs/px4_msgs/msg/detail/tecs_status__struct.h\n'}
[1.644745] (px4_msgs) StdoutLine: {'line': b'-- Up-to-date symlink: /home/carlos/ros2_ws/install/px4_msgs/include/px4_msgs/px4_msgs/msg/detail/tecs_status__type_support.h\n'}
[1.644829] (px4_msgs) StdoutLine: {'line': b'-- Up-to-date symlink: /home/carlos/ros2_ws/install/px4_msgs/include/px4_msgs/px4_msgs/msg/detail/telemetry_status__functions.h\n'}
[1.644924] (px4_msgs) StdoutLine: {'line': b'-- Up-to-date symlink: /home/carlos/ros2_ws/install/px4_msgs/include/px4_msgs/px4_msgs/msg/detail/telemetry_status__struct.h\n'}
[1.645010] (px4_msgs) StdoutLine: {'line': b'-- Up-to-date symlink: /home/carlos/ros2_ws/install/px4_msgs/include/px4_msgs/px4_msgs/msg/detail/telemetry_status__type_support.h\n'}
[1.645094] (px4_msgs) StdoutLine: {'line': b'-- Up-to-date symlink: /home/carlos/ros2_ws/install/px4_msgs/include/px4_msgs/px4_msgs/msg/detail/tiltrotor_extra_controls__functions.h\n'}
[1.645179] (px4_msgs) StdoutLine: {'line': b'-- Up-to-date symlink: /home/carlos/ros2_ws/install/px4_msgs/include/px4_msgs/px4_msgs/msg/detail/tiltrotor_extra_controls__struct.h\n'}
[1.645263] (px4_msgs) StdoutLine: {'line': b'-- Up-to-date symlink: /home/carlos/ros2_ws/install/px4_msgs/include/px4_msgs/px4_msgs/msg/detail/tiltrotor_extra_controls__type_support.h\n'}
[1.645348] (px4_msgs) StdoutLine: {'line': b'-- Up-to-date symlink: /home/carlos/ros2_ws/install/px4_msgs/include/px4_msgs/px4_msgs/msg/detail/timesync_status__functions.h\n'}
[1.645438] (px4_msgs) StdoutLine: {'line': b'-- Up-to-date symlink: /home/carlos/ros2_ws/install/px4_msgs/include/px4_msgs/px4_msgs/msg/detail/timesync_status__struct.h\n'}
[1.645526] (px4_msgs) StdoutLine: {'line': b'-- Up-to-date symlink: /home/carlos/ros2_ws/install/px4_msgs/include/px4_msgs/px4_msgs/msg/detail/timesync_status__type_support.h\n'}
[1.645610] (px4_msgs) StdoutLine: {'line': b'-- Up-to-date symlink: /home/carlos/ros2_ws/install/px4_msgs/include/px4_msgs/px4_msgs/msg/detail/trajectory_setpoint6dof__functions.h\n'}
[1.645695] (px4_msgs) StdoutLine: {'line': b'-- Up-to-date symlink: /home/carlos/ros2_ws/install/px4_msgs/include/px4_msgs/px4_msgs/msg/detail/trajectory_setpoint6dof__struct.h\n'}
[1.645779] (px4_msgs) StdoutLine: {'line': b'-- Up-to-date symlink: /home/carlos/ros2_ws/install/px4_msgs/include/px4_msgs/px4_msgs/msg/detail/trajectory_setpoint6dof__type_support.h\n'}
[1.645863] (px4_msgs) StdoutLine: {'line': b'-- Up-to-date symlink: /home/carlos/ros2_ws/install/px4_msgs/include/px4_msgs/px4_msgs/msg/detail/trajectory_setpoint__functions.h\n'}
[1.645947] (px4_msgs) StdoutLine: {'line': b'-- Up-to-date symlink: /home/carlos/ros2_ws/install/px4_msgs/include/px4_msgs/px4_msgs/msg/detail/trajectory_setpoint__struct.h\n'}
[1.646033] (px4_msgs) StdoutLine: {'line': b'-- Up-to-date symlink: /home/carlos/ros2_ws/install/px4_msgs/include/px4_msgs/px4_msgs/msg/detail/trajectory_setpoint__type_support.h\n'}
[1.646116] (px4_msgs) StdoutLine: {'line': b'-- Up-to-date symlink: /home/carlos/ros2_ws/install/px4_msgs/include/px4_msgs/px4_msgs/msg/detail/transponder_report__functions.h\n'}
[1.646200] (px4_msgs) StdoutLine: {'line': b'-- Up-to-date symlink: /home/carlos/ros2_ws/install/px4_msgs/include/px4_msgs/px4_msgs/msg/detail/transponder_report__struct.h\n'}
[1.646284] (px4_msgs) StdoutLine: {'line': b'-- Up-to-date symlink: /home/carlos/ros2_ws/install/px4_msgs/include/px4_msgs/px4_msgs/msg/detail/transponder_report__type_support.h\n'}
[1.646369] (px4_msgs) StdoutLine: {'line': b'-- Up-to-date symlink: /home/carlos/ros2_ws/install/px4_msgs/include/px4_msgs/px4_msgs/msg/detail/tune_control__functions.h\n'}
[1.646459] (px4_msgs) StdoutLine: {'line': b'-- Up-to-date symlink: /home/carlos/ros2_ws/install/px4_msgs/include/px4_msgs/px4_msgs/msg/detail/tune_control__struct.h\n'}
[1.646546] (px4_msgs) StdoutLine: {'line': b'-- Up-to-date symlink: /home/carlos/ros2_ws/install/px4_msgs/include/px4_msgs/px4_msgs/msg/detail/tune_control__type_support.h\n'}
[1.646631] (px4_msgs) StdoutLine: {'line': b'-- Up-to-date symlink: /home/carlos/ros2_ws/install/px4_msgs/include/px4_msgs/px4_msgs/msg/detail/uavcan_parameter_request__functions.h\n'}
[1.646716] (px4_msgs) StdoutLine: {'line': b'-- Up-to-date symlink: /home/carlos/ros2_ws/install/px4_msgs/include/px4_msgs/px4_msgs/msg/detail/uavcan_parameter_request__struct.h\n'}
[1.646801] (px4_msgs) StdoutLine: {'line': b'-- Up-to-date symlink: /home/carlos/ros2_ws/install/px4_msgs/include/px4_msgs/px4_msgs/msg/detail/uavcan_parameter_request__type_support.h\n'}
[1.646891] (px4_msgs) StdoutLine: {'line': b'-- Up-to-date symlink: /home/carlos/ros2_ws/install/px4_msgs/include/px4_msgs/px4_msgs/msg/detail/uavcan_parameter_value__functions.h\n'}
[1.646976] (px4_msgs) StdoutLine: {'line': b'-- Up-to-date symlink: /home/carlos/ros2_ws/install/px4_msgs/include/px4_msgs/px4_msgs/msg/detail/uavcan_parameter_value__struct.h\n'}
[1.647062] (px4_msgs) StdoutLine: {'line': b'-- Up-to-date symlink: /home/carlos/ros2_ws/install/px4_msgs/include/px4_msgs/px4_msgs/msg/detail/uavcan_parameter_value__type_support.h\n'}
[1.647151] (px4_msgs) StdoutLine: {'line': b'-- Up-to-date symlink: /home/carlos/ros2_ws/install/px4_msgs/include/px4_msgs/px4_msgs/msg/detail/ulog_stream__functions.h\n'}
[1.647236] (px4_msgs) StdoutLine: {'line': b'-- Up-to-date symlink: /home/carlos/ros2_ws/install/px4_msgs/include/px4_msgs/px4_msgs/msg/detail/ulog_stream__struct.h\n'}
[1.647320] (px4_msgs) StdoutLine: {'line': b'-- Up-to-date symlink: /home/carlos/ros2_ws/install/px4_msgs/include/px4_msgs/px4_msgs/msg/detail/ulog_stream__type_support.h\n'}
[1.647406] (px4_msgs) StdoutLine: {'line': b'-- Up-to-date symlink: /home/carlos/ros2_ws/install/px4_msgs/include/px4_msgs/px4_msgs/msg/detail/ulog_stream_ack__functions.h\n'}
[1.647503] (px4_msgs) StdoutLine: {'line': b'-- Up-to-date symlink: /home/carlos/ros2_ws/install/px4_msgs/include/px4_msgs/px4_msgs/msg/detail/ulog_stream_ack__struct.h\n'}
[1.647589] (px4_msgs) StdoutLine: {'line': b'-- Up-to-date symlink: /home/carlos/ros2_ws/install/px4_msgs/include/px4_msgs/px4_msgs/msg/detail/ulog_stream_ack__type_support.h\n'}
[1.647674] (px4_msgs) StdoutLine: {'line': b'-- Up-to-date symlink: /home/carlos/ros2_ws/install/px4_msgs/include/px4_msgs/px4_msgs/msg/detail/unregister_ext_component__functions.h\n'}
[1.647760] (px4_msgs) StdoutLine: {'line': b'-- Up-to-date symlink: /home/carlos/ros2_ws/install/px4_msgs/include/px4_msgs/px4_msgs/msg/detail/unregister_ext_component__struct.h\n'}
[1.647845] (px4_msgs) StdoutLine: {'line': b'-- Up-to-date symlink: /home/carlos/ros2_ws/install/px4_msgs/include/px4_msgs/px4_msgs/msg/detail/unregister_ext_component__type_support.h\n'}
[1.647930] (px4_msgs) StdoutLine: {'line': b'-- Up-to-date symlink: /home/carlos/ros2_ws/install/px4_msgs/include/px4_msgs/px4_msgs/msg/detail/vehicle_acceleration__functions.h\n'}
[1.648015] (px4_msgs) StdoutLine: {'line': b'-- Up-to-date symlink: /home/carlos/ros2_ws/install/px4_msgs/include/px4_msgs/px4_msgs/msg/detail/vehicle_acceleration__struct.h\n'}
[1.648100] (px4_msgs) StdoutLine: {'line': b'-- Up-to-date symlink: /home/carlos/ros2_ws/install/px4_msgs/include/px4_msgs/px4_msgs/msg/detail/vehicle_acceleration__type_support.h\n'}
[1.648185] (px4_msgs) StdoutLine: {'line': b'-- Up-to-date symlink: /home/carlos/ros2_ws/install/px4_msgs/include/px4_msgs/px4_msgs/msg/detail/vehicle_air_data__functions.h\n'}
[1.648270] (px4_msgs) StdoutLine: {'line': b'-- Up-to-date symlink: /home/carlos/ros2_ws/install/px4_msgs/include/px4_msgs/px4_msgs/msg/detail/vehicle_air_data__struct.h\n'}
[1.648356] (px4_msgs) StdoutLine: {'line': b'-- Up-to-date symlink: /home/carlos/ros2_ws/install/px4_msgs/include/px4_msgs/px4_msgs/msg/detail/vehicle_air_data__type_support.h\n'}
[1.648447] (px4_msgs) StdoutLine: {'line': b'-- Up-to-date symlink: /home/carlos/ros2_ws/install/px4_msgs/include/px4_msgs/px4_msgs/msg/detail/vehicle_angular_acceleration_setpoint__functions.h\n'}
[1.648537] (px4_msgs) StdoutLine: {'line': b'-- Up-to-date symlink: /home/carlos/ros2_ws/install/px4_msgs/include/px4_msgs/px4_msgs/msg/detail/vehicle_angular_acceleration_setpoint__struct.h\n'}
[1.648625] (px4_msgs) StdoutLine: {'line': b'-- Up-to-date symlink: /home/carlos/ros2_ws/install/px4_msgs/include/px4_msgs/px4_msgs/msg/detail/vehicle_angular_acceleration_setpoint__type_support.h\n'}
[1.648711] (px4_msgs) StdoutLine: {'line': b'-- Up-to-date symlink: /home/carlos/ros2_ws/install/px4_msgs/include/px4_msgs/px4_msgs/msg/detail/vehicle_angular_velocity__functions.h\n'}
[1.648797] (px4_msgs) StdoutLine: {'line': b'-- Up-to-date symlink: /home/carlos/ros2_ws/install/px4_msgs/include/px4_msgs/px4_msgs/msg/detail/vehicle_angular_velocity__struct.h\n'}
[1.648882] (px4_msgs) StdoutLine: {'line': b'-- Up-to-date symlink: /home/carlos/ros2_ws/install/px4_msgs/include/px4_msgs/px4_msgs/msg/detail/vehicle_angular_velocity__type_support.h\n'}
[1.648968] (px4_msgs) StdoutLine: {'line': b'-- Up-to-date symlink: /home/carlos/ros2_ws/install/px4_msgs/include/px4_msgs/px4_msgs/msg/detail/vehicle_attitude__functions.h\n'}
[1.649054] (px4_msgs) StdoutLine: {'line': b'-- Up-to-date symlink: /home/carlos/ros2_ws/install/px4_msgs/include/px4_msgs/px4_msgs/msg/detail/vehicle_attitude__struct.h\n'}
[1.649139] (px4_msgs) StdoutLine: {'line': b'-- Up-to-date symlink: /home/carlos/ros2_ws/install/px4_msgs/include/px4_msgs/px4_msgs/msg/detail/vehicle_attitude__type_support.h\n'}
[1.649225] (px4_msgs) StdoutLine: {'line': b'-- Up-to-date symlink: /home/carlos/ros2_ws/install/px4_msgs/include/px4_msgs/px4_msgs/msg/detail/vehicle_attitude_setpoint__functions.h\n'}
[1.649310] (px4_msgs) StdoutLine: {'line': b'-- Up-to-date symlink: /home/carlos/ros2_ws/install/px4_msgs/include/px4_msgs/px4_msgs/msg/detail/vehicle_attitude_setpoint__struct.h\n'}
[1.649395] (px4_msgs) StdoutLine: {'line': b'-- Up-to-date symlink: /home/carlos/ros2_ws/install/px4_msgs/include/px4_msgs/px4_msgs/msg/detail/vehicle_attitude_setpoint__type_support.h\n'}
[1.649494] (px4_msgs) StdoutLine: {'line': b'-- Up-to-date symlink: /home/carlos/ros2_ws/install/px4_msgs/include/px4_msgs/px4_msgs/msg/detail/vehicle_command__functions.h\n'}
[1.649576] (px4_msgs) StdoutLine: {'line': b'-- Up-to-date symlink: /home/carlos/ros2_ws/install/px4_msgs/include/px4_msgs/px4_msgs/msg/detail/vehicle_command__struct.h\n'}
[1.649665] (px4_msgs) StdoutLine: {'line': b'-- Up-to-date symlink: /home/carlos/ros2_ws/install/px4_msgs/include/px4_msgs/px4_msgs/msg/detail/vehicle_command__type_support.h\n'}
[1.649750] (px4_msgs) StdoutLine: {'line': b'-- Up-to-date symlink: /home/carlos/ros2_ws/install/px4_msgs/include/px4_msgs/px4_msgs/msg/detail/vehicle_command_ack__functions.h\n'}
[1.649835] (px4_msgs) StdoutLine: {'line': b'-- Up-to-date symlink: /home/carlos/ros2_ws/install/px4_msgs/include/px4_msgs/px4_msgs/msg/detail/vehicle_command_ack__struct.h\n'}
[1.649920] (px4_msgs) StdoutLine: {'line': b'-- Up-to-date symlink: /home/carlos/ros2_ws/install/px4_msgs/include/px4_msgs/px4_msgs/msg/detail/vehicle_command_ack__type_support.h\n'}
[1.650005] (px4_msgs) StdoutLine: {'line': b'-- Up-to-date symlink: /home/carlos/ros2_ws/install/px4_msgs/include/px4_msgs/px4_msgs/msg/detail/vehicle_constraints__functions.h\n'}
[1.650095] (px4_msgs) StdoutLine: {'line': b'-- Up-to-date symlink: /home/carlos/ros2_ws/install/px4_msgs/include/px4_msgs/px4_msgs/msg/detail/vehicle_constraints__struct.h\n'}
[1.650180] (px4_msgs) StdoutLine: {'line': b'-- Up-to-date symlink: /home/carlos/ros2_ws/install/px4_msgs/include/px4_msgs/px4_msgs/msg/detail/vehicle_constraints__type_support.h\n'}
[1.650265] (px4_msgs) StdoutLine: {'line': b'-- Up-to-date symlink: /home/carlos/ros2_ws/install/px4_msgs/include/px4_msgs/px4_msgs/msg/detail/vehicle_control_mode__functions.h\n'}
[1.650350] (px4_msgs) StdoutLine: {'line': b'-- Up-to-date symlink: /home/carlos/ros2_ws/install/px4_msgs/include/px4_msgs/px4_msgs/msg/detail/vehicle_control_mode__struct.h\n'}
[1.650440] (px4_msgs) StdoutLine: {'line': b'-- Up-to-date symlink: /home/carlos/ros2_ws/install/px4_msgs/include/px4_msgs/px4_msgs/msg/detail/vehicle_control_mode__type_support.h\n'}
[1.650529] (px4_msgs) StdoutLine: {'line': b'-- Up-to-date symlink: /home/carlos/ros2_ws/install/px4_msgs/include/px4_msgs/px4_msgs/msg/detail/vehicle_global_position__functions.h\n'}
[1.650614] (px4_msgs) StdoutLine: {'line': b'-- Up-to-date symlink: /home/carlos/ros2_ws/install/px4_msgs/include/px4_msgs/px4_msgs/msg/detail/vehicle_global_position__struct.h\n'}
[1.650699] (px4_msgs) StdoutLine: {'line': b'-- Up-to-date symlink: /home/carlos/ros2_ws/install/px4_msgs/include/px4_msgs/px4_msgs/msg/detail/vehicle_global_position__type_support.h\n'}
[1.650785] (px4_msgs) StdoutLine: {'line': b'-- Up-to-date symlink: /home/carlos/ros2_ws/install/px4_msgs/include/px4_msgs/px4_msgs/msg/detail/vehicle_imu__functions.h\n'}
[1.650869] (px4_msgs) StdoutLine: {'line': b'-- Up-to-date symlink: /home/carlos/ros2_ws/install/px4_msgs/include/px4_msgs/px4_msgs/msg/detail/vehicle_imu__struct.h\n'}
[1.650954] (px4_msgs) StdoutLine: {'line': b'-- Up-to-date symlink: /home/carlos/ros2_ws/install/px4_msgs/include/px4_msgs/px4_msgs/msg/detail/vehicle_imu__type_support.h\n'}
[1.651040] (px4_msgs) StdoutLine: {'line': b'-- Up-to-date symlink: /home/carlos/ros2_ws/install/px4_msgs/include/px4_msgs/px4_msgs/msg/detail/vehicle_imu_status__functions.h\n'}
[1.651125] (px4_msgs) StdoutLine: {'line': b'-- Up-to-date symlink: /home/carlos/ros2_ws/install/px4_msgs/include/px4_msgs/px4_msgs/msg/detail/vehicle_imu_status__struct.h\n'}
[1.651210] (px4_msgs) StdoutLine: {'line': b'-- Up-to-date symlink: /home/carlos/ros2_ws/install/px4_msgs/include/px4_msgs/px4_msgs/msg/detail/vehicle_imu_status__type_support.h\n'}
[1.651295] (px4_msgs) StdoutLine: {'line': b'-- Up-to-date symlink: /home/carlos/ros2_ws/install/px4_msgs/include/px4_msgs/px4_msgs/msg/detail/vehicle_land_detected__functions.h\n'}
[1.651379] (px4_msgs) StdoutLine: {'line': b'-- Up-to-date symlink: /home/carlos/ros2_ws/install/px4_msgs/include/px4_msgs/px4_msgs/msg/detail/vehicle_land_detected__struct.h\n'}
[1.651472] (px4_msgs) StdoutLine: {'line': b'-- Up-to-date symlink: /home/carlos/ros2_ws/install/px4_msgs/include/px4_msgs/px4_msgs/msg/detail/vehicle_land_detected__type_support.h\n'}
[1.651559] (px4_msgs) StdoutLine: {'line': b'-- Up-to-date symlink: /home/carlos/ros2_ws/install/px4_msgs/include/px4_msgs/px4_msgs/msg/detail/vehicle_local_position__functions.h\n'}
[1.651642] (px4_msgs) StdoutLine: {'line': b'-- Up-to-date symlink: /home/carlos/ros2_ws/install/px4_msgs/include/px4_msgs/px4_msgs/msg/detail/vehicle_local_position__struct.h\n'}
[1.651728] (px4_msgs) StdoutLine: {'line': b'-- Up-to-date symlink: /home/carlos/ros2_ws/install/px4_msgs/include/px4_msgs/px4_msgs/msg/detail/vehicle_local_position__type_support.h\n'}
[1.651812] (px4_msgs) StdoutLine: {'line': b'-- Up-to-date symlink: /home/carlos/ros2_ws/install/px4_msgs/include/px4_msgs/px4_msgs/msg/detail/vehicle_local_position_setpoint__functions.h\n'}
[1.651899] (px4_msgs) StdoutLine: {'line': b'-- Up-to-date symlink: /home/carlos/ros2_ws/install/px4_msgs/include/px4_msgs/px4_msgs/msg/detail/vehicle_local_position_setpoint__struct.h\n'}
[1.651996] (px4_msgs) StdoutLine: {'line': b'-- Up-to-date symlink: /home/carlos/ros2_ws/install/px4_msgs/include/px4_msgs/px4_msgs/msg/detail/vehicle_local_position_setpoint__type_support.h\n'}
[1.652084] (px4_msgs) StdoutLine: {'line': b'-- Up-to-date symlink: /home/carlos/ros2_ws/install/px4_msgs/include/px4_msgs/px4_msgs/msg/detail/vehicle_magnetometer__functions.h\n'}
[1.652175] (px4_msgs) StdoutLine: {'line': b'-- Up-to-date symlink: /home/carlos/ros2_ws/install/px4_msgs/include/px4_msgs/px4_msgs/msg/detail/vehicle_magnetometer__struct.h\n'}
[1.652267] (px4_msgs) StdoutLine: {'line': b'-- Up-to-date symlink: /home/carlos/ros2_ws/install/px4_msgs/include/px4_msgs/px4_msgs/msg/detail/vehicle_magnetometer__type_support.h\n'}
[1.652381] (px4_msgs) StdoutLine: {'line': b'-- Up-to-date symlink: /home/carlos/ros2_ws/install/px4_msgs/include/px4_msgs/px4_msgs/msg/detail/vehicle_odometry__functions.h\n'}
[1.652472] (px4_msgs) StdoutLine: {'line': b'-- Up-to-date symlink: /home/carlos/ros2_ws/install/px4_msgs/include/px4_msgs/px4_msgs/msg/detail/vehicle_odometry__struct.h\n'}
[1.652566] (px4_msgs) StdoutLine: {'line': b'-- Up-to-date symlink: /home/carlos/ros2_ws/install/px4_msgs/include/px4_msgs/px4_msgs/msg/detail/vehicle_odometry__type_support.h\n'}
[1.652652] (px4_msgs) StdoutLine: {'line': b'-- Up-to-date symlink: /home/carlos/ros2_ws/install/px4_msgs/include/px4_msgs/px4_msgs/msg/detail/vehicle_optical_flow__functions.h\n'}
[1.652739] (px4_msgs) StdoutLine: {'line': b'-- Up-to-date symlink: /home/carlos/ros2_ws/install/px4_msgs/include/px4_msgs/px4_msgs/msg/detail/vehicle_optical_flow__struct.h\n'}
[1.652821] (px4_msgs) StdoutLine: {'line': b'-- Up-to-date symlink: /home/carlos/ros2_ws/install/px4_msgs/include/px4_msgs/px4_msgs/msg/detail/vehicle_optical_flow__type_support.h\n'}
[1.652909] (px4_msgs) StdoutLine: {'line': b'-- Up-to-date symlink: /home/carlos/ros2_ws/install/px4_msgs/include/px4_msgs/px4_msgs/msg/detail/vehicle_optical_flow_vel__functions.h\n'}
[1.652990] (px4_msgs) StdoutLine: {'line': b'-- Up-to-date symlink: /home/carlos/ros2_ws/install/px4_msgs/include/px4_msgs/px4_msgs/msg/detail/vehicle_optical_flow_vel__struct.h\n'}
[1.653063] (px4_msgs) StdoutLine: {'line': b'-- Up-to-date symlink: /home/carlos/ros2_ws/install/px4_msgs/include/px4_msgs/px4_msgs/msg/detail/vehicle_optical_flow_vel__type_support.h\n'}
[1.653135] (px4_msgs) StdoutLine: {'line': b'-- Up-to-date symlink: /home/carlos/ros2_ws/install/px4_msgs/include/px4_msgs/px4_msgs/msg/detail/vehicle_rates_setpoint__functions.h\n'}
[1.653220] (px4_msgs) StdoutLine: {'line': b'-- Up-to-date symlink: /home/carlos/ros2_ws/install/px4_msgs/include/px4_msgs/px4_msgs/msg/detail/vehicle_rates_setpoint__struct.h\n'}
[1.653316] (px4_msgs) StdoutLine: {'line': b'-- Up-to-date symlink: /home/carlos/ros2_ws/install/px4_msgs/include/px4_msgs/px4_msgs/msg/detail/vehicle_rates_setpoint__type_support.h\n'}
[1.653406] (px4_msgs) StdoutLine: {'line': b'-- Up-to-date symlink: /home/carlos/ros2_ws/install/px4_msgs/include/px4_msgs/px4_msgs/msg/detail/vehicle_roi__functions.h\n'}
[1.653500] (px4_msgs) StdoutLine: {'line': b'-- Up-to-date symlink: /home/carlos/ros2_ws/install/px4_msgs/include/px4_msgs/px4_msgs/msg/detail/vehicle_roi__struct.h\n'}
[1.653585] (px4_msgs) StdoutLine: {'line': b'-- Up-to-date symlink: /home/carlos/ros2_ws/install/px4_msgs/include/px4_msgs/px4_msgs/msg/detail/vehicle_roi__type_support.h\n'}
[1.653669] (px4_msgs) StdoutLine: {'line': b'-- Up-to-date symlink: /home/carlos/ros2_ws/install/px4_msgs/include/px4_msgs/px4_msgs/msg/detail/vehicle_status__functions.h\n'}
[1.653754] (px4_msgs) StdoutLine: {'line': b'-- Up-to-date symlink: /home/carlos/ros2_ws/install/px4_msgs/include/px4_msgs/px4_msgs/msg/detail/vehicle_status__struct.h\n'}
[1.653839] (px4_msgs) StdoutLine: {'line': b'-- Up-to-date symlink: /home/carlos/ros2_ws/install/px4_msgs/include/px4_msgs/px4_msgs/msg/detail/vehicle_status__type_support.h\n'}
[1.653923] (px4_msgs) StdoutLine: {'line': b'-- Up-to-date symlink: /home/carlos/ros2_ws/install/px4_msgs/include/px4_msgs/px4_msgs/msg/detail/vehicle_thrust_setpoint__functions.h\n'}
[1.654008] (px4_msgs) StdoutLine: {'line': b'-- Up-to-date symlink: /home/carlos/ros2_ws/install/px4_msgs/include/px4_msgs/px4_msgs/msg/detail/vehicle_thrust_setpoint__struct.h\n'}
[1.654092] (px4_msgs) StdoutLine: {'line': b'-- Up-to-date symlink: /home/carlos/ros2_ws/install/px4_msgs/include/px4_msgs/px4_msgs/msg/detail/vehicle_thrust_setpoint__type_support.h\n'}
[1.654177] (px4_msgs) StdoutLine: {'line': b'-- Up-to-date symlink: /home/carlos/ros2_ws/install/px4_msgs/include/px4_msgs/px4_msgs/msg/detail/vehicle_torque_setpoint__functions.h\n'}
[1.654261] (px4_msgs) StdoutLine: {'line': b'-- Up-to-date symlink: /home/carlos/ros2_ws/install/px4_msgs/include/px4_msgs/px4_msgs/msg/detail/vehicle_torque_setpoint__struct.h\n'}
[1.654345] (px4_msgs) StdoutLine: {'line': b'-- Up-to-date symlink: /home/carlos/ros2_ws/install/px4_msgs/include/px4_msgs/px4_msgs/msg/detail/vehicle_torque_setpoint__type_support.h\n'}
[1.654431] (px4_msgs) StdoutLine: {'line': b'-- Up-to-date symlink: /home/carlos/ros2_ws/install/px4_msgs/include/px4_msgs/px4_msgs/msg/detail/velocity_limits__functions.h\n'}
[1.654521] (px4_msgs) StdoutLine: {'line': b'-- Up-to-date symlink: /home/carlos/ros2_ws/install/px4_msgs/include/px4_msgs/px4_msgs/msg/detail/velocity_limits__struct.h\n'}
[1.654606] (px4_msgs) StdoutLine: {'line': b'-- Up-to-date symlink: /home/carlos/ros2_ws/install/px4_msgs/include/px4_msgs/px4_msgs/msg/detail/velocity_limits__type_support.h\n'}
[1.654695] (px4_msgs) StdoutLine: {'line': b'-- Up-to-date symlink: /home/carlos/ros2_ws/install/px4_msgs/include/px4_msgs/px4_msgs/msg/detail/vtol_vehicle_status__functions.h\n'}
[1.654780] (px4_msgs) StdoutLine: {'line': b'-- Up-to-date symlink: /home/carlos/ros2_ws/install/px4_msgs/include/px4_msgs/px4_msgs/msg/detail/vtol_vehicle_status__struct.h\n'}
[1.654866] (px4_msgs) StdoutLine: {'line': b'-- Up-to-date symlink: /home/carlos/ros2_ws/install/px4_msgs/include/px4_msgs/px4_msgs/msg/detail/vtol_vehicle_status__type_support.h\n'}
[1.654951] (px4_msgs) StdoutLine: {'line': b'-- Up-to-date symlink: /home/carlos/ros2_ws/install/px4_msgs/include/px4_msgs/px4_msgs/msg/detail/wheel_encoders__functions.h\n'}
[1.655038] (px4_msgs) StdoutLine: {'line': b'-- Up-to-date symlink: /home/carlos/ros2_ws/install/px4_msgs/include/px4_msgs/px4_msgs/msg/detail/wheel_encoders__struct.h\n'}
[1.655124] (px4_msgs) StdoutLine: {'line': b'-- Up-to-date symlink: /home/carlos/ros2_ws/install/px4_msgs/include/px4_msgs/px4_msgs/msg/detail/wheel_encoders__type_support.h\n'}
[1.655212] (px4_msgs) StdoutLine: {'line': b'-- Up-to-date symlink: /home/carlos/ros2_ws/install/px4_msgs/include/px4_msgs/px4_msgs/msg/detail/wind__functions.h\n'}
[1.655298] (px4_msgs) StdoutLine: {'line': b'-- Up-to-date symlink: /home/carlos/ros2_ws/install/px4_msgs/include/px4_msgs/px4_msgs/msg/detail/wind__struct.h\n'}
[1.655383] (px4_msgs) StdoutLine: {'line': b'-- Up-to-date symlink: /home/carlos/ros2_ws/install/px4_msgs/include/px4_msgs/px4_msgs/msg/detail/wind__type_support.h\n'}
[1.655478] (px4_msgs) StdoutLine: {'line': b'-- Up-to-date symlink: /home/carlos/ros2_ws/install/px4_msgs/include/px4_msgs/px4_msgs/msg/detail/yaw_estimator_status__functions.h\n'}
[1.655564] (px4_msgs) StdoutLine: {'line': b'-- Up-to-date symlink: /home/carlos/ros2_ws/install/px4_msgs/include/px4_msgs/px4_msgs/msg/detail/yaw_estimator_status__struct.h\n'}
[1.655650] (px4_msgs) StdoutLine: {'line': b'-- Up-to-date symlink: /home/carlos/ros2_ws/install/px4_msgs/include/px4_msgs/px4_msgs/msg/detail/yaw_estimator_status__type_support.h\n'}
[1.655731] (px4_msgs) StdoutLine: {'line': b'-- Up-to-date symlink: /home/carlos/ros2_ws/install/px4_msgs/include/px4_msgs/px4_msgs/msg/differential_pressure.h\n'}
[1.655813] (px4_msgs) StdoutLine: {'line': b'-- Up-to-date symlink: /home/carlos/ros2_ws/install/px4_msgs/include/px4_msgs/px4_msgs/msg/distance_sensor.h\n'}
[1.655896] (px4_msgs) StdoutLine: {'line': b'-- Up-to-date symlink: /home/carlos/ros2_ws/install/px4_msgs/include/px4_msgs/px4_msgs/msg/distance_sensor_mode_change_request.h\n'}
[1.655978] (px4_msgs) StdoutLine: {'line': b'-- Up-to-date symlink: /home/carlos/ros2_ws/install/px4_msgs/include/px4_msgs/px4_msgs/msg/dronecan_node_status.h\n'}
[1.656060] (px4_msgs) StdoutLine: {'line': b'-- Up-to-date symlink: /home/carlos/ros2_ws/install/px4_msgs/include/px4_msgs/px4_msgs/msg/ekf2_timestamps.h\n'}
[1.656141] (px4_msgs) StdoutLine: {'line': b'-- Up-to-date symlink: /home/carlos/ros2_ws/install/px4_msgs/include/px4_msgs/px4_msgs/msg/esc_report.h\n'}
[1.656222] (px4_msgs) StdoutLine: {'line': b'-- Up-to-date symlink: /home/carlos/ros2_ws/install/px4_msgs/include/px4_msgs/px4_msgs/msg/esc_status.h\n'}
[1.656304] (px4_msgs) StdoutLine: {'line': b'-- Up-to-date symlink: /home/carlos/ros2_ws/install/px4_msgs/include/px4_msgs/px4_msgs/msg/estimator_aid_source1d.h\n'}
[1.656385] (px4_msgs) StdoutLine: {'line': b'-- Up-to-date symlink: /home/carlos/ros2_ws/install/px4_msgs/include/px4_msgs/px4_msgs/msg/estimator_aid_source2d.h\n'}
[1.656474] (px4_msgs) StdoutLine: {'line': b'-- Up-to-date symlink: /home/carlos/ros2_ws/install/px4_msgs/include/px4_msgs/px4_msgs/msg/estimator_aid_source3d.h\n'}
[1.656556] (px4_msgs) StdoutLine: {'line': b'-- Up-to-date symlink: /home/carlos/ros2_ws/install/px4_msgs/include/px4_msgs/px4_msgs/msg/estimator_bias.h\n'}
[1.656637] (px4_msgs) StdoutLine: {'line': b'-- Up-to-date symlink: /home/carlos/ros2_ws/install/px4_msgs/include/px4_msgs/px4_msgs/msg/estimator_bias3d.h\n'}
[1.656720] (px4_msgs) StdoutLine: {'line': b'-- Up-to-date symlink: /home/carlos/ros2_ws/install/px4_msgs/include/px4_msgs/px4_msgs/msg/estimator_event_flags.h\n'}
[1.656801] (px4_msgs) StdoutLine: {'line': b'-- Up-to-date symlink: /home/carlos/ros2_ws/install/px4_msgs/include/px4_msgs/px4_msgs/msg/estimator_gps_status.h\n'}
[1.656887] (px4_msgs) StdoutLine: {'line': b'-- Up-to-date symlink: /home/carlos/ros2_ws/install/px4_msgs/include/px4_msgs/px4_msgs/msg/estimator_innovations.h\n'}
[1.656971] (px4_msgs) StdoutLine: {'line': b'-- Up-to-date symlink: /home/carlos/ros2_ws/install/px4_msgs/include/px4_msgs/px4_msgs/msg/estimator_selector_status.h\n'}
[1.657053] (px4_msgs) StdoutLine: {'line': b'-- Up-to-date symlink: /home/carlos/ros2_ws/install/px4_msgs/include/px4_msgs/px4_msgs/msg/estimator_sensor_bias.h\n'}
[1.657134] (px4_msgs) StdoutLine: {'line': b'-- Up-to-date symlink: /home/carlos/ros2_ws/install/px4_msgs/include/px4_msgs/px4_msgs/msg/estimator_states.h\n'}
[1.657216] (px4_msgs) StdoutLine: {'line': b'-- Up-to-date symlink: /home/carlos/ros2_ws/install/px4_msgs/include/px4_msgs/px4_msgs/msg/estimator_status.h\n'}
[1.657298] (px4_msgs) StdoutLine: {'line': b'-- Up-to-date symlink: /home/carlos/ros2_ws/install/px4_msgs/include/px4_msgs/px4_msgs/msg/estimator_status_flags.h\n'}
[1.657380] (px4_msgs) StdoutLine: {'line': b'-- Up-to-date symlink: /home/carlos/ros2_ws/install/px4_msgs/include/px4_msgs/px4_msgs/msg/event.h\n'}
[1.657470] (px4_msgs) StdoutLine: {'line': b'-- Up-to-date symlink: /home/carlos/ros2_ws/install/px4_msgs/include/px4_msgs/px4_msgs/msg/failsafe_flags.h\n'}
[1.657553] (px4_msgs) StdoutLine: {'line': b'-- Up-to-date symlink: /home/carlos/ros2_ws/install/px4_msgs/include/px4_msgs/px4_msgs/msg/failure_detector_status.h\n'}
[1.657635] (px4_msgs) StdoutLine: {'line': b'-- Up-to-date symlink: /home/carlos/ros2_ws/install/px4_msgs/include/px4_msgs/px4_msgs/msg/figure_eight_status.h\n'}
[1.657728] (px4_msgs) StdoutLine: {'line': b'-- Up-to-date symlink: /home/carlos/ros2_ws/install/px4_msgs/include/px4_msgs/px4_msgs/msg/fixed_wing_lateral_guidance_status.h\n'}
[1.657811] (px4_msgs) StdoutLine: {'line': b'-- Up-to-date symlink: /home/carlos/ros2_ws/install/px4_msgs/include/px4_msgs/px4_msgs/msg/fixed_wing_lateral_setpoint.h\n'}
[1.657893] (px4_msgs) StdoutLine: {'line': b'-- Up-to-date symlink: /home/carlos/ros2_ws/install/px4_msgs/include/px4_msgs/px4_msgs/msg/fixed_wing_lateral_status.h\n'}
[1.657975] (px4_msgs) StdoutLine: {'line': b'-- Up-to-date symlink: /home/carlos/ros2_ws/install/px4_msgs/include/px4_msgs/px4_msgs/msg/fixed_wing_longitudinal_setpoint.h\n'}
[1.658058] (px4_msgs) StdoutLine: {'line': b'-- Up-to-date symlink: /home/carlos/ros2_ws/install/px4_msgs/include/px4_msgs/px4_msgs/msg/fixed_wing_runway_control.h\n'}
[1.658139] (px4_msgs) StdoutLine: {'line': b'-- Up-to-date symlink: /home/carlos/ros2_ws/install/px4_msgs/include/px4_msgs/px4_msgs/msg/flight_phase_estimation.h\n'}
[1.658228] (px4_msgs) StdoutLine: {'line': b'-- Up-to-date symlink: /home/carlos/ros2_ws/install/px4_msgs/include/px4_msgs/px4_msgs/msg/follow_target.h\n'}
[1.658309] (px4_msgs) StdoutLine: {'line': b'-- Up-to-date symlink: /home/carlos/ros2_ws/install/px4_msgs/include/px4_msgs/px4_msgs/msg/follow_target_estimator.h\n'}
[1.658390] (px4_msgs) StdoutLine: {'line': b'-- Up-to-date symlink: /home/carlos/ros2_ws/install/px4_msgs/include/px4_msgs/px4_msgs/msg/follow_target_status.h\n'}
[1.658477] (px4_msgs) StdoutLine: {'line': b'-- Up-to-date symlink: /home/carlos/ros2_ws/install/px4_msgs/include/px4_msgs/px4_msgs/msg/fuel_tank_status.h\n'}
[1.658557] (px4_msgs) StdoutLine: {'line': b'-- Up-to-date symlink: /home/carlos/ros2_ws/install/px4_msgs/include/px4_msgs/px4_msgs/msg/generator_status.h\n'}
[1.658638] (px4_msgs) StdoutLine: {'line': b'-- Up-to-date symlink: /home/carlos/ros2_ws/install/px4_msgs/include/px4_msgs/px4_msgs/msg/geofence_result.h\n'}
[1.658718] (px4_msgs) StdoutLine: {'line': b'-- Up-to-date symlink: /home/carlos/ros2_ws/install/px4_msgs/include/px4_msgs/px4_msgs/msg/geofence_status.h\n'}
[1.658818] (px4_msgs) StdoutLine: {'line': b'-- Up-to-date symlink: /home/carlos/ros2_ws/install/px4_msgs/include/px4_msgs/px4_msgs/msg/gimbal_controls.h\n'}
[1.658899] (px4_msgs) StdoutLine: {'line': b'-- Up-to-date symlink: /home/carlos/ros2_ws/install/px4_msgs/include/px4_msgs/px4_msgs/msg/gimbal_device_attitude_status.h\n'}
[1.658975] (px4_msgs) StdoutLine: {'line': b'-- Up-to-date symlink: /home/carlos/ros2_ws/install/px4_msgs/include/px4_msgs/px4_msgs/msg/gimbal_device_information.h\n'}
[1.659045] (px4_msgs) StdoutLine: {'line': b'-- Up-to-date symlink: /home/carlos/ros2_ws/install/px4_msgs/include/px4_msgs/px4_msgs/msg/gimbal_device_set_attitude.h\n'}
[1.659123] (px4_msgs) StdoutLine: {'line': b'-- Up-to-date symlink: /home/carlos/ros2_ws/install/px4_msgs/include/px4_msgs/px4_msgs/msg/gimbal_manager_information.h\n'}
[1.659203] (px4_msgs) StdoutLine: {'line': b'-- Up-to-date symlink: /home/carlos/ros2_ws/install/px4_msgs/include/px4_msgs/px4_msgs/msg/gimbal_manager_set_attitude.h\n'}
[1.659283] (px4_msgs) StdoutLine: {'line': b'-- Up-to-date symlink: /home/carlos/ros2_ws/install/px4_msgs/include/px4_msgs/px4_msgs/msg/gimbal_manager_set_manual_control.h\n'}
[1.659363] (px4_msgs) StdoutLine: {'line': b'-- Up-to-date symlink: /home/carlos/ros2_ws/install/px4_msgs/include/px4_msgs/px4_msgs/msg/gimbal_manager_status.h\n'}
[1.659451] (px4_msgs) StdoutLine: {'line': b'-- Up-to-date symlink: /home/carlos/ros2_ws/install/px4_msgs/include/px4_msgs/px4_msgs/msg/goto_setpoint.h\n'}
[1.659533] (px4_msgs) StdoutLine: {'line': b'-- Up-to-date symlink: /home/carlos/ros2_ws/install/px4_msgs/include/px4_msgs/px4_msgs/msg/gpio_config.h\n'}
[1.659614] (px4_msgs) StdoutLine: {'line': b'-- Up-to-date symlink: /home/carlos/ros2_ws/install/px4_msgs/include/px4_msgs/px4_msgs/msg/gpio_in.h\n'}
[1.659695] (px4_msgs) StdoutLine: {'line': b'-- Up-to-date symlink: /home/carlos/ros2_ws/install/px4_msgs/include/px4_msgs/px4_msgs/msg/gpio_out.h\n'}
[1.659776] (px4_msgs) StdoutLine: {'line': b'-- Up-to-date symlink: /home/carlos/ros2_ws/install/px4_msgs/include/px4_msgs/px4_msgs/msg/gpio_request.h\n'}
[1.659856] (px4_msgs) StdoutLine: {'line': b'-- Up-to-date symlink: /home/carlos/ros2_ws/install/px4_msgs/include/px4_msgs/px4_msgs/msg/gps_dump.h\n'}
[1.659937] (px4_msgs) StdoutLine: {'line': b'-- Up-to-date symlink: /home/carlos/ros2_ws/install/px4_msgs/include/px4_msgs/px4_msgs/msg/gps_inject_data.h\n'}
[1.660017] (px4_msgs) StdoutLine: {'line': b'-- Up-to-date symlink: /home/carlos/ros2_ws/install/px4_msgs/include/px4_msgs/px4_msgs/msg/gripper.h\n'}
[1.660098] (px4_msgs) StdoutLine: {'line': b'-- Up-to-date symlink: /home/carlos/ros2_ws/install/px4_msgs/include/px4_msgs/px4_msgs/msg/health_report.h\n'}
[1.660191] (px4_msgs) StdoutLine: {'line': b'-- Up-to-date symlink: /home/carlos/ros2_ws/install/px4_msgs/include/px4_msgs/px4_msgs/msg/heater_status.h\n'}
[1.660270] (px4_msgs) StdoutLine: {'line': b'-- Up-to-date symlink: /home/carlos/ros2_ws/install/px4_msgs/include/px4_msgs/px4_msgs/msg/home_position.h\n'}
[1.660352] (px4_msgs) StdoutLine: {'line': b'-- Up-to-date symlink: /home/carlos/ros2_ws/install/px4_msgs/include/px4_msgs/px4_msgs/msg/hover_thrust_estimate.h\n'}
[1.660439] (px4_msgs) StdoutLine: {'line': b'-- Up-to-date symlink: /home/carlos/ros2_ws/install/px4_msgs/include/px4_msgs/px4_msgs/msg/input_rc.h\n'}
[1.660523] (px4_msgs) StdoutLine: {'line': b'-- Up-to-date symlink: /home/carlos/ros2_ws/install/px4_msgs/include/px4_msgs/px4_msgs/msg/internal_combustion_engine_control.h\n'}
[1.660612] (px4_msgs) StdoutLine: {'line': b'-- Up-to-date symlink: /home/carlos/ros2_ws/install/px4_msgs/include/px4_msgs/px4_msgs/msg/internal_combustion_engine_status.h\n'}
[1.660690] (px4_msgs) StdoutLine: {'line': b'-- Up-to-date symlink: /home/carlos/ros2_ws/install/px4_msgs/include/px4_msgs/px4_msgs/msg/iridiumsbd_status.h\n'}
[1.660776] (px4_msgs) StdoutLine: {'line': b'-- Up-to-date symlink: /home/carlos/ros2_ws/install/px4_msgs/include/px4_msgs/px4_msgs/msg/irlock_report.h\n'}
[1.660857] (px4_msgs) StdoutLine: {'line': b'-- Up-to-date symlink: /home/carlos/ros2_ws/install/px4_msgs/include/px4_msgs/px4_msgs/msg/landing_gear.h\n'}
[1.660939] (px4_msgs) StdoutLine: {'line': b'-- Up-to-date symlink: /home/carlos/ros2_ws/install/px4_msgs/include/px4_msgs/px4_msgs/msg/landing_gear_wheel.h\n'}
[1.661020] (px4_msgs) StdoutLine: {'line': b'-- Up-to-date symlink: /home/carlos/ros2_ws/install/px4_msgs/include/px4_msgs/px4_msgs/msg/landing_target_innovations.h\n'}
[1.661101] (px4_msgs) StdoutLine: {'line': b'-- Up-to-date symlink: /home/carlos/ros2_ws/install/px4_msgs/include/px4_msgs/px4_msgs/msg/landing_target_pose.h\n'}
[1.661182] (px4_msgs) StdoutLine: {'line': b'-- Up-to-date symlink: /home/carlos/ros2_ws/install/px4_msgs/include/px4_msgs/px4_msgs/msg/lateral_control_configuration.h\n'}
[1.661263] (px4_msgs) StdoutLine: {'line': b'-- Up-to-date symlink: /home/carlos/ros2_ws/install/px4_msgs/include/px4_msgs/px4_msgs/msg/launch_detection_status.h\n'}
[1.661343] (px4_msgs) StdoutLine: {'line': b'-- Up-to-date symlink: /home/carlos/ros2_ws/install/px4_msgs/include/px4_msgs/px4_msgs/msg/led_control.h\n'}
[1.661423] (px4_msgs) StdoutLine: {'line': b'-- Up-to-date symlink: /home/carlos/ros2_ws/install/px4_msgs/include/px4_msgs/px4_msgs/msg/log_message.h\n'}
[1.661512] (px4_msgs) StdoutLine: {'line': b'-- Up-to-date symlink: /home/carlos/ros2_ws/install/px4_msgs/include/px4_msgs/px4_msgs/msg/logger_status.h\n'}
[1.661594] (px4_msgs) StdoutLine: {'line': b'-- Up-to-date symlink: /home/carlos/ros2_ws/install/px4_msgs/include/px4_msgs/px4_msgs/msg/longitudinal_control_configuration.h\n'}
[1.661675] (px4_msgs) StdoutLine: {'line': b'-- Up-to-date symlink: /home/carlos/ros2_ws/install/px4_msgs/include/px4_msgs/px4_msgs/msg/mag_worker_data.h\n'}
[1.661757] (px4_msgs) StdoutLine: {'line': b'-- Up-to-date symlink: /home/carlos/ros2_ws/install/px4_msgs/include/px4_msgs/px4_msgs/msg/magnetometer_bias_estimate.h\n'}
[1.661838] (px4_msgs) StdoutLine: {'line': b'-- Up-to-date symlink: /home/carlos/ros2_ws/install/px4_msgs/include/px4_msgs/px4_msgs/msg/manual_control_setpoint.h\n'}
[1.661919] (px4_msgs) StdoutLine: {'line': b'-- Up-to-date symlink: /home/carlos/ros2_ws/install/px4_msgs/include/px4_msgs/px4_msgs/msg/manual_control_switches.h\n'}
[1.662001] (px4_msgs) StdoutLine: {'line': b'-- Up-to-date symlink: /home/carlos/ros2_ws/install/px4_msgs/include/px4_msgs/px4_msgs/msg/mavlink_log.h\n'}
[1.662082] (px4_msgs) StdoutLine: {'line': b'-- Up-to-date symlink: /home/carlos/ros2_ws/install/px4_msgs/include/px4_msgs/px4_msgs/msg/mavlink_tunnel.h\n'}
[1.662163] (px4_msgs) StdoutLine: {'line': b'-- Up-to-date symlink: /home/carlos/ros2_ws/install/px4_msgs/include/px4_msgs/px4_msgs/msg/message_format_request.h\n'}
[1.662252] (px4_msgs) StdoutLine: {'line': b'-- Up-to-date symlink: /home/carlos/ros2_ws/install/px4_msgs/include/px4_msgs/px4_msgs/msg/message_format_response.h\n'}
[1.662332] (px4_msgs) StdoutLine: {'line': b'-- Up-to-date symlink: /home/carlos/ros2_ws/install/px4_msgs/include/px4_msgs/px4_msgs/msg/mission.h\n'}
[1.662413] (px4_msgs) StdoutLine: {'line': b'-- Up-to-date symlink: /home/carlos/ros2_ws/install/px4_msgs/include/px4_msgs/px4_msgs/msg/mission_result.h\n'}
[1.662500] (px4_msgs) StdoutLine: {'line': b'-- Up-to-date symlink: /home/carlos/ros2_ws/install/px4_msgs/include/px4_msgs/px4_msgs/msg/mode_completed.h\n'}
[1.662582] (px4_msgs) StdoutLine: {'line': b'-- Up-to-date symlink: /home/carlos/ros2_ws/install/px4_msgs/include/px4_msgs/px4_msgs/msg/mount_orientation.h\n'}
[1.662662] (px4_msgs) StdoutLine: {'line': b'-- Up-to-date symlink: /home/carlos/ros2_ws/install/px4_msgs/include/px4_msgs/px4_msgs/msg/navigator_mission_item.h\n'}
[1.662756] (px4_msgs) StdoutLine: {'line': b'-- Up-to-date symlink: /home/carlos/ros2_ws/install/px4_msgs/include/px4_msgs/px4_msgs/msg/navigator_status.h\n'}
[1.662833] (px4_msgs) StdoutLine: {'line': b'-- Up-to-date symlink: /home/carlos/ros2_ws/install/px4_msgs/include/px4_msgs/px4_msgs/msg/neural_control.h\n'}
[1.662933] (px4_msgs) StdoutLine: {'line': b'-- Up-to-date symlink: /home/carlos/ros2_ws/install/px4_msgs/include/px4_msgs/px4_msgs/msg/normalized_unsigned_setpoint.h\n'}
[1.663011] (px4_msgs) StdoutLine: {'line': b'-- Up-to-date symlink: /home/carlos/ros2_ws/install/px4_msgs/include/px4_msgs/px4_msgs/msg/obstacle_distance.h\n'}
[1.663094] (px4_msgs) StdoutLine: {'line': b'-- Up-to-date symlink: /home/carlos/ros2_ws/install/px4_msgs/include/px4_msgs/px4_msgs/msg/offboard_control_mode.h\n'}
[1.663177] (px4_msgs) StdoutLine: {'line': b'-- Up-to-date symlink: /home/carlos/ros2_ws/install/px4_msgs/include/px4_msgs/px4_msgs/msg/onboard_computer_status.h\n'}
[1.663259] (px4_msgs) StdoutLine: {'line': b'-- Up-to-date symlink: /home/carlos/ros2_ws/install/px4_msgs/include/px4_msgs/px4_msgs/msg/open_drone_id_arm_status.h\n'}
[1.663341] (px4_msgs) StdoutLine: {'line': b'-- Up-to-date symlink: /home/carlos/ros2_ws/install/px4_msgs/include/px4_msgs/px4_msgs/msg/open_drone_id_operator_id.h\n'}
[1.663423] (px4_msgs) StdoutLine: {'line': b'-- Up-to-date symlink: /home/carlos/ros2_ws/install/px4_msgs/include/px4_msgs/px4_msgs/msg/open_drone_id_self_id.h\n'}
[1.663513] (px4_msgs) StdoutLine: {'line': b'-- Up-to-date symlink: /home/carlos/ros2_ws/install/px4_msgs/include/px4_msgs/px4_msgs/msg/open_drone_id_system.h\n'}
[1.663595] (px4_msgs) StdoutLine: {'line': b'-- Up-to-date symlink: /home/carlos/ros2_ws/install/px4_msgs/include/px4_msgs/px4_msgs/msg/orb_test.h\n'}
[1.663678] (px4_msgs) StdoutLine: {'line': b'-- Up-to-date symlink: /home/carlos/ros2_ws/install/px4_msgs/include/px4_msgs/px4_msgs/msg/orb_test_large.h\n'}
[1.663760] (px4_msgs) StdoutLine: {'line': b'-- Up-to-date symlink: /home/carlos/ros2_ws/install/px4_msgs/include/px4_msgs/px4_msgs/msg/orb_test_medium.h\n'}
[1.663842] (px4_msgs) StdoutLine: {'line': b'-- Up-to-date symlink: /home/carlos/ros2_ws/install/px4_msgs/include/px4_msgs/px4_msgs/msg/orbit_status.h\n'}
[1.663924] (px4_msgs) StdoutLine: {'line': b'-- Up-to-date symlink: /home/carlos/ros2_ws/install/px4_msgs/include/px4_msgs/px4_msgs/msg/parameter_reset_request.h\n'}
[1.664006] (px4_msgs) StdoutLine: {'line': b'-- Up-to-date symlink: /home/carlos/ros2_ws/install/px4_msgs/include/px4_msgs/px4_msgs/msg/parameter_set_used_request.h\n'}
[1.664089] (px4_msgs) StdoutLine: {'line': b'-- Up-to-date symlink: /home/carlos/ros2_ws/install/px4_msgs/include/px4_msgs/px4_msgs/msg/parameter_set_value_request.h\n'}
[1.664171] (px4_msgs) StdoutLine: {'line': b'-- Up-to-date symlink: /home/carlos/ros2_ws/install/px4_msgs/include/px4_msgs/px4_msgs/msg/parameter_set_value_response.h\n'}
[1.664253] (px4_msgs) StdoutLine: {'line': b'-- Up-to-date symlink: /home/carlos/ros2_ws/install/px4_msgs/include/px4_msgs/px4_msgs/msg/parameter_update.h\n'}
[1.664334] (px4_msgs) StdoutLine: {'line': b'-- Up-to-date symlink: /home/carlos/ros2_ws/install/px4_msgs/include/px4_msgs/px4_msgs/msg/ping.h\n'}
[1.664423] (px4_msgs) StdoutLine: {'line': b'-- Up-to-date symlink: /home/carlos/ros2_ws/install/px4_msgs/include/px4_msgs/px4_msgs/msg/position_controller_landing_status.h\n'}
[1.664518] (px4_msgs) StdoutLine: {'line': b'-- Up-to-date symlink: /home/carlos/ros2_ws/install/px4_msgs/include/px4_msgs/px4_msgs/msg/position_controller_status.h\n'}
[1.664602] (px4_msgs) StdoutLine: {'line': b'-- Up-to-date symlink: /home/carlos/ros2_ws/install/px4_msgs/include/px4_msgs/px4_msgs/msg/position_setpoint.h\n'}
[1.664684] (px4_msgs) StdoutLine: {'line': b'-- Up-to-date symlink: /home/carlos/ros2_ws/install/px4_msgs/include/px4_msgs/px4_msgs/msg/position_setpoint_triplet.h\n'}
[1.664766] (px4_msgs) StdoutLine: {'line': b'-- Up-to-date symlink: /home/carlos/ros2_ws/install/px4_msgs/include/px4_msgs/px4_msgs/msg/power_button_state.h\n'}
[1.664848] (px4_msgs) StdoutLine: {'line': b'-- Up-to-date symlink: /home/carlos/ros2_ws/install/px4_msgs/include/px4_msgs/px4_msgs/msg/power_monitor.h\n'}
[1.664930] (px4_msgs) StdoutLine: {'line': b'-- Up-to-date symlink: /home/carlos/ros2_ws/install/px4_msgs/include/px4_msgs/px4_msgs/msg/pps_capture.h\n'}
[1.665013] (px4_msgs) StdoutLine: {'line': b'-- Up-to-date symlink: /home/carlos/ros2_ws/install/px4_msgs/include/px4_msgs/px4_msgs/msg/pure_pursuit_status.h\n'}
[1.665095] (px4_msgs) StdoutLine: {'line': b'-- Up-to-date symlink: /home/carlos/ros2_ws/install/px4_msgs/include/px4_msgs/px4_msgs/msg/pwm_input.h\n'}
[1.665178] (px4_msgs) StdoutLine: {'line': b'-- Up-to-date symlink: /home/carlos/ros2_ws/install/px4_msgs/include/px4_msgs/px4_msgs/msg/px4io_status.h\n'}
[1.665260] (px4_msgs) StdoutLine: {'line': b'-- Up-to-date symlink: /home/carlos/ros2_ws/install/px4_msgs/include/px4_msgs/px4_msgs/msg/qshell_req.h\n'}
[1.665341] (px4_msgs) StdoutLine: {'line': b'-- Up-to-date symlink: /home/carlos/ros2_ws/install/px4_msgs/include/px4_msgs/px4_msgs/msg/qshell_retval.h\n'}
[1.665423] (px4_msgs) StdoutLine: {'line': b'-- Up-to-date symlink: /home/carlos/ros2_ws/install/px4_msgs/include/px4_msgs/px4_msgs/msg/radio_status.h\n'}
[1.665512] (px4_msgs) StdoutLine: {'line': b'-- Up-to-date symlink: /home/carlos/ros2_ws/install/px4_msgs/include/px4_msgs/px4_msgs/msg/rate_ctrl_status.h\n'}
[1.665594] (px4_msgs) StdoutLine: {'line': b'-- Up-to-date symlink: /home/carlos/ros2_ws/install/px4_msgs/include/px4_msgs/px4_msgs/msg/rc_channels.h\n'}
[1.665676] (px4_msgs) StdoutLine: {'line': b'-- Up-to-date symlink: /home/carlos/ros2_ws/install/px4_msgs/include/px4_msgs/px4_msgs/msg/rc_parameter_map.h\n'}
[1.665760] (px4_msgs) StdoutLine: {'line': b'-- Up-to-date symlink: /home/carlos/ros2_ws/install/px4_msgs/include/px4_msgs/px4_msgs/msg/register_ext_component_reply.h\n'}
[1.665842] (px4_msgs) StdoutLine: {'line': b'-- Up-to-date symlink: /home/carlos/ros2_ws/install/px4_msgs/include/px4_msgs/px4_msgs/msg/register_ext_component_request.h\n'}
[1.665925] (px4_msgs) StdoutLine: {'line': b'-- Up-to-date symlink: /home/carlos/ros2_ws/install/px4_msgs/include/px4_msgs/px4_msgs/msg/rosidl_generator_c__visibility_control.h\n'}
[1.666007] (px4_msgs) StdoutLine: {'line': b'-- Up-to-date symlink: /home/carlos/ros2_ws/install/px4_msgs/include/px4_msgs/px4_msgs/msg/rover_attitude_setpoint.h\n'}
[1.666089] (px4_msgs) StdoutLine: {'line': b'-- Up-to-date symlink: /home/carlos/ros2_ws/install/px4_msgs/include/px4_msgs/px4_msgs/msg/rover_attitude_status.h\n'}
[1.666172] (px4_msgs) StdoutLine: {'line': b'-- Up-to-date symlink: /home/carlos/ros2_ws/install/px4_msgs/include/px4_msgs/px4_msgs/msg/rover_position_setpoint.h\n'}
[1.666254] (px4_msgs) StdoutLine: {'line': b'-- Up-to-date symlink: /home/carlos/ros2_ws/install/px4_msgs/include/px4_msgs/px4_msgs/msg/rover_rate_setpoint.h\n'}
[1.666338] (px4_msgs) StdoutLine: {'line': b'-- Up-to-date symlink: /home/carlos/ros2_ws/install/px4_msgs/include/px4_msgs/px4_msgs/msg/rover_rate_status.h\n'}
[1.666421] (px4_msgs) StdoutLine: {'line': b'-- Up-to-date symlink: /home/carlos/ros2_ws/install/px4_msgs/include/px4_msgs/px4_msgs/msg/rover_speed_setpoint.h\n'}
[1.666509] (px4_msgs) StdoutLine: {'line': b'-- Up-to-date symlink: /home/carlos/ros2_ws/install/px4_msgs/include/px4_msgs/px4_msgs/msg/rover_speed_status.h\n'}
[1.666593] (px4_msgs) StdoutLine: {'line': b'-- Up-to-date symlink: /home/carlos/ros2_ws/install/px4_msgs/include/px4_msgs/px4_msgs/msg/rover_steering_setpoint.h\n'}
[1.666674] (px4_msgs) StdoutLine: {'line': b'-- Up-to-date symlink: /home/carlos/ros2_ws/install/px4_msgs/include/px4_msgs/px4_msgs/msg/rover_throttle_setpoint.h\n'}
[1.666756] (px4_msgs) StdoutLine: {'line': b'-- Up-to-date symlink: /home/carlos/ros2_ws/install/px4_msgs/include/px4_msgs/px4_msgs/msg/rpm.h\n'}
[1.666839] (px4_msgs) StdoutLine: {'line': b'-- Up-to-date symlink: /home/carlos/ros2_ws/install/px4_msgs/include/px4_msgs/px4_msgs/msg/rtl_status.h\n'}
[1.666921] (px4_msgs) StdoutLine: {'line': b'-- Up-to-date symlink: /home/carlos/ros2_ws/install/px4_msgs/include/px4_msgs/px4_msgs/msg/rtl_time_estimate.h\n'}
[1.667003] (px4_msgs) StdoutLine: {'line': b'-- Up-to-date symlink: /home/carlos/ros2_ws/install/px4_msgs/include/px4_msgs/px4_msgs/msg/satellite_info.h\n'}
[1.667085] (px4_msgs) StdoutLine: {'line': b'-- Up-to-date symlink: /home/carlos/ros2_ws/install/px4_msgs/include/px4_msgs/px4_msgs/msg/sensor_accel.h\n'}
[1.667166] (px4_msgs) StdoutLine: {'line': b'-- Up-to-date symlink: /home/carlos/ros2_ws/install/px4_msgs/include/px4_msgs/px4_msgs/msg/sensor_accel_fifo.h\n'}
[1.667248] (px4_msgs) StdoutLine: {'line': b'-- Up-to-date symlink: /home/carlos/ros2_ws/install/px4_msgs/include/px4_msgs/px4_msgs/msg/sensor_airflow.h\n'}
[1.667330] (px4_msgs) StdoutLine: {'line': b'-- Up-to-date symlink: /home/carlos/ros2_ws/install/px4_msgs/include/px4_msgs/px4_msgs/msg/sensor_baro.h\n'}
[1.667412] (px4_msgs) StdoutLine: {'line': b'-- Up-to-date symlink: /home/carlos/ros2_ws/install/px4_msgs/include/px4_msgs/px4_msgs/msg/sensor_combined.h\n'}
[1.667501] (px4_msgs) StdoutLine: {'line': b'-- Up-to-date symlink: /home/carlos/ros2_ws/install/px4_msgs/include/px4_msgs/px4_msgs/msg/sensor_correction.h\n'}
[1.667584] (px4_msgs) StdoutLine: {'line': b'-- Up-to-date symlink: /home/carlos/ros2_ws/install/px4_msgs/include/px4_msgs/px4_msgs/msg/sensor_gnss_relative.h\n'}
[1.667667] (px4_msgs) StdoutLine: {'line': b'-- Up-to-date symlink: /home/carlos/ros2_ws/install/px4_msgs/include/px4_msgs/px4_msgs/msg/sensor_gnss_status.h\n'}
[1.667749] (px4_msgs) StdoutLine: {'line': b'-- Up-to-date symlink: /home/carlos/ros2_ws/install/px4_msgs/include/px4_msgs/px4_msgs/msg/sensor_gps.h\n'}
[1.667840] (px4_msgs) StdoutLine: {'line': b'-- Up-to-date symlink: /home/carlos/ros2_ws/install/px4_msgs/include/px4_msgs/px4_msgs/msg/sensor_gyro.h\n'}
[1.667921] (px4_msgs) StdoutLine: {'line': b'-- Up-to-date symlink: /home/carlos/ros2_ws/install/px4_msgs/include/px4_msgs/px4_msgs/msg/sensor_gyro_fft.h\n'}
[1.668002] (px4_msgs) StdoutLine: {'line': b'-- Up-to-date symlink: /home/carlos/ros2_ws/install/px4_msgs/include/px4_msgs/px4_msgs/msg/sensor_gyro_fifo.h\n'}
[1.668083] (px4_msgs) StdoutLine: {'line': b'-- Up-to-date symlink: /home/carlos/ros2_ws/install/px4_msgs/include/px4_msgs/px4_msgs/msg/sensor_hygrometer.h\n'}
[1.668163] (px4_msgs) StdoutLine: {'line': b'-- Up-to-date symlink: /home/carlos/ros2_ws/install/px4_msgs/include/px4_msgs/px4_msgs/msg/sensor_mag.h\n'}
[1.668249] (px4_msgs) StdoutLine: {'line': b'-- Up-to-date symlink: /home/carlos/ros2_ws/install/px4_msgs/include/px4_msgs/px4_msgs/msg/sensor_optical_flow.h\n'}
[1.668330] (px4_msgs) StdoutLine: {'line': b'-- Up-to-date symlink: /home/carlos/ros2_ws/install/px4_msgs/include/px4_msgs/px4_msgs/msg/sensor_preflight_mag.h\n'}
[1.668411] (px4_msgs) StdoutLine: {'line': b'-- Up-to-date symlink: /home/carlos/ros2_ws/install/px4_msgs/include/px4_msgs/px4_msgs/msg/sensor_selection.h\n'}
[1.668499] (px4_msgs) StdoutLine: {'line': b'-- Up-to-date symlink: /home/carlos/ros2_ws/install/px4_msgs/include/px4_msgs/px4_msgs/msg/sensor_uwb.h\n'}
[1.668580] (px4_msgs) StdoutLine: {'line': b'-- Up-to-date symlink: /home/carlos/ros2_ws/install/px4_msgs/include/px4_msgs/px4_msgs/msg/sensors_status.h\n'}
[1.668661] (px4_msgs) StdoutLine: {'line': b'-- Up-to-date symlink: /home/carlos/ros2_ws/install/px4_msgs/include/px4_msgs/px4_msgs/msg/sensors_status_imu.h\n'}
[1.668742] (px4_msgs) StdoutLine: {'line': b'-- Up-to-date symlink: /home/carlos/ros2_ws/install/px4_msgs/include/px4_msgs/px4_msgs/msg/system_power.h\n'}
[1.668823] (px4_msgs) StdoutLine: {'line': b'-- Up-to-date symlink: /home/carlos/ros2_ws/install/px4_msgs/include/px4_msgs/px4_msgs/msg/takeoff_status.h\n'}
[1.668902] (px4_msgs) StdoutLine: {'line': b'-- Up-to-date symlink: /home/carlos/ros2_ws/install/px4_msgs/include/px4_msgs/px4_msgs/msg/task_stack_info.h\n'}
[1.668983] (px4_msgs) StdoutLine: {'line': b'-- Up-to-date symlink: /home/carlos/ros2_ws/install/px4_msgs/include/px4_msgs/px4_msgs/msg/tecs_status.h\n'}
[1.669063] (px4_msgs) StdoutLine: {'line': b'-- Up-to-date symlink: /home/carlos/ros2_ws/install/px4_msgs/include/px4_msgs/px4_msgs/msg/telemetry_status.h\n'}
[1.669144] (px4_msgs) StdoutLine: {'line': b'-- Up-to-date symlink: /home/carlos/ros2_ws/install/px4_msgs/include/px4_msgs/px4_msgs/msg/tiltrotor_extra_controls.h\n'}
[1.669226] (px4_msgs) StdoutLine: {'line': b'-- Up-to-date symlink: /home/carlos/ros2_ws/install/px4_msgs/include/px4_msgs/px4_msgs/msg/timesync_status.h\n'}
[1.669307] (px4_msgs) StdoutLine: {'line': b'-- Up-to-date symlink: /home/carlos/ros2_ws/install/px4_msgs/include/px4_msgs/px4_msgs/msg/trajectory_setpoint.h\n'}
[1.669388] (px4_msgs) StdoutLine: {'line': b'-- Up-to-date symlink: /home/carlos/ros2_ws/install/px4_msgs/include/px4_msgs/px4_msgs/msg/trajectory_setpoint6dof.h\n'}
[1.669476] (px4_msgs) StdoutLine: {'line': b'-- Up-to-date symlink: /home/carlos/ros2_ws/install/px4_msgs/include/px4_msgs/px4_msgs/msg/transponder_report.h\n'}
[1.669557] (px4_msgs) StdoutLine: {'line': b'-- Up-to-date symlink: /home/carlos/ros2_ws/install/px4_msgs/include/px4_msgs/px4_msgs/msg/tune_control.h\n'}
[1.669637] (px4_msgs) StdoutLine: {'line': b'-- Up-to-date symlink: /home/carlos/ros2_ws/install/px4_msgs/include/px4_msgs/px4_msgs/msg/uavcan_parameter_request.h\n'}
[1.669718] (px4_msgs) StdoutLine: {'line': b'-- Up-to-date symlink: /home/carlos/ros2_ws/install/px4_msgs/include/px4_msgs/px4_msgs/msg/uavcan_parameter_value.h\n'}
[1.669799] (px4_msgs) StdoutLine: {'line': b'-- Up-to-date symlink: /home/carlos/ros2_ws/install/px4_msgs/include/px4_msgs/px4_msgs/msg/ulog_stream.h\n'}
[1.669880] (px4_msgs) StdoutLine: {'line': b'-- Up-to-date symlink: /home/carlos/ros2_ws/install/px4_msgs/include/px4_msgs/px4_msgs/msg/ulog_stream_ack.h\n'}
[1.669961] (px4_msgs) StdoutLine: {'line': b'-- Up-to-date symlink: /home/carlos/ros2_ws/install/px4_msgs/include/px4_msgs/px4_msgs/msg/unregister_ext_component.h\n'}
[1.670041] (px4_msgs) StdoutLine: {'line': b'-- Up-to-date symlink: /home/carlos/ros2_ws/install/px4_msgs/include/px4_msgs/px4_msgs/msg/vehicle_acceleration.h\n'}
[1.670122] (px4_msgs) StdoutLine: {'line': b'-- Up-to-date symlink: /home/carlos/ros2_ws/install/px4_msgs/include/px4_msgs/px4_msgs/msg/vehicle_air_data.h\n'}
[1.670205] (px4_msgs) StdoutLine: {'line': b'-- Up-to-date symlink: /home/carlos/ros2_ws/install/px4_msgs/include/px4_msgs/px4_msgs/msg/vehicle_angular_acceleration_setpoint.h\n'}
[1.670286] (px4_msgs) StdoutLine: {'line': b'-- Up-to-date symlink: /home/carlos/ros2_ws/install/px4_msgs/include/px4_msgs/px4_msgs/msg/vehicle_angular_velocity.h\n'}
[1.670367] (px4_msgs) StdoutLine: {'line': b'-- Up-to-date symlink: /home/carlos/ros2_ws/install/px4_msgs/include/px4_msgs/px4_msgs/msg/vehicle_attitude.h\n'}
[1.670463] (px4_msgs) StdoutLine: {'line': b'-- Up-to-date symlink: /home/carlos/ros2_ws/install/px4_msgs/include/px4_msgs/px4_msgs/msg/vehicle_attitude_setpoint.h\n'}
[1.670543] (px4_msgs) StdoutLine: {'line': b'-- Up-to-date symlink: /home/carlos/ros2_ws/install/px4_msgs/include/px4_msgs/px4_msgs/msg/vehicle_command.h\n'}
[1.670624] (px4_msgs) StdoutLine: {'line': b'-- Up-to-date symlink: /home/carlos/ros2_ws/install/px4_msgs/include/px4_msgs/px4_msgs/msg/vehicle_command_ack.h\n'}
[1.670704] (px4_msgs) StdoutLine: {'line': b'-- Up-to-date symlink: /home/carlos/ros2_ws/install/px4_msgs/include/px4_msgs/px4_msgs/msg/vehicle_constraints.h\n'}
[1.670785] (px4_msgs) StdoutLine: {'line': b'-- Up-to-date symlink: /home/carlos/ros2_ws/install/px4_msgs/include/px4_msgs/px4_msgs/msg/vehicle_control_mode.h\n'}
[1.670865] (px4_msgs) StdoutLine: {'line': b'-- Up-to-date symlink: /home/carlos/ros2_ws/install/px4_msgs/include/px4_msgs/px4_msgs/msg/vehicle_global_position.h\n'}
[1.670946] (px4_msgs) StdoutLine: {'line': b'-- Up-to-date symlink: /home/carlos/ros2_ws/install/px4_msgs/include/px4_msgs/px4_msgs/msg/vehicle_imu.h\n'}
[1.671027] (px4_msgs) StdoutLine: {'line': b'-- Up-to-date symlink: /home/carlos/ros2_ws/install/px4_msgs/include/px4_msgs/px4_msgs/msg/vehicle_imu_status.h\n'}
[1.671109] (px4_msgs) StdoutLine: {'line': b'-- Up-to-date symlink: /home/carlos/ros2_ws/install/px4_msgs/include/px4_msgs/px4_msgs/msg/vehicle_land_detected.h\n'}
[1.671189] (px4_msgs) StdoutLine: {'line': b'-- Up-to-date symlink: /home/carlos/ros2_ws/install/px4_msgs/include/px4_msgs/px4_msgs/msg/vehicle_local_position.h\n'}
[1.671271] (px4_msgs) StdoutLine: {'line': b'-- Up-to-date symlink: /home/carlos/ros2_ws/install/px4_msgs/include/px4_msgs/px4_msgs/msg/vehicle_local_position_setpoint.h\n'}
[1.671351] (px4_msgs) StdoutLine: {'line': b'-- Up-to-date symlink: /home/carlos/ros2_ws/install/px4_msgs/include/px4_msgs/px4_msgs/msg/vehicle_magnetometer.h\n'}
[1.671438] (px4_msgs) StdoutLine: {'line': b'-- Up-to-date symlink: /home/carlos/ros2_ws/install/px4_msgs/include/px4_msgs/px4_msgs/msg/vehicle_odometry.h\n'}
[1.671519] (px4_msgs) StdoutLine: {'line': b'-- Up-to-date symlink: /home/carlos/ros2_ws/install/px4_msgs/include/px4_msgs/px4_msgs/msg/vehicle_optical_flow.h\n'}
[1.671600] (px4_msgs) StdoutLine: {'line': b'-- Up-to-date symlink: /home/carlos/ros2_ws/install/px4_msgs/include/px4_msgs/px4_msgs/msg/vehicle_optical_flow_vel.h\n'}
[1.671680] (px4_msgs) StdoutLine: {'line': b'-- Up-to-date symlink: /home/carlos/ros2_ws/install/px4_msgs/include/px4_msgs/px4_msgs/msg/vehicle_rates_setpoint.h\n'}
[1.671760] (px4_msgs) StdoutLine: {'line': b'-- Up-to-date symlink: /home/carlos/ros2_ws/install/px4_msgs/include/px4_msgs/px4_msgs/msg/vehicle_roi.h\n'}
[1.671841] (px4_msgs) StdoutLine: {'line': b'-- Up-to-date symlink: /home/carlos/ros2_ws/install/px4_msgs/include/px4_msgs/px4_msgs/msg/vehicle_status.h\n'}
[1.671933] (px4_msgs) StdoutLine: {'line': b'-- Up-to-date symlink: /home/carlos/ros2_ws/install/px4_msgs/include/px4_msgs/px4_msgs/msg/vehicle_thrust_setpoint.h\n'}
[1.672018] (px4_msgs) StdoutLine: {'line': b'-- Up-to-date symlink: /home/carlos/ros2_ws/install/px4_msgs/include/px4_msgs/px4_msgs/msg/vehicle_torque_setpoint.h\n'}
[1.672103] (px4_msgs) StdoutLine: {'line': b'-- Up-to-date symlink: /home/carlos/ros2_ws/install/px4_msgs/include/px4_msgs/px4_msgs/msg/velocity_limits.h\n'}
[1.672184] (px4_msgs) StdoutLine: {'line': b'-- Up-to-date symlink: /home/carlos/ros2_ws/install/px4_msgs/include/px4_msgs/px4_msgs/msg/vtol_vehicle_status.h\n'}
[1.672264] (px4_msgs) StdoutLine: {'line': b'-- Up-to-date symlink: /home/carlos/ros2_ws/install/px4_msgs/include/px4_msgs/px4_msgs/msg/wheel_encoders.h\n'}
[1.672345] (px4_msgs) StdoutLine: {'line': b'-- Up-to-date symlink: /home/carlos/ros2_ws/install/px4_msgs/include/px4_msgs/px4_msgs/msg/wind.h\n'}
[1.672427] (px4_msgs) StdoutLine: {'line': b'-- Up-to-date symlink: /home/carlos/ros2_ws/install/px4_msgs/include/px4_msgs/px4_msgs/msg/yaw_estimator_status.h\n'}
[1.672523] (px4_msgs) StdoutLine: {'line': b'-- Up-to-date symlink: /home/carlos/ros2_ws/install/px4_msgs/include/px4_msgs/px4_msgs/srv/detail/vehicle_command__functions.h\n'}
[1.672620] (px4_msgs) StdoutLine: {'line': b'-- Up-to-date symlink: /home/carlos/ros2_ws/install/px4_msgs/include/px4_msgs/px4_msgs/srv/detail/vehicle_command__struct.h\n'}
[1.672703] (px4_msgs) StdoutLine: {'line': b'-- Up-to-date symlink: /home/carlos/ros2_ws/install/px4_msgs/include/px4_msgs/px4_msgs/srv/detail/vehicle_command__type_support.h\n'}
[1.672784] (px4_msgs) StdoutLine: {'line': b'-- Up-to-date symlink: /home/carlos/ros2_ws/install/px4_msgs/include/px4_msgs/px4_msgs/srv/vehicle_command.h\n'}
[1.672976] (px4_msgs) StdoutLine: {'line': b'-- Up-to-date symlink: /home/carlos/ros2_ws/install/px4_msgs/share/px4_msgs/environment/library_path.sh\n'}
[1.673089] (px4_msgs) StdoutLine: {'line': b'-- Up-to-date symlink: /home/carlos/ros2_ws/install/px4_msgs/share/px4_msgs/environment/library_path.dsv\n'}
[1.679193] (px4_msgs) StdoutLine: {'line': b'-- Up-to-date symlink: /home/carlos/ros2_ws/install/px4_msgs/include/px4_msgs/px4_msgs/msg/detail/action_request__rosidl_typesupport_fastrtps_c.h\n'}
[1.679426] (px4_msgs) StdoutLine: {'line': b'-- Up-to-date symlink: /home/carlos/ros2_ws/install/px4_msgs/include/px4_msgs/px4_msgs/msg/detail/actuator_armed__rosidl_typesupport_fastrtps_c.h\n'}
[1.679703] (px4_msgs) StdoutLine: {'line': b'-- Up-to-date symlink: /home/carlos/ros2_ws/install/px4_msgs/include/px4_msgs/px4_msgs/msg/detail/actuator_controls_status__rosidl_typesupport_fastrtps_c.h\n'}
[1.679877] (px4_msgs) StdoutLine: {'line': b'-- Up-to-date symlink: /home/carlos/ros2_ws/install/px4_msgs/include/px4_msgs/px4_msgs/msg/detail/actuator_motors__rosidl_typesupport_fastrtps_c.h\n'}
[1.680029] (px4_msgs) StdoutLine: {'line': b'-- Up-to-date symlink: /home/carlos/ros2_ws/install/px4_msgs/include/px4_msgs/px4_msgs/msg/detail/actuator_outputs__rosidl_typesupport_fastrtps_c.h\n'}
[1.680248] (px4_msgs) StdoutLine: {'line': b'-- Up-to-date symlink: /home/carlos/ros2_ws/install/px4_msgs/include/px4_msgs/px4_msgs/msg/detail/actuator_servos__rosidl_typesupport_fastrtps_c.h\n'}
[1.680395] (px4_msgs) StdoutLine: {'line': b'-- Up-to-date symlink: /home/carlos/ros2_ws/install/px4_msgs/include/px4_msgs/px4_msgs/msg/detail/actuator_servos_trim__rosidl_typesupport_fastrtps_c.h\n'}
[1.680557] (px4_msgs) StdoutLine: {'line': b'-- Up-to-date symlink: /home/carlos/ros2_ws/install/px4_msgs/include/px4_msgs/px4_msgs/msg/detail/actuator_test__rosidl_typesupport_fastrtps_c.h\n'}
[1.680698] (px4_msgs) StdoutLine: {'line': b'-- Up-to-date symlink: /home/carlos/ros2_ws/install/px4_msgs/include/px4_msgs/px4_msgs/msg/detail/adc_report__rosidl_typesupport_fastrtps_c.h\n'}
[1.680838] (px4_msgs) StdoutLine: {'line': b'-- Up-to-date symlink: /home/carlos/ros2_ws/install/px4_msgs/include/px4_msgs/px4_msgs/msg/detail/airspeed__rosidl_typesupport_fastrtps_c.h\n'}
[1.680904] (px4_msgs) StdoutLine: {'line': b'-- Up-to-date symlink: /home/carlos/ros2_ws/install/px4_msgs/include/px4_msgs/px4_msgs/msg/detail/airspeed_validated__rosidl_typesupport_fastrtps_c.h\n'}
[1.681026] (px4_msgs) StdoutLine: {'line': b'-- Up-to-date symlink: /home/carlos/ros2_ws/install/px4_msgs/include/px4_msgs/px4_msgs/msg/detail/airspeed_wind__rosidl_typesupport_fastrtps_c.h\n'}
[1.681088] (px4_msgs) StdoutLine: {'line': b'-- Up-to-date symlink: /home/carlos/ros2_ws/install/px4_msgs/include/px4_msgs/px4_msgs/msg/detail/arming_check_reply__rosidl_typesupport_fastrtps_c.h\n'}
[1.681156] (px4_msgs) StdoutLine: {'line': b'-- Up-to-date symlink: /home/carlos/ros2_ws/install/px4_msgs/include/px4_msgs/px4_msgs/msg/detail/arming_check_request__rosidl_typesupport_fastrtps_c.h\n'}
[1.681221] (px4_msgs) StdoutLine: {'line': b'-- Up-to-date symlink: /home/carlos/ros2_ws/install/px4_msgs/include/px4_msgs/px4_msgs/msg/detail/autotune_attitude_control_status__rosidl_typesupport_fastrtps_c.h\n'}
[1.681286] (px4_msgs) StdoutLine: {'line': b'-- Up-to-date symlink: /home/carlos/ros2_ws/install/px4_msgs/include/px4_msgs/px4_msgs/msg/detail/battery_info__rosidl_typesupport_fastrtps_c.h\n'}
[1.681352] (px4_msgs) StdoutLine: {'line': b'-- Up-to-date symlink: /home/carlos/ros2_ws/install/px4_msgs/include/px4_msgs/px4_msgs/msg/detail/battery_status__rosidl_typesupport_fastrtps_c.h\n'}
[1.681417] (px4_msgs) StdoutLine: {'line': b'-- Up-to-date symlink: /home/carlos/ros2_ws/install/px4_msgs/include/px4_msgs/px4_msgs/msg/detail/button_event__rosidl_typesupport_fastrtps_c.h\n'}
[1.681495] (px4_msgs) StdoutLine: {'line': b'-- Up-to-date symlink: /home/carlos/ros2_ws/install/px4_msgs/include/px4_msgs/px4_msgs/msg/detail/camera_capture__rosidl_typesupport_fastrtps_c.h\n'}
[1.681561] (px4_msgs) StdoutLine: {'line': b'-- Up-to-date symlink: /home/carlos/ros2_ws/install/px4_msgs/include/px4_msgs/px4_msgs/msg/detail/camera_status__rosidl_typesupport_fastrtps_c.h\n'}
[1.681626] (px4_msgs) StdoutLine: {'line': b'-- Up-to-date symlink: /home/carlos/ros2_ws/install/px4_msgs/include/px4_msgs/px4_msgs/msg/detail/camera_trigger__rosidl_typesupport_fastrtps_c.h\n'}
[1.681691] (px4_msgs) StdoutLine: {'line': b'-- Up-to-date symlink: /home/carlos/ros2_ws/install/px4_msgs/include/px4_msgs/px4_msgs/msg/detail/can_interface_status__rosidl_typesupport_fastrtps_c.h\n'}
[1.681787] (px4_msgs) StdoutLine: {'line': b'-- Up-to-date symlink: /home/carlos/ros2_ws/install/px4_msgs/include/px4_msgs/px4_msgs/msg/detail/cellular_status__rosidl_typesupport_fastrtps_c.h\n'}
[1.681853] (px4_msgs) StdoutLine: {'line': b'-- Up-to-date symlink: /home/carlos/ros2_ws/install/px4_msgs/include/px4_msgs/px4_msgs/msg/detail/collision_constraints__rosidl_typesupport_fastrtps_c.h\n'}
[1.681915] (px4_msgs) StdoutLine: {'line': b'-- Up-to-date symlink: /home/carlos/ros2_ws/install/px4_msgs/include/px4_msgs/px4_msgs/msg/detail/config_overrides__rosidl_typesupport_fastrtps_c.h\n'}
[1.682003] (px4_msgs) StdoutLine: {'line': b'-- Up-to-date symlink: /home/carlos/ros2_ws/install/px4_msgs/include/px4_msgs/px4_msgs/msg/detail/control_allocator_status__rosidl_typesupport_fastrtps_c.h\n'}
[1.682069] (px4_msgs) StdoutLine: {'line': b'-- Up-to-date symlink: /home/carlos/ros2_ws/install/px4_msgs/include/px4_msgs/px4_msgs/msg/detail/cpuload__rosidl_typesupport_fastrtps_c.h\n'}
[1.682134] (px4_msgs) StdoutLine: {'line': b'-- Up-to-date symlink: /home/carlos/ros2_ws/install/px4_msgs/include/px4_msgs/px4_msgs/msg/detail/dataman_request__rosidl_typesupport_fastrtps_c.h\n'}
[1.682199] (px4_msgs) StdoutLine: {'line': b'-- Up-to-date symlink: /home/carlos/ros2_ws/install/px4_msgs/include/px4_msgs/px4_msgs/msg/detail/dataman_response__rosidl_typesupport_fastrtps_c.h\n'}
[1.682261] (px4_msgs) StdoutLine: {'line': b'-- Up-to-date symlink: /home/carlos/ros2_ws/install/px4_msgs/include/px4_msgs/px4_msgs/msg/detail/debug_array__rosidl_typesupport_fastrtps_c.h\n'}
[1.682325] (px4_msgs) StdoutLine: {'line': b'-- Up-to-date symlink: /home/carlos/ros2_ws/install/px4_msgs/include/px4_msgs/px4_msgs/msg/detail/debug_key_value__rosidl_typesupport_fastrtps_c.h\n'}
[1.682389] (px4_msgs) StdoutLine: {'line': b'-- Up-to-date symlink: /home/carlos/ros2_ws/install/px4_msgs/include/px4_msgs/px4_msgs/msg/detail/debug_value__rosidl_typesupport_fastrtps_c.h\n'}
[1.682461] (px4_msgs) StdoutLine: {'line': b'-- Up-to-date symlink: /home/carlos/ros2_ws/install/px4_msgs/include/px4_msgs/px4_msgs/msg/detail/debug_vect__rosidl_typesupport_fastrtps_c.h\n'}
[1.682547] (px4_msgs) StdoutLine: {'line': b'-- Up-to-date symlink: /home/carlos/ros2_ws/install/px4_msgs/include/px4_msgs/px4_msgs/msg/detail/differential_pressure__rosidl_typesupport_fastrtps_c.h\n'}
[1.682650] (px4_msgs) StdoutLine: {'line': b'-- Up-to-date symlink: /home/carlos/ros2_ws/install/px4_msgs/include/px4_msgs/px4_msgs/msg/detail/distance_sensor__rosidl_typesupport_fastrtps_c.h\n'}
[1.682721] (px4_msgs) StdoutLine: {'line': b'-- Up-to-date symlink: /home/carlos/ros2_ws/install/px4_msgs/include/px4_msgs/px4_msgs/msg/detail/distance_sensor_mode_change_request__rosidl_typesupport_fastrtps_c.h\n'}
[1.682786] (px4_msgs) StdoutLine: {'line': b'-- Up-to-date symlink: /home/carlos/ros2_ws/install/px4_msgs/include/px4_msgs/px4_msgs/msg/detail/dronecan_node_status__rosidl_typesupport_fastrtps_c.h\n'}
[1.682851] (px4_msgs) StdoutLine: {'line': b'-- Up-to-date symlink: /home/carlos/ros2_ws/install/px4_msgs/include/px4_msgs/px4_msgs/msg/detail/ekf2_timestamps__rosidl_typesupport_fastrtps_c.h\n'}
[1.682916] (px4_msgs) StdoutLine: {'line': b'-- Up-to-date symlink: /home/carlos/ros2_ws/install/px4_msgs/include/px4_msgs/px4_msgs/msg/detail/esc_report__rosidl_typesupport_fastrtps_c.h\n'}
[1.683021] (px4_msgs) StdoutLine: {'line': b'-- Up-to-date symlink: /home/carlos/ros2_ws/install/px4_msgs/include/px4_msgs/px4_msgs/msg/detail/esc_status__rosidl_typesupport_fastrtps_c.h\n'}
[1.683091] (px4_msgs) StdoutLine: {'line': b'-- Up-to-date symlink: /home/carlos/ros2_ws/install/px4_msgs/include/px4_msgs/px4_msgs/msg/detail/estimator_aid_source1d__rosidl_typesupport_fastrtps_c.h\n'}
[1.683156] (px4_msgs) StdoutLine: {'line': b'-- Up-to-date symlink: /home/carlos/ros2_ws/install/px4_msgs/include/px4_msgs/px4_msgs/msg/detail/estimator_aid_source2d__rosidl_typesupport_fastrtps_c.h\n'}
[1.683219] (px4_msgs) StdoutLine: {'line': b'-- Up-to-date symlink: /home/carlos/ros2_ws/install/px4_msgs/include/px4_msgs/px4_msgs/msg/detail/estimator_aid_source3d__rosidl_typesupport_fastrtps_c.h\n'}
[1.683284] (px4_msgs) StdoutLine: {'line': b'-- Up-to-date symlink: /home/carlos/ros2_ws/install/px4_msgs/include/px4_msgs/px4_msgs/msg/detail/estimator_bias3d__rosidl_typesupport_fastrtps_c.h\n'}
[1.683367] (px4_msgs) StdoutLine: {'line': b'-- Up-to-date symlink: /home/carlos/ros2_ws/install/px4_msgs/include/px4_msgs/px4_msgs/msg/detail/estimator_bias__rosidl_typesupport_fastrtps_c.h\n'}
[1.683475] (px4_msgs) StdoutLine: {'line': b'-- Up-to-date symlink: /home/carlos/ros2_ws/install/px4_msgs/include/px4_msgs/px4_msgs/msg/detail/estimator_event_flags__rosidl_typesupport_fastrtps_c.h\n'}
[1.683530] (px4_msgs) StdoutLine: {'line': b'-- Up-to-date symlink: /home/carlos/ros2_ws/install/px4_msgs/include/px4_msgs/px4_msgs/msg/detail/estimator_gps_status__rosidl_typesupport_fastrtps_c.h\n'}
[1.683603] (px4_msgs) StdoutLine: {'line': b'-- Up-to-date symlink: /home/carlos/ros2_ws/install/px4_msgs/include/px4_msgs/px4_msgs/msg/detail/estimator_innovations__rosidl_typesupport_fastrtps_c.h\n'}
[1.683670] (px4_msgs) StdoutLine: {'line': b'-- Up-to-date symlink: /home/carlos/ros2_ws/install/px4_msgs/include/px4_msgs/px4_msgs/msg/detail/estimator_selector_status__rosidl_typesupport_fastrtps_c.h\n'}
[1.683735] (px4_msgs) StdoutLine: {'line': b'-- Up-to-date symlink: /home/carlos/ros2_ws/install/px4_msgs/include/px4_msgs/px4_msgs/msg/detail/estimator_sensor_bias__rosidl_typesupport_fastrtps_c.h\n'}
[1.683834] (px4_msgs) StdoutLine: {'line': b'-- Up-to-date symlink: /home/carlos/ros2_ws/install/px4_msgs/include/px4_msgs/px4_msgs/msg/detail/estimator_states__rosidl_typesupport_fastrtps_c.h\n'}
[1.683905] (px4_msgs) StdoutLine: {'line': b'-- Up-to-date symlink: /home/carlos/ros2_ws/install/px4_msgs/include/px4_msgs/px4_msgs/msg/detail/estimator_status__rosidl_typesupport_fastrtps_c.h\n'}
[1.683959] (px4_msgs) StdoutLine: {'line': b'-- Up-to-date symlink: /home/carlos/ros2_ws/install/px4_msgs/include/px4_msgs/px4_msgs/msg/detail/estimator_status_flags__rosidl_typesupport_fastrtps_c.h\n'}
[1.684025] (px4_msgs) StdoutLine: {'line': b'-- Up-to-date symlink: /home/carlos/ros2_ws/install/px4_msgs/include/px4_msgs/px4_msgs/msg/detail/event__rosidl_typesupport_fastrtps_c.h\n'}
[1.684090] (px4_msgs) StdoutLine: {'line': b'-- Up-to-date symlink: /home/carlos/ros2_ws/install/px4_msgs/include/px4_msgs/px4_msgs/msg/detail/failsafe_flags__rosidl_typesupport_fastrtps_c.h\n'}
[1.684181] (px4_msgs) StdoutLine: {'line': b'-- Up-to-date symlink: /home/carlos/ros2_ws/install/px4_msgs/include/px4_msgs/px4_msgs/msg/detail/failure_detector_status__rosidl_typesupport_fastrtps_c.h\n'}
[1.684243] (px4_msgs) StdoutLine: {'line': b'-- Up-to-date symlink: /home/carlos/ros2_ws/install/px4_msgs/include/px4_msgs/px4_msgs/msg/detail/figure_eight_status__rosidl_typesupport_fastrtps_c.h\n'}
[1.684308] (px4_msgs) StdoutLine: {'line': b'-- Up-to-date symlink: /home/carlos/ros2_ws/install/px4_msgs/include/px4_msgs/px4_msgs/msg/detail/fixed_wing_lateral_guidance_status__rosidl_typesupport_fastrtps_c.h\n'}
[1.684399] (px4_msgs) StdoutLine: {'line': b'-- Up-to-date symlink: /home/carlos/ros2_ws/install/px4_msgs/include/px4_msgs/px4_msgs/msg/detail/fixed_wing_lateral_setpoint__rosidl_typesupport_fastrtps_c.h\n'}
[1.684459] (px4_msgs) StdoutLine: {'line': b'-- Up-to-date symlink: /home/carlos/ros2_ws/install/px4_msgs/include/px4_msgs/px4_msgs/msg/detail/fixed_wing_lateral_status__rosidl_typesupport_fastrtps_c.h\n'}
[1.684531] (px4_msgs) StdoutLine: {'line': b'-- Up-to-date symlink: /home/carlos/ros2_ws/install/px4_msgs/include/px4_msgs/px4_msgs/msg/detail/fixed_wing_longitudinal_setpoint__rosidl_typesupport_fastrtps_c.h\n'}
[1.684580] (px4_msgs) StdoutLine: {'line': b'-- Up-to-date symlink: /home/carlos/ros2_ws/install/px4_msgs/include/px4_msgs/px4_msgs/msg/detail/fixed_wing_runway_control__rosidl_typesupport_fastrtps_c.h\n'}
[1.684670] (px4_msgs) StdoutLine: {'line': b'-- Up-to-date symlink: /home/carlos/ros2_ws/install/px4_msgs/include/px4_msgs/px4_msgs/msg/detail/flight_phase_estimation__rosidl_typesupport_fastrtps_c.h\n'}
[1.684722] (px4_msgs) StdoutLine: {'line': b'-- Up-to-date symlink: /home/carlos/ros2_ws/install/px4_msgs/include/px4_msgs/px4_msgs/msg/detail/follow_target__rosidl_typesupport_fastrtps_c.h\n'}
[1.684786] (px4_msgs) StdoutLine: {'line': b'-- Up-to-date symlink: /home/carlos/ros2_ws/install/px4_msgs/include/px4_msgs/px4_msgs/msg/detail/follow_target_estimator__rosidl_typesupport_fastrtps_c.h\n'}
[1.684852] (px4_msgs) StdoutLine: {'line': b'-- Up-to-date symlink: /home/carlos/ros2_ws/install/px4_msgs/include/px4_msgs/px4_msgs/msg/detail/follow_target_status__rosidl_typesupport_fastrtps_c.h\n'}
[1.684926] (px4_msgs) StdoutLine: {'line': b'-- Up-to-date symlink: /home/carlos/ros2_ws/install/px4_msgs/include/px4_msgs/px4_msgs/msg/detail/fuel_tank_status__rosidl_typesupport_fastrtps_c.h\n'}
[1.685019] (px4_msgs) StdoutLine: {'line': b'-- Up-to-date symlink: /home/carlos/ros2_ws/install/px4_msgs/include/px4_msgs/px4_msgs/msg/detail/generator_status__rosidl_typesupport_fastrtps_c.h\n'}
[1.685114] (px4_msgs) StdoutLine: {'line': b'-- Up-to-date symlink: /home/carlos/ros2_ws/install/px4_msgs/include/px4_msgs/px4_msgs/msg/detail/geofence_result__rosidl_typesupport_fastrtps_c.h\n'}
[1.685205] (px4_msgs) StdoutLine: {'line': b'-- Up-to-date symlink: /home/carlos/ros2_ws/install/px4_msgs/include/px4_msgs/px4_msgs/msg/detail/geofence_status__rosidl_typesupport_fastrtps_c.h\n'}
[1.685296] (px4_msgs) StdoutLine: {'line': b'-- Up-to-date symlink: /home/carlos/ros2_ws/install/px4_msgs/include/px4_msgs/px4_msgs/msg/detail/gimbal_controls__rosidl_typesupport_fastrtps_c.h\n'}
[1.685377] (px4_msgs) StdoutLine: {'line': b'-- Up-to-date symlink: /home/carlos/ros2_ws/install/px4_msgs/include/px4_msgs/px4_msgs/msg/detail/gimbal_device_attitude_status__rosidl_typesupport_fastrtps_c.h\n'}
[1.685472] (px4_msgs) StdoutLine: {'line': b'-- Up-to-date symlink: /home/carlos/ros2_ws/install/px4_msgs/include/px4_msgs/px4_msgs/msg/detail/gimbal_device_information__rosidl_typesupport_fastrtps_c.h\n'}
[1.685555] (px4_msgs) StdoutLine: {'line': b'-- Up-to-date symlink: /home/carlos/ros2_ws/install/px4_msgs/include/px4_msgs/px4_msgs/msg/detail/gimbal_device_set_attitude__rosidl_typesupport_fastrtps_c.h\n'}
[1.685640] (px4_msgs) StdoutLine: {'line': b'-- Up-to-date symlink: /home/carlos/ros2_ws/install/px4_msgs/include/px4_msgs/px4_msgs/msg/detail/gimbal_manager_information__rosidl_typesupport_fastrtps_c.h\n'}
[1.685725] (px4_msgs) StdoutLine: {'line': b'-- Up-to-date symlink: /home/carlos/ros2_ws/install/px4_msgs/include/px4_msgs/px4_msgs/msg/detail/gimbal_manager_set_attitude__rosidl_typesupport_fastrtps_c.h\n'}
[1.685812] (px4_msgs) StdoutLine: {'line': b'-- Up-to-date symlink: /home/carlos/ros2_ws/install/px4_msgs/include/px4_msgs/px4_msgs/msg/detail/gimbal_manager_set_manual_control__rosidl_typesupport_fastrtps_c.h\n'}
[1.685898] (px4_msgs) StdoutLine: {'line': b'-- Up-to-date symlink: /home/carlos/ros2_ws/install/px4_msgs/include/px4_msgs/px4_msgs/msg/detail/gimbal_manager_status__rosidl_typesupport_fastrtps_c.h\n'}
[1.685985] (px4_msgs) StdoutLine: {'line': b'-- Up-to-date symlink: /home/carlos/ros2_ws/install/px4_msgs/include/px4_msgs/px4_msgs/msg/detail/goto_setpoint__rosidl_typesupport_fastrtps_c.h\n'}
[1.686071] (px4_msgs) StdoutLine: {'line': b'-- Up-to-date symlink: /home/carlos/ros2_ws/install/px4_msgs/include/px4_msgs/px4_msgs/msg/detail/gpio_config__rosidl_typesupport_fastrtps_c.h\n'}
[1.686156] (px4_msgs) StdoutLine: {'line': b'-- Up-to-date symlink: /home/carlos/ros2_ws/install/px4_msgs/include/px4_msgs/px4_msgs/msg/detail/gpio_in__rosidl_typesupport_fastrtps_c.h\n'}
[1.686243] (px4_msgs) StdoutLine: {'line': b'-- Up-to-date symlink: /home/carlos/ros2_ws/install/px4_msgs/include/px4_msgs/px4_msgs/msg/detail/gpio_out__rosidl_typesupport_fastrtps_c.h\n'}
[1.686329] (px4_msgs) StdoutLine: {'line': b'-- Up-to-date symlink: /home/carlos/ros2_ws/install/px4_msgs/include/px4_msgs/px4_msgs/msg/detail/gpio_request__rosidl_typesupport_fastrtps_c.h\n'}
[1.686415] (px4_msgs) StdoutLine: {'line': b'-- Up-to-date symlink: /home/carlos/ros2_ws/install/px4_msgs/include/px4_msgs/px4_msgs/msg/detail/gps_dump__rosidl_typesupport_fastrtps_c.h\n'}
[1.686525] (px4_msgs) StdoutLine: {'line': b'-- Up-to-date symlink: /home/carlos/ros2_ws/install/px4_msgs/include/px4_msgs/px4_msgs/msg/detail/gps_inject_data__rosidl_typesupport_fastrtps_c.h\n'}
[1.686596] (px4_msgs) StdoutLine: {'line': b'-- Up-to-date symlink: /home/carlos/ros2_ws/install/px4_msgs/include/px4_msgs/px4_msgs/msg/detail/gripper__rosidl_typesupport_fastrtps_c.h\n'}
[1.686680] (px4_msgs) StdoutLine: {'line': b'-- Up-to-date symlink: /home/carlos/ros2_ws/install/px4_msgs/include/px4_msgs/px4_msgs/msg/detail/health_report__rosidl_typesupport_fastrtps_c.h\n'}
[1.686765] (px4_msgs) StdoutLine: {'line': b'-- Up-to-date symlink: /home/carlos/ros2_ws/install/px4_msgs/include/px4_msgs/px4_msgs/msg/detail/heater_status__rosidl_typesupport_fastrtps_c.h\n'}
[1.686855] (px4_msgs) StdoutLine: {'line': b'-- Up-to-date symlink: /home/carlos/ros2_ws/install/px4_msgs/include/px4_msgs/px4_msgs/msg/detail/home_position__rosidl_typesupport_fastrtps_c.h\n'}
[1.686939] (px4_msgs) StdoutLine: {'line': b'-- Up-to-date symlink: /home/carlos/ros2_ws/install/px4_msgs/include/px4_msgs/px4_msgs/msg/detail/hover_thrust_estimate__rosidl_typesupport_fastrtps_c.h\n'}
[1.687025] (px4_msgs) StdoutLine: {'line': b'-- Up-to-date symlink: /home/carlos/ros2_ws/install/px4_msgs/include/px4_msgs/px4_msgs/msg/detail/input_rc__rosidl_typesupport_fastrtps_c.h\n'}
[1.687110] (px4_msgs) StdoutLine: {'line': b'-- Up-to-date symlink: /home/carlos/ros2_ws/install/px4_msgs/include/px4_msgs/px4_msgs/msg/detail/internal_combustion_engine_control__rosidl_typesupport_fastrtps_c.h\n'}
[1.687196] (px4_msgs) StdoutLine: {'line': b'-- Up-to-date symlink: /home/carlos/ros2_ws/install/px4_msgs/include/px4_msgs/px4_msgs/msg/detail/internal_combustion_engine_status__rosidl_typesupport_fastrtps_c.h\n'}
[1.687282] (px4_msgs) StdoutLine: {'line': b'-- Up-to-date symlink: /home/carlos/ros2_ws/install/px4_msgs/include/px4_msgs/px4_msgs/msg/detail/iridiumsbd_status__rosidl_typesupport_fastrtps_c.h\n'}
[1.687369] (px4_msgs) StdoutLine: {'line': b'-- Up-to-date symlink: /home/carlos/ros2_ws/install/px4_msgs/include/px4_msgs/px4_msgs/msg/detail/irlock_report__rosidl_typesupport_fastrtps_c.h\n'}
[1.687462] (px4_msgs) StdoutLine: {'line': b'-- Up-to-date symlink: /home/carlos/ros2_ws/install/px4_msgs/include/px4_msgs/px4_msgs/msg/detail/landing_gear__rosidl_typesupport_fastrtps_c.h\n'}
[1.687549] (px4_msgs) StdoutLine: {'line': b'-- Up-to-date symlink: /home/carlos/ros2_ws/install/px4_msgs/include/px4_msgs/px4_msgs/msg/detail/landing_gear_wheel__rosidl_typesupport_fastrtps_c.h\n'}
[1.687634] (px4_msgs) StdoutLine: {'line': b'-- Up-to-date symlink: /home/carlos/ros2_ws/install/px4_msgs/include/px4_msgs/px4_msgs/msg/detail/landing_target_innovations__rosidl_typesupport_fastrtps_c.h\n'}
[1.687720] (px4_msgs) StdoutLine: {'line': b'-- Up-to-date symlink: /home/carlos/ros2_ws/install/px4_msgs/include/px4_msgs/px4_msgs/msg/detail/landing_target_pose__rosidl_typesupport_fastrtps_c.h\n'}
[1.687805] (px4_msgs) StdoutLine: {'line': b'-- Up-to-date symlink: /home/carlos/ros2_ws/install/px4_msgs/include/px4_msgs/px4_msgs/msg/detail/lateral_control_configuration__rosidl_typesupport_fastrtps_c.h\n'}
[1.687891] (px4_msgs) StdoutLine: {'line': b'-- Up-to-date symlink: /home/carlos/ros2_ws/install/px4_msgs/include/px4_msgs/px4_msgs/msg/detail/launch_detection_status__rosidl_typesupport_fastrtps_c.h\n'}
[1.687977] (px4_msgs) StdoutLine: {'line': b'-- Up-to-date symlink: /home/carlos/ros2_ws/install/px4_msgs/include/px4_msgs/px4_msgs/msg/detail/led_control__rosidl_typesupport_fastrtps_c.h\n'}
[1.688065] (px4_msgs) StdoutLine: {'line': b'-- Up-to-date symlink: /home/carlos/ros2_ws/install/px4_msgs/include/px4_msgs/px4_msgs/msg/detail/log_message__rosidl_typesupport_fastrtps_c.h\n'}
[1.688151] (px4_msgs) StdoutLine: {'line': b'-- Up-to-date symlink: /home/carlos/ros2_ws/install/px4_msgs/include/px4_msgs/px4_msgs/msg/detail/logger_status__rosidl_typesupport_fastrtps_c.h\n'}
[1.688237] (px4_msgs) StdoutLine: {'line': b'-- Up-to-date symlink: /home/carlos/ros2_ws/install/px4_msgs/include/px4_msgs/px4_msgs/msg/detail/longitudinal_control_configuration__rosidl_typesupport_fastrtps_c.h\n'}
[1.688323] (px4_msgs) StdoutLine: {'line': b'-- Up-to-date symlink: /home/carlos/ros2_ws/install/px4_msgs/include/px4_msgs/px4_msgs/msg/detail/mag_worker_data__rosidl_typesupport_fastrtps_c.h\n'}
[1.688408] (px4_msgs) StdoutLine: {'line': b'-- Up-to-date symlink: /home/carlos/ros2_ws/install/px4_msgs/include/px4_msgs/px4_msgs/msg/detail/magnetometer_bias_estimate__rosidl_typesupport_fastrtps_c.h\n'}
[1.688502] (px4_msgs) StdoutLine: {'line': b'-- Up-to-date symlink: /home/carlos/ros2_ws/install/px4_msgs/include/px4_msgs/px4_msgs/msg/detail/manual_control_setpoint__rosidl_typesupport_fastrtps_c.h\n'}
[1.688588] (px4_msgs) StdoutLine: {'line': b'-- Up-to-date symlink: /home/carlos/ros2_ws/install/px4_msgs/include/px4_msgs/px4_msgs/msg/detail/manual_control_switches__rosidl_typesupport_fastrtps_c.h\n'}
[1.688674] (px4_msgs) StdoutLine: {'line': b'-- Up-to-date symlink: /home/carlos/ros2_ws/install/px4_msgs/include/px4_msgs/px4_msgs/msg/detail/mavlink_log__rosidl_typesupport_fastrtps_c.h\n'}
[1.688760] (px4_msgs) StdoutLine: {'line': b'-- Up-to-date symlink: /home/carlos/ros2_ws/install/px4_msgs/include/px4_msgs/px4_msgs/msg/detail/mavlink_tunnel__rosidl_typesupport_fastrtps_c.h\n'}
[1.688845] (px4_msgs) StdoutLine: {'line': b'-- Up-to-date symlink: /home/carlos/ros2_ws/install/px4_msgs/include/px4_msgs/px4_msgs/msg/detail/message_format_request__rosidl_typesupport_fastrtps_c.h\n'}
[1.688931] (px4_msgs) StdoutLine: {'line': b'-- Up-to-date symlink: /home/carlos/ros2_ws/install/px4_msgs/include/px4_msgs/px4_msgs/msg/detail/message_format_response__rosidl_typesupport_fastrtps_c.h\n'}
[1.689016] (px4_msgs) StdoutLine: {'line': b'-- Up-to-date symlink: /home/carlos/ros2_ws/install/px4_msgs/include/px4_msgs/px4_msgs/msg/detail/mission__rosidl_typesupport_fastrtps_c.h\n'}
[1.689102] (px4_msgs) StdoutLine: {'line': b'-- Up-to-date symlink: /home/carlos/ros2_ws/install/px4_msgs/include/px4_msgs/px4_msgs/msg/detail/mission_result__rosidl_typesupport_fastrtps_c.h\n'}
[1.689188] (px4_msgs) StdoutLine: {'line': b'-- Up-to-date symlink: /home/carlos/ros2_ws/install/px4_msgs/include/px4_msgs/px4_msgs/msg/detail/mode_completed__rosidl_typesupport_fastrtps_c.h\n'}
[1.689274] (px4_msgs) StdoutLine: {'line': b'-- Up-to-date symlink: /home/carlos/ros2_ws/install/px4_msgs/include/px4_msgs/px4_msgs/msg/detail/mount_orientation__rosidl_typesupport_fastrtps_c.h\n'}
[1.689359] (px4_msgs) StdoutLine: {'line': b'-- Up-to-date symlink: /home/carlos/ros2_ws/install/px4_msgs/include/px4_msgs/px4_msgs/msg/detail/navigator_mission_item__rosidl_typesupport_fastrtps_c.h\n'}
[1.689452] (px4_msgs) StdoutLine: {'line': b'-- Up-to-date symlink: /home/carlos/ros2_ws/install/px4_msgs/include/px4_msgs/px4_msgs/msg/detail/navigator_status__rosidl_typesupport_fastrtps_c.h\n'}
[1.689537] (px4_msgs) StdoutLine: {'line': b'-- Up-to-date symlink: /home/carlos/ros2_ws/install/px4_msgs/include/px4_msgs/px4_msgs/msg/detail/neural_control__rosidl_typesupport_fastrtps_c.h\n'}
[1.689629] (px4_msgs) StdoutLine: {'line': b'-- Up-to-date symlink: /home/carlos/ros2_ws/install/px4_msgs/include/px4_msgs/px4_msgs/msg/detail/normalized_unsigned_setpoint__rosidl_typesupport_fastrtps_c.h\n'}
[1.689715] (px4_msgs) StdoutLine: {'line': b'-- Up-to-date symlink: /home/carlos/ros2_ws/install/px4_msgs/include/px4_msgs/px4_msgs/msg/detail/obstacle_distance__rosidl_typesupport_fastrtps_c.h\n'}
[1.689802] (px4_msgs) StdoutLine: {'line': b'-- Up-to-date symlink: /home/carlos/ros2_ws/install/px4_msgs/include/px4_msgs/px4_msgs/msg/detail/offboard_control_mode__rosidl_typesupport_fastrtps_c.h\n'}
[1.689887] (px4_msgs) StdoutLine: {'line': b'-- Up-to-date symlink: /home/carlos/ros2_ws/install/px4_msgs/include/px4_msgs/px4_msgs/msg/detail/onboard_computer_status__rosidl_typesupport_fastrtps_c.h\n'}
[1.689972] (px4_msgs) StdoutLine: {'line': b'-- Up-to-date symlink: /home/carlos/ros2_ws/install/px4_msgs/include/px4_msgs/px4_msgs/msg/detail/open_drone_id_arm_status__rosidl_typesupport_fastrtps_c.h\n'}
[1.690057] (px4_msgs) StdoutLine: {'line': b'-- Up-to-date symlink: /home/carlos/ros2_ws/install/px4_msgs/include/px4_msgs/px4_msgs/msg/detail/open_drone_id_operator_id__rosidl_typesupport_fastrtps_c.h\n'}
[1.690142] (px4_msgs) StdoutLine: {'line': b'-- Up-to-date symlink: /home/carlos/ros2_ws/install/px4_msgs/include/px4_msgs/px4_msgs/msg/detail/open_drone_id_self_id__rosidl_typesupport_fastrtps_c.h\n'}
[1.690227] (px4_msgs) StdoutLine: {'line': b'-- Up-to-date symlink: /home/carlos/ros2_ws/install/px4_msgs/include/px4_msgs/px4_msgs/msg/detail/open_drone_id_system__rosidl_typesupport_fastrtps_c.h\n'}
[1.690313] (px4_msgs) StdoutLine: {'line': b'-- Up-to-date symlink: /home/carlos/ros2_ws/install/px4_msgs/include/px4_msgs/px4_msgs/msg/detail/orb_test__rosidl_typesupport_fastrtps_c.h\n'}
[1.690399] (px4_msgs) StdoutLine: {'line': b'-- Up-to-date symlink: /home/carlos/ros2_ws/install/px4_msgs/include/px4_msgs/px4_msgs/msg/detail/orb_test_large__rosidl_typesupport_fastrtps_c.h\n'}
[1.690490] (px4_msgs) StdoutLine: {'line': b'-- Up-to-date symlink: /home/carlos/ros2_ws/install/px4_msgs/include/px4_msgs/px4_msgs/msg/detail/orb_test_medium__rosidl_typesupport_fastrtps_c.h\n'}
[1.690577] (px4_msgs) StdoutLine: {'line': b'-- Up-to-date symlink: /home/carlos/ros2_ws/install/px4_msgs/include/px4_msgs/px4_msgs/msg/detail/orbit_status__rosidl_typesupport_fastrtps_c.h\n'}
[1.690661] (px4_msgs) StdoutLine: {'line': b'-- Up-to-date symlink: /home/carlos/ros2_ws/install/px4_msgs/include/px4_msgs/px4_msgs/msg/detail/parameter_reset_request__rosidl_typesupport_fastrtps_c.h\n'}
[1.690747] (px4_msgs) StdoutLine: {'line': b'-- Up-to-date symlink: /home/carlos/ros2_ws/install/px4_msgs/include/px4_msgs/px4_msgs/msg/detail/parameter_set_used_request__rosidl_typesupport_fastrtps_c.h\n'}
[1.690832] (px4_msgs) StdoutLine: {'line': b'-- Up-to-date symlink: /home/carlos/ros2_ws/install/px4_msgs/include/px4_msgs/px4_msgs/msg/detail/parameter_set_value_request__rosidl_typesupport_fastrtps_c.h\n'}
[1.690918] (px4_msgs) StdoutLine: {'line': b'-- Up-to-date symlink: /home/carlos/ros2_ws/install/px4_msgs/include/px4_msgs/px4_msgs/msg/detail/parameter_set_value_response__rosidl_typesupport_fastrtps_c.h\n'}
[1.691004] (px4_msgs) StdoutLine: {'line': b'-- Up-to-date symlink: /home/carlos/ros2_ws/install/px4_msgs/include/px4_msgs/px4_msgs/msg/detail/parameter_update__rosidl_typesupport_fastrtps_c.h\n'}
[1.691089] (px4_msgs) StdoutLine: {'line': b'-- Up-to-date symlink: /home/carlos/ros2_ws/install/px4_msgs/include/px4_msgs/px4_msgs/msg/detail/ping__rosidl_typesupport_fastrtps_c.h\n'}
[1.691175] (px4_msgs) StdoutLine: {'line': b'-- Up-to-date symlink: /home/carlos/ros2_ws/install/px4_msgs/include/px4_msgs/px4_msgs/msg/detail/position_controller_landing_status__rosidl_typesupport_fastrtps_c.h\n'}
[1.691261] (px4_msgs) StdoutLine: {'line': b'-- Up-to-date symlink: /home/carlos/ros2_ws/install/px4_msgs/include/px4_msgs/px4_msgs/msg/detail/position_controller_status__rosidl_typesupport_fastrtps_c.h\n'}
[1.691346] (px4_msgs) StdoutLine: {'line': b'-- Up-to-date symlink: /home/carlos/ros2_ws/install/px4_msgs/include/px4_msgs/px4_msgs/msg/detail/position_setpoint__rosidl_typesupport_fastrtps_c.h\n'}
[1.691431] (px4_msgs) StdoutLine: {'line': b'-- Up-to-date symlink: /home/carlos/ros2_ws/install/px4_msgs/include/px4_msgs/px4_msgs/msg/detail/position_setpoint_triplet__rosidl_typesupport_fastrtps_c.h\n'}
[1.691524] (px4_msgs) StdoutLine: {'line': b'-- Up-to-date symlink: /home/carlos/ros2_ws/install/px4_msgs/include/px4_msgs/px4_msgs/msg/detail/power_button_state__rosidl_typesupport_fastrtps_c.h\n'}
[1.691612] (px4_msgs) StdoutLine: {'line': b'-- Up-to-date symlink: /home/carlos/ros2_ws/install/px4_msgs/include/px4_msgs/px4_msgs/msg/detail/power_monitor__rosidl_typesupport_fastrtps_c.h\n'}
[1.691714] (px4_msgs) StdoutLine: {'line': b'-- Up-to-date symlink: /home/carlos/ros2_ws/install/px4_msgs/include/px4_msgs/px4_msgs/msg/detail/pps_capture__rosidl_typesupport_fastrtps_c.h\n'}
[1.691799] (px4_msgs) StdoutLine: {'line': b'-- Up-to-date symlink: /home/carlos/ros2_ws/install/px4_msgs/include/px4_msgs/px4_msgs/msg/detail/pure_pursuit_status__rosidl_typesupport_fastrtps_c.h\n'}
[1.691886] (px4_msgs) StdoutLine: {'line': b'-- Up-to-date symlink: /home/carlos/ros2_ws/install/px4_msgs/include/px4_msgs/px4_msgs/msg/detail/pwm_input__rosidl_typesupport_fastrtps_c.h\n'}
[1.691973] (px4_msgs) StdoutLine: {'line': b'-- Up-to-date symlink: /home/carlos/ros2_ws/install/px4_msgs/include/px4_msgs/px4_msgs/msg/detail/px4io_status__rosidl_typesupport_fastrtps_c.h\n'}
[1.692060] (px4_msgs) StdoutLine: {'line': b'-- Up-to-date symlink: /home/carlos/ros2_ws/install/px4_msgs/include/px4_msgs/px4_msgs/msg/detail/qshell_req__rosidl_typesupport_fastrtps_c.h\n'}
[1.692146] (px4_msgs) StdoutLine: {'line': b'-- Up-to-date symlink: /home/carlos/ros2_ws/install/px4_msgs/include/px4_msgs/px4_msgs/msg/detail/qshell_retval__rosidl_typesupport_fastrtps_c.h\n'}
[1.692247] (px4_msgs) StdoutLine: {'line': b'-- Up-to-date symlink: /home/carlos/ros2_ws/install/px4_msgs/include/px4_msgs/px4_msgs/msg/detail/radio_status__rosidl_typesupport_fastrtps_c.h\n'}
[1.692331] (px4_msgs) StdoutLine: {'line': b'-- Up-to-date symlink: /home/carlos/ros2_ws/install/px4_msgs/include/px4_msgs/px4_msgs/msg/detail/rate_ctrl_status__rosidl_typesupport_fastrtps_c.h\n'}
[1.692418] (px4_msgs) StdoutLine: {'line': b'-- Up-to-date symlink: /home/carlos/ros2_ws/install/px4_msgs/include/px4_msgs/px4_msgs/msg/detail/rc_channels__rosidl_typesupport_fastrtps_c.h\n'}
[1.692518] (px4_msgs) StdoutLine: {'line': b'-- Up-to-date symlink: /home/carlos/ros2_ws/install/px4_msgs/include/px4_msgs/px4_msgs/msg/detail/rc_parameter_map__rosidl_typesupport_fastrtps_c.h\n'}
[1.692607] (px4_msgs) StdoutLine: {'line': b'-- Up-to-date symlink: /home/carlos/ros2_ws/install/px4_msgs/include/px4_msgs/px4_msgs/msg/detail/register_ext_component_reply__rosidl_typesupport_fastrtps_c.h\n'}
[1.692693] (px4_msgs) StdoutLine: {'line': b'-- Up-to-date symlink: /home/carlos/ros2_ws/install/px4_msgs/include/px4_msgs/px4_msgs/msg/detail/register_ext_component_request__rosidl_typesupport_fastrtps_c.h\n'}
[1.692780] (px4_msgs) StdoutLine: {'line': b'-- Up-to-date symlink: /home/carlos/ros2_ws/install/px4_msgs/include/px4_msgs/px4_msgs/msg/detail/rover_attitude_setpoint__rosidl_typesupport_fastrtps_c.h\n'}
[1.692866] (px4_msgs) StdoutLine: {'line': b'-- Up-to-date symlink: /home/carlos/ros2_ws/install/px4_msgs/include/px4_msgs/px4_msgs/msg/detail/rover_attitude_status__rosidl_typesupport_fastrtps_c.h\n'}
[1.692955] (px4_msgs) StdoutLine: {'line': b'-- Up-to-date symlink: /home/carlos/ros2_ws/install/px4_msgs/include/px4_msgs/px4_msgs/msg/detail/rover_position_setpoint__rosidl_typesupport_fastrtps_c.h\n'}
[1.693039] (px4_msgs) StdoutLine: {'line': b'-- Up-to-date symlink: /home/carlos/ros2_ws/install/px4_msgs/include/px4_msgs/px4_msgs/msg/detail/rover_rate_setpoint__rosidl_typesupport_fastrtps_c.h\n'}
[1.693124] (px4_msgs) StdoutLine: {'line': b'-- Up-to-date symlink: /home/carlos/ros2_ws/install/px4_msgs/include/px4_msgs/px4_msgs/msg/detail/rover_rate_status__rosidl_typesupport_fastrtps_c.h\n'}
[1.693209] (px4_msgs) StdoutLine: {'line': b'-- Up-to-date symlink: /home/carlos/ros2_ws/install/px4_msgs/include/px4_msgs/px4_msgs/msg/detail/rover_speed_setpoint__rosidl_typesupport_fastrtps_c.h\n'}
[1.693294] (px4_msgs) StdoutLine: {'line': b'-- Up-to-date symlink: /home/carlos/ros2_ws/install/px4_msgs/include/px4_msgs/px4_msgs/msg/detail/rover_speed_status__rosidl_typesupport_fastrtps_c.h\n'}
[1.693379] (px4_msgs) StdoutLine: {'line': b'-- Up-to-date symlink: /home/carlos/ros2_ws/install/px4_msgs/include/px4_msgs/px4_msgs/msg/detail/rover_steering_setpoint__rosidl_typesupport_fastrtps_c.h\n'}
[1.693472] (px4_msgs) StdoutLine: {'line': b'-- Up-to-date symlink: /home/carlos/ros2_ws/install/px4_msgs/include/px4_msgs/px4_msgs/msg/detail/rover_throttle_setpoint__rosidl_typesupport_fastrtps_c.h\n'}
[1.693560] (px4_msgs) StdoutLine: {'line': b'-- Up-to-date symlink: /home/carlos/ros2_ws/install/px4_msgs/include/px4_msgs/px4_msgs/msg/detail/rpm__rosidl_typesupport_fastrtps_c.h\n'}
[1.693646] (px4_msgs) StdoutLine: {'line': b'-- Up-to-date symlink: /home/carlos/ros2_ws/install/px4_msgs/include/px4_msgs/px4_msgs/msg/detail/rtl_status__rosidl_typesupport_fastrtps_c.h\n'}
[1.693732] (px4_msgs) StdoutLine: {'line': b'-- Up-to-date symlink: /home/carlos/ros2_ws/install/px4_msgs/include/px4_msgs/px4_msgs/msg/detail/rtl_time_estimate__rosidl_typesupport_fastrtps_c.h\n'}
[1.693818] (px4_msgs) StdoutLine: {'line': b'-- Up-to-date symlink: /home/carlos/ros2_ws/install/px4_msgs/include/px4_msgs/px4_msgs/msg/detail/satellite_info__rosidl_typesupport_fastrtps_c.h\n'}
[1.693903] (px4_msgs) StdoutLine: {'line': b'-- Up-to-date symlink: /home/carlos/ros2_ws/install/px4_msgs/include/px4_msgs/px4_msgs/msg/detail/sensor_accel__rosidl_typesupport_fastrtps_c.h\n'}
[1.693999] (px4_msgs) StdoutLine: {'line': b'-- Up-to-date symlink: /home/carlos/ros2_ws/install/px4_msgs/include/px4_msgs/px4_msgs/msg/detail/sensor_accel_fifo__rosidl_typesupport_fastrtps_c.h\n'}
[1.694074] (px4_msgs) StdoutLine: {'line': b'-- Up-to-date symlink: /home/carlos/ros2_ws/install/px4_msgs/include/px4_msgs/px4_msgs/msg/detail/sensor_airflow__rosidl_typesupport_fastrtps_c.h\n'}
[1.694163] (px4_msgs) StdoutLine: {'line': b'-- Up-to-date symlink: /home/carlos/ros2_ws/install/px4_msgs/include/px4_msgs/px4_msgs/msg/detail/sensor_baro__rosidl_typesupport_fastrtps_c.h\n'}
[1.694249] (px4_msgs) StdoutLine: {'line': b'-- Up-to-date symlink: /home/carlos/ros2_ws/install/px4_msgs/include/px4_msgs/px4_msgs/msg/detail/sensor_combined__rosidl_typesupport_fastrtps_c.h\n'}
[1.694335] (px4_msgs) StdoutLine: {'line': b'-- Up-to-date symlink: /home/carlos/ros2_ws/install/px4_msgs/include/px4_msgs/px4_msgs/msg/detail/sensor_correction__rosidl_typesupport_fastrtps_c.h\n'}
[1.694420] (px4_msgs) StdoutLine: {'line': b'-- Up-to-date symlink: /home/carlos/ros2_ws/install/px4_msgs/include/px4_msgs/px4_msgs/msg/detail/sensor_gnss_relative__rosidl_typesupport_fastrtps_c.h\n'}
[1.694511] (px4_msgs) StdoutLine: {'line': b'-- Up-to-date symlink: /home/carlos/ros2_ws/install/px4_msgs/include/px4_msgs/px4_msgs/msg/detail/sensor_gnss_status__rosidl_typesupport_fastrtps_c.h\n'}
[1.694597] (px4_msgs) StdoutLine: {'line': b'-- Up-to-date symlink: /home/carlos/ros2_ws/install/px4_msgs/include/px4_msgs/px4_msgs/msg/detail/sensor_gps__rosidl_typesupport_fastrtps_c.h\n'}
[1.694681] (px4_msgs) StdoutLine: {'line': b'-- Up-to-date symlink: /home/carlos/ros2_ws/install/px4_msgs/include/px4_msgs/px4_msgs/msg/detail/sensor_gyro__rosidl_typesupport_fastrtps_c.h\n'}
[1.694768] (px4_msgs) StdoutLine: {'line': b'-- Up-to-date symlink: /home/carlos/ros2_ws/install/px4_msgs/include/px4_msgs/px4_msgs/msg/detail/sensor_gyro_fft__rosidl_typesupport_fastrtps_c.h\n'}
[1.694859] (px4_msgs) StdoutLine: {'line': b'-- Up-to-date symlink: /home/carlos/ros2_ws/install/px4_msgs/include/px4_msgs/px4_msgs/msg/detail/sensor_gyro_fifo__rosidl_typesupport_fastrtps_c.h\n'}
[1.694944] (px4_msgs) StdoutLine: {'line': b'-- Up-to-date symlink: /home/carlos/ros2_ws/install/px4_msgs/include/px4_msgs/px4_msgs/msg/detail/sensor_hygrometer__rosidl_typesupport_fastrtps_c.h\n'}
[1.695029] (px4_msgs) StdoutLine: {'line': b'-- Up-to-date symlink: /home/carlos/ros2_ws/install/px4_msgs/include/px4_msgs/px4_msgs/msg/detail/sensor_mag__rosidl_typesupport_fastrtps_c.h\n'}
[1.695115] (px4_msgs) StdoutLine: {'line': b'-- Up-to-date symlink: /home/carlos/ros2_ws/install/px4_msgs/include/px4_msgs/px4_msgs/msg/detail/sensor_optical_flow__rosidl_typesupport_fastrtps_c.h\n'}
[1.695200] (px4_msgs) StdoutLine: {'line': b'-- Up-to-date symlink: /home/carlos/ros2_ws/install/px4_msgs/include/px4_msgs/px4_msgs/msg/detail/sensor_preflight_mag__rosidl_typesupport_fastrtps_c.h\n'}
[1.695297] (px4_msgs) StdoutLine: {'line': b'-- Up-to-date symlink: /home/carlos/ros2_ws/install/px4_msgs/include/px4_msgs/px4_msgs/msg/detail/sensor_selection__rosidl_typesupport_fastrtps_c.h\n'}
[1.695384] (px4_msgs) StdoutLine: {'line': b'-- Up-to-date symlink: /home/carlos/ros2_ws/install/px4_msgs/include/px4_msgs/px4_msgs/msg/detail/sensor_uwb__rosidl_typesupport_fastrtps_c.h\n'}
[1.695479] (px4_msgs) StdoutLine: {'line': b'-- Up-to-date symlink: /home/carlos/ros2_ws/install/px4_msgs/include/px4_msgs/px4_msgs/msg/detail/sensors_status__rosidl_typesupport_fastrtps_c.h\n'}
[1.695566] (px4_msgs) StdoutLine: {'line': b'-- Up-to-date symlink: /home/carlos/ros2_ws/install/px4_msgs/include/px4_msgs/px4_msgs/msg/detail/sensors_status_imu__rosidl_typesupport_fastrtps_c.h\n'}
[1.695651] (px4_msgs) StdoutLine: {'line': b'-- Up-to-date symlink: /home/carlos/ros2_ws/install/px4_msgs/include/px4_msgs/px4_msgs/msg/detail/system_power__rosidl_typesupport_fastrtps_c.h\n'}
[1.695736] (px4_msgs) StdoutLine: {'line': b'-- Up-to-date symlink: /home/carlos/ros2_ws/install/px4_msgs/include/px4_msgs/px4_msgs/msg/detail/takeoff_status__rosidl_typesupport_fastrtps_c.h\n'}
[1.695822] (px4_msgs) StdoutLine: {'line': b'-- Up-to-date symlink: /home/carlos/ros2_ws/install/px4_msgs/include/px4_msgs/px4_msgs/msg/detail/task_stack_info__rosidl_typesupport_fastrtps_c.h\n'}
[1.695907] (px4_msgs) StdoutLine: {'line': b'-- Up-to-date symlink: /home/carlos/ros2_ws/install/px4_msgs/include/px4_msgs/px4_msgs/msg/detail/tecs_status__rosidl_typesupport_fastrtps_c.h\n'}
[1.695992] (px4_msgs) StdoutLine: {'line': b'-- Up-to-date symlink: /home/carlos/ros2_ws/install/px4_msgs/include/px4_msgs/px4_msgs/msg/detail/telemetry_status__rosidl_typesupport_fastrtps_c.h\n'}
[1.696078] (px4_msgs) StdoutLine: {'line': b'-- Up-to-date symlink: /home/carlos/ros2_ws/install/px4_msgs/include/px4_msgs/px4_msgs/msg/detail/tiltrotor_extra_controls__rosidl_typesupport_fastrtps_c.h\n'}
[1.696165] (px4_msgs) StdoutLine: {'line': b'-- Up-to-date symlink: /home/carlos/ros2_ws/install/px4_msgs/include/px4_msgs/px4_msgs/msg/detail/timesync_status__rosidl_typesupport_fastrtps_c.h\n'}
[1.696250] (px4_msgs) StdoutLine: {'line': b'-- Up-to-date symlink: /home/carlos/ros2_ws/install/px4_msgs/include/px4_msgs/px4_msgs/msg/detail/trajectory_setpoint6dof__rosidl_typesupport_fastrtps_c.h\n'}
[1.696336] (px4_msgs) StdoutLine: {'line': b'-- Up-to-date symlink: /home/carlos/ros2_ws/install/px4_msgs/include/px4_msgs/px4_msgs/msg/detail/trajectory_setpoint__rosidl_typesupport_fastrtps_c.h\n'}
[1.696426] (px4_msgs) StdoutLine: {'line': b'-- Up-to-date symlink: /home/carlos/ros2_ws/install/px4_msgs/include/px4_msgs/px4_msgs/msg/detail/transponder_report__rosidl_typesupport_fastrtps_c.h\n'}
[1.696519] (px4_msgs) StdoutLine: {'line': b'-- Up-to-date symlink: /home/carlos/ros2_ws/install/px4_msgs/include/px4_msgs/px4_msgs/msg/detail/tune_control__rosidl_typesupport_fastrtps_c.h\n'}
[1.696605] (px4_msgs) StdoutLine: {'line': b'-- Up-to-date symlink: /home/carlos/ros2_ws/install/px4_msgs/include/px4_msgs/px4_msgs/msg/detail/uavcan_parameter_request__rosidl_typesupport_fastrtps_c.h\n'}
[1.696691] (px4_msgs) StdoutLine: {'line': b'-- Up-to-date symlink: /home/carlos/ros2_ws/install/px4_msgs/include/px4_msgs/px4_msgs/msg/detail/uavcan_parameter_value__rosidl_typesupport_fastrtps_c.h\n'}
[1.696775] (px4_msgs) StdoutLine: {'line': b'-- Up-to-date symlink: /home/carlos/ros2_ws/install/px4_msgs/include/px4_msgs/px4_msgs/msg/detail/ulog_stream__rosidl_typesupport_fastrtps_c.h\n'}
[1.696862] (px4_msgs) StdoutLine: {'line': b'-- Up-to-date symlink: /home/carlos/ros2_ws/install/px4_msgs/include/px4_msgs/px4_msgs/msg/detail/ulog_stream_ack__rosidl_typesupport_fastrtps_c.h\n'}
[1.696947] (px4_msgs) StdoutLine: {'line': b'-- Up-to-date symlink: /home/carlos/ros2_ws/install/px4_msgs/include/px4_msgs/px4_msgs/msg/detail/unregister_ext_component__rosidl_typesupport_fastrtps_c.h\n'}
[1.697031] (px4_msgs) StdoutLine: {'line': b'-- Up-to-date symlink: /home/carlos/ros2_ws/install/px4_msgs/include/px4_msgs/px4_msgs/msg/detail/vehicle_acceleration__rosidl_typesupport_fastrtps_c.h\n'}
[1.697119] (px4_msgs) StdoutLine: {'line': b'-- Up-to-date symlink: /home/carlos/ros2_ws/install/px4_msgs/include/px4_msgs/px4_msgs/msg/detail/vehicle_air_data__rosidl_typesupport_fastrtps_c.h\n'}
[1.697206] (px4_msgs) StdoutLine: {'line': b'-- Up-to-date symlink: /home/carlos/ros2_ws/install/px4_msgs/include/px4_msgs/px4_msgs/msg/detail/vehicle_angular_acceleration_setpoint__rosidl_typesupport_fastrtps_c.h\n'}
[1.697291] (px4_msgs) StdoutLine: {'line': b'-- Up-to-date symlink: /home/carlos/ros2_ws/install/px4_msgs/include/px4_msgs/px4_msgs/msg/detail/vehicle_angular_velocity__rosidl_typesupport_fastrtps_c.h\n'}
[1.697378] (px4_msgs) StdoutLine: {'line': b'-- Up-to-date symlink: /home/carlos/ros2_ws/install/px4_msgs/include/px4_msgs/px4_msgs/msg/detail/vehicle_attitude__rosidl_typesupport_fastrtps_c.h\n'}
[1.697470] (px4_msgs) StdoutLine: {'line': b'-- Up-to-date symlink: /home/carlos/ros2_ws/install/px4_msgs/include/px4_msgs/px4_msgs/msg/detail/vehicle_attitude_setpoint__rosidl_typesupport_fastrtps_c.h\n'}
[1.697557] (px4_msgs) StdoutLine: {'line': b'-- Up-to-date symlink: /home/carlos/ros2_ws/install/px4_msgs/include/px4_msgs/px4_msgs/msg/detail/vehicle_command__rosidl_typesupport_fastrtps_c.h\n'}
[1.697641] (px4_msgs) StdoutLine: {'line': b'-- Up-to-date symlink: /home/carlos/ros2_ws/install/px4_msgs/include/px4_msgs/px4_msgs/msg/detail/vehicle_command_ack__rosidl_typesupport_fastrtps_c.h\n'}
[1.697727] (px4_msgs) StdoutLine: {'line': b'-- Up-to-date symlink: /home/carlos/ros2_ws/install/px4_msgs/include/px4_msgs/px4_msgs/msg/detail/vehicle_constraints__rosidl_typesupport_fastrtps_c.h\n'}
[1.697812] (px4_msgs) StdoutLine: {'line': b'-- Up-to-date symlink: /home/carlos/ros2_ws/install/px4_msgs/include/px4_msgs/px4_msgs/msg/detail/vehicle_control_mode__rosidl_typesupport_fastrtps_c.h\n'}
[1.697897] (px4_msgs) StdoutLine: {'line': b'-- Up-to-date symlink: /home/carlos/ros2_ws/install/px4_msgs/include/px4_msgs/px4_msgs/msg/detail/vehicle_global_position__rosidl_typesupport_fastrtps_c.h\n'}
[1.697982] (px4_msgs) StdoutLine: {'line': b'-- Up-to-date symlink: /home/carlos/ros2_ws/install/px4_msgs/include/px4_msgs/px4_msgs/msg/detail/vehicle_imu__rosidl_typesupport_fastrtps_c.h\n'}
[1.698072] (px4_msgs) StdoutLine: {'line': b'-- Up-to-date symlink: /home/carlos/ros2_ws/install/px4_msgs/include/px4_msgs/px4_msgs/msg/detail/vehicle_imu_status__rosidl_typesupport_fastrtps_c.h\n'}
[1.698158] (px4_msgs) StdoutLine: {'line': b'-- Up-to-date symlink: /home/carlos/ros2_ws/install/px4_msgs/include/px4_msgs/px4_msgs/msg/detail/vehicle_land_detected__rosidl_typesupport_fastrtps_c.h\n'}
[1.698256] (px4_msgs) StdoutLine: {'line': b'-- Up-to-date symlink: /home/carlos/ros2_ws/install/px4_msgs/include/px4_msgs/px4_msgs/msg/detail/vehicle_local_position__rosidl_typesupport_fastrtps_c.h\n'}
[1.698339] (px4_msgs) StdoutLine: {'line': b'-- Up-to-date symlink: /home/carlos/ros2_ws/install/px4_msgs/include/px4_msgs/px4_msgs/msg/detail/vehicle_local_position_setpoint__rosidl_typesupport_fastrtps_c.h\n'}
[1.698424] (px4_msgs) StdoutLine: {'line': b'-- Up-to-date symlink: /home/carlos/ros2_ws/install/px4_msgs/include/px4_msgs/px4_msgs/msg/detail/vehicle_magnetometer__rosidl_typesupport_fastrtps_c.h\n'}
[1.698518] (px4_msgs) StdoutLine: {'line': b'-- Up-to-date symlink: /home/carlos/ros2_ws/install/px4_msgs/include/px4_msgs/px4_msgs/msg/detail/vehicle_odometry__rosidl_typesupport_fastrtps_c.h\n'}
[1.698603] (px4_msgs) StdoutLine: {'line': b'-- Up-to-date symlink: /home/carlos/ros2_ws/install/px4_msgs/include/px4_msgs/px4_msgs/msg/detail/vehicle_optical_flow__rosidl_typesupport_fastrtps_c.h\n'}
[1.698689] (px4_msgs) StdoutLine: {'line': b'-- Up-to-date symlink: /home/carlos/ros2_ws/install/px4_msgs/include/px4_msgs/px4_msgs/msg/detail/vehicle_optical_flow_vel__rosidl_typesupport_fastrtps_c.h\n'}
[1.698773] (px4_msgs) StdoutLine: {'line': b'-- Up-to-date symlink: /home/carlos/ros2_ws/install/px4_msgs/include/px4_msgs/px4_msgs/msg/detail/vehicle_rates_setpoint__rosidl_typesupport_fastrtps_c.h\n'}
[1.698859] (px4_msgs) StdoutLine: {'line': b'-- Up-to-date symlink: /home/carlos/ros2_ws/install/px4_msgs/include/px4_msgs/px4_msgs/msg/detail/vehicle_roi__rosidl_typesupport_fastrtps_c.h\n'}
[1.698946] (px4_msgs) StdoutLine: {'line': b'-- Up-to-date symlink: /home/carlos/ros2_ws/install/px4_msgs/include/px4_msgs/px4_msgs/msg/detail/vehicle_status__rosidl_typesupport_fastrtps_c.h\n'}
[1.699034] (px4_msgs) StdoutLine: {'line': b'-- Up-to-date symlink: /home/carlos/ros2_ws/install/px4_msgs/include/px4_msgs/px4_msgs/msg/detail/vehicle_thrust_setpoint__rosidl_typesupport_fastrtps_c.h\n'}
[1.699120] (px4_msgs) StdoutLine: {'line': b'-- Up-to-date symlink: /home/carlos/ros2_ws/install/px4_msgs/include/px4_msgs/px4_msgs/msg/detail/vehicle_torque_setpoint__rosidl_typesupport_fastrtps_c.h\n'}
[1.699208] (px4_msgs) StdoutLine: {'line': b'-- Up-to-date symlink: /home/carlos/ros2_ws/install/px4_msgs/include/px4_msgs/px4_msgs/msg/detail/velocity_limits__rosidl_typesupport_fastrtps_c.h\n'}
[1.699294] (px4_msgs) StdoutLine: {'line': b'-- Up-to-date symlink: /home/carlos/ros2_ws/install/px4_msgs/include/px4_msgs/px4_msgs/msg/detail/vtol_vehicle_status__rosidl_typesupport_fastrtps_c.h\n'}
[1.699382] (px4_msgs) StdoutLine: {'line': b'-- Up-to-date symlink: /home/carlos/ros2_ws/install/px4_msgs/include/px4_msgs/px4_msgs/msg/detail/wheel_encoders__rosidl_typesupport_fastrtps_c.h\n'}
[1.699476] (px4_msgs) StdoutLine: {'line': b'-- Up-to-date symlink: /home/carlos/ros2_ws/install/px4_msgs/include/px4_msgs/px4_msgs/msg/detail/wind__rosidl_typesupport_fastrtps_c.h\n'}
[1.699563] (px4_msgs) StdoutLine: {'line': b'-- Up-to-date symlink: /home/carlos/ros2_ws/install/px4_msgs/include/px4_msgs/px4_msgs/msg/detail/yaw_estimator_status__rosidl_typesupport_fastrtps_c.h\n'}
[1.699645] (px4_msgs) StdoutLine: {'line': b'-- Up-to-date symlink: /home/carlos/ros2_ws/install/px4_msgs/include/px4_msgs/px4_msgs/msg/rosidl_typesupport_fastrtps_c__visibility_control.h\n'}
[1.699733] (px4_msgs) StdoutLine: {'line': b'-- Up-to-date symlink: /home/carlos/ros2_ws/install/px4_msgs/include/px4_msgs/px4_msgs/srv/detail/vehicle_command__rosidl_typesupport_fastrtps_c.h\n'}
[1.702948] (-) TimerEvent: {}
[1.708206] (px4_msgs) StdoutLine: {'line': b'-- Up-to-date symlink: /home/carlos/ros2_ws/install/px4_msgs/include/px4_msgs/px4_msgs/msg/action_request.hpp\n'}
[1.708482] (px4_msgs) StdoutLine: {'line': b'-- Up-to-date symlink: /home/carlos/ros2_ws/install/px4_msgs/include/px4_msgs/px4_msgs/msg/actuator_armed.hpp\n'}
[1.708736] (px4_msgs) StdoutLine: {'line': b'-- Up-to-date symlink: /home/carlos/ros2_ws/install/px4_msgs/include/px4_msgs/px4_msgs/msg/actuator_controls_status.hpp\n'}
[1.708923] (px4_msgs) StdoutLine: {'line': b'-- Up-to-date symlink: /home/carlos/ros2_ws/install/px4_msgs/include/px4_msgs/px4_msgs/msg/actuator_motors.hpp\n'}
[1.709080] (px4_msgs) StdoutLine: {'line': b'-- Up-to-date symlink: /home/carlos/ros2_ws/install/px4_msgs/include/px4_msgs/px4_msgs/msg/actuator_outputs.hpp\n'}
[1.709335] (px4_msgs) StdoutLine: {'line': b'-- Up-to-date symlink: /home/carlos/ros2_ws/install/px4_msgs/include/px4_msgs/px4_msgs/msg/actuator_servos.hpp\n'}
[1.709498] (px4_msgs) StdoutLine: {'line': b'-- Up-to-date symlink: /home/carlos/ros2_ws/install/px4_msgs/include/px4_msgs/px4_msgs/msg/actuator_servos_trim.hpp\n'}
[1.709646] (px4_msgs) StdoutLine: {'line': b'-- Up-to-date symlink: /home/carlos/ros2_ws/install/px4_msgs/include/px4_msgs/px4_msgs/msg/actuator_test.hpp\n'}
[1.709748] (px4_msgs) StdoutLine: {'line': b'-- Up-to-date symlink: /home/carlos/ros2_ws/install/px4_msgs/include/px4_msgs/px4_msgs/msg/adc_report.hpp\n'}
[1.709814] (px4_msgs) StdoutLine: {'line': b'-- Up-to-date symlink: /home/carlos/ros2_ws/install/px4_msgs/include/px4_msgs/px4_msgs/msg/airspeed.hpp\n'}
[1.709880] (px4_msgs) StdoutLine: {'line': b'-- Up-to-date symlink: /home/carlos/ros2_ws/install/px4_msgs/include/px4_msgs/px4_msgs/msg/airspeed_validated.hpp\n'}
[1.709945] (px4_msgs) StdoutLine: {'line': b'-- Up-to-date symlink: /home/carlos/ros2_ws/install/px4_msgs/include/px4_msgs/px4_msgs/msg/airspeed_wind.hpp\n'}
[1.710010] (px4_msgs) StdoutLine: {'line': b'-- Up-to-date symlink: /home/carlos/ros2_ws/install/px4_msgs/include/px4_msgs/px4_msgs/msg/arming_check_reply.hpp\n'}
[1.710073] (px4_msgs) StdoutLine: {'line': b'-- Up-to-date symlink: /home/carlos/ros2_ws/install/px4_msgs/include/px4_msgs/px4_msgs/msg/arming_check_request.hpp\n'}
[1.710183] (px4_msgs) StdoutLine: {'line': b'-- Up-to-date symlink: /home/carlos/ros2_ws/install/px4_msgs/include/px4_msgs/px4_msgs/msg/autotune_attitude_control_status.hpp\n'}
[1.710259] (px4_msgs) StdoutLine: {'line': b'-- Up-to-date symlink: /home/carlos/ros2_ws/install/px4_msgs/include/px4_msgs/px4_msgs/msg/battery_info.hpp\n'}
[1.710326] (px4_msgs) StdoutLine: {'line': b'-- Up-to-date symlink: /home/carlos/ros2_ws/install/px4_msgs/include/px4_msgs/px4_msgs/msg/battery_status.hpp\n'}
[1.710392] (px4_msgs) StdoutLine: {'line': b'-- Up-to-date symlink: /home/carlos/ros2_ws/install/px4_msgs/include/px4_msgs/px4_msgs/msg/button_event.hpp\n'}
[1.710464] (px4_msgs) StdoutLine: {'line': b'-- Up-to-date symlink: /home/carlos/ros2_ws/install/px4_msgs/include/px4_msgs/px4_msgs/msg/camera_capture.hpp\n'}
[1.710557] (px4_msgs) StdoutLine: {'line': b'-- Up-to-date symlink: /home/carlos/ros2_ws/install/px4_msgs/include/px4_msgs/px4_msgs/msg/camera_status.hpp\n'}
[1.710625] (px4_msgs) StdoutLine: {'line': b'-- Up-to-date symlink: /home/carlos/ros2_ws/install/px4_msgs/include/px4_msgs/px4_msgs/msg/camera_trigger.hpp\n'}
[1.710690] (px4_msgs) StdoutLine: {'line': b'-- Up-to-date symlink: /home/carlos/ros2_ws/install/px4_msgs/include/px4_msgs/px4_msgs/msg/can_interface_status.hpp\n'}
[1.710754] (px4_msgs) StdoutLine: {'line': b'-- Up-to-date symlink: /home/carlos/ros2_ws/install/px4_msgs/include/px4_msgs/px4_msgs/msg/cellular_status.hpp\n'}
[1.710818] (px4_msgs) StdoutLine: {'line': b'-- Up-to-date symlink: /home/carlos/ros2_ws/install/px4_msgs/include/px4_msgs/px4_msgs/msg/collision_constraints.hpp\n'}
[1.710883] (px4_msgs) StdoutLine: {'line': b'-- Up-to-date symlink: /home/carlos/ros2_ws/install/px4_msgs/include/px4_msgs/px4_msgs/msg/config_overrides.hpp\n'}
[1.710948] (px4_msgs) StdoutLine: {'line': b'-- Up-to-date symlink: /home/carlos/ros2_ws/install/px4_msgs/include/px4_msgs/px4_msgs/msg/control_allocator_status.hpp\n'}
[1.711051] (px4_msgs) StdoutLine: {'line': b'-- Up-to-date symlink: /home/carlos/ros2_ws/install/px4_msgs/include/px4_msgs/px4_msgs/msg/cpuload.hpp\n'}
[1.711108] (px4_msgs) StdoutLine: {'line': b'-- Up-to-date symlink: /home/carlos/ros2_ws/install/px4_msgs/include/px4_msgs/px4_msgs/msg/dataman_request.hpp\n'}
[1.711175] (px4_msgs) StdoutLine: {'line': b'-- Up-to-date symlink: /home/carlos/ros2_ws/install/px4_msgs/include/px4_msgs/px4_msgs/msg/dataman_response.hpp\n'}
[1.711239] (px4_msgs) StdoutLine: {'line': b'-- Up-to-date symlink: /home/carlos/ros2_ws/install/px4_msgs/include/px4_msgs/px4_msgs/msg/debug_array.hpp\n'}
[1.711304] (px4_msgs) StdoutLine: {'line': b'-- Up-to-date symlink: /home/carlos/ros2_ws/install/px4_msgs/include/px4_msgs/px4_msgs/msg/debug_key_value.hpp\n'}
[1.711369] (px4_msgs) StdoutLine: {'line': b'-- Up-to-date symlink: /home/carlos/ros2_ws/install/px4_msgs/include/px4_msgs/px4_msgs/msg/debug_value.hpp\n'}
[1.711438] (px4_msgs) StdoutLine: {'line': b'-- Up-to-date symlink: /home/carlos/ros2_ws/install/px4_msgs/include/px4_msgs/px4_msgs/msg/debug_vect.hpp\n'}
[1.711506] (px4_msgs) StdoutLine: {'line': b'-- Up-to-date symlink: /home/carlos/ros2_ws/install/px4_msgs/include/px4_msgs/px4_msgs/msg/detail/action_request__builder.hpp\n'}
[1.711570] (px4_msgs) StdoutLine: {'line': b'-- Up-to-date symlink: /home/carlos/ros2_ws/install/px4_msgs/include/px4_msgs/px4_msgs/msg/detail/action_request__struct.hpp\n'}
[1.711635] (px4_msgs) StdoutLine: {'line': b'-- Up-to-date symlink: /home/carlos/ros2_ws/install/px4_msgs/include/px4_msgs/px4_msgs/msg/detail/action_request__traits.hpp\n'}
[1.711716] (px4_msgs) StdoutLine: {'line': b'-- Up-to-date symlink: /home/carlos/ros2_ws/install/px4_msgs/include/px4_msgs/px4_msgs/msg/detail/action_request__type_support.hpp\n'}
[1.711826] (px4_msgs) StdoutLine: {'line': b'-- Up-to-date symlink: /home/carlos/ros2_ws/install/px4_msgs/include/px4_msgs/px4_msgs/msg/detail/actuator_armed__builder.hpp\n'}
[1.711880] (px4_msgs) StdoutLine: {'line': b'-- Up-to-date symlink: /home/carlos/ros2_ws/install/px4_msgs/include/px4_msgs/px4_msgs/msg/detail/actuator_armed__struct.hpp\n'}
[1.711946] (px4_msgs) StdoutLine: {'line': b'-- Up-to-date symlink: /home/carlos/ros2_ws/install/px4_msgs/include/px4_msgs/px4_msgs/msg/detail/actuator_armed__traits.hpp\n'}
[1.712012] (px4_msgs) StdoutLine: {'line': b'-- Up-to-date symlink: /home/carlos/ros2_ws/install/px4_msgs/include/px4_msgs/px4_msgs/msg/detail/actuator_armed__type_support.hpp\n'}
[1.712117] (px4_msgs) StdoutLine: {'line': b'-- Up-to-date symlink: /home/carlos/ros2_ws/install/px4_msgs/include/px4_msgs/px4_msgs/msg/detail/actuator_controls_status__builder.hpp\n'}
[1.712176] (px4_msgs) StdoutLine: {'line': b'-- Up-to-date symlink: /home/carlos/ros2_ws/install/px4_msgs/include/px4_msgs/px4_msgs/msg/detail/actuator_controls_status__struct.hpp\n'}
[1.712255] (px4_msgs) StdoutLine: {'line': b'-- Up-to-date symlink: /home/carlos/ros2_ws/install/px4_msgs/include/px4_msgs/px4_msgs/msg/detail/actuator_controls_status__traits.hpp\n'}
[1.712322] (px4_msgs) StdoutLine: {'line': b'-- Up-to-date symlink: /home/carlos/ros2_ws/install/px4_msgs/include/px4_msgs/px4_msgs/msg/detail/actuator_controls_status__type_support.hpp\n'}
[1.712386] (px4_msgs) StdoutLine: {'line': b'-- Up-to-date symlink: /home/carlos/ros2_ws/install/px4_msgs/include/px4_msgs/px4_msgs/msg/detail/actuator_motors__builder.hpp\n'}
[1.712456] (px4_msgs) StdoutLine: {'line': b'-- Up-to-date symlink: /home/carlos/ros2_ws/install/px4_msgs/include/px4_msgs/px4_msgs/msg/detail/actuator_motors__struct.hpp\n'}
[1.712521] (px4_msgs) StdoutLine: {'line': b'-- Up-to-date symlink: /home/carlos/ros2_ws/install/px4_msgs/include/px4_msgs/px4_msgs/msg/detail/actuator_motors__traits.hpp\n'}
[1.712585] (px4_msgs) StdoutLine: {'line': b'-- Up-to-date symlink: /home/carlos/ros2_ws/install/px4_msgs/include/px4_msgs/px4_msgs/msg/detail/actuator_motors__type_support.hpp\n'}
[1.712667] (px4_msgs) StdoutLine: {'line': b'-- Up-to-date symlink: /home/carlos/ros2_ws/install/px4_msgs/include/px4_msgs/px4_msgs/msg/detail/actuator_outputs__builder.hpp\n'}
[1.712771] (px4_msgs) StdoutLine: {'line': b'-- Up-to-date symlink: /home/carlos/ros2_ws/install/px4_msgs/include/px4_msgs/px4_msgs/msg/detail/actuator_outputs__struct.hpp\n'}
[1.712824] (px4_msgs) StdoutLine: {'line': b'-- Up-to-date symlink: /home/carlos/ros2_ws/install/px4_msgs/include/px4_msgs/px4_msgs/msg/detail/actuator_outputs__traits.hpp\n'}
[1.712888] (px4_msgs) StdoutLine: {'line': b'-- Up-to-date symlink: /home/carlos/ros2_ws/install/px4_msgs/include/px4_msgs/px4_msgs/msg/detail/actuator_outputs__type_support.hpp\n'}
[1.712952] (px4_msgs) StdoutLine: {'line': b'-- Up-to-date symlink: /home/carlos/ros2_ws/install/px4_msgs/include/px4_msgs/px4_msgs/msg/detail/actuator_servos__builder.hpp\n'}
[1.713018] (px4_msgs) StdoutLine: {'line': b'-- Up-to-date symlink: /home/carlos/ros2_ws/install/px4_msgs/include/px4_msgs/px4_msgs/msg/detail/actuator_servos__struct.hpp\n'}
[1.713082] (px4_msgs) StdoutLine: {'line': b'-- Up-to-date symlink: /home/carlos/ros2_ws/install/px4_msgs/include/px4_msgs/px4_msgs/msg/detail/actuator_servos__traits.hpp\n'}
[1.713175] (px4_msgs) StdoutLine: {'line': b'-- Up-to-date symlink: /home/carlos/ros2_ws/install/px4_msgs/include/px4_msgs/px4_msgs/msg/detail/actuator_servos__type_support.hpp\n'}
[1.713257] (px4_msgs) StdoutLine: {'line': b'-- Up-to-date symlink: /home/carlos/ros2_ws/install/px4_msgs/include/px4_msgs/px4_msgs/msg/detail/actuator_servos_trim__builder.hpp\n'}
[1.713338] (px4_msgs) StdoutLine: {'line': b'-- Up-to-date symlink: /home/carlos/ros2_ws/install/px4_msgs/include/px4_msgs/px4_msgs/msg/detail/actuator_servos_trim__struct.hpp\n'}
[1.713403] (px4_msgs) StdoutLine: {'line': b'-- Up-to-date symlink: /home/carlos/ros2_ws/install/px4_msgs/include/px4_msgs/px4_msgs/msg/detail/actuator_servos_trim__traits.hpp\n'}
[1.713474] (px4_msgs) StdoutLine: {'line': b'-- Up-to-date symlink: /home/carlos/ros2_ws/install/px4_msgs/include/px4_msgs/px4_msgs/msg/detail/actuator_servos_trim__type_support.hpp\n'}
[1.713568] (px4_msgs) StdoutLine: {'line': b'-- Up-to-date symlink: /home/carlos/ros2_ws/install/px4_msgs/include/px4_msgs/px4_msgs/msg/detail/actuator_test__builder.hpp\n'}
[1.713620] (px4_msgs) StdoutLine: {'line': b'-- Up-to-date symlink: /home/carlos/ros2_ws/install/px4_msgs/include/px4_msgs/px4_msgs/msg/detail/actuator_test__struct.hpp\n'}
[1.713684] (px4_msgs) StdoutLine: {'line': b'-- Up-to-date symlink: /home/carlos/ros2_ws/install/px4_msgs/include/px4_msgs/px4_msgs/msg/detail/actuator_test__traits.hpp\n'}
[1.713748] (px4_msgs) StdoutLine: {'line': b'-- Up-to-date symlink: /home/carlos/ros2_ws/install/px4_msgs/include/px4_msgs/px4_msgs/msg/detail/actuator_test__type_support.hpp\n'}
[1.713840] (px4_msgs) StdoutLine: {'line': b'-- Up-to-date symlink: /home/carlos/ros2_ws/install/px4_msgs/include/px4_msgs/px4_msgs/msg/detail/adc_report__builder.hpp\n'}
[1.713906] (px4_msgs) StdoutLine: {'line': b'-- Up-to-date symlink: /home/carlos/ros2_ws/install/px4_msgs/include/px4_msgs/px4_msgs/msg/detail/adc_report__struct.hpp\n'}
[1.713973] (px4_msgs) StdoutLine: {'line': b'-- Up-to-date symlink: /home/carlos/ros2_ws/install/px4_msgs/include/px4_msgs/px4_msgs/msg/detail/adc_report__traits.hpp\n'}
[1.714064] (px4_msgs) StdoutLine: {'line': b'-- Up-to-date symlink: /home/carlos/ros2_ws/install/px4_msgs/include/px4_msgs/px4_msgs/msg/detail/adc_report__type_support.hpp\n'}
[1.714115] (px4_msgs) StdoutLine: {'line': b'-- Up-to-date symlink: /home/carlos/ros2_ws/install/px4_msgs/include/px4_msgs/px4_msgs/msg/detail/airspeed__builder.hpp\n'}
[1.714174] (px4_msgs) StdoutLine: {'line': b'-- Up-to-date symlink: /home/carlos/ros2_ws/install/px4_msgs/include/px4_msgs/px4_msgs/msg/detail/airspeed__struct.hpp\n'}
[1.714259] (px4_msgs) StdoutLine: {'line': b'-- Up-to-date symlink: /home/carlos/ros2_ws/install/px4_msgs/include/px4_msgs/px4_msgs/msg/detail/airspeed__traits.hpp\n'}
[1.714310] (px4_msgs) StdoutLine: {'line': b'-- Up-to-date symlink: /home/carlos/ros2_ws/install/px4_msgs/include/px4_msgs/px4_msgs/msg/detail/airspeed__type_support.hpp\n'}
[1.714388] (px4_msgs) StdoutLine: {'line': b'-- Up-to-date symlink: /home/carlos/ros2_ws/install/px4_msgs/include/px4_msgs/px4_msgs/msg/detail/airspeed_validated__builder.hpp\n'}
[1.714461] (px4_msgs) StdoutLine: {'line': b'-- Up-to-date symlink: /home/carlos/ros2_ws/install/px4_msgs/include/px4_msgs/px4_msgs/msg/detail/airspeed_validated__struct.hpp\n'}
[1.714528] (px4_msgs) StdoutLine: {'line': b'-- Up-to-date symlink: /home/carlos/ros2_ws/install/px4_msgs/include/px4_msgs/px4_msgs/msg/detail/airspeed_validated__traits.hpp\n'}
[1.714590] (px4_msgs) StdoutLine: {'line': b'-- Up-to-date symlink: /home/carlos/ros2_ws/install/px4_msgs/include/px4_msgs/px4_msgs/msg/detail/airspeed_validated__type_support.hpp\n'}
[1.714664] (px4_msgs) StdoutLine: {'line': b'-- Up-to-date symlink: /home/carlos/ros2_ws/install/px4_msgs/include/px4_msgs/px4_msgs/msg/detail/airspeed_wind__builder.hpp\n'}
[1.714749] (px4_msgs) StdoutLine: {'line': b'-- Up-to-date symlink: /home/carlos/ros2_ws/install/px4_msgs/include/px4_msgs/px4_msgs/msg/detail/airspeed_wind__struct.hpp\n'}
[1.714833] (px4_msgs) StdoutLine: {'line': b'-- Up-to-date symlink: /home/carlos/ros2_ws/install/px4_msgs/include/px4_msgs/px4_msgs/msg/detail/airspeed_wind__traits.hpp\n'}
[1.714918] (px4_msgs) StdoutLine: {'line': b'-- Up-to-date symlink: /home/carlos/ros2_ws/install/px4_msgs/include/px4_msgs/px4_msgs/msg/detail/airspeed_wind__type_support.hpp\n'}
[1.715003] (px4_msgs) StdoutLine: {'line': b'-- Up-to-date symlink: /home/carlos/ros2_ws/install/px4_msgs/include/px4_msgs/px4_msgs/msg/detail/arming_check_reply__builder.hpp\n'}
[1.715086] (px4_msgs) StdoutLine: {'line': b'-- Up-to-date symlink: /home/carlos/ros2_ws/install/px4_msgs/include/px4_msgs/px4_msgs/msg/detail/arming_check_reply__struct.hpp\n'}
[1.715171] (px4_msgs) StdoutLine: {'line': b'-- Up-to-date symlink: /home/carlos/ros2_ws/install/px4_msgs/include/px4_msgs/px4_msgs/msg/detail/arming_check_reply__traits.hpp\n'}
[1.715256] (px4_msgs) StdoutLine: {'line': b'-- Up-to-date symlink: /home/carlos/ros2_ws/install/px4_msgs/include/px4_msgs/px4_msgs/msg/detail/arming_check_reply__type_support.hpp\n'}
[1.715340] (px4_msgs) StdoutLine: {'line': b'-- Up-to-date symlink: /home/carlos/ros2_ws/install/px4_msgs/include/px4_msgs/px4_msgs/msg/detail/arming_check_request__builder.hpp\n'}
[1.715425] (px4_msgs) StdoutLine: {'line': b'-- Up-to-date symlink: /home/carlos/ros2_ws/install/px4_msgs/include/px4_msgs/px4_msgs/msg/detail/arming_check_request__struct.hpp\n'}
[1.715521] (px4_msgs) StdoutLine: {'line': b'-- Up-to-date symlink: /home/carlos/ros2_ws/install/px4_msgs/include/px4_msgs/px4_msgs/msg/detail/arming_check_request__traits.hpp\n'}
[1.715608] (px4_msgs) StdoutLine: {'line': b'-- Up-to-date symlink: /home/carlos/ros2_ws/install/px4_msgs/include/px4_msgs/px4_msgs/msg/detail/arming_check_request__type_support.hpp\n'}
[1.715694] (px4_msgs) StdoutLine: {'line': b'-- Up-to-date symlink: /home/carlos/ros2_ws/install/px4_msgs/include/px4_msgs/px4_msgs/msg/detail/autotune_attitude_control_status__builder.hpp\n'}
[1.715780] (px4_msgs) StdoutLine: {'line': b'-- Up-to-date symlink: /home/carlos/ros2_ws/install/px4_msgs/include/px4_msgs/px4_msgs/msg/detail/autotune_attitude_control_status__struct.hpp\n'}
[1.715865] (px4_msgs) StdoutLine: {'line': b'-- Up-to-date symlink: /home/carlos/ros2_ws/install/px4_msgs/include/px4_msgs/px4_msgs/msg/detail/autotune_attitude_control_status__traits.hpp\n'}
[1.715951] (px4_msgs) StdoutLine: {'line': b'-- Up-to-date symlink: /home/carlos/ros2_ws/install/px4_msgs/include/px4_msgs/px4_msgs/msg/detail/autotune_attitude_control_status__type_support.hpp\n'}
[1.716037] (px4_msgs) StdoutLine: {'line': b'-- Up-to-date symlink: /home/carlos/ros2_ws/install/px4_msgs/include/px4_msgs/px4_msgs/msg/detail/battery_info__builder.hpp\n'}
[1.716123] (px4_msgs) StdoutLine: {'line': b'-- Up-to-date symlink: /home/carlos/ros2_ws/install/px4_msgs/include/px4_msgs/px4_msgs/msg/detail/battery_info__struct.hpp\n'}
[1.716207] (px4_msgs) StdoutLine: {'line': b'-- Up-to-date symlink: /home/carlos/ros2_ws/install/px4_msgs/include/px4_msgs/px4_msgs/msg/detail/battery_info__traits.hpp\n'}
[1.716295] (px4_msgs) StdoutLine: {'line': b'-- Up-to-date symlink: /home/carlos/ros2_ws/install/px4_msgs/include/px4_msgs/px4_msgs/msg/detail/battery_info__type_support.hpp\n'}
[1.716381] (px4_msgs) StdoutLine: {'line': b'-- Up-to-date symlink: /home/carlos/ros2_ws/install/px4_msgs/include/px4_msgs/px4_msgs/msg/detail/battery_status__builder.hpp\n'}
[1.716480] (px4_msgs) StdoutLine: {'line': b'-- Up-to-date symlink: /home/carlos/ros2_ws/install/px4_msgs/include/px4_msgs/px4_msgs/msg/detail/battery_status__struct.hpp\n'}
[1.716566] (px4_msgs) StdoutLine: {'line': b'-- Up-to-date symlink: /home/carlos/ros2_ws/install/px4_msgs/include/px4_msgs/px4_msgs/msg/detail/battery_status__traits.hpp\n'}
[1.716651] (px4_msgs) StdoutLine: {'line': b'-- Up-to-date symlink: /home/carlos/ros2_ws/install/px4_msgs/include/px4_msgs/px4_msgs/msg/detail/battery_status__type_support.hpp\n'}
[1.716737] (px4_msgs) StdoutLine: {'line': b'-- Up-to-date symlink: /home/carlos/ros2_ws/install/px4_msgs/include/px4_msgs/px4_msgs/msg/detail/button_event__builder.hpp\n'}
[1.716821] (px4_msgs) StdoutLine: {'line': b'-- Up-to-date symlink: /home/carlos/ros2_ws/install/px4_msgs/include/px4_msgs/px4_msgs/msg/detail/button_event__struct.hpp\n'}
[1.716905] (px4_msgs) StdoutLine: {'line': b'-- Up-to-date symlink: /home/carlos/ros2_ws/install/px4_msgs/include/px4_msgs/px4_msgs/msg/detail/button_event__traits.hpp\n'}
[1.716990] (px4_msgs) StdoutLine: {'line': b'-- Up-to-date symlink: /home/carlos/ros2_ws/install/px4_msgs/include/px4_msgs/px4_msgs/msg/detail/button_event__type_support.hpp\n'}
[1.717075] (px4_msgs) StdoutLine: {'line': b'-- Up-to-date symlink: /home/carlos/ros2_ws/install/px4_msgs/include/px4_msgs/px4_msgs/msg/detail/camera_capture__builder.hpp\n'}
[1.717159] (px4_msgs) StdoutLine: {'line': b'-- Up-to-date symlink: /home/carlos/ros2_ws/install/px4_msgs/include/px4_msgs/px4_msgs/msg/detail/camera_capture__struct.hpp\n'}
[1.717243] (px4_msgs) StdoutLine: {'line': b'-- Up-to-date symlink: /home/carlos/ros2_ws/install/px4_msgs/include/px4_msgs/px4_msgs/msg/detail/camera_capture__traits.hpp\n'}
[1.717327] (px4_msgs) StdoutLine: {'line': b'-- Up-to-date symlink: /home/carlos/ros2_ws/install/px4_msgs/include/px4_msgs/px4_msgs/msg/detail/camera_capture__type_support.hpp\n'}
[1.717412] (px4_msgs) StdoutLine: {'line': b'-- Up-to-date symlink: /home/carlos/ros2_ws/install/px4_msgs/include/px4_msgs/px4_msgs/msg/detail/camera_status__builder.hpp\n'}
[1.717504] (px4_msgs) StdoutLine: {'line': b'-- Up-to-date symlink: /home/carlos/ros2_ws/install/px4_msgs/include/px4_msgs/px4_msgs/msg/detail/camera_status__struct.hpp\n'}
[1.717589] (px4_msgs) StdoutLine: {'line': b'-- Up-to-date symlink: /home/carlos/ros2_ws/install/px4_msgs/include/px4_msgs/px4_msgs/msg/detail/camera_status__traits.hpp\n'}
[1.717673] (px4_msgs) StdoutLine: {'line': b'-- Up-to-date symlink: /home/carlos/ros2_ws/install/px4_msgs/include/px4_msgs/px4_msgs/msg/detail/camera_status__type_support.hpp\n'}
[1.717757] (px4_msgs) StdoutLine: {'line': b'-- Up-to-date symlink: /home/carlos/ros2_ws/install/px4_msgs/include/px4_msgs/px4_msgs/msg/detail/camera_trigger__builder.hpp\n'}
[1.717842] (px4_msgs) StdoutLine: {'line': b'-- Up-to-date symlink: /home/carlos/ros2_ws/install/px4_msgs/include/px4_msgs/px4_msgs/msg/detail/camera_trigger__struct.hpp\n'}
[1.717926] (px4_msgs) StdoutLine: {'line': b'-- Up-to-date symlink: /home/carlos/ros2_ws/install/px4_msgs/include/px4_msgs/px4_msgs/msg/detail/camera_trigger__traits.hpp\n'}
[1.718011] (px4_msgs) StdoutLine: {'line': b'-- Up-to-date symlink: /home/carlos/ros2_ws/install/px4_msgs/include/px4_msgs/px4_msgs/msg/detail/camera_trigger__type_support.hpp\n'}
[1.718097] (px4_msgs) StdoutLine: {'line': b'-- Up-to-date symlink: /home/carlos/ros2_ws/install/px4_msgs/include/px4_msgs/px4_msgs/msg/detail/can_interface_status__builder.hpp\n'}
[1.718180] (px4_msgs) StdoutLine: {'line': b'-- Up-to-date symlink: /home/carlos/ros2_ws/install/px4_msgs/include/px4_msgs/px4_msgs/msg/detail/can_interface_status__struct.hpp\n'}
[1.718265] (px4_msgs) StdoutLine: {'line': b'-- Up-to-date symlink: /home/carlos/ros2_ws/install/px4_msgs/include/px4_msgs/px4_msgs/msg/detail/can_interface_status__traits.hpp\n'}
[1.718351] (px4_msgs) StdoutLine: {'line': b'-- Up-to-date symlink: /home/carlos/ros2_ws/install/px4_msgs/include/px4_msgs/px4_msgs/msg/detail/can_interface_status__type_support.hpp\n'}
[1.718441] (px4_msgs) StdoutLine: {'line': b'-- Up-to-date symlink: /home/carlos/ros2_ws/install/px4_msgs/include/px4_msgs/px4_msgs/msg/detail/cellular_status__builder.hpp\n'}
[1.718531] (px4_msgs) StdoutLine: {'line': b'-- Up-to-date symlink: /home/carlos/ros2_ws/install/px4_msgs/include/px4_msgs/px4_msgs/msg/detail/cellular_status__struct.hpp\n'}
[1.718614] (px4_msgs) StdoutLine: {'line': b'-- Up-to-date symlink: /home/carlos/ros2_ws/install/px4_msgs/include/px4_msgs/px4_msgs/msg/detail/cellular_status__traits.hpp\n'}
[1.718699] (px4_msgs) StdoutLine: {'line': b'-- Up-to-date symlink: /home/carlos/ros2_ws/install/px4_msgs/include/px4_msgs/px4_msgs/msg/detail/cellular_status__type_support.hpp\n'}
[1.718783] (px4_msgs) StdoutLine: {'line': b'-- Up-to-date symlink: /home/carlos/ros2_ws/install/px4_msgs/include/px4_msgs/px4_msgs/msg/detail/collision_constraints__builder.hpp\n'}
[1.718868] (px4_msgs) StdoutLine: {'line': b'-- Up-to-date symlink: /home/carlos/ros2_ws/install/px4_msgs/include/px4_msgs/px4_msgs/msg/detail/collision_constraints__struct.hpp\n'}
[1.718951] (px4_msgs) StdoutLine: {'line': b'-- Up-to-date symlink: /home/carlos/ros2_ws/install/px4_msgs/include/px4_msgs/px4_msgs/msg/detail/collision_constraints__traits.hpp\n'}
[1.719038] (px4_msgs) StdoutLine: {'line': b'-- Up-to-date symlink: /home/carlos/ros2_ws/install/px4_msgs/include/px4_msgs/px4_msgs/msg/detail/collision_constraints__type_support.hpp\n'}
[1.719127] (px4_msgs) StdoutLine: {'line': b'-- Up-to-date symlink: /home/carlos/ros2_ws/install/px4_msgs/include/px4_msgs/px4_msgs/msg/detail/config_overrides__builder.hpp\n'}
[1.719213] (px4_msgs) StdoutLine: {'line': b'-- Up-to-date symlink: /home/carlos/ros2_ws/install/px4_msgs/include/px4_msgs/px4_msgs/msg/detail/config_overrides__struct.hpp\n'}
[1.719300] (px4_msgs) StdoutLine: {'line': b'-- Up-to-date symlink: /home/carlos/ros2_ws/install/px4_msgs/include/px4_msgs/px4_msgs/msg/detail/config_overrides__traits.hpp\n'}
[1.719388] (px4_msgs) StdoutLine: {'line': b'-- Up-to-date symlink: /home/carlos/ros2_ws/install/px4_msgs/include/px4_msgs/px4_msgs/msg/detail/config_overrides__type_support.hpp\n'}
[1.719482] (px4_msgs) StdoutLine: {'line': b'-- Up-to-date symlink: /home/carlos/ros2_ws/install/px4_msgs/include/px4_msgs/px4_msgs/msg/detail/control_allocator_status__builder.hpp\n'}
[1.719573] (px4_msgs) StdoutLine: {'line': b'-- Up-to-date symlink: /home/carlos/ros2_ws/install/px4_msgs/include/px4_msgs/px4_msgs/msg/detail/control_allocator_status__struct.hpp\n'}
[1.719658] (px4_msgs) StdoutLine: {'line': b'-- Up-to-date symlink: /home/carlos/ros2_ws/install/px4_msgs/include/px4_msgs/px4_msgs/msg/detail/control_allocator_status__traits.hpp\n'}
[1.719745] (px4_msgs) StdoutLine: {'line': b'-- Up-to-date symlink: /home/carlos/ros2_ws/install/px4_msgs/include/px4_msgs/px4_msgs/msg/detail/control_allocator_status__type_support.hpp\n'}
[1.719835] (px4_msgs) StdoutLine: {'line': b'-- Up-to-date symlink: /home/carlos/ros2_ws/install/px4_msgs/include/px4_msgs/px4_msgs/msg/detail/cpuload__builder.hpp\n'}
[1.719920] (px4_msgs) StdoutLine: {'line': b'-- Up-to-date symlink: /home/carlos/ros2_ws/install/px4_msgs/include/px4_msgs/px4_msgs/msg/detail/cpuload__struct.hpp\n'}
[1.720005] (px4_msgs) StdoutLine: {'line': b'-- Up-to-date symlink: /home/carlos/ros2_ws/install/px4_msgs/include/px4_msgs/px4_msgs/msg/detail/cpuload__traits.hpp\n'}
[1.720089] (px4_msgs) StdoutLine: {'line': b'-- Up-to-date symlink: /home/carlos/ros2_ws/install/px4_msgs/include/px4_msgs/px4_msgs/msg/detail/cpuload__type_support.hpp\n'}
[1.720174] (px4_msgs) StdoutLine: {'line': b'-- Up-to-date symlink: /home/carlos/ros2_ws/install/px4_msgs/include/px4_msgs/px4_msgs/msg/detail/dataman_request__builder.hpp\n'}
[1.720263] (px4_msgs) StdoutLine: {'line': b'-- Up-to-date symlink: /home/carlos/ros2_ws/install/px4_msgs/include/px4_msgs/px4_msgs/msg/detail/dataman_request__struct.hpp\n'}
[1.720347] (px4_msgs) StdoutLine: {'line': b'-- Up-to-date symlink: /home/carlos/ros2_ws/install/px4_msgs/include/px4_msgs/px4_msgs/msg/detail/dataman_request__traits.hpp\n'}
[1.720438] (px4_msgs) StdoutLine: {'line': b'-- Up-to-date symlink: /home/carlos/ros2_ws/install/px4_msgs/include/px4_msgs/px4_msgs/msg/detail/dataman_request__type_support.hpp\n'}
[1.720525] (px4_msgs) StdoutLine: {'line': b'-- Up-to-date symlink: /home/carlos/ros2_ws/install/px4_msgs/include/px4_msgs/px4_msgs/msg/detail/dataman_response__builder.hpp\n'}
[1.720610] (px4_msgs) StdoutLine: {'line': b'-- Up-to-date symlink: /home/carlos/ros2_ws/install/px4_msgs/include/px4_msgs/px4_msgs/msg/detail/dataman_response__struct.hpp\n'}
[1.720694] (px4_msgs) StdoutLine: {'line': b'-- Up-to-date symlink: /home/carlos/ros2_ws/install/px4_msgs/include/px4_msgs/px4_msgs/msg/detail/dataman_response__traits.hpp\n'}
[1.720780] (px4_msgs) StdoutLine: {'line': b'-- Up-to-date symlink: /home/carlos/ros2_ws/install/px4_msgs/include/px4_msgs/px4_msgs/msg/detail/dataman_response__type_support.hpp\n'}
[1.720866] (px4_msgs) StdoutLine: {'line': b'-- Up-to-date symlink: /home/carlos/ros2_ws/install/px4_msgs/include/px4_msgs/px4_msgs/msg/detail/debug_array__builder.hpp\n'}
[1.720951] (px4_msgs) StdoutLine: {'line': b'-- Up-to-date symlink: /home/carlos/ros2_ws/install/px4_msgs/include/px4_msgs/px4_msgs/msg/detail/debug_array__struct.hpp\n'}
[1.721036] (px4_msgs) StdoutLine: {'line': b'-- Up-to-date symlink: /home/carlos/ros2_ws/install/px4_msgs/include/px4_msgs/px4_msgs/msg/detail/debug_array__traits.hpp\n'}
[1.721122] (px4_msgs) StdoutLine: {'line': b'-- Up-to-date symlink: /home/carlos/ros2_ws/install/px4_msgs/include/px4_msgs/px4_msgs/msg/detail/debug_array__type_support.hpp\n'}
[1.721209] (px4_msgs) StdoutLine: {'line': b'-- Up-to-date symlink: /home/carlos/ros2_ws/install/px4_msgs/include/px4_msgs/px4_msgs/msg/detail/debug_key_value__builder.hpp\n'}
[1.721300] (px4_msgs) StdoutLine: {'line': b'-- Up-to-date symlink: /home/carlos/ros2_ws/install/px4_msgs/include/px4_msgs/px4_msgs/msg/detail/debug_key_value__struct.hpp\n'}
[1.721383] (px4_msgs) StdoutLine: {'line': b'-- Up-to-date symlink: /home/carlos/ros2_ws/install/px4_msgs/include/px4_msgs/px4_msgs/msg/detail/debug_key_value__traits.hpp\n'}
[1.721473] (px4_msgs) StdoutLine: {'line': b'-- Up-to-date symlink: /home/carlos/ros2_ws/install/px4_msgs/include/px4_msgs/px4_msgs/msg/detail/debug_key_value__type_support.hpp\n'}
[1.721557] (px4_msgs) StdoutLine: {'line': b'-- Up-to-date symlink: /home/carlos/ros2_ws/install/px4_msgs/include/px4_msgs/px4_msgs/msg/detail/debug_value__builder.hpp\n'}
[1.721642] (px4_msgs) StdoutLine: {'line': b'-- Up-to-date symlink: /home/carlos/ros2_ws/install/px4_msgs/include/px4_msgs/px4_msgs/msg/detail/debug_value__struct.hpp\n'}
[1.721728] (px4_msgs) StdoutLine: {'line': b'-- Up-to-date symlink: /home/carlos/ros2_ws/install/px4_msgs/include/px4_msgs/px4_msgs/msg/detail/debug_value__traits.hpp\n'}
[1.721812] (px4_msgs) StdoutLine: {'line': b'-- Up-to-date symlink: /home/carlos/ros2_ws/install/px4_msgs/include/px4_msgs/px4_msgs/msg/detail/debug_value__type_support.hpp\n'}
[1.721901] (px4_msgs) StdoutLine: {'line': b'-- Up-to-date symlink: /home/carlos/ros2_ws/install/px4_msgs/include/px4_msgs/px4_msgs/msg/detail/debug_vect__builder.hpp\n'}
[1.721986] (px4_msgs) StdoutLine: {'line': b'-- Up-to-date symlink: /home/carlos/ros2_ws/install/px4_msgs/include/px4_msgs/px4_msgs/msg/detail/debug_vect__struct.hpp\n'}
[1.722071] (px4_msgs) StdoutLine: {'line': b'-- Up-to-date symlink: /home/carlos/ros2_ws/install/px4_msgs/include/px4_msgs/px4_msgs/msg/detail/debug_vect__traits.hpp\n'}
[1.722147] (px4_msgs) StdoutLine: {'line': b'-- Up-to-date symlink: /home/carlos/ros2_ws/install/px4_msgs/include/px4_msgs/px4_msgs/msg/detail/debug_vect__type_support.hpp\n'}
[1.722233] (px4_msgs) StdoutLine: {'line': b'-- Up-to-date symlink: /home/carlos/ros2_ws/install/px4_msgs/include/px4_msgs/px4_msgs/msg/detail/differential_pressure__builder.hpp\n'}
[1.722317] (px4_msgs) StdoutLine: {'line': b'-- Up-to-date symlink: /home/carlos/ros2_ws/install/px4_msgs/include/px4_msgs/px4_msgs/msg/detail/differential_pressure__struct.hpp\n'}
[1.722402] (px4_msgs) StdoutLine: {'line': b'-- Up-to-date symlink: /home/carlos/ros2_ws/install/px4_msgs/include/px4_msgs/px4_msgs/msg/detail/differential_pressure__traits.hpp\n'}
[1.722495] (px4_msgs) StdoutLine: {'line': b'-- Up-to-date symlink: /home/carlos/ros2_ws/install/px4_msgs/include/px4_msgs/px4_msgs/msg/detail/differential_pressure__type_support.hpp\n'}
[1.722585] (px4_msgs) StdoutLine: {'line': b'-- Up-to-date symlink: /home/carlos/ros2_ws/install/px4_msgs/include/px4_msgs/px4_msgs/msg/detail/distance_sensor__builder.hpp\n'}
[1.722684] (px4_msgs) StdoutLine: {'line': b'-- Up-to-date symlink: /home/carlos/ros2_ws/install/px4_msgs/include/px4_msgs/px4_msgs/msg/detail/distance_sensor__struct.hpp\n'}
[1.722784] (px4_msgs) StdoutLine: {'line': b'-- Up-to-date symlink: /home/carlos/ros2_ws/install/px4_msgs/include/px4_msgs/px4_msgs/msg/detail/distance_sensor__traits.hpp\n'}
[1.722869] (px4_msgs) StdoutLine: {'line': b'-- Up-to-date symlink: /home/carlos/ros2_ws/install/px4_msgs/include/px4_msgs/px4_msgs/msg/detail/distance_sensor__type_support.hpp\n'}
[1.722956] (px4_msgs) StdoutLine: {'line': b'-- Up-to-date symlink: /home/carlos/ros2_ws/install/px4_msgs/include/px4_msgs/px4_msgs/msg/detail/distance_sensor_mode_change_request__builder.hpp\n'}
[1.723041] (px4_msgs) StdoutLine: {'line': b'-- Up-to-date symlink: /home/carlos/ros2_ws/install/px4_msgs/include/px4_msgs/px4_msgs/msg/detail/distance_sensor_mode_change_request__struct.hpp\n'}
[1.723126] (px4_msgs) StdoutLine: {'line': b'-- Up-to-date symlink: /home/carlos/ros2_ws/install/px4_msgs/include/px4_msgs/px4_msgs/msg/detail/distance_sensor_mode_change_request__traits.hpp\n'}
[1.723218] (px4_msgs) StdoutLine: {'line': b'-- Up-to-date symlink: /home/carlos/ros2_ws/install/px4_msgs/include/px4_msgs/px4_msgs/msg/detail/distance_sensor_mode_change_request__type_support.hpp\n'}
[1.723304] (px4_msgs) StdoutLine: {'line': b'-- Up-to-date symlink: /home/carlos/ros2_ws/install/px4_msgs/include/px4_msgs/px4_msgs/msg/detail/dronecan_node_status__builder.hpp\n'}
[1.723389] (px4_msgs) StdoutLine: {'line': b'-- Up-to-date symlink: /home/carlos/ros2_ws/install/px4_msgs/include/px4_msgs/px4_msgs/msg/detail/dronecan_node_status__struct.hpp\n'}
[1.723481] (px4_msgs) StdoutLine: {'line': b'-- Up-to-date symlink: /home/carlos/ros2_ws/install/px4_msgs/include/px4_msgs/px4_msgs/msg/detail/dronecan_node_status__traits.hpp\n'}
[1.723574] (px4_msgs) StdoutLine: {'line': b'-- Up-to-date symlink: /home/carlos/ros2_ws/install/px4_msgs/include/px4_msgs/px4_msgs/msg/detail/dronecan_node_status__type_support.hpp\n'}
[1.723658] (px4_msgs) StdoutLine: {'line': b'-- Up-to-date symlink: /home/carlos/ros2_ws/install/px4_msgs/include/px4_msgs/px4_msgs/msg/detail/ekf2_timestamps__builder.hpp\n'}
[1.723743] (px4_msgs) StdoutLine: {'line': b'-- Up-to-date symlink: /home/carlos/ros2_ws/install/px4_msgs/include/px4_msgs/px4_msgs/msg/detail/ekf2_timestamps__struct.hpp\n'}
[1.723828] (px4_msgs) StdoutLine: {'line': b'-- Up-to-date symlink: /home/carlos/ros2_ws/install/px4_msgs/include/px4_msgs/px4_msgs/msg/detail/ekf2_timestamps__traits.hpp\n'}
[1.723928] (px4_msgs) StdoutLine: {'line': b'-- Up-to-date symlink: /home/carlos/ros2_ws/install/px4_msgs/include/px4_msgs/px4_msgs/msg/detail/ekf2_timestamps__type_support.hpp\n'}
[1.724009] (px4_msgs) StdoutLine: {'line': b'-- Up-to-date symlink: /home/carlos/ros2_ws/install/px4_msgs/include/px4_msgs/px4_msgs/msg/detail/esc_report__builder.hpp\n'}
[1.724101] (px4_msgs) StdoutLine: {'line': b'-- Up-to-date symlink: /home/carlos/ros2_ws/install/px4_msgs/include/px4_msgs/px4_msgs/msg/detail/esc_report__struct.hpp\n'}
[1.724185] (px4_msgs) StdoutLine: {'line': b'-- Up-to-date symlink: /home/carlos/ros2_ws/install/px4_msgs/include/px4_msgs/px4_msgs/msg/detail/esc_report__traits.hpp\n'}
[1.724269] (px4_msgs) StdoutLine: {'line': b'-- Up-to-date symlink: /home/carlos/ros2_ws/install/px4_msgs/include/px4_msgs/px4_msgs/msg/detail/esc_report__type_support.hpp\n'}
[1.724355] (px4_msgs) StdoutLine: {'line': b'-- Up-to-date symlink: /home/carlos/ros2_ws/install/px4_msgs/include/px4_msgs/px4_msgs/msg/detail/esc_status__builder.hpp\n'}
[1.724445] (px4_msgs) StdoutLine: {'line': b'-- Up-to-date symlink: /home/carlos/ros2_ws/install/px4_msgs/include/px4_msgs/px4_msgs/msg/detail/esc_status__struct.hpp\n'}
[1.724541] (px4_msgs) StdoutLine: {'line': b'-- Up-to-date symlink: /home/carlos/ros2_ws/install/px4_msgs/include/px4_msgs/px4_msgs/msg/detail/esc_status__traits.hpp\n'}
[1.724626] (px4_msgs) StdoutLine: {'line': b'-- Up-to-date symlink: /home/carlos/ros2_ws/install/px4_msgs/include/px4_msgs/px4_msgs/msg/detail/esc_status__type_support.hpp\n'}
[1.724711] (px4_msgs) StdoutLine: {'line': b'-- Up-to-date symlink: /home/carlos/ros2_ws/install/px4_msgs/include/px4_msgs/px4_msgs/msg/detail/estimator_aid_source1d__builder.hpp\n'}
[1.724796] (px4_msgs) StdoutLine: {'line': b'-- Up-to-date symlink: /home/carlos/ros2_ws/install/px4_msgs/include/px4_msgs/px4_msgs/msg/detail/estimator_aid_source1d__struct.hpp\n'}
[1.724881] (px4_msgs) StdoutLine: {'line': b'-- Up-to-date symlink: /home/carlos/ros2_ws/install/px4_msgs/include/px4_msgs/px4_msgs/msg/detail/estimator_aid_source1d__traits.hpp\n'}
[1.724966] (px4_msgs) StdoutLine: {'line': b'-- Up-to-date symlink: /home/carlos/ros2_ws/install/px4_msgs/include/px4_msgs/px4_msgs/msg/detail/estimator_aid_source1d__type_support.hpp\n'}
[1.725050] (px4_msgs) StdoutLine: {'line': b'-- Up-to-date symlink: /home/carlos/ros2_ws/install/px4_msgs/include/px4_msgs/px4_msgs/msg/detail/estimator_aid_source2d__builder.hpp\n'}
[1.725138] (px4_msgs) StdoutLine: {'line': b'-- Up-to-date symlink: /home/carlos/ros2_ws/install/px4_msgs/include/px4_msgs/px4_msgs/msg/detail/estimator_aid_source2d__struct.hpp\n'}
[1.725220] (px4_msgs) StdoutLine: {'line': b'-- Up-to-date symlink: /home/carlos/ros2_ws/install/px4_msgs/include/px4_msgs/px4_msgs/msg/detail/estimator_aid_source2d__traits.hpp\n'}
[1.725306] (px4_msgs) StdoutLine: {'line': b'-- Up-to-date symlink: /home/carlos/ros2_ws/install/px4_msgs/include/px4_msgs/px4_msgs/msg/detail/estimator_aid_source2d__type_support.hpp\n'}
[1.725389] (px4_msgs) StdoutLine: {'line': b'-- Up-to-date symlink: /home/carlos/ros2_ws/install/px4_msgs/include/px4_msgs/px4_msgs/msg/detail/estimator_aid_source3d__builder.hpp\n'}
[1.725482] (px4_msgs) StdoutLine: {'line': b'-- Up-to-date symlink: /home/carlos/ros2_ws/install/px4_msgs/include/px4_msgs/px4_msgs/msg/detail/estimator_aid_source3d__struct.hpp\n'}
[1.725567] (px4_msgs) StdoutLine: {'line': b'-- Up-to-date symlink: /home/carlos/ros2_ws/install/px4_msgs/include/px4_msgs/px4_msgs/msg/detail/estimator_aid_source3d__traits.hpp\n'}
[1.725654] (px4_msgs) StdoutLine: {'line': b'-- Up-to-date symlink: /home/carlos/ros2_ws/install/px4_msgs/include/px4_msgs/px4_msgs/msg/detail/estimator_aid_source3d__type_support.hpp\n'}
[1.725740] (px4_msgs) StdoutLine: {'line': b'-- Up-to-date symlink: /home/carlos/ros2_ws/install/px4_msgs/include/px4_msgs/px4_msgs/msg/detail/estimator_bias3d__builder.hpp\n'}
[1.725826] (px4_msgs) StdoutLine: {'line': b'-- Up-to-date symlink: /home/carlos/ros2_ws/install/px4_msgs/include/px4_msgs/px4_msgs/msg/detail/estimator_bias3d__struct.hpp\n'}
[1.725910] (px4_msgs) StdoutLine: {'line': b'-- Up-to-date symlink: /home/carlos/ros2_ws/install/px4_msgs/include/px4_msgs/px4_msgs/msg/detail/estimator_bias3d__traits.hpp\n'}
[1.725995] (px4_msgs) StdoutLine: {'line': b'-- Up-to-date symlink: /home/carlos/ros2_ws/install/px4_msgs/include/px4_msgs/px4_msgs/msg/detail/estimator_bias3d__type_support.hpp\n'}
[1.726081] (px4_msgs) StdoutLine: {'line': b'-- Up-to-date symlink: /home/carlos/ros2_ws/install/px4_msgs/include/px4_msgs/px4_msgs/msg/detail/estimator_bias__builder.hpp\n'}
[1.726166] (px4_msgs) StdoutLine: {'line': b'-- Up-to-date symlink: /home/carlos/ros2_ws/install/px4_msgs/include/px4_msgs/px4_msgs/msg/detail/estimator_bias__struct.hpp\n'}
[1.726250] (px4_msgs) StdoutLine: {'line': b'-- Up-to-date symlink: /home/carlos/ros2_ws/install/px4_msgs/include/px4_msgs/px4_msgs/msg/detail/estimator_bias__traits.hpp\n'}
[1.726335] (px4_msgs) StdoutLine: {'line': b'-- Up-to-date symlink: /home/carlos/ros2_ws/install/px4_msgs/include/px4_msgs/px4_msgs/msg/detail/estimator_bias__type_support.hpp\n'}
[1.726420] (px4_msgs) StdoutLine: {'line': b'-- Up-to-date symlink: /home/carlos/ros2_ws/install/px4_msgs/include/px4_msgs/px4_msgs/msg/detail/estimator_event_flags__builder.hpp\n'}
[1.726518] (px4_msgs) StdoutLine: {'line': b'-- Up-to-date symlink: /home/carlos/ros2_ws/install/px4_msgs/include/px4_msgs/px4_msgs/msg/detail/estimator_event_flags__struct.hpp\n'}
[1.726603] (px4_msgs) StdoutLine: {'line': b'-- Up-to-date symlink: /home/carlos/ros2_ws/install/px4_msgs/include/px4_msgs/px4_msgs/msg/detail/estimator_event_flags__traits.hpp\n'}
[1.726689] (px4_msgs) StdoutLine: {'line': b'-- Up-to-date symlink: /home/carlos/ros2_ws/install/px4_msgs/include/px4_msgs/px4_msgs/msg/detail/estimator_event_flags__type_support.hpp\n'}
[1.726773] (px4_msgs) StdoutLine: {'line': b'-- Up-to-date symlink: /home/carlos/ros2_ws/install/px4_msgs/include/px4_msgs/px4_msgs/msg/detail/estimator_gps_status__builder.hpp\n'}
[1.726858] (px4_msgs) StdoutLine: {'line': b'-- Up-to-date symlink: /home/carlos/ros2_ws/install/px4_msgs/include/px4_msgs/px4_msgs/msg/detail/estimator_gps_status__struct.hpp\n'}
[1.726943] (px4_msgs) StdoutLine: {'line': b'-- Up-to-date symlink: /home/carlos/ros2_ws/install/px4_msgs/include/px4_msgs/px4_msgs/msg/detail/estimator_gps_status__traits.hpp\n'}
[1.727028] (px4_msgs) StdoutLine: {'line': b'-- Up-to-date symlink: /home/carlos/ros2_ws/install/px4_msgs/include/px4_msgs/px4_msgs/msg/detail/estimator_gps_status__type_support.hpp\n'}
[1.727111] (px4_msgs) StdoutLine: {'line': b'-- Up-to-date symlink: /home/carlos/ros2_ws/install/px4_msgs/include/px4_msgs/px4_msgs/msg/detail/estimator_innovations__builder.hpp\n'}
[1.727195] (px4_msgs) StdoutLine: {'line': b'-- Up-to-date symlink: /home/carlos/ros2_ws/install/px4_msgs/include/px4_msgs/px4_msgs/msg/detail/estimator_innovations__struct.hpp\n'}
[1.727280] (px4_msgs) StdoutLine: {'line': b'-- Up-to-date symlink: /home/carlos/ros2_ws/install/px4_msgs/include/px4_msgs/px4_msgs/msg/detail/estimator_innovations__traits.hpp\n'}
[1.727371] (px4_msgs) StdoutLine: {'line': b'-- Up-to-date symlink: /home/carlos/ros2_ws/install/px4_msgs/include/px4_msgs/px4_msgs/msg/detail/estimator_innovations__type_support.hpp\n'}
[1.727458] (px4_msgs) StdoutLine: {'line': b'-- Up-to-date symlink: /home/carlos/ros2_ws/install/px4_msgs/include/px4_msgs/px4_msgs/msg/detail/estimator_selector_status__builder.hpp\n'}
[1.727553] (px4_msgs) StdoutLine: {'line': b'-- Up-to-date symlink: /home/carlos/ros2_ws/install/px4_msgs/include/px4_msgs/px4_msgs/msg/detail/estimator_selector_status__struct.hpp\n'}
[1.727637] (px4_msgs) StdoutLine: {'line': b'-- Up-to-date symlink: /home/carlos/ros2_ws/install/px4_msgs/include/px4_msgs/px4_msgs/msg/detail/estimator_selector_status__traits.hpp\n'}
[1.727722] (px4_msgs) StdoutLine: {'line': b'-- Up-to-date symlink: /home/carlos/ros2_ws/install/px4_msgs/include/px4_msgs/px4_msgs/msg/detail/estimator_selector_status__type_support.hpp\n'}
[1.727806] (px4_msgs) StdoutLine: {'line': b'-- Up-to-date symlink: /home/carlos/ros2_ws/install/px4_msgs/include/px4_msgs/px4_msgs/msg/detail/estimator_sensor_bias__builder.hpp\n'}
[1.727890] (px4_msgs) StdoutLine: {'line': b'-- Up-to-date symlink: /home/carlos/ros2_ws/install/px4_msgs/include/px4_msgs/px4_msgs/msg/detail/estimator_sensor_bias__struct.hpp\n'}
[1.727973] (px4_msgs) StdoutLine: {'line': b'-- Up-to-date symlink: /home/carlos/ros2_ws/install/px4_msgs/include/px4_msgs/px4_msgs/msg/detail/estimator_sensor_bias__traits.hpp\n'}
[1.728077] (px4_msgs) StdoutLine: {'line': b'-- Up-to-date symlink: /home/carlos/ros2_ws/install/px4_msgs/include/px4_msgs/px4_msgs/msg/detail/estimator_sensor_bias__type_support.hpp\n'}
[1.728147] (px4_msgs) StdoutLine: {'line': b'-- Up-to-date symlink: /home/carlos/ros2_ws/install/px4_msgs/include/px4_msgs/px4_msgs/msg/detail/estimator_states__builder.hpp\n'}
[1.728234] (px4_msgs) StdoutLine: {'line': b'-- Up-to-date symlink: /home/carlos/ros2_ws/install/px4_msgs/include/px4_msgs/px4_msgs/msg/detail/estimator_states__struct.hpp\n'}
[1.728319] (px4_msgs) StdoutLine: {'line': b'-- Up-to-date symlink: /home/carlos/ros2_ws/install/px4_msgs/include/px4_msgs/px4_msgs/msg/detail/estimator_states__traits.hpp\n'}
[1.728403] (px4_msgs) StdoutLine: {'line': b'-- Up-to-date symlink: /home/carlos/ros2_ws/install/px4_msgs/include/px4_msgs/px4_msgs/msg/detail/estimator_states__type_support.hpp\n'}
[1.728494] (px4_msgs) StdoutLine: {'line': b'-- Up-to-date symlink: /home/carlos/ros2_ws/install/px4_msgs/include/px4_msgs/px4_msgs/msg/detail/estimator_status__builder.hpp\n'}
[1.728576] (px4_msgs) StdoutLine: {'line': b'-- Up-to-date symlink: /home/carlos/ros2_ws/install/px4_msgs/include/px4_msgs/px4_msgs/msg/detail/estimator_status__struct.hpp\n'}
[1.728660] (px4_msgs) StdoutLine: {'line': b'-- Up-to-date symlink: /home/carlos/ros2_ws/install/px4_msgs/include/px4_msgs/px4_msgs/msg/detail/estimator_status__traits.hpp\n'}
[1.728744] (px4_msgs) StdoutLine: {'line': b'-- Up-to-date symlink: /home/carlos/ros2_ws/install/px4_msgs/include/px4_msgs/px4_msgs/msg/detail/estimator_status__type_support.hpp\n'}
[1.728827] (px4_msgs) StdoutLine: {'line': b'-- Up-to-date symlink: /home/carlos/ros2_ws/install/px4_msgs/include/px4_msgs/px4_msgs/msg/detail/estimator_status_flags__builder.hpp\n'}
[1.728913] (px4_msgs) StdoutLine: {'line': b'-- Up-to-date symlink: /home/carlos/ros2_ws/install/px4_msgs/include/px4_msgs/px4_msgs/msg/detail/estimator_status_flags__struct.hpp\n'}
[1.728998] (px4_msgs) StdoutLine: {'line': b'-- Up-to-date symlink: /home/carlos/ros2_ws/install/px4_msgs/include/px4_msgs/px4_msgs/msg/detail/estimator_status_flags__traits.hpp\n'}
[1.729074] (px4_msgs) StdoutLine: {'line': b'-- Up-to-date symlink: /home/carlos/ros2_ws/install/px4_msgs/include/px4_msgs/px4_msgs/msg/detail/estimator_status_flags__type_support.hpp\n'}
[1.729161] (px4_msgs) StdoutLine: {'line': b'-- Up-to-date symlink: /home/carlos/ros2_ws/install/px4_msgs/include/px4_msgs/px4_msgs/msg/detail/event__builder.hpp\n'}
[1.729245] (px4_msgs) StdoutLine: {'line': b'-- Up-to-date symlink: /home/carlos/ros2_ws/install/px4_msgs/include/px4_msgs/px4_msgs/msg/detail/event__struct.hpp\n'}
[1.729329] (px4_msgs) StdoutLine: {'line': b'-- Up-to-date symlink: /home/carlos/ros2_ws/install/px4_msgs/include/px4_msgs/px4_msgs/msg/detail/event__traits.hpp\n'}
[1.729414] (px4_msgs) StdoutLine: {'line': b'-- Up-to-date symlink: /home/carlos/ros2_ws/install/px4_msgs/include/px4_msgs/px4_msgs/msg/detail/event__type_support.hpp\n'}
[1.729506] (px4_msgs) StdoutLine: {'line': b'-- Up-to-date symlink: /home/carlos/ros2_ws/install/px4_msgs/include/px4_msgs/px4_msgs/msg/detail/failsafe_flags__builder.hpp\n'}
[1.729592] (px4_msgs) StdoutLine: {'line': b'-- Up-to-date symlink: /home/carlos/ros2_ws/install/px4_msgs/include/px4_msgs/px4_msgs/msg/detail/failsafe_flags__struct.hpp\n'}
[1.729676] (px4_msgs) StdoutLine: {'line': b'-- Up-to-date symlink: /home/carlos/ros2_ws/install/px4_msgs/include/px4_msgs/px4_msgs/msg/detail/failsafe_flags__traits.hpp\n'}
[1.729765] (px4_msgs) StdoutLine: {'line': b'-- Up-to-date symlink: /home/carlos/ros2_ws/install/px4_msgs/include/px4_msgs/px4_msgs/msg/detail/failsafe_flags__type_support.hpp\n'}
[1.729850] (px4_msgs) StdoutLine: {'line': b'-- Up-to-date symlink: /home/carlos/ros2_ws/install/px4_msgs/include/px4_msgs/px4_msgs/msg/detail/failure_detector_status__builder.hpp\n'}
[1.729934] (px4_msgs) StdoutLine: {'line': b'-- Up-to-date symlink: /home/carlos/ros2_ws/install/px4_msgs/include/px4_msgs/px4_msgs/msg/detail/failure_detector_status__struct.hpp\n'}
[1.730018] (px4_msgs) StdoutLine: {'line': b'-- Up-to-date symlink: /home/carlos/ros2_ws/install/px4_msgs/include/px4_msgs/px4_msgs/msg/detail/failure_detector_status__traits.hpp\n'}
[1.730103] (px4_msgs) StdoutLine: {'line': b'-- Up-to-date symlink: /home/carlos/ros2_ws/install/px4_msgs/include/px4_msgs/px4_msgs/msg/detail/failure_detector_status__type_support.hpp\n'}
[1.730188] (px4_msgs) StdoutLine: {'line': b'-- Up-to-date symlink: /home/carlos/ros2_ws/install/px4_msgs/include/px4_msgs/px4_msgs/msg/detail/figure_eight_status__builder.hpp\n'}
[1.730275] (px4_msgs) StdoutLine: {'line': b'-- Up-to-date symlink: /home/carlos/ros2_ws/install/px4_msgs/include/px4_msgs/px4_msgs/msg/detail/figure_eight_status__struct.hpp\n'}
[1.730363] (px4_msgs) StdoutLine: {'line': b'-- Up-to-date symlink: /home/carlos/ros2_ws/install/px4_msgs/include/px4_msgs/px4_msgs/msg/detail/figure_eight_status__traits.hpp\n'}
[1.730453] (px4_msgs) StdoutLine: {'line': b'-- Up-to-date symlink: /home/carlos/ros2_ws/install/px4_msgs/include/px4_msgs/px4_msgs/msg/detail/figure_eight_status__type_support.hpp\n'}
[1.730542] (px4_msgs) StdoutLine: {'line': b'-- Up-to-date symlink: /home/carlos/ros2_ws/install/px4_msgs/include/px4_msgs/px4_msgs/msg/detail/fixed_wing_lateral_guidance_status__builder.hpp\n'}
[1.730629] (px4_msgs) StdoutLine: {'line': b'-- Up-to-date symlink: /home/carlos/ros2_ws/install/px4_msgs/include/px4_msgs/px4_msgs/msg/detail/fixed_wing_lateral_guidance_status__struct.hpp\n'}
[1.730714] (px4_msgs) StdoutLine: {'line': b'-- Up-to-date symlink: /home/carlos/ros2_ws/install/px4_msgs/include/px4_msgs/px4_msgs/msg/detail/fixed_wing_lateral_guidance_status__traits.hpp\n'}
[1.730801] (px4_msgs) StdoutLine: {'line': b'-- Up-to-date symlink: /home/carlos/ros2_ws/install/px4_msgs/include/px4_msgs/px4_msgs/msg/detail/fixed_wing_lateral_guidance_status__type_support.hpp\n'}
[1.730886] (px4_msgs) StdoutLine: {'line': b'-- Up-to-date symlink: /home/carlos/ros2_ws/install/px4_msgs/include/px4_msgs/px4_msgs/msg/detail/fixed_wing_lateral_setpoint__builder.hpp\n'}
[1.730971] (px4_msgs) StdoutLine: {'line': b'-- Up-to-date symlink: /home/carlos/ros2_ws/install/px4_msgs/include/px4_msgs/px4_msgs/msg/detail/fixed_wing_lateral_setpoint__struct.hpp\n'}
[1.731056] (px4_msgs) StdoutLine: {'line': b'-- Up-to-date symlink: /home/carlos/ros2_ws/install/px4_msgs/include/px4_msgs/px4_msgs/msg/detail/fixed_wing_lateral_setpoint__traits.hpp\n'}
[1.731146] (px4_msgs) StdoutLine: {'line': b'-- Up-to-date symlink: /home/carlos/ros2_ws/install/px4_msgs/include/px4_msgs/px4_msgs/msg/detail/fixed_wing_lateral_setpoint__type_support.hpp\n'}
[1.731234] (px4_msgs) StdoutLine: {'line': b'-- Up-to-date symlink: /home/carlos/ros2_ws/install/px4_msgs/include/px4_msgs/px4_msgs/msg/detail/fixed_wing_lateral_status__builder.hpp\n'}
[1.731320] (px4_msgs) StdoutLine: {'line': b'-- Up-to-date symlink: /home/carlos/ros2_ws/install/px4_msgs/include/px4_msgs/px4_msgs/msg/detail/fixed_wing_lateral_status__struct.hpp\n'}
[1.731440] (px4_msgs) StdoutLine: {'line': b'-- Up-to-date symlink: /home/carlos/ros2_ws/install/px4_msgs/include/px4_msgs/px4_msgs/msg/detail/fixed_wing_lateral_status__traits.hpp\n'}
[1.731648] (px4_msgs) StdoutLine: {'line': b'-- Up-to-date symlink: /home/carlos/ros2_ws/install/px4_msgs/include/px4_msgs/px4_msgs/msg/detail/fixed_wing_lateral_status__type_support.hpp\n'}
[1.731793] (px4_msgs) StdoutLine: {'line': b'-- Up-to-date symlink: /home/carlos/ros2_ws/install/px4_msgs/include/px4_msgs/px4_msgs/msg/detail/fixed_wing_longitudinal_setpoint__builder.hpp\n'}
[1.731915] (px4_msgs) StdoutLine: {'line': b'-- Up-to-date symlink: /home/carlos/ros2_ws/install/px4_msgs/include/px4_msgs/px4_msgs/msg/detail/fixed_wing_longitudinal_setpoint__struct.hpp\n'}
[1.732046] (px4_msgs) StdoutLine: {'line': b'-- Up-to-date symlink: /home/carlos/ros2_ws/install/px4_msgs/include/px4_msgs/px4_msgs/msg/detail/fixed_wing_longitudinal_setpoint__traits.hpp\n'}
[1.732160] (px4_msgs) StdoutLine: {'line': b'-- Up-to-date symlink: /home/carlos/ros2_ws/install/px4_msgs/include/px4_msgs/px4_msgs/msg/detail/fixed_wing_longitudinal_setpoint__type_support.hpp\n'}
[1.732291] (px4_msgs) StdoutLine: {'line': b'-- Up-to-date symlink: /home/carlos/ros2_ws/install/px4_msgs/include/px4_msgs/px4_msgs/msg/detail/fixed_wing_runway_control__builder.hpp\n'}
[1.732408] (px4_msgs) StdoutLine: {'line': b'-- Up-to-date symlink: /home/carlos/ros2_ws/install/px4_msgs/include/px4_msgs/px4_msgs/msg/detail/fixed_wing_runway_control__struct.hpp\n'}
[1.732509] (px4_msgs) StdoutLine: {'line': b'-- Up-to-date symlink: /home/carlos/ros2_ws/install/px4_msgs/include/px4_msgs/px4_msgs/msg/detail/fixed_wing_runway_control__traits.hpp\n'}
[1.732556] (px4_msgs) StdoutLine: {'line': b'-- Up-to-date symlink: /home/carlos/ros2_ws/install/px4_msgs/include/px4_msgs/px4_msgs/msg/detail/fixed_wing_runway_control__type_support.hpp\n'}
[1.732602] (px4_msgs) StdoutLine: {'line': b'-- Up-to-date symlink: /home/carlos/ros2_ws/install/px4_msgs/include/px4_msgs/px4_msgs/msg/detail/flight_phase_estimation__builder.hpp\n'}
[1.732648] (px4_msgs) StdoutLine: {'line': b'-- Up-to-date symlink: /home/carlos/ros2_ws/install/px4_msgs/include/px4_msgs/px4_msgs/msg/detail/flight_phase_estimation__struct.hpp\n'}
[1.732692] (px4_msgs) StdoutLine: {'line': b'-- Up-to-date symlink: /home/carlos/ros2_ws/install/px4_msgs/include/px4_msgs/px4_msgs/msg/detail/flight_phase_estimation__traits.hpp\n'}
[1.732754] (px4_msgs) StdoutLine: {'line': b'-- Up-to-date symlink: /home/carlos/ros2_ws/install/px4_msgs/include/px4_msgs/px4_msgs/msg/detail/flight_phase_estimation__type_support.hpp\n'}
[1.732815] (px4_msgs) StdoutLine: {'line': b'-- Up-to-date symlink: /home/carlos/ros2_ws/install/px4_msgs/include/px4_msgs/px4_msgs/msg/detail/follow_target__builder.hpp\n'}
[1.732860] (px4_msgs) StdoutLine: {'line': b'-- Up-to-date symlink: /home/carlos/ros2_ws/install/px4_msgs/include/px4_msgs/px4_msgs/msg/detail/follow_target__struct.hpp\n'}
[1.732907] (px4_msgs) StdoutLine: {'line': b'-- Up-to-date symlink: /home/carlos/ros2_ws/install/px4_msgs/include/px4_msgs/px4_msgs/msg/detail/follow_target__traits.hpp\n'}
[1.732969] (px4_msgs) StdoutLine: {'line': b'-- Up-to-date symlink: /home/carlos/ros2_ws/install/px4_msgs/include/px4_msgs/px4_msgs/msg/detail/follow_target__type_support.hpp\n'}
[1.733019] (px4_msgs) StdoutLine: {'line': b'-- Up-to-date symlink: /home/carlos/ros2_ws/install/px4_msgs/include/px4_msgs/px4_msgs/msg/detail/follow_target_estimator__builder.hpp\n'}
[1.733071] (px4_msgs) StdoutLine: {'line': b'-- Up-to-date symlink: /home/carlos/ros2_ws/install/px4_msgs/include/px4_msgs/px4_msgs/msg/detail/follow_target_estimator__struct.hpp\n'}
[1.733131] (px4_msgs) StdoutLine: {'line': b'-- Up-to-date symlink: /home/carlos/ros2_ws/install/px4_msgs/include/px4_msgs/px4_msgs/msg/detail/follow_target_estimator__traits.hpp\n'}
[1.733215] (px4_msgs) StdoutLine: {'line': b'-- Up-to-date symlink: /home/carlos/ros2_ws/install/px4_msgs/include/px4_msgs/px4_msgs/msg/detail/follow_target_estimator__type_support.hpp\n'}
[1.733300] (px4_msgs) StdoutLine: {'line': b'-- Up-to-date symlink: /home/carlos/ros2_ws/install/px4_msgs/include/px4_msgs/px4_msgs/msg/detail/follow_target_status__builder.hpp\n'}
[1.733385] (px4_msgs) StdoutLine: {'line': b'-- Up-to-date symlink: /home/carlos/ros2_ws/install/px4_msgs/include/px4_msgs/px4_msgs/msg/detail/follow_target_status__struct.hpp\n'}
[1.733478] (px4_msgs) StdoutLine: {'line': b'-- Up-to-date symlink: /home/carlos/ros2_ws/install/px4_msgs/include/px4_msgs/px4_msgs/msg/detail/follow_target_status__traits.hpp\n'}
[1.733564] (px4_msgs) StdoutLine: {'line': b'-- Up-to-date symlink: /home/carlos/ros2_ws/install/px4_msgs/include/px4_msgs/px4_msgs/msg/detail/follow_target_status__type_support.hpp\n'}
[1.733647] (px4_msgs) StdoutLine: {'line': b'-- Up-to-date symlink: /home/carlos/ros2_ws/install/px4_msgs/include/px4_msgs/px4_msgs/msg/detail/fuel_tank_status__builder.hpp\n'}
[1.733732] (px4_msgs) StdoutLine: {'line': b'-- Up-to-date symlink: /home/carlos/ros2_ws/install/px4_msgs/include/px4_msgs/px4_msgs/msg/detail/fuel_tank_status__struct.hpp\n'}
[1.733816] (px4_msgs) StdoutLine: {'line': b'-- Up-to-date symlink: /home/carlos/ros2_ws/install/px4_msgs/include/px4_msgs/px4_msgs/msg/detail/fuel_tank_status__traits.hpp\n'}
[1.733901] (px4_msgs) StdoutLine: {'line': b'-- Up-to-date symlink: /home/carlos/ros2_ws/install/px4_msgs/include/px4_msgs/px4_msgs/msg/detail/fuel_tank_status__type_support.hpp\n'}
[1.733984] (px4_msgs) StdoutLine: {'line': b'-- Up-to-date symlink: /home/carlos/ros2_ws/install/px4_msgs/include/px4_msgs/px4_msgs/msg/detail/generator_status__builder.hpp\n'}
[1.734071] (px4_msgs) StdoutLine: {'line': b'-- Up-to-date symlink: /home/carlos/ros2_ws/install/px4_msgs/include/px4_msgs/px4_msgs/msg/detail/generator_status__struct.hpp\n'}
[1.734155] (px4_msgs) StdoutLine: {'line': b'-- Up-to-date symlink: /home/carlos/ros2_ws/install/px4_msgs/include/px4_msgs/px4_msgs/msg/detail/generator_status__traits.hpp\n'}
[1.734240] (px4_msgs) StdoutLine: {'line': b'-- Up-to-date symlink: /home/carlos/ros2_ws/install/px4_msgs/include/px4_msgs/px4_msgs/msg/detail/generator_status__type_support.hpp\n'}
[1.734331] (px4_msgs) StdoutLine: {'line': b'-- Up-to-date symlink: /home/carlos/ros2_ws/install/px4_msgs/include/px4_msgs/px4_msgs/msg/detail/geofence_result__builder.hpp\n'}
[1.734420] (px4_msgs) StdoutLine: {'line': b'-- Up-to-date symlink: /home/carlos/ros2_ws/install/px4_msgs/include/px4_msgs/px4_msgs/msg/detail/geofence_result__struct.hpp\n'}
[1.734528] (px4_msgs) StdoutLine: {'line': b'-- Up-to-date symlink: /home/carlos/ros2_ws/install/px4_msgs/include/px4_msgs/px4_msgs/msg/detail/geofence_result__traits.hpp\n'}
[1.734605] (px4_msgs) StdoutLine: {'line': b'-- Up-to-date symlink: /home/carlos/ros2_ws/install/px4_msgs/include/px4_msgs/px4_msgs/msg/detail/geofence_result__type_support.hpp\n'}
[1.734693] (px4_msgs) StdoutLine: {'line': b'-- Up-to-date symlink: /home/carlos/ros2_ws/install/px4_msgs/include/px4_msgs/px4_msgs/msg/detail/geofence_status__builder.hpp\n'}
[1.734849] (px4_msgs) StdoutLine: {'line': b'-- Up-to-date symlink: /home/carlos/ros2_ws/install/px4_msgs/include/px4_msgs/px4_msgs/msg/detail/geofence_status__struct.hpp\n'}
[1.735043] (px4_msgs) StdoutLine: {'line': b'-- Up-to-date symlink: /home/carlos/ros2_ws/install/px4_msgs/include/px4_msgs/px4_msgs/msg/detail/geofence_status__traits.hpp\n'}
[1.735176] (px4_msgs) StdoutLine: {'line': b'-- Up-to-date symlink: /home/carlos/ros2_ws/install/px4_msgs/include/px4_msgs/px4_msgs/msg/detail/geofence_status__type_support.hpp\n'}
[1.735308] (px4_msgs) StdoutLine: {'line': b'-- Up-to-date symlink: /home/carlos/ros2_ws/install/px4_msgs/include/px4_msgs/px4_msgs/msg/detail/gimbal_controls__builder.hpp\n'}
[1.735481] (px4_msgs) StdoutLine: {'line': b'-- Up-to-date symlink: /home/carlos/ros2_ws/install/px4_msgs/include/px4_msgs/px4_msgs/msg/detail/gimbal_controls__struct.hpp\n'}
[1.735688] (px4_msgs) StdoutLine: {'line': b'-- Up-to-date symlink: /home/carlos/ros2_ws/install/px4_msgs/include/px4_msgs/px4_msgs/msg/detail/gimbal_controls__traits.hpp\n'}
[1.735825] (px4_msgs) StdoutLine: {'line': b'-- Up-to-date symlink: /home/carlos/ros2_ws/install/px4_msgs/include/px4_msgs/px4_msgs/msg/detail/gimbal_controls__type_support.hpp\n'}
[1.735933] (px4_msgs) StdoutLine: {'line': b'-- Up-to-date symlink: /home/carlos/ros2_ws/install/px4_msgs/include/px4_msgs/px4_msgs/msg/detail/gimbal_device_attitude_status__builder.hpp\n'}
[1.735996] (px4_msgs) StdoutLine: {'line': b'-- Up-to-date symlink: /home/carlos/ros2_ws/install/px4_msgs/include/px4_msgs/px4_msgs/msg/detail/gimbal_device_attitude_status__struct.hpp\n'}
[1.736062] (px4_msgs) StdoutLine: {'line': b'-- Up-to-date symlink: /home/carlos/ros2_ws/install/px4_msgs/include/px4_msgs/px4_msgs/msg/detail/gimbal_device_attitude_status__traits.hpp\n'}
[1.736128] (px4_msgs) StdoutLine: {'line': b'-- Up-to-date symlink: /home/carlos/ros2_ws/install/px4_msgs/include/px4_msgs/px4_msgs/msg/detail/gimbal_device_attitude_status__type_support.hpp\n'}
[1.736217] (px4_msgs) StdoutLine: {'line': b'-- Up-to-date symlink: /home/carlos/ros2_ws/install/px4_msgs/include/px4_msgs/px4_msgs/msg/detail/gimbal_device_information__builder.hpp\n'}
[1.736287] (px4_msgs) StdoutLine: {'line': b'-- Up-to-date symlink: /home/carlos/ros2_ws/install/px4_msgs/include/px4_msgs/px4_msgs/msg/detail/gimbal_device_information__struct.hpp\n'}
[1.736390] (px4_msgs) StdoutLine: {'line': b'-- Up-to-date symlink: /home/carlos/ros2_ws/install/px4_msgs/include/px4_msgs/px4_msgs/msg/detail/gimbal_device_information__traits.hpp\n'}
[1.736462] (px4_msgs) StdoutLine: {'line': b'-- Up-to-date symlink: /home/carlos/ros2_ws/install/px4_msgs/include/px4_msgs/px4_msgs/msg/detail/gimbal_device_information__type_support.hpp\n'}
[1.736529] (px4_msgs) StdoutLine: {'line': b'-- Up-to-date symlink: /home/carlos/ros2_ws/install/px4_msgs/include/px4_msgs/px4_msgs/msg/detail/gimbal_device_set_attitude__builder.hpp\n'}
[1.736591] (px4_msgs) StdoutLine: {'line': b'-- Up-to-date symlink: /home/carlos/ros2_ws/install/px4_msgs/include/px4_msgs/px4_msgs/msg/detail/gimbal_device_set_attitude__struct.hpp\n'}
[1.736642] (px4_msgs) StdoutLine: {'line': b'-- Up-to-date symlink: /home/carlos/ros2_ws/install/px4_msgs/include/px4_msgs/px4_msgs/msg/detail/gimbal_device_set_attitude__traits.hpp\n'}
[1.736708] (px4_msgs) StdoutLine: {'line': b'-- Up-to-date symlink: /home/carlos/ros2_ws/install/px4_msgs/include/px4_msgs/px4_msgs/msg/detail/gimbal_device_set_attitude__type_support.hpp\n'}
[1.736773] (px4_msgs) StdoutLine: {'line': b'-- Up-to-date symlink: /home/carlos/ros2_ws/install/px4_msgs/include/px4_msgs/px4_msgs/msg/detail/gimbal_manager_information__builder.hpp\n'}
[1.736839] (px4_msgs) StdoutLine: {'line': b'-- Up-to-date symlink: /home/carlos/ros2_ws/install/px4_msgs/include/px4_msgs/px4_msgs/msg/detail/gimbal_manager_information__struct.hpp\n'}
[1.736905] (px4_msgs) StdoutLine: {'line': b'-- Up-to-date symlink: /home/carlos/ros2_ws/install/px4_msgs/include/px4_msgs/px4_msgs/msg/detail/gimbal_manager_information__traits.hpp\n'}
[1.737001] (px4_msgs) StdoutLine: {'line': b'-- Up-to-date symlink: /home/carlos/ros2_ws/install/px4_msgs/include/px4_msgs/px4_msgs/msg/detail/gimbal_manager_information__type_support.hpp\n'}
[1.737054] (px4_msgs) StdoutLine: {'line': b'-- Up-to-date symlink: /home/carlos/ros2_ws/install/px4_msgs/include/px4_msgs/px4_msgs/msg/detail/gimbal_manager_set_attitude__builder.hpp\n'}
[1.737115] (px4_msgs) StdoutLine: {'line': b'-- Up-to-date symlink: /home/carlos/ros2_ws/install/px4_msgs/include/px4_msgs/px4_msgs/msg/detail/gimbal_manager_set_attitude__struct.hpp\n'}
[1.737180] (px4_msgs) StdoutLine: {'line': b'-- Up-to-date symlink: /home/carlos/ros2_ws/install/px4_msgs/include/px4_msgs/px4_msgs/msg/detail/gimbal_manager_set_attitude__traits.hpp\n'}
[1.737245] (px4_msgs) StdoutLine: {'line': b'-- Up-to-date symlink: /home/carlos/ros2_ws/install/px4_msgs/include/px4_msgs/px4_msgs/msg/detail/gimbal_manager_set_attitude__type_support.hpp\n'}
[1.737338] (px4_msgs) StdoutLine: {'line': b'-- Up-to-date symlink: /home/carlos/ros2_ws/install/px4_msgs/include/px4_msgs/px4_msgs/msg/detail/gimbal_manager_set_manual_control__builder.hpp\n'}
[1.737391] (px4_msgs) StdoutLine: {'line': b'-- Up-to-date symlink: /home/carlos/ros2_ws/install/px4_msgs/include/px4_msgs/px4_msgs/msg/detail/gimbal_manager_set_manual_control__struct.hpp\n'}
[1.737464] (px4_msgs) StdoutLine: {'line': b'-- Up-to-date symlink: /home/carlos/ros2_ws/install/px4_msgs/include/px4_msgs/px4_msgs/msg/detail/gimbal_manager_set_manual_control__traits.hpp\n'}
[1.737535] (px4_msgs) StdoutLine: {'line': b'-- Up-to-date symlink: /home/carlos/ros2_ws/install/px4_msgs/include/px4_msgs/px4_msgs/msg/detail/gimbal_manager_set_manual_control__type_support.hpp\n'}
[1.737629] (px4_msgs) StdoutLine: {'line': b'-- Up-to-date symlink: /home/carlos/ros2_ws/install/px4_msgs/include/px4_msgs/px4_msgs/msg/detail/gimbal_manager_status__builder.hpp\n'}
[1.737684] (px4_msgs) StdoutLine: {'line': b'-- Up-to-date symlink: /home/carlos/ros2_ws/install/px4_msgs/include/px4_msgs/px4_msgs/msg/detail/gimbal_manager_status__struct.hpp\n'}
[1.737747] (px4_msgs) StdoutLine: {'line': b'-- Up-to-date symlink: /home/carlos/ros2_ws/install/px4_msgs/include/px4_msgs/px4_msgs/msg/detail/gimbal_manager_status__traits.hpp\n'}
[1.737807] (px4_msgs) StdoutLine: {'line': b'-- Up-to-date symlink: /home/carlos/ros2_ws/install/px4_msgs/include/px4_msgs/px4_msgs/msg/detail/gimbal_manager_status__type_support.hpp\n'}
[1.737896] (px4_msgs) StdoutLine: {'line': b'-- Up-to-date symlink: /home/carlos/ros2_ws/install/px4_msgs/include/px4_msgs/px4_msgs/msg/detail/goto_setpoint__builder.hpp\n'}
[1.737959] (px4_msgs) StdoutLine: {'line': b'-- Up-to-date symlink: /home/carlos/ros2_ws/install/px4_msgs/include/px4_msgs/px4_msgs/msg/detail/goto_setpoint__struct.hpp\n'}
[1.738051] (px4_msgs) StdoutLine: {'line': b'-- Up-to-date symlink: /home/carlos/ros2_ws/install/px4_msgs/include/px4_msgs/px4_msgs/msg/detail/goto_setpoint__traits.hpp\n'}
[1.738104] (px4_msgs) StdoutLine: {'line': b'-- Up-to-date symlink: /home/carlos/ros2_ws/install/px4_msgs/include/px4_msgs/px4_msgs/msg/detail/goto_setpoint__type_support.hpp\n'}
[1.738183] (px4_msgs) StdoutLine: {'line': b'-- Up-to-date symlink: /home/carlos/ros2_ws/install/px4_msgs/include/px4_msgs/px4_msgs/msg/detail/gpio_config__builder.hpp\n'}
[1.738268] (px4_msgs) StdoutLine: {'line': b'-- Up-to-date symlink: /home/carlos/ros2_ws/install/px4_msgs/include/px4_msgs/px4_msgs/msg/detail/gpio_config__struct.hpp\n'}
[1.738355] (px4_msgs) StdoutLine: {'line': b'-- Up-to-date symlink: /home/carlos/ros2_ws/install/px4_msgs/include/px4_msgs/px4_msgs/msg/detail/gpio_config__traits.hpp\n'}
[1.738445] (px4_msgs) StdoutLine: {'line': b'-- Up-to-date symlink: /home/carlos/ros2_ws/install/px4_msgs/include/px4_msgs/px4_msgs/msg/detail/gpio_config__type_support.hpp\n'}
[1.738534] (px4_msgs) StdoutLine: {'line': b'-- Up-to-date symlink: /home/carlos/ros2_ws/install/px4_msgs/include/px4_msgs/px4_msgs/msg/detail/gpio_in__builder.hpp\n'}
[1.738619] (px4_msgs) StdoutLine: {'line': b'-- Up-to-date symlink: /home/carlos/ros2_ws/install/px4_msgs/include/px4_msgs/px4_msgs/msg/detail/gpio_in__struct.hpp\n'}
[1.738697] (px4_msgs) StdoutLine: {'line': b'-- Up-to-date symlink: /home/carlos/ros2_ws/install/px4_msgs/include/px4_msgs/px4_msgs/msg/detail/gpio_in__traits.hpp\n'}
[1.738775] (px4_msgs) StdoutLine: {'line': b'-- Up-to-date symlink: /home/carlos/ros2_ws/install/px4_msgs/include/px4_msgs/px4_msgs/msg/detail/gpio_in__type_support.hpp\n'}
[1.738860] (px4_msgs) StdoutLine: {'line': b'-- Up-to-date symlink: /home/carlos/ros2_ws/install/px4_msgs/include/px4_msgs/px4_msgs/msg/detail/gpio_out__builder.hpp\n'}
[1.738929] (px4_msgs) StdoutLine: {'line': b'-- Up-to-date symlink: /home/carlos/ros2_ws/install/px4_msgs/include/px4_msgs/px4_msgs/msg/detail/gpio_out__struct.hpp\n'}
[1.738992] (px4_msgs) StdoutLine: {'line': b'-- Up-to-date symlink: /home/carlos/ros2_ws/install/px4_msgs/include/px4_msgs/px4_msgs/msg/detail/gpio_out__traits.hpp\n'}
[1.739074] (px4_msgs) StdoutLine: {'line': b'-- Up-to-date symlink: /home/carlos/ros2_ws/install/px4_msgs/include/px4_msgs/px4_msgs/msg/detail/gpio_out__type_support.hpp\n'}
[1.739158] (px4_msgs) StdoutLine: {'line': b'-- Up-to-date symlink: /home/carlos/ros2_ws/install/px4_msgs/include/px4_msgs/px4_msgs/msg/detail/gpio_request__builder.hpp\n'}
[1.739243] (px4_msgs) StdoutLine: {'line': b'-- Up-to-date symlink: /home/carlos/ros2_ws/install/px4_msgs/include/px4_msgs/px4_msgs/msg/detail/gpio_request__struct.hpp\n'}
[1.739332] (px4_msgs) StdoutLine: {'line': b'-- Up-to-date symlink: /home/carlos/ros2_ws/install/px4_msgs/include/px4_msgs/px4_msgs/msg/detail/gpio_request__traits.hpp\n'}
[1.739418] (px4_msgs) StdoutLine: {'line': b'-- Up-to-date symlink: /home/carlos/ros2_ws/install/px4_msgs/include/px4_msgs/px4_msgs/msg/detail/gpio_request__type_support.hpp\n'}
[1.739511] (px4_msgs) StdoutLine: {'line': b'-- Up-to-date symlink: /home/carlos/ros2_ws/install/px4_msgs/include/px4_msgs/px4_msgs/msg/detail/gps_dump__builder.hpp\n'}
[1.739597] (px4_msgs) StdoutLine: {'line': b'-- Up-to-date symlink: /home/carlos/ros2_ws/install/px4_msgs/include/px4_msgs/px4_msgs/msg/detail/gps_dump__struct.hpp\n'}
[1.739682] (px4_msgs) StdoutLine: {'line': b'-- Up-to-date symlink: /home/carlos/ros2_ws/install/px4_msgs/include/px4_msgs/px4_msgs/msg/detail/gps_dump__traits.hpp\n'}
[1.739767] (px4_msgs) StdoutLine: {'line': b'-- Up-to-date symlink: /home/carlos/ros2_ws/install/px4_msgs/include/px4_msgs/px4_msgs/msg/detail/gps_dump__type_support.hpp\n'}
[1.739852] (px4_msgs) StdoutLine: {'line': b'-- Up-to-date symlink: /home/carlos/ros2_ws/install/px4_msgs/include/px4_msgs/px4_msgs/msg/detail/gps_inject_data__builder.hpp\n'}
[1.739940] (px4_msgs) StdoutLine: {'line': b'-- Up-to-date symlink: /home/carlos/ros2_ws/install/px4_msgs/include/px4_msgs/px4_msgs/msg/detail/gps_inject_data__struct.hpp\n'}
[1.740026] (px4_msgs) StdoutLine: {'line': b'-- Up-to-date symlink: /home/carlos/ros2_ws/install/px4_msgs/include/px4_msgs/px4_msgs/msg/detail/gps_inject_data__traits.hpp\n'}
[1.740111] (px4_msgs) StdoutLine: {'line': b'-- Up-to-date symlink: /home/carlos/ros2_ws/install/px4_msgs/include/px4_msgs/px4_msgs/msg/detail/gps_inject_data__type_support.hpp\n'}
[1.740197] (px4_msgs) StdoutLine: {'line': b'-- Up-to-date symlink: /home/carlos/ros2_ws/install/px4_msgs/include/px4_msgs/px4_msgs/msg/detail/gripper__builder.hpp\n'}
[1.740281] (px4_msgs) StdoutLine: {'line': b'-- Up-to-date symlink: /home/carlos/ros2_ws/install/px4_msgs/include/px4_msgs/px4_msgs/msg/detail/gripper__struct.hpp\n'}
[1.740366] (px4_msgs) StdoutLine: {'line': b'-- Up-to-date symlink: /home/carlos/ros2_ws/install/px4_msgs/include/px4_msgs/px4_msgs/msg/detail/gripper__traits.hpp\n'}
[1.740461] (px4_msgs) StdoutLine: {'line': b'-- Up-to-date symlink: /home/carlos/ros2_ws/install/px4_msgs/include/px4_msgs/px4_msgs/msg/detail/gripper__type_support.hpp\n'}
[1.740545] (px4_msgs) StdoutLine: {'line': b'-- Up-to-date symlink: /home/carlos/ros2_ws/install/px4_msgs/include/px4_msgs/px4_msgs/msg/detail/health_report__builder.hpp\n'}
[1.740630] (px4_msgs) StdoutLine: {'line': b'-- Up-to-date symlink: /home/carlos/ros2_ws/install/px4_msgs/include/px4_msgs/px4_msgs/msg/detail/health_report__struct.hpp\n'}
[1.740716] (px4_msgs) StdoutLine: {'line': b'-- Up-to-date symlink: /home/carlos/ros2_ws/install/px4_msgs/include/px4_msgs/px4_msgs/msg/detail/health_report__traits.hpp\n'}
[1.740802] (px4_msgs) StdoutLine: {'line': b'-- Up-to-date symlink: /home/carlos/ros2_ws/install/px4_msgs/include/px4_msgs/px4_msgs/msg/detail/health_report__type_support.hpp\n'}
[1.740888] (px4_msgs) StdoutLine: {'line': b'-- Up-to-date symlink: /home/carlos/ros2_ws/install/px4_msgs/include/px4_msgs/px4_msgs/msg/detail/heater_status__builder.hpp\n'}
[1.740974] (px4_msgs) StdoutLine: {'line': b'-- Up-to-date symlink: /home/carlos/ros2_ws/install/px4_msgs/include/px4_msgs/px4_msgs/msg/detail/heater_status__struct.hpp\n'}
[1.741060] (px4_msgs) StdoutLine: {'line': b'-- Up-to-date symlink: /home/carlos/ros2_ws/install/px4_msgs/include/px4_msgs/px4_msgs/msg/detail/heater_status__traits.hpp\n'}
[1.741152] (px4_msgs) StdoutLine: {'line': b'-- Up-to-date symlink: /home/carlos/ros2_ws/install/px4_msgs/include/px4_msgs/px4_msgs/msg/detail/heater_status__type_support.hpp\n'}
[1.741268] (px4_msgs) StdoutLine: {'line': b'-- Up-to-date symlink: /home/carlos/ros2_ws/install/px4_msgs/include/px4_msgs/px4_msgs/msg/detail/home_position__builder.hpp\n'}
[1.741385] (px4_msgs) StdoutLine: {'line': b'-- Up-to-date symlink: /home/carlos/ros2_ws/install/px4_msgs/include/px4_msgs/px4_msgs/msg/detail/home_position__struct.hpp\n'}
[1.741476] (px4_msgs) StdoutLine: {'line': b'-- Up-to-date symlink: /home/carlos/ros2_ws/install/px4_msgs/include/px4_msgs/px4_msgs/msg/detail/home_position__traits.hpp\n'}
[1.741569] (px4_msgs) StdoutLine: {'line': b'-- Up-to-date symlink: /home/carlos/ros2_ws/install/px4_msgs/include/px4_msgs/px4_msgs/msg/detail/home_position__type_support.hpp\n'}
[1.741672] (px4_msgs) StdoutLine: {'line': b'-- Up-to-date symlink: /home/carlos/ros2_ws/install/px4_msgs/include/px4_msgs/px4_msgs/msg/detail/hover_thrust_estimate__builder.hpp\n'}
[1.741740] (px4_msgs) StdoutLine: {'line': b'-- Up-to-date symlink: /home/carlos/ros2_ws/install/px4_msgs/include/px4_msgs/px4_msgs/msg/detail/hover_thrust_estimate__struct.hpp\n'}
[1.741836] (px4_msgs) StdoutLine: {'line': b'-- Up-to-date symlink: /home/carlos/ros2_ws/install/px4_msgs/include/px4_msgs/px4_msgs/msg/detail/hover_thrust_estimate__traits.hpp\n'}
[1.741956] (px4_msgs) StdoutLine: {'line': b'-- Up-to-date symlink: /home/carlos/ros2_ws/install/px4_msgs/include/px4_msgs/px4_msgs/msg/detail/hover_thrust_estimate__type_support.hpp\n'}
[1.742046] (px4_msgs) StdoutLine: {'line': b'-- Up-to-date symlink: /home/carlos/ros2_ws/install/px4_msgs/include/px4_msgs/px4_msgs/msg/detail/input_rc__builder.hpp\n'}
[1.742135] (px4_msgs) StdoutLine: {'line': b'-- Up-to-date symlink: /home/carlos/ros2_ws/install/px4_msgs/include/px4_msgs/px4_msgs/msg/detail/input_rc__struct.hpp\n'}
[1.742225] (px4_msgs) StdoutLine: {'line': b'-- Up-to-date symlink: /home/carlos/ros2_ws/install/px4_msgs/include/px4_msgs/px4_msgs/msg/detail/input_rc__traits.hpp\n'}
[1.742296] (px4_msgs) StdoutLine: {'line': b'-- Up-to-date symlink: /home/carlos/ros2_ws/install/px4_msgs/include/px4_msgs/px4_msgs/msg/detail/input_rc__type_support.hpp\n'}
[1.742376] (px4_msgs) StdoutLine: {'line': b'-- Up-to-date symlink: /home/carlos/ros2_ws/install/px4_msgs/include/px4_msgs/px4_msgs/msg/detail/internal_combustion_engine_control__builder.hpp\n'}
[1.742473] (px4_msgs) StdoutLine: {'line': b'-- Up-to-date symlink: /home/carlos/ros2_ws/install/px4_msgs/include/px4_msgs/px4_msgs/msg/detail/internal_combustion_engine_control__struct.hpp\n'}
[1.742559] (px4_msgs) StdoutLine: {'line': b'-- Up-to-date symlink: /home/carlos/ros2_ws/install/px4_msgs/include/px4_msgs/px4_msgs/msg/detail/internal_combustion_engine_control__traits.hpp\n'}
[1.742645] (px4_msgs) StdoutLine: {'line': b'-- Up-to-date symlink: /home/carlos/ros2_ws/install/px4_msgs/include/px4_msgs/px4_msgs/msg/detail/internal_combustion_engine_control__type_support.hpp\n'}
[1.742730] (px4_msgs) StdoutLine: {'line': b'-- Up-to-date symlink: /home/carlos/ros2_ws/install/px4_msgs/include/px4_msgs/px4_msgs/msg/detail/internal_combustion_engine_status__builder.hpp\n'}
[1.742820] (px4_msgs) StdoutLine: {'line': b'-- Up-to-date symlink: /home/carlos/ros2_ws/install/px4_msgs/include/px4_msgs/px4_msgs/msg/detail/internal_combustion_engine_status__struct.hpp\n'}
[1.742905] (px4_msgs) StdoutLine: {'line': b'-- Up-to-date symlink: /home/carlos/ros2_ws/install/px4_msgs/include/px4_msgs/px4_msgs/msg/detail/internal_combustion_engine_status__traits.hpp\n'}
[1.742990] (px4_msgs) StdoutLine: {'line': b'-- Up-to-date symlink: /home/carlos/ros2_ws/install/px4_msgs/include/px4_msgs/px4_msgs/msg/detail/internal_combustion_engine_status__type_support.hpp\n'}
[1.743075] (px4_msgs) StdoutLine: {'line': b'-- Up-to-date symlink: /home/carlos/ros2_ws/install/px4_msgs/include/px4_msgs/px4_msgs/msg/detail/iridiumsbd_status__builder.hpp\n'}
[1.743159] (px4_msgs) StdoutLine: {'line': b'-- Up-to-date symlink: /home/carlos/ros2_ws/install/px4_msgs/include/px4_msgs/px4_msgs/msg/detail/iridiumsbd_status__struct.hpp\n'}
[1.743248] (px4_msgs) StdoutLine: {'line': b'-- Up-to-date symlink: /home/carlos/ros2_ws/install/px4_msgs/include/px4_msgs/px4_msgs/msg/detail/iridiumsbd_status__traits.hpp\n'}
[1.743331] (px4_msgs) StdoutLine: {'line': b'-- Up-to-date symlink: /home/carlos/ros2_ws/install/px4_msgs/include/px4_msgs/px4_msgs/msg/detail/iridiumsbd_status__type_support.hpp\n'}
[1.743416] (px4_msgs) StdoutLine: {'line': b'-- Up-to-date symlink: /home/carlos/ros2_ws/install/px4_msgs/include/px4_msgs/px4_msgs/msg/detail/irlock_report__builder.hpp\n'}
[1.743507] (px4_msgs) StdoutLine: {'line': b'-- Up-to-date symlink: /home/carlos/ros2_ws/install/px4_msgs/include/px4_msgs/px4_msgs/msg/detail/irlock_report__struct.hpp\n'}
[1.743591] (px4_msgs) StdoutLine: {'line': b'-- Up-to-date symlink: /home/carlos/ros2_ws/install/px4_msgs/include/px4_msgs/px4_msgs/msg/detail/irlock_report__traits.hpp\n'}
[1.743676] (px4_msgs) StdoutLine: {'line': b'-- Up-to-date symlink: /home/carlos/ros2_ws/install/px4_msgs/include/px4_msgs/px4_msgs/msg/detail/irlock_report__type_support.hpp\n'}
[1.743760] (px4_msgs) StdoutLine: {'line': b'-- Up-to-date symlink: /home/carlos/ros2_ws/install/px4_msgs/include/px4_msgs/px4_msgs/msg/detail/landing_gear__builder.hpp\n'}
[1.743845] (px4_msgs) StdoutLine: {'line': b'-- Up-to-date symlink: /home/carlos/ros2_ws/install/px4_msgs/include/px4_msgs/px4_msgs/msg/detail/landing_gear__struct.hpp\n'}
[1.743930] (px4_msgs) StdoutLine: {'line': b'-- Up-to-date symlink: /home/carlos/ros2_ws/install/px4_msgs/include/px4_msgs/px4_msgs/msg/detail/landing_gear__traits.hpp\n'}
[1.744015] (px4_msgs) StdoutLine: {'line': b'-- Up-to-date symlink: /home/carlos/ros2_ws/install/px4_msgs/include/px4_msgs/px4_msgs/msg/detail/landing_gear__type_support.hpp\n'}
[1.744099] (px4_msgs) StdoutLine: {'line': b'-- Up-to-date symlink: /home/carlos/ros2_ws/install/px4_msgs/include/px4_msgs/px4_msgs/msg/detail/landing_gear_wheel__builder.hpp\n'}
[1.744184] (px4_msgs) StdoutLine: {'line': b'-- Up-to-date symlink: /home/carlos/ros2_ws/install/px4_msgs/include/px4_msgs/px4_msgs/msg/detail/landing_gear_wheel__struct.hpp\n'}
[1.744268] (px4_msgs) StdoutLine: {'line': b'-- Up-to-date symlink: /home/carlos/ros2_ws/install/px4_msgs/include/px4_msgs/px4_msgs/msg/detail/landing_gear_wheel__traits.hpp\n'}
[1.744354] (px4_msgs) StdoutLine: {'line': b'-- Up-to-date symlink: /home/carlos/ros2_ws/install/px4_msgs/include/px4_msgs/px4_msgs/msg/detail/landing_gear_wheel__type_support.hpp\n'}
[1.744444] (px4_msgs) StdoutLine: {'line': b'-- Up-to-date symlink: /home/carlos/ros2_ws/install/px4_msgs/include/px4_msgs/px4_msgs/msg/detail/landing_target_innovations__builder.hpp\n'}
[1.744533] (px4_msgs) StdoutLine: {'line': b'-- Up-to-date symlink: /home/carlos/ros2_ws/install/px4_msgs/include/px4_msgs/px4_msgs/msg/detail/landing_target_innovations__struct.hpp\n'}
[1.744618] (px4_msgs) StdoutLine: {'line': b'-- Up-to-date symlink: /home/carlos/ros2_ws/install/px4_msgs/include/px4_msgs/px4_msgs/msg/detail/landing_target_innovations__traits.hpp\n'}
[1.744703] (px4_msgs) StdoutLine: {'line': b'-- Up-to-date symlink: /home/carlos/ros2_ws/install/px4_msgs/include/px4_msgs/px4_msgs/msg/detail/landing_target_innovations__type_support.hpp\n'}
[1.744788] (px4_msgs) StdoutLine: {'line': b'-- Up-to-date symlink: /home/carlos/ros2_ws/install/px4_msgs/include/px4_msgs/px4_msgs/msg/detail/landing_target_pose__builder.hpp\n'}
[1.744873] (px4_msgs) StdoutLine: {'line': b'-- Up-to-date symlink: /home/carlos/ros2_ws/install/px4_msgs/include/px4_msgs/px4_msgs/msg/detail/landing_target_pose__struct.hpp\n'}
[1.744958] (px4_msgs) StdoutLine: {'line': b'-- Up-to-date symlink: /home/carlos/ros2_ws/install/px4_msgs/include/px4_msgs/px4_msgs/msg/detail/landing_target_pose__traits.hpp\n'}
[1.745042] (px4_msgs) StdoutLine: {'line': b'-- Up-to-date symlink: /home/carlos/ros2_ws/install/px4_msgs/include/px4_msgs/px4_msgs/msg/detail/landing_target_pose__type_support.hpp\n'}
[1.745127] (px4_msgs) StdoutLine: {'line': b'-- Up-to-date symlink: /home/carlos/ros2_ws/install/px4_msgs/include/px4_msgs/px4_msgs/msg/detail/lateral_control_configuration__builder.hpp\n'}
[1.745212] (px4_msgs) StdoutLine: {'line': b'-- Up-to-date symlink: /home/carlos/ros2_ws/install/px4_msgs/include/px4_msgs/px4_msgs/msg/detail/lateral_control_configuration__struct.hpp\n'}
[1.745297] (px4_msgs) StdoutLine: {'line': b'-- Up-to-date symlink: /home/carlos/ros2_ws/install/px4_msgs/include/px4_msgs/px4_msgs/msg/detail/lateral_control_configuration__traits.hpp\n'}
[1.745383] (px4_msgs) StdoutLine: {'line': b'-- Up-to-date symlink: /home/carlos/ros2_ws/install/px4_msgs/include/px4_msgs/px4_msgs/msg/detail/lateral_control_configuration__type_support.hpp\n'}
[1.745475] (px4_msgs) StdoutLine: {'line': b'-- Up-to-date symlink: /home/carlos/ros2_ws/install/px4_msgs/include/px4_msgs/px4_msgs/msg/detail/launch_detection_status__builder.hpp\n'}
[1.745560] (px4_msgs) StdoutLine: {'line': b'-- Up-to-date symlink: /home/carlos/ros2_ws/install/px4_msgs/include/px4_msgs/px4_msgs/msg/detail/launch_detection_status__struct.hpp\n'}
[1.745645] (px4_msgs) StdoutLine: {'line': b'-- Up-to-date symlink: /home/carlos/ros2_ws/install/px4_msgs/include/px4_msgs/px4_msgs/msg/detail/launch_detection_status__traits.hpp\n'}
[1.745730] (px4_msgs) StdoutLine: {'line': b'-- Up-to-date symlink: /home/carlos/ros2_ws/install/px4_msgs/include/px4_msgs/px4_msgs/msg/detail/launch_detection_status__type_support.hpp\n'}
[1.745815] (px4_msgs) StdoutLine: {'line': b'-- Up-to-date symlink: /home/carlos/ros2_ws/install/px4_msgs/include/px4_msgs/px4_msgs/msg/detail/led_control__builder.hpp\n'}
[1.745901] (px4_msgs) StdoutLine: {'line': b'-- Up-to-date symlink: /home/carlos/ros2_ws/install/px4_msgs/include/px4_msgs/px4_msgs/msg/detail/led_control__struct.hpp\n'}
[1.745990] (px4_msgs) StdoutLine: {'line': b'-- Up-to-date symlink: /home/carlos/ros2_ws/install/px4_msgs/include/px4_msgs/px4_msgs/msg/detail/led_control__traits.hpp\n'}
[1.746076] (px4_msgs) StdoutLine: {'line': b'-- Up-to-date symlink: /home/carlos/ros2_ws/install/px4_msgs/include/px4_msgs/px4_msgs/msg/detail/led_control__type_support.hpp\n'}
[1.746161] (px4_msgs) StdoutLine: {'line': b'-- Up-to-date symlink: /home/carlos/ros2_ws/install/px4_msgs/include/px4_msgs/px4_msgs/msg/detail/log_message__builder.hpp\n'}
[1.746244] (px4_msgs) StdoutLine: {'line': b'-- Up-to-date symlink: /home/carlos/ros2_ws/install/px4_msgs/include/px4_msgs/px4_msgs/msg/detail/log_message__struct.hpp\n'}
[1.746329] (px4_msgs) StdoutLine: {'line': b'-- Up-to-date symlink: /home/carlos/ros2_ws/install/px4_msgs/include/px4_msgs/px4_msgs/msg/detail/log_message__traits.hpp\n'}
[1.746414] (px4_msgs) StdoutLine: {'line': b'-- Up-to-date symlink: /home/carlos/ros2_ws/install/px4_msgs/include/px4_msgs/px4_msgs/msg/detail/log_message__type_support.hpp\n'}
[1.746507] (px4_msgs) StdoutLine: {'line': b'-- Up-to-date symlink: /home/carlos/ros2_ws/install/px4_msgs/include/px4_msgs/px4_msgs/msg/detail/logger_status__builder.hpp\n'}
[1.746590] (px4_msgs) StdoutLine: {'line': b'-- Up-to-date symlink: /home/carlos/ros2_ws/install/px4_msgs/include/px4_msgs/px4_msgs/msg/detail/logger_status__struct.hpp\n'}
[1.746675] (px4_msgs) StdoutLine: {'line': b'-- Up-to-date symlink: /home/carlos/ros2_ws/install/px4_msgs/include/px4_msgs/px4_msgs/msg/detail/logger_status__traits.hpp\n'}
[1.746760] (px4_msgs) StdoutLine: {'line': b'-- Up-to-date symlink: /home/carlos/ros2_ws/install/px4_msgs/include/px4_msgs/px4_msgs/msg/detail/logger_status__type_support.hpp\n'}
[1.746846] (px4_msgs) StdoutLine: {'line': b'-- Up-to-date symlink: /home/carlos/ros2_ws/install/px4_msgs/include/px4_msgs/px4_msgs/msg/detail/longitudinal_control_configuration__builder.hpp\n'}
[1.746934] (px4_msgs) StdoutLine: {'line': b'-- Up-to-date symlink: /home/carlos/ros2_ws/install/px4_msgs/include/px4_msgs/px4_msgs/msg/detail/longitudinal_control_configuration__struct.hpp\n'}
[1.747020] (px4_msgs) StdoutLine: {'line': b'-- Up-to-date symlink: /home/carlos/ros2_ws/install/px4_msgs/include/px4_msgs/px4_msgs/msg/detail/longitudinal_control_configuration__traits.hpp\n'}
[1.747107] (px4_msgs) StdoutLine: {'line': b'-- Up-to-date symlink: /home/carlos/ros2_ws/install/px4_msgs/include/px4_msgs/px4_msgs/msg/detail/longitudinal_control_configuration__type_support.hpp\n'}
[1.747193] (px4_msgs) StdoutLine: {'line': b'-- Up-to-date symlink: /home/carlos/ros2_ws/install/px4_msgs/include/px4_msgs/px4_msgs/msg/detail/mag_worker_data__builder.hpp\n'}
[1.747279] (px4_msgs) StdoutLine: {'line': b'-- Up-to-date symlink: /home/carlos/ros2_ws/install/px4_msgs/include/px4_msgs/px4_msgs/msg/detail/mag_worker_data__struct.hpp\n'}
[1.747365] (px4_msgs) StdoutLine: {'line': b'-- Up-to-date symlink: /home/carlos/ros2_ws/install/px4_msgs/include/px4_msgs/px4_msgs/msg/detail/mag_worker_data__traits.hpp\n'}
[1.747459] (px4_msgs) StdoutLine: {'line': b'-- Up-to-date symlink: /home/carlos/ros2_ws/install/px4_msgs/include/px4_msgs/px4_msgs/msg/detail/mag_worker_data__type_support.hpp\n'}
[1.747545] (px4_msgs) StdoutLine: {'line': b'-- Up-to-date symlink: /home/carlos/ros2_ws/install/px4_msgs/include/px4_msgs/px4_msgs/msg/detail/magnetometer_bias_estimate__builder.hpp\n'}
[1.747631] (px4_msgs) StdoutLine: {'line': b'-- Up-to-date symlink: /home/carlos/ros2_ws/install/px4_msgs/include/px4_msgs/px4_msgs/msg/detail/magnetometer_bias_estimate__struct.hpp\n'}
[1.747717] (px4_msgs) StdoutLine: {'line': b'-- Up-to-date symlink: /home/carlos/ros2_ws/install/px4_msgs/include/px4_msgs/px4_msgs/msg/detail/magnetometer_bias_estimate__traits.hpp\n'}
[1.747803] (px4_msgs) StdoutLine: {'line': b'-- Up-to-date symlink: /home/carlos/ros2_ws/install/px4_msgs/include/px4_msgs/px4_msgs/msg/detail/magnetometer_bias_estimate__type_support.hpp\n'}
[1.747889] (px4_msgs) StdoutLine: {'line': b'-- Up-to-date symlink: /home/carlos/ros2_ws/install/px4_msgs/include/px4_msgs/px4_msgs/msg/detail/manual_control_setpoint__builder.hpp\n'}
[1.747975] (px4_msgs) StdoutLine: {'line': b'-- Up-to-date symlink: /home/carlos/ros2_ws/install/px4_msgs/include/px4_msgs/px4_msgs/msg/detail/manual_control_setpoint__struct.hpp\n'}
[1.748061] (px4_msgs) StdoutLine: {'line': b'-- Up-to-date symlink: /home/carlos/ros2_ws/install/px4_msgs/include/px4_msgs/px4_msgs/msg/detail/manual_control_setpoint__traits.hpp\n'}
[1.748147] (px4_msgs) StdoutLine: {'line': b'-- Up-to-date symlink: /home/carlos/ros2_ws/install/px4_msgs/include/px4_msgs/px4_msgs/msg/detail/manual_control_setpoint__type_support.hpp\n'}
[1.748234] (px4_msgs) StdoutLine: {'line': b'-- Up-to-date symlink: /home/carlos/ros2_ws/install/px4_msgs/include/px4_msgs/px4_msgs/msg/detail/manual_control_switches__builder.hpp\n'}
[1.748321] (px4_msgs) StdoutLine: {'line': b'-- Up-to-date symlink: /home/carlos/ros2_ws/install/px4_msgs/include/px4_msgs/px4_msgs/msg/detail/manual_control_switches__struct.hpp\n'}
[1.748408] (px4_msgs) StdoutLine: {'line': b'-- Up-to-date symlink: /home/carlos/ros2_ws/install/px4_msgs/include/px4_msgs/px4_msgs/msg/detail/manual_control_switches__traits.hpp\n'}
[1.748500] (px4_msgs) StdoutLine: {'line': b'-- Up-to-date symlink: /home/carlos/ros2_ws/install/px4_msgs/include/px4_msgs/px4_msgs/msg/detail/manual_control_switches__type_support.hpp\n'}
[1.748587] (px4_msgs) StdoutLine: {'line': b'-- Up-to-date symlink: /home/carlos/ros2_ws/install/px4_msgs/include/px4_msgs/px4_msgs/msg/detail/mavlink_log__builder.hpp\n'}
[1.748673] (px4_msgs) StdoutLine: {'line': b'-- Up-to-date symlink: /home/carlos/ros2_ws/install/px4_msgs/include/px4_msgs/px4_msgs/msg/detail/mavlink_log__struct.hpp\n'}
[1.748759] (px4_msgs) StdoutLine: {'line': b'-- Up-to-date symlink: /home/carlos/ros2_ws/install/px4_msgs/include/px4_msgs/px4_msgs/msg/detail/mavlink_log__traits.hpp\n'}
[1.748866] (px4_msgs) StdoutLine: {'line': b'-- Up-to-date symlink: /home/carlos/ros2_ws/install/px4_msgs/include/px4_msgs/px4_msgs/msg/detail/mavlink_log__type_support.hpp\n'}
[1.748941] (px4_msgs) StdoutLine: {'line': b'-- Up-to-date symlink: /home/carlos/ros2_ws/install/px4_msgs/include/px4_msgs/px4_msgs/msg/detail/mavlink_tunnel__builder.hpp\n'}
[1.749016] (px4_msgs) StdoutLine: {'line': b'-- Up-to-date symlink: /home/carlos/ros2_ws/install/px4_msgs/include/px4_msgs/px4_msgs/msg/detail/mavlink_tunnel__struct.hpp\n'}
[1.749102] (px4_msgs) StdoutLine: {'line': b'-- Up-to-date symlink: /home/carlos/ros2_ws/install/px4_msgs/include/px4_msgs/px4_msgs/msg/detail/mavlink_tunnel__traits.hpp\n'}
[1.749190] (px4_msgs) StdoutLine: {'line': b'-- Up-to-date symlink: /home/carlos/ros2_ws/install/px4_msgs/include/px4_msgs/px4_msgs/msg/detail/mavlink_tunnel__type_support.hpp\n'}
[1.749280] (px4_msgs) StdoutLine: {'line': b'-- Up-to-date symlink: /home/carlos/ros2_ws/install/px4_msgs/include/px4_msgs/px4_msgs/msg/detail/message_format_request__builder.hpp\n'}
[1.749368] (px4_msgs) StdoutLine: {'line': b'-- Up-to-date symlink: /home/carlos/ros2_ws/install/px4_msgs/include/px4_msgs/px4_msgs/msg/detail/message_format_request__struct.hpp\n'}
[1.749456] (px4_msgs) StdoutLine: {'line': b'-- Up-to-date symlink: /home/carlos/ros2_ws/install/px4_msgs/include/px4_msgs/px4_msgs/msg/detail/message_format_request__traits.hpp\n'}
[1.749543] (px4_msgs) StdoutLine: {'line': b'-- Up-to-date symlink: /home/carlos/ros2_ws/install/px4_msgs/include/px4_msgs/px4_msgs/msg/detail/message_format_request__type_support.hpp\n'}
[1.749632] (px4_msgs) StdoutLine: {'line': b'-- Up-to-date symlink: /home/carlos/ros2_ws/install/px4_msgs/include/px4_msgs/px4_msgs/msg/detail/message_format_response__builder.hpp\n'}
[1.749712] (px4_msgs) StdoutLine: {'line': b'-- Up-to-date symlink: /home/carlos/ros2_ws/install/px4_msgs/include/px4_msgs/px4_msgs/msg/detail/message_format_response__struct.hpp\n'}
[1.749801] (px4_msgs) StdoutLine: {'line': b'-- Up-to-date symlink: /home/carlos/ros2_ws/install/px4_msgs/include/px4_msgs/px4_msgs/msg/detail/message_format_response__traits.hpp\n'}
[1.749886] (px4_msgs) StdoutLine: {'line': b'-- Up-to-date symlink: /home/carlos/ros2_ws/install/px4_msgs/include/px4_msgs/px4_msgs/msg/detail/message_format_response__type_support.hpp\n'}
[1.749971] (px4_msgs) StdoutLine: {'line': b'-- Up-to-date symlink: /home/carlos/ros2_ws/install/px4_msgs/include/px4_msgs/px4_msgs/msg/detail/mission__builder.hpp\n'}
[1.750056] (px4_msgs) StdoutLine: {'line': b'-- Up-to-date symlink: /home/carlos/ros2_ws/install/px4_msgs/include/px4_msgs/px4_msgs/msg/detail/mission__struct.hpp\n'}
[1.750140] (px4_msgs) StdoutLine: {'line': b'-- Up-to-date symlink: /home/carlos/ros2_ws/install/px4_msgs/include/px4_msgs/px4_msgs/msg/detail/mission__traits.hpp\n'}
[1.750233] (px4_msgs) StdoutLine: {'line': b'-- Up-to-date symlink: /home/carlos/ros2_ws/install/px4_msgs/include/px4_msgs/px4_msgs/msg/detail/mission__type_support.hpp\n'}
[1.750322] (px4_msgs) StdoutLine: {'line': b'-- Up-to-date symlink: /home/carlos/ros2_ws/install/px4_msgs/include/px4_msgs/px4_msgs/msg/detail/mission_result__builder.hpp\n'}
[1.750407] (px4_msgs) StdoutLine: {'line': b'-- Up-to-date symlink: /home/carlos/ros2_ws/install/px4_msgs/include/px4_msgs/px4_msgs/msg/detail/mission_result__struct.hpp\n'}
[1.750502] (px4_msgs) StdoutLine: {'line': b'-- Up-to-date symlink: /home/carlos/ros2_ws/install/px4_msgs/include/px4_msgs/px4_msgs/msg/detail/mission_result__traits.hpp\n'}
[1.750593] (px4_msgs) StdoutLine: {'line': b'-- Up-to-date symlink: /home/carlos/ros2_ws/install/px4_msgs/include/px4_msgs/px4_msgs/msg/detail/mission_result__type_support.hpp\n'}
[1.750679] (px4_msgs) StdoutLine: {'line': b'-- Up-to-date symlink: /home/carlos/ros2_ws/install/px4_msgs/include/px4_msgs/px4_msgs/msg/detail/mode_completed__builder.hpp\n'}
[1.750764] (px4_msgs) StdoutLine: {'line': b'-- Up-to-date symlink: /home/carlos/ros2_ws/install/px4_msgs/include/px4_msgs/px4_msgs/msg/detail/mode_completed__struct.hpp\n'}
[1.750849] (px4_msgs) StdoutLine: {'line': b'-- Up-to-date symlink: /home/carlos/ros2_ws/install/px4_msgs/include/px4_msgs/px4_msgs/msg/detail/mode_completed__traits.hpp\n'}
[1.750935] (px4_msgs) StdoutLine: {'line': b'-- Up-to-date symlink: /home/carlos/ros2_ws/install/px4_msgs/include/px4_msgs/px4_msgs/msg/detail/mode_completed__type_support.hpp\n'}
[1.751022] (px4_msgs) StdoutLine: {'line': b'-- Up-to-date symlink: /home/carlos/ros2_ws/install/px4_msgs/include/px4_msgs/px4_msgs/msg/detail/mount_orientation__builder.hpp\n'}
[1.751108] (px4_msgs) StdoutLine: {'line': b'-- Up-to-date symlink: /home/carlos/ros2_ws/install/px4_msgs/include/px4_msgs/px4_msgs/msg/detail/mount_orientation__struct.hpp\n'}
[1.751194] (px4_msgs) StdoutLine: {'line': b'-- Up-to-date symlink: /home/carlos/ros2_ws/install/px4_msgs/include/px4_msgs/px4_msgs/msg/detail/mount_orientation__traits.hpp\n'}
[1.751279] (px4_msgs) StdoutLine: {'line': b'-- Up-to-date symlink: /home/carlos/ros2_ws/install/px4_msgs/include/px4_msgs/px4_msgs/msg/detail/mount_orientation__type_support.hpp\n'}
[1.751365] (px4_msgs) StdoutLine: {'line': b'-- Up-to-date symlink: /home/carlos/ros2_ws/install/px4_msgs/include/px4_msgs/px4_msgs/msg/detail/navigator_mission_item__builder.hpp\n'}
[1.751458] (px4_msgs) StdoutLine: {'line': b'-- Up-to-date symlink: /home/carlos/ros2_ws/install/px4_msgs/include/px4_msgs/px4_msgs/msg/detail/navigator_mission_item__struct.hpp\n'}
[1.751543] (px4_msgs) StdoutLine: {'line': b'-- Up-to-date symlink: /home/carlos/ros2_ws/install/px4_msgs/include/px4_msgs/px4_msgs/msg/detail/navigator_mission_item__traits.hpp\n'}
[1.751630] (px4_msgs) StdoutLine: {'line': b'-- Up-to-date symlink: /home/carlos/ros2_ws/install/px4_msgs/include/px4_msgs/px4_msgs/msg/detail/navigator_mission_item__type_support.hpp\n'}
[1.751716] (px4_msgs) StdoutLine: {'line': b'-- Up-to-date symlink: /home/carlos/ros2_ws/install/px4_msgs/include/px4_msgs/px4_msgs/msg/detail/navigator_status__builder.hpp\n'}
[1.751801] (px4_msgs) StdoutLine: {'line': b'-- Up-to-date symlink: /home/carlos/ros2_ws/install/px4_msgs/include/px4_msgs/px4_msgs/msg/detail/navigator_status__struct.hpp\n'}
[1.751885] (px4_msgs) StdoutLine: {'line': b'-- Up-to-date symlink: /home/carlos/ros2_ws/install/px4_msgs/include/px4_msgs/px4_msgs/msg/detail/navigator_status__traits.hpp\n'}
[1.751972] (px4_msgs) StdoutLine: {'line': b'-- Up-to-date symlink: /home/carlos/ros2_ws/install/px4_msgs/include/px4_msgs/px4_msgs/msg/detail/navigator_status__type_support.hpp\n'}
[1.752056] (px4_msgs) StdoutLine: {'line': b'-- Up-to-date symlink: /home/carlos/ros2_ws/install/px4_msgs/include/px4_msgs/px4_msgs/msg/detail/neural_control__builder.hpp\n'}
[1.752154] (px4_msgs) StdoutLine: {'line': b'-- Up-to-date symlink: /home/carlos/ros2_ws/install/px4_msgs/include/px4_msgs/px4_msgs/msg/detail/neural_control__struct.hpp\n'}
[1.752235] (px4_msgs) StdoutLine: {'line': b'-- Up-to-date symlink: /home/carlos/ros2_ws/install/px4_msgs/include/px4_msgs/px4_msgs/msg/detail/neural_control__traits.hpp\n'}
[1.752322] (px4_msgs) StdoutLine: {'line': b'-- Up-to-date symlink: /home/carlos/ros2_ws/install/px4_msgs/include/px4_msgs/px4_msgs/msg/detail/neural_control__type_support.hpp\n'}
[1.752420] (px4_msgs) StdoutLine: {'line': b'-- Up-to-date symlink: /home/carlos/ros2_ws/install/px4_msgs/include/px4_msgs/px4_msgs/msg/detail/normalized_unsigned_setpoint__builder.hpp\n'}
[1.752513] (px4_msgs) StdoutLine: {'line': b'-- Up-to-date symlink: /home/carlos/ros2_ws/install/px4_msgs/include/px4_msgs/px4_msgs/msg/detail/normalized_unsigned_setpoint__struct.hpp\n'}
[1.752603] (px4_msgs) StdoutLine: {'line': b'-- Up-to-date symlink: /home/carlos/ros2_ws/install/px4_msgs/include/px4_msgs/px4_msgs/msg/detail/normalized_unsigned_setpoint__traits.hpp\n'}
[1.752690] (px4_msgs) StdoutLine: {'line': b'-- Up-to-date symlink: /home/carlos/ros2_ws/install/px4_msgs/include/px4_msgs/px4_msgs/msg/detail/normalized_unsigned_setpoint__type_support.hpp\n'}
[1.752776] (px4_msgs) StdoutLine: {'line': b'-- Up-to-date symlink: /home/carlos/ros2_ws/install/px4_msgs/include/px4_msgs/px4_msgs/msg/detail/obstacle_distance__builder.hpp\n'}
[1.752860] (px4_msgs) StdoutLine: {'line': b'-- Up-to-date symlink: /home/carlos/ros2_ws/install/px4_msgs/include/px4_msgs/px4_msgs/msg/detail/obstacle_distance__struct.hpp\n'}
[1.752944] (px4_msgs) StdoutLine: {'line': b'-- Up-to-date symlink: /home/carlos/ros2_ws/install/px4_msgs/include/px4_msgs/px4_msgs/msg/detail/obstacle_distance__traits.hpp\n'}
[1.753029] (px4_msgs) StdoutLine: {'line': b'-- Up-to-date symlink: /home/carlos/ros2_ws/install/px4_msgs/include/px4_msgs/px4_msgs/msg/detail/obstacle_distance__type_support.hpp\n'}
[1.753114] (px4_msgs) StdoutLine: {'line': b'-- Up-to-date symlink: /home/carlos/ros2_ws/install/px4_msgs/include/px4_msgs/px4_msgs/msg/detail/offboard_control_mode__builder.hpp\n'}
[1.753199] (px4_msgs) StdoutLine: {'line': b'-- Up-to-date symlink: /home/carlos/ros2_ws/install/px4_msgs/include/px4_msgs/px4_msgs/msg/detail/offboard_control_mode__struct.hpp\n'}
[1.753283] (px4_msgs) StdoutLine: {'line': b'-- Up-to-date symlink: /home/carlos/ros2_ws/install/px4_msgs/include/px4_msgs/px4_msgs/msg/detail/offboard_control_mode__traits.hpp\n'}
[1.753368] (px4_msgs) StdoutLine: {'line': b'-- Up-to-date symlink: /home/carlos/ros2_ws/install/px4_msgs/include/px4_msgs/px4_msgs/msg/detail/offboard_control_mode__type_support.hpp\n'}
[1.753457] (px4_msgs) StdoutLine: {'line': b'-- Up-to-date symlink: /home/carlos/ros2_ws/install/px4_msgs/include/px4_msgs/px4_msgs/msg/detail/onboard_computer_status__builder.hpp\n'}
[1.753546] (px4_msgs) StdoutLine: {'line': b'-- Up-to-date symlink: /home/carlos/ros2_ws/install/px4_msgs/include/px4_msgs/px4_msgs/msg/detail/onboard_computer_status__struct.hpp\n'}
[1.753630] (px4_msgs) StdoutLine: {'line': b'-- Up-to-date symlink: /home/carlos/ros2_ws/install/px4_msgs/include/px4_msgs/px4_msgs/msg/detail/onboard_computer_status__traits.hpp\n'}
[1.753715] (px4_msgs) StdoutLine: {'line': b'-- Up-to-date symlink: /home/carlos/ros2_ws/install/px4_msgs/include/px4_msgs/px4_msgs/msg/detail/onboard_computer_status__type_support.hpp\n'}
[1.753800] (px4_msgs) StdoutLine: {'line': b'-- Up-to-date symlink: /home/carlos/ros2_ws/install/px4_msgs/include/px4_msgs/px4_msgs/msg/detail/open_drone_id_arm_status__builder.hpp\n'}
[1.753885] (px4_msgs) StdoutLine: {'line': b'-- Up-to-date symlink: /home/carlos/ros2_ws/install/px4_msgs/include/px4_msgs/px4_msgs/msg/detail/open_drone_id_arm_status__struct.hpp\n'}
[1.753970] (px4_msgs) StdoutLine: {'line': b'-- Up-to-date symlink: /home/carlos/ros2_ws/install/px4_msgs/include/px4_msgs/px4_msgs/msg/detail/open_drone_id_arm_status__traits.hpp\n'}
[1.754054] (px4_msgs) StdoutLine: {'line': b'-- Up-to-date symlink: /home/carlos/ros2_ws/install/px4_msgs/include/px4_msgs/px4_msgs/msg/detail/open_drone_id_arm_status__type_support.hpp\n'}
[1.754140] (px4_msgs) StdoutLine: {'line': b'-- Up-to-date symlink: /home/carlos/ros2_ws/install/px4_msgs/include/px4_msgs/px4_msgs/msg/detail/open_drone_id_operator_id__builder.hpp\n'}
[1.754224] (px4_msgs) StdoutLine: {'line': b'-- Up-to-date symlink: /home/carlos/ros2_ws/install/px4_msgs/include/px4_msgs/px4_msgs/msg/detail/open_drone_id_operator_id__struct.hpp\n'}
[1.754309] (px4_msgs) StdoutLine: {'line': b'-- Up-to-date symlink: /home/carlos/ros2_ws/install/px4_msgs/include/px4_msgs/px4_msgs/msg/detail/open_drone_id_operator_id__traits.hpp\n'}
[1.754394] (px4_msgs) StdoutLine: {'line': b'-- Up-to-date symlink: /home/carlos/ros2_ws/install/px4_msgs/include/px4_msgs/px4_msgs/msg/detail/open_drone_id_operator_id__type_support.hpp\n'}
[1.754486] (px4_msgs) StdoutLine: {'line': b'-- Up-to-date symlink: /home/carlos/ros2_ws/install/px4_msgs/include/px4_msgs/px4_msgs/msg/detail/open_drone_id_self_id__builder.hpp\n'}
[1.754572] (px4_msgs) StdoutLine: {'line': b'-- Up-to-date symlink: /home/carlos/ros2_ws/install/px4_msgs/include/px4_msgs/px4_msgs/msg/detail/open_drone_id_self_id__struct.hpp\n'}
[1.754656] (px4_msgs) StdoutLine: {'line': b'-- Up-to-date symlink: /home/carlos/ros2_ws/install/px4_msgs/include/px4_msgs/px4_msgs/msg/detail/open_drone_id_self_id__traits.hpp\n'}
[1.754741] (px4_msgs) StdoutLine: {'line': b'-- Up-to-date symlink: /home/carlos/ros2_ws/install/px4_msgs/include/px4_msgs/px4_msgs/msg/detail/open_drone_id_self_id__type_support.hpp\n'}
[1.754826] (px4_msgs) StdoutLine: {'line': b'-- Up-to-date symlink: /home/carlos/ros2_ws/install/px4_msgs/include/px4_msgs/px4_msgs/msg/detail/open_drone_id_system__builder.hpp\n'}
[1.754909] (px4_msgs) StdoutLine: {'line': b'-- Up-to-date symlink: /home/carlos/ros2_ws/install/px4_msgs/include/px4_msgs/px4_msgs/msg/detail/open_drone_id_system__struct.hpp\n'}
[1.754994] (px4_msgs) StdoutLine: {'line': b'-- Up-to-date symlink: /home/carlos/ros2_ws/install/px4_msgs/include/px4_msgs/px4_msgs/msg/detail/open_drone_id_system__traits.hpp\n'}
[1.755080] (px4_msgs) StdoutLine: {'line': b'-- Up-to-date symlink: /home/carlos/ros2_ws/install/px4_msgs/include/px4_msgs/px4_msgs/msg/detail/open_drone_id_system__type_support.hpp\n'}
[1.755165] (px4_msgs) StdoutLine: {'line': b'-- Up-to-date symlink: /home/carlos/ros2_ws/install/px4_msgs/include/px4_msgs/px4_msgs/msg/detail/orb_test__builder.hpp\n'}
[1.755250] (px4_msgs) StdoutLine: {'line': b'-- Up-to-date symlink: /home/carlos/ros2_ws/install/px4_msgs/include/px4_msgs/px4_msgs/msg/detail/orb_test__struct.hpp\n'}
[1.755334] (px4_msgs) StdoutLine: {'line': b'-- Up-to-date symlink: /home/carlos/ros2_ws/install/px4_msgs/include/px4_msgs/px4_msgs/msg/detail/orb_test__traits.hpp\n'}
[1.755430] (px4_msgs) StdoutLine: {'line': b'-- Up-to-date symlink: /home/carlos/ros2_ws/install/px4_msgs/include/px4_msgs/px4_msgs/msg/detail/orb_test__type_support.hpp\n'}
[1.755526] (px4_msgs) StdoutLine: {'line': b'-- Up-to-date symlink: /home/carlos/ros2_ws/install/px4_msgs/include/px4_msgs/px4_msgs/msg/detail/orb_test_large__builder.hpp\n'}
[1.755609] (px4_msgs) StdoutLine: {'line': b'-- Up-to-date symlink: /home/carlos/ros2_ws/install/px4_msgs/include/px4_msgs/px4_msgs/msg/detail/orb_test_large__struct.hpp\n'}
[1.755694] (px4_msgs) StdoutLine: {'line': b'-- Up-to-date symlink: /home/carlos/ros2_ws/install/px4_msgs/include/px4_msgs/px4_msgs/msg/detail/orb_test_large__traits.hpp\n'}
[1.755787] (px4_msgs) StdoutLine: {'line': b'-- Up-to-date symlink: /home/carlos/ros2_ws/install/px4_msgs/include/px4_msgs/px4_msgs/msg/detail/orb_test_large__type_support.hpp\n'}
[1.755869] (px4_msgs) StdoutLine: {'line': b'-- Up-to-date symlink: /home/carlos/ros2_ws/install/px4_msgs/include/px4_msgs/px4_msgs/msg/detail/orb_test_medium__builder.hpp\n'}
[1.755953] (px4_msgs) StdoutLine: {'line': b'-- Up-to-date symlink: /home/carlos/ros2_ws/install/px4_msgs/include/px4_msgs/px4_msgs/msg/detail/orb_test_medium__struct.hpp\n'}
[1.756039] (px4_msgs) StdoutLine: {'line': b'-- Up-to-date symlink: /home/carlos/ros2_ws/install/px4_msgs/include/px4_msgs/px4_msgs/msg/detail/orb_test_medium__traits.hpp\n'}
[1.756123] (px4_msgs) StdoutLine: {'line': b'-- Up-to-date symlink: /home/carlos/ros2_ws/install/px4_msgs/include/px4_msgs/px4_msgs/msg/detail/orb_test_medium__type_support.hpp\n'}
[1.756209] (px4_msgs) StdoutLine: {'line': b'-- Up-to-date symlink: /home/carlos/ros2_ws/install/px4_msgs/include/px4_msgs/px4_msgs/msg/detail/orbit_status__builder.hpp\n'}
[1.756293] (px4_msgs) StdoutLine: {'line': b'-- Up-to-date symlink: /home/carlos/ros2_ws/install/px4_msgs/include/px4_msgs/px4_msgs/msg/detail/orbit_status__struct.hpp\n'}
[1.756379] (px4_msgs) StdoutLine: {'line': b'-- Up-to-date symlink: /home/carlos/ros2_ws/install/px4_msgs/include/px4_msgs/px4_msgs/msg/detail/orbit_status__traits.hpp\n'}
[1.756472] (px4_msgs) StdoutLine: {'line': b'-- Up-to-date symlink: /home/carlos/ros2_ws/install/px4_msgs/include/px4_msgs/px4_msgs/msg/detail/orbit_status__type_support.hpp\n'}
[1.756556] (px4_msgs) StdoutLine: {'line': b'-- Up-to-date symlink: /home/carlos/ros2_ws/install/px4_msgs/include/px4_msgs/px4_msgs/msg/detail/parameter_reset_request__builder.hpp\n'}
[1.756641] (px4_msgs) StdoutLine: {'line': b'-- Up-to-date symlink: /home/carlos/ros2_ws/install/px4_msgs/include/px4_msgs/px4_msgs/msg/detail/parameter_reset_request__struct.hpp\n'}
[1.756725] (px4_msgs) StdoutLine: {'line': b'-- Up-to-date symlink: /home/carlos/ros2_ws/install/px4_msgs/include/px4_msgs/px4_msgs/msg/detail/parameter_reset_request__traits.hpp\n'}
[1.756811] (px4_msgs) StdoutLine: {'line': b'-- Up-to-date symlink: /home/carlos/ros2_ws/install/px4_msgs/include/px4_msgs/px4_msgs/msg/detail/parameter_reset_request__type_support.hpp\n'}
[1.756896] (px4_msgs) StdoutLine: {'line': b'-- Up-to-date symlink: /home/carlos/ros2_ws/install/px4_msgs/include/px4_msgs/px4_msgs/msg/detail/parameter_set_used_request__builder.hpp\n'}
[1.756980] (px4_msgs) StdoutLine: {'line': b'-- Up-to-date symlink: /home/carlos/ros2_ws/install/px4_msgs/include/px4_msgs/px4_msgs/msg/detail/parameter_set_used_request__struct.hpp\n'}
[1.757065] (px4_msgs) StdoutLine: {'line': b'-- Up-to-date symlink: /home/carlos/ros2_ws/install/px4_msgs/include/px4_msgs/px4_msgs/msg/detail/parameter_set_used_request__traits.hpp\n'}
[1.757162] (px4_msgs) StdoutLine: {'line': b'-- Up-to-date symlink: /home/carlos/ros2_ws/install/px4_msgs/include/px4_msgs/px4_msgs/msg/detail/parameter_set_used_request__type_support.hpp\n'}
[1.757246] (px4_msgs) StdoutLine: {'line': b'-- Up-to-date symlink: /home/carlos/ros2_ws/install/px4_msgs/include/px4_msgs/px4_msgs/msg/detail/parameter_set_value_request__builder.hpp\n'}
[1.757331] (px4_msgs) StdoutLine: {'line': b'-- Up-to-date symlink: /home/carlos/ros2_ws/install/px4_msgs/include/px4_msgs/px4_msgs/msg/detail/parameter_set_value_request__struct.hpp\n'}
[1.757417] (px4_msgs) StdoutLine: {'line': b'-- Up-to-date symlink: /home/carlos/ros2_ws/install/px4_msgs/include/px4_msgs/px4_msgs/msg/detail/parameter_set_value_request__traits.hpp\n'}
[1.757510] (px4_msgs) StdoutLine: {'line': b'-- Up-to-date symlink: /home/carlos/ros2_ws/install/px4_msgs/include/px4_msgs/px4_msgs/msg/detail/parameter_set_value_request__type_support.hpp\n'}
[1.757597] (px4_msgs) StdoutLine: {'line': b'-- Up-to-date symlink: /home/carlos/ros2_ws/install/px4_msgs/include/px4_msgs/px4_msgs/msg/detail/parameter_set_value_response__builder.hpp\n'}
[1.757683] (px4_msgs) StdoutLine: {'line': b'-- Up-to-date symlink: /home/carlos/ros2_ws/install/px4_msgs/include/px4_msgs/px4_msgs/msg/detail/parameter_set_value_response__struct.hpp\n'}
[1.757842] (px4_msgs) StdoutLine: {'line': b'-- Up-to-date symlink: /home/carlos/ros2_ws/install/px4_msgs/include/px4_msgs/px4_msgs/msg/detail/parameter_set_value_response__traits.hpp\n'}
[1.758174] (px4_msgs) StdoutLine: {'line': b'-- Up-to-date symlink: /home/carlos/ros2_ws/install/px4_msgs/include/px4_msgs/px4_msgs/msg/detail/parameter_set_value_response__type_support.hpp\n'}
[1.758293] (px4_msgs) StdoutLine: {'line': b'-- Up-to-date symlink: /home/carlos/ros2_ws/install/px4_msgs/include/px4_msgs/px4_msgs/msg/detail/parameter_update__builder.hpp\n'}
[1.758401] (px4_msgs) StdoutLine: {'line': b'-- Up-to-date symlink: /home/carlos/ros2_ws/install/px4_msgs/include/px4_msgs/px4_msgs/msg/detail/parameter_update__struct.hpp\n'}
[1.758510] (px4_msgs) StdoutLine: {'line': b'-- Up-to-date symlink: /home/carlos/ros2_ws/install/px4_msgs/include/px4_msgs/px4_msgs/msg/detail/parameter_update__traits.hpp\n'}
[1.758651] (px4_msgs) StdoutLine: {'line': b'-- Up-to-date symlink: /home/carlos/ros2_ws/install/px4_msgs/include/px4_msgs/px4_msgs/msg/detail/parameter_update__type_support.hpp\n'}
[1.758760] (px4_msgs) StdoutLine: {'line': b'-- Up-to-date symlink: /home/carlos/ros2_ws/install/px4_msgs/include/px4_msgs/px4_msgs/msg/detail/ping__builder.hpp\n'}
[1.758813] (px4_msgs) StdoutLine: {'line': b'-- Up-to-date symlink: /home/carlos/ros2_ws/install/px4_msgs/include/px4_msgs/px4_msgs/msg/detail/ping__struct.hpp\n'}
[1.758862] (px4_msgs) StdoutLine: {'line': b'-- Up-to-date symlink: /home/carlos/ros2_ws/install/px4_msgs/include/px4_msgs/px4_msgs/msg/detail/ping__traits.hpp\n'}
[1.758926] (px4_msgs) StdoutLine: {'line': b'-- Up-to-date symlink: /home/carlos/ros2_ws/install/px4_msgs/include/px4_msgs/px4_msgs/msg/detail/ping__type_support.hpp\n'}
[1.758978] (px4_msgs) StdoutLine: {'line': b'-- Up-to-date symlink: /home/carlos/ros2_ws/install/px4_msgs/include/px4_msgs/px4_msgs/msg/detail/position_controller_landing_status__builder.hpp\n'}
[1.759024] (px4_msgs) StdoutLine: {'line': b'-- Up-to-date symlink: /home/carlos/ros2_ws/install/px4_msgs/include/px4_msgs/px4_msgs/msg/detail/position_controller_landing_status__struct.hpp\n'}
[1.759070] (px4_msgs) StdoutLine: {'line': b'-- Up-to-date symlink: /home/carlos/ros2_ws/install/px4_msgs/include/px4_msgs/px4_msgs/msg/detail/position_controller_landing_status__traits.hpp\n'}
[1.759114] (px4_msgs) StdoutLine: {'line': b'-- Up-to-date symlink: /home/carlos/ros2_ws/install/px4_msgs/include/px4_msgs/px4_msgs/msg/detail/position_controller_landing_status__type_support.hpp\n'}
[1.759182] (px4_msgs) StdoutLine: {'line': b'-- Up-to-date symlink: /home/carlos/ros2_ws/install/px4_msgs/include/px4_msgs/px4_msgs/msg/detail/position_controller_status__builder.hpp\n'}
[1.759239] (px4_msgs) StdoutLine: {'line': b'-- Up-to-date symlink: /home/carlos/ros2_ws/install/px4_msgs/include/px4_msgs/px4_msgs/msg/detail/position_controller_status__struct.hpp\n'}
[1.759287] (px4_msgs) StdoutLine: {'line': b'-- Up-to-date symlink: /home/carlos/ros2_ws/install/px4_msgs/include/px4_msgs/px4_msgs/msg/detail/position_controller_status__traits.hpp\n'}
[1.759346] (px4_msgs) StdoutLine: {'line': b'-- Up-to-date symlink: /home/carlos/ros2_ws/install/px4_msgs/include/px4_msgs/px4_msgs/msg/detail/position_controller_status__type_support.hpp\n'}
[1.759394] (px4_msgs) StdoutLine: {'line': b'-- Up-to-date symlink: /home/carlos/ros2_ws/install/px4_msgs/include/px4_msgs/px4_msgs/msg/detail/position_setpoint__builder.hpp\n'}
[1.759455] (px4_msgs) StdoutLine: {'line': b'-- Up-to-date symlink: /home/carlos/ros2_ws/install/px4_msgs/include/px4_msgs/px4_msgs/msg/detail/position_setpoint__struct.hpp\n'}
[1.759518] (px4_msgs) StdoutLine: {'line': b'-- Up-to-date symlink: /home/carlos/ros2_ws/install/px4_msgs/include/px4_msgs/px4_msgs/msg/detail/position_setpoint__traits.hpp\n'}
[1.759603] (px4_msgs) StdoutLine: {'line': b'-- Up-to-date symlink: /home/carlos/ros2_ws/install/px4_msgs/include/px4_msgs/px4_msgs/msg/detail/position_setpoint__type_support.hpp\n'}
[1.759688] (px4_msgs) StdoutLine: {'line': b'-- Up-to-date symlink: /home/carlos/ros2_ws/install/px4_msgs/include/px4_msgs/px4_msgs/msg/detail/position_setpoint_triplet__builder.hpp\n'}
[1.759804] (px4_msgs) StdoutLine: {'line': b'-- Up-to-date symlink: /home/carlos/ros2_ws/install/px4_msgs/include/px4_msgs/px4_msgs/msg/detail/position_setpoint_triplet__struct.hpp\n'}
[1.759870] (px4_msgs) StdoutLine: {'line': b'-- Up-to-date symlink: /home/carlos/ros2_ws/install/px4_msgs/include/px4_msgs/px4_msgs/msg/detail/position_setpoint_triplet__traits.hpp\n'}
[1.759951] (px4_msgs) StdoutLine: {'line': b'-- Up-to-date symlink: /home/carlos/ros2_ws/install/px4_msgs/include/px4_msgs/px4_msgs/msg/detail/position_setpoint_triplet__type_support.hpp\n'}
[1.760035] (px4_msgs) StdoutLine: {'line': b'-- Up-to-date symlink: /home/carlos/ros2_ws/install/px4_msgs/include/px4_msgs/px4_msgs/msg/detail/power_button_state__builder.hpp\n'}
[1.760121] (px4_msgs) StdoutLine: {'line': b'-- Up-to-date symlink: /home/carlos/ros2_ws/install/px4_msgs/include/px4_msgs/px4_msgs/msg/detail/power_button_state__struct.hpp\n'}
[1.760206] (px4_msgs) StdoutLine: {'line': b'-- Up-to-date symlink: /home/carlos/ros2_ws/install/px4_msgs/include/px4_msgs/px4_msgs/msg/detail/power_button_state__traits.hpp\n'}
[1.760291] (px4_msgs) StdoutLine: {'line': b'-- Up-to-date symlink: /home/carlos/ros2_ws/install/px4_msgs/include/px4_msgs/px4_msgs/msg/detail/power_button_state__type_support.hpp\n'}
[1.760377] (px4_msgs) StdoutLine: {'line': b'-- Up-to-date symlink: /home/carlos/ros2_ws/install/px4_msgs/include/px4_msgs/px4_msgs/msg/detail/power_monitor__builder.hpp\n'}
[1.760469] (px4_msgs) StdoutLine: {'line': b'-- Up-to-date symlink: /home/carlos/ros2_ws/install/px4_msgs/include/px4_msgs/px4_msgs/msg/detail/power_monitor__struct.hpp\n'}
[1.760555] (px4_msgs) StdoutLine: {'line': b'-- Up-to-date symlink: /home/carlos/ros2_ws/install/px4_msgs/include/px4_msgs/px4_msgs/msg/detail/power_monitor__traits.hpp\n'}
[1.760641] (px4_msgs) StdoutLine: {'line': b'-- Up-to-date symlink: /home/carlos/ros2_ws/install/px4_msgs/include/px4_msgs/px4_msgs/msg/detail/power_monitor__type_support.hpp\n'}
[1.760749] (px4_msgs) StdoutLine: {'line': b'-- Up-to-date symlink: /home/carlos/ros2_ws/install/px4_msgs/include/px4_msgs/px4_msgs/msg/detail/pps_capture__builder.hpp\n'}
[1.760823] (px4_msgs) StdoutLine: {'line': b'-- Up-to-date symlink: /home/carlos/ros2_ws/install/px4_msgs/include/px4_msgs/px4_msgs/msg/detail/pps_capture__struct.hpp\n'}
[1.760903] (px4_msgs) StdoutLine: {'line': b'-- Up-to-date symlink: /home/carlos/ros2_ws/install/px4_msgs/include/px4_msgs/px4_msgs/msg/detail/pps_capture__traits.hpp\n'}
[1.760989] (px4_msgs) StdoutLine: {'line': b'-- Up-to-date symlink: /home/carlos/ros2_ws/install/px4_msgs/include/px4_msgs/px4_msgs/msg/detail/pps_capture__type_support.hpp\n'}
[1.761073] (px4_msgs) StdoutLine: {'line': b'-- Up-to-date symlink: /home/carlos/ros2_ws/install/px4_msgs/include/px4_msgs/px4_msgs/msg/detail/pure_pursuit_status__builder.hpp\n'}
[1.761161] (px4_msgs) StdoutLine: {'line': b'-- Up-to-date symlink: /home/carlos/ros2_ws/install/px4_msgs/include/px4_msgs/px4_msgs/msg/detail/pure_pursuit_status__struct.hpp\n'}
[1.761245] (px4_msgs) StdoutLine: {'line': b'-- Up-to-date symlink: /home/carlos/ros2_ws/install/px4_msgs/include/px4_msgs/px4_msgs/msg/detail/pure_pursuit_status__traits.hpp\n'}
[1.761330] (px4_msgs) StdoutLine: {'line': b'-- Up-to-date symlink: /home/carlos/ros2_ws/install/px4_msgs/include/px4_msgs/px4_msgs/msg/detail/pure_pursuit_status__type_support.hpp\n'}
[1.761415] (px4_msgs) StdoutLine: {'line': b'-- Up-to-date symlink: /home/carlos/ros2_ws/install/px4_msgs/include/px4_msgs/px4_msgs/msg/detail/pwm_input__builder.hpp\n'}
[1.761509] (px4_msgs) StdoutLine: {'line': b'-- Up-to-date symlink: /home/carlos/ros2_ws/install/px4_msgs/include/px4_msgs/px4_msgs/msg/detail/pwm_input__struct.hpp\n'}
[1.761594] (px4_msgs) StdoutLine: {'line': b'-- Up-to-date symlink: /home/carlos/ros2_ws/install/px4_msgs/include/px4_msgs/px4_msgs/msg/detail/pwm_input__traits.hpp\n'}
[1.761679] (px4_msgs) StdoutLine: {'line': b'-- Up-to-date symlink: /home/carlos/ros2_ws/install/px4_msgs/include/px4_msgs/px4_msgs/msg/detail/pwm_input__type_support.hpp\n'}
[1.761764] (px4_msgs) StdoutLine: {'line': b'-- Up-to-date symlink: /home/carlos/ros2_ws/install/px4_msgs/include/px4_msgs/px4_msgs/msg/detail/px4io_status__builder.hpp\n'}
[1.761849] (px4_msgs) StdoutLine: {'line': b'-- Up-to-date symlink: /home/carlos/ros2_ws/install/px4_msgs/include/px4_msgs/px4_msgs/msg/detail/px4io_status__struct.hpp\n'}
[1.761934] (px4_msgs) StdoutLine: {'line': b'-- Up-to-date symlink: /home/carlos/ros2_ws/install/px4_msgs/include/px4_msgs/px4_msgs/msg/detail/px4io_status__traits.hpp\n'}
[1.762020] (px4_msgs) StdoutLine: {'line': b'-- Up-to-date symlink: /home/carlos/ros2_ws/install/px4_msgs/include/px4_msgs/px4_msgs/msg/detail/px4io_status__type_support.hpp\n'}
[1.762105] (px4_msgs) StdoutLine: {'line': b'-- Up-to-date symlink: /home/carlos/ros2_ws/install/px4_msgs/include/px4_msgs/px4_msgs/msg/detail/qshell_req__builder.hpp\n'}
[1.762190] (px4_msgs) StdoutLine: {'line': b'-- Up-to-date symlink: /home/carlos/ros2_ws/install/px4_msgs/include/px4_msgs/px4_msgs/msg/detail/qshell_req__struct.hpp\n'}
[1.762275] (px4_msgs) StdoutLine: {'line': b'-- Up-to-date symlink: /home/carlos/ros2_ws/install/px4_msgs/include/px4_msgs/px4_msgs/msg/detail/qshell_req__traits.hpp\n'}
[1.762354] (px4_msgs) StdoutLine: {'line': b'-- Up-to-date symlink: /home/carlos/ros2_ws/install/px4_msgs/include/px4_msgs/px4_msgs/msg/detail/qshell_req__type_support.hpp\n'}
[1.762447] (px4_msgs) StdoutLine: {'line': b'-- Up-to-date symlink: /home/carlos/ros2_ws/install/px4_msgs/include/px4_msgs/px4_msgs/msg/detail/qshell_retval__builder.hpp\n'}
[1.762622] (px4_msgs) StdoutLine: {'line': b'-- Up-to-date symlink: /home/carlos/ros2_ws/install/px4_msgs/include/px4_msgs/px4_msgs/msg/detail/qshell_retval__struct.hpp\n'}
[1.762777] (px4_msgs) StdoutLine: {'line': b'-- Up-to-date symlink: /home/carlos/ros2_ws/install/px4_msgs/include/px4_msgs/px4_msgs/msg/detail/qshell_retval__traits.hpp\n'}
[1.762876] (px4_msgs) StdoutLine: {'line': b'-- Up-to-date symlink: /home/carlos/ros2_ws/install/px4_msgs/include/px4_msgs/px4_msgs/msg/detail/qshell_retval__type_support.hpp\n'}
[1.763010] (px4_msgs) StdoutLine: {'line': b'-- Up-to-date symlink: /home/carlos/ros2_ws/install/px4_msgs/include/px4_msgs/px4_msgs/msg/detail/radio_status__builder.hpp\n'}
[1.763125] (px4_msgs) StdoutLine: {'line': b'-- Up-to-date symlink: /home/carlos/ros2_ws/install/px4_msgs/include/px4_msgs/px4_msgs/msg/detail/radio_status__struct.hpp\n'}
[1.763256] (px4_msgs) StdoutLine: {'line': b'-- Up-to-date symlink: /home/carlos/ros2_ws/install/px4_msgs/include/px4_msgs/px4_msgs/msg/detail/radio_status__traits.hpp\n'}
[1.763388] (px4_msgs) StdoutLine: {'line': b'-- Up-to-date symlink: /home/carlos/ros2_ws/install/px4_msgs/include/px4_msgs/px4_msgs/msg/detail/radio_status__type_support.hpp\n'}
[1.763538] (px4_msgs) StdoutLine: {'line': b'-- Up-to-date symlink: /home/carlos/ros2_ws/install/px4_msgs/include/px4_msgs/px4_msgs/msg/detail/rate_ctrl_status__builder.hpp\n'}
[1.763650] (px4_msgs) StdoutLine: {'line': b'-- Up-to-date symlink: /home/carlos/ros2_ws/install/px4_msgs/include/px4_msgs/px4_msgs/msg/detail/rate_ctrl_status__struct.hpp\n'}
[1.763737] (px4_msgs) StdoutLine: {'line': b'-- Up-to-date symlink: /home/carlos/ros2_ws/install/px4_msgs/include/px4_msgs/px4_msgs/msg/detail/rate_ctrl_status__traits.hpp\n'}
[1.763783] (px4_msgs) StdoutLine: {'line': b'-- Up-to-date symlink: /home/carlos/ros2_ws/install/px4_msgs/include/px4_msgs/px4_msgs/msg/detail/rate_ctrl_status__type_support.hpp\n'}
[1.763827] (px4_msgs) StdoutLine: {'line': b'-- Up-to-date symlink: /home/carlos/ros2_ws/install/px4_msgs/include/px4_msgs/px4_msgs/msg/detail/rc_channels__builder.hpp\n'}
[1.763875] (px4_msgs) StdoutLine: {'line': b'-- Up-to-date symlink: /home/carlos/ros2_ws/install/px4_msgs/include/px4_msgs/px4_msgs/msg/detail/rc_channels__struct.hpp\n'}
[1.763925] (px4_msgs) StdoutLine: {'line': b'-- Up-to-date symlink: /home/carlos/ros2_ws/install/px4_msgs/include/px4_msgs/px4_msgs/msg/detail/rc_channels__traits.hpp\n'}
[1.763974] (px4_msgs) StdoutLine: {'line': b'-- Up-to-date symlink: /home/carlos/ros2_ws/install/px4_msgs/include/px4_msgs/px4_msgs/msg/detail/rc_channels__type_support.hpp\n'}
[1.764019] (px4_msgs) StdoutLine: {'line': b'-- Up-to-date symlink: /home/carlos/ros2_ws/install/px4_msgs/include/px4_msgs/px4_msgs/msg/detail/rc_parameter_map__builder.hpp\n'}
[1.764082] (px4_msgs) StdoutLine: {'line': b'-- Up-to-date symlink: /home/carlos/ros2_ws/install/px4_msgs/include/px4_msgs/px4_msgs/msg/detail/rc_parameter_map__struct.hpp\n'}
[1.764133] (px4_msgs) StdoutLine: {'line': b'-- Up-to-date symlink: /home/carlos/ros2_ws/install/px4_msgs/include/px4_msgs/px4_msgs/msg/detail/rc_parameter_map__traits.hpp\n'}
[1.764178] (px4_msgs) StdoutLine: {'line': b'-- Up-to-date symlink: /home/carlos/ros2_ws/install/px4_msgs/include/px4_msgs/px4_msgs/msg/detail/rc_parameter_map__type_support.hpp\n'}
[1.764248] (px4_msgs) StdoutLine: {'line': b'-- Up-to-date symlink: /home/carlos/ros2_ws/install/px4_msgs/include/px4_msgs/px4_msgs/msg/detail/register_ext_component_reply__builder.hpp\n'}
[1.764300] (px4_msgs) StdoutLine: {'line': b'-- Up-to-date symlink: /home/carlos/ros2_ws/install/px4_msgs/include/px4_msgs/px4_msgs/msg/detail/register_ext_component_reply__struct.hpp\n'}
[1.764367] (px4_msgs) StdoutLine: {'line': b'-- Up-to-date symlink: /home/carlos/ros2_ws/install/px4_msgs/include/px4_msgs/px4_msgs/msg/detail/register_ext_component_reply__traits.hpp\n'}
[1.764429] (px4_msgs) StdoutLine: {'line': b'-- Up-to-date symlink: /home/carlos/ros2_ws/install/px4_msgs/include/px4_msgs/px4_msgs/msg/detail/register_ext_component_reply__type_support.hpp\n'}
[1.764505] (px4_msgs) StdoutLine: {'line': b'-- Up-to-date symlink: /home/carlos/ros2_ws/install/px4_msgs/include/px4_msgs/px4_msgs/msg/detail/register_ext_component_request__builder.hpp\n'}
[1.764592] (px4_msgs) StdoutLine: {'line': b'-- Up-to-date symlink: /home/carlos/ros2_ws/install/px4_msgs/include/px4_msgs/px4_msgs/msg/detail/register_ext_component_request__struct.hpp\n'}
[1.764677] (px4_msgs) StdoutLine: {'line': b'-- Up-to-date symlink: /home/carlos/ros2_ws/install/px4_msgs/include/px4_msgs/px4_msgs/msg/detail/register_ext_component_request__traits.hpp\n'}
[1.764761] (px4_msgs) StdoutLine: {'line': b'-- Up-to-date symlink: /home/carlos/ros2_ws/install/px4_msgs/include/px4_msgs/px4_msgs/msg/detail/register_ext_component_request__type_support.hpp\n'}
[1.764847] (px4_msgs) StdoutLine: {'line': b'-- Up-to-date symlink: /home/carlos/ros2_ws/install/px4_msgs/include/px4_msgs/px4_msgs/msg/detail/rover_attitude_setpoint__builder.hpp\n'}
[1.764932] (px4_msgs) StdoutLine: {'line': b'-- Up-to-date symlink: /home/carlos/ros2_ws/install/px4_msgs/include/px4_msgs/px4_msgs/msg/detail/rover_attitude_setpoint__struct.hpp\n'}
[1.765016] (px4_msgs) StdoutLine: {'line': b'-- Up-to-date symlink: /home/carlos/ros2_ws/install/px4_msgs/include/px4_msgs/px4_msgs/msg/detail/rover_attitude_setpoint__traits.hpp\n'}
[1.765102] (px4_msgs) StdoutLine: {'line': b'-- Up-to-date symlink: /home/carlos/ros2_ws/install/px4_msgs/include/px4_msgs/px4_msgs/msg/detail/rover_attitude_setpoint__type_support.hpp\n'}
[1.765187] (px4_msgs) StdoutLine: {'line': b'-- Up-to-date symlink: /home/carlos/ros2_ws/install/px4_msgs/include/px4_msgs/px4_msgs/msg/detail/rover_attitude_status__builder.hpp\n'}
[1.765272] (px4_msgs) StdoutLine: {'line': b'-- Up-to-date symlink: /home/carlos/ros2_ws/install/px4_msgs/include/px4_msgs/px4_msgs/msg/detail/rover_attitude_status__struct.hpp\n'}
[1.765357] (px4_msgs) StdoutLine: {'line': b'-- Up-to-date symlink: /home/carlos/ros2_ws/install/px4_msgs/include/px4_msgs/px4_msgs/msg/detail/rover_attitude_status__traits.hpp\n'}
[1.765446] (px4_msgs) StdoutLine: {'line': b'-- Up-to-date symlink: /home/carlos/ros2_ws/install/px4_msgs/include/px4_msgs/px4_msgs/msg/detail/rover_attitude_status__type_support.hpp\n'}
[1.765534] (px4_msgs) StdoutLine: {'line': b'-- Up-to-date symlink: /home/carlos/ros2_ws/install/px4_msgs/include/px4_msgs/px4_msgs/msg/detail/rover_position_setpoint__builder.hpp\n'}
[1.765623] (px4_msgs) StdoutLine: {'line': b'-- Up-to-date symlink: /home/carlos/ros2_ws/install/px4_msgs/include/px4_msgs/px4_msgs/msg/detail/rover_position_setpoint__struct.hpp\n'}
[1.765708] (px4_msgs) StdoutLine: {'line': b'-- Up-to-date symlink: /home/carlos/ros2_ws/install/px4_msgs/include/px4_msgs/px4_msgs/msg/detail/rover_position_setpoint__traits.hpp\n'}
[1.765793] (px4_msgs) StdoutLine: {'line': b'-- Up-to-date symlink: /home/carlos/ros2_ws/install/px4_msgs/include/px4_msgs/px4_msgs/msg/detail/rover_position_setpoint__type_support.hpp\n'}
[1.765877] (px4_msgs) StdoutLine: {'line': b'-- Up-to-date symlink: /home/carlos/ros2_ws/install/px4_msgs/include/px4_msgs/px4_msgs/msg/detail/rover_rate_setpoint__builder.hpp\n'}
[1.765963] (px4_msgs) StdoutLine: {'line': b'-- Up-to-date symlink: /home/carlos/ros2_ws/install/px4_msgs/include/px4_msgs/px4_msgs/msg/detail/rover_rate_setpoint__struct.hpp\n'}
[1.766048] (px4_msgs) StdoutLine: {'line': b'-- Up-to-date symlink: /home/carlos/ros2_ws/install/px4_msgs/include/px4_msgs/px4_msgs/msg/detail/rover_rate_setpoint__traits.hpp\n'}
[1.766142] (px4_msgs) StdoutLine: {'line': b'-- Up-to-date symlink: /home/carlos/ros2_ws/install/px4_msgs/include/px4_msgs/px4_msgs/msg/detail/rover_rate_setpoint__type_support.hpp\n'}
[1.766226] (px4_msgs) StdoutLine: {'line': b'-- Up-to-date symlink: /home/carlos/ros2_ws/install/px4_msgs/include/px4_msgs/px4_msgs/msg/detail/rover_rate_status__builder.hpp\n'}
[1.766329] (px4_msgs) StdoutLine: {'line': b'-- Up-to-date symlink: /home/carlos/ros2_ws/install/px4_msgs/include/px4_msgs/px4_msgs/msg/detail/rover_rate_status__struct.hpp\n'}
[1.766416] (px4_msgs) StdoutLine: {'line': b'-- Up-to-date symlink: /home/carlos/ros2_ws/install/px4_msgs/include/px4_msgs/px4_msgs/msg/detail/rover_rate_status__traits.hpp\n'}
[1.766547] (px4_msgs) StdoutLine: {'line': b'-- Up-to-date symlink: /home/carlos/ros2_ws/install/px4_msgs/include/px4_msgs/px4_msgs/msg/detail/rover_rate_status__type_support.hpp\n'}
[1.766735] (px4_msgs) StdoutLine: {'line': b'-- Up-to-date symlink: /home/carlos/ros2_ws/install/px4_msgs/include/px4_msgs/px4_msgs/msg/detail/rover_speed_setpoint__builder.hpp\n'}
[1.766867] (px4_msgs) StdoutLine: {'line': b'-- Up-to-date symlink: /home/carlos/ros2_ws/install/px4_msgs/include/px4_msgs/px4_msgs/msg/detail/rover_speed_setpoint__struct.hpp\n'}
[1.767015] (px4_msgs) StdoutLine: {'line': b'-- Up-to-date symlink: /home/carlos/ros2_ws/install/px4_msgs/include/px4_msgs/px4_msgs/msg/detail/rover_speed_setpoint__traits.hpp\n'}
[1.767132] (px4_msgs) StdoutLine: {'line': b'-- Up-to-date symlink: /home/carlos/ros2_ws/install/px4_msgs/include/px4_msgs/px4_msgs/msg/detail/rover_speed_setpoint__type_support.hpp\n'}
[1.767262] (px4_msgs) StdoutLine: {'line': b'-- Up-to-date symlink: /home/carlos/ros2_ws/install/px4_msgs/include/px4_msgs/px4_msgs/msg/detail/rover_speed_status__builder.hpp\n'}
[1.767397] (px4_msgs) StdoutLine: {'line': b'-- Up-to-date symlink: /home/carlos/ros2_ws/install/px4_msgs/include/px4_msgs/px4_msgs/msg/detail/rover_speed_status__struct.hpp\n'}
[1.767515] (px4_msgs) StdoutLine: {'line': b'-- Up-to-date symlink: /home/carlos/ros2_ws/install/px4_msgs/include/px4_msgs/px4_msgs/msg/detail/rover_speed_status__traits.hpp\n'}
[1.767631] (px4_msgs) StdoutLine: {'line': b'-- Up-to-date symlink: /home/carlos/ros2_ws/install/px4_msgs/include/px4_msgs/px4_msgs/msg/detail/rover_speed_status__type_support.hpp\n'}
[1.767756] (px4_msgs) StdoutLine: {'line': b'-- Up-to-date symlink: /home/carlos/ros2_ws/install/px4_msgs/include/px4_msgs/px4_msgs/msg/detail/rover_steering_setpoint__builder.hpp\n'}
[1.767848] (px4_msgs) StdoutLine: {'line': b'-- Up-to-date symlink: /home/carlos/ros2_ws/install/px4_msgs/include/px4_msgs/px4_msgs/msg/detail/rover_steering_setpoint__struct.hpp\n'}
[1.767955] (px4_msgs) StdoutLine: {'line': b'-- Up-to-date symlink: /home/carlos/ros2_ws/install/px4_msgs/include/px4_msgs/px4_msgs/msg/detail/rover_steering_setpoint__traits.hpp\n'}
[1.768064] (px4_msgs) StdoutLine: {'line': b'-- Up-to-date symlink: /home/carlos/ros2_ws/install/px4_msgs/include/px4_msgs/px4_msgs/msg/detail/rover_steering_setpoint__type_support.hpp\n'}
[1.768177] (px4_msgs) StdoutLine: {'line': b'-- Up-to-date symlink: /home/carlos/ros2_ws/install/px4_msgs/include/px4_msgs/px4_msgs/msg/detail/rover_throttle_setpoint__builder.hpp\n'}
[1.768284] (px4_msgs) StdoutLine: {'line': b'-- Up-to-date symlink: /home/carlos/ros2_ws/install/px4_msgs/include/px4_msgs/px4_msgs/msg/detail/rover_throttle_setpoint__struct.hpp\n'}
[1.768339] (px4_msgs) StdoutLine: {'line': b'-- Up-to-date symlink: /home/carlos/ros2_ws/install/px4_msgs/include/px4_msgs/px4_msgs/msg/detail/rover_throttle_setpoint__traits.hpp\n'}
[1.768383] (px4_msgs) StdoutLine: {'line': b'-- Up-to-date symlink: /home/carlos/ros2_ws/install/px4_msgs/include/px4_msgs/px4_msgs/msg/detail/rover_throttle_setpoint__type_support.hpp\n'}
[1.768425] (px4_msgs) StdoutLine: {'line': b'-- Up-to-date symlink: /home/carlos/ros2_ws/install/px4_msgs/include/px4_msgs/px4_msgs/msg/detail/rpm__builder.hpp\n'}
[1.768487] (px4_msgs) StdoutLine: {'line': b'-- Up-to-date symlink: /home/carlos/ros2_ws/install/px4_msgs/include/px4_msgs/px4_msgs/msg/detail/rpm__struct.hpp\n'}
[1.768533] (px4_msgs) StdoutLine: {'line': b'-- Up-to-date symlink: /home/carlos/ros2_ws/install/px4_msgs/include/px4_msgs/px4_msgs/msg/detail/rpm__traits.hpp\n'}
[1.768577] (px4_msgs) StdoutLine: {'line': b'-- Up-to-date symlink: /home/carlos/ros2_ws/install/px4_msgs/include/px4_msgs/px4_msgs/msg/detail/rpm__type_support.hpp\n'}
[1.768645] (px4_msgs) StdoutLine: {'line': b'-- Up-to-date symlink: /home/carlos/ros2_ws/install/px4_msgs/include/px4_msgs/px4_msgs/msg/detail/rtl_status__builder.hpp\n'}
[1.768715] (px4_msgs) StdoutLine: {'line': b'-- Up-to-date symlink: /home/carlos/ros2_ws/install/px4_msgs/include/px4_msgs/px4_msgs/msg/detail/rtl_status__struct.hpp\n'}
[1.768760] (px4_msgs) StdoutLine: {'line': b'-- Up-to-date symlink: /home/carlos/ros2_ws/install/px4_msgs/include/px4_msgs/px4_msgs/msg/detail/rtl_status__traits.hpp\n'}
[1.768807] (px4_msgs) StdoutLine: {'line': b'-- Up-to-date symlink: /home/carlos/ros2_ws/install/px4_msgs/include/px4_msgs/px4_msgs/msg/detail/rtl_status__type_support.hpp\n'}
[1.768862] (px4_msgs) StdoutLine: {'line': b'-- Up-to-date symlink: /home/carlos/ros2_ws/install/px4_msgs/include/px4_msgs/px4_msgs/msg/detail/rtl_time_estimate__builder.hpp\n'}
[1.768931] (px4_msgs) StdoutLine: {'line': b'-- Up-to-date symlink: /home/carlos/ros2_ws/install/px4_msgs/include/px4_msgs/px4_msgs/msg/detail/rtl_time_estimate__struct.hpp\n'}
[1.768977] (px4_msgs) StdoutLine: {'line': b'-- Up-to-date symlink: /home/carlos/ros2_ws/install/px4_msgs/include/px4_msgs/px4_msgs/msg/detail/rtl_time_estimate__traits.hpp\n'}
[1.769026] (px4_msgs) StdoutLine: {'line': b'-- Up-to-date symlink: /home/carlos/ros2_ws/install/px4_msgs/include/px4_msgs/px4_msgs/msg/detail/rtl_time_estimate__type_support.hpp\n'}
[1.769090] (px4_msgs) StdoutLine: {'line': b'-- Up-to-date symlink: /home/carlos/ros2_ws/install/px4_msgs/include/px4_msgs/px4_msgs/msg/detail/satellite_info__builder.hpp\n'}
[1.769155] (px4_msgs) StdoutLine: {'line': b'-- Up-to-date symlink: /home/carlos/ros2_ws/install/px4_msgs/include/px4_msgs/px4_msgs/msg/detail/satellite_info__struct.hpp\n'}
[1.769218] (px4_msgs) StdoutLine: {'line': b'-- Up-to-date symlink: /home/carlos/ros2_ws/install/px4_msgs/include/px4_msgs/px4_msgs/msg/detail/satellite_info__traits.hpp\n'}
[1.769279] (px4_msgs) StdoutLine: {'line': b'-- Up-to-date symlink: /home/carlos/ros2_ws/install/px4_msgs/include/px4_msgs/px4_msgs/msg/detail/satellite_info__type_support.hpp\n'}
[1.769354] (px4_msgs) StdoutLine: {'line': b'-- Up-to-date symlink: /home/carlos/ros2_ws/install/px4_msgs/include/px4_msgs/px4_msgs/msg/detail/sensor_accel__builder.hpp\n'}
[1.769448] (px4_msgs) StdoutLine: {'line': b'-- Up-to-date symlink: /home/carlos/ros2_ws/install/px4_msgs/include/px4_msgs/px4_msgs/msg/detail/sensor_accel__struct.hpp\n'}
[1.769531] (px4_msgs) StdoutLine: {'line': b'-- Up-to-date symlink: /home/carlos/ros2_ws/install/px4_msgs/include/px4_msgs/px4_msgs/msg/detail/sensor_accel__traits.hpp\n'}
[1.769633] (px4_msgs) StdoutLine: {'line': b'-- Up-to-date symlink: /home/carlos/ros2_ws/install/px4_msgs/include/px4_msgs/px4_msgs/msg/detail/sensor_accel__type_support.hpp\n'}
[1.769701] (px4_msgs) StdoutLine: {'line': b'-- Up-to-date symlink: /home/carlos/ros2_ws/install/px4_msgs/include/px4_msgs/px4_msgs/msg/detail/sensor_accel_fifo__builder.hpp\n'}
[1.769787] (px4_msgs) StdoutLine: {'line': b'-- Up-to-date symlink: /home/carlos/ros2_ws/install/px4_msgs/include/px4_msgs/px4_msgs/msg/detail/sensor_accel_fifo__struct.hpp\n'}
[1.769871] (px4_msgs) StdoutLine: {'line': b'-- Up-to-date symlink: /home/carlos/ros2_ws/install/px4_msgs/include/px4_msgs/px4_msgs/msg/detail/sensor_accel_fifo__traits.hpp\n'}
[1.769956] (px4_msgs) StdoutLine: {'line': b'-- Up-to-date symlink: /home/carlos/ros2_ws/install/px4_msgs/include/px4_msgs/px4_msgs/msg/detail/sensor_accel_fifo__type_support.hpp\n'}
[1.770040] (px4_msgs) StdoutLine: {'line': b'-- Up-to-date symlink: /home/carlos/ros2_ws/install/px4_msgs/include/px4_msgs/px4_msgs/msg/detail/sensor_airflow__builder.hpp\n'}
[1.770125] (px4_msgs) StdoutLine: {'line': b'-- Up-to-date symlink: /home/carlos/ros2_ws/install/px4_msgs/include/px4_msgs/px4_msgs/msg/detail/sensor_airflow__struct.hpp\n'}
[1.770210] (px4_msgs) StdoutLine: {'line': b'-- Up-to-date symlink: /home/carlos/ros2_ws/install/px4_msgs/include/px4_msgs/px4_msgs/msg/detail/sensor_airflow__traits.hpp\n'}
[1.770296] (px4_msgs) StdoutLine: {'line': b'-- Up-to-date symlink: /home/carlos/ros2_ws/install/px4_msgs/include/px4_msgs/px4_msgs/msg/detail/sensor_airflow__type_support.hpp\n'}
[1.770381] (px4_msgs) StdoutLine: {'line': b'-- Up-to-date symlink: /home/carlos/ros2_ws/install/px4_msgs/include/px4_msgs/px4_msgs/msg/detail/sensor_baro__builder.hpp\n'}
[1.770472] (px4_msgs) StdoutLine: {'line': b'-- Up-to-date symlink: /home/carlos/ros2_ws/install/px4_msgs/include/px4_msgs/px4_msgs/msg/detail/sensor_baro__struct.hpp\n'}
[1.770557] (px4_msgs) StdoutLine: {'line': b'-- Up-to-date symlink: /home/carlos/ros2_ws/install/px4_msgs/include/px4_msgs/px4_msgs/msg/detail/sensor_baro__traits.hpp\n'}
[1.770642] (px4_msgs) StdoutLine: {'line': b'-- Up-to-date symlink: /home/carlos/ros2_ws/install/px4_msgs/include/px4_msgs/px4_msgs/msg/detail/sensor_baro__type_support.hpp\n'}
[1.770724] (px4_msgs) StdoutLine: {'line': b'-- Up-to-date symlink: /home/carlos/ros2_ws/install/px4_msgs/include/px4_msgs/px4_msgs/msg/detail/sensor_combined__builder.hpp\n'}
[1.770809] (px4_msgs) StdoutLine: {'line': b'-- Up-to-date symlink: /home/carlos/ros2_ws/install/px4_msgs/include/px4_msgs/px4_msgs/msg/detail/sensor_combined__struct.hpp\n'}
[1.770894] (px4_msgs) StdoutLine: {'line': b'-- Up-to-date symlink: /home/carlos/ros2_ws/install/px4_msgs/include/px4_msgs/px4_msgs/msg/detail/sensor_combined__traits.hpp\n'}
[1.770979] (px4_msgs) StdoutLine: {'line': b'-- Up-to-date symlink: /home/carlos/ros2_ws/install/px4_msgs/include/px4_msgs/px4_msgs/msg/detail/sensor_combined__type_support.hpp\n'}
[1.771064] (px4_msgs) StdoutLine: {'line': b'-- Up-to-date symlink: /home/carlos/ros2_ws/install/px4_msgs/include/px4_msgs/px4_msgs/msg/detail/sensor_correction__builder.hpp\n'}
[1.771150] (px4_msgs) StdoutLine: {'line': b'-- Up-to-date symlink: /home/carlos/ros2_ws/install/px4_msgs/include/px4_msgs/px4_msgs/msg/detail/sensor_correction__struct.hpp\n'}
[1.771235] (px4_msgs) StdoutLine: {'line': b'-- Up-to-date symlink: /home/carlos/ros2_ws/install/px4_msgs/include/px4_msgs/px4_msgs/msg/detail/sensor_correction__traits.hpp\n'}
[1.771319] (px4_msgs) StdoutLine: {'line': b'-- Up-to-date symlink: /home/carlos/ros2_ws/install/px4_msgs/include/px4_msgs/px4_msgs/msg/detail/sensor_correction__type_support.hpp\n'}
[1.771404] (px4_msgs) StdoutLine: {'line': b'-- Up-to-date symlink: /home/carlos/ros2_ws/install/px4_msgs/include/px4_msgs/px4_msgs/msg/detail/sensor_gnss_relative__builder.hpp\n'}
[1.771495] (px4_msgs) StdoutLine: {'line': b'-- Up-to-date symlink: /home/carlos/ros2_ws/install/px4_msgs/include/px4_msgs/px4_msgs/msg/detail/sensor_gnss_relative__struct.hpp\n'}
[1.771581] (px4_msgs) StdoutLine: {'line': b'-- Up-to-date symlink: /home/carlos/ros2_ws/install/px4_msgs/include/px4_msgs/px4_msgs/msg/detail/sensor_gnss_relative__traits.hpp\n'}
[1.771666] (px4_msgs) StdoutLine: {'line': b'-- Up-to-date symlink: /home/carlos/ros2_ws/install/px4_msgs/include/px4_msgs/px4_msgs/msg/detail/sensor_gnss_relative__type_support.hpp\n'}
[1.771750] (px4_msgs) StdoutLine: {'line': b'-- Up-to-date symlink: /home/carlos/ros2_ws/install/px4_msgs/include/px4_msgs/px4_msgs/msg/detail/sensor_gnss_status__builder.hpp\n'}
[1.771835] (px4_msgs) StdoutLine: {'line': b'-- Up-to-date symlink: /home/carlos/ros2_ws/install/px4_msgs/include/px4_msgs/px4_msgs/msg/detail/sensor_gnss_status__struct.hpp\n'}
[1.771925] (px4_msgs) StdoutLine: {'line': b'-- Up-to-date symlink: /home/carlos/ros2_ws/install/px4_msgs/include/px4_msgs/px4_msgs/msg/detail/sensor_gnss_status__traits.hpp\n'}
[1.772020] (px4_msgs) StdoutLine: {'line': b'-- Up-to-date symlink: /home/carlos/ros2_ws/install/px4_msgs/include/px4_msgs/px4_msgs/msg/detail/sensor_gnss_status__type_support.hpp\n'}
[1.772105] (px4_msgs) StdoutLine: {'line': b'-- Up-to-date symlink: /home/carlos/ros2_ws/install/px4_msgs/include/px4_msgs/px4_msgs/msg/detail/sensor_gps__builder.hpp\n'}
[1.772190] (px4_msgs) StdoutLine: {'line': b'-- Up-to-date symlink: /home/carlos/ros2_ws/install/px4_msgs/include/px4_msgs/px4_msgs/msg/detail/sensor_gps__struct.hpp\n'}
[1.772278] (px4_msgs) StdoutLine: {'line': b'-- Up-to-date symlink: /home/carlos/ros2_ws/install/px4_msgs/include/px4_msgs/px4_msgs/msg/detail/sensor_gps__traits.hpp\n'}
[1.772372] (px4_msgs) StdoutLine: {'line': b'-- Up-to-date symlink: /home/carlos/ros2_ws/install/px4_msgs/include/px4_msgs/px4_msgs/msg/detail/sensor_gps__type_support.hpp\n'}
[1.772466] (px4_msgs) StdoutLine: {'line': b'-- Up-to-date symlink: /home/carlos/ros2_ws/install/px4_msgs/include/px4_msgs/px4_msgs/msg/detail/sensor_gyro__builder.hpp\n'}
[1.772555] (px4_msgs) StdoutLine: {'line': b'-- Up-to-date symlink: /home/carlos/ros2_ws/install/px4_msgs/include/px4_msgs/px4_msgs/msg/detail/sensor_gyro__struct.hpp\n'}
[1.772640] (px4_msgs) StdoutLine: {'line': b'-- Up-to-date symlink: /home/carlos/ros2_ws/install/px4_msgs/include/px4_msgs/px4_msgs/msg/detail/sensor_gyro__traits.hpp\n'}
[1.772725] (px4_msgs) StdoutLine: {'line': b'-- Up-to-date symlink: /home/carlos/ros2_ws/install/px4_msgs/include/px4_msgs/px4_msgs/msg/detail/sensor_gyro__type_support.hpp\n'}
[1.772810] (px4_msgs) StdoutLine: {'line': b'-- Up-to-date symlink: /home/carlos/ros2_ws/install/px4_msgs/include/px4_msgs/px4_msgs/msg/detail/sensor_gyro_fft__builder.hpp\n'}
[1.772895] (px4_msgs) StdoutLine: {'line': b'-- Up-to-date symlink: /home/carlos/ros2_ws/install/px4_msgs/include/px4_msgs/px4_msgs/msg/detail/sensor_gyro_fft__struct.hpp\n'}
[1.772979] (px4_msgs) StdoutLine: {'line': b'-- Up-to-date symlink: /home/carlos/ros2_ws/install/px4_msgs/include/px4_msgs/px4_msgs/msg/detail/sensor_gyro_fft__traits.hpp\n'}
[1.773065] (px4_msgs) StdoutLine: {'line': b'-- Up-to-date symlink: /home/carlos/ros2_ws/install/px4_msgs/include/px4_msgs/px4_msgs/msg/detail/sensor_gyro_fft__type_support.hpp\n'}
[1.773146] (px4_msgs) StdoutLine: {'line': b'-- Up-to-date symlink: /home/carlos/ros2_ws/install/px4_msgs/include/px4_msgs/px4_msgs/msg/detail/sensor_gyro_fifo__builder.hpp\n'}
[1.773231] (px4_msgs) StdoutLine: {'line': b'-- Up-to-date symlink: /home/carlos/ros2_ws/install/px4_msgs/include/px4_msgs/px4_msgs/msg/detail/sensor_gyro_fifo__struct.hpp\n'}
[1.773315] (px4_msgs) StdoutLine: {'line': b'-- Up-to-date symlink: /home/carlos/ros2_ws/install/px4_msgs/include/px4_msgs/px4_msgs/msg/detail/sensor_gyro_fifo__traits.hpp\n'}
[1.773400] (px4_msgs) StdoutLine: {'line': b'-- Up-to-date symlink: /home/carlos/ros2_ws/install/px4_msgs/include/px4_msgs/px4_msgs/msg/detail/sensor_gyro_fifo__type_support.hpp\n'}
[1.773495] (px4_msgs) StdoutLine: {'line': b'-- Up-to-date symlink: /home/carlos/ros2_ws/install/px4_msgs/include/px4_msgs/px4_msgs/msg/detail/sensor_hygrometer__builder.hpp\n'}
[1.773580] (px4_msgs) StdoutLine: {'line': b'-- Up-to-date symlink: /home/carlos/ros2_ws/install/px4_msgs/include/px4_msgs/px4_msgs/msg/detail/sensor_hygrometer__struct.hpp\n'}
[1.773664] (px4_msgs) StdoutLine: {'line': b'-- Up-to-date symlink: /home/carlos/ros2_ws/install/px4_msgs/include/px4_msgs/px4_msgs/msg/detail/sensor_hygrometer__traits.hpp\n'}
[1.773749] (px4_msgs) StdoutLine: {'line': b'-- Up-to-date symlink: /home/carlos/ros2_ws/install/px4_msgs/include/px4_msgs/px4_msgs/msg/detail/sensor_hygrometer__type_support.hpp\n'}
[1.773835] (px4_msgs) StdoutLine: {'line': b'-- Up-to-date symlink: /home/carlos/ros2_ws/install/px4_msgs/include/px4_msgs/px4_msgs/msg/detail/sensor_mag__builder.hpp\n'}
[1.773920] (px4_msgs) StdoutLine: {'line': b'-- Up-to-date symlink: /home/carlos/ros2_ws/install/px4_msgs/include/px4_msgs/px4_msgs/msg/detail/sensor_mag__struct.hpp\n'}
[1.774004] (px4_msgs) StdoutLine: {'line': b'-- Up-to-date symlink: /home/carlos/ros2_ws/install/px4_msgs/include/px4_msgs/px4_msgs/msg/detail/sensor_mag__traits.hpp\n'}
[1.774089] (px4_msgs) StdoutLine: {'line': b'-- Up-to-date symlink: /home/carlos/ros2_ws/install/px4_msgs/include/px4_msgs/px4_msgs/msg/detail/sensor_mag__type_support.hpp\n'}
[1.774174] (px4_msgs) StdoutLine: {'line': b'-- Up-to-date symlink: /home/carlos/ros2_ws/install/px4_msgs/include/px4_msgs/px4_msgs/msg/detail/sensor_optical_flow__builder.hpp\n'}
[1.774258] (px4_msgs) StdoutLine: {'line': b'-- Up-to-date symlink: /home/carlos/ros2_ws/install/px4_msgs/include/px4_msgs/px4_msgs/msg/detail/sensor_optical_flow__struct.hpp\n'}
[1.774353] (px4_msgs) StdoutLine: {'line': b'-- Up-to-date symlink: /home/carlos/ros2_ws/install/px4_msgs/include/px4_msgs/px4_msgs/msg/detail/sensor_optical_flow__traits.hpp\n'}
[1.774451] (px4_msgs) StdoutLine: {'line': b'-- Up-to-date symlink: /home/carlos/ros2_ws/install/px4_msgs/include/px4_msgs/px4_msgs/msg/detail/sensor_optical_flow__type_support.hpp\n'}
[1.774548] (px4_msgs) StdoutLine: {'line': b'-- Up-to-date symlink: /home/carlos/ros2_ws/install/px4_msgs/include/px4_msgs/px4_msgs/msg/detail/sensor_preflight_mag__builder.hpp\n'}
[1.774634] (px4_msgs) StdoutLine: {'line': b'-- Up-to-date symlink: /home/carlos/ros2_ws/install/px4_msgs/include/px4_msgs/px4_msgs/msg/detail/sensor_preflight_mag__struct.hpp\n'}
[1.774719] (px4_msgs) StdoutLine: {'line': b'-- Up-to-date symlink: /home/carlos/ros2_ws/install/px4_msgs/include/px4_msgs/px4_msgs/msg/detail/sensor_preflight_mag__traits.hpp\n'}
[1.774809] (px4_msgs) StdoutLine: {'line': b'-- Up-to-date symlink: /home/carlos/ros2_ws/install/px4_msgs/include/px4_msgs/px4_msgs/msg/detail/sensor_preflight_mag__type_support.hpp\n'}
[1.774889] (px4_msgs) StdoutLine: {'line': b'-- Up-to-date symlink: /home/carlos/ros2_ws/install/px4_msgs/include/px4_msgs/px4_msgs/msg/detail/sensor_selection__builder.hpp\n'}
[1.774973] (px4_msgs) StdoutLine: {'line': b'-- Up-to-date symlink: /home/carlos/ros2_ws/install/px4_msgs/include/px4_msgs/px4_msgs/msg/detail/sensor_selection__struct.hpp\n'}
[1.775057] (px4_msgs) StdoutLine: {'line': b'-- Up-to-date symlink: /home/carlos/ros2_ws/install/px4_msgs/include/px4_msgs/px4_msgs/msg/detail/sensor_selection__traits.hpp\n'}
[1.775143] (px4_msgs) StdoutLine: {'line': b'-- Up-to-date symlink: /home/carlos/ros2_ws/install/px4_msgs/include/px4_msgs/px4_msgs/msg/detail/sensor_selection__type_support.hpp\n'}
[1.775227] (px4_msgs) StdoutLine: {'line': b'-- Up-to-date symlink: /home/carlos/ros2_ws/install/px4_msgs/include/px4_msgs/px4_msgs/msg/detail/sensor_uwb__builder.hpp\n'}
[1.775312] (px4_msgs) StdoutLine: {'line': b'-- Up-to-date symlink: /home/carlos/ros2_ws/install/px4_msgs/include/px4_msgs/px4_msgs/msg/detail/sensor_uwb__struct.hpp\n'}
[1.775397] (px4_msgs) StdoutLine: {'line': b'-- Up-to-date symlink: /home/carlos/ros2_ws/install/px4_msgs/include/px4_msgs/px4_msgs/msg/detail/sensor_uwb__traits.hpp\n'}
[1.775491] (px4_msgs) StdoutLine: {'line': b'-- Up-to-date symlink: /home/carlos/ros2_ws/install/px4_msgs/include/px4_msgs/px4_msgs/msg/detail/sensor_uwb__type_support.hpp\n'}
[1.775577] (px4_msgs) StdoutLine: {'line': b'-- Up-to-date symlink: /home/carlos/ros2_ws/install/px4_msgs/include/px4_msgs/px4_msgs/msg/detail/sensors_status__builder.hpp\n'}
[1.775662] (px4_msgs) StdoutLine: {'line': b'-- Up-to-date symlink: /home/carlos/ros2_ws/install/px4_msgs/include/px4_msgs/px4_msgs/msg/detail/sensors_status__struct.hpp\n'}
[1.775752] (px4_msgs) StdoutLine: {'line': b'-- Up-to-date symlink: /home/carlos/ros2_ws/install/px4_msgs/include/px4_msgs/px4_msgs/msg/detail/sensors_status__traits.hpp\n'}
[1.775850] (px4_msgs) StdoutLine: {'line': b'-- Up-to-date symlink: /home/carlos/ros2_ws/install/px4_msgs/include/px4_msgs/px4_msgs/msg/detail/sensors_status__type_support.hpp\n'}
[1.775927] (px4_msgs) StdoutLine: {'line': b'-- Up-to-date symlink: /home/carlos/ros2_ws/install/px4_msgs/include/px4_msgs/px4_msgs/msg/detail/sensors_status_imu__builder.hpp\n'}
[1.776011] (px4_msgs) StdoutLine: {'line': b'-- Up-to-date symlink: /home/carlos/ros2_ws/install/px4_msgs/include/px4_msgs/px4_msgs/msg/detail/sensors_status_imu__struct.hpp\n'}
[1.776096] (px4_msgs) StdoutLine: {'line': b'-- Up-to-date symlink: /home/carlos/ros2_ws/install/px4_msgs/include/px4_msgs/px4_msgs/msg/detail/sensors_status_imu__traits.hpp\n'}
[1.776181] (px4_msgs) StdoutLine: {'line': b'-- Up-to-date symlink: /home/carlos/ros2_ws/install/px4_msgs/include/px4_msgs/px4_msgs/msg/detail/sensors_status_imu__type_support.hpp\n'}
[1.776266] (px4_msgs) StdoutLine: {'line': b'-- Up-to-date symlink: /home/carlos/ros2_ws/install/px4_msgs/include/px4_msgs/px4_msgs/msg/detail/system_power__builder.hpp\n'}
[1.776350] (px4_msgs) StdoutLine: {'line': b'-- Up-to-date symlink: /home/carlos/ros2_ws/install/px4_msgs/include/px4_msgs/px4_msgs/msg/detail/system_power__struct.hpp\n'}
[1.776446] (px4_msgs) StdoutLine: {'line': b'-- Up-to-date symlink: /home/carlos/ros2_ws/install/px4_msgs/include/px4_msgs/px4_msgs/msg/detail/system_power__traits.hpp\n'}
[1.776532] (px4_msgs) StdoutLine: {'line': b'-- Up-to-date symlink: /home/carlos/ros2_ws/install/px4_msgs/include/px4_msgs/px4_msgs/msg/detail/system_power__type_support.hpp\n'}
[1.776619] (px4_msgs) StdoutLine: {'line': b'-- Up-to-date symlink: /home/carlos/ros2_ws/install/px4_msgs/include/px4_msgs/px4_msgs/msg/detail/takeoff_status__builder.hpp\n'}
[1.776703] (px4_msgs) StdoutLine: {'line': b'-- Up-to-date symlink: /home/carlos/ros2_ws/install/px4_msgs/include/px4_msgs/px4_msgs/msg/detail/takeoff_status__struct.hpp\n'}
[1.776788] (px4_msgs) StdoutLine: {'line': b'-- Up-to-date symlink: /home/carlos/ros2_ws/install/px4_msgs/include/px4_msgs/px4_msgs/msg/detail/takeoff_status__traits.hpp\n'}
[1.776873] (px4_msgs) StdoutLine: {'line': b'-- Up-to-date symlink: /home/carlos/ros2_ws/install/px4_msgs/include/px4_msgs/px4_msgs/msg/detail/takeoff_status__type_support.hpp\n'}
[1.776958] (px4_msgs) StdoutLine: {'line': b'-- Up-to-date symlink: /home/carlos/ros2_ws/install/px4_msgs/include/px4_msgs/px4_msgs/msg/detail/task_stack_info__builder.hpp\n'}
[1.777043] (px4_msgs) StdoutLine: {'line': b'-- Up-to-date symlink: /home/carlos/ros2_ws/install/px4_msgs/include/px4_msgs/px4_msgs/msg/detail/task_stack_info__struct.hpp\n'}
[1.777129] (px4_msgs) StdoutLine: {'line': b'-- Up-to-date symlink: /home/carlos/ros2_ws/install/px4_msgs/include/px4_msgs/px4_msgs/msg/detail/task_stack_info__traits.hpp\n'}
[1.777218] (px4_msgs) StdoutLine: {'line': b'-- Up-to-date symlink: /home/carlos/ros2_ws/install/px4_msgs/include/px4_msgs/px4_msgs/msg/detail/task_stack_info__type_support.hpp\n'}
[1.777303] (px4_msgs) StdoutLine: {'line': b'-- Up-to-date symlink: /home/carlos/ros2_ws/install/px4_msgs/include/px4_msgs/px4_msgs/msg/detail/tecs_status__builder.hpp\n'}
[1.777389] (px4_msgs) StdoutLine: {'line': b'-- Up-to-date symlink: /home/carlos/ros2_ws/install/px4_msgs/include/px4_msgs/px4_msgs/msg/detail/tecs_status__struct.hpp\n'}
[1.777482] (px4_msgs) StdoutLine: {'line': b'-- Up-to-date symlink: /home/carlos/ros2_ws/install/px4_msgs/include/px4_msgs/px4_msgs/msg/detail/tecs_status__traits.hpp\n'}
[1.777567] (px4_msgs) StdoutLine: {'line': b'-- Up-to-date symlink: /home/carlos/ros2_ws/install/px4_msgs/include/px4_msgs/px4_msgs/msg/detail/tecs_status__type_support.hpp\n'}
[1.777652] (px4_msgs) StdoutLine: {'line': b'-- Up-to-date symlink: /home/carlos/ros2_ws/install/px4_msgs/include/px4_msgs/px4_msgs/msg/detail/telemetry_status__builder.hpp\n'}
[1.777736] (px4_msgs) StdoutLine: {'line': b'-- Up-to-date symlink: /home/carlos/ros2_ws/install/px4_msgs/include/px4_msgs/px4_msgs/msg/detail/telemetry_status__struct.hpp\n'}
[1.777824] (px4_msgs) StdoutLine: {'line': b'-- Up-to-date symlink: /home/carlos/ros2_ws/install/px4_msgs/include/px4_msgs/px4_msgs/msg/detail/telemetry_status__traits.hpp\n'}
[1.777913] (px4_msgs) StdoutLine: {'line': b'-- Up-to-date symlink: /home/carlos/ros2_ws/install/px4_msgs/include/px4_msgs/px4_msgs/msg/detail/telemetry_status__type_support.hpp\n'}
[1.777998] (px4_msgs) StdoutLine: {'line': b'-- Up-to-date symlink: /home/carlos/ros2_ws/install/px4_msgs/include/px4_msgs/px4_msgs/msg/detail/tiltrotor_extra_controls__builder.hpp\n'}
[1.778082] (px4_msgs) StdoutLine: {'line': b'-- Up-to-date symlink: /home/carlos/ros2_ws/install/px4_msgs/include/px4_msgs/px4_msgs/msg/detail/tiltrotor_extra_controls__struct.hpp\n'}
[1.778167] (px4_msgs) StdoutLine: {'line': b'-- Up-to-date symlink: /home/carlos/ros2_ws/install/px4_msgs/include/px4_msgs/px4_msgs/msg/detail/tiltrotor_extra_controls__traits.hpp\n'}
[1.778252] (px4_msgs) StdoutLine: {'line': b'-- Up-to-date symlink: /home/carlos/ros2_ws/install/px4_msgs/include/px4_msgs/px4_msgs/msg/detail/tiltrotor_extra_controls__type_support.hpp\n'}
[1.778338] (px4_msgs) StdoutLine: {'line': b'-- Up-to-date symlink: /home/carlos/ros2_ws/install/px4_msgs/include/px4_msgs/px4_msgs/msg/detail/timesync_status__builder.hpp\n'}
[1.778423] (px4_msgs) StdoutLine: {'line': b'-- Up-to-date symlink: /home/carlos/ros2_ws/install/px4_msgs/include/px4_msgs/px4_msgs/msg/detail/timesync_status__struct.hpp\n'}
[1.778514] (px4_msgs) StdoutLine: {'line': b'-- Up-to-date symlink: /home/carlos/ros2_ws/install/px4_msgs/include/px4_msgs/px4_msgs/msg/detail/timesync_status__traits.hpp\n'}
[1.778599] (px4_msgs) StdoutLine: {'line': b'-- Up-to-date symlink: /home/carlos/ros2_ws/install/px4_msgs/include/px4_msgs/px4_msgs/msg/detail/timesync_status__type_support.hpp\n'}
[1.778689] (px4_msgs) StdoutLine: {'line': b'-- Up-to-date symlink: /home/carlos/ros2_ws/install/px4_msgs/include/px4_msgs/px4_msgs/msg/detail/trajectory_setpoint6dof__builder.hpp\n'}
[1.778774] (px4_msgs) StdoutLine: {'line': b'-- Up-to-date symlink: /home/carlos/ros2_ws/install/px4_msgs/include/px4_msgs/px4_msgs/msg/detail/trajectory_setpoint6dof__struct.hpp\n'}
[1.778858] (px4_msgs) StdoutLine: {'line': b'-- Up-to-date symlink: /home/carlos/ros2_ws/install/px4_msgs/include/px4_msgs/px4_msgs/msg/detail/trajectory_setpoint6dof__traits.hpp\n'}
[1.778944] (px4_msgs) StdoutLine: {'line': b'-- Up-to-date symlink: /home/carlos/ros2_ws/install/px4_msgs/include/px4_msgs/px4_msgs/msg/detail/trajectory_setpoint6dof__type_support.hpp\n'}
[1.779028] (px4_msgs) StdoutLine: {'line': b'-- Up-to-date symlink: /home/carlos/ros2_ws/install/px4_msgs/include/px4_msgs/px4_msgs/msg/detail/trajectory_setpoint__builder.hpp\n'}
[1.779113] (px4_msgs) StdoutLine: {'line': b'-- Up-to-date symlink: /home/carlos/ros2_ws/install/px4_msgs/include/px4_msgs/px4_msgs/msg/detail/trajectory_setpoint__struct.hpp\n'}
[1.779199] (px4_msgs) StdoutLine: {'line': b'-- Up-to-date symlink: /home/carlos/ros2_ws/install/px4_msgs/include/px4_msgs/px4_msgs/msg/detail/trajectory_setpoint__traits.hpp\n'}
[1.779284] (px4_msgs) StdoutLine: {'line': b'-- Up-to-date symlink: /home/carlos/ros2_ws/install/px4_msgs/include/px4_msgs/px4_msgs/msg/detail/trajectory_setpoint__type_support.hpp\n'}
[1.779368] (px4_msgs) StdoutLine: {'line': b'-- Up-to-date symlink: /home/carlos/ros2_ws/install/px4_msgs/include/px4_msgs/px4_msgs/msg/detail/transponder_report__builder.hpp\n'}
[1.779460] (px4_msgs) StdoutLine: {'line': b'-- Up-to-date symlink: /home/carlos/ros2_ws/install/px4_msgs/include/px4_msgs/px4_msgs/msg/detail/transponder_report__struct.hpp\n'}
[1.779546] (px4_msgs) StdoutLine: {'line': b'-- Up-to-date symlink: /home/carlos/ros2_ws/install/px4_msgs/include/px4_msgs/px4_msgs/msg/detail/transponder_report__traits.hpp\n'}
[1.779631] (px4_msgs) StdoutLine: {'line': b'-- Up-to-date symlink: /home/carlos/ros2_ws/install/px4_msgs/include/px4_msgs/px4_msgs/msg/detail/transponder_report__type_support.hpp\n'}
[1.779716] (px4_msgs) StdoutLine: {'line': b'-- Up-to-date symlink: /home/carlos/ros2_ws/install/px4_msgs/include/px4_msgs/px4_msgs/msg/detail/tune_control__builder.hpp\n'}
[1.779801] (px4_msgs) StdoutLine: {'line': b'-- Up-to-date symlink: /home/carlos/ros2_ws/install/px4_msgs/include/px4_msgs/px4_msgs/msg/detail/tune_control__struct.hpp\n'}
[1.779885] (px4_msgs) StdoutLine: {'line': b'-- Up-to-date symlink: /home/carlos/ros2_ws/install/px4_msgs/include/px4_msgs/px4_msgs/msg/detail/tune_control__traits.hpp\n'}
[1.779970] (px4_msgs) StdoutLine: {'line': b'-- Up-to-date symlink: /home/carlos/ros2_ws/install/px4_msgs/include/px4_msgs/px4_msgs/msg/detail/tune_control__type_support.hpp\n'}
[1.780055] (px4_msgs) StdoutLine: {'line': b'-- Up-to-date symlink: /home/carlos/ros2_ws/install/px4_msgs/include/px4_msgs/px4_msgs/msg/detail/uavcan_parameter_request__builder.hpp\n'}
[1.780140] (px4_msgs) StdoutLine: {'line': b'-- Up-to-date symlink: /home/carlos/ros2_ws/install/px4_msgs/include/px4_msgs/px4_msgs/msg/detail/uavcan_parameter_request__struct.hpp\n'}
[1.780225] (px4_msgs) StdoutLine: {'line': b'-- Up-to-date symlink: /home/carlos/ros2_ws/install/px4_msgs/include/px4_msgs/px4_msgs/msg/detail/uavcan_parameter_request__traits.hpp\n'}
[1.780316] (px4_msgs) StdoutLine: {'line': b'-- Up-to-date symlink: /home/carlos/ros2_ws/install/px4_msgs/include/px4_msgs/px4_msgs/msg/detail/uavcan_parameter_request__type_support.hpp\n'}
[1.780400] (px4_msgs) StdoutLine: {'line': b'-- Up-to-date symlink: /home/carlos/ros2_ws/install/px4_msgs/include/px4_msgs/px4_msgs/msg/detail/uavcan_parameter_value__builder.hpp\n'}
[1.780490] (px4_msgs) StdoutLine: {'line': b'-- Up-to-date symlink: /home/carlos/ros2_ws/install/px4_msgs/include/px4_msgs/px4_msgs/msg/detail/uavcan_parameter_value__struct.hpp\n'}
[1.780575] (px4_msgs) StdoutLine: {'line': b'-- Up-to-date symlink: /home/carlos/ros2_ws/install/px4_msgs/include/px4_msgs/px4_msgs/msg/detail/uavcan_parameter_value__traits.hpp\n'}
[1.780661] (px4_msgs) StdoutLine: {'line': b'-- Up-to-date symlink: /home/carlos/ros2_ws/install/px4_msgs/include/px4_msgs/px4_msgs/msg/detail/uavcan_parameter_value__type_support.hpp\n'}
[1.780746] (px4_msgs) StdoutLine: {'line': b'-- Up-to-date symlink: /home/carlos/ros2_ws/install/px4_msgs/include/px4_msgs/px4_msgs/msg/detail/ulog_stream__builder.hpp\n'}
[1.780831] (px4_msgs) StdoutLine: {'line': b'-- Up-to-date symlink: /home/carlos/ros2_ws/install/px4_msgs/include/px4_msgs/px4_msgs/msg/detail/ulog_stream__struct.hpp\n'}
[1.780916] (px4_msgs) StdoutLine: {'line': b'-- Up-to-date symlink: /home/carlos/ros2_ws/install/px4_msgs/include/px4_msgs/px4_msgs/msg/detail/ulog_stream__traits.hpp\n'}
[1.781001] (px4_msgs) StdoutLine: {'line': b'-- Up-to-date symlink: /home/carlos/ros2_ws/install/px4_msgs/include/px4_msgs/px4_msgs/msg/detail/ulog_stream__type_support.hpp\n'}
[1.781086] (px4_msgs) StdoutLine: {'line': b'-- Up-to-date symlink: /home/carlos/ros2_ws/install/px4_msgs/include/px4_msgs/px4_msgs/msg/detail/ulog_stream_ack__builder.hpp\n'}
[1.781170] (px4_msgs) StdoutLine: {'line': b'-- Up-to-date symlink: /home/carlos/ros2_ws/install/px4_msgs/include/px4_msgs/px4_msgs/msg/detail/ulog_stream_ack__struct.hpp\n'}
[1.781255] (px4_msgs) StdoutLine: {'line': b'-- Up-to-date symlink: /home/carlos/ros2_ws/install/px4_msgs/include/px4_msgs/px4_msgs/msg/detail/ulog_stream_ack__traits.hpp\n'}
[1.781341] (px4_msgs) StdoutLine: {'line': b'-- Up-to-date symlink: /home/carlos/ros2_ws/install/px4_msgs/include/px4_msgs/px4_msgs/msg/detail/ulog_stream_ack__type_support.hpp\n'}
[1.781427] (px4_msgs) StdoutLine: {'line': b'-- Up-to-date symlink: /home/carlos/ros2_ws/install/px4_msgs/include/px4_msgs/px4_msgs/msg/detail/unregister_ext_component__builder.hpp\n'}
[1.781518] (px4_msgs) StdoutLine: {'line': b'-- Up-to-date symlink: /home/carlos/ros2_ws/install/px4_msgs/include/px4_msgs/px4_msgs/msg/detail/unregister_ext_component__struct.hpp\n'}
[1.781597] (px4_msgs) StdoutLine: {'line': b'-- Up-to-date symlink: /home/carlos/ros2_ws/install/px4_msgs/include/px4_msgs/px4_msgs/msg/detail/unregister_ext_component__traits.hpp\n'}
[1.781683] (px4_msgs) StdoutLine: {'line': b'-- Up-to-date symlink: /home/carlos/ros2_ws/install/px4_msgs/include/px4_msgs/px4_msgs/msg/detail/unregister_ext_component__type_support.hpp\n'}
[1.781768] (px4_msgs) StdoutLine: {'line': b'-- Up-to-date symlink: /home/carlos/ros2_ws/install/px4_msgs/include/px4_msgs/px4_msgs/msg/detail/vehicle_acceleration__builder.hpp\n'}
[1.781852] (px4_msgs) StdoutLine: {'line': b'-- Up-to-date symlink: /home/carlos/ros2_ws/install/px4_msgs/include/px4_msgs/px4_msgs/msg/detail/vehicle_acceleration__struct.hpp\n'}
[1.781937] (px4_msgs) StdoutLine: {'line': b'-- Up-to-date symlink: /home/carlos/ros2_ws/install/px4_msgs/include/px4_msgs/px4_msgs/msg/detail/vehicle_acceleration__traits.hpp\n'}
[1.782022] (px4_msgs) StdoutLine: {'line': b'-- Up-to-date symlink: /home/carlos/ros2_ws/install/px4_msgs/include/px4_msgs/px4_msgs/msg/detail/vehicle_acceleration__type_support.hpp\n'}
[1.782108] (px4_msgs) StdoutLine: {'line': b'-- Up-to-date symlink: /home/carlos/ros2_ws/install/px4_msgs/include/px4_msgs/px4_msgs/msg/detail/vehicle_air_data__builder.hpp\n'}
[1.782193] (px4_msgs) StdoutLine: {'line': b'-- Up-to-date symlink: /home/carlos/ros2_ws/install/px4_msgs/include/px4_msgs/px4_msgs/msg/detail/vehicle_air_data__struct.hpp\n'}
[1.782278] (px4_msgs) StdoutLine: {'line': b'-- Up-to-date symlink: /home/carlos/ros2_ws/install/px4_msgs/include/px4_msgs/px4_msgs/msg/detail/vehicle_air_data__traits.hpp\n'}
[1.782368] (px4_msgs) StdoutLine: {'line': b'-- Up-to-date symlink: /home/carlos/ros2_ws/install/px4_msgs/include/px4_msgs/px4_msgs/msg/detail/vehicle_air_data__type_support.hpp\n'}
[1.782464] (px4_msgs) StdoutLine: {'line': b'-- Up-to-date symlink: /home/carlos/ros2_ws/install/px4_msgs/include/px4_msgs/px4_msgs/msg/detail/vehicle_angular_acceleration_setpoint__builder.hpp\n'}
[1.782552] (px4_msgs) StdoutLine: {'line': b'-- Up-to-date symlink: /home/carlos/ros2_ws/install/px4_msgs/include/px4_msgs/px4_msgs/msg/detail/vehicle_angular_acceleration_setpoint__struct.hpp\n'}
[1.782639] (px4_msgs) StdoutLine: {'line': b'-- Up-to-date symlink: /home/carlos/ros2_ws/install/px4_msgs/include/px4_msgs/px4_msgs/msg/detail/vehicle_angular_acceleration_setpoint__traits.hpp\n'}
[1.782726] (px4_msgs) StdoutLine: {'line': b'-- Up-to-date symlink: /home/carlos/ros2_ws/install/px4_msgs/include/px4_msgs/px4_msgs/msg/detail/vehicle_angular_acceleration_setpoint__type_support.hpp\n'}
[1.782814] (px4_msgs) StdoutLine: {'line': b'-- Up-to-date symlink: /home/carlos/ros2_ws/install/px4_msgs/include/px4_msgs/px4_msgs/msg/detail/vehicle_angular_velocity__builder.hpp\n'}
[1.782900] (px4_msgs) StdoutLine: {'line': b'-- Up-to-date symlink: /home/carlos/ros2_ws/install/px4_msgs/include/px4_msgs/px4_msgs/msg/detail/vehicle_angular_velocity__struct.hpp\n'}
[1.782986] (px4_msgs) StdoutLine: {'line': b'-- Up-to-date symlink: /home/carlos/ros2_ws/install/px4_msgs/include/px4_msgs/px4_msgs/msg/detail/vehicle_angular_velocity__traits.hpp\n'}
[1.783082] (px4_msgs) StdoutLine: {'line': b'-- Up-to-date symlink: /home/carlos/ros2_ws/install/px4_msgs/include/px4_msgs/px4_msgs/msg/detail/vehicle_angular_velocity__type_support.hpp\n'}
[1.783167] (px4_msgs) StdoutLine: {'line': b'-- Up-to-date symlink: /home/carlos/ros2_ws/install/px4_msgs/include/px4_msgs/px4_msgs/msg/detail/vehicle_attitude__builder.hpp\n'}
[1.783257] (px4_msgs) StdoutLine: {'line': b'-- Up-to-date symlink: /home/carlos/ros2_ws/install/px4_msgs/include/px4_msgs/px4_msgs/msg/detail/vehicle_attitude__struct.hpp\n'}
[1.783343] (px4_msgs) StdoutLine: {'line': b'-- Up-to-date symlink: /home/carlos/ros2_ws/install/px4_msgs/include/px4_msgs/px4_msgs/msg/detail/vehicle_attitude__traits.hpp\n'}
[1.783430] (px4_msgs) StdoutLine: {'line': b'-- Up-to-date symlink: /home/carlos/ros2_ws/install/px4_msgs/include/px4_msgs/px4_msgs/msg/detail/vehicle_attitude__type_support.hpp\n'}
[1.783564] (px4_msgs) StdoutLine: {'line': b'-- Up-to-date symlink: /home/carlos/ros2_ws/install/px4_msgs/include/px4_msgs/px4_msgs/msg/detail/vehicle_attitude_setpoint__builder.hpp\n'}
[1.783666] (px4_msgs) StdoutLine: {'line': b'-- Up-to-date symlink: /home/carlos/ros2_ws/install/px4_msgs/include/px4_msgs/px4_msgs/msg/detail/vehicle_attitude_setpoint__struct.hpp\n'}
[1.783765] (px4_msgs) StdoutLine: {'line': b'-- Up-to-date symlink: /home/carlos/ros2_ws/install/px4_msgs/include/px4_msgs/px4_msgs/msg/detail/vehicle_attitude_setpoint__traits.hpp\n'}
[1.783863] (px4_msgs) StdoutLine: {'line': b'-- Up-to-date symlink: /home/carlos/ros2_ws/install/px4_msgs/include/px4_msgs/px4_msgs/msg/detail/vehicle_attitude_setpoint__type_support.hpp\n'}
[1.784026] (px4_msgs) StdoutLine: {'line': b'-- Up-to-date symlink: /home/carlos/ros2_ws/install/px4_msgs/include/px4_msgs/px4_msgs/msg/detail/vehicle_command__builder.hpp\n'}
[1.784179] (px4_msgs) StdoutLine: {'line': b'-- Up-to-date symlink: /home/carlos/ros2_ws/install/px4_msgs/include/px4_msgs/px4_msgs/msg/detail/vehicle_command__struct.hpp\n'}
[1.784356] (px4_msgs) StdoutLine: {'line': b'-- Up-to-date symlink: /home/carlos/ros2_ws/install/px4_msgs/include/px4_msgs/px4_msgs/msg/detail/vehicle_command__traits.hpp\n'}
[1.784512] (px4_msgs) StdoutLine: {'line': b'-- Up-to-date symlink: /home/carlos/ros2_ws/install/px4_msgs/include/px4_msgs/px4_msgs/msg/detail/vehicle_command__type_support.hpp\n'}
[1.784645] (px4_msgs) StdoutLine: {'line': b'-- Up-to-date symlink: /home/carlos/ros2_ws/install/px4_msgs/include/px4_msgs/px4_msgs/msg/detail/vehicle_command_ack__builder.hpp\n'}
[1.784773] (px4_msgs) StdoutLine: {'line': b'-- Up-to-date symlink: /home/carlos/ros2_ws/install/px4_msgs/include/px4_msgs/px4_msgs/msg/detail/vehicle_command_ack__struct.hpp\n'}
[1.784971] (px4_msgs) StdoutLine: {'line': b'-- Up-to-date symlink: /home/carlos/ros2_ws/install/px4_msgs/include/px4_msgs/px4_msgs/msg/detail/vehicle_command_ack__traits.hpp\n'}
[1.785091] (px4_msgs) StdoutLine: {'line': b'-- Up-to-date symlink: /home/carlos/ros2_ws/install/px4_msgs/include/px4_msgs/px4_msgs/msg/detail/vehicle_command_ack__type_support.hpp\n'}
[1.785158] (px4_msgs) StdoutLine: {'line': b'-- Up-to-date symlink: /home/carlos/ros2_ws/install/px4_msgs/include/px4_msgs/px4_msgs/msg/detail/vehicle_constraints__builder.hpp\n'}
[1.785224] (px4_msgs) StdoutLine: {'line': b'-- Up-to-date symlink: /home/carlos/ros2_ws/install/px4_msgs/include/px4_msgs/px4_msgs/msg/detail/vehicle_constraints__struct.hpp\n'}
[1.785306] (px4_msgs) StdoutLine: {'line': b'-- Up-to-date symlink: /home/carlos/ros2_ws/install/px4_msgs/include/px4_msgs/px4_msgs/msg/detail/vehicle_constraints__traits.hpp\n'}
[1.785385] (px4_msgs) StdoutLine: {'line': b'-- Up-to-date symlink: /home/carlos/ros2_ws/install/px4_msgs/include/px4_msgs/px4_msgs/msg/detail/vehicle_constraints__type_support.hpp\n'}
[1.785473] (px4_msgs) StdoutLine: {'line': b'-- Up-to-date symlink: /home/carlos/ros2_ws/install/px4_msgs/include/px4_msgs/px4_msgs/msg/detail/vehicle_control_mode__builder.hpp\n'}
[1.785550] (px4_msgs) StdoutLine: {'line': b'-- Up-to-date symlink: /home/carlos/ros2_ws/install/px4_msgs/include/px4_msgs/px4_msgs/msg/detail/vehicle_control_mode__struct.hpp\n'}
[1.785618] (px4_msgs) StdoutLine: {'line': b'-- Up-to-date symlink: /home/carlos/ros2_ws/install/px4_msgs/include/px4_msgs/px4_msgs/msg/detail/vehicle_control_mode__traits.hpp\n'}
[1.785695] (px4_msgs) StdoutLine: {'line': b'-- Up-to-date symlink: /home/carlos/ros2_ws/install/px4_msgs/include/px4_msgs/px4_msgs/msg/detail/vehicle_control_mode__type_support.hpp\n'}
[1.785761] (px4_msgs) StdoutLine: {'line': b'-- Up-to-date symlink: /home/carlos/ros2_ws/install/px4_msgs/include/px4_msgs/px4_msgs/msg/detail/vehicle_global_position__builder.hpp\n'}
[1.785826] (px4_msgs) StdoutLine: {'line': b'-- Up-to-date symlink: /home/carlos/ros2_ws/install/px4_msgs/include/px4_msgs/px4_msgs/msg/detail/vehicle_global_position__struct.hpp\n'}
[1.785890] (px4_msgs) StdoutLine: {'line': b'-- Up-to-date symlink: /home/carlos/ros2_ws/install/px4_msgs/include/px4_msgs/px4_msgs/msg/detail/vehicle_global_position__traits.hpp\n'}
[1.785987] (px4_msgs) StdoutLine: {'line': b'-- Up-to-date symlink: /home/carlos/ros2_ws/install/px4_msgs/include/px4_msgs/px4_msgs/msg/detail/vehicle_global_position__type_support.hpp\n'}
[1.786044] (px4_msgs) StdoutLine: {'line': b'-- Up-to-date symlink: /home/carlos/ros2_ws/install/px4_msgs/include/px4_msgs/px4_msgs/msg/detail/vehicle_imu__builder.hpp\n'}
[1.786113] (px4_msgs) StdoutLine: {'line': b'-- Up-to-date symlink: /home/carlos/ros2_ws/install/px4_msgs/include/px4_msgs/px4_msgs/msg/detail/vehicle_imu__struct.hpp\n'}
[1.786182] (px4_msgs) StdoutLine: {'line': b'-- Up-to-date symlink: /home/carlos/ros2_ws/install/px4_msgs/include/px4_msgs/px4_msgs/msg/detail/vehicle_imu__traits.hpp\n'}
[1.786247] (px4_msgs) StdoutLine: {'line': b'-- Up-to-date symlink: /home/carlos/ros2_ws/install/px4_msgs/include/px4_msgs/px4_msgs/msg/detail/vehicle_imu__type_support.hpp\n'}
[1.786313] (px4_msgs) StdoutLine: {'line': b'-- Up-to-date symlink: /home/carlos/ros2_ws/install/px4_msgs/include/px4_msgs/px4_msgs/msg/detail/vehicle_imu_status__builder.hpp\n'}
[1.786407] (px4_msgs) StdoutLine: {'line': b'-- Up-to-date symlink: /home/carlos/ros2_ws/install/px4_msgs/include/px4_msgs/px4_msgs/msg/detail/vehicle_imu_status__struct.hpp\n'}
[1.786470] (px4_msgs) StdoutLine: {'line': b'-- Up-to-date symlink: /home/carlos/ros2_ws/install/px4_msgs/include/px4_msgs/px4_msgs/msg/detail/vehicle_imu_status__traits.hpp\n'}
[1.786535] (px4_msgs) StdoutLine: {'line': b'-- Up-to-date symlink: /home/carlos/ros2_ws/install/px4_msgs/include/px4_msgs/px4_msgs/msg/detail/vehicle_imu_status__type_support.hpp\n'}
[1.786596] (px4_msgs) StdoutLine: {'line': b'-- Up-to-date symlink: /home/carlos/ros2_ws/install/px4_msgs/include/px4_msgs/px4_msgs/msg/detail/vehicle_land_detected__builder.hpp\n'}
[1.786661] (px4_msgs) StdoutLine: {'line': b'-- Up-to-date symlink: /home/carlos/ros2_ws/install/px4_msgs/include/px4_msgs/px4_msgs/msg/detail/vehicle_land_detected__struct.hpp\n'}
[1.786727] (px4_msgs) StdoutLine: {'line': b'-- Up-to-date symlink: /home/carlos/ros2_ws/install/px4_msgs/include/px4_msgs/px4_msgs/msg/detail/vehicle_land_detected__traits.hpp\n'}
[1.786827] (px4_msgs) StdoutLine: {'line': b'-- Up-to-date symlink: /home/carlos/ros2_ws/install/px4_msgs/include/px4_msgs/px4_msgs/msg/detail/vehicle_land_detected__type_support.hpp\n'}
[1.786881] (px4_msgs) StdoutLine: {'line': b'-- Up-to-date symlink: /home/carlos/ros2_ws/install/px4_msgs/include/px4_msgs/px4_msgs/msg/detail/vehicle_local_position__builder.hpp\n'}
[1.786951] (px4_msgs) StdoutLine: {'line': b'-- Up-to-date symlink: /home/carlos/ros2_ws/install/px4_msgs/include/px4_msgs/px4_msgs/msg/detail/vehicle_local_position__struct.hpp\n'}
[1.787016] (px4_msgs) StdoutLine: {'line': b'-- Up-to-date symlink: /home/carlos/ros2_ws/install/px4_msgs/include/px4_msgs/px4_msgs/msg/detail/vehicle_local_position__traits.hpp\n'}
[1.787109] (px4_msgs) StdoutLine: {'line': b'-- Up-to-date symlink: /home/carlos/ros2_ws/install/px4_msgs/include/px4_msgs/px4_msgs/msg/detail/vehicle_local_position__type_support.hpp\n'}
[1.787172] (px4_msgs) StdoutLine: {'line': b'-- Up-to-date symlink: /home/carlos/ros2_ws/install/px4_msgs/include/px4_msgs/px4_msgs/msg/detail/vehicle_local_position_setpoint__builder.hpp\n'}
[1.787238] (px4_msgs) StdoutLine: {'line': b'-- Up-to-date symlink: /home/carlos/ros2_ws/install/px4_msgs/include/px4_msgs/px4_msgs/msg/detail/vehicle_local_position_setpoint__struct.hpp\n'}
[1.787329] (px4_msgs) StdoutLine: {'line': b'-- Up-to-date symlink: /home/carlos/ros2_ws/install/px4_msgs/include/px4_msgs/px4_msgs/msg/detail/vehicle_local_position_setpoint__traits.hpp\n'}
[1.787382] (px4_msgs) StdoutLine: {'line': b'-- Up-to-date symlink: /home/carlos/ros2_ws/install/px4_msgs/include/px4_msgs/px4_msgs/msg/detail/vehicle_local_position_setpoint__type_support.hpp\n'}
[1.787447] (px4_msgs) StdoutLine: {'line': b'-- Up-to-date symlink: /home/carlos/ros2_ws/install/px4_msgs/include/px4_msgs/px4_msgs/msg/detail/vehicle_magnetometer__builder.hpp\n'}
[1.787545] (px4_msgs) StdoutLine: {'line': b'-- Up-to-date symlink: /home/carlos/ros2_ws/install/px4_msgs/include/px4_msgs/px4_msgs/msg/detail/vehicle_magnetometer__struct.hpp\n'}
[1.787604] (px4_msgs) StdoutLine: {'line': b'-- Up-to-date symlink: /home/carlos/ros2_ws/install/px4_msgs/include/px4_msgs/px4_msgs/msg/detail/vehicle_magnetometer__traits.hpp\n'}
[1.787696] (px4_msgs) StdoutLine: {'line': b'-- Up-to-date symlink: /home/carlos/ros2_ws/install/px4_msgs/include/px4_msgs/px4_msgs/msg/detail/vehicle_magnetometer__type_support.hpp\n'}
[1.787751] (px4_msgs) StdoutLine: {'line': b'-- Up-to-date symlink: /home/carlos/ros2_ws/install/px4_msgs/include/px4_msgs/px4_msgs/msg/detail/vehicle_odometry__builder.hpp\n'}
[1.787845] (px4_msgs) StdoutLine: {'line': b'-- Up-to-date symlink: /home/carlos/ros2_ws/install/px4_msgs/include/px4_msgs/px4_msgs/msg/detail/vehicle_odometry__struct.hpp\n'}
[1.787898] (px4_msgs) StdoutLine: {'line': b'-- Up-to-date symlink: /home/carlos/ros2_ws/install/px4_msgs/include/px4_msgs/px4_msgs/msg/detail/vehicle_odometry__traits.hpp\n'}
[1.787975] (px4_msgs) StdoutLine: {'line': b'-- Up-to-date symlink: /home/carlos/ros2_ws/install/px4_msgs/include/px4_msgs/px4_msgs/msg/detail/vehicle_odometry__type_support.hpp\n'}
[1.788058] (px4_msgs) StdoutLine: {'line': b'-- Up-to-date symlink: /home/carlos/ros2_ws/install/px4_msgs/include/px4_msgs/px4_msgs/msg/detail/vehicle_optical_flow__builder.hpp\n'}
[1.788141] (px4_msgs) StdoutLine: {'line': b'-- Up-to-date symlink: /home/carlos/ros2_ws/install/px4_msgs/include/px4_msgs/px4_msgs/msg/detail/vehicle_optical_flow__struct.hpp\n'}
[1.788225] (px4_msgs) StdoutLine: {'line': b'-- Up-to-date symlink: /home/carlos/ros2_ws/install/px4_msgs/include/px4_msgs/px4_msgs/msg/detail/vehicle_optical_flow__traits.hpp\n'}
[1.788294] (px4_msgs) StdoutLine: {'line': b'-- Up-to-date symlink: /home/carlos/ros2_ws/install/px4_msgs/include/px4_msgs/px4_msgs/msg/detail/vehicle_optical_flow__type_support.hpp\n'}
[1.788358] (px4_msgs) StdoutLine: {'line': b'-- Up-to-date symlink: /home/carlos/ros2_ws/install/px4_msgs/include/px4_msgs/px4_msgs/msg/detail/vehicle_optical_flow_vel__builder.hpp\n'}
[1.788446] (px4_msgs) StdoutLine: {'line': b'-- Up-to-date symlink: /home/carlos/ros2_ws/install/px4_msgs/include/px4_msgs/px4_msgs/msg/detail/vehicle_optical_flow_vel__struct.hpp\n'}
[1.788533] (px4_msgs) StdoutLine: {'line': b'-- Up-to-date symlink: /home/carlos/ros2_ws/install/px4_msgs/include/px4_msgs/px4_msgs/msg/detail/vehicle_optical_flow_vel__traits.hpp\n'}
[1.788618] (px4_msgs) StdoutLine: {'line': b'-- Up-to-date symlink: /home/carlos/ros2_ws/install/px4_msgs/include/px4_msgs/px4_msgs/msg/detail/vehicle_optical_flow_vel__type_support.hpp\n'}
[1.788702] (px4_msgs) StdoutLine: {'line': b'-- Up-to-date symlink: /home/carlos/ros2_ws/install/px4_msgs/include/px4_msgs/px4_msgs/msg/detail/vehicle_rates_setpoint__builder.hpp\n'}
[1.788791] (px4_msgs) StdoutLine: {'line': b'-- Up-to-date symlink: /home/carlos/ros2_ws/install/px4_msgs/include/px4_msgs/px4_msgs/msg/detail/vehicle_rates_setpoint__struct.hpp\n'}
[1.788877] (px4_msgs) StdoutLine: {'line': b'-- Up-to-date symlink: /home/carlos/ros2_ws/install/px4_msgs/include/px4_msgs/px4_msgs/msg/detail/vehicle_rates_setpoint__traits.hpp\n'}
[1.788964] (px4_msgs) StdoutLine: {'line': b'-- Up-to-date symlink: /home/carlos/ros2_ws/install/px4_msgs/include/px4_msgs/px4_msgs/msg/detail/vehicle_rates_setpoint__type_support.hpp\n'}
[1.789050] (px4_msgs) StdoutLine: {'line': b'-- Up-to-date symlink: /home/carlos/ros2_ws/install/px4_msgs/include/px4_msgs/px4_msgs/msg/detail/vehicle_roi__builder.hpp\n'}
[1.789136] (px4_msgs) StdoutLine: {'line': b'-- Up-to-date symlink: /home/carlos/ros2_ws/install/px4_msgs/include/px4_msgs/px4_msgs/msg/detail/vehicle_roi__struct.hpp\n'}
[1.789222] (px4_msgs) StdoutLine: {'line': b'-- Up-to-date symlink: /home/carlos/ros2_ws/install/px4_msgs/include/px4_msgs/px4_msgs/msg/detail/vehicle_roi__traits.hpp\n'}
[1.789308] (px4_msgs) StdoutLine: {'line': b'-- Up-to-date symlink: /home/carlos/ros2_ws/install/px4_msgs/include/px4_msgs/px4_msgs/msg/detail/vehicle_roi__type_support.hpp\n'}
[1.789395] (px4_msgs) StdoutLine: {'line': b'-- Up-to-date symlink: /home/carlos/ros2_ws/install/px4_msgs/include/px4_msgs/px4_msgs/msg/detail/vehicle_status__builder.hpp\n'}
[1.789489] (px4_msgs) StdoutLine: {'line': b'-- Up-to-date symlink: /home/carlos/ros2_ws/install/px4_msgs/include/px4_msgs/px4_msgs/msg/detail/vehicle_status__struct.hpp\n'}
[1.789575] (px4_msgs) StdoutLine: {'line': b'-- Up-to-date symlink: /home/carlos/ros2_ws/install/px4_msgs/include/px4_msgs/px4_msgs/msg/detail/vehicle_status__traits.hpp\n'}
[1.789662] (px4_msgs) StdoutLine: {'line': b'-- Up-to-date symlink: /home/carlos/ros2_ws/install/px4_msgs/include/px4_msgs/px4_msgs/msg/detail/vehicle_status__type_support.hpp\n'}
[1.789747] (px4_msgs) StdoutLine: {'line': b'-- Up-to-date symlink: /home/carlos/ros2_ws/install/px4_msgs/include/px4_msgs/px4_msgs/msg/detail/vehicle_thrust_setpoint__builder.hpp\n'}
[1.789833] (px4_msgs) StdoutLine: {'line': b'-- Up-to-date symlink: /home/carlos/ros2_ws/install/px4_msgs/include/px4_msgs/px4_msgs/msg/detail/vehicle_thrust_setpoint__struct.hpp\n'}
[1.789918] (px4_msgs) StdoutLine: {'line': b'-- Up-to-date symlink: /home/carlos/ros2_ws/install/px4_msgs/include/px4_msgs/px4_msgs/msg/detail/vehicle_thrust_setpoint__traits.hpp\n'}
[1.790003] (px4_msgs) StdoutLine: {'line': b'-- Up-to-date symlink: /home/carlos/ros2_ws/install/px4_msgs/include/px4_msgs/px4_msgs/msg/detail/vehicle_thrust_setpoint__type_support.hpp\n'}
[1.790089] (px4_msgs) StdoutLine: {'line': b'-- Up-to-date symlink: /home/carlos/ros2_ws/install/px4_msgs/include/px4_msgs/px4_msgs/msg/detail/vehicle_torque_setpoint__builder.hpp\n'}
[1.790182] (px4_msgs) StdoutLine: {'line': b'-- Up-to-date symlink: /home/carlos/ros2_ws/install/px4_msgs/include/px4_msgs/px4_msgs/msg/detail/vehicle_torque_setpoint__struct.hpp\n'}
[1.790258] (px4_msgs) StdoutLine: {'line': b'-- Up-to-date symlink: /home/carlos/ros2_ws/install/px4_msgs/include/px4_msgs/px4_msgs/msg/detail/vehicle_torque_setpoint__traits.hpp\n'}
[1.790343] (px4_msgs) StdoutLine: {'line': b'-- Up-to-date symlink: /home/carlos/ros2_ws/install/px4_msgs/include/px4_msgs/px4_msgs/msg/detail/vehicle_torque_setpoint__type_support.hpp\n'}
[1.790427] (px4_msgs) StdoutLine: {'line': b'-- Up-to-date symlink: /home/carlos/ros2_ws/install/px4_msgs/include/px4_msgs/px4_msgs/msg/detail/velocity_limits__builder.hpp\n'}
[1.790522] (px4_msgs) StdoutLine: {'line': b'-- Up-to-date symlink: /home/carlos/ros2_ws/install/px4_msgs/include/px4_msgs/px4_msgs/msg/detail/velocity_limits__struct.hpp\n'}
[1.790607] (px4_msgs) StdoutLine: {'line': b'-- Up-to-date symlink: /home/carlos/ros2_ws/install/px4_msgs/include/px4_msgs/px4_msgs/msg/detail/velocity_limits__traits.hpp\n'}
[1.790691] (px4_msgs) StdoutLine: {'line': b'-- Up-to-date symlink: /home/carlos/ros2_ws/install/px4_msgs/include/px4_msgs/px4_msgs/msg/detail/velocity_limits__type_support.hpp\n'}
[1.790775] (px4_msgs) StdoutLine: {'line': b'-- Up-to-date symlink: /home/carlos/ros2_ws/install/px4_msgs/include/px4_msgs/px4_msgs/msg/detail/vtol_vehicle_status__builder.hpp\n'}
[1.790859] (px4_msgs) StdoutLine: {'line': b'-- Up-to-date symlink: /home/carlos/ros2_ws/install/px4_msgs/include/px4_msgs/px4_msgs/msg/detail/vtol_vehicle_status__struct.hpp\n'}
[1.790943] (px4_msgs) StdoutLine: {'line': b'-- Up-to-date symlink: /home/carlos/ros2_ws/install/px4_msgs/include/px4_msgs/px4_msgs/msg/detail/vtol_vehicle_status__traits.hpp\n'}
[1.791028] (px4_msgs) StdoutLine: {'line': b'-- Up-to-date symlink: /home/carlos/ros2_ws/install/px4_msgs/include/px4_msgs/px4_msgs/msg/detail/vtol_vehicle_status__type_support.hpp\n'}
[1.791112] (px4_msgs) StdoutLine: {'line': b'-- Up-to-date symlink: /home/carlos/ros2_ws/install/px4_msgs/include/px4_msgs/px4_msgs/msg/detail/wheel_encoders__builder.hpp\n'}
[1.791198] (px4_msgs) StdoutLine: {'line': b'-- Up-to-date symlink: /home/carlos/ros2_ws/install/px4_msgs/include/px4_msgs/px4_msgs/msg/detail/wheel_encoders__struct.hpp\n'}
[1.791283] (px4_msgs) StdoutLine: {'line': b'-- Up-to-date symlink: /home/carlos/ros2_ws/install/px4_msgs/include/px4_msgs/px4_msgs/msg/detail/wheel_encoders__traits.hpp\n'}
[1.791367] (px4_msgs) StdoutLine: {'line': b'-- Up-to-date symlink: /home/carlos/ros2_ws/install/px4_msgs/include/px4_msgs/px4_msgs/msg/detail/wheel_encoders__type_support.hpp\n'}
[1.791459] (px4_msgs) StdoutLine: {'line': b'-- Up-to-date symlink: /home/carlos/ros2_ws/install/px4_msgs/include/px4_msgs/px4_msgs/msg/detail/wind__builder.hpp\n'}
[1.791544] (px4_msgs) StdoutLine: {'line': b'-- Up-to-date symlink: /home/carlos/ros2_ws/install/px4_msgs/include/px4_msgs/px4_msgs/msg/detail/wind__struct.hpp\n'}
[1.791627] (px4_msgs) StdoutLine: {'line': b'-- Up-to-date symlink: /home/carlos/ros2_ws/install/px4_msgs/include/px4_msgs/px4_msgs/msg/detail/wind__traits.hpp\n'}
[1.791711] (px4_msgs) StdoutLine: {'line': b'-- Up-to-date symlink: /home/carlos/ros2_ws/install/px4_msgs/include/px4_msgs/px4_msgs/msg/detail/wind__type_support.hpp\n'}
[1.791795] (px4_msgs) StdoutLine: {'line': b'-- Up-to-date symlink: /home/carlos/ros2_ws/install/px4_msgs/include/px4_msgs/px4_msgs/msg/detail/yaw_estimator_status__builder.hpp\n'}
[1.791879] (px4_msgs) StdoutLine: {'line': b'-- Up-to-date symlink: /home/carlos/ros2_ws/install/px4_msgs/include/px4_msgs/px4_msgs/msg/detail/yaw_estimator_status__struct.hpp\n'}
[1.791964] (px4_msgs) StdoutLine: {'line': b'-- Up-to-date symlink: /home/carlos/ros2_ws/install/px4_msgs/include/px4_msgs/px4_msgs/msg/detail/yaw_estimator_status__traits.hpp\n'}
[1.792053] (px4_msgs) StdoutLine: {'line': b'-- Up-to-date symlink: /home/carlos/ros2_ws/install/px4_msgs/include/px4_msgs/px4_msgs/msg/detail/yaw_estimator_status__type_support.hpp\n'}
[1.792133] (px4_msgs) StdoutLine: {'line': b'-- Up-to-date symlink: /home/carlos/ros2_ws/install/px4_msgs/include/px4_msgs/px4_msgs/msg/differential_pressure.hpp\n'}
[1.792215] (px4_msgs) StdoutLine: {'line': b'-- Up-to-date symlink: /home/carlos/ros2_ws/install/px4_msgs/include/px4_msgs/px4_msgs/msg/distance_sensor.hpp\n'}
[1.792295] (px4_msgs) StdoutLine: {'line': b'-- Up-to-date symlink: /home/carlos/ros2_ws/install/px4_msgs/include/px4_msgs/px4_msgs/msg/distance_sensor_mode_change_request.hpp\n'}
[1.792376] (px4_msgs) StdoutLine: {'line': b'-- Up-to-date symlink: /home/carlos/ros2_ws/install/px4_msgs/include/px4_msgs/px4_msgs/msg/dronecan_node_status.hpp\n'}
[1.792465] (px4_msgs) StdoutLine: {'line': b'-- Up-to-date symlink: /home/carlos/ros2_ws/install/px4_msgs/include/px4_msgs/px4_msgs/msg/ekf2_timestamps.hpp\n'}
[1.792547] (px4_msgs) StdoutLine: {'line': b'-- Up-to-date symlink: /home/carlos/ros2_ws/install/px4_msgs/include/px4_msgs/px4_msgs/msg/esc_report.hpp\n'}
[1.792627] (px4_msgs) StdoutLine: {'line': b'-- Up-to-date symlink: /home/carlos/ros2_ws/install/px4_msgs/include/px4_msgs/px4_msgs/msg/esc_status.hpp\n'}
[1.792708] (px4_msgs) StdoutLine: {'line': b'-- Up-to-date symlink: /home/carlos/ros2_ws/install/px4_msgs/include/px4_msgs/px4_msgs/msg/estimator_aid_source1d.hpp\n'}
[1.792789] (px4_msgs) StdoutLine: {'line': b'-- Up-to-date symlink: /home/carlos/ros2_ws/install/px4_msgs/include/px4_msgs/px4_msgs/msg/estimator_aid_source2d.hpp\n'}
[1.792870] (px4_msgs) StdoutLine: {'line': b'-- Up-to-date symlink: /home/carlos/ros2_ws/install/px4_msgs/include/px4_msgs/px4_msgs/msg/estimator_aid_source3d.hpp\n'}
[1.792951] (px4_msgs) StdoutLine: {'line': b'-- Up-to-date symlink: /home/carlos/ros2_ws/install/px4_msgs/include/px4_msgs/px4_msgs/msg/estimator_bias.hpp\n'}
[1.793031] (px4_msgs) StdoutLine: {'line': b'-- Up-to-date symlink: /home/carlos/ros2_ws/install/px4_msgs/include/px4_msgs/px4_msgs/msg/estimator_bias3d.hpp\n'}
[1.793112] (px4_msgs) StdoutLine: {'line': b'-- Up-to-date symlink: /home/carlos/ros2_ws/install/px4_msgs/include/px4_msgs/px4_msgs/msg/estimator_event_flags.hpp\n'}
[1.793193] (px4_msgs) StdoutLine: {'line': b'-- Up-to-date symlink: /home/carlos/ros2_ws/install/px4_msgs/include/px4_msgs/px4_msgs/msg/estimator_gps_status.hpp\n'}
[1.793274] (px4_msgs) StdoutLine: {'line': b'-- Up-to-date symlink: /home/carlos/ros2_ws/install/px4_msgs/include/px4_msgs/px4_msgs/msg/estimator_innovations.hpp\n'}
[1.793354] (px4_msgs) StdoutLine: {'line': b'-- Up-to-date symlink: /home/carlos/ros2_ws/install/px4_msgs/include/px4_msgs/px4_msgs/msg/estimator_selector_status.hpp\n'}
[1.793440] (px4_msgs) StdoutLine: {'line': b'-- Up-to-date symlink: /home/carlos/ros2_ws/install/px4_msgs/include/px4_msgs/px4_msgs/msg/estimator_sensor_bias.hpp\n'}
[1.793524] (px4_msgs) StdoutLine: {'line': b'-- Up-to-date symlink: /home/carlos/ros2_ws/install/px4_msgs/include/px4_msgs/px4_msgs/msg/estimator_states.hpp\n'}
[1.793605] (px4_msgs) StdoutLine: {'line': b'-- Up-to-date symlink: /home/carlos/ros2_ws/install/px4_msgs/include/px4_msgs/px4_msgs/msg/estimator_status.hpp\n'}
[1.793702] (px4_msgs) StdoutLine: {'line': b'-- Up-to-date symlink: /home/carlos/ros2_ws/install/px4_msgs/include/px4_msgs/px4_msgs/msg/estimator_status_flags.hpp\n'}
[1.793784] (px4_msgs) StdoutLine: {'line': b'-- Up-to-date symlink: /home/carlos/ros2_ws/install/px4_msgs/include/px4_msgs/px4_msgs/msg/event.hpp\n'}
[1.793866] (px4_msgs) StdoutLine: {'line': b'-- Up-to-date symlink: /home/carlos/ros2_ws/install/px4_msgs/include/px4_msgs/px4_msgs/msg/failsafe_flags.hpp\n'}
[1.793948] (px4_msgs) StdoutLine: {'line': b'-- Up-to-date symlink: /home/carlos/ros2_ws/install/px4_msgs/include/px4_msgs/px4_msgs/msg/failure_detector_status.hpp\n'}
[1.794029] (px4_msgs) StdoutLine: {'line': b'-- Up-to-date symlink: /home/carlos/ros2_ws/install/px4_msgs/include/px4_msgs/px4_msgs/msg/figure_eight_status.hpp\n'}
[1.794112] (px4_msgs) StdoutLine: {'line': b'-- Up-to-date symlink: /home/carlos/ros2_ws/install/px4_msgs/include/px4_msgs/px4_msgs/msg/fixed_wing_lateral_guidance_status.hpp\n'}
[1.794196] (px4_msgs) StdoutLine: {'line': b'-- Up-to-date symlink: /home/carlos/ros2_ws/install/px4_msgs/include/px4_msgs/px4_msgs/msg/fixed_wing_lateral_setpoint.hpp\n'}
[1.794284] (px4_msgs) StdoutLine: {'line': b'-- Up-to-date symlink: /home/carlos/ros2_ws/install/px4_msgs/include/px4_msgs/px4_msgs/msg/fixed_wing_lateral_status.hpp\n'}
[1.794375] (px4_msgs) StdoutLine: {'line': b'-- Up-to-date symlink: /home/carlos/ros2_ws/install/px4_msgs/include/px4_msgs/px4_msgs/msg/fixed_wing_longitudinal_setpoint.hpp\n'}
[1.794464] (px4_msgs) StdoutLine: {'line': b'-- Up-to-date symlink: /home/carlos/ros2_ws/install/px4_msgs/include/px4_msgs/px4_msgs/msg/fixed_wing_runway_control.hpp\n'}
[1.794551] (px4_msgs) StdoutLine: {'line': b'-- Up-to-date symlink: /home/carlos/ros2_ws/install/px4_msgs/include/px4_msgs/px4_msgs/msg/flight_phase_estimation.hpp\n'}
[1.794632] (px4_msgs) StdoutLine: {'line': b'-- Up-to-date symlink: /home/carlos/ros2_ws/install/px4_msgs/include/px4_msgs/px4_msgs/msg/follow_target.hpp\n'}
[1.794715] (px4_msgs) StdoutLine: {'line': b'-- Up-to-date symlink: /home/carlos/ros2_ws/install/px4_msgs/include/px4_msgs/px4_msgs/msg/follow_target_estimator.hpp\n'}
[1.794796] (px4_msgs) StdoutLine: {'line': b'-- Up-to-date symlink: /home/carlos/ros2_ws/install/px4_msgs/include/px4_msgs/px4_msgs/msg/follow_target_status.hpp\n'}
[1.794878] (px4_msgs) StdoutLine: {'line': b'-- Up-to-date symlink: /home/carlos/ros2_ws/install/px4_msgs/include/px4_msgs/px4_msgs/msg/fuel_tank_status.hpp\n'}
[1.794960] (px4_msgs) StdoutLine: {'line': b'-- Up-to-date symlink: /home/carlos/ros2_ws/install/px4_msgs/include/px4_msgs/px4_msgs/msg/generator_status.hpp\n'}
[1.795042] (px4_msgs) StdoutLine: {'line': b'-- Up-to-date symlink: /home/carlos/ros2_ws/install/px4_msgs/include/px4_msgs/px4_msgs/msg/geofence_result.hpp\n'}
[1.795123] (px4_msgs) StdoutLine: {'line': b'-- Up-to-date symlink: /home/carlos/ros2_ws/install/px4_msgs/include/px4_msgs/px4_msgs/msg/geofence_status.hpp\n'}
[1.795210] (px4_msgs) StdoutLine: {'line': b'-- Up-to-date symlink: /home/carlos/ros2_ws/install/px4_msgs/include/px4_msgs/px4_msgs/msg/gimbal_controls.hpp\n'}
[1.795292] (px4_msgs) StdoutLine: {'line': b'-- Up-to-date symlink: /home/carlos/ros2_ws/install/px4_msgs/include/px4_msgs/px4_msgs/msg/gimbal_device_attitude_status.hpp\n'}
[1.795372] (px4_msgs) StdoutLine: {'line': b'-- Up-to-date symlink: /home/carlos/ros2_ws/install/px4_msgs/include/px4_msgs/px4_msgs/msg/gimbal_device_information.hpp\n'}
[1.795464] (px4_msgs) StdoutLine: {'line': b'-- Up-to-date symlink: /home/carlos/ros2_ws/install/px4_msgs/include/px4_msgs/px4_msgs/msg/gimbal_device_set_attitude.hpp\n'}
[1.795546] (px4_msgs) StdoutLine: {'line': b'-- Up-to-date symlink: /home/carlos/ros2_ws/install/px4_msgs/include/px4_msgs/px4_msgs/msg/gimbal_manager_information.hpp\n'}
[1.795626] (px4_msgs) StdoutLine: {'line': b'-- Up-to-date symlink: /home/carlos/ros2_ws/install/px4_msgs/include/px4_msgs/px4_msgs/msg/gimbal_manager_set_attitude.hpp\n'}
[1.795712] (px4_msgs) StdoutLine: {'line': b'-- Up-to-date symlink: /home/carlos/ros2_ws/install/px4_msgs/include/px4_msgs/px4_msgs/msg/gimbal_manager_set_manual_control.hpp\n'}
[1.795794] (px4_msgs) StdoutLine: {'line': b'-- Up-to-date symlink: /home/carlos/ros2_ws/install/px4_msgs/include/px4_msgs/px4_msgs/msg/gimbal_manager_status.hpp\n'}
[1.795875] (px4_msgs) StdoutLine: {'line': b'-- Up-to-date symlink: /home/carlos/ros2_ws/install/px4_msgs/include/px4_msgs/px4_msgs/msg/goto_setpoint.hpp\n'}
[1.795962] (px4_msgs) StdoutLine: {'line': b'-- Up-to-date symlink: /home/carlos/ros2_ws/install/px4_msgs/include/px4_msgs/px4_msgs/msg/gpio_config.hpp\n'}
[1.796054] (px4_msgs) StdoutLine: {'line': b'-- Up-to-date symlink: /home/carlos/ros2_ws/install/px4_msgs/include/px4_msgs/px4_msgs/msg/gpio_in.hpp\n'}
[1.796131] (px4_msgs) StdoutLine: {'line': b'-- Up-to-date symlink: /home/carlos/ros2_ws/install/px4_msgs/include/px4_msgs/px4_msgs/msg/gpio_out.hpp\n'}
[1.796212] (px4_msgs) StdoutLine: {'line': b'-- Up-to-date symlink: /home/carlos/ros2_ws/install/px4_msgs/include/px4_msgs/px4_msgs/msg/gpio_request.hpp\n'}
[1.796293] (px4_msgs) StdoutLine: {'line': b'-- Up-to-date symlink: /home/carlos/ros2_ws/install/px4_msgs/include/px4_msgs/px4_msgs/msg/gps_dump.hpp\n'}
[1.796373] (px4_msgs) StdoutLine: {'line': b'-- Up-to-date symlink: /home/carlos/ros2_ws/install/px4_msgs/include/px4_msgs/px4_msgs/msg/gps_inject_data.hpp\n'}
[1.796461] (px4_msgs) StdoutLine: {'line': b'-- Up-to-date symlink: /home/carlos/ros2_ws/install/px4_msgs/include/px4_msgs/px4_msgs/msg/gripper.hpp\n'}
[1.796543] (px4_msgs) StdoutLine: {'line': b'-- Up-to-date symlink: /home/carlos/ros2_ws/install/px4_msgs/include/px4_msgs/px4_msgs/msg/health_report.hpp\n'}
[1.796624] (px4_msgs) StdoutLine: {'line': b'-- Up-to-date symlink: /home/carlos/ros2_ws/install/px4_msgs/include/px4_msgs/px4_msgs/msg/heater_status.hpp\n'}
[1.796704] (px4_msgs) StdoutLine: {'line': b'-- Up-to-date symlink: /home/carlos/ros2_ws/install/px4_msgs/include/px4_msgs/px4_msgs/msg/home_position.hpp\n'}
[1.796786] (px4_msgs) StdoutLine: {'line': b'-- Up-to-date symlink: /home/carlos/ros2_ws/install/px4_msgs/include/px4_msgs/px4_msgs/msg/hover_thrust_estimate.hpp\n'}
[1.796866] (px4_msgs) StdoutLine: {'line': b'-- Up-to-date symlink: /home/carlos/ros2_ws/install/px4_msgs/include/px4_msgs/px4_msgs/msg/input_rc.hpp\n'}
[1.796948] (px4_msgs) StdoutLine: {'line': b'-- Up-to-date symlink: /home/carlos/ros2_ws/install/px4_msgs/include/px4_msgs/px4_msgs/msg/internal_combustion_engine_control.hpp\n'}
[1.797030] (px4_msgs) StdoutLine: {'line': b'-- Up-to-date symlink: /home/carlos/ros2_ws/install/px4_msgs/include/px4_msgs/px4_msgs/msg/internal_combustion_engine_status.hpp\n'}
[1.797110] (px4_msgs) StdoutLine: {'line': b'-- Up-to-date symlink: /home/carlos/ros2_ws/install/px4_msgs/include/px4_msgs/px4_msgs/msg/iridiumsbd_status.hpp\n'}
[1.797191] (px4_msgs) StdoutLine: {'line': b'-- Up-to-date symlink: /home/carlos/ros2_ws/install/px4_msgs/include/px4_msgs/px4_msgs/msg/irlock_report.hpp\n'}
[1.797272] (px4_msgs) StdoutLine: {'line': b'-- Up-to-date symlink: /home/carlos/ros2_ws/install/px4_msgs/include/px4_msgs/px4_msgs/msg/landing_gear.hpp\n'}
[1.797353] (px4_msgs) StdoutLine: {'line': b'-- Up-to-date symlink: /home/carlos/ros2_ws/install/px4_msgs/include/px4_msgs/px4_msgs/msg/landing_gear_wheel.hpp\n'}
[1.797438] (px4_msgs) StdoutLine: {'line': b'-- Up-to-date symlink: /home/carlos/ros2_ws/install/px4_msgs/include/px4_msgs/px4_msgs/msg/landing_target_innovations.hpp\n'}
[1.797522] (px4_msgs) StdoutLine: {'line': b'-- Up-to-date symlink: /home/carlos/ros2_ws/install/px4_msgs/include/px4_msgs/px4_msgs/msg/landing_target_pose.hpp\n'}
[1.797620] (px4_msgs) StdoutLine: {'line': b'-- Up-to-date symlink: /home/carlos/ros2_ws/install/px4_msgs/include/px4_msgs/px4_msgs/msg/lateral_control_configuration.hpp\n'}
[1.797700] (px4_msgs) StdoutLine: {'line': b'-- Up-to-date symlink: /home/carlos/ros2_ws/install/px4_msgs/include/px4_msgs/px4_msgs/msg/launch_detection_status.hpp\n'}
[1.797772] (px4_msgs) StdoutLine: {'line': b'-- Up-to-date symlink: /home/carlos/ros2_ws/install/px4_msgs/include/px4_msgs/px4_msgs/msg/led_control.hpp\n'}
[1.797852] (px4_msgs) StdoutLine: {'line': b'-- Up-to-date symlink: /home/carlos/ros2_ws/install/px4_msgs/include/px4_msgs/px4_msgs/msg/log_message.hpp\n'}
[1.797931] (px4_msgs) StdoutLine: {'line': b'-- Up-to-date symlink: /home/carlos/ros2_ws/install/px4_msgs/include/px4_msgs/px4_msgs/msg/logger_status.hpp\n'}
[1.798012] (px4_msgs) StdoutLine: {'line': b'-- Up-to-date symlink: /home/carlos/ros2_ws/install/px4_msgs/include/px4_msgs/px4_msgs/msg/longitudinal_control_configuration.hpp\n'}
[1.798093] (px4_msgs) StdoutLine: {'line': b'-- Up-to-date symlink: /home/carlos/ros2_ws/install/px4_msgs/include/px4_msgs/px4_msgs/msg/mag_worker_data.hpp\n'}
[1.798174] (px4_msgs) StdoutLine: {'line': b'-- Up-to-date symlink: /home/carlos/ros2_ws/install/px4_msgs/include/px4_msgs/px4_msgs/msg/magnetometer_bias_estimate.hpp\n'}
[1.798255] (px4_msgs) StdoutLine: {'line': b'-- Up-to-date symlink: /home/carlos/ros2_ws/install/px4_msgs/include/px4_msgs/px4_msgs/msg/manual_control_setpoint.hpp\n'}
[1.798335] (px4_msgs) StdoutLine: {'line': b'-- Up-to-date symlink: /home/carlos/ros2_ws/install/px4_msgs/include/px4_msgs/px4_msgs/msg/manual_control_switches.hpp\n'}
[1.798416] (px4_msgs) StdoutLine: {'line': b'-- Up-to-date symlink: /home/carlos/ros2_ws/install/px4_msgs/include/px4_msgs/px4_msgs/msg/mavlink_log.hpp\n'}
[1.798505] (px4_msgs) StdoutLine: {'line': b'-- Up-to-date symlink: /home/carlos/ros2_ws/install/px4_msgs/include/px4_msgs/px4_msgs/msg/mavlink_tunnel.hpp\n'}
[1.798586] (px4_msgs) StdoutLine: {'line': b'-- Up-to-date symlink: /home/carlos/ros2_ws/install/px4_msgs/include/px4_msgs/px4_msgs/msg/message_format_request.hpp\n'}
[1.798667] (px4_msgs) StdoutLine: {'line': b'-- Up-to-date symlink: /home/carlos/ros2_ws/install/px4_msgs/include/px4_msgs/px4_msgs/msg/message_format_response.hpp\n'}
[1.798761] (px4_msgs) StdoutLine: {'line': b'-- Up-to-date symlink: /home/carlos/ros2_ws/install/px4_msgs/include/px4_msgs/px4_msgs/msg/mission.hpp\n'}
[1.798840] (px4_msgs) StdoutLine: {'line': b'-- Up-to-date symlink: /home/carlos/ros2_ws/install/px4_msgs/include/px4_msgs/px4_msgs/msg/mission_result.hpp\n'}
[1.798920] (px4_msgs) StdoutLine: {'line': b'-- Up-to-date symlink: /home/carlos/ros2_ws/install/px4_msgs/include/px4_msgs/px4_msgs/msg/mode_completed.hpp\n'}
[1.799001] (px4_msgs) StdoutLine: {'line': b'-- Up-to-date symlink: /home/carlos/ros2_ws/install/px4_msgs/include/px4_msgs/px4_msgs/msg/mount_orientation.hpp\n'}
[1.799082] (px4_msgs) StdoutLine: {'line': b'-- Up-to-date symlink: /home/carlos/ros2_ws/install/px4_msgs/include/px4_msgs/px4_msgs/msg/navigator_mission_item.hpp\n'}
[1.799163] (px4_msgs) StdoutLine: {'line': b'-- Up-to-date symlink: /home/carlos/ros2_ws/install/px4_msgs/include/px4_msgs/px4_msgs/msg/navigator_status.hpp\n'}
[1.799244] (px4_msgs) StdoutLine: {'line': b'-- Up-to-date symlink: /home/carlos/ros2_ws/install/px4_msgs/include/px4_msgs/px4_msgs/msg/neural_control.hpp\n'}
[1.799325] (px4_msgs) StdoutLine: {'line': b'-- Up-to-date symlink: /home/carlos/ros2_ws/install/px4_msgs/include/px4_msgs/px4_msgs/msg/normalized_unsigned_setpoint.hpp\n'}
[1.799410] (px4_msgs) StdoutLine: {'line': b'-- Up-to-date symlink: /home/carlos/ros2_ws/install/px4_msgs/include/px4_msgs/px4_msgs/msg/obstacle_distance.hpp\n'}
[1.799499] (px4_msgs) StdoutLine: {'line': b'-- Up-to-date symlink: /home/carlos/ros2_ws/install/px4_msgs/include/px4_msgs/px4_msgs/msg/offboard_control_mode.hpp\n'}
[1.799579] (px4_msgs) StdoutLine: {'line': b'-- Up-to-date symlink: /home/carlos/ros2_ws/install/px4_msgs/include/px4_msgs/px4_msgs/msg/onboard_computer_status.hpp\n'}
[1.799660] (px4_msgs) StdoutLine: {'line': b'-- Up-to-date symlink: /home/carlos/ros2_ws/install/px4_msgs/include/px4_msgs/px4_msgs/msg/open_drone_id_arm_status.hpp\n'}
[1.799740] (px4_msgs) StdoutLine: {'line': b'-- Up-to-date symlink: /home/carlos/ros2_ws/install/px4_msgs/include/px4_msgs/px4_msgs/msg/open_drone_id_operator_id.hpp\n'}
[1.799820] (px4_msgs) StdoutLine: {'line': b'-- Up-to-date symlink: /home/carlos/ros2_ws/install/px4_msgs/include/px4_msgs/px4_msgs/msg/open_drone_id_self_id.hpp\n'}
[1.799900] (px4_msgs) StdoutLine: {'line': b'-- Up-to-date symlink: /home/carlos/ros2_ws/install/px4_msgs/include/px4_msgs/px4_msgs/msg/open_drone_id_system.hpp\n'}
[1.799981] (px4_msgs) StdoutLine: {'line': b'-- Up-to-date symlink: /home/carlos/ros2_ws/install/px4_msgs/include/px4_msgs/px4_msgs/msg/orb_test.hpp\n'}
[1.800061] (px4_msgs) StdoutLine: {'line': b'-- Up-to-date symlink: /home/carlos/ros2_ws/install/px4_msgs/include/px4_msgs/px4_msgs/msg/orb_test_large.hpp\n'}
[1.800141] (px4_msgs) StdoutLine: {'line': b'-- Up-to-date symlink: /home/carlos/ros2_ws/install/px4_msgs/include/px4_msgs/px4_msgs/msg/orb_test_medium.hpp\n'}
[1.800222] (px4_msgs) StdoutLine: {'line': b'-- Up-to-date symlink: /home/carlos/ros2_ws/install/px4_msgs/include/px4_msgs/px4_msgs/msg/orbit_status.hpp\n'}
[1.800302] (px4_msgs) StdoutLine: {'line': b'-- Up-to-date symlink: /home/carlos/ros2_ws/install/px4_msgs/include/px4_msgs/px4_msgs/msg/parameter_reset_request.hpp\n'}
[1.800382] (px4_msgs) StdoutLine: {'line': b'-- Up-to-date symlink: /home/carlos/ros2_ws/install/px4_msgs/include/px4_msgs/px4_msgs/msg/parameter_set_used_request.hpp\n'}
[1.800471] (px4_msgs) StdoutLine: {'line': b'-- Up-to-date symlink: /home/carlos/ros2_ws/install/px4_msgs/include/px4_msgs/px4_msgs/msg/parameter_set_value_request.hpp\n'}
[1.800551] (px4_msgs) StdoutLine: {'line': b'-- Up-to-date symlink: /home/carlos/ros2_ws/install/px4_msgs/include/px4_msgs/px4_msgs/msg/parameter_set_value_response.hpp\n'}
[1.800632] (px4_msgs) StdoutLine: {'line': b'-- Up-to-date symlink: /home/carlos/ros2_ws/install/px4_msgs/include/px4_msgs/px4_msgs/msg/parameter_update.hpp\n'}
[1.800713] (px4_msgs) StdoutLine: {'line': b'-- Up-to-date symlink: /home/carlos/ros2_ws/install/px4_msgs/include/px4_msgs/px4_msgs/msg/ping.hpp\n'}
[1.800795] (px4_msgs) StdoutLine: {'line': b'-- Up-to-date symlink: /home/carlos/ros2_ws/install/px4_msgs/include/px4_msgs/px4_msgs/msg/position_controller_landing_status.hpp\n'}
[1.800876] (px4_msgs) StdoutLine: {'line': b'-- Up-to-date symlink: /home/carlos/ros2_ws/install/px4_msgs/include/px4_msgs/px4_msgs/msg/position_controller_status.hpp\n'}
[1.800957] (px4_msgs) StdoutLine: {'line': b'-- Up-to-date symlink: /home/carlos/ros2_ws/install/px4_msgs/include/px4_msgs/px4_msgs/msg/position_setpoint.hpp\n'}
[1.801037] (px4_msgs) StdoutLine: {'line': b'-- Up-to-date symlink: /home/carlos/ros2_ws/install/px4_msgs/include/px4_msgs/px4_msgs/msg/position_setpoint_triplet.hpp\n'}
[1.801118] (px4_msgs) StdoutLine: {'line': b'-- Up-to-date symlink: /home/carlos/ros2_ws/install/px4_msgs/include/px4_msgs/px4_msgs/msg/power_button_state.hpp\n'}
[1.801211] (px4_msgs) StdoutLine: {'line': b'-- Up-to-date symlink: /home/carlos/ros2_ws/install/px4_msgs/include/px4_msgs/px4_msgs/msg/power_monitor.hpp\n'}
[1.801290] (px4_msgs) StdoutLine: {'line': b'-- Up-to-date symlink: /home/carlos/ros2_ws/install/px4_msgs/include/px4_msgs/px4_msgs/msg/pps_capture.hpp\n'}
[1.801371] (px4_msgs) StdoutLine: {'line': b'-- Up-to-date symlink: /home/carlos/ros2_ws/install/px4_msgs/include/px4_msgs/px4_msgs/msg/pure_pursuit_status.hpp\n'}
[1.801461] (px4_msgs) StdoutLine: {'line': b'-- Up-to-date symlink: /home/carlos/ros2_ws/install/px4_msgs/include/px4_msgs/px4_msgs/msg/pwm_input.hpp\n'}
[1.801541] (px4_msgs) StdoutLine: {'line': b'-- Up-to-date symlink: /home/carlos/ros2_ws/install/px4_msgs/include/px4_msgs/px4_msgs/msg/px4io_status.hpp\n'}
[1.801622] (px4_msgs) StdoutLine: {'line': b'-- Up-to-date symlink: /home/carlos/ros2_ws/install/px4_msgs/include/px4_msgs/px4_msgs/msg/qshell_req.hpp\n'}
[1.801703] (px4_msgs) StdoutLine: {'line': b'-- Up-to-date symlink: /home/carlos/ros2_ws/install/px4_msgs/include/px4_msgs/px4_msgs/msg/qshell_retval.hpp\n'}
[1.801783] (px4_msgs) StdoutLine: {'line': b'-- Up-to-date symlink: /home/carlos/ros2_ws/install/px4_msgs/include/px4_msgs/px4_msgs/msg/radio_status.hpp\n'}
[1.801865] (px4_msgs) StdoutLine: {'line': b'-- Up-to-date symlink: /home/carlos/ros2_ws/install/px4_msgs/include/px4_msgs/px4_msgs/msg/rate_ctrl_status.hpp\n'}
[1.801946] (px4_msgs) StdoutLine: {'line': b'-- Up-to-date symlink: /home/carlos/ros2_ws/install/px4_msgs/include/px4_msgs/px4_msgs/msg/rc_channels.hpp\n'}
[1.802026] (px4_msgs) StdoutLine: {'line': b'-- Up-to-date symlink: /home/carlos/ros2_ws/install/px4_msgs/include/px4_msgs/px4_msgs/msg/rc_parameter_map.hpp\n'}
[1.802108] (px4_msgs) StdoutLine: {'line': b'-- Up-to-date symlink: /home/carlos/ros2_ws/install/px4_msgs/include/px4_msgs/px4_msgs/msg/register_ext_component_reply.hpp\n'}
[1.802189] (px4_msgs) StdoutLine: {'line': b'-- Up-to-date symlink: /home/carlos/ros2_ws/install/px4_msgs/include/px4_msgs/px4_msgs/msg/register_ext_component_request.hpp\n'}
[1.802270] (px4_msgs) StdoutLine: {'line': b'-- Up-to-date symlink: /home/carlos/ros2_ws/install/px4_msgs/include/px4_msgs/px4_msgs/msg/rosidl_generator_cpp__visibility_control.hpp\n'}
[1.802351] (px4_msgs) StdoutLine: {'line': b'-- Up-to-date symlink: /home/carlos/ros2_ws/install/px4_msgs/include/px4_msgs/px4_msgs/msg/rover_attitude_setpoint.hpp\n'}
[1.802436] (px4_msgs) StdoutLine: {'line': b'-- Up-to-date symlink: /home/carlos/ros2_ws/install/px4_msgs/include/px4_msgs/px4_msgs/msg/rover_attitude_status.hpp\n'}
[1.802519] (px4_msgs) StdoutLine: {'line': b'-- Up-to-date symlink: /home/carlos/ros2_ws/install/px4_msgs/include/px4_msgs/px4_msgs/msg/rover_position_setpoint.hpp\n'}
[1.802599] (px4_msgs) StdoutLine: {'line': b'-- Up-to-date symlink: /home/carlos/ros2_ws/install/px4_msgs/include/px4_msgs/px4_msgs/msg/rover_rate_setpoint.hpp\n'}
[1.802679] (px4_msgs) StdoutLine: {'line': b'-- Up-to-date symlink: /home/carlos/ros2_ws/install/px4_msgs/include/px4_msgs/px4_msgs/msg/rover_rate_status.hpp\n'}
[1.802760] (px4_msgs) StdoutLine: {'line': b'-- Up-to-date symlink: /home/carlos/ros2_ws/install/px4_msgs/include/px4_msgs/px4_msgs/msg/rover_speed_setpoint.hpp\n'}
[1.802841] (px4_msgs) StdoutLine: {'line': b'-- Up-to-date symlink: /home/carlos/ros2_ws/install/px4_msgs/include/px4_msgs/px4_msgs/msg/rover_speed_status.hpp\n'}
[1.802921] (px4_msgs) StdoutLine: {'line': b'-- Up-to-date symlink: /home/carlos/ros2_ws/install/px4_msgs/include/px4_msgs/px4_msgs/msg/rover_steering_setpoint.hpp\n'}
[1.802972] (-) TimerEvent: {}
[1.803050] (px4_msgs) StdoutLine: {'line': b'-- Up-to-date symlink: /home/carlos/ros2_ws/install/px4_msgs/include/px4_msgs/px4_msgs/msg/rover_throttle_setpoint.hpp\n'}
[1.803146] (px4_msgs) StdoutLine: {'line': b'-- Up-to-date symlink: /home/carlos/ros2_ws/install/px4_msgs/include/px4_msgs/px4_msgs/msg/rpm.hpp\n'}
[1.803235] (px4_msgs) StdoutLine: {'line': b'-- Up-to-date symlink: /home/carlos/ros2_ws/install/px4_msgs/include/px4_msgs/px4_msgs/msg/rtl_status.hpp\n'}
[1.803304] (px4_msgs) StdoutLine: {'line': b'-- Up-to-date symlink: /home/carlos/ros2_ws/install/px4_msgs/include/px4_msgs/px4_msgs/msg/rtl_time_estimate.hpp\n'}
[1.803390] (px4_msgs) StdoutLine: {'line': b'-- Up-to-date symlink: /home/carlos/ros2_ws/install/px4_msgs/include/px4_msgs/px4_msgs/msg/satellite_info.hpp\n'}
[1.803498] (px4_msgs) StdoutLine: {'line': b'-- Up-to-date symlink: /home/carlos/ros2_ws/install/px4_msgs/include/px4_msgs/px4_msgs/msg/sensor_accel.hpp\n'}
[1.803553] (px4_msgs) StdoutLine: {'line': b'-- Up-to-date symlink: /home/carlos/ros2_ws/install/px4_msgs/include/px4_msgs/px4_msgs/msg/sensor_accel_fifo.hpp\n'}
[1.803649] (px4_msgs) StdoutLine: {'line': b'-- Up-to-date symlink: /home/carlos/ros2_ws/install/px4_msgs/include/px4_msgs/px4_msgs/msg/sensor_airflow.hpp\n'}
[1.803737] (px4_msgs) StdoutLine: {'line': b'-- Up-to-date symlink: /home/carlos/ros2_ws/install/px4_msgs/include/px4_msgs/px4_msgs/msg/sensor_baro.hpp\n'}
[1.803802] (px4_msgs) StdoutLine: {'line': b'-- Up-to-date symlink: /home/carlos/ros2_ws/install/px4_msgs/include/px4_msgs/px4_msgs/msg/sensor_combined.hpp\n'}
[1.803886] (px4_msgs) StdoutLine: {'line': b'-- Up-to-date symlink: /home/carlos/ros2_ws/install/px4_msgs/include/px4_msgs/px4_msgs/msg/sensor_correction.hpp\n'}
[1.803973] (px4_msgs) StdoutLine: {'line': b'-- Up-to-date symlink: /home/carlos/ros2_ws/install/px4_msgs/include/px4_msgs/px4_msgs/msg/sensor_gnss_relative.hpp\n'}
[1.804092] (px4_msgs) StdoutLine: {'line': b'-- Up-to-date symlink: /home/carlos/ros2_ws/install/px4_msgs/include/px4_msgs/px4_msgs/msg/sensor_gnss_status.hpp\n'}
[1.804180] (px4_msgs) StdoutLine: {'line': b'-- Up-to-date symlink: /home/carlos/ros2_ws/install/px4_msgs/include/px4_msgs/px4_msgs/msg/sensor_gps.hpp\n'}
[1.804264] (px4_msgs) StdoutLine: {'line': b'-- Up-to-date symlink: /home/carlos/ros2_ws/install/px4_msgs/include/px4_msgs/px4_msgs/msg/sensor_gyro.hpp\n'}
[1.804358] (px4_msgs) StdoutLine: {'line': b'-- Up-to-date symlink: /home/carlos/ros2_ws/install/px4_msgs/include/px4_msgs/px4_msgs/msg/sensor_gyro_fft.hpp\n'}
[1.804450] (px4_msgs) StdoutLine: {'line': b'-- Up-to-date symlink: /home/carlos/ros2_ws/install/px4_msgs/include/px4_msgs/px4_msgs/msg/sensor_gyro_fifo.hpp\n'}
[1.804522] (px4_msgs) StdoutLine: {'line': b'-- Up-to-date symlink: /home/carlos/ros2_ws/install/px4_msgs/include/px4_msgs/px4_msgs/msg/sensor_hygrometer.hpp\n'}
[1.804606] (px4_msgs) StdoutLine: {'line': b'-- Up-to-date symlink: /home/carlos/ros2_ws/install/px4_msgs/include/px4_msgs/px4_msgs/msg/sensor_mag.hpp\n'}
[1.804693] (px4_msgs) StdoutLine: {'line': b'-- Up-to-date symlink: /home/carlos/ros2_ws/install/px4_msgs/include/px4_msgs/px4_msgs/msg/sensor_optical_flow.hpp\n'}
[1.804774] (px4_msgs) StdoutLine: {'line': b'-- Up-to-date symlink: /home/carlos/ros2_ws/install/px4_msgs/include/px4_msgs/px4_msgs/msg/sensor_preflight_mag.hpp\n'}
[1.804860] (px4_msgs) StdoutLine: {'line': b'-- Up-to-date symlink: /home/carlos/ros2_ws/install/px4_msgs/include/px4_msgs/px4_msgs/msg/sensor_selection.hpp\n'}
[1.804926] (px4_msgs) StdoutLine: {'line': b'-- Up-to-date symlink: /home/carlos/ros2_ws/install/px4_msgs/include/px4_msgs/px4_msgs/msg/sensor_uwb.hpp\n'}
[1.805012] (px4_msgs) StdoutLine: {'line': b'-- Up-to-date symlink: /home/carlos/ros2_ws/install/px4_msgs/include/px4_msgs/px4_msgs/msg/sensors_status.hpp\n'}
[1.805104] (px4_msgs) StdoutLine: {'line': b'-- Up-to-date symlink: /home/carlos/ros2_ws/install/px4_msgs/include/px4_msgs/px4_msgs/msg/sensors_status_imu.hpp\n'}
[1.805169] (px4_msgs) StdoutLine: {'line': b'-- Up-to-date symlink: /home/carlos/ros2_ws/install/px4_msgs/include/px4_msgs/px4_msgs/msg/system_power.hpp\n'}
[1.805254] (px4_msgs) StdoutLine: {'line': b'-- Up-to-date symlink: /home/carlos/ros2_ws/install/px4_msgs/include/px4_msgs/px4_msgs/msg/takeoff_status.hpp\n'}
[1.805357] (px4_msgs) StdoutLine: {'line': b'-- Up-to-date symlink: /home/carlos/ros2_ws/install/px4_msgs/include/px4_msgs/px4_msgs/msg/task_stack_info.hpp\n'}
[1.805454] (px4_msgs) StdoutLine: {'line': b'-- Up-to-date symlink: /home/carlos/ros2_ws/install/px4_msgs/include/px4_msgs/px4_msgs/msg/tecs_status.hpp\n'}
[1.805562] (px4_msgs) StdoutLine: {'line': b'-- Up-to-date symlink: /home/carlos/ros2_ws/install/px4_msgs/include/px4_msgs/px4_msgs/msg/telemetry_status.hpp\n'}
[1.805657] (px4_msgs) StdoutLine: {'line': b'-- Up-to-date symlink: /home/carlos/ros2_ws/install/px4_msgs/include/px4_msgs/px4_msgs/msg/tiltrotor_extra_controls.hpp\n'}
[1.805766] (px4_msgs) StdoutLine: {'line': b'-- Up-to-date symlink: /home/carlos/ros2_ws/install/px4_msgs/include/px4_msgs/px4_msgs/msg/timesync_status.hpp\n'}
[1.805822] (px4_msgs) StdoutLine: {'line': b'-- Up-to-date symlink: /home/carlos/ros2_ws/install/px4_msgs/include/px4_msgs/px4_msgs/msg/trajectory_setpoint.hpp\n'}
[1.805924] (px4_msgs) StdoutLine: {'line': b'-- Up-to-date symlink: /home/carlos/ros2_ws/install/px4_msgs/include/px4_msgs/px4_msgs/msg/trajectory_setpoint6dof.hpp\n'}
[1.805987] (px4_msgs) StdoutLine: {'line': b'-- Up-to-date symlink: /home/carlos/ros2_ws/install/px4_msgs/include/px4_msgs/px4_msgs/msg/transponder_report.hpp\n'}
[1.806079] (px4_msgs) StdoutLine: {'line': b'-- Up-to-date symlink: /home/carlos/ros2_ws/install/px4_msgs/include/px4_msgs/px4_msgs/msg/tune_control.hpp\n'}
[1.806139] (px4_msgs) StdoutLine: {'line': b'-- Up-to-date symlink: /home/carlos/ros2_ws/install/px4_msgs/include/px4_msgs/px4_msgs/msg/uavcan_parameter_request.hpp\n'}
[1.806231] (px4_msgs) StdoutLine: {'line': b'-- Up-to-date symlink: /home/carlos/ros2_ws/install/px4_msgs/include/px4_msgs/px4_msgs/msg/uavcan_parameter_value.hpp\n'}
[1.806287] (px4_msgs) StdoutLine: {'line': b'-- Up-to-date symlink: /home/carlos/ros2_ws/install/px4_msgs/include/px4_msgs/px4_msgs/msg/ulog_stream.hpp\n'}
[1.806378] (px4_msgs) StdoutLine: {'line': b'-- Up-to-date symlink: /home/carlos/ros2_ws/install/px4_msgs/include/px4_msgs/px4_msgs/msg/ulog_stream_ack.hpp\n'}
[1.806438] (px4_msgs) StdoutLine: {'line': b'-- Up-to-date symlink: /home/carlos/ros2_ws/install/px4_msgs/include/px4_msgs/px4_msgs/msg/unregister_ext_component.hpp\n'}
[1.806536] (px4_msgs) StdoutLine: {'line': b'-- Up-to-date symlink: /home/carlos/ros2_ws/install/px4_msgs/include/px4_msgs/px4_msgs/msg/vehicle_acceleration.hpp\n'}
[1.806602] (px4_msgs) StdoutLine: {'line': b'-- Up-to-date symlink: /home/carlos/ros2_ws/install/px4_msgs/include/px4_msgs/px4_msgs/msg/vehicle_air_data.hpp\n'}
[1.806668] (px4_msgs) StdoutLine: {'line': b'-- Up-to-date symlink: /home/carlos/ros2_ws/install/px4_msgs/include/px4_msgs/px4_msgs/msg/vehicle_angular_acceleration_setpoint.hpp\n'}
[1.806741] (px4_msgs) StdoutLine: {'line': b'-- Up-to-date symlink: /home/carlos/ros2_ws/install/px4_msgs/include/px4_msgs/px4_msgs/msg/vehicle_angular_velocity.hpp\n'}
[1.806820] (px4_msgs) StdoutLine: {'line': b'-- Up-to-date symlink: /home/carlos/ros2_ws/install/px4_msgs/include/px4_msgs/px4_msgs/msg/vehicle_attitude.hpp\n'}
[1.806893] (px4_msgs) StdoutLine: {'line': b'-- Up-to-date symlink: /home/carlos/ros2_ws/install/px4_msgs/include/px4_msgs/px4_msgs/msg/vehicle_attitude_setpoint.hpp\n'}
[1.806963] (px4_msgs) StdoutLine: {'line': b'-- Up-to-date symlink: /home/carlos/ros2_ws/install/px4_msgs/include/px4_msgs/px4_msgs/msg/vehicle_command.hpp\n'}
[1.807043] (px4_msgs) StdoutLine: {'line': b'-- Up-to-date symlink: /home/carlos/ros2_ws/install/px4_msgs/include/px4_msgs/px4_msgs/msg/vehicle_command_ack.hpp\n'}
[1.807124] (px4_msgs) StdoutLine: {'line': b'-- Up-to-date symlink: /home/carlos/ros2_ws/install/px4_msgs/include/px4_msgs/px4_msgs/msg/vehicle_constraints.hpp\n'}
[1.807206] (px4_msgs) StdoutLine: {'line': b'-- Up-to-date symlink: /home/carlos/ros2_ws/install/px4_msgs/include/px4_msgs/px4_msgs/msg/vehicle_control_mode.hpp\n'}
[1.807284] (px4_msgs) StdoutLine: {'line': b'-- Up-to-date symlink: /home/carlos/ros2_ws/install/px4_msgs/include/px4_msgs/px4_msgs/msg/vehicle_global_position.hpp\n'}
[1.807365] (px4_msgs) StdoutLine: {'line': b'-- Up-to-date symlink: /home/carlos/ros2_ws/install/px4_msgs/include/px4_msgs/px4_msgs/msg/vehicle_imu.hpp\n'}
[1.807451] (px4_msgs) StdoutLine: {'line': b'-- Up-to-date symlink: /home/carlos/ros2_ws/install/px4_msgs/include/px4_msgs/px4_msgs/msg/vehicle_imu_status.hpp\n'}
[1.807541] (px4_msgs) StdoutLine: {'line': b'-- Up-to-date symlink: /home/carlos/ros2_ws/install/px4_msgs/include/px4_msgs/px4_msgs/msg/vehicle_land_detected.hpp\n'}
[1.807622] (px4_msgs) StdoutLine: {'line': b'-- Up-to-date symlink: /home/carlos/ros2_ws/install/px4_msgs/include/px4_msgs/px4_msgs/msg/vehicle_local_position.hpp\n'}
[1.807703] (px4_msgs) StdoutLine: {'line': b'-- Up-to-date symlink: /home/carlos/ros2_ws/install/px4_msgs/include/px4_msgs/px4_msgs/msg/vehicle_local_position_setpoint.hpp\n'}
[1.807793] (px4_msgs) StdoutLine: {'line': b'-- Up-to-date symlink: /home/carlos/ros2_ws/install/px4_msgs/include/px4_msgs/px4_msgs/msg/vehicle_magnetometer.hpp\n'}
[1.807884] (px4_msgs) StdoutLine: {'line': b'-- Up-to-date symlink: /home/carlos/ros2_ws/install/px4_msgs/include/px4_msgs/px4_msgs/msg/vehicle_odometry.hpp\n'}
[1.807965] (px4_msgs) StdoutLine: {'line': b'-- Up-to-date symlink: /home/carlos/ros2_ws/install/px4_msgs/include/px4_msgs/px4_msgs/msg/vehicle_optical_flow.hpp\n'}
[1.808053] (px4_msgs) StdoutLine: {'line': b'-- Up-to-date symlink: /home/carlos/ros2_ws/install/px4_msgs/include/px4_msgs/px4_msgs/msg/vehicle_optical_flow_vel.hpp\n'}
[1.808136] (px4_msgs) StdoutLine: {'line': b'-- Up-to-date symlink: /home/carlos/ros2_ws/install/px4_msgs/include/px4_msgs/px4_msgs/msg/vehicle_rates_setpoint.hpp\n'}
[1.808217] (px4_msgs) StdoutLine: {'line': b'-- Up-to-date symlink: /home/carlos/ros2_ws/install/px4_msgs/include/px4_msgs/px4_msgs/msg/vehicle_roi.hpp\n'}
[1.808299] (px4_msgs) StdoutLine: {'line': b'-- Up-to-date symlink: /home/carlos/ros2_ws/install/px4_msgs/include/px4_msgs/px4_msgs/msg/vehicle_status.hpp\n'}
[1.808378] (px4_msgs) StdoutLine: {'line': b'-- Up-to-date symlink: /home/carlos/ros2_ws/install/px4_msgs/include/px4_msgs/px4_msgs/msg/vehicle_thrust_setpoint.hpp\n'}
[1.808468] (px4_msgs) StdoutLine: {'line': b'-- Up-to-date symlink: /home/carlos/ros2_ws/install/px4_msgs/include/px4_msgs/px4_msgs/msg/vehicle_torque_setpoint.hpp\n'}
[1.808551] (px4_msgs) StdoutLine: {'line': b'-- Up-to-date symlink: /home/carlos/ros2_ws/install/px4_msgs/include/px4_msgs/px4_msgs/msg/velocity_limits.hpp\n'}
[1.808631] (px4_msgs) StdoutLine: {'line': b'-- Up-to-date symlink: /home/carlos/ros2_ws/install/px4_msgs/include/px4_msgs/px4_msgs/msg/vtol_vehicle_status.hpp\n'}
[1.808712] (px4_msgs) StdoutLine: {'line': b'-- Up-to-date symlink: /home/carlos/ros2_ws/install/px4_msgs/include/px4_msgs/px4_msgs/msg/wheel_encoders.hpp\n'}
[1.808793] (px4_msgs) StdoutLine: {'line': b'-- Up-to-date symlink: /home/carlos/ros2_ws/install/px4_msgs/include/px4_msgs/px4_msgs/msg/wind.hpp\n'}
[1.808873] (px4_msgs) StdoutLine: {'line': b'-- Up-to-date symlink: /home/carlos/ros2_ws/install/px4_msgs/include/px4_msgs/px4_msgs/msg/yaw_estimator_status.hpp\n'}
[1.808959] (px4_msgs) StdoutLine: {'line': b'-- Up-to-date symlink: /home/carlos/ros2_ws/install/px4_msgs/include/px4_msgs/px4_msgs/srv/detail/vehicle_command__builder.hpp\n'}
[1.809046] (px4_msgs) StdoutLine: {'line': b'-- Up-to-date symlink: /home/carlos/ros2_ws/install/px4_msgs/include/px4_msgs/px4_msgs/srv/detail/vehicle_command__struct.hpp\n'}
[1.809130] (px4_msgs) StdoutLine: {'line': b'-- Up-to-date symlink: /home/carlos/ros2_ws/install/px4_msgs/include/px4_msgs/px4_msgs/srv/detail/vehicle_command__traits.hpp\n'}
[1.809217] (px4_msgs) StdoutLine: {'line': b'-- Up-to-date symlink: /home/carlos/ros2_ws/install/px4_msgs/include/px4_msgs/px4_msgs/srv/detail/vehicle_command__type_support.hpp\n'}
[1.809297] (px4_msgs) StdoutLine: {'line': b'-- Up-to-date symlink: /home/carlos/ros2_ws/install/px4_msgs/include/px4_msgs/px4_msgs/srv/vehicle_command.hpp\n'}
[1.815792] (px4_msgs) StdoutLine: {'line': b'-- Up-to-date symlink: /home/carlos/ros2_ws/install/px4_msgs/include/px4_msgs/px4_msgs/msg/detail/action_request__rosidl_typesupport_fastrtps_cpp.hpp\n'}
[1.816038] (px4_msgs) StdoutLine: {'line': b'-- Up-to-date symlink: /home/carlos/ros2_ws/install/px4_msgs/include/px4_msgs/px4_msgs/msg/detail/actuator_armed__rosidl_typesupport_fastrtps_cpp.hpp\n'}
[1.816191] (px4_msgs) StdoutLine: {'line': b'-- Up-to-date symlink: /home/carlos/ros2_ws/install/px4_msgs/include/px4_msgs/px4_msgs/msg/detail/actuator_controls_status__rosidl_typesupport_fastrtps_cpp.hpp\n'}
[1.816338] (px4_msgs) StdoutLine: {'line': b'-- Up-to-date symlink: /home/carlos/ros2_ws/install/px4_msgs/include/px4_msgs/px4_msgs/msg/detail/actuator_motors__rosidl_typesupport_fastrtps_cpp.hpp\n'}
[1.816602] (px4_msgs) StdoutLine: {'line': b'-- Up-to-date symlink: /home/carlos/ros2_ws/install/px4_msgs/include/px4_msgs/px4_msgs/msg/detail/actuator_outputs__rosidl_typesupport_fastrtps_cpp.hpp\n'}
[1.816780] (px4_msgs) StdoutLine: {'line': b'-- Up-to-date symlink: /home/carlos/ros2_ws/install/px4_msgs/include/px4_msgs/px4_msgs/msg/detail/actuator_servos__rosidl_typesupport_fastrtps_cpp.hpp\n'}
[1.816904] (px4_msgs) StdoutLine: {'line': b'-- Up-to-date symlink: /home/carlos/ros2_ws/install/px4_msgs/include/px4_msgs/px4_msgs/msg/detail/actuator_servos_trim__rosidl_typesupport_fastrtps_cpp.hpp\n'}
[1.817020] (px4_msgs) StdoutLine: {'line': b'-- Up-to-date symlink: /home/carlos/ros2_ws/install/px4_msgs/include/px4_msgs/px4_msgs/msg/detail/actuator_test__rosidl_typesupport_fastrtps_cpp.hpp\n'}
[1.817130] (px4_msgs) StdoutLine: {'line': b'-- Up-to-date symlink: /home/carlos/ros2_ws/install/px4_msgs/include/px4_msgs/px4_msgs/msg/detail/adc_report__rosidl_typesupport_fastrtps_cpp.hpp\n'}
[1.817235] (px4_msgs) StdoutLine: {'line': b'-- Up-to-date symlink: /home/carlos/ros2_ws/install/px4_msgs/include/px4_msgs/px4_msgs/msg/detail/airspeed__rosidl_typesupport_fastrtps_cpp.hpp\n'}
[1.817400] (px4_msgs) StdoutLine: {'line': b'-- Up-to-date symlink: /home/carlos/ros2_ws/install/px4_msgs/include/px4_msgs/px4_msgs/msg/detail/airspeed_validated__rosidl_typesupport_fastrtps_cpp.hpp\n'}
[1.817534] (px4_msgs) StdoutLine: {'line': b'-- Up-to-date symlink: /home/carlos/ros2_ws/install/px4_msgs/include/px4_msgs/px4_msgs/msg/detail/airspeed_wind__rosidl_typesupport_fastrtps_cpp.hpp\n'}
[1.817612] (px4_msgs) StdoutLine: {'line': b'-- Up-to-date symlink: /home/carlos/ros2_ws/install/px4_msgs/include/px4_msgs/px4_msgs/msg/detail/arming_check_reply__rosidl_typesupport_fastrtps_cpp.hpp\n'}
[1.817675] (px4_msgs) StdoutLine: {'line': b'-- Up-to-date symlink: /home/carlos/ros2_ws/install/px4_msgs/include/px4_msgs/px4_msgs/msg/detail/arming_check_request__rosidl_typesupport_fastrtps_cpp.hpp\n'}
[1.817734] (px4_msgs) StdoutLine: {'line': b'-- Up-to-date symlink: /home/carlos/ros2_ws/install/px4_msgs/include/px4_msgs/px4_msgs/msg/detail/autotune_attitude_control_status__rosidl_typesupport_fastrtps_cpp.hpp\n'}
[1.817777] (px4_msgs) StdoutLine: {'line': b'-- Up-to-date symlink: /home/carlos/ros2_ws/install/px4_msgs/include/px4_msgs/px4_msgs/msg/detail/battery_info__rosidl_typesupport_fastrtps_cpp.hpp\n'}
[1.817823] (px4_msgs) StdoutLine: {'line': b'-- Up-to-date symlink: /home/carlos/ros2_ws/install/px4_msgs/include/px4_msgs/px4_msgs/msg/detail/battery_status__rosidl_typesupport_fastrtps_cpp.hpp\n'}
[1.817866] (px4_msgs) StdoutLine: {'line': b'-- Up-to-date symlink: /home/carlos/ros2_ws/install/px4_msgs/include/px4_msgs/px4_msgs/msg/detail/button_event__rosidl_typesupport_fastrtps_cpp.hpp\n'}
[1.817912] (px4_msgs) StdoutLine: {'line': b'-- Up-to-date symlink: /home/carlos/ros2_ws/install/px4_msgs/include/px4_msgs/px4_msgs/msg/detail/camera_capture__rosidl_typesupport_fastrtps_cpp.hpp\n'}
[1.817974] (px4_msgs) StdoutLine: {'line': b'-- Up-to-date symlink: /home/carlos/ros2_ws/install/px4_msgs/include/px4_msgs/px4_msgs/msg/detail/camera_status__rosidl_typesupport_fastrtps_cpp.hpp\n'}
[1.818022] (px4_msgs) StdoutLine: {'line': b'-- Up-to-date symlink: /home/carlos/ros2_ws/install/px4_msgs/include/px4_msgs/px4_msgs/msg/detail/camera_trigger__rosidl_typesupport_fastrtps_cpp.hpp\n'}
[1.818067] (px4_msgs) StdoutLine: {'line': b'-- Up-to-date symlink: /home/carlos/ros2_ws/install/px4_msgs/include/px4_msgs/px4_msgs/msg/detail/can_interface_status__rosidl_typesupport_fastrtps_cpp.hpp\n'}
[1.818111] (px4_msgs) StdoutLine: {'line': b'-- Up-to-date symlink: /home/carlos/ros2_ws/install/px4_msgs/include/px4_msgs/px4_msgs/msg/detail/cellular_status__rosidl_typesupport_fastrtps_cpp.hpp\n'}
[1.818155] (px4_msgs) StdoutLine: {'line': b'-- Up-to-date symlink: /home/carlos/ros2_ws/install/px4_msgs/include/px4_msgs/px4_msgs/msg/detail/collision_constraints__rosidl_typesupport_fastrtps_cpp.hpp\n'}
[1.818205] (px4_msgs) StdoutLine: {'line': b'-- Up-to-date symlink: /home/carlos/ros2_ws/install/px4_msgs/include/px4_msgs/px4_msgs/msg/detail/config_overrides__rosidl_typesupport_fastrtps_cpp.hpp\n'}
[1.818272] (px4_msgs) StdoutLine: {'line': b'-- Up-to-date symlink: /home/carlos/ros2_ws/install/px4_msgs/include/px4_msgs/px4_msgs/msg/detail/control_allocator_status__rosidl_typesupport_fastrtps_cpp.hpp\n'}
[1.818323] (px4_msgs) StdoutLine: {'line': b'-- Up-to-date symlink: /home/carlos/ros2_ws/install/px4_msgs/include/px4_msgs/px4_msgs/msg/detail/cpuload__rosidl_typesupport_fastrtps_cpp.hpp\n'}
[1.818369] (px4_msgs) StdoutLine: {'line': b'-- Up-to-date symlink: /home/carlos/ros2_ws/install/px4_msgs/include/px4_msgs/px4_msgs/msg/detail/dataman_request__rosidl_typesupport_fastrtps_cpp.hpp\n'}
[1.818414] (px4_msgs) StdoutLine: {'line': b'-- Up-to-date symlink: /home/carlos/ros2_ws/install/px4_msgs/include/px4_msgs/px4_msgs/msg/detail/dataman_response__rosidl_typesupport_fastrtps_cpp.hpp\n'}
[1.818477] (px4_msgs) StdoutLine: {'line': b'-- Up-to-date symlink: /home/carlos/ros2_ws/install/px4_msgs/include/px4_msgs/px4_msgs/msg/detail/debug_array__rosidl_typesupport_fastrtps_cpp.hpp\n'}
[1.818527] (px4_msgs) StdoutLine: {'line': b'-- Up-to-date symlink: /home/carlos/ros2_ws/install/px4_msgs/include/px4_msgs/px4_msgs/msg/detail/debug_key_value__rosidl_typesupport_fastrtps_cpp.hpp\n'}
[1.818586] (px4_msgs) StdoutLine: {'line': b'-- Up-to-date symlink: /home/carlos/ros2_ws/install/px4_msgs/include/px4_msgs/px4_msgs/msg/detail/debug_value__rosidl_typesupport_fastrtps_cpp.hpp\n'}
[1.818635] (px4_msgs) StdoutLine: {'line': b'-- Up-to-date symlink: /home/carlos/ros2_ws/install/px4_msgs/include/px4_msgs/px4_msgs/msg/detail/debug_vect__rosidl_typesupport_fastrtps_cpp.hpp\n'}
[1.818695] (px4_msgs) StdoutLine: {'line': b'-- Up-to-date symlink: /home/carlos/ros2_ws/install/px4_msgs/include/px4_msgs/px4_msgs/msg/detail/differential_pressure__rosidl_typesupport_fastrtps_cpp.hpp\n'}
[1.818751] (px4_msgs) StdoutLine: {'line': b'-- Up-to-date symlink: /home/carlos/ros2_ws/install/px4_msgs/include/px4_msgs/px4_msgs/msg/detail/distance_sensor__rosidl_typesupport_fastrtps_cpp.hpp\n'}
[1.818812] (px4_msgs) StdoutLine: {'line': b'-- Up-to-date symlink: /home/carlos/ros2_ws/install/px4_msgs/include/px4_msgs/px4_msgs/msg/detail/distance_sensor_mode_change_request__rosidl_typesupport_fastrtps_cpp.hpp\n'}
[1.818897] (px4_msgs) StdoutLine: {'line': b'-- Up-to-date symlink: /home/carlos/ros2_ws/install/px4_msgs/include/px4_msgs/px4_msgs/msg/detail/dronecan_node_status__rosidl_typesupport_fastrtps_cpp.hpp\n'}
[1.818983] (px4_msgs) StdoutLine: {'line': b'-- Up-to-date symlink: /home/carlos/ros2_ws/install/px4_msgs/include/px4_msgs/px4_msgs/msg/detail/ekf2_timestamps__rosidl_typesupport_fastrtps_cpp.hpp\n'}
[1.819069] (px4_msgs) StdoutLine: {'line': b'-- Up-to-date symlink: /home/carlos/ros2_ws/install/px4_msgs/include/px4_msgs/px4_msgs/msg/detail/esc_report__rosidl_typesupport_fastrtps_cpp.hpp\n'}
[1.819161] (px4_msgs) StdoutLine: {'line': b'-- Up-to-date symlink: /home/carlos/ros2_ws/install/px4_msgs/include/px4_msgs/px4_msgs/msg/detail/esc_status__rosidl_typesupport_fastrtps_cpp.hpp\n'}
[1.819250] (px4_msgs) StdoutLine: {'line': b'-- Up-to-date symlink: /home/carlos/ros2_ws/install/px4_msgs/include/px4_msgs/px4_msgs/msg/detail/estimator_aid_source1d__rosidl_typesupport_fastrtps_cpp.hpp\n'}
[1.819335] (px4_msgs) StdoutLine: {'line': b'-- Up-to-date symlink: /home/carlos/ros2_ws/install/px4_msgs/include/px4_msgs/px4_msgs/msg/detail/estimator_aid_source2d__rosidl_typesupport_fastrtps_cpp.hpp\n'}
[1.819426] (px4_msgs) StdoutLine: {'line': b'-- Up-to-date symlink: /home/carlos/ros2_ws/install/px4_msgs/include/px4_msgs/px4_msgs/msg/detail/estimator_aid_source3d__rosidl_typesupport_fastrtps_cpp.hpp\n'}
[1.819520] (px4_msgs) StdoutLine: {'line': b'-- Up-to-date symlink: /home/carlos/ros2_ws/install/px4_msgs/include/px4_msgs/px4_msgs/msg/detail/estimator_bias3d__rosidl_typesupport_fastrtps_cpp.hpp\n'}
[1.819605] (px4_msgs) StdoutLine: {'line': b'-- Up-to-date symlink: /home/carlos/ros2_ws/install/px4_msgs/include/px4_msgs/px4_msgs/msg/detail/estimator_bias__rosidl_typesupport_fastrtps_cpp.hpp\n'}
[1.819691] (px4_msgs) StdoutLine: {'line': b'-- Up-to-date symlink: /home/carlos/ros2_ws/install/px4_msgs/include/px4_msgs/px4_msgs/msg/detail/estimator_event_flags__rosidl_typesupport_fastrtps_cpp.hpp\n'}
[1.819776] (px4_msgs) StdoutLine: {'line': b'-- Up-to-date symlink: /home/carlos/ros2_ws/install/px4_msgs/include/px4_msgs/px4_msgs/msg/detail/estimator_gps_status__rosidl_typesupport_fastrtps_cpp.hpp\n'}
[1.819861] (px4_msgs) StdoutLine: {'line': b'-- Up-to-date symlink: /home/carlos/ros2_ws/install/px4_msgs/include/px4_msgs/px4_msgs/msg/detail/estimator_innovations__rosidl_typesupport_fastrtps_cpp.hpp\n'}
[1.819948] (px4_msgs) StdoutLine: {'line': b'-- Up-to-date symlink: /home/carlos/ros2_ws/install/px4_msgs/include/px4_msgs/px4_msgs/msg/detail/estimator_selector_status__rosidl_typesupport_fastrtps_cpp.hpp\n'}
[1.820033] (px4_msgs) StdoutLine: {'line': b'-- Up-to-date symlink: /home/carlos/ros2_ws/install/px4_msgs/include/px4_msgs/px4_msgs/msg/detail/estimator_sensor_bias__rosidl_typesupport_fastrtps_cpp.hpp\n'}
[1.820118] (px4_msgs) StdoutLine: {'line': b'-- Up-to-date symlink: /home/carlos/ros2_ws/install/px4_msgs/include/px4_msgs/px4_msgs/msg/detail/estimator_states__rosidl_typesupport_fastrtps_cpp.hpp\n'}
[1.820204] (px4_msgs) StdoutLine: {'line': b'-- Up-to-date symlink: /home/carlos/ros2_ws/install/px4_msgs/include/px4_msgs/px4_msgs/msg/detail/estimator_status__rosidl_typesupport_fastrtps_cpp.hpp\n'}
[1.820289] (px4_msgs) StdoutLine: {'line': b'-- Up-to-date symlink: /home/carlos/ros2_ws/install/px4_msgs/include/px4_msgs/px4_msgs/msg/detail/estimator_status_flags__rosidl_typesupport_fastrtps_cpp.hpp\n'}
[1.820374] (px4_msgs) StdoutLine: {'line': b'-- Up-to-date symlink: /home/carlos/ros2_ws/install/px4_msgs/include/px4_msgs/px4_msgs/msg/detail/event__rosidl_typesupport_fastrtps_cpp.hpp\n'}
[1.820467] (px4_msgs) StdoutLine: {'line': b'-- Up-to-date symlink: /home/carlos/ros2_ws/install/px4_msgs/include/px4_msgs/px4_msgs/msg/detail/failsafe_flags__rosidl_typesupport_fastrtps_cpp.hpp\n'}
[1.820560] (px4_msgs) StdoutLine: {'line': b'-- Up-to-date symlink: /home/carlos/ros2_ws/install/px4_msgs/include/px4_msgs/px4_msgs/msg/detail/failure_detector_status__rosidl_typesupport_fastrtps_cpp.hpp\n'}
[1.820645] (px4_msgs) StdoutLine: {'line': b'-- Up-to-date symlink: /home/carlos/ros2_ws/install/px4_msgs/include/px4_msgs/px4_msgs/msg/detail/figure_eight_status__rosidl_typesupport_fastrtps_cpp.hpp\n'}
[1.820730] (px4_msgs) StdoutLine: {'line': b'-- Up-to-date symlink: /home/carlos/ros2_ws/install/px4_msgs/include/px4_msgs/px4_msgs/msg/detail/fixed_wing_lateral_guidance_status__rosidl_typesupport_fastrtps_cpp.hpp\n'}
[1.820816] (px4_msgs) StdoutLine: {'line': b'-- Up-to-date symlink: /home/carlos/ros2_ws/install/px4_msgs/include/px4_msgs/px4_msgs/msg/detail/fixed_wing_lateral_setpoint__rosidl_typesupport_fastrtps_cpp.hpp\n'}
[1.820902] (px4_msgs) StdoutLine: {'line': b'-- Up-to-date symlink: /home/carlos/ros2_ws/install/px4_msgs/include/px4_msgs/px4_msgs/msg/detail/fixed_wing_lateral_status__rosidl_typesupport_fastrtps_cpp.hpp\n'}
[1.820987] (px4_msgs) StdoutLine: {'line': b'-- Up-to-date symlink: /home/carlos/ros2_ws/install/px4_msgs/include/px4_msgs/px4_msgs/msg/detail/fixed_wing_longitudinal_setpoint__rosidl_typesupport_fastrtps_cpp.hpp\n'}
[1.821078] (px4_msgs) StdoutLine: {'line': b'-- Up-to-date symlink: /home/carlos/ros2_ws/install/px4_msgs/include/px4_msgs/px4_msgs/msg/detail/fixed_wing_runway_control__rosidl_typesupport_fastrtps_cpp.hpp\n'}
[1.821164] (px4_msgs) StdoutLine: {'line': b'-- Up-to-date symlink: /home/carlos/ros2_ws/install/px4_msgs/include/px4_msgs/px4_msgs/msg/detail/flight_phase_estimation__rosidl_typesupport_fastrtps_cpp.hpp\n'}
[1.821250] (px4_msgs) StdoutLine: {'line': b'-- Up-to-date symlink: /home/carlos/ros2_ws/install/px4_msgs/include/px4_msgs/px4_msgs/msg/detail/follow_target__rosidl_typesupport_fastrtps_cpp.hpp\n'}
[1.821335] (px4_msgs) StdoutLine: {'line': b'-- Up-to-date symlink: /home/carlos/ros2_ws/install/px4_msgs/include/px4_msgs/px4_msgs/msg/detail/follow_target_estimator__rosidl_typesupport_fastrtps_cpp.hpp\n'}
[1.821421] (px4_msgs) StdoutLine: {'line': b'-- Up-to-date symlink: /home/carlos/ros2_ws/install/px4_msgs/include/px4_msgs/px4_msgs/msg/detail/follow_target_status__rosidl_typesupport_fastrtps_cpp.hpp\n'}
[1.821516] (px4_msgs) StdoutLine: {'line': b'-- Up-to-date symlink: /home/carlos/ros2_ws/install/px4_msgs/include/px4_msgs/px4_msgs/msg/detail/fuel_tank_status__rosidl_typesupport_fastrtps_cpp.hpp\n'}
[1.821602] (px4_msgs) StdoutLine: {'line': b'-- Up-to-date symlink: /home/carlos/ros2_ws/install/px4_msgs/include/px4_msgs/px4_msgs/msg/detail/generator_status__rosidl_typesupport_fastrtps_cpp.hpp\n'}
[1.821687] (px4_msgs) StdoutLine: {'line': b'-- Up-to-date symlink: /home/carlos/ros2_ws/install/px4_msgs/include/px4_msgs/px4_msgs/msg/detail/geofence_result__rosidl_typesupport_fastrtps_cpp.hpp\n'}
[1.821772] (px4_msgs) StdoutLine: {'line': b'-- Up-to-date symlink: /home/carlos/ros2_ws/install/px4_msgs/include/px4_msgs/px4_msgs/msg/detail/geofence_status__rosidl_typesupport_fastrtps_cpp.hpp\n'}
[1.821858] (px4_msgs) StdoutLine: {'line': b'-- Up-to-date symlink: /home/carlos/ros2_ws/install/px4_msgs/include/px4_msgs/px4_msgs/msg/detail/gimbal_controls__rosidl_typesupport_fastrtps_cpp.hpp\n'}
[1.821945] (px4_msgs) StdoutLine: {'line': b'-- Up-to-date symlink: /home/carlos/ros2_ws/install/px4_msgs/include/px4_msgs/px4_msgs/msg/detail/gimbal_device_attitude_status__rosidl_typesupport_fastrtps_cpp.hpp\n'}
[1.822030] (px4_msgs) StdoutLine: {'line': b'-- Up-to-date symlink: /home/carlos/ros2_ws/install/px4_msgs/include/px4_msgs/px4_msgs/msg/detail/gimbal_device_information__rosidl_typesupport_fastrtps_cpp.hpp\n'}
[1.822121] (px4_msgs) StdoutLine: {'line': b'-- Up-to-date symlink: /home/carlos/ros2_ws/install/px4_msgs/include/px4_msgs/px4_msgs/msg/detail/gimbal_device_set_attitude__rosidl_typesupport_fastrtps_cpp.hpp\n'}
[1.822208] (px4_msgs) StdoutLine: {'line': b'-- Up-to-date symlink: /home/carlos/ros2_ws/install/px4_msgs/include/px4_msgs/px4_msgs/msg/detail/gimbal_manager_information__rosidl_typesupport_fastrtps_cpp.hpp\n'}
[1.822288] (px4_msgs) StdoutLine: {'line': b'-- Up-to-date symlink: /home/carlos/ros2_ws/install/px4_msgs/include/px4_msgs/px4_msgs/msg/detail/gimbal_manager_set_attitude__rosidl_typesupport_fastrtps_cpp.hpp\n'}
[1.822373] (px4_msgs) StdoutLine: {'line': b'-- Up-to-date symlink: /home/carlos/ros2_ws/install/px4_msgs/include/px4_msgs/px4_msgs/msg/detail/gimbal_manager_set_manual_control__rosidl_typesupport_fastrtps_cpp.hpp\n'}
[1.822467] (px4_msgs) StdoutLine: {'line': b'-- Up-to-date symlink: /home/carlos/ros2_ws/install/px4_msgs/include/px4_msgs/px4_msgs/msg/detail/gimbal_manager_status__rosidl_typesupport_fastrtps_cpp.hpp\n'}
[1.822554] (px4_msgs) StdoutLine: {'line': b'-- Up-to-date symlink: /home/carlos/ros2_ws/install/px4_msgs/include/px4_msgs/px4_msgs/msg/detail/goto_setpoint__rosidl_typesupport_fastrtps_cpp.hpp\n'}
[1.822640] (px4_msgs) StdoutLine: {'line': b'-- Up-to-date symlink: /home/carlos/ros2_ws/install/px4_msgs/include/px4_msgs/px4_msgs/msg/detail/gpio_config__rosidl_typesupport_fastrtps_cpp.hpp\n'}
[1.822725] (px4_msgs) StdoutLine: {'line': b'-- Up-to-date symlink: /home/carlos/ros2_ws/install/px4_msgs/include/px4_msgs/px4_msgs/msg/detail/gpio_in__rosidl_typesupport_fastrtps_cpp.hpp\n'}
[1.822812] (px4_msgs) StdoutLine: {'line': b'-- Up-to-date symlink: /home/carlos/ros2_ws/install/px4_msgs/include/px4_msgs/px4_msgs/msg/detail/gpio_out__rosidl_typesupport_fastrtps_cpp.hpp\n'}
[1.822898] (px4_msgs) StdoutLine: {'line': b'-- Up-to-date symlink: /home/carlos/ros2_ws/install/px4_msgs/include/px4_msgs/px4_msgs/msg/detail/gpio_request__rosidl_typesupport_fastrtps_cpp.hpp\n'}
[1.822984] (px4_msgs) StdoutLine: {'line': b'-- Up-to-date symlink: /home/carlos/ros2_ws/install/px4_msgs/include/px4_msgs/px4_msgs/msg/detail/gps_dump__rosidl_typesupport_fastrtps_cpp.hpp\n'}
[1.823070] (px4_msgs) StdoutLine: {'line': b'-- Up-to-date symlink: /home/carlos/ros2_ws/install/px4_msgs/include/px4_msgs/px4_msgs/msg/detail/gps_inject_data__rosidl_typesupport_fastrtps_cpp.hpp\n'}
[1.823156] (px4_msgs) StdoutLine: {'line': b'-- Up-to-date symlink: /home/carlos/ros2_ws/install/px4_msgs/include/px4_msgs/px4_msgs/msg/detail/gripper__rosidl_typesupport_fastrtps_cpp.hpp\n'}
[1.823242] (px4_msgs) StdoutLine: {'line': b'-- Up-to-date symlink: /home/carlos/ros2_ws/install/px4_msgs/include/px4_msgs/px4_msgs/msg/detail/health_report__rosidl_typesupport_fastrtps_cpp.hpp\n'}
[1.823327] (px4_msgs) StdoutLine: {'line': b'-- Up-to-date symlink: /home/carlos/ros2_ws/install/px4_msgs/include/px4_msgs/px4_msgs/msg/detail/heater_status__rosidl_typesupport_fastrtps_cpp.hpp\n'}
[1.823413] (px4_msgs) StdoutLine: {'line': b'-- Up-to-date symlink: /home/carlos/ros2_ws/install/px4_msgs/include/px4_msgs/px4_msgs/msg/detail/home_position__rosidl_typesupport_fastrtps_cpp.hpp\n'}
[1.823605] (px4_msgs) StdoutLine: {'line': b'-- Up-to-date symlink: /home/carlos/ros2_ws/install/px4_msgs/include/px4_msgs/px4_msgs/msg/detail/hover_thrust_estimate__rosidl_typesupport_fastrtps_cpp.hpp\n'}
[1.823750] (px4_msgs) StdoutLine: {'line': b'-- Up-to-date symlink: /home/carlos/ros2_ws/install/px4_msgs/include/px4_msgs/px4_msgs/msg/detail/input_rc__rosidl_typesupport_fastrtps_cpp.hpp\n'}
[1.823870] (px4_msgs) StdoutLine: {'line': b'-- Up-to-date symlink: /home/carlos/ros2_ws/install/px4_msgs/include/px4_msgs/px4_msgs/msg/detail/internal_combustion_engine_control__rosidl_typesupport_fastrtps_cpp.hpp\n'}
[1.824024] (px4_msgs) StdoutLine: {'line': b'-- Up-to-date symlink: /home/carlos/ros2_ws/install/px4_msgs/include/px4_msgs/px4_msgs/msg/detail/internal_combustion_engine_status__rosidl_typesupport_fastrtps_cpp.hpp\n'}
[1.824138] (px4_msgs) StdoutLine: {'line': b'-- Up-to-date symlink: /home/carlos/ros2_ws/install/px4_msgs/include/px4_msgs/px4_msgs/msg/detail/iridiumsbd_status__rosidl_typesupport_fastrtps_cpp.hpp\n'}
[1.824246] (px4_msgs) StdoutLine: {'line': b'-- Up-to-date symlink: /home/carlos/ros2_ws/install/px4_msgs/include/px4_msgs/px4_msgs/msg/detail/irlock_report__rosidl_typesupport_fastrtps_cpp.hpp\n'}
[1.824403] (px4_msgs) StdoutLine: {'line': b'-- Up-to-date symlink: /home/carlos/ros2_ws/install/px4_msgs/include/px4_msgs/px4_msgs/msg/detail/landing_gear__rosidl_typesupport_fastrtps_cpp.hpp\n'}
[1.824528] (px4_msgs) StdoutLine: {'line': b'-- Up-to-date symlink: /home/carlos/ros2_ws/install/px4_msgs/include/px4_msgs/px4_msgs/msg/detail/landing_gear_wheel__rosidl_typesupport_fastrtps_cpp.hpp\n'}
[1.824636] (px4_msgs) StdoutLine: {'line': b'-- Up-to-date symlink: /home/carlos/ros2_ws/install/px4_msgs/include/px4_msgs/px4_msgs/msg/detail/landing_target_innovations__rosidl_typesupport_fastrtps_cpp.hpp\n'}
[1.824708] (px4_msgs) StdoutLine: {'line': b'-- Up-to-date symlink: /home/carlos/ros2_ws/install/px4_msgs/include/px4_msgs/px4_msgs/msg/detail/landing_target_pose__rosidl_typesupport_fastrtps_cpp.hpp\n'}
[1.824780] (px4_msgs) StdoutLine: {'line': b'-- Up-to-date symlink: /home/carlos/ros2_ws/install/px4_msgs/include/px4_msgs/px4_msgs/msg/detail/lateral_control_configuration__rosidl_typesupport_fastrtps_cpp.hpp\n'}
[1.824826] (px4_msgs) StdoutLine: {'line': b'-- Up-to-date symlink: /home/carlos/ros2_ws/install/px4_msgs/include/px4_msgs/px4_msgs/msg/detail/launch_detection_status__rosidl_typesupport_fastrtps_cpp.hpp\n'}
[1.824872] (px4_msgs) StdoutLine: {'line': b'-- Up-to-date symlink: /home/carlos/ros2_ws/install/px4_msgs/include/px4_msgs/px4_msgs/msg/detail/led_control__rosidl_typesupport_fastrtps_cpp.hpp\n'}
[1.824916] (px4_msgs) StdoutLine: {'line': b'-- Up-to-date symlink: /home/carlos/ros2_ws/install/px4_msgs/include/px4_msgs/px4_msgs/msg/detail/log_message__rosidl_typesupport_fastrtps_cpp.hpp\n'}
[1.824962] (px4_msgs) StdoutLine: {'line': b'-- Up-to-date symlink: /home/carlos/ros2_ws/install/px4_msgs/include/px4_msgs/px4_msgs/msg/detail/logger_status__rosidl_typesupport_fastrtps_cpp.hpp\n'}
[1.825042] (px4_msgs) StdoutLine: {'line': b'-- Up-to-date symlink: /home/carlos/ros2_ws/install/px4_msgs/include/px4_msgs/px4_msgs/msg/detail/longitudinal_control_configuration__rosidl_typesupport_fastrtps_cpp.hpp\n'}
[1.825162] (px4_msgs) StdoutLine: {'line': b'-- Up-to-date symlink: /home/carlos/ros2_ws/install/px4_msgs/include/px4_msgs/px4_msgs/msg/detail/mag_worker_data__rosidl_typesupport_fastrtps_cpp.hpp\n'}
[1.825232] (px4_msgs) StdoutLine: {'line': b'-- Up-to-date symlink: /home/carlos/ros2_ws/install/px4_msgs/include/px4_msgs/px4_msgs/msg/detail/magnetometer_bias_estimate__rosidl_typesupport_fastrtps_cpp.hpp\n'}
[1.825311] (px4_msgs) StdoutLine: {'line': b'-- Up-to-date symlink: /home/carlos/ros2_ws/install/px4_msgs/include/px4_msgs/px4_msgs/msg/detail/manual_control_setpoint__rosidl_typesupport_fastrtps_cpp.hpp\n'}
[1.825390] (px4_msgs) StdoutLine: {'line': b'-- Up-to-date symlink: /home/carlos/ros2_ws/install/px4_msgs/include/px4_msgs/px4_msgs/msg/detail/manual_control_switches__rosidl_typesupport_fastrtps_cpp.hpp\n'}
[1.825474] (px4_msgs) StdoutLine: {'line': b'-- Up-to-date symlink: /home/carlos/ros2_ws/install/px4_msgs/include/px4_msgs/px4_msgs/msg/detail/mavlink_log__rosidl_typesupport_fastrtps_cpp.hpp\n'}
[1.825567] (px4_msgs) StdoutLine: {'line': b'-- Up-to-date symlink: /home/carlos/ros2_ws/install/px4_msgs/include/px4_msgs/px4_msgs/msg/detail/mavlink_tunnel__rosidl_typesupport_fastrtps_cpp.hpp\n'}
[1.825650] (px4_msgs) StdoutLine: {'line': b'-- Up-to-date symlink: /home/carlos/ros2_ws/install/px4_msgs/include/px4_msgs/px4_msgs/msg/detail/message_format_request__rosidl_typesupport_fastrtps_cpp.hpp\n'}
[1.825728] (px4_msgs) StdoutLine: {'line': b'-- Up-to-date symlink: /home/carlos/ros2_ws/install/px4_msgs/include/px4_msgs/px4_msgs/msg/detail/message_format_response__rosidl_typesupport_fastrtps_cpp.hpp\n'}
[1.825800] (px4_msgs) StdoutLine: {'line': b'-- Up-to-date symlink: /home/carlos/ros2_ws/install/px4_msgs/include/px4_msgs/px4_msgs/msg/detail/mission__rosidl_typesupport_fastrtps_cpp.hpp\n'}
[1.825879] (px4_msgs) StdoutLine: {'line': b'-- Up-to-date symlink: /home/carlos/ros2_ws/install/px4_msgs/include/px4_msgs/px4_msgs/msg/detail/mission_result__rosidl_typesupport_fastrtps_cpp.hpp\n'}
[1.825956] (px4_msgs) StdoutLine: {'line': b'-- Up-to-date symlink: /home/carlos/ros2_ws/install/px4_msgs/include/px4_msgs/px4_msgs/msg/detail/mode_completed__rosidl_typesupport_fastrtps_cpp.hpp\n'}
[1.826019] (px4_msgs) StdoutLine: {'line': b'-- Up-to-date symlink: /home/carlos/ros2_ws/install/px4_msgs/include/px4_msgs/px4_msgs/msg/detail/mount_orientation__rosidl_typesupport_fastrtps_cpp.hpp\n'}
[1.826090] (px4_msgs) StdoutLine: {'line': b'-- Up-to-date symlink: /home/carlos/ros2_ws/install/px4_msgs/include/px4_msgs/px4_msgs/msg/detail/navigator_mission_item__rosidl_typesupport_fastrtps_cpp.hpp\n'}
[1.826166] (px4_msgs) StdoutLine: {'line': b'-- Up-to-date symlink: /home/carlos/ros2_ws/install/px4_msgs/include/px4_msgs/px4_msgs/msg/detail/navigator_status__rosidl_typesupport_fastrtps_cpp.hpp\n'}
[1.826216] (px4_msgs) StdoutLine: {'line': b'-- Up-to-date symlink: /home/carlos/ros2_ws/install/px4_msgs/include/px4_msgs/px4_msgs/msg/detail/neural_control__rosidl_typesupport_fastrtps_cpp.hpp\n'}
[1.826278] (px4_msgs) StdoutLine: {'line': b'-- Up-to-date symlink: /home/carlos/ros2_ws/install/px4_msgs/include/px4_msgs/px4_msgs/msg/detail/normalized_unsigned_setpoint__rosidl_typesupport_fastrtps_cpp.hpp\n'}
[1.826324] (px4_msgs) StdoutLine: {'line': b'-- Up-to-date symlink: /home/carlos/ros2_ws/install/px4_msgs/include/px4_msgs/px4_msgs/msg/detail/obstacle_distance__rosidl_typesupport_fastrtps_cpp.hpp\n'}
[1.826382] (px4_msgs) StdoutLine: {'line': b'-- Up-to-date symlink: /home/carlos/ros2_ws/install/px4_msgs/include/px4_msgs/px4_msgs/msg/detail/offboard_control_mode__rosidl_typesupport_fastrtps_cpp.hpp\n'}
[1.826447] (px4_msgs) StdoutLine: {'line': b'-- Up-to-date symlink: /home/carlos/ros2_ws/install/px4_msgs/include/px4_msgs/px4_msgs/msg/detail/onboard_computer_status__rosidl_typesupport_fastrtps_cpp.hpp\n'}
[1.826548] (px4_msgs) StdoutLine: {'line': b'-- Up-to-date symlink: /home/carlos/ros2_ws/install/px4_msgs/include/px4_msgs/px4_msgs/msg/detail/open_drone_id_arm_status__rosidl_typesupport_fastrtps_cpp.hpp\n'}
[1.826633] (px4_msgs) StdoutLine: {'line': b'-- Up-to-date symlink: /home/carlos/ros2_ws/install/px4_msgs/include/px4_msgs/px4_msgs/msg/detail/open_drone_id_operator_id__rosidl_typesupport_fastrtps_cpp.hpp\n'}
[1.826718] (px4_msgs) StdoutLine: {'line': b'-- Up-to-date symlink: /home/carlos/ros2_ws/install/px4_msgs/include/px4_msgs/px4_msgs/msg/detail/open_drone_id_self_id__rosidl_typesupport_fastrtps_cpp.hpp\n'}
[1.826803] (px4_msgs) StdoutLine: {'line': b'-- Up-to-date symlink: /home/carlos/ros2_ws/install/px4_msgs/include/px4_msgs/px4_msgs/msg/detail/open_drone_id_system__rosidl_typesupport_fastrtps_cpp.hpp\n'}
[1.826888] (px4_msgs) StdoutLine: {'line': b'-- Up-to-date symlink: /home/carlos/ros2_ws/install/px4_msgs/include/px4_msgs/px4_msgs/msg/detail/orb_test__rosidl_typesupport_fastrtps_cpp.hpp\n'}
[1.826973] (px4_msgs) StdoutLine: {'line': b'-- Up-to-date symlink: /home/carlos/ros2_ws/install/px4_msgs/include/px4_msgs/px4_msgs/msg/detail/orb_test_large__rosidl_typesupport_fastrtps_cpp.hpp\n'}
[1.827058] (px4_msgs) StdoutLine: {'line': b'-- Up-to-date symlink: /home/carlos/ros2_ws/install/px4_msgs/include/px4_msgs/px4_msgs/msg/detail/orb_test_medium__rosidl_typesupport_fastrtps_cpp.hpp\n'}
[1.827143] (px4_msgs) StdoutLine: {'line': b'-- Up-to-date symlink: /home/carlos/ros2_ws/install/px4_msgs/include/px4_msgs/px4_msgs/msg/detail/orbit_status__rosidl_typesupport_fastrtps_cpp.hpp\n'}
[1.827228] (px4_msgs) StdoutLine: {'line': b'-- Up-to-date symlink: /home/carlos/ros2_ws/install/px4_msgs/include/px4_msgs/px4_msgs/msg/detail/parameter_reset_request__rosidl_typesupport_fastrtps_cpp.hpp\n'}
[1.827313] (px4_msgs) StdoutLine: {'line': b'-- Up-to-date symlink: /home/carlos/ros2_ws/install/px4_msgs/include/px4_msgs/px4_msgs/msg/detail/parameter_set_used_request__rosidl_typesupport_fastrtps_cpp.hpp\n'}
[1.827399] (px4_msgs) StdoutLine: {'line': b'-- Up-to-date symlink: /home/carlos/ros2_ws/install/px4_msgs/include/px4_msgs/px4_msgs/msg/detail/parameter_set_value_request__rosidl_typesupport_fastrtps_cpp.hpp\n'}
[1.827495] (px4_msgs) StdoutLine: {'line': b'-- Up-to-date symlink: /home/carlos/ros2_ws/install/px4_msgs/include/px4_msgs/px4_msgs/msg/detail/parameter_set_value_response__rosidl_typesupport_fastrtps_cpp.hpp\n'}
[1.827581] (px4_msgs) StdoutLine: {'line': b'-- Up-to-date symlink: /home/carlos/ros2_ws/install/px4_msgs/include/px4_msgs/px4_msgs/msg/detail/parameter_update__rosidl_typesupport_fastrtps_cpp.hpp\n'}
[1.827667] (px4_msgs) StdoutLine: {'line': b'-- Up-to-date symlink: /home/carlos/ros2_ws/install/px4_msgs/include/px4_msgs/px4_msgs/msg/detail/ping__rosidl_typesupport_fastrtps_cpp.hpp\n'}
[1.827752] (px4_msgs) StdoutLine: {'line': b'-- Up-to-date symlink: /home/carlos/ros2_ws/install/px4_msgs/include/px4_msgs/px4_msgs/msg/detail/position_controller_landing_status__rosidl_typesupport_fastrtps_cpp.hpp\n'}
[1.827837] (px4_msgs) StdoutLine: {'line': b'-- Up-to-date symlink: /home/carlos/ros2_ws/install/px4_msgs/include/px4_msgs/px4_msgs/msg/detail/position_controller_status__rosidl_typesupport_fastrtps_cpp.hpp\n'}
[1.827924] (px4_msgs) StdoutLine: {'line': b'-- Up-to-date symlink: /home/carlos/ros2_ws/install/px4_msgs/include/px4_msgs/px4_msgs/msg/detail/position_setpoint__rosidl_typesupport_fastrtps_cpp.hpp\n'}
[1.828008] (px4_msgs) StdoutLine: {'line': b'-- Up-to-date symlink: /home/carlos/ros2_ws/install/px4_msgs/include/px4_msgs/px4_msgs/msg/detail/position_setpoint_triplet__rosidl_typesupport_fastrtps_cpp.hpp\n'}
[1.828092] (px4_msgs) StdoutLine: {'line': b'-- Up-to-date symlink: /home/carlos/ros2_ws/install/px4_msgs/include/px4_msgs/px4_msgs/msg/detail/power_button_state__rosidl_typesupport_fastrtps_cpp.hpp\n'}
[1.828177] (px4_msgs) StdoutLine: {'line': b'-- Up-to-date symlink: /home/carlos/ros2_ws/install/px4_msgs/include/px4_msgs/px4_msgs/msg/detail/power_monitor__rosidl_typesupport_fastrtps_cpp.hpp\n'}
[1.828263] (px4_msgs) StdoutLine: {'line': b'-- Up-to-date symlink: /home/carlos/ros2_ws/install/px4_msgs/include/px4_msgs/px4_msgs/msg/detail/pps_capture__rosidl_typesupport_fastrtps_cpp.hpp\n'}
[1.828353] (px4_msgs) StdoutLine: {'line': b'-- Up-to-date symlink: /home/carlos/ros2_ws/install/px4_msgs/include/px4_msgs/px4_msgs/msg/detail/pure_pursuit_status__rosidl_typesupport_fastrtps_cpp.hpp\n'}
[1.828449] (px4_msgs) StdoutLine: {'line': b'-- Up-to-date symlink: /home/carlos/ros2_ws/install/px4_msgs/include/px4_msgs/px4_msgs/msg/detail/pwm_input__rosidl_typesupport_fastrtps_cpp.hpp\n'}
[1.828534] (px4_msgs) StdoutLine: {'line': b'-- Up-to-date symlink: /home/carlos/ros2_ws/install/px4_msgs/include/px4_msgs/px4_msgs/msg/detail/px4io_status__rosidl_typesupport_fastrtps_cpp.hpp\n'}
[1.828620] (px4_msgs) StdoutLine: {'line': b'-- Up-to-date symlink: /home/carlos/ros2_ws/install/px4_msgs/include/px4_msgs/px4_msgs/msg/detail/qshell_req__rosidl_typesupport_fastrtps_cpp.hpp\n'}
[1.828706] (px4_msgs) StdoutLine: {'line': b'-- Up-to-date symlink: /home/carlos/ros2_ws/install/px4_msgs/include/px4_msgs/px4_msgs/msg/detail/qshell_retval__rosidl_typesupport_fastrtps_cpp.hpp\n'}
[1.828790] (px4_msgs) StdoutLine: {'line': b'-- Up-to-date symlink: /home/carlos/ros2_ws/install/px4_msgs/include/px4_msgs/px4_msgs/msg/detail/radio_status__rosidl_typesupport_fastrtps_cpp.hpp\n'}
[1.828876] (px4_msgs) StdoutLine: {'line': b'-- Up-to-date symlink: /home/carlos/ros2_ws/install/px4_msgs/include/px4_msgs/px4_msgs/msg/detail/rate_ctrl_status__rosidl_typesupport_fastrtps_cpp.hpp\n'}
[1.828961] (px4_msgs) StdoutLine: {'line': b'-- Up-to-date symlink: /home/carlos/ros2_ws/install/px4_msgs/include/px4_msgs/px4_msgs/msg/detail/rc_channels__rosidl_typesupport_fastrtps_cpp.hpp\n'}
[1.829045] (px4_msgs) StdoutLine: {'line': b'-- Up-to-date symlink: /home/carlos/ros2_ws/install/px4_msgs/include/px4_msgs/px4_msgs/msg/detail/rc_parameter_map__rosidl_typesupport_fastrtps_cpp.hpp\n'}
[1.829130] (px4_msgs) StdoutLine: {'line': b'-- Up-to-date symlink: /home/carlos/ros2_ws/install/px4_msgs/include/px4_msgs/px4_msgs/msg/detail/register_ext_component_reply__rosidl_typesupport_fastrtps_cpp.hpp\n'}
[1.829215] (px4_msgs) StdoutLine: {'line': b'-- Up-to-date symlink: /home/carlos/ros2_ws/install/px4_msgs/include/px4_msgs/px4_msgs/msg/detail/register_ext_component_request__rosidl_typesupport_fastrtps_cpp.hpp\n'}
[1.829301] (px4_msgs) StdoutLine: {'line': b'-- Up-to-date symlink: /home/carlos/ros2_ws/install/px4_msgs/include/px4_msgs/px4_msgs/msg/detail/rover_attitude_setpoint__rosidl_typesupport_fastrtps_cpp.hpp\n'}
[1.829385] (px4_msgs) StdoutLine: {'line': b'-- Up-to-date symlink: /home/carlos/ros2_ws/install/px4_msgs/include/px4_msgs/px4_msgs/msg/detail/rover_attitude_status__rosidl_typesupport_fastrtps_cpp.hpp\n'}
[1.829474] (px4_msgs) StdoutLine: {'line': b'-- Up-to-date symlink: /home/carlos/ros2_ws/install/px4_msgs/include/px4_msgs/px4_msgs/msg/detail/rover_position_setpoint__rosidl_typesupport_fastrtps_cpp.hpp\n'}
[1.829557] (px4_msgs) StdoutLine: {'line': b'-- Up-to-date symlink: /home/carlos/ros2_ws/install/px4_msgs/include/px4_msgs/px4_msgs/msg/detail/rover_rate_setpoint__rosidl_typesupport_fastrtps_cpp.hpp\n'}
[1.829642] (px4_msgs) StdoutLine: {'line': b'-- Up-to-date symlink: /home/carlos/ros2_ws/install/px4_msgs/include/px4_msgs/px4_msgs/msg/detail/rover_rate_status__rosidl_typesupport_fastrtps_cpp.hpp\n'}
[1.829727] (px4_msgs) StdoutLine: {'line': b'-- Up-to-date symlink: /home/carlos/ros2_ws/install/px4_msgs/include/px4_msgs/px4_msgs/msg/detail/rover_speed_setpoint__rosidl_typesupport_fastrtps_cpp.hpp\n'}
[1.829811] (px4_msgs) StdoutLine: {'line': b'-- Up-to-date symlink: /home/carlos/ros2_ws/install/px4_msgs/include/px4_msgs/px4_msgs/msg/detail/rover_speed_status__rosidl_typesupport_fastrtps_cpp.hpp\n'}
[1.829896] (px4_msgs) StdoutLine: {'line': b'-- Up-to-date symlink: /home/carlos/ros2_ws/install/px4_msgs/include/px4_msgs/px4_msgs/msg/detail/rover_steering_setpoint__rosidl_typesupport_fastrtps_cpp.hpp\n'}
[1.829981] (px4_msgs) StdoutLine: {'line': b'-- Up-to-date symlink: /home/carlos/ros2_ws/install/px4_msgs/include/px4_msgs/px4_msgs/msg/detail/rover_throttle_setpoint__rosidl_typesupport_fastrtps_cpp.hpp\n'}
[1.830067] (px4_msgs) StdoutLine: {'line': b'-- Up-to-date symlink: /home/carlos/ros2_ws/install/px4_msgs/include/px4_msgs/px4_msgs/msg/detail/rpm__rosidl_typesupport_fastrtps_cpp.hpp\n'}
[1.830158] (px4_msgs) StdoutLine: {'line': b'-- Up-to-date symlink: /home/carlos/ros2_ws/install/px4_msgs/include/px4_msgs/px4_msgs/msg/detail/rtl_status__rosidl_typesupport_fastrtps_cpp.hpp\n'}
[1.830245] (px4_msgs) StdoutLine: {'line': b'-- Up-to-date symlink: /home/carlos/ros2_ws/install/px4_msgs/include/px4_msgs/px4_msgs/msg/detail/rtl_time_estimate__rosidl_typesupport_fastrtps_cpp.hpp\n'}
[1.830330] (px4_msgs) StdoutLine: {'line': b'-- Up-to-date symlink: /home/carlos/ros2_ws/install/px4_msgs/include/px4_msgs/px4_msgs/msg/detail/satellite_info__rosidl_typesupport_fastrtps_cpp.hpp\n'}
[1.830415] (px4_msgs) StdoutLine: {'line': b'-- Up-to-date symlink: /home/carlos/ros2_ws/install/px4_msgs/include/px4_msgs/px4_msgs/msg/detail/sensor_accel__rosidl_typesupport_fastrtps_cpp.hpp\n'}
[1.830507] (px4_msgs) StdoutLine: {'line': b'-- Up-to-date symlink: /home/carlos/ros2_ws/install/px4_msgs/include/px4_msgs/px4_msgs/msg/detail/sensor_accel_fifo__rosidl_typesupport_fastrtps_cpp.hpp\n'}
[1.830591] (px4_msgs) StdoutLine: {'line': b'-- Up-to-date symlink: /home/carlos/ros2_ws/install/px4_msgs/include/px4_msgs/px4_msgs/msg/detail/sensor_airflow__rosidl_typesupport_fastrtps_cpp.hpp\n'}
[1.830680] (px4_msgs) StdoutLine: {'line': b'-- Up-to-date symlink: /home/carlos/ros2_ws/install/px4_msgs/include/px4_msgs/px4_msgs/msg/detail/sensor_baro__rosidl_typesupport_fastrtps_cpp.hpp\n'}
[1.830765] (px4_msgs) StdoutLine: {'line': b'-- Up-to-date symlink: /home/carlos/ros2_ws/install/px4_msgs/include/px4_msgs/px4_msgs/msg/detail/sensor_combined__rosidl_typesupport_fastrtps_cpp.hpp\n'}
[1.830850] (px4_msgs) StdoutLine: {'line': b'-- Up-to-date symlink: /home/carlos/ros2_ws/install/px4_msgs/include/px4_msgs/px4_msgs/msg/detail/sensor_correction__rosidl_typesupport_fastrtps_cpp.hpp\n'}
[1.830935] (px4_msgs) StdoutLine: {'line': b'-- Up-to-date symlink: /home/carlos/ros2_ws/install/px4_msgs/include/px4_msgs/px4_msgs/msg/detail/sensor_gnss_relative__rosidl_typesupport_fastrtps_cpp.hpp\n'}
[1.831020] (px4_msgs) StdoutLine: {'line': b'-- Up-to-date symlink: /home/carlos/ros2_ws/install/px4_msgs/include/px4_msgs/px4_msgs/msg/detail/sensor_gnss_status__rosidl_typesupport_fastrtps_cpp.hpp\n'}
[1.831105] (px4_msgs) StdoutLine: {'line': b'-- Up-to-date symlink: /home/carlos/ros2_ws/install/px4_msgs/include/px4_msgs/px4_msgs/msg/detail/sensor_gps__rosidl_typesupport_fastrtps_cpp.hpp\n'}
[1.831190] (px4_msgs) StdoutLine: {'line': b'-- Up-to-date symlink: /home/carlos/ros2_ws/install/px4_msgs/include/px4_msgs/px4_msgs/msg/detail/sensor_gyro__rosidl_typesupport_fastrtps_cpp.hpp\n'}
[1.831275] (px4_msgs) StdoutLine: {'line': b'-- Up-to-date symlink: /home/carlos/ros2_ws/install/px4_msgs/include/px4_msgs/px4_msgs/msg/detail/sensor_gyro_fft__rosidl_typesupport_fastrtps_cpp.hpp\n'}
[1.831361] (px4_msgs) StdoutLine: {'line': b'-- Up-to-date symlink: /home/carlos/ros2_ws/install/px4_msgs/include/px4_msgs/px4_msgs/msg/detail/sensor_gyro_fifo__rosidl_typesupport_fastrtps_cpp.hpp\n'}
[1.831447] (px4_msgs) StdoutLine: {'line': b'-- Up-to-date symlink: /home/carlos/ros2_ws/install/px4_msgs/include/px4_msgs/px4_msgs/msg/detail/sensor_hygrometer__rosidl_typesupport_fastrtps_cpp.hpp\n'}
[1.831538] (px4_msgs) StdoutLine: {'line': b'-- Up-to-date symlink: /home/carlos/ros2_ws/install/px4_msgs/include/px4_msgs/px4_msgs/msg/detail/sensor_mag__rosidl_typesupport_fastrtps_cpp.hpp\n'}
[1.831631] (px4_msgs) StdoutLine: {'line': b'-- Up-to-date symlink: /home/carlos/ros2_ws/install/px4_msgs/include/px4_msgs/px4_msgs/msg/detail/sensor_optical_flow__rosidl_typesupport_fastrtps_cpp.hpp\n'}
[1.831720] (px4_msgs) StdoutLine: {'line': b'-- Up-to-date symlink: /home/carlos/ros2_ws/install/px4_msgs/include/px4_msgs/px4_msgs/msg/detail/sensor_preflight_mag__rosidl_typesupport_fastrtps_cpp.hpp\n'}
[1.831805] (px4_msgs) StdoutLine: {'line': b'-- Up-to-date symlink: /home/carlos/ros2_ws/install/px4_msgs/include/px4_msgs/px4_msgs/msg/detail/sensor_selection__rosidl_typesupport_fastrtps_cpp.hpp\n'}
[1.831897] (px4_msgs) StdoutLine: {'line': b'-- Up-to-date symlink: /home/carlos/ros2_ws/install/px4_msgs/include/px4_msgs/px4_msgs/msg/detail/sensor_uwb__rosidl_typesupport_fastrtps_cpp.hpp\n'}
[1.831982] (px4_msgs) StdoutLine: {'line': b'-- Up-to-date symlink: /home/carlos/ros2_ws/install/px4_msgs/include/px4_msgs/px4_msgs/msg/detail/sensors_status__rosidl_typesupport_fastrtps_cpp.hpp\n'}
[1.832116] (px4_msgs) StdoutLine: {'line': b'-- Up-to-date symlink: /home/carlos/ros2_ws/install/px4_msgs/include/px4_msgs/px4_msgs/msg/detail/sensors_status_imu__rosidl_typesupport_fastrtps_cpp.hpp\n'}
[1.832208] (px4_msgs) StdoutLine: {'line': b'-- Up-to-date symlink: /home/carlos/ros2_ws/install/px4_msgs/include/px4_msgs/px4_msgs/msg/detail/system_power__rosidl_typesupport_fastrtps_cpp.hpp\n'}
[1.832322] (px4_msgs) StdoutLine: {'line': b'-- Up-to-date symlink: /home/carlos/ros2_ws/install/px4_msgs/include/px4_msgs/px4_msgs/msg/detail/takeoff_status__rosidl_typesupport_fastrtps_cpp.hpp\n'}
[1.832400] (px4_msgs) StdoutLine: {'line': b'-- Up-to-date symlink: /home/carlos/ros2_ws/install/px4_msgs/include/px4_msgs/px4_msgs/msg/detail/task_stack_info__rosidl_typesupport_fastrtps_cpp.hpp\n'}
[1.832573] (px4_msgs) StdoutLine: {'line': b'-- Up-to-date symlink: /home/carlos/ros2_ws/install/px4_msgs/include/px4_msgs/px4_msgs/msg/detail/tecs_status__rosidl_typesupport_fastrtps_cpp.hpp\n'}
[1.832716] (px4_msgs) StdoutLine: {'line': b'-- Up-to-date symlink: /home/carlos/ros2_ws/install/px4_msgs/include/px4_msgs/px4_msgs/msg/detail/telemetry_status__rosidl_typesupport_fastrtps_cpp.hpp\n'}
[1.832877] (px4_msgs) StdoutLine: {'line': b'-- Up-to-date symlink: /home/carlos/ros2_ws/install/px4_msgs/include/px4_msgs/px4_msgs/msg/detail/tiltrotor_extra_controls__rosidl_typesupport_fastrtps_cpp.hpp\n'}
[1.833001] (px4_msgs) StdoutLine: {'line': b'-- Up-to-date symlink: /home/carlos/ros2_ws/install/px4_msgs/include/px4_msgs/px4_msgs/msg/detail/timesync_status__rosidl_typesupport_fastrtps_cpp.hpp\n'}
[1.833137] (px4_msgs) StdoutLine: {'line': b'-- Up-to-date symlink: /home/carlos/ros2_ws/install/px4_msgs/include/px4_msgs/px4_msgs/msg/detail/trajectory_setpoint6dof__rosidl_typesupport_fastrtps_cpp.hpp\n'}
[1.833252] (px4_msgs) StdoutLine: {'line': b'-- Up-to-date symlink: /home/carlos/ros2_ws/install/px4_msgs/include/px4_msgs/px4_msgs/msg/detail/trajectory_setpoint__rosidl_typesupport_fastrtps_cpp.hpp\n'}
[1.833382] (px4_msgs) StdoutLine: {'line': b'-- Up-to-date symlink: /home/carlos/ros2_ws/install/px4_msgs/include/px4_msgs/px4_msgs/msg/detail/transponder_report__rosidl_typesupport_fastrtps_cpp.hpp\n'}
[1.833518] (px4_msgs) StdoutLine: {'line': b'-- Up-to-date symlink: /home/carlos/ros2_ws/install/px4_msgs/include/px4_msgs/px4_msgs/msg/detail/tune_control__rosidl_typesupport_fastrtps_cpp.hpp\n'}
[1.833600] (px4_msgs) StdoutLine: {'line': b'-- Up-to-date symlink: /home/carlos/ros2_ws/install/px4_msgs/include/px4_msgs/px4_msgs/msg/detail/uavcan_parameter_request__rosidl_typesupport_fastrtps_cpp.hpp\n'}
[1.833672] (px4_msgs) StdoutLine: {'line': b'-- Up-to-date symlink: /home/carlos/ros2_ws/install/px4_msgs/include/px4_msgs/px4_msgs/msg/detail/uavcan_parameter_value__rosidl_typesupport_fastrtps_cpp.hpp\n'}
[1.833741] (px4_msgs) StdoutLine: {'line': b'-- Up-to-date symlink: /home/carlos/ros2_ws/install/px4_msgs/include/px4_msgs/px4_msgs/msg/detail/ulog_stream__rosidl_typesupport_fastrtps_cpp.hpp\n'}
[1.833807] (px4_msgs) StdoutLine: {'line': b'-- Up-to-date symlink: /home/carlos/ros2_ws/install/px4_msgs/include/px4_msgs/px4_msgs/msg/detail/ulog_stream_ack__rosidl_typesupport_fastrtps_cpp.hpp\n'}
[1.833874] (px4_msgs) StdoutLine: {'line': b'-- Up-to-date symlink: /home/carlos/ros2_ws/install/px4_msgs/include/px4_msgs/px4_msgs/msg/detail/unregister_ext_component__rosidl_typesupport_fastrtps_cpp.hpp\n'}
[1.833939] (px4_msgs) StdoutLine: {'line': b'-- Up-to-date symlink: /home/carlos/ros2_ws/install/px4_msgs/include/px4_msgs/px4_msgs/msg/detail/vehicle_acceleration__rosidl_typesupport_fastrtps_cpp.hpp\n'}
[1.834040] (px4_msgs) StdoutLine: {'line': b'-- Up-to-date symlink: /home/carlos/ros2_ws/install/px4_msgs/include/px4_msgs/px4_msgs/msg/detail/vehicle_air_data__rosidl_typesupport_fastrtps_cpp.hpp\n'}
[1.834117] (px4_msgs) StdoutLine: {'line': b'-- Up-to-date symlink: /home/carlos/ros2_ws/install/px4_msgs/include/px4_msgs/px4_msgs/msg/detail/vehicle_angular_acceleration_setpoint__rosidl_typesupport_fastrtps_cpp.hpp\n'}
[1.834183] (px4_msgs) StdoutLine: {'line': b'-- Up-to-date symlink: /home/carlos/ros2_ws/install/px4_msgs/include/px4_msgs/px4_msgs/msg/detail/vehicle_angular_velocity__rosidl_typesupport_fastrtps_cpp.hpp\n'}
[1.834248] (px4_msgs) StdoutLine: {'line': b'-- Up-to-date symlink: /home/carlos/ros2_ws/install/px4_msgs/include/px4_msgs/px4_msgs/msg/detail/vehicle_attitude__rosidl_typesupport_fastrtps_cpp.hpp\n'}
[1.834313] (px4_msgs) StdoutLine: {'line': b'-- Up-to-date symlink: /home/carlos/ros2_ws/install/px4_msgs/include/px4_msgs/px4_msgs/msg/detail/vehicle_attitude_setpoint__rosidl_typesupport_fastrtps_cpp.hpp\n'}
[1.834417] (px4_msgs) StdoutLine: {'line': b'-- Up-to-date symlink: /home/carlos/ros2_ws/install/px4_msgs/include/px4_msgs/px4_msgs/msg/detail/vehicle_command__rosidl_typesupport_fastrtps_cpp.hpp\n'}
[1.834491] (px4_msgs) StdoutLine: {'line': b'-- Up-to-date symlink: /home/carlos/ros2_ws/install/px4_msgs/include/px4_msgs/px4_msgs/msg/detail/vehicle_command_ack__rosidl_typesupport_fastrtps_cpp.hpp\n'}
[1.834559] (px4_msgs) StdoutLine: {'line': b'-- Up-to-date symlink: /home/carlos/ros2_ws/install/px4_msgs/include/px4_msgs/px4_msgs/msg/detail/vehicle_constraints__rosidl_typesupport_fastrtps_cpp.hpp\n'}
[1.834650] (px4_msgs) StdoutLine: {'line': b'-- Up-to-date symlink: /home/carlos/ros2_ws/install/px4_msgs/include/px4_msgs/px4_msgs/msg/detail/vehicle_control_mode__rosidl_typesupport_fastrtps_cpp.hpp\n'}
[1.834721] (px4_msgs) StdoutLine: {'line': b'-- Up-to-date symlink: /home/carlos/ros2_ws/install/px4_msgs/include/px4_msgs/px4_msgs/msg/detail/vehicle_global_position__rosidl_typesupport_fastrtps_cpp.hpp\n'}
[1.834788] (px4_msgs) StdoutLine: {'line': b'-- Up-to-date symlink: /home/carlos/ros2_ws/install/px4_msgs/include/px4_msgs/px4_msgs/msg/detail/vehicle_imu__rosidl_typesupport_fastrtps_cpp.hpp\n'}
[1.834851] (px4_msgs) StdoutLine: {'line': b'-- Up-to-date symlink: /home/carlos/ros2_ws/install/px4_msgs/include/px4_msgs/px4_msgs/msg/detail/vehicle_imu_status__rosidl_typesupport_fastrtps_cpp.hpp\n'}
[1.834949] (px4_msgs) StdoutLine: {'line': b'-- Up-to-date symlink: /home/carlos/ros2_ws/install/px4_msgs/include/px4_msgs/px4_msgs/msg/detail/vehicle_land_detected__rosidl_typesupport_fastrtps_cpp.hpp\n'}
[1.835020] (px4_msgs) StdoutLine: {'line': b'-- Up-to-date symlink: /home/carlos/ros2_ws/install/px4_msgs/include/px4_msgs/px4_msgs/msg/detail/vehicle_local_position__rosidl_typesupport_fastrtps_cpp.hpp\n'}
[1.835108] (px4_msgs) StdoutLine: {'line': b'-- Up-to-date symlink: /home/carlos/ros2_ws/install/px4_msgs/include/px4_msgs/px4_msgs/msg/detail/vehicle_local_position_setpoint__rosidl_typesupport_fastrtps_cpp.hpp\n'}
[1.835164] (px4_msgs) StdoutLine: {'line': b'-- Up-to-date symlink: /home/carlos/ros2_ws/install/px4_msgs/include/px4_msgs/px4_msgs/msg/detail/vehicle_magnetometer__rosidl_typesupport_fastrtps_cpp.hpp\n'}
[1.835232] (px4_msgs) StdoutLine: {'line': b'-- Up-to-date symlink: /home/carlos/ros2_ws/install/px4_msgs/include/px4_msgs/px4_msgs/msg/detail/vehicle_odometry__rosidl_typesupport_fastrtps_cpp.hpp\n'}
[1.835298] (px4_msgs) StdoutLine: {'line': b'-- Up-to-date symlink: /home/carlos/ros2_ws/install/px4_msgs/include/px4_msgs/px4_msgs/msg/detail/vehicle_optical_flow__rosidl_typesupport_fastrtps_cpp.hpp\n'}
[1.835391] (px4_msgs) StdoutLine: {'line': b'-- Up-to-date symlink: /home/carlos/ros2_ws/install/px4_msgs/include/px4_msgs/px4_msgs/msg/detail/vehicle_optical_flow_vel__rosidl_typesupport_fastrtps_cpp.hpp\n'}
[1.835478] (px4_msgs) StdoutLine: {'line': b'-- Up-to-date symlink: /home/carlos/ros2_ws/install/px4_msgs/include/px4_msgs/px4_msgs/msg/detail/vehicle_rates_setpoint__rosidl_typesupport_fastrtps_cpp.hpp\n'}
[1.835547] (px4_msgs) StdoutLine: {'line': b'-- Up-to-date symlink: /home/carlos/ros2_ws/install/px4_msgs/include/px4_msgs/px4_msgs/msg/detail/vehicle_roi__rosidl_typesupport_fastrtps_cpp.hpp\n'}
[1.835613] (px4_msgs) StdoutLine: {'line': b'-- Up-to-date symlink: /home/carlos/ros2_ws/install/px4_msgs/include/px4_msgs/px4_msgs/msg/detail/vehicle_status__rosidl_typesupport_fastrtps_cpp.hpp\n'}
[1.835705] (px4_msgs) StdoutLine: {'line': b'-- Up-to-date symlink: /home/carlos/ros2_ws/install/px4_msgs/include/px4_msgs/px4_msgs/msg/detail/vehicle_thrust_setpoint__rosidl_typesupport_fastrtps_cpp.hpp\n'}
[1.835762] (px4_msgs) StdoutLine: {'line': b'-- Up-to-date symlink: /home/carlos/ros2_ws/install/px4_msgs/include/px4_msgs/px4_msgs/msg/detail/vehicle_torque_setpoint__rosidl_typesupport_fastrtps_cpp.hpp\n'}
[1.835830] (px4_msgs) StdoutLine: {'line': b'-- Up-to-date symlink: /home/carlos/ros2_ws/install/px4_msgs/include/px4_msgs/px4_msgs/msg/detail/velocity_limits__rosidl_typesupport_fastrtps_cpp.hpp\n'}
[1.835924] (px4_msgs) StdoutLine: {'line': b'-- Up-to-date symlink: /home/carlos/ros2_ws/install/px4_msgs/include/px4_msgs/px4_msgs/msg/detail/vtol_vehicle_status__rosidl_typesupport_fastrtps_cpp.hpp\n'}
[1.835978] (px4_msgs) StdoutLine: {'line': b'-- Up-to-date symlink: /home/carlos/ros2_ws/install/px4_msgs/include/px4_msgs/px4_msgs/msg/detail/wheel_encoders__rosidl_typesupport_fastrtps_cpp.hpp\n'}
[1.836039] (px4_msgs) StdoutLine: {'line': b'-- Up-to-date symlink: /home/carlos/ros2_ws/install/px4_msgs/include/px4_msgs/px4_msgs/msg/detail/wind__rosidl_typesupport_fastrtps_cpp.hpp\n'}
[1.836129] (px4_msgs) StdoutLine: {'line': b'-- Up-to-date symlink: /home/carlos/ros2_ws/install/px4_msgs/include/px4_msgs/px4_msgs/msg/detail/yaw_estimator_status__rosidl_typesupport_fastrtps_cpp.hpp\n'}
[1.836191] (px4_msgs) StdoutLine: {'line': b'-- Up-to-date symlink: /home/carlos/ros2_ws/install/px4_msgs/include/px4_msgs/px4_msgs/msg/rosidl_typesupport_fastrtps_cpp__visibility_control.h\n'}
[1.836270] (px4_msgs) StdoutLine: {'line': b'-- Up-to-date symlink: /home/carlos/ros2_ws/install/px4_msgs/include/px4_msgs/px4_msgs/srv/detail/vehicle_command__rosidl_typesupport_fastrtps_cpp.hpp\n'}
[1.839161] (px4_msgs) StdoutLine: {'line': b'-- Up-to-date symlink: /home/carlos/ros2_ws/install/px4_msgs/include/px4_msgs/px4_msgs/msg/detail/action_request__rosidl_typesupport_introspection_c.h\n'}
[1.839347] (px4_msgs) StdoutLine: {'line': b'-- Up-to-date symlink: /home/carlos/ros2_ws/install/px4_msgs/include/px4_msgs/px4_msgs/msg/detail/actuator_armed__rosidl_typesupport_introspection_c.h\n'}
[1.839519] (px4_msgs) StdoutLine: {'line': b'-- Up-to-date symlink: /home/carlos/ros2_ws/install/px4_msgs/include/px4_msgs/px4_msgs/msg/detail/actuator_controls_status__rosidl_typesupport_introspection_c.h\n'}
[1.839679] (px4_msgs) StdoutLine: {'line': b'-- Up-to-date symlink: /home/carlos/ros2_ws/install/px4_msgs/include/px4_msgs/px4_msgs/msg/detail/actuator_motors__rosidl_typesupport_introspection_c.h\n'}
[1.839815] (px4_msgs) StdoutLine: {'line': b'-- Up-to-date symlink: /home/carlos/ros2_ws/install/px4_msgs/include/px4_msgs/px4_msgs/msg/detail/actuator_outputs__rosidl_typesupport_introspection_c.h\n'}
[1.839949] (px4_msgs) StdoutLine: {'line': b'-- Up-to-date symlink: /home/carlos/ros2_ws/install/px4_msgs/include/px4_msgs/px4_msgs/msg/detail/actuator_servos__rosidl_typesupport_introspection_c.h\n'}
[1.840147] (px4_msgs) StdoutLine: {'line': b'-- Up-to-date symlink: /home/carlos/ros2_ws/install/px4_msgs/include/px4_msgs/px4_msgs/msg/detail/actuator_servos_trim__rosidl_typesupport_introspection_c.h\n'}
[1.840287] (px4_msgs) StdoutLine: {'line': b'-- Up-to-date symlink: /home/carlos/ros2_ws/install/px4_msgs/include/px4_msgs/px4_msgs/msg/detail/actuator_test__rosidl_typesupport_introspection_c.h\n'}
[1.840355] (px4_msgs) StdoutLine: {'line': b'-- Up-to-date symlink: /home/carlos/ros2_ws/install/px4_msgs/include/px4_msgs/px4_msgs/msg/detail/adc_report__rosidl_typesupport_introspection_c.h\n'}
[1.840420] (px4_msgs) StdoutLine: {'line': b'-- Up-to-date symlink: /home/carlos/ros2_ws/install/px4_msgs/include/px4_msgs/px4_msgs/msg/detail/airspeed__rosidl_typesupport_introspection_c.h\n'}
[1.840491] (px4_msgs) StdoutLine: {'line': b'-- Up-to-date symlink: /home/carlos/ros2_ws/install/px4_msgs/include/px4_msgs/px4_msgs/msg/detail/airspeed_validated__rosidl_typesupport_introspection_c.h\n'}
[1.840557] (px4_msgs) StdoutLine: {'line': b'-- Up-to-date symlink: /home/carlos/ros2_ws/install/px4_msgs/include/px4_msgs/px4_msgs/msg/detail/airspeed_wind__rosidl_typesupport_introspection_c.h\n'}
[1.840663] (px4_msgs) StdoutLine: {'line': b'-- Up-to-date symlink: /home/carlos/ros2_ws/install/px4_msgs/include/px4_msgs/px4_msgs/msg/detail/arming_check_reply__rosidl_typesupport_introspection_c.h\n'}
[1.840734] (px4_msgs) StdoutLine: {'line': b'-- Up-to-date symlink: /home/carlos/ros2_ws/install/px4_msgs/include/px4_msgs/px4_msgs/msg/detail/arming_check_request__rosidl_typesupport_introspection_c.h\n'}
[1.840795] (px4_msgs) StdoutLine: {'line': b'-- Up-to-date symlink: /home/carlos/ros2_ws/install/px4_msgs/include/px4_msgs/px4_msgs/msg/detail/autotune_attitude_control_status__rosidl_typesupport_introspection_c.h\n'}
[1.840860] (px4_msgs) StdoutLine: {'line': b'-- Up-to-date symlink: /home/carlos/ros2_ws/install/px4_msgs/include/px4_msgs/px4_msgs/msg/detail/battery_info__rosidl_typesupport_introspection_c.h\n'}
[1.840922] (px4_msgs) StdoutLine: {'line': b'-- Up-to-date symlink: /home/carlos/ros2_ws/install/px4_msgs/include/px4_msgs/px4_msgs/msg/detail/battery_status__rosidl_typesupport_introspection_c.h\n'}
[1.840988] (px4_msgs) StdoutLine: {'line': b'-- Up-to-date symlink: /home/carlos/ros2_ws/install/px4_msgs/include/px4_msgs/px4_msgs/msg/detail/button_event__rosidl_typesupport_introspection_c.h\n'}
[1.841055] (px4_msgs) StdoutLine: {'line': b'-- Up-to-date symlink: /home/carlos/ros2_ws/install/px4_msgs/include/px4_msgs/px4_msgs/msg/detail/camera_capture__rosidl_typesupport_introspection_c.h\n'}
[1.841121] (px4_msgs) StdoutLine: {'line': b'-- Up-to-date symlink: /home/carlos/ros2_ws/install/px4_msgs/include/px4_msgs/px4_msgs/msg/detail/camera_status__rosidl_typesupport_introspection_c.h\n'}
[1.841215] (px4_msgs) StdoutLine: {'line': b'-- Up-to-date symlink: /home/carlos/ros2_ws/install/px4_msgs/include/px4_msgs/px4_msgs/msg/detail/camera_trigger__rosidl_typesupport_introspection_c.h\n'}
[1.841287] (px4_msgs) StdoutLine: {'line': b'-- Up-to-date symlink: /home/carlos/ros2_ws/install/px4_msgs/include/px4_msgs/px4_msgs/msg/detail/can_interface_status__rosidl_typesupport_introspection_c.h\n'}
[1.841352] (px4_msgs) StdoutLine: {'line': b'-- Up-to-date symlink: /home/carlos/ros2_ws/install/px4_msgs/include/px4_msgs/px4_msgs/msg/detail/cellular_status__rosidl_typesupport_introspection_c.h\n'}
[1.841417] (px4_msgs) StdoutLine: {'line': b'-- Up-to-date symlink: /home/carlos/ros2_ws/install/px4_msgs/include/px4_msgs/px4_msgs/msg/detail/collision_constraints__rosidl_typesupport_introspection_c.h\n'}
[1.841515] (px4_msgs) StdoutLine: {'line': b'-- Up-to-date symlink: /home/carlos/ros2_ws/install/px4_msgs/include/px4_msgs/px4_msgs/msg/detail/config_overrides__rosidl_typesupport_introspection_c.h\n'}
[1.841567] (px4_msgs) StdoutLine: {'line': b'-- Up-to-date symlink: /home/carlos/ros2_ws/install/px4_msgs/include/px4_msgs/px4_msgs/msg/detail/control_allocator_status__rosidl_typesupport_introspection_c.h\n'}
[1.841661] (px4_msgs) StdoutLine: {'line': b'-- Up-to-date symlink: /home/carlos/ros2_ws/install/px4_msgs/include/px4_msgs/px4_msgs/msg/detail/cpuload__rosidl_typesupport_introspection_c.h\n'}
[1.841752] (px4_msgs) StdoutLine: {'line': b'-- Up-to-date symlink: /home/carlos/ros2_ws/install/px4_msgs/include/px4_msgs/px4_msgs/msg/detail/dataman_request__rosidl_typesupport_introspection_c.h\n'}
[1.841824] (px4_msgs) StdoutLine: {'line': b'-- Up-to-date symlink: /home/carlos/ros2_ws/install/px4_msgs/include/px4_msgs/px4_msgs/msg/detail/dataman_response__rosidl_typesupport_introspection_c.h\n'}
[1.841889] (px4_msgs) StdoutLine: {'line': b'-- Up-to-date symlink: /home/carlos/ros2_ws/install/px4_msgs/include/px4_msgs/px4_msgs/msg/detail/debug_array__rosidl_typesupport_introspection_c.h\n'}
[1.841984] (px4_msgs) StdoutLine: {'line': b'-- Up-to-date symlink: /home/carlos/ros2_ws/install/px4_msgs/include/px4_msgs/px4_msgs/msg/detail/debug_key_value__rosidl_typesupport_introspection_c.h\n'}
[1.842056] (px4_msgs) StdoutLine: {'line': b'-- Up-to-date symlink: /home/carlos/ros2_ws/install/px4_msgs/include/px4_msgs/px4_msgs/msg/detail/debug_value__rosidl_typesupport_introspection_c.h\n'}
[1.842107] (px4_msgs) StdoutLine: {'line': b'-- Up-to-date symlink: /home/carlos/ros2_ws/install/px4_msgs/include/px4_msgs/px4_msgs/msg/detail/debug_vect__rosidl_typesupport_introspection_c.h\n'}
[1.842173] (px4_msgs) StdoutLine: {'line': b'-- Up-to-date symlink: /home/carlos/ros2_ws/install/px4_msgs/include/px4_msgs/px4_msgs/msg/detail/differential_pressure__rosidl_typesupport_introspection_c.h\n'}
[1.842264] (px4_msgs) StdoutLine: {'line': b'-- Up-to-date symlink: /home/carlos/ros2_ws/install/px4_msgs/include/px4_msgs/px4_msgs/msg/detail/distance_sensor__rosidl_typesupport_introspection_c.h\n'}
[1.842336] (px4_msgs) StdoutLine: {'line': b'-- Up-to-date symlink: /home/carlos/ros2_ws/install/px4_msgs/include/px4_msgs/px4_msgs/msg/detail/distance_sensor_mode_change_request__rosidl_typesupport_introspection_c.h\n'}
[1.842428] (px4_msgs) StdoutLine: {'line': b'-- Up-to-date symlink: /home/carlos/ros2_ws/install/px4_msgs/include/px4_msgs/px4_msgs/msg/detail/dronecan_node_status__rosidl_typesupport_introspection_c.h\n'}
[1.842508] (px4_msgs) StdoutLine: {'line': b'-- Up-to-date symlink: /home/carlos/ros2_ws/install/px4_msgs/include/px4_msgs/px4_msgs/msg/detail/ekf2_timestamps__rosidl_typesupport_introspection_c.h\n'}
[1.842601] (px4_msgs) StdoutLine: {'line': b'-- Up-to-date symlink: /home/carlos/ros2_ws/install/px4_msgs/include/px4_msgs/px4_msgs/msg/detail/esc_report__rosidl_typesupport_introspection_c.h\n'}
[1.842678] (px4_msgs) StdoutLine: {'line': b'-- Up-to-date symlink: /home/carlos/ros2_ws/install/px4_msgs/include/px4_msgs/px4_msgs/msg/detail/esc_status__rosidl_typesupport_introspection_c.h\n'}
[1.842767] (px4_msgs) StdoutLine: {'line': b'-- Up-to-date symlink: /home/carlos/ros2_ws/install/px4_msgs/include/px4_msgs/px4_msgs/msg/detail/estimator_aid_source1d__rosidl_typesupport_introspection_c.h\n'}
[1.842851] (px4_msgs) StdoutLine: {'line': b'-- Up-to-date symlink: /home/carlos/ros2_ws/install/px4_msgs/include/px4_msgs/px4_msgs/msg/detail/estimator_aid_source2d__rosidl_typesupport_introspection_c.h\n'}
[1.842909] (px4_msgs) StdoutLine: {'line': b'-- Up-to-date symlink: /home/carlos/ros2_ws/install/px4_msgs/include/px4_msgs/px4_msgs/msg/detail/estimator_aid_source3d__rosidl_typesupport_introspection_c.h\n'}
[1.843001] (px4_msgs) StdoutLine: {'line': b'-- Up-to-date symlink: /home/carlos/ros2_ws/install/px4_msgs/include/px4_msgs/px4_msgs/msg/detail/estimator_bias3d__rosidl_typesupport_introspection_c.h\n'}
[1.843063] (px4_msgs) StdoutLine: {'line': b'-- Up-to-date symlink: /home/carlos/ros2_ws/install/px4_msgs/include/px4_msgs/px4_msgs/msg/detail/estimator_bias__rosidl_typesupport_introspection_c.h\n'}
[1.843154] (px4_msgs) StdoutLine: {'line': b'-- Up-to-date symlink: /home/carlos/ros2_ws/install/px4_msgs/include/px4_msgs/px4_msgs/msg/detail/estimator_event_flags__rosidl_typesupport_introspection_c.h\n'}
[1.843208] (px4_msgs) StdoutLine: {'line': b'-- Up-to-date symlink: /home/carlos/ros2_ws/install/px4_msgs/include/px4_msgs/px4_msgs/msg/detail/estimator_gps_status__rosidl_typesupport_introspection_c.h\n'}
[1.843292] (px4_msgs) StdoutLine: {'line': b'-- Up-to-date symlink: /home/carlos/ros2_ws/install/px4_msgs/include/px4_msgs/px4_msgs/msg/detail/estimator_innovations__rosidl_typesupport_introspection_c.h\n'}
[1.843379] (px4_msgs) StdoutLine: {'line': b'-- Up-to-date symlink: /home/carlos/ros2_ws/install/px4_msgs/include/px4_msgs/px4_msgs/msg/detail/estimator_selector_status__rosidl_typesupport_introspection_c.h\n'}
[1.843473] (px4_msgs) StdoutLine: {'line': b'-- Up-to-date symlink: /home/carlos/ros2_ws/install/px4_msgs/include/px4_msgs/px4_msgs/msg/detail/estimator_sensor_bias__rosidl_typesupport_introspection_c.h\n'}
[1.843559] (px4_msgs) StdoutLine: {'line': b'-- Up-to-date symlink: /home/carlos/ros2_ws/install/px4_msgs/include/px4_msgs/px4_msgs/msg/detail/estimator_states__rosidl_typesupport_introspection_c.h\n'}
[1.843646] (px4_msgs) StdoutLine: {'line': b'-- Up-to-date symlink: /home/carlos/ros2_ws/install/px4_msgs/include/px4_msgs/px4_msgs/msg/detail/estimator_status__rosidl_typesupport_introspection_c.h\n'}
[1.843728] (px4_msgs) StdoutLine: {'line': b'-- Up-to-date symlink: /home/carlos/ros2_ws/install/px4_msgs/include/px4_msgs/px4_msgs/msg/detail/estimator_status_flags__rosidl_typesupport_introspection_c.h\n'}
[1.843814] (px4_msgs) StdoutLine: {'line': b'-- Up-to-date symlink: /home/carlos/ros2_ws/install/px4_msgs/include/px4_msgs/px4_msgs/msg/detail/event__rosidl_typesupport_introspection_c.h\n'}
[1.843900] (px4_msgs) StdoutLine: {'line': b'-- Up-to-date symlink: /home/carlos/ros2_ws/install/px4_msgs/include/px4_msgs/px4_msgs/msg/detail/failsafe_flags__rosidl_typesupport_introspection_c.h\n'}
[1.843987] (px4_msgs) StdoutLine: {'line': b'-- Up-to-date symlink: /home/carlos/ros2_ws/install/px4_msgs/include/px4_msgs/px4_msgs/msg/detail/failure_detector_status__rosidl_typesupport_introspection_c.h\n'}
[1.844085] (px4_msgs) StdoutLine: {'line': b'-- Up-to-date symlink: /home/carlos/ros2_ws/install/px4_msgs/include/px4_msgs/px4_msgs/msg/detail/figure_eight_status__rosidl_typesupport_introspection_c.h\n'}
[1.844171] (px4_msgs) StdoutLine: {'line': b'-- Up-to-date symlink: /home/carlos/ros2_ws/install/px4_msgs/include/px4_msgs/px4_msgs/msg/detail/fixed_wing_lateral_guidance_status__rosidl_typesupport_introspection_c.h\n'}
[1.844257] (px4_msgs) StdoutLine: {'line': b'-- Up-to-date symlink: /home/carlos/ros2_ws/install/px4_msgs/include/px4_msgs/px4_msgs/msg/detail/fixed_wing_lateral_setpoint__rosidl_typesupport_introspection_c.h\n'}
[1.844343] (px4_msgs) StdoutLine: {'line': b'-- Up-to-date symlink: /home/carlos/ros2_ws/install/px4_msgs/include/px4_msgs/px4_msgs/msg/detail/fixed_wing_lateral_status__rosidl_typesupport_introspection_c.h\n'}
[1.844428] (px4_msgs) StdoutLine: {'line': b'-- Up-to-date symlink: /home/carlos/ros2_ws/install/px4_msgs/include/px4_msgs/px4_msgs/msg/detail/fixed_wing_longitudinal_setpoint__rosidl_typesupport_introspection_c.h\n'}
[1.844521] (px4_msgs) StdoutLine: {'line': b'-- Up-to-date symlink: /home/carlos/ros2_ws/install/px4_msgs/include/px4_msgs/px4_msgs/msg/detail/fixed_wing_runway_control__rosidl_typesupport_introspection_c.h\n'}
[1.844606] (px4_msgs) StdoutLine: {'line': b'-- Up-to-date symlink: /home/carlos/ros2_ws/install/px4_msgs/include/px4_msgs/px4_msgs/msg/detail/flight_phase_estimation__rosidl_typesupport_introspection_c.h\n'}
[1.844691] (px4_msgs) StdoutLine: {'line': b'-- Up-to-date symlink: /home/carlos/ros2_ws/install/px4_msgs/include/px4_msgs/px4_msgs/msg/detail/follow_target__rosidl_typesupport_introspection_c.h\n'}
[1.844762] (px4_msgs) StdoutLine: {'line': b'-- Up-to-date symlink: /home/carlos/ros2_ws/install/px4_msgs/include/px4_msgs/px4_msgs/msg/detail/follow_target_estimator__rosidl_typesupport_introspection_c.h\n'}
[1.844849] (px4_msgs) StdoutLine: {'line': b'-- Up-to-date symlink: /home/carlos/ros2_ws/install/px4_msgs/include/px4_msgs/px4_msgs/msg/detail/follow_target_status__rosidl_typesupport_introspection_c.h\n'}
[1.844935] (px4_msgs) StdoutLine: {'line': b'-- Up-to-date symlink: /home/carlos/ros2_ws/install/px4_msgs/include/px4_msgs/px4_msgs/msg/detail/fuel_tank_status__rosidl_typesupport_introspection_c.h\n'}
[1.845017] (px4_msgs) StdoutLine: {'line': b'-- Up-to-date symlink: /home/carlos/ros2_ws/install/px4_msgs/include/px4_msgs/px4_msgs/msg/detail/generator_status__rosidl_typesupport_introspection_c.h\n'}
[1.845085] (px4_msgs) StdoutLine: {'line': b'-- Up-to-date symlink: /home/carlos/ros2_ws/install/px4_msgs/include/px4_msgs/px4_msgs/msg/detail/geofence_result__rosidl_typesupport_introspection_c.h\n'}
[1.845158] (px4_msgs) StdoutLine: {'line': b'-- Up-to-date symlink: /home/carlos/ros2_ws/install/px4_msgs/include/px4_msgs/px4_msgs/msg/detail/geofence_status__rosidl_typesupport_introspection_c.h\n'}
[1.845232] (px4_msgs) StdoutLine: {'line': b'-- Up-to-date symlink: /home/carlos/ros2_ws/install/px4_msgs/include/px4_msgs/px4_msgs/msg/detail/gimbal_controls__rosidl_typesupport_introspection_c.h\n'}
[1.845307] (px4_msgs) StdoutLine: {'line': b'-- Up-to-date symlink: /home/carlos/ros2_ws/install/px4_msgs/include/px4_msgs/px4_msgs/msg/detail/gimbal_device_attitude_status__rosidl_typesupport_introspection_c.h\n'}
[1.845392] (px4_msgs) StdoutLine: {'line': b'-- Up-to-date symlink: /home/carlos/ros2_ws/install/px4_msgs/include/px4_msgs/px4_msgs/msg/detail/gimbal_device_information__rosidl_typesupport_introspection_c.h\n'}
[1.845484] (px4_msgs) StdoutLine: {'line': b'-- Up-to-date symlink: /home/carlos/ros2_ws/install/px4_msgs/include/px4_msgs/px4_msgs/msg/detail/gimbal_device_set_attitude__rosidl_typesupport_introspection_c.h\n'}
[1.845572] (px4_msgs) StdoutLine: {'line': b'-- Up-to-date symlink: /home/carlos/ros2_ws/install/px4_msgs/include/px4_msgs/px4_msgs/msg/detail/gimbal_manager_information__rosidl_typesupport_introspection_c.h\n'}
[1.845657] (px4_msgs) StdoutLine: {'line': b'-- Up-to-date symlink: /home/carlos/ros2_ws/install/px4_msgs/include/px4_msgs/px4_msgs/msg/detail/gimbal_manager_set_attitude__rosidl_typesupport_introspection_c.h\n'}
[1.845743] (px4_msgs) StdoutLine: {'line': b'-- Up-to-date symlink: /home/carlos/ros2_ws/install/px4_msgs/include/px4_msgs/px4_msgs/msg/detail/gimbal_manager_set_manual_control__rosidl_typesupport_introspection_c.h\n'}
[1.845828] (px4_msgs) StdoutLine: {'line': b'-- Up-to-date symlink: /home/carlos/ros2_ws/install/px4_msgs/include/px4_msgs/px4_msgs/msg/detail/gimbal_manager_status__rosidl_typesupport_introspection_c.h\n'}
[1.845914] (px4_msgs) StdoutLine: {'line': b'-- Up-to-date symlink: /home/carlos/ros2_ws/install/px4_msgs/include/px4_msgs/px4_msgs/msg/detail/goto_setpoint__rosidl_typesupport_introspection_c.h\n'}
[1.846000] (px4_msgs) StdoutLine: {'line': b'-- Up-to-date symlink: /home/carlos/ros2_ws/install/px4_msgs/include/px4_msgs/px4_msgs/msg/detail/gpio_config__rosidl_typesupport_introspection_c.h\n'}
[1.846084] (px4_msgs) StdoutLine: {'line': b'-- Up-to-date symlink: /home/carlos/ros2_ws/install/px4_msgs/include/px4_msgs/px4_msgs/msg/detail/gpio_in__rosidl_typesupport_introspection_c.h\n'}
[1.846168] (px4_msgs) StdoutLine: {'line': b'-- Up-to-date symlink: /home/carlos/ros2_ws/install/px4_msgs/include/px4_msgs/px4_msgs/msg/detail/gpio_out__rosidl_typesupport_introspection_c.h\n'}
[1.846254] (px4_msgs) StdoutLine: {'line': b'-- Up-to-date symlink: /home/carlos/ros2_ws/install/px4_msgs/include/px4_msgs/px4_msgs/msg/detail/gpio_request__rosidl_typesupport_introspection_c.h\n'}
[1.846339] (px4_msgs) StdoutLine: {'line': b'-- Up-to-date symlink: /home/carlos/ros2_ws/install/px4_msgs/include/px4_msgs/px4_msgs/msg/detail/gps_dump__rosidl_typesupport_introspection_c.h\n'}
[1.846425] (px4_msgs) StdoutLine: {'line': b'-- Up-to-date symlink: /home/carlos/ros2_ws/install/px4_msgs/include/px4_msgs/px4_msgs/msg/detail/gps_inject_data__rosidl_typesupport_introspection_c.h\n'}
[1.846518] (px4_msgs) StdoutLine: {'line': b'-- Up-to-date symlink: /home/carlos/ros2_ws/install/px4_msgs/include/px4_msgs/px4_msgs/msg/detail/gripper__rosidl_typesupport_introspection_c.h\n'}
[1.846609] (px4_msgs) StdoutLine: {'line': b'-- Up-to-date symlink: /home/carlos/ros2_ws/install/px4_msgs/include/px4_msgs/px4_msgs/msg/detail/health_report__rosidl_typesupport_introspection_c.h\n'}
[1.846694] (px4_msgs) StdoutLine: {'line': b'-- Up-to-date symlink: /home/carlos/ros2_ws/install/px4_msgs/include/px4_msgs/px4_msgs/msg/detail/heater_status__rosidl_typesupport_introspection_c.h\n'}
[1.846779] (px4_msgs) StdoutLine: {'line': b'-- Up-to-date symlink: /home/carlos/ros2_ws/install/px4_msgs/include/px4_msgs/px4_msgs/msg/detail/home_position__rosidl_typesupport_introspection_c.h\n'}
[1.846870] (px4_msgs) StdoutLine: {'line': b'-- Up-to-date symlink: /home/carlos/ros2_ws/install/px4_msgs/include/px4_msgs/px4_msgs/msg/detail/hover_thrust_estimate__rosidl_typesupport_introspection_c.h\n'}
[1.846967] (px4_msgs) StdoutLine: {'line': b'-- Up-to-date symlink: /home/carlos/ros2_ws/install/px4_msgs/include/px4_msgs/px4_msgs/msg/detail/input_rc__rosidl_typesupport_introspection_c.h\n'}
[1.847052] (px4_msgs) StdoutLine: {'line': b'-- Up-to-date symlink: /home/carlos/ros2_ws/install/px4_msgs/include/px4_msgs/px4_msgs/msg/detail/internal_combustion_engine_control__rosidl_typesupport_introspection_c.h\n'}
[1.847136] (px4_msgs) StdoutLine: {'line': b'-- Up-to-date symlink: /home/carlos/ros2_ws/install/px4_msgs/include/px4_msgs/px4_msgs/msg/detail/internal_combustion_engine_status__rosidl_typesupport_introspection_c.h\n'}
[1.847220] (px4_msgs) StdoutLine: {'line': b'-- Up-to-date symlink: /home/carlos/ros2_ws/install/px4_msgs/include/px4_msgs/px4_msgs/msg/detail/iridiumsbd_status__rosidl_typesupport_introspection_c.h\n'}
[1.847306] (px4_msgs) StdoutLine: {'line': b'-- Up-to-date symlink: /home/carlos/ros2_ws/install/px4_msgs/include/px4_msgs/px4_msgs/msg/detail/irlock_report__rosidl_typesupport_introspection_c.h\n'}
[1.847391] (px4_msgs) StdoutLine: {'line': b'-- Up-to-date symlink: /home/carlos/ros2_ws/install/px4_msgs/include/px4_msgs/px4_msgs/msg/detail/landing_gear__rosidl_typesupport_introspection_c.h\n'}
[1.847480] (px4_msgs) StdoutLine: {'line': b'-- Up-to-date symlink: /home/carlos/ros2_ws/install/px4_msgs/include/px4_msgs/px4_msgs/msg/detail/landing_gear_wheel__rosidl_typesupport_introspection_c.h\n'}
[1.847566] (px4_msgs) StdoutLine: {'line': b'-- Up-to-date symlink: /home/carlos/ros2_ws/install/px4_msgs/include/px4_msgs/px4_msgs/msg/detail/landing_target_innovations__rosidl_typesupport_introspection_c.h\n'}
[1.847652] (px4_msgs) StdoutLine: {'line': b'-- Up-to-date symlink: /home/carlos/ros2_ws/install/px4_msgs/include/px4_msgs/px4_msgs/msg/detail/landing_target_pose__rosidl_typesupport_introspection_c.h\n'}
[1.847737] (px4_msgs) StdoutLine: {'line': b'-- Up-to-date symlink: /home/carlos/ros2_ws/install/px4_msgs/include/px4_msgs/px4_msgs/msg/detail/lateral_control_configuration__rosidl_typesupport_introspection_c.h\n'}
[1.847822] (px4_msgs) StdoutLine: {'line': b'-- Up-to-date symlink: /home/carlos/ros2_ws/install/px4_msgs/include/px4_msgs/px4_msgs/msg/detail/launch_detection_status__rosidl_typesupport_introspection_c.h\n'}
[1.847907] (px4_msgs) StdoutLine: {'line': b'-- Up-to-date symlink: /home/carlos/ros2_ws/install/px4_msgs/include/px4_msgs/px4_msgs/msg/detail/led_control__rosidl_typesupport_introspection_c.h\n'}
[1.847991] (px4_msgs) StdoutLine: {'line': b'-- Up-to-date symlink: /home/carlos/ros2_ws/install/px4_msgs/include/px4_msgs/px4_msgs/msg/detail/log_message__rosidl_typesupport_introspection_c.h\n'}
[1.848076] (px4_msgs) StdoutLine: {'line': b'-- Up-to-date symlink: /home/carlos/ros2_ws/install/px4_msgs/include/px4_msgs/px4_msgs/msg/detail/logger_status__rosidl_typesupport_introspection_c.h\n'}
[1.848162] (px4_msgs) StdoutLine: {'line': b'-- Up-to-date symlink: /home/carlos/ros2_ws/install/px4_msgs/include/px4_msgs/px4_msgs/msg/detail/longitudinal_control_configuration__rosidl_typesupport_introspection_c.h\n'}
[1.848247] (px4_msgs) StdoutLine: {'line': b'-- Up-to-date symlink: /home/carlos/ros2_ws/install/px4_msgs/include/px4_msgs/px4_msgs/msg/detail/mag_worker_data__rosidl_typesupport_introspection_c.h\n'}
[1.848332] (px4_msgs) StdoutLine: {'line': b'-- Up-to-date symlink: /home/carlos/ros2_ws/install/px4_msgs/include/px4_msgs/px4_msgs/msg/detail/magnetometer_bias_estimate__rosidl_typesupport_introspection_c.h\n'}
[1.848417] (px4_msgs) StdoutLine: {'line': b'-- Up-to-date symlink: /home/carlos/ros2_ws/install/px4_msgs/include/px4_msgs/px4_msgs/msg/detail/manual_control_setpoint__rosidl_typesupport_introspection_c.h\n'}
[1.848509] (px4_msgs) StdoutLine: {'line': b'-- Up-to-date symlink: /home/carlos/ros2_ws/install/px4_msgs/include/px4_msgs/px4_msgs/msg/detail/manual_control_switches__rosidl_typesupport_introspection_c.h\n'}
[1.848594] (px4_msgs) StdoutLine: {'line': b'-- Up-to-date symlink: /home/carlos/ros2_ws/install/px4_msgs/include/px4_msgs/px4_msgs/msg/detail/mavlink_log__rosidl_typesupport_introspection_c.h\n'}
[1.848679] (px4_msgs) StdoutLine: {'line': b'-- Up-to-date symlink: /home/carlos/ros2_ws/install/px4_msgs/include/px4_msgs/px4_msgs/msg/detail/mavlink_tunnel__rosidl_typesupport_introspection_c.h\n'}
[1.848767] (px4_msgs) StdoutLine: {'line': b'-- Up-to-date symlink: /home/carlos/ros2_ws/install/px4_msgs/include/px4_msgs/px4_msgs/msg/detail/message_format_request__rosidl_typesupport_introspection_c.h\n'}
[1.848853] (px4_msgs) StdoutLine: {'line': b'-- Up-to-date symlink: /home/carlos/ros2_ws/install/px4_msgs/include/px4_msgs/px4_msgs/msg/detail/message_format_response__rosidl_typesupport_introspection_c.h\n'}
[1.848937] (px4_msgs) StdoutLine: {'line': b'-- Up-to-date symlink: /home/carlos/ros2_ws/install/px4_msgs/include/px4_msgs/px4_msgs/msg/detail/mission__rosidl_typesupport_introspection_c.h\n'}
[1.849023] (px4_msgs) StdoutLine: {'line': b'-- Up-to-date symlink: /home/carlos/ros2_ws/install/px4_msgs/include/px4_msgs/px4_msgs/msg/detail/mission_result__rosidl_typesupport_introspection_c.h\n'}
[1.849107] (px4_msgs) StdoutLine: {'line': b'-- Up-to-date symlink: /home/carlos/ros2_ws/install/px4_msgs/include/px4_msgs/px4_msgs/msg/detail/mode_completed__rosidl_typesupport_introspection_c.h\n'}
[1.849193] (px4_msgs) StdoutLine: {'line': b'-- Up-to-date symlink: /home/carlos/ros2_ws/install/px4_msgs/include/px4_msgs/px4_msgs/msg/detail/mount_orientation__rosidl_typesupport_introspection_c.h\n'}
[1.849285] (px4_msgs) StdoutLine: {'line': b'-- Up-to-date symlink: /home/carlos/ros2_ws/install/px4_msgs/include/px4_msgs/px4_msgs/msg/detail/navigator_mission_item__rosidl_typesupport_introspection_c.h\n'}
[1.849370] (px4_msgs) StdoutLine: {'line': b'-- Up-to-date symlink: /home/carlos/ros2_ws/install/px4_msgs/include/px4_msgs/px4_msgs/msg/detail/navigator_status__rosidl_typesupport_introspection_c.h\n'}
[1.849510] (px4_msgs) StdoutLine: {'line': b'-- Up-to-date symlink: /home/carlos/ros2_ws/install/px4_msgs/include/px4_msgs/px4_msgs/msg/detail/neural_control__rosidl_typesupport_introspection_c.h\n'}
[1.849715] (px4_msgs) StdoutLine: {'line': b'-- Up-to-date symlink: /home/carlos/ros2_ws/install/px4_msgs/include/px4_msgs/px4_msgs/msg/detail/normalized_unsigned_setpoint__rosidl_typesupport_introspection_c.h\n'}
[1.849874] (px4_msgs) StdoutLine: {'line': b'-- Up-to-date symlink: /home/carlos/ros2_ws/install/px4_msgs/include/px4_msgs/px4_msgs/msg/detail/obstacle_distance__rosidl_typesupport_introspection_c.h\n'}
[1.850005] (px4_msgs) StdoutLine: {'line': b'-- Up-to-date symlink: /home/carlos/ros2_ws/install/px4_msgs/include/px4_msgs/px4_msgs/msg/detail/offboard_control_mode__rosidl_typesupport_introspection_c.h\n'}
[1.850136] (px4_msgs) StdoutLine: {'line': b'-- Up-to-date symlink: /home/carlos/ros2_ws/install/px4_msgs/include/px4_msgs/px4_msgs/msg/detail/onboard_computer_status__rosidl_typesupport_introspection_c.h\n'}
[1.850276] (px4_msgs) StdoutLine: {'line': b'-- Up-to-date symlink: /home/carlos/ros2_ws/install/px4_msgs/include/px4_msgs/px4_msgs/msg/detail/open_drone_id_arm_status__rosidl_typesupport_introspection_c.h\n'}
[1.850405] (px4_msgs) StdoutLine: {'line': b'-- Up-to-date symlink: /home/carlos/ros2_ws/install/px4_msgs/include/px4_msgs/px4_msgs/msg/detail/open_drone_id_operator_id__rosidl_typesupport_introspection_c.h\n'}
[1.850516] (px4_msgs) StdoutLine: {'line': b'-- Up-to-date symlink: /home/carlos/ros2_ws/install/px4_msgs/include/px4_msgs/px4_msgs/msg/detail/open_drone_id_self_id__rosidl_typesupport_introspection_c.h\n'}
[1.850647] (px4_msgs) StdoutLine: {'line': b'-- Up-to-date symlink: /home/carlos/ros2_ws/install/px4_msgs/include/px4_msgs/px4_msgs/msg/detail/open_drone_id_system__rosidl_typesupport_introspection_c.h\n'}
[1.850780] (px4_msgs) StdoutLine: {'line': b'-- Up-to-date symlink: /home/carlos/ros2_ws/install/px4_msgs/include/px4_msgs/px4_msgs/msg/detail/orb_test__rosidl_typesupport_introspection_c.h\n'}
[1.850908] (px4_msgs) StdoutLine: {'line': b'-- Up-to-date symlink: /home/carlos/ros2_ws/install/px4_msgs/include/px4_msgs/px4_msgs/msg/detail/orb_test_large__rosidl_typesupport_introspection_c.h\n'}
[1.851031] (px4_msgs) StdoutLine: {'line': b'-- Up-to-date symlink: /home/carlos/ros2_ws/install/px4_msgs/include/px4_msgs/px4_msgs/msg/detail/orb_test_medium__rosidl_typesupport_introspection_c.h\n'}
[1.851097] (px4_msgs) StdoutLine: {'line': b'-- Up-to-date symlink: /home/carlos/ros2_ws/install/px4_msgs/include/px4_msgs/px4_msgs/msg/detail/orbit_status__rosidl_typesupport_introspection_c.h\n'}
[1.851143] (px4_msgs) StdoutLine: {'line': b'-- Up-to-date symlink: /home/carlos/ros2_ws/install/px4_msgs/include/px4_msgs/px4_msgs/msg/detail/parameter_reset_request__rosidl_typesupport_introspection_c.h\n'}
[1.851185] (px4_msgs) StdoutLine: {'line': b'-- Up-to-date symlink: /home/carlos/ros2_ws/install/px4_msgs/include/px4_msgs/px4_msgs/msg/detail/parameter_set_used_request__rosidl_typesupport_introspection_c.h\n'}
[1.851232] (px4_msgs) StdoutLine: {'line': b'-- Up-to-date symlink: /home/carlos/ros2_ws/install/px4_msgs/include/px4_msgs/px4_msgs/msg/detail/parameter_set_value_request__rosidl_typesupport_introspection_c.h\n'}
[1.851276] (px4_msgs) StdoutLine: {'line': b'-- Up-to-date symlink: /home/carlos/ros2_ws/install/px4_msgs/include/px4_msgs/px4_msgs/msg/detail/parameter_set_value_response__rosidl_typesupport_introspection_c.h\n'}
[1.851322] (px4_msgs) StdoutLine: {'line': b'-- Up-to-date symlink: /home/carlos/ros2_ws/install/px4_msgs/include/px4_msgs/px4_msgs/msg/detail/parameter_update__rosidl_typesupport_introspection_c.h\n'}
[1.851367] (px4_msgs) StdoutLine: {'line': b'-- Up-to-date symlink: /home/carlos/ros2_ws/install/px4_msgs/include/px4_msgs/px4_msgs/msg/detail/ping__rosidl_typesupport_introspection_c.h\n'}
[1.851438] (px4_msgs) StdoutLine: {'line': b'-- Up-to-date symlink: /home/carlos/ros2_ws/install/px4_msgs/include/px4_msgs/px4_msgs/msg/detail/position_controller_landing_status__rosidl_typesupport_introspection_c.h\n'}
[1.851495] (px4_msgs) StdoutLine: {'line': b'-- Up-to-date symlink: /home/carlos/ros2_ws/install/px4_msgs/include/px4_msgs/px4_msgs/msg/detail/position_controller_status__rosidl_typesupport_introspection_c.h\n'}
[1.851553] (px4_msgs) StdoutLine: {'line': b'-- Up-to-date symlink: /home/carlos/ros2_ws/install/px4_msgs/include/px4_msgs/px4_msgs/msg/detail/position_setpoint__rosidl_typesupport_introspection_c.h\n'}
[1.851599] (px4_msgs) StdoutLine: {'line': b'-- Up-to-date symlink: /home/carlos/ros2_ws/install/px4_msgs/include/px4_msgs/px4_msgs/msg/detail/position_setpoint_triplet__rosidl_typesupport_introspection_c.h\n'}
[1.851643] (px4_msgs) StdoutLine: {'line': b'-- Up-to-date symlink: /home/carlos/ros2_ws/install/px4_msgs/include/px4_msgs/px4_msgs/msg/detail/power_button_state__rosidl_typesupport_introspection_c.h\n'}
[1.851712] (px4_msgs) StdoutLine: {'line': b'-- Up-to-date symlink: /home/carlos/ros2_ws/install/px4_msgs/include/px4_msgs/px4_msgs/msg/detail/power_monitor__rosidl_typesupport_introspection_c.h\n'}
[1.851771] (px4_msgs) StdoutLine: {'line': b'-- Up-to-date symlink: /home/carlos/ros2_ws/install/px4_msgs/include/px4_msgs/px4_msgs/msg/detail/pps_capture__rosidl_typesupport_introspection_c.h\n'}
[1.851815] (px4_msgs) StdoutLine: {'line': b'-- Up-to-date symlink: /home/carlos/ros2_ws/install/px4_msgs/include/px4_msgs/px4_msgs/msg/detail/pure_pursuit_status__rosidl_typesupport_introspection_c.h\n'}
[1.851882] (px4_msgs) StdoutLine: {'line': b'-- Up-to-date symlink: /home/carlos/ros2_ws/install/px4_msgs/include/px4_msgs/px4_msgs/msg/detail/pwm_input__rosidl_typesupport_introspection_c.h\n'}
[1.851945] (px4_msgs) StdoutLine: {'line': b'-- Up-to-date symlink: /home/carlos/ros2_ws/install/px4_msgs/include/px4_msgs/px4_msgs/msg/detail/px4io_status__rosidl_typesupport_introspection_c.h\n'}
[1.852016] (px4_msgs) StdoutLine: {'line': b'-- Up-to-date symlink: /home/carlos/ros2_ws/install/px4_msgs/include/px4_msgs/px4_msgs/msg/detail/qshell_req__rosidl_typesupport_introspection_c.h\n'}
[1.852079] (px4_msgs) StdoutLine: {'line': b'-- Up-to-date symlink: /home/carlos/ros2_ws/install/px4_msgs/include/px4_msgs/px4_msgs/msg/detail/qshell_retval__rosidl_typesupport_introspection_c.h\n'}
[1.852136] (px4_msgs) StdoutLine: {'line': b'-- Up-to-date symlink: /home/carlos/ros2_ws/install/px4_msgs/include/px4_msgs/px4_msgs/msg/detail/radio_status__rosidl_typesupport_introspection_c.h\n'}
[1.852250] (px4_msgs) StdoutLine: {'line': b'-- Up-to-date symlink: /home/carlos/ros2_ws/install/px4_msgs/include/px4_msgs/px4_msgs/msg/detail/rate_ctrl_status__rosidl_typesupport_introspection_c.h\n'}
[1.852347] (px4_msgs) StdoutLine: {'line': b'-- Up-to-date symlink: /home/carlos/ros2_ws/install/px4_msgs/include/px4_msgs/px4_msgs/msg/detail/rc_channels__rosidl_typesupport_introspection_c.h\n'}
[1.852417] (px4_msgs) StdoutLine: {'line': b'-- Up-to-date symlink: /home/carlos/ros2_ws/install/px4_msgs/include/px4_msgs/px4_msgs/msg/detail/rc_parameter_map__rosidl_typesupport_introspection_c.h\n'}
[1.852502] (px4_msgs) StdoutLine: {'line': b'-- Up-to-date symlink: /home/carlos/ros2_ws/install/px4_msgs/include/px4_msgs/px4_msgs/msg/detail/register_ext_component_reply__rosidl_typesupport_introspection_c.h\n'}
[1.852583] (px4_msgs) StdoutLine: {'line': b'-- Up-to-date symlink: /home/carlos/ros2_ws/install/px4_msgs/include/px4_msgs/px4_msgs/msg/detail/register_ext_component_request__rosidl_typesupport_introspection_c.h\n'}
[1.852673] (px4_msgs) StdoutLine: {'line': b'-- Up-to-date symlink: /home/carlos/ros2_ws/install/px4_msgs/include/px4_msgs/px4_msgs/msg/detail/rover_attitude_setpoint__rosidl_typesupport_introspection_c.h\n'}
[1.852752] (px4_msgs) StdoutLine: {'line': b'-- Up-to-date symlink: /home/carlos/ros2_ws/install/px4_msgs/include/px4_msgs/px4_msgs/msg/detail/rover_attitude_status__rosidl_typesupport_introspection_c.h\n'}
[1.852838] (px4_msgs) StdoutLine: {'line': b'-- Up-to-date symlink: /home/carlos/ros2_ws/install/px4_msgs/include/px4_msgs/px4_msgs/msg/detail/rover_position_setpoint__rosidl_typesupport_introspection_c.h\n'}
[1.852926] (px4_msgs) StdoutLine: {'line': b'-- Up-to-date symlink: /home/carlos/ros2_ws/install/px4_msgs/include/px4_msgs/px4_msgs/msg/detail/rover_rate_setpoint__rosidl_typesupport_introspection_c.h\n'}
[1.853011] (px4_msgs) StdoutLine: {'line': b'-- Up-to-date symlink: /home/carlos/ros2_ws/install/px4_msgs/include/px4_msgs/px4_msgs/msg/detail/rover_rate_status__rosidl_typesupport_introspection_c.h\n'}
[1.853097] (px4_msgs) StdoutLine: {'line': b'-- Up-to-date symlink: /home/carlos/ros2_ws/install/px4_msgs/include/px4_msgs/px4_msgs/msg/detail/rover_speed_setpoint__rosidl_typesupport_introspection_c.h\n'}
[1.853181] (px4_msgs) StdoutLine: {'line': b'-- Up-to-date symlink: /home/carlos/ros2_ws/install/px4_msgs/include/px4_msgs/px4_msgs/msg/detail/rover_speed_status__rosidl_typesupport_introspection_c.h\n'}
[1.853267] (px4_msgs) StdoutLine: {'line': b'-- Up-to-date symlink: /home/carlos/ros2_ws/install/px4_msgs/include/px4_msgs/px4_msgs/msg/detail/rover_steering_setpoint__rosidl_typesupport_introspection_c.h\n'}
[1.853352] (px4_msgs) StdoutLine: {'line': b'-- Up-to-date symlink: /home/carlos/ros2_ws/install/px4_msgs/include/px4_msgs/px4_msgs/msg/detail/rover_throttle_setpoint__rosidl_typesupport_introspection_c.h\n'}
[1.853441] (px4_msgs) StdoutLine: {'line': b'-- Up-to-date symlink: /home/carlos/ros2_ws/install/px4_msgs/include/px4_msgs/px4_msgs/msg/detail/rpm__rosidl_typesupport_introspection_c.h\n'}
[1.853533] (px4_msgs) StdoutLine: {'line': b'-- Up-to-date symlink: /home/carlos/ros2_ws/install/px4_msgs/include/px4_msgs/px4_msgs/msg/detail/rtl_status__rosidl_typesupport_introspection_c.h\n'}
[1.853619] (px4_msgs) StdoutLine: {'line': b'-- Up-to-date symlink: /home/carlos/ros2_ws/install/px4_msgs/include/px4_msgs/px4_msgs/msg/detail/rtl_time_estimate__rosidl_typesupport_introspection_c.h\n'}
[1.853704] (px4_msgs) StdoutLine: {'line': b'-- Up-to-date symlink: /home/carlos/ros2_ws/install/px4_msgs/include/px4_msgs/px4_msgs/msg/detail/satellite_info__rosidl_typesupport_introspection_c.h\n'}
[1.853789] (px4_msgs) StdoutLine: {'line': b'-- Up-to-date symlink: /home/carlos/ros2_ws/install/px4_msgs/include/px4_msgs/px4_msgs/msg/detail/sensor_accel__rosidl_typesupport_introspection_c.h\n'}
[1.853882] (px4_msgs) StdoutLine: {'line': b'-- Up-to-date symlink: /home/carlos/ros2_ws/install/px4_msgs/include/px4_msgs/px4_msgs/msg/detail/sensor_accel_fifo__rosidl_typesupport_introspection_c.h\n'}
[1.853967] (px4_msgs) StdoutLine: {'line': b'-- Up-to-date symlink: /home/carlos/ros2_ws/install/px4_msgs/include/px4_msgs/px4_msgs/msg/detail/sensor_airflow__rosidl_typesupport_introspection_c.h\n'}
[1.854055] (px4_msgs) StdoutLine: {'line': b'-- Up-to-date symlink: /home/carlos/ros2_ws/install/px4_msgs/include/px4_msgs/px4_msgs/msg/detail/sensor_baro__rosidl_typesupport_introspection_c.h\n'}
[1.854140] (px4_msgs) StdoutLine: {'line': b'-- Up-to-date symlink: /home/carlos/ros2_ws/install/px4_msgs/include/px4_msgs/px4_msgs/msg/detail/sensor_combined__rosidl_typesupport_introspection_c.h\n'}
[1.854225] (px4_msgs) StdoutLine: {'line': b'-- Up-to-date symlink: /home/carlos/ros2_ws/install/px4_msgs/include/px4_msgs/px4_msgs/msg/detail/sensor_correction__rosidl_typesupport_introspection_c.h\n'}
[1.854309] (px4_msgs) StdoutLine: {'line': b'-- Up-to-date symlink: /home/carlos/ros2_ws/install/px4_msgs/include/px4_msgs/px4_msgs/msg/detail/sensor_gnss_relative__rosidl_typesupport_introspection_c.h\n'}
[1.854395] (px4_msgs) StdoutLine: {'line': b'-- Up-to-date symlink: /home/carlos/ros2_ws/install/px4_msgs/include/px4_msgs/px4_msgs/msg/detail/sensor_gnss_status__rosidl_typesupport_introspection_c.h\n'}
[1.854487] (px4_msgs) StdoutLine: {'line': b'-- Up-to-date symlink: /home/carlos/ros2_ws/install/px4_msgs/include/px4_msgs/px4_msgs/msg/detail/sensor_gps__rosidl_typesupport_introspection_c.h\n'}
[1.854573] (px4_msgs) StdoutLine: {'line': b'-- Up-to-date symlink: /home/carlos/ros2_ws/install/px4_msgs/include/px4_msgs/px4_msgs/msg/detail/sensor_gyro__rosidl_typesupport_introspection_c.h\n'}
[1.854663] (px4_msgs) StdoutLine: {'line': b'-- Up-to-date symlink: /home/carlos/ros2_ws/install/px4_msgs/include/px4_msgs/px4_msgs/msg/detail/sensor_gyro_fft__rosidl_typesupport_introspection_c.h\n'}
[1.854759] (px4_msgs) StdoutLine: {'line': b'-- Up-to-date symlink: /home/carlos/ros2_ws/install/px4_msgs/include/px4_msgs/px4_msgs/msg/detail/sensor_gyro_fifo__rosidl_typesupport_introspection_c.h\n'}
[1.854844] (px4_msgs) StdoutLine: {'line': b'-- Up-to-date symlink: /home/carlos/ros2_ws/install/px4_msgs/include/px4_msgs/px4_msgs/msg/detail/sensor_hygrometer__rosidl_typesupport_introspection_c.h\n'}
[1.854929] (px4_msgs) StdoutLine: {'line': b'-- Up-to-date symlink: /home/carlos/ros2_ws/install/px4_msgs/include/px4_msgs/px4_msgs/msg/detail/sensor_mag__rosidl_typesupport_introspection_c.h\n'}
[1.855014] (px4_msgs) StdoutLine: {'line': b'-- Up-to-date symlink: /home/carlos/ros2_ws/install/px4_msgs/include/px4_msgs/px4_msgs/msg/detail/sensor_optical_flow__rosidl_typesupport_introspection_c.h\n'}
[1.855100] (px4_msgs) StdoutLine: {'line': b'-- Up-to-date symlink: /home/carlos/ros2_ws/install/px4_msgs/include/px4_msgs/px4_msgs/msg/detail/sensor_preflight_mag__rosidl_typesupport_introspection_c.h\n'}
[1.855185] (px4_msgs) StdoutLine: {'line': b'-- Up-to-date symlink: /home/carlos/ros2_ws/install/px4_msgs/include/px4_msgs/px4_msgs/msg/detail/sensor_selection__rosidl_typesupport_introspection_c.h\n'}
[1.855270] (px4_msgs) StdoutLine: {'line': b'-- Up-to-date symlink: /home/carlos/ros2_ws/install/px4_msgs/include/px4_msgs/px4_msgs/msg/detail/sensor_uwb__rosidl_typesupport_introspection_c.h\n'}
[1.855366] (px4_msgs) StdoutLine: {'line': b'-- Up-to-date symlink: /home/carlos/ros2_ws/install/px4_msgs/include/px4_msgs/px4_msgs/msg/detail/sensors_status__rosidl_typesupport_introspection_c.h\n'}
[1.855455] (px4_msgs) StdoutLine: {'line': b'-- Up-to-date symlink: /home/carlos/ros2_ws/install/px4_msgs/include/px4_msgs/px4_msgs/msg/detail/sensors_status_imu__rosidl_typesupport_introspection_c.h\n'}
[1.855544] (px4_msgs) StdoutLine: {'line': b'-- Up-to-date symlink: /home/carlos/ros2_ws/install/px4_msgs/include/px4_msgs/px4_msgs/msg/detail/system_power__rosidl_typesupport_introspection_c.h\n'}
[1.855629] (px4_msgs) StdoutLine: {'line': b'-- Up-to-date symlink: /home/carlos/ros2_ws/install/px4_msgs/include/px4_msgs/px4_msgs/msg/detail/takeoff_status__rosidl_typesupport_introspection_c.h\n'}
[1.855714] (px4_msgs) StdoutLine: {'line': b'-- Up-to-date symlink: /home/carlos/ros2_ws/install/px4_msgs/include/px4_msgs/px4_msgs/msg/detail/task_stack_info__rosidl_typesupport_introspection_c.h\n'}
[1.855799] (px4_msgs) StdoutLine: {'line': b'-- Up-to-date symlink: /home/carlos/ros2_ws/install/px4_msgs/include/px4_msgs/px4_msgs/msg/detail/tecs_status__rosidl_typesupport_introspection_c.h\n'}
[1.855875] (px4_msgs) StdoutLine: {'line': b'-- Up-to-date symlink: /home/carlos/ros2_ws/install/px4_msgs/include/px4_msgs/px4_msgs/msg/detail/telemetry_status__rosidl_typesupport_introspection_c.h\n'}
[1.855961] (px4_msgs) StdoutLine: {'line': b'-- Up-to-date symlink: /home/carlos/ros2_ws/install/px4_msgs/include/px4_msgs/px4_msgs/msg/detail/tiltrotor_extra_controls__rosidl_typesupport_introspection_c.h\n'}
[1.856046] (px4_msgs) StdoutLine: {'line': b'-- Up-to-date symlink: /home/carlos/ros2_ws/install/px4_msgs/include/px4_msgs/px4_msgs/msg/detail/timesync_status__rosidl_typesupport_introspection_c.h\n'}
[1.856132] (px4_msgs) StdoutLine: {'line': b'-- Up-to-date symlink: /home/carlos/ros2_ws/install/px4_msgs/include/px4_msgs/px4_msgs/msg/detail/trajectory_setpoint6dof__rosidl_typesupport_introspection_c.h\n'}
[1.856217] (px4_msgs) StdoutLine: {'line': b'-- Up-to-date symlink: /home/carlos/ros2_ws/install/px4_msgs/include/px4_msgs/px4_msgs/msg/detail/trajectory_setpoint__rosidl_typesupport_introspection_c.h\n'}
[1.856303] (px4_msgs) StdoutLine: {'line': b'-- Up-to-date symlink: /home/carlos/ros2_ws/install/px4_msgs/include/px4_msgs/px4_msgs/msg/detail/transponder_report__rosidl_typesupport_introspection_c.h\n'}
[1.856387] (px4_msgs) StdoutLine: {'line': b'-- Up-to-date symlink: /home/carlos/ros2_ws/install/px4_msgs/include/px4_msgs/px4_msgs/msg/detail/tune_control__rosidl_typesupport_introspection_c.h\n'}
[1.856478] (px4_msgs) StdoutLine: {'line': b'-- Up-to-date symlink: /home/carlos/ros2_ws/install/px4_msgs/include/px4_msgs/px4_msgs/msg/detail/uavcan_parameter_request__rosidl_typesupport_introspection_c.h\n'}
[1.856569] (px4_msgs) StdoutLine: {'line': b'-- Up-to-date symlink: /home/carlos/ros2_ws/install/px4_msgs/include/px4_msgs/px4_msgs/msg/detail/uavcan_parameter_value__rosidl_typesupport_introspection_c.h\n'}
[1.856654] (px4_msgs) StdoutLine: {'line': b'-- Up-to-date symlink: /home/carlos/ros2_ws/install/px4_msgs/include/px4_msgs/px4_msgs/msg/detail/ulog_stream__rosidl_typesupport_introspection_c.h\n'}
[1.856739] (px4_msgs) StdoutLine: {'line': b'-- Up-to-date symlink: /home/carlos/ros2_ws/install/px4_msgs/include/px4_msgs/px4_msgs/msg/detail/ulog_stream_ack__rosidl_typesupport_introspection_c.h\n'}
[1.856824] (px4_msgs) StdoutLine: {'line': b'-- Up-to-date symlink: /home/carlos/ros2_ws/install/px4_msgs/include/px4_msgs/px4_msgs/msg/detail/unregister_ext_component__rosidl_typesupport_introspection_c.h\n'}
[1.856910] (px4_msgs) StdoutLine: {'line': b'-- Up-to-date symlink: /home/carlos/ros2_ws/install/px4_msgs/include/px4_msgs/px4_msgs/msg/detail/vehicle_acceleration__rosidl_typesupport_introspection_c.h\n'}
[1.856994] (px4_msgs) StdoutLine: {'line': b'-- Up-to-date symlink: /home/carlos/ros2_ws/install/px4_msgs/include/px4_msgs/px4_msgs/msg/detail/vehicle_air_data__rosidl_typesupport_introspection_c.h\n'}
[1.857080] (px4_msgs) StdoutLine: {'line': b'-- Up-to-date symlink: /home/carlos/ros2_ws/install/px4_msgs/include/px4_msgs/px4_msgs/msg/detail/vehicle_angular_acceleration_setpoint__rosidl_typesupport_introspection_c.h\n'}
[1.857166] (px4_msgs) StdoutLine: {'line': b'-- Up-to-date symlink: /home/carlos/ros2_ws/install/px4_msgs/include/px4_msgs/px4_msgs/msg/detail/vehicle_angular_velocity__rosidl_typesupport_introspection_c.h\n'}
[1.857251] (px4_msgs) StdoutLine: {'line': b'-- Up-to-date symlink: /home/carlos/ros2_ws/install/px4_msgs/include/px4_msgs/px4_msgs/msg/detail/vehicle_attitude__rosidl_typesupport_introspection_c.h\n'}
[1.857341] (px4_msgs) StdoutLine: {'line': b'-- Up-to-date symlink: /home/carlos/ros2_ws/install/px4_msgs/include/px4_msgs/px4_msgs/msg/detail/vehicle_attitude_setpoint__rosidl_typesupport_introspection_c.h\n'}
[1.857428] (px4_msgs) StdoutLine: {'line': b'-- Up-to-date symlink: /home/carlos/ros2_ws/install/px4_msgs/include/px4_msgs/px4_msgs/msg/detail/vehicle_command__rosidl_typesupport_introspection_c.h\n'}
[1.857522] (px4_msgs) StdoutLine: {'line': b'-- Up-to-date symlink: /home/carlos/ros2_ws/install/px4_msgs/include/px4_msgs/px4_msgs/msg/detail/vehicle_command_ack__rosidl_typesupport_introspection_c.h\n'}
[1.857608] (px4_msgs) StdoutLine: {'line': b'-- Up-to-date symlink: /home/carlos/ros2_ws/install/px4_msgs/include/px4_msgs/px4_msgs/msg/detail/vehicle_constraints__rosidl_typesupport_introspection_c.h\n'}
[1.857693] (px4_msgs) StdoutLine: {'line': b'-- Up-to-date symlink: /home/carlos/ros2_ws/install/px4_msgs/include/px4_msgs/px4_msgs/msg/detail/vehicle_control_mode__rosidl_typesupport_introspection_c.h\n'}
[1.857778] (px4_msgs) StdoutLine: {'line': b'-- Up-to-date symlink: /home/carlos/ros2_ws/install/px4_msgs/include/px4_msgs/px4_msgs/msg/detail/vehicle_global_position__rosidl_typesupport_introspection_c.h\n'}
[1.857864] (px4_msgs) StdoutLine: {'line': b'-- Up-to-date symlink: /home/carlos/ros2_ws/install/px4_msgs/include/px4_msgs/px4_msgs/msg/detail/vehicle_imu__rosidl_typesupport_introspection_c.h\n'}
[1.857949] (px4_msgs) StdoutLine: {'line': b'-- Up-to-date symlink: /home/carlos/ros2_ws/install/px4_msgs/include/px4_msgs/px4_msgs/msg/detail/vehicle_imu_status__rosidl_typesupport_introspection_c.h\n'}
[1.858034] (px4_msgs) StdoutLine: {'line': b'-- Up-to-date symlink: /home/carlos/ros2_ws/install/px4_msgs/include/px4_msgs/px4_msgs/msg/detail/vehicle_land_detected__rosidl_typesupport_introspection_c.h\n'}
[1.858119] (px4_msgs) StdoutLine: {'line': b'-- Up-to-date symlink: /home/carlos/ros2_ws/install/px4_msgs/include/px4_msgs/px4_msgs/msg/detail/vehicle_local_position__rosidl_typesupport_introspection_c.h\n'}
[1.858205] (px4_msgs) StdoutLine: {'line': b'-- Up-to-date symlink: /home/carlos/ros2_ws/install/px4_msgs/include/px4_msgs/px4_msgs/msg/detail/vehicle_local_position_setpoint__rosidl_typesupport_introspection_c.h\n'}
[1.858303] (px4_msgs) StdoutLine: {'line': b'-- Up-to-date symlink: /home/carlos/ros2_ws/install/px4_msgs/include/px4_msgs/px4_msgs/msg/detail/vehicle_magnetometer__rosidl_typesupport_introspection_c.h\n'}
[1.858388] (px4_msgs) StdoutLine: {'line': b'-- Up-to-date symlink: /home/carlos/ros2_ws/install/px4_msgs/include/px4_msgs/px4_msgs/msg/detail/vehicle_odometry__rosidl_typesupport_introspection_c.h\n'}
[1.858479] (px4_msgs) StdoutLine: {'line': b'-- Up-to-date symlink: /home/carlos/ros2_ws/install/px4_msgs/include/px4_msgs/px4_msgs/msg/detail/vehicle_optical_flow__rosidl_typesupport_introspection_c.h\n'}
[1.858569] (px4_msgs) StdoutLine: {'line': b'-- Up-to-date symlink: /home/carlos/ros2_ws/install/px4_msgs/include/px4_msgs/px4_msgs/msg/detail/vehicle_optical_flow_vel__rosidl_typesupport_introspection_c.h\n'}
[1.858654] (px4_msgs) StdoutLine: {'line': b'-- Up-to-date symlink: /home/carlos/ros2_ws/install/px4_msgs/include/px4_msgs/px4_msgs/msg/detail/vehicle_rates_setpoint__rosidl_typesupport_introspection_c.h\n'}
[1.858739] (px4_msgs) StdoutLine: {'line': b'-- Up-to-date symlink: /home/carlos/ros2_ws/install/px4_msgs/include/px4_msgs/px4_msgs/msg/detail/vehicle_roi__rosidl_typesupport_introspection_c.h\n'}
[1.858824] (px4_msgs) StdoutLine: {'line': b'-- Up-to-date symlink: /home/carlos/ros2_ws/install/px4_msgs/include/px4_msgs/px4_msgs/msg/detail/vehicle_status__rosidl_typesupport_introspection_c.h\n'}
[1.858909] (px4_msgs) StdoutLine: {'line': b'-- Up-to-date symlink: /home/carlos/ros2_ws/install/px4_msgs/include/px4_msgs/px4_msgs/msg/detail/vehicle_thrust_setpoint__rosidl_typesupport_introspection_c.h\n'}
[1.858995] (px4_msgs) StdoutLine: {'line': b'-- Up-to-date symlink: /home/carlos/ros2_ws/install/px4_msgs/include/px4_msgs/px4_msgs/msg/detail/vehicle_torque_setpoint__rosidl_typesupport_introspection_c.h\n'}
[1.859080] (px4_msgs) StdoutLine: {'line': b'-- Up-to-date symlink: /home/carlos/ros2_ws/install/px4_msgs/include/px4_msgs/px4_msgs/msg/detail/velocity_limits__rosidl_typesupport_introspection_c.h\n'}
[1.859165] (px4_msgs) StdoutLine: {'line': b'-- Up-to-date symlink: /home/carlos/ros2_ws/install/px4_msgs/include/px4_msgs/px4_msgs/msg/detail/vtol_vehicle_status__rosidl_typesupport_introspection_c.h\n'}
[1.859249] (px4_msgs) StdoutLine: {'line': b'-- Up-to-date symlink: /home/carlos/ros2_ws/install/px4_msgs/include/px4_msgs/px4_msgs/msg/detail/wheel_encoders__rosidl_typesupport_introspection_c.h\n'}
[1.859335] (px4_msgs) StdoutLine: {'line': b'-- Up-to-date symlink: /home/carlos/ros2_ws/install/px4_msgs/include/px4_msgs/px4_msgs/msg/detail/wind__rosidl_typesupport_introspection_c.h\n'}
[1.859421] (px4_msgs) StdoutLine: {'line': b'-- Up-to-date symlink: /home/carlos/ros2_ws/install/px4_msgs/include/px4_msgs/px4_msgs/msg/detail/yaw_estimator_status__rosidl_typesupport_introspection_c.h\n'}
[1.859500] (px4_msgs) StdoutLine: {'line': b'-- Up-to-date symlink: /home/carlos/ros2_ws/install/px4_msgs/include/px4_msgs/px4_msgs/msg/rosidl_typesupport_introspection_c__visibility_control.h\n'}
[1.859587] (px4_msgs) StdoutLine: {'line': b'-- Up-to-date symlink: /home/carlos/ros2_ws/install/px4_msgs/include/px4_msgs/px4_msgs/srv/detail/vehicle_command__rosidl_typesupport_introspection_c.h\n'}
[1.862635] (px4_msgs) StdoutLine: {'line': b'-- Up-to-date symlink: /home/carlos/ros2_ws/install/px4_msgs/include/px4_msgs/px4_msgs/msg/detail/action_request__rosidl_typesupport_introspection_cpp.hpp\n'}
[1.862844] (px4_msgs) StdoutLine: {'line': b'-- Up-to-date symlink: /home/carlos/ros2_ws/install/px4_msgs/include/px4_msgs/px4_msgs/msg/detail/actuator_armed__rosidl_typesupport_introspection_cpp.hpp\n'}
[1.862980] (px4_msgs) StdoutLine: {'line': b'-- Up-to-date symlink: /home/carlos/ros2_ws/install/px4_msgs/include/px4_msgs/px4_msgs/msg/detail/actuator_controls_status__rosidl_typesupport_introspection_cpp.hpp\n'}
[1.863136] (px4_msgs) StdoutLine: {'line': b'-- Up-to-date symlink: /home/carlos/ros2_ws/install/px4_msgs/include/px4_msgs/px4_msgs/msg/detail/actuator_motors__rosidl_typesupport_introspection_cpp.hpp\n'}
[1.863258] (px4_msgs) StdoutLine: {'line': b'-- Up-to-date symlink: /home/carlos/ros2_ws/install/px4_msgs/include/px4_msgs/px4_msgs/msg/detail/actuator_outputs__rosidl_typesupport_introspection_cpp.hpp\n'}
[1.863368] (px4_msgs) StdoutLine: {'line': b'-- Up-to-date symlink: /home/carlos/ros2_ws/install/px4_msgs/include/px4_msgs/px4_msgs/msg/detail/actuator_servos__rosidl_typesupport_introspection_cpp.hpp\n'}
[1.863490] (px4_msgs) StdoutLine: {'line': b'-- Up-to-date symlink: /home/carlos/ros2_ws/install/px4_msgs/include/px4_msgs/px4_msgs/msg/detail/actuator_servos_trim__rosidl_typesupport_introspection_cpp.hpp\n'}
[1.863656] (px4_msgs) StdoutLine: {'line': b'-- Up-to-date symlink: /home/carlos/ros2_ws/install/px4_msgs/include/px4_msgs/px4_msgs/msg/detail/actuator_test__rosidl_typesupport_introspection_cpp.hpp\n'}
[1.863805] (px4_msgs) StdoutLine: {'line': b'-- Up-to-date symlink: /home/carlos/ros2_ws/install/px4_msgs/include/px4_msgs/px4_msgs/msg/detail/adc_report__rosidl_typesupport_introspection_cpp.hpp\n'}
[1.863915] (px4_msgs) StdoutLine: {'line': b'-- Up-to-date symlink: /home/carlos/ros2_ws/install/px4_msgs/include/px4_msgs/px4_msgs/msg/detail/airspeed__rosidl_typesupport_introspection_cpp.hpp\n'}
[1.864028] (px4_msgs) StdoutLine: {'line': b'-- Up-to-date symlink: /home/carlos/ros2_ws/install/px4_msgs/include/px4_msgs/px4_msgs/msg/detail/airspeed_validated__rosidl_typesupport_introspection_cpp.hpp\n'}
[1.864127] (px4_msgs) StdoutLine: {'line': b'-- Up-to-date symlink: /home/carlos/ros2_ws/install/px4_msgs/include/px4_msgs/px4_msgs/msg/detail/airspeed_wind__rosidl_typesupport_introspection_cpp.hpp\n'}
[1.864229] (px4_msgs) StdoutLine: {'line': b'-- Up-to-date symlink: /home/carlos/ros2_ws/install/px4_msgs/include/px4_msgs/px4_msgs/msg/detail/arming_check_reply__rosidl_typesupport_introspection_cpp.hpp\n'}
[1.864279] (px4_msgs) StdoutLine: {'line': b'-- Up-to-date symlink: /home/carlos/ros2_ws/install/px4_msgs/include/px4_msgs/px4_msgs/msg/detail/arming_check_request__rosidl_typesupport_introspection_cpp.hpp\n'}
[1.864363] (px4_msgs) StdoutLine: {'line': b'-- Up-to-date symlink: /home/carlos/ros2_ws/install/px4_msgs/include/px4_msgs/px4_msgs/msg/detail/autotune_attitude_control_status__rosidl_typesupport_introspection_cpp.hpp\n'}
[1.864429] (px4_msgs) StdoutLine: {'line': b'-- Up-to-date symlink: /home/carlos/ros2_ws/install/px4_msgs/include/px4_msgs/px4_msgs/msg/detail/battery_info__rosidl_typesupport_introspection_cpp.hpp\n'}
[1.864483] (px4_msgs) StdoutLine: {'line': b'-- Up-to-date symlink: /home/carlos/ros2_ws/install/px4_msgs/include/px4_msgs/px4_msgs/msg/detail/battery_status__rosidl_typesupport_introspection_cpp.hpp\n'}
[1.864531] (px4_msgs) StdoutLine: {'line': b'-- Up-to-date symlink: /home/carlos/ros2_ws/install/px4_msgs/include/px4_msgs/px4_msgs/msg/detail/button_event__rosidl_typesupport_introspection_cpp.hpp\n'}
[1.864573] (px4_msgs) StdoutLine: {'line': b'-- Up-to-date symlink: /home/carlos/ros2_ws/install/px4_msgs/include/px4_msgs/px4_msgs/msg/detail/camera_capture__rosidl_typesupport_introspection_cpp.hpp\n'}
[1.864622] (px4_msgs) StdoutLine: {'line': b'-- Up-to-date symlink: /home/carlos/ros2_ws/install/px4_msgs/include/px4_msgs/px4_msgs/msg/detail/camera_status__rosidl_typesupport_introspection_cpp.hpp\n'}
[1.864680] (px4_msgs) StdoutLine: {'line': b'-- Up-to-date symlink: /home/carlos/ros2_ws/install/px4_msgs/include/px4_msgs/px4_msgs/msg/detail/camera_trigger__rosidl_typesupport_introspection_cpp.hpp\n'}
[1.864725] (px4_msgs) StdoutLine: {'line': b'-- Up-to-date symlink: /home/carlos/ros2_ws/install/px4_msgs/include/px4_msgs/px4_msgs/msg/detail/can_interface_status__rosidl_typesupport_introspection_cpp.hpp\n'}
[1.864822] (px4_msgs) StdoutLine: {'line': b'-- Up-to-date symlink: /home/carlos/ros2_ws/install/px4_msgs/include/px4_msgs/px4_msgs/msg/detail/cellular_status__rosidl_typesupport_introspection_cpp.hpp\n'}
[1.864973] (px4_msgs) StdoutLine: {'line': b'-- Up-to-date symlink: /home/carlos/ros2_ws/install/px4_msgs/include/px4_msgs/px4_msgs/msg/detail/collision_constraints__rosidl_typesupport_introspection_cpp.hpp\n'}
[1.865125] (px4_msgs) StdoutLine: {'line': b'-- Up-to-date symlink: /home/carlos/ros2_ws/install/px4_msgs/include/px4_msgs/px4_msgs/msg/detail/config_overrides__rosidl_typesupport_introspection_cpp.hpp\n'}
[1.865274] (px4_msgs) StdoutLine: {'line': b'-- Up-to-date symlink: /home/carlos/ros2_ws/install/px4_msgs/include/px4_msgs/px4_msgs/msg/detail/control_allocator_status__rosidl_typesupport_introspection_cpp.hpp\n'}
[1.865425] (px4_msgs) StdoutLine: {'line': b'-- Up-to-date symlink: /home/carlos/ros2_ws/install/px4_msgs/include/px4_msgs/px4_msgs/msg/detail/cpuload__rosidl_typesupport_introspection_cpp.hpp\n'}
[1.865561] (px4_msgs) StdoutLine: {'line': b'-- Up-to-date symlink: /home/carlos/ros2_ws/install/px4_msgs/include/px4_msgs/px4_msgs/msg/detail/dataman_request__rosidl_typesupport_introspection_cpp.hpp\n'}
[1.865665] (px4_msgs) StdoutLine: {'line': b'-- Up-to-date symlink: /home/carlos/ros2_ws/install/px4_msgs/include/px4_msgs/px4_msgs/msg/detail/dataman_response__rosidl_typesupport_introspection_cpp.hpp\n'}
[1.865744] (px4_msgs) StdoutLine: {'line': b'-- Up-to-date symlink: /home/carlos/ros2_ws/install/px4_msgs/include/px4_msgs/px4_msgs/msg/detail/debug_array__rosidl_typesupport_introspection_cpp.hpp\n'}
[1.865829] (px4_msgs) StdoutLine: {'line': b'-- Up-to-date symlink: /home/carlos/ros2_ws/install/px4_msgs/include/px4_msgs/px4_msgs/msg/detail/debug_key_value__rosidl_typesupport_introspection_cpp.hpp\n'}
[1.865913] (px4_msgs) StdoutLine: {'line': b'-- Up-to-date symlink: /home/carlos/ros2_ws/install/px4_msgs/include/px4_msgs/px4_msgs/msg/detail/debug_value__rosidl_typesupport_introspection_cpp.hpp\n'}
[1.865999] (px4_msgs) StdoutLine: {'line': b'-- Up-to-date symlink: /home/carlos/ros2_ws/install/px4_msgs/include/px4_msgs/px4_msgs/msg/detail/debug_vect__rosidl_typesupport_introspection_cpp.hpp\n'}
[1.866085] (px4_msgs) StdoutLine: {'line': b'-- Up-to-date symlink: /home/carlos/ros2_ws/install/px4_msgs/include/px4_msgs/px4_msgs/msg/detail/differential_pressure__rosidl_typesupport_introspection_cpp.hpp\n'}
[1.866183] (px4_msgs) StdoutLine: {'line': b'-- Up-to-date symlink: /home/carlos/ros2_ws/install/px4_msgs/include/px4_msgs/px4_msgs/msg/detail/distance_sensor__rosidl_typesupport_introspection_cpp.hpp\n'}
[1.866272] (px4_msgs) StdoutLine: {'line': b'-- Up-to-date symlink: /home/carlos/ros2_ws/install/px4_msgs/include/px4_msgs/px4_msgs/msg/detail/distance_sensor_mode_change_request__rosidl_typesupport_introspection_cpp.hpp\n'}
[1.866360] (px4_msgs) StdoutLine: {'line': b'-- Up-to-date symlink: /home/carlos/ros2_ws/install/px4_msgs/include/px4_msgs/px4_msgs/msg/detail/dronecan_node_status__rosidl_typesupport_introspection_cpp.hpp\n'}
[1.866454] (px4_msgs) StdoutLine: {'line': b'-- Up-to-date symlink: /home/carlos/ros2_ws/install/px4_msgs/include/px4_msgs/px4_msgs/msg/detail/ekf2_timestamps__rosidl_typesupport_introspection_cpp.hpp\n'}
[1.866547] (px4_msgs) StdoutLine: {'line': b'-- Up-to-date symlink: /home/carlos/ros2_ws/install/px4_msgs/include/px4_msgs/px4_msgs/msg/detail/esc_report__rosidl_typesupport_introspection_cpp.hpp\n'}
[1.866633] (px4_msgs) StdoutLine: {'line': b'-- Up-to-date symlink: /home/carlos/ros2_ws/install/px4_msgs/include/px4_msgs/px4_msgs/msg/detail/esc_status__rosidl_typesupport_introspection_cpp.hpp\n'}
[1.866725] (px4_msgs) StdoutLine: {'line': b'-- Up-to-date symlink: /home/carlos/ros2_ws/install/px4_msgs/include/px4_msgs/px4_msgs/msg/detail/estimator_aid_source1d__rosidl_typesupport_introspection_cpp.hpp\n'}
[1.866811] (px4_msgs) StdoutLine: {'line': b'-- Up-to-date symlink: /home/carlos/ros2_ws/install/px4_msgs/include/px4_msgs/px4_msgs/msg/detail/estimator_aid_source2d__rosidl_typesupport_introspection_cpp.hpp\n'}
[1.866896] (px4_msgs) StdoutLine: {'line': b'-- Up-to-date symlink: /home/carlos/ros2_ws/install/px4_msgs/include/px4_msgs/px4_msgs/msg/detail/estimator_aid_source3d__rosidl_typesupport_introspection_cpp.hpp\n'}
[1.866992] (px4_msgs) StdoutLine: {'line': b'-- Up-to-date symlink: /home/carlos/ros2_ws/install/px4_msgs/include/px4_msgs/px4_msgs/msg/detail/estimator_bias3d__rosidl_typesupport_introspection_cpp.hpp\n'}
[1.867096] (px4_msgs) StdoutLine: {'line': b'-- Up-to-date symlink: /home/carlos/ros2_ws/install/px4_msgs/include/px4_msgs/px4_msgs/msg/detail/estimator_bias__rosidl_typesupport_introspection_cpp.hpp\n'}
[1.867230] (px4_msgs) StdoutLine: {'line': b'-- Up-to-date symlink: /home/carlos/ros2_ws/install/px4_msgs/include/px4_msgs/px4_msgs/msg/detail/estimator_event_flags__rosidl_typesupport_introspection_cpp.hpp\n'}
[1.867360] (px4_msgs) StdoutLine: {'line': b'-- Up-to-date symlink: /home/carlos/ros2_ws/install/px4_msgs/include/px4_msgs/px4_msgs/msg/detail/estimator_gps_status__rosidl_typesupport_introspection_cpp.hpp\n'}
[1.867494] (px4_msgs) StdoutLine: {'line': b'-- Up-to-date symlink: /home/carlos/ros2_ws/install/px4_msgs/include/px4_msgs/px4_msgs/msg/detail/estimator_innovations__rosidl_typesupport_introspection_cpp.hpp\n'}
[1.867585] (px4_msgs) StdoutLine: {'line': b'-- Up-to-date symlink: /home/carlos/ros2_ws/install/px4_msgs/include/px4_msgs/px4_msgs/msg/detail/estimator_selector_status__rosidl_typesupport_introspection_cpp.hpp\n'}
[1.867693] (px4_msgs) StdoutLine: {'line': b'-- Up-to-date symlink: /home/carlos/ros2_ws/install/px4_msgs/include/px4_msgs/px4_msgs/msg/detail/estimator_sensor_bias__rosidl_typesupport_introspection_cpp.hpp\n'}
[1.867808] (px4_msgs) StdoutLine: {'line': b'-- Up-to-date symlink: /home/carlos/ros2_ws/install/px4_msgs/include/px4_msgs/px4_msgs/msg/detail/estimator_states__rosidl_typesupport_introspection_cpp.hpp\n'}
[1.867930] (px4_msgs) StdoutLine: {'line': b'-- Up-to-date symlink: /home/carlos/ros2_ws/install/px4_msgs/include/px4_msgs/px4_msgs/msg/detail/estimator_status__rosidl_typesupport_introspection_cpp.hpp\n'}
[1.868050] (px4_msgs) StdoutLine: {'line': b'-- Up-to-date symlink: /home/carlos/ros2_ws/install/px4_msgs/include/px4_msgs/px4_msgs/msg/detail/estimator_status_flags__rosidl_typesupport_introspection_cpp.hpp\n'}
[1.868169] (px4_msgs) StdoutLine: {'line': b'-- Up-to-date symlink: /home/carlos/ros2_ws/install/px4_msgs/include/px4_msgs/px4_msgs/msg/detail/event__rosidl_typesupport_introspection_cpp.hpp\n'}
[1.868260] (px4_msgs) StdoutLine: {'line': b'-- Up-to-date symlink: /home/carlos/ros2_ws/install/px4_msgs/include/px4_msgs/px4_msgs/msg/detail/failsafe_flags__rosidl_typesupport_introspection_cpp.hpp\n'}
[1.868357] (px4_msgs) StdoutLine: {'line': b'-- Up-to-date symlink: /home/carlos/ros2_ws/install/px4_msgs/include/px4_msgs/px4_msgs/msg/detail/failure_detector_status__rosidl_typesupport_introspection_cpp.hpp\n'}
[1.868481] (px4_msgs) StdoutLine: {'line': b'-- Up-to-date symlink: /home/carlos/ros2_ws/install/px4_msgs/include/px4_msgs/px4_msgs/msg/detail/figure_eight_status__rosidl_typesupport_introspection_cpp.hpp\n'}
[1.868576] (px4_msgs) StdoutLine: {'line': b'-- Up-to-date symlink: /home/carlos/ros2_ws/install/px4_msgs/include/px4_msgs/px4_msgs/msg/detail/fixed_wing_lateral_guidance_status__rosidl_typesupport_introspection_cpp.hpp\n'}
[1.868661] (px4_msgs) StdoutLine: {'line': b'-- Up-to-date symlink: /home/carlos/ros2_ws/install/px4_msgs/include/px4_msgs/px4_msgs/msg/detail/fixed_wing_lateral_setpoint__rosidl_typesupport_introspection_cpp.hpp\n'}
[1.868744] (px4_msgs) StdoutLine: {'line': b'-- Up-to-date symlink: /home/carlos/ros2_ws/install/px4_msgs/include/px4_msgs/px4_msgs/msg/detail/fixed_wing_lateral_status__rosidl_typesupport_introspection_cpp.hpp\n'}
[1.868839] (px4_msgs) StdoutLine: {'line': b'-- Up-to-date symlink: /home/carlos/ros2_ws/install/px4_msgs/include/px4_msgs/px4_msgs/msg/detail/fixed_wing_longitudinal_setpoint__rosidl_typesupport_introspection_cpp.hpp\n'}
[1.868916] (px4_msgs) StdoutLine: {'line': b'-- Up-to-date symlink: /home/carlos/ros2_ws/install/px4_msgs/include/px4_msgs/px4_msgs/msg/detail/fixed_wing_runway_control__rosidl_typesupport_introspection_cpp.hpp\n'}
[1.869050] (px4_msgs) StdoutLine: {'line': b'-- Up-to-date symlink: /home/carlos/ros2_ws/install/px4_msgs/include/px4_msgs/px4_msgs/msg/detail/flight_phase_estimation__rosidl_typesupport_introspection_cpp.hpp\n'}
[1.869257] (px4_msgs) StdoutLine: {'line': b'-- Up-to-date symlink: /home/carlos/ros2_ws/install/px4_msgs/include/px4_msgs/px4_msgs/msg/detail/follow_target__rosidl_typesupport_introspection_cpp.hpp\n'}
[1.869319] (px4_msgs) StdoutLine: {'line': b'-- Up-to-date symlink: /home/carlos/ros2_ws/install/px4_msgs/include/px4_msgs/px4_msgs/msg/detail/follow_target_estimator__rosidl_typesupport_introspection_cpp.hpp\n'}
[1.869390] (px4_msgs) StdoutLine: {'line': b'-- Up-to-date symlink: /home/carlos/ros2_ws/install/px4_msgs/include/px4_msgs/px4_msgs/msg/detail/follow_target_status__rosidl_typesupport_introspection_cpp.hpp\n'}
[1.869463] (px4_msgs) StdoutLine: {'line': b'-- Up-to-date symlink: /home/carlos/ros2_ws/install/px4_msgs/include/px4_msgs/px4_msgs/msg/detail/fuel_tank_status__rosidl_typesupport_introspection_cpp.hpp\n'}
[1.869544] (px4_msgs) StdoutLine: {'line': b'-- Up-to-date symlink: /home/carlos/ros2_ws/install/px4_msgs/include/px4_msgs/px4_msgs/msg/detail/generator_status__rosidl_typesupport_introspection_cpp.hpp\n'}
[1.869618] (px4_msgs) StdoutLine: {'line': b'-- Up-to-date symlink: /home/carlos/ros2_ws/install/px4_msgs/include/px4_msgs/px4_msgs/msg/detail/geofence_result__rosidl_typesupport_introspection_cpp.hpp\n'}
[1.869694] (px4_msgs) StdoutLine: {'line': b'-- Up-to-date symlink: /home/carlos/ros2_ws/install/px4_msgs/include/px4_msgs/px4_msgs/msg/detail/geofence_status__rosidl_typesupport_introspection_cpp.hpp\n'}
[1.869764] (px4_msgs) StdoutLine: {'line': b'-- Up-to-date symlink: /home/carlos/ros2_ws/install/px4_msgs/include/px4_msgs/px4_msgs/msg/detail/gimbal_controls__rosidl_typesupport_introspection_cpp.hpp\n'}
[1.869830] (px4_msgs) StdoutLine: {'line': b'-- Up-to-date symlink: /home/carlos/ros2_ws/install/px4_msgs/include/px4_msgs/px4_msgs/msg/detail/gimbal_device_attitude_status__rosidl_typesupport_introspection_cpp.hpp\n'}
[1.869913] (px4_msgs) StdoutLine: {'line': b'-- Up-to-date symlink: /home/carlos/ros2_ws/install/px4_msgs/include/px4_msgs/px4_msgs/msg/detail/gimbal_device_information__rosidl_typesupport_introspection_cpp.hpp\n'}
[1.870012] (px4_msgs) StdoutLine: {'line': b'-- Up-to-date symlink: /home/carlos/ros2_ws/install/px4_msgs/include/px4_msgs/px4_msgs/msg/detail/gimbal_device_set_attitude__rosidl_typesupport_introspection_cpp.hpp\n'}
[1.870098] (px4_msgs) StdoutLine: {'line': b'-- Up-to-date symlink: /home/carlos/ros2_ws/install/px4_msgs/include/px4_msgs/px4_msgs/msg/detail/gimbal_manager_information__rosidl_typesupport_introspection_cpp.hpp\n'}
[1.870187] (px4_msgs) StdoutLine: {'line': b'-- Up-to-date symlink: /home/carlos/ros2_ws/install/px4_msgs/include/px4_msgs/px4_msgs/msg/detail/gimbal_manager_set_attitude__rosidl_typesupport_introspection_cpp.hpp\n'}
[1.870274] (px4_msgs) StdoutLine: {'line': b'-- Up-to-date symlink: /home/carlos/ros2_ws/install/px4_msgs/include/px4_msgs/px4_msgs/msg/detail/gimbal_manager_set_manual_control__rosidl_typesupport_introspection_cpp.hpp\n'}
[1.870361] (px4_msgs) StdoutLine: {'line': b'-- Up-to-date symlink: /home/carlos/ros2_ws/install/px4_msgs/include/px4_msgs/px4_msgs/msg/detail/gimbal_manager_status__rosidl_typesupport_introspection_cpp.hpp\n'}
[1.870455] (px4_msgs) StdoutLine: {'line': b'-- Up-to-date symlink: /home/carlos/ros2_ws/install/px4_msgs/include/px4_msgs/px4_msgs/msg/detail/goto_setpoint__rosidl_typesupport_introspection_cpp.hpp\n'}
[1.870547] (px4_msgs) StdoutLine: {'line': b'-- Up-to-date symlink: /home/carlos/ros2_ws/install/px4_msgs/include/px4_msgs/px4_msgs/msg/detail/gpio_config__rosidl_typesupport_introspection_cpp.hpp\n'}
[1.870631] (px4_msgs) StdoutLine: {'line': b'-- Up-to-date symlink: /home/carlos/ros2_ws/install/px4_msgs/include/px4_msgs/px4_msgs/msg/detail/gpio_in__rosidl_typesupport_introspection_cpp.hpp\n'}
[1.870716] (px4_msgs) StdoutLine: {'line': b'-- Up-to-date symlink: /home/carlos/ros2_ws/install/px4_msgs/include/px4_msgs/px4_msgs/msg/detail/gpio_out__rosidl_typesupport_introspection_cpp.hpp\n'}
[1.870802] (px4_msgs) StdoutLine: {'line': b'-- Up-to-date symlink: /home/carlos/ros2_ws/install/px4_msgs/include/px4_msgs/px4_msgs/msg/detail/gpio_request__rosidl_typesupport_introspection_cpp.hpp\n'}
[1.870887] (px4_msgs) StdoutLine: {'line': b'-- Up-to-date symlink: /home/carlos/ros2_ws/install/px4_msgs/include/px4_msgs/px4_msgs/msg/detail/gps_dump__rosidl_typesupport_introspection_cpp.hpp\n'}
[1.870972] (px4_msgs) StdoutLine: {'line': b'-- Up-to-date symlink: /home/carlos/ros2_ws/install/px4_msgs/include/px4_msgs/px4_msgs/msg/detail/gps_inject_data__rosidl_typesupport_introspection_cpp.hpp\n'}
[1.871057] (px4_msgs) StdoutLine: {'line': b'-- Up-to-date symlink: /home/carlos/ros2_ws/install/px4_msgs/include/px4_msgs/px4_msgs/msg/detail/gripper__rosidl_typesupport_introspection_cpp.hpp\n'}
[1.871143] (px4_msgs) StdoutLine: {'line': b'-- Up-to-date symlink: /home/carlos/ros2_ws/install/px4_msgs/include/px4_msgs/px4_msgs/msg/detail/health_report__rosidl_typesupport_introspection_cpp.hpp\n'}
[1.871228] (px4_msgs) StdoutLine: {'line': b'-- Up-to-date symlink: /home/carlos/ros2_ws/install/px4_msgs/include/px4_msgs/px4_msgs/msg/detail/heater_status__rosidl_typesupport_introspection_cpp.hpp\n'}
[1.871312] (px4_msgs) StdoutLine: {'line': b'-- Up-to-date symlink: /home/carlos/ros2_ws/install/px4_msgs/include/px4_msgs/px4_msgs/msg/detail/home_position__rosidl_typesupport_introspection_cpp.hpp\n'}
[1.871397] (px4_msgs) StdoutLine: {'line': b'-- Up-to-date symlink: /home/carlos/ros2_ws/install/px4_msgs/include/px4_msgs/px4_msgs/msg/detail/hover_thrust_estimate__rosidl_typesupport_introspection_cpp.hpp\n'}
[1.871510] (px4_msgs) StdoutLine: {'line': b'-- Up-to-date symlink: /home/carlos/ros2_ws/install/px4_msgs/include/px4_msgs/px4_msgs/msg/detail/input_rc__rosidl_typesupport_introspection_cpp.hpp\n'}
[1.871697] (px4_msgs) StdoutLine: {'line': b'-- Up-to-date symlink: /home/carlos/ros2_ws/install/px4_msgs/include/px4_msgs/px4_msgs/msg/detail/internal_combustion_engine_control__rosidl_typesupport_introspection_cpp.hpp\n'}
[1.871831] (px4_msgs) StdoutLine: {'line': b'-- Up-to-date symlink: /home/carlos/ros2_ws/install/px4_msgs/include/px4_msgs/px4_msgs/msg/detail/internal_combustion_engine_status__rosidl_typesupport_introspection_cpp.hpp\n'}
[1.871967] (px4_msgs) StdoutLine: {'line': b'-- Up-to-date symlink: /home/carlos/ros2_ws/install/px4_msgs/include/px4_msgs/px4_msgs/msg/detail/iridiumsbd_status__rosidl_typesupport_introspection_cpp.hpp\n'}
[1.872096] (px4_msgs) StdoutLine: {'line': b'-- Up-to-date symlink: /home/carlos/ros2_ws/install/px4_msgs/include/px4_msgs/px4_msgs/msg/detail/irlock_report__rosidl_typesupport_introspection_cpp.hpp\n'}
[1.872225] (px4_msgs) StdoutLine: {'line': b'-- Up-to-date symlink: /home/carlos/ros2_ws/install/px4_msgs/include/px4_msgs/px4_msgs/msg/detail/landing_gear__rosidl_typesupport_introspection_cpp.hpp\n'}
[1.872339] (px4_msgs) StdoutLine: {'line': b'-- Up-to-date symlink: /home/carlos/ros2_ws/install/px4_msgs/include/px4_msgs/px4_msgs/msg/detail/landing_gear_wheel__rosidl_typesupport_introspection_cpp.hpp\n'}
[1.872457] (px4_msgs) StdoutLine: {'line': b'-- Up-to-date symlink: /home/carlos/ros2_ws/install/px4_msgs/include/px4_msgs/px4_msgs/msg/detail/landing_target_innovations__rosidl_typesupport_introspection_cpp.hpp\n'}
[1.872584] (px4_msgs) StdoutLine: {'line': b'-- Up-to-date symlink: /home/carlos/ros2_ws/install/px4_msgs/include/px4_msgs/px4_msgs/msg/detail/landing_target_pose__rosidl_typesupport_introspection_cpp.hpp\n'}
[1.872693] (px4_msgs) StdoutLine: {'line': b'-- Up-to-date symlink: /home/carlos/ros2_ws/install/px4_msgs/include/px4_msgs/px4_msgs/msg/detail/lateral_control_configuration__rosidl_typesupport_introspection_cpp.hpp\n'}
[1.872801] (px4_msgs) StdoutLine: {'line': b'-- Up-to-date symlink: /home/carlos/ros2_ws/install/px4_msgs/include/px4_msgs/px4_msgs/msg/detail/launch_detection_status__rosidl_typesupport_introspection_cpp.hpp\n'}
[1.872881] (px4_msgs) StdoutLine: {'line': b'-- Up-to-date symlink: /home/carlos/ros2_ws/install/px4_msgs/include/px4_msgs/px4_msgs/msg/detail/led_control__rosidl_typesupport_introspection_cpp.hpp\n'}
[1.872931] (px4_msgs) StdoutLine: {'line': b'-- Up-to-date symlink: /home/carlos/ros2_ws/install/px4_msgs/include/px4_msgs/px4_msgs/msg/detail/log_message__rosidl_typesupport_introspection_cpp.hpp\n'}
[1.872974] (px4_msgs) StdoutLine: {'line': b'-- Up-to-date symlink: /home/carlos/ros2_ws/install/px4_msgs/include/px4_msgs/px4_msgs/msg/detail/logger_status__rosidl_typesupport_introspection_cpp.hpp\n'}
[1.873020] (px4_msgs) StdoutLine: {'line': b'-- Up-to-date symlink: /home/carlos/ros2_ws/install/px4_msgs/include/px4_msgs/px4_msgs/msg/detail/longitudinal_control_configuration__rosidl_typesupport_introspection_cpp.hpp\n'}
[1.873063] (px4_msgs) StdoutLine: {'line': b'-- Up-to-date symlink: /home/carlos/ros2_ws/install/px4_msgs/include/px4_msgs/px4_msgs/msg/detail/mag_worker_data__rosidl_typesupport_introspection_cpp.hpp\n'}
[1.873133] (px4_msgs) StdoutLine: {'line': b'-- Up-to-date symlink: /home/carlos/ros2_ws/install/px4_msgs/include/px4_msgs/px4_msgs/msg/detail/magnetometer_bias_estimate__rosidl_typesupport_introspection_cpp.hpp\n'}
[1.873179] (px4_msgs) StdoutLine: {'line': b'-- Up-to-date symlink: /home/carlos/ros2_ws/install/px4_msgs/include/px4_msgs/px4_msgs/msg/detail/manual_control_setpoint__rosidl_typesupport_introspection_cpp.hpp\n'}
[1.873226] (px4_msgs) StdoutLine: {'line': b'-- Up-to-date symlink: /home/carlos/ros2_ws/install/px4_msgs/include/px4_msgs/px4_msgs/msg/detail/manual_control_switches__rosidl_typesupport_introspection_cpp.hpp\n'}
[1.873286] (px4_msgs) StdoutLine: {'line': b'-- Up-to-date symlink: /home/carlos/ros2_ws/install/px4_msgs/include/px4_msgs/px4_msgs/msg/detail/mavlink_log__rosidl_typesupport_introspection_cpp.hpp\n'}
[1.873344] (px4_msgs) StdoutLine: {'line': b'-- Up-to-date symlink: /home/carlos/ros2_ws/install/px4_msgs/include/px4_msgs/px4_msgs/msg/detail/mavlink_tunnel__rosidl_typesupport_introspection_cpp.hpp\n'}
[1.873389] (px4_msgs) StdoutLine: {'line': b'-- Up-to-date symlink: /home/carlos/ros2_ws/install/px4_msgs/include/px4_msgs/px4_msgs/msg/detail/message_format_request__rosidl_typesupport_introspection_cpp.hpp\n'}
[1.873444] (px4_msgs) StdoutLine: {'line': b'-- Up-to-date symlink: /home/carlos/ros2_ws/install/px4_msgs/include/px4_msgs/px4_msgs/msg/detail/message_format_response__rosidl_typesupport_introspection_cpp.hpp\n'}
[1.873529] (px4_msgs) StdoutLine: {'line': b'-- Up-to-date symlink: /home/carlos/ros2_ws/install/px4_msgs/include/px4_msgs/px4_msgs/msg/detail/mission__rosidl_typesupport_introspection_cpp.hpp\n'}
[1.873665] (px4_msgs) StdoutLine: {'line': b'-- Up-to-date symlink: /home/carlos/ros2_ws/install/px4_msgs/include/px4_msgs/px4_msgs/msg/detail/mission_result__rosidl_typesupport_introspection_cpp.hpp\n'}
[1.873774] (px4_msgs) StdoutLine: {'line': b'-- Up-to-date symlink: /home/carlos/ros2_ws/install/px4_msgs/include/px4_msgs/px4_msgs/msg/detail/mode_completed__rosidl_typesupport_introspection_cpp.hpp\n'}
[1.873856] (px4_msgs) StdoutLine: {'line': b'-- Up-to-date symlink: /home/carlos/ros2_ws/install/px4_msgs/include/px4_msgs/px4_msgs/msg/detail/mount_orientation__rosidl_typesupport_introspection_cpp.hpp\n'}
[1.873949] (px4_msgs) StdoutLine: {'line': b'-- Up-to-date symlink: /home/carlos/ros2_ws/install/px4_msgs/include/px4_msgs/px4_msgs/msg/detail/navigator_mission_item__rosidl_typesupport_introspection_cpp.hpp\n'}
[1.874042] (px4_msgs) StdoutLine: {'line': b'-- Up-to-date symlink: /home/carlos/ros2_ws/install/px4_msgs/include/px4_msgs/px4_msgs/msg/detail/navigator_status__rosidl_typesupport_introspection_cpp.hpp\n'}
[1.874149] (px4_msgs) StdoutLine: {'line': b'-- Up-to-date symlink: /home/carlos/ros2_ws/install/px4_msgs/include/px4_msgs/px4_msgs/msg/detail/neural_control__rosidl_typesupport_introspection_cpp.hpp\n'}
[1.874233] (px4_msgs) StdoutLine: {'line': b'-- Up-to-date symlink: /home/carlos/ros2_ws/install/px4_msgs/include/px4_msgs/px4_msgs/msg/detail/normalized_unsigned_setpoint__rosidl_typesupport_introspection_cpp.hpp\n'}
[1.874314] (px4_msgs) StdoutLine: {'line': b'-- Up-to-date symlink: /home/carlos/ros2_ws/install/px4_msgs/include/px4_msgs/px4_msgs/msg/detail/obstacle_distance__rosidl_typesupport_introspection_cpp.hpp\n'}
[1.874394] (px4_msgs) StdoutLine: {'line': b'-- Up-to-date symlink: /home/carlos/ros2_ws/install/px4_msgs/include/px4_msgs/px4_msgs/msg/detail/offboard_control_mode__rosidl_typesupport_introspection_cpp.hpp\n'}
[1.874593] (px4_msgs) StdoutLine: {'line': b'-- Up-to-date symlink: /home/carlos/ros2_ws/install/px4_msgs/include/px4_msgs/px4_msgs/msg/detail/onboard_computer_status__rosidl_typesupport_introspection_cpp.hpp\n'}
[1.874747] (px4_msgs) StdoutLine: {'line': b'-- Up-to-date symlink: /home/carlos/ros2_ws/install/px4_msgs/include/px4_msgs/px4_msgs/msg/detail/open_drone_id_arm_status__rosidl_typesupport_introspection_cpp.hpp\n'}
[1.874857] (px4_msgs) StdoutLine: {'line': b'-- Up-to-date symlink: /home/carlos/ros2_ws/install/px4_msgs/include/px4_msgs/px4_msgs/msg/detail/open_drone_id_operator_id__rosidl_typesupport_introspection_cpp.hpp\n'}
[1.875030] (px4_msgs) StdoutLine: {'line': b'-- Up-to-date symlink: /home/carlos/ros2_ws/install/px4_msgs/include/px4_msgs/px4_msgs/msg/detail/open_drone_id_self_id__rosidl_typesupport_introspection_cpp.hpp\n'}
[1.875138] (px4_msgs) StdoutLine: {'line': b'-- Up-to-date symlink: /home/carlos/ros2_ws/install/px4_msgs/include/px4_msgs/px4_msgs/msg/detail/open_drone_id_system__rosidl_typesupport_introspection_cpp.hpp\n'}
[1.875188] (px4_msgs) StdoutLine: {'line': b'-- Up-to-date symlink: /home/carlos/ros2_ws/install/px4_msgs/include/px4_msgs/px4_msgs/msg/detail/orb_test__rosidl_typesupport_introspection_cpp.hpp\n'}
[1.875234] (px4_msgs) StdoutLine: {'line': b'-- Up-to-date symlink: /home/carlos/ros2_ws/install/px4_msgs/include/px4_msgs/px4_msgs/msg/detail/orb_test_large__rosidl_typesupport_introspection_cpp.hpp\n'}
[1.875281] (px4_msgs) StdoutLine: {'line': b'-- Up-to-date symlink: /home/carlos/ros2_ws/install/px4_msgs/include/px4_msgs/px4_msgs/msg/detail/orb_test_medium__rosidl_typesupport_introspection_cpp.hpp\n'}
[1.875349] (px4_msgs) StdoutLine: {'line': b'-- Up-to-date symlink: /home/carlos/ros2_ws/install/px4_msgs/include/px4_msgs/px4_msgs/msg/detail/orbit_status__rosidl_typesupport_introspection_cpp.hpp\n'}
[1.875411] (px4_msgs) StdoutLine: {'line': b'-- Up-to-date symlink: /home/carlos/ros2_ws/install/px4_msgs/include/px4_msgs/px4_msgs/msg/detail/parameter_reset_request__rosidl_typesupport_introspection_cpp.hpp\n'}
[1.875466] (px4_msgs) StdoutLine: {'line': b'-- Up-to-date symlink: /home/carlos/ros2_ws/install/px4_msgs/include/px4_msgs/px4_msgs/msg/detail/parameter_set_used_request__rosidl_typesupport_introspection_cpp.hpp\n'}
[1.875518] (px4_msgs) StdoutLine: {'line': b'-- Up-to-date symlink: /home/carlos/ros2_ws/install/px4_msgs/include/px4_msgs/px4_msgs/msg/detail/parameter_set_value_request__rosidl_typesupport_introspection_cpp.hpp\n'}
[1.875581] (px4_msgs) StdoutLine: {'line': b'-- Up-to-date symlink: /home/carlos/ros2_ws/install/px4_msgs/include/px4_msgs/px4_msgs/msg/detail/parameter_set_value_response__rosidl_typesupport_introspection_cpp.hpp\n'}
[1.875637] (px4_msgs) StdoutLine: {'line': b'-- Up-to-date symlink: /home/carlos/ros2_ws/install/px4_msgs/include/px4_msgs/px4_msgs/msg/detail/parameter_update__rosidl_typesupport_introspection_cpp.hpp\n'}
[1.875698] (px4_msgs) StdoutLine: {'line': b'-- Up-to-date symlink: /home/carlos/ros2_ws/install/px4_msgs/include/px4_msgs/px4_msgs/msg/detail/ping__rosidl_typesupport_introspection_cpp.hpp\n'}
[1.875763] (px4_msgs) StdoutLine: {'line': b'-- Up-to-date symlink: /home/carlos/ros2_ws/install/px4_msgs/include/px4_msgs/px4_msgs/msg/detail/position_controller_landing_status__rosidl_typesupport_introspection_cpp.hpp\n'}
[1.875830] (px4_msgs) StdoutLine: {'line': b'-- Up-to-date symlink: /home/carlos/ros2_ws/install/px4_msgs/include/px4_msgs/px4_msgs/msg/detail/position_controller_status__rosidl_typesupport_introspection_cpp.hpp\n'}
[1.875917] (px4_msgs) StdoutLine: {'line': b'-- Up-to-date symlink: /home/carlos/ros2_ws/install/px4_msgs/include/px4_msgs/px4_msgs/msg/detail/position_setpoint__rosidl_typesupport_introspection_cpp.hpp\n'}
[1.876002] (px4_msgs) StdoutLine: {'line': b'-- Up-to-date symlink: /home/carlos/ros2_ws/install/px4_msgs/include/px4_msgs/px4_msgs/msg/detail/position_setpoint_triplet__rosidl_typesupport_introspection_cpp.hpp\n'}
[1.876093] (px4_msgs) StdoutLine: {'line': b'-- Up-to-date symlink: /home/carlos/ros2_ws/install/px4_msgs/include/px4_msgs/px4_msgs/msg/detail/power_button_state__rosidl_typesupport_introspection_cpp.hpp\n'}
[1.876180] (px4_msgs) StdoutLine: {'line': b'-- Up-to-date symlink: /home/carlos/ros2_ws/install/px4_msgs/include/px4_msgs/px4_msgs/msg/detail/power_monitor__rosidl_typesupport_introspection_cpp.hpp\n'}
[1.876266] (px4_msgs) StdoutLine: {'line': b'-- Up-to-date symlink: /home/carlos/ros2_ws/install/px4_msgs/include/px4_msgs/px4_msgs/msg/detail/pps_capture__rosidl_typesupport_introspection_cpp.hpp\n'}
[1.876353] (px4_msgs) StdoutLine: {'line': b'-- Up-to-date symlink: /home/carlos/ros2_ws/install/px4_msgs/include/px4_msgs/px4_msgs/msg/detail/pure_pursuit_status__rosidl_typesupport_introspection_cpp.hpp\n'}
[1.876446] (px4_msgs) StdoutLine: {'line': b'-- Up-to-date symlink: /home/carlos/ros2_ws/install/px4_msgs/include/px4_msgs/px4_msgs/msg/detail/pwm_input__rosidl_typesupport_introspection_cpp.hpp\n'}
[1.876537] (px4_msgs) StdoutLine: {'line': b'-- Up-to-date symlink: /home/carlos/ros2_ws/install/px4_msgs/include/px4_msgs/px4_msgs/msg/detail/px4io_status__rosidl_typesupport_introspection_cpp.hpp\n'}
[1.876623] (px4_msgs) StdoutLine: {'line': b'-- Up-to-date symlink: /home/carlos/ros2_ws/install/px4_msgs/include/px4_msgs/px4_msgs/msg/detail/qshell_req__rosidl_typesupport_introspection_cpp.hpp\n'}
[1.876709] (px4_msgs) StdoutLine: {'line': b'-- Up-to-date symlink: /home/carlos/ros2_ws/install/px4_msgs/include/px4_msgs/px4_msgs/msg/detail/qshell_retval__rosidl_typesupport_introspection_cpp.hpp\n'}
[1.876794] (px4_msgs) StdoutLine: {'line': b'-- Up-to-date symlink: /home/carlos/ros2_ws/install/px4_msgs/include/px4_msgs/px4_msgs/msg/detail/radio_status__rosidl_typesupport_introspection_cpp.hpp\n'}
[1.876881] (px4_msgs) StdoutLine: {'line': b'-- Up-to-date symlink: /home/carlos/ros2_ws/install/px4_msgs/include/px4_msgs/px4_msgs/msg/detail/rate_ctrl_status__rosidl_typesupport_introspection_cpp.hpp\n'}
[1.876965] (px4_msgs) StdoutLine: {'line': b'-- Up-to-date symlink: /home/carlos/ros2_ws/install/px4_msgs/include/px4_msgs/px4_msgs/msg/detail/rc_channels__rosidl_typesupport_introspection_cpp.hpp\n'}
[1.877051] (px4_msgs) StdoutLine: {'line': b'-- Up-to-date symlink: /home/carlos/ros2_ws/install/px4_msgs/include/px4_msgs/px4_msgs/msg/detail/rc_parameter_map__rosidl_typesupport_introspection_cpp.hpp\n'}
[1.877157] (px4_msgs) StdoutLine: {'line': b'-- Up-to-date symlink: /home/carlos/ros2_ws/install/px4_msgs/include/px4_msgs/px4_msgs/msg/detail/register_ext_component_reply__rosidl_typesupport_introspection_cpp.hpp\n'}
[1.877245] (px4_msgs) StdoutLine: {'line': b'-- Up-to-date symlink: /home/carlos/ros2_ws/install/px4_msgs/include/px4_msgs/px4_msgs/msg/detail/register_ext_component_request__rosidl_typesupport_introspection_cpp.hpp\n'}
[1.877331] (px4_msgs) StdoutLine: {'line': b'-- Up-to-date symlink: /home/carlos/ros2_ws/install/px4_msgs/include/px4_msgs/px4_msgs/msg/detail/rover_attitude_setpoint__rosidl_typesupport_introspection_cpp.hpp\n'}
[1.877417] (px4_msgs) StdoutLine: {'line': b'-- Up-to-date symlink: /home/carlos/ros2_ws/install/px4_msgs/include/px4_msgs/px4_msgs/msg/detail/rover_attitude_status__rosidl_typesupport_introspection_cpp.hpp\n'}
[1.877512] (px4_msgs) StdoutLine: {'line': b'-- Up-to-date symlink: /home/carlos/ros2_ws/install/px4_msgs/include/px4_msgs/px4_msgs/msg/detail/rover_position_setpoint__rosidl_typesupport_introspection_cpp.hpp\n'}
[1.877605] (px4_msgs) StdoutLine: {'line': b'-- Up-to-date symlink: /home/carlos/ros2_ws/install/px4_msgs/include/px4_msgs/px4_msgs/msg/detail/rover_rate_setpoint__rosidl_typesupport_introspection_cpp.hpp\n'}
[1.877691] (px4_msgs) StdoutLine: {'line': b'-- Up-to-date symlink: /home/carlos/ros2_ws/install/px4_msgs/include/px4_msgs/px4_msgs/msg/detail/rover_rate_status__rosidl_typesupport_introspection_cpp.hpp\n'}
[1.877785] (px4_msgs) StdoutLine: {'line': b'-- Up-to-date symlink: /home/carlos/ros2_ws/install/px4_msgs/include/px4_msgs/px4_msgs/msg/detail/rover_speed_setpoint__rosidl_typesupport_introspection_cpp.hpp\n'}
[1.877873] (px4_msgs) StdoutLine: {'line': b'-- Up-to-date symlink: /home/carlos/ros2_ws/install/px4_msgs/include/px4_msgs/px4_msgs/msg/detail/rover_speed_status__rosidl_typesupport_introspection_cpp.hpp\n'}
[1.877958] (px4_msgs) StdoutLine: {'line': b'-- Up-to-date symlink: /home/carlos/ros2_ws/install/px4_msgs/include/px4_msgs/px4_msgs/msg/detail/rover_steering_setpoint__rosidl_typesupport_introspection_cpp.hpp\n'}
[1.878042] (px4_msgs) StdoutLine: {'line': b'-- Up-to-date symlink: /home/carlos/ros2_ws/install/px4_msgs/include/px4_msgs/px4_msgs/msg/detail/rover_throttle_setpoint__rosidl_typesupport_introspection_cpp.hpp\n'}
[1.878127] (px4_msgs) StdoutLine: {'line': b'-- Up-to-date symlink: /home/carlos/ros2_ws/install/px4_msgs/include/px4_msgs/px4_msgs/msg/detail/rpm__rosidl_typesupport_introspection_cpp.hpp\n'}
[1.878211] (px4_msgs) StdoutLine: {'line': b'-- Up-to-date symlink: /home/carlos/ros2_ws/install/px4_msgs/include/px4_msgs/px4_msgs/msg/detail/rtl_status__rosidl_typesupport_introspection_cpp.hpp\n'}
[1.878295] (px4_msgs) StdoutLine: {'line': b'-- Up-to-date symlink: /home/carlos/ros2_ws/install/px4_msgs/include/px4_msgs/px4_msgs/msg/detail/rtl_time_estimate__rosidl_typesupport_introspection_cpp.hpp\n'}
[1.878380] (px4_msgs) StdoutLine: {'line': b'-- Up-to-date symlink: /home/carlos/ros2_ws/install/px4_msgs/include/px4_msgs/px4_msgs/msg/detail/satellite_info__rosidl_typesupport_introspection_cpp.hpp\n'}
[1.878477] (px4_msgs) StdoutLine: {'line': b'-- Up-to-date symlink: /home/carlos/ros2_ws/install/px4_msgs/include/px4_msgs/px4_msgs/msg/detail/sensor_accel__rosidl_typesupport_introspection_cpp.hpp\n'}
[1.878567] (px4_msgs) StdoutLine: {'line': b'-- Up-to-date symlink: /home/carlos/ros2_ws/install/px4_msgs/include/px4_msgs/px4_msgs/msg/detail/sensor_accel_fifo__rosidl_typesupport_introspection_cpp.hpp\n'}
[1.878749] (px4_msgs) StdoutLine: {'line': b'-- Up-to-date symlink: /home/carlos/ros2_ws/install/px4_msgs/include/px4_msgs/px4_msgs/msg/detail/sensor_airflow__rosidl_typesupport_introspection_cpp.hpp\n'}
[1.878854] (px4_msgs) StdoutLine: {'line': b'-- Up-to-date symlink: /home/carlos/ros2_ws/install/px4_msgs/include/px4_msgs/px4_msgs/msg/detail/sensor_baro__rosidl_typesupport_introspection_cpp.hpp\n'}
[1.878933] (px4_msgs) StdoutLine: {'line': b'-- Up-to-date symlink: /home/carlos/ros2_ws/install/px4_msgs/include/px4_msgs/px4_msgs/msg/detail/sensor_combined__rosidl_typesupport_introspection_cpp.hpp\n'}
[1.878993] (px4_msgs) StdoutLine: {'line': b'-- Up-to-date symlink: /home/carlos/ros2_ws/install/px4_msgs/include/px4_msgs/px4_msgs/msg/detail/sensor_correction__rosidl_typesupport_introspection_cpp.hpp\n'}
[1.879086] (px4_msgs) StdoutLine: {'line': b'-- Up-to-date symlink: /home/carlos/ros2_ws/install/px4_msgs/include/px4_msgs/px4_msgs/msg/detail/sensor_gnss_relative__rosidl_typesupport_introspection_cpp.hpp\n'}
[1.879149] (px4_msgs) StdoutLine: {'line': b'-- Up-to-date symlink: /home/carlos/ros2_ws/install/px4_msgs/include/px4_msgs/px4_msgs/msg/detail/sensor_gnss_status__rosidl_typesupport_introspection_cpp.hpp\n'}
[1.879244] (px4_msgs) StdoutLine: {'line': b'-- Up-to-date symlink: /home/carlos/ros2_ws/install/px4_msgs/include/px4_msgs/px4_msgs/msg/detail/sensor_gps__rosidl_typesupport_introspection_cpp.hpp\n'}
[1.879300] (px4_msgs) StdoutLine: {'line': b'-- Up-to-date symlink: /home/carlos/ros2_ws/install/px4_msgs/include/px4_msgs/px4_msgs/msg/detail/sensor_gyro__rosidl_typesupport_introspection_cpp.hpp\n'}
[1.879383] (px4_msgs) StdoutLine: {'line': b'-- Up-to-date symlink: /home/carlos/ros2_ws/install/px4_msgs/include/px4_msgs/px4_msgs/msg/detail/sensor_gyro_fft__rosidl_typesupport_introspection_cpp.hpp\n'}
[1.879478] (px4_msgs) StdoutLine: {'line': b'-- Up-to-date symlink: /home/carlos/ros2_ws/install/px4_msgs/include/px4_msgs/px4_msgs/msg/detail/sensor_gyro_fifo__rosidl_typesupport_introspection_cpp.hpp\n'}
[1.879546] (px4_msgs) StdoutLine: {'line': b'-- Up-to-date symlink: /home/carlos/ros2_ws/install/px4_msgs/include/px4_msgs/px4_msgs/msg/detail/sensor_hygrometer__rosidl_typesupport_introspection_cpp.hpp\n'}
[1.879625] (px4_msgs) StdoutLine: {'line': b'-- Up-to-date symlink: /home/carlos/ros2_ws/install/px4_msgs/include/px4_msgs/px4_msgs/msg/detail/sensor_mag__rosidl_typesupport_introspection_cpp.hpp\n'}
[1.879709] (px4_msgs) StdoutLine: {'line': b'-- Up-to-date symlink: /home/carlos/ros2_ws/install/px4_msgs/include/px4_msgs/px4_msgs/msg/detail/sensor_optical_flow__rosidl_typesupport_introspection_cpp.hpp\n'}
[1.879780] (px4_msgs) StdoutLine: {'line': b'-- Up-to-date symlink: /home/carlos/ros2_ws/install/px4_msgs/include/px4_msgs/px4_msgs/msg/detail/sensor_preflight_mag__rosidl_typesupport_introspection_cpp.hpp\n'}
[1.879859] (px4_msgs) StdoutLine: {'line': b'-- Up-to-date symlink: /home/carlos/ros2_ws/install/px4_msgs/include/px4_msgs/px4_msgs/msg/detail/sensor_selection__rosidl_typesupport_introspection_cpp.hpp\n'}
[1.879934] (px4_msgs) StdoutLine: {'line': b'-- Up-to-date symlink: /home/carlos/ros2_ws/install/px4_msgs/include/px4_msgs/px4_msgs/msg/detail/sensor_uwb__rosidl_typesupport_introspection_cpp.hpp\n'}
[1.880019] (px4_msgs) StdoutLine: {'line': b'-- Up-to-date symlink: /home/carlos/ros2_ws/install/px4_msgs/include/px4_msgs/px4_msgs/msg/detail/sensors_status__rosidl_typesupport_introspection_cpp.hpp\n'}
[1.880104] (px4_msgs) StdoutLine: {'line': b'-- Up-to-date symlink: /home/carlos/ros2_ws/install/px4_msgs/include/px4_msgs/px4_msgs/msg/detail/sensors_status_imu__rosidl_typesupport_introspection_cpp.hpp\n'}
[1.880188] (px4_msgs) StdoutLine: {'line': b'-- Up-to-date symlink: /home/carlos/ros2_ws/install/px4_msgs/include/px4_msgs/px4_msgs/msg/detail/system_power__rosidl_typesupport_introspection_cpp.hpp\n'}
[1.880273] (px4_msgs) StdoutLine: {'line': b'-- Up-to-date symlink: /home/carlos/ros2_ws/install/px4_msgs/include/px4_msgs/px4_msgs/msg/detail/takeoff_status__rosidl_typesupport_introspection_cpp.hpp\n'}
[1.880358] (px4_msgs) StdoutLine: {'line': b'-- Up-to-date symlink: /home/carlos/ros2_ws/install/px4_msgs/include/px4_msgs/px4_msgs/msg/detail/task_stack_info__rosidl_typesupport_introspection_cpp.hpp\n'}
[1.880455] (px4_msgs) StdoutLine: {'line': b'-- Up-to-date symlink: /home/carlos/ros2_ws/install/px4_msgs/include/px4_msgs/px4_msgs/msg/detail/tecs_status__rosidl_typesupport_introspection_cpp.hpp\n'}
[1.880540] (px4_msgs) StdoutLine: {'line': b'-- Up-to-date symlink: /home/carlos/ros2_ws/install/px4_msgs/include/px4_msgs/px4_msgs/msg/detail/telemetry_status__rosidl_typesupport_introspection_cpp.hpp\n'}
[1.880625] (px4_msgs) StdoutLine: {'line': b'-- Up-to-date symlink: /home/carlos/ros2_ws/install/px4_msgs/include/px4_msgs/px4_msgs/msg/detail/tiltrotor_extra_controls__rosidl_typesupport_introspection_cpp.hpp\n'}
[1.880710] (px4_msgs) StdoutLine: {'line': b'-- Up-to-date symlink: /home/carlos/ros2_ws/install/px4_msgs/include/px4_msgs/px4_msgs/msg/detail/timesync_status__rosidl_typesupport_introspection_cpp.hpp\n'}
[1.880794] (px4_msgs) StdoutLine: {'line': b'-- Up-to-date symlink: /home/carlos/ros2_ws/install/px4_msgs/include/px4_msgs/px4_msgs/msg/detail/trajectory_setpoint6dof__rosidl_typesupport_introspection_cpp.hpp\n'}
[1.880878] (px4_msgs) StdoutLine: {'line': b'-- Up-to-date symlink: /home/carlos/ros2_ws/install/px4_msgs/include/px4_msgs/px4_msgs/msg/detail/trajectory_setpoint__rosidl_typesupport_introspection_cpp.hpp\n'}
[1.880962] (px4_msgs) StdoutLine: {'line': b'-- Up-to-date symlink: /home/carlos/ros2_ws/install/px4_msgs/include/px4_msgs/px4_msgs/msg/detail/transponder_report__rosidl_typesupport_introspection_cpp.hpp\n'}
[1.881047] (px4_msgs) StdoutLine: {'line': b'-- Up-to-date symlink: /home/carlos/ros2_ws/install/px4_msgs/include/px4_msgs/px4_msgs/msg/detail/tune_control__rosidl_typesupport_introspection_cpp.hpp\n'}
[1.881134] (px4_msgs) StdoutLine: {'line': b'-- Up-to-date symlink: /home/carlos/ros2_ws/install/px4_msgs/include/px4_msgs/px4_msgs/msg/detail/uavcan_parameter_request__rosidl_typesupport_introspection_cpp.hpp\n'}
[1.881219] (px4_msgs) StdoutLine: {'line': b'-- Up-to-date symlink: /home/carlos/ros2_ws/install/px4_msgs/include/px4_msgs/px4_msgs/msg/detail/uavcan_parameter_value__rosidl_typesupport_introspection_cpp.hpp\n'}
[1.881303] (px4_msgs) StdoutLine: {'line': b'-- Up-to-date symlink: /home/carlos/ros2_ws/install/px4_msgs/include/px4_msgs/px4_msgs/msg/detail/ulog_stream__rosidl_typesupport_introspection_cpp.hpp\n'}
[1.881387] (px4_msgs) StdoutLine: {'line': b'-- Up-to-date symlink: /home/carlos/ros2_ws/install/px4_msgs/include/px4_msgs/px4_msgs/msg/detail/ulog_stream_ack__rosidl_typesupport_introspection_cpp.hpp\n'}
[1.881481] (px4_msgs) StdoutLine: {'line': b'-- Up-to-date symlink: /home/carlos/ros2_ws/install/px4_msgs/include/px4_msgs/px4_msgs/msg/detail/unregister_ext_component__rosidl_typesupport_introspection_cpp.hpp\n'}
[1.881577] (px4_msgs) StdoutLine: {'line': b'-- Up-to-date symlink: /home/carlos/ros2_ws/install/px4_msgs/include/px4_msgs/px4_msgs/msg/detail/vehicle_acceleration__rosidl_typesupport_introspection_cpp.hpp\n'}
[1.881661] (px4_msgs) StdoutLine: {'line': b'-- Up-to-date symlink: /home/carlos/ros2_ws/install/px4_msgs/include/px4_msgs/px4_msgs/msg/detail/vehicle_air_data__rosidl_typesupport_introspection_cpp.hpp\n'}
[1.881755] (px4_msgs) StdoutLine: {'line': b'-- Up-to-date symlink: /home/carlos/ros2_ws/install/px4_msgs/include/px4_msgs/px4_msgs/msg/detail/vehicle_angular_acceleration_setpoint__rosidl_typesupport_introspection_cpp.hpp\n'}
[1.881848] (px4_msgs) StdoutLine: {'line': b'-- Up-to-date symlink: /home/carlos/ros2_ws/install/px4_msgs/include/px4_msgs/px4_msgs/msg/detail/vehicle_angular_velocity__rosidl_typesupport_introspection_cpp.hpp\n'}
[1.881941] (px4_msgs) StdoutLine: {'line': b'-- Up-to-date symlink: /home/carlos/ros2_ws/install/px4_msgs/include/px4_msgs/px4_msgs/msg/detail/vehicle_attitude__rosidl_typesupport_introspection_cpp.hpp\n'}
[1.882023] (px4_msgs) StdoutLine: {'line': b'-- Up-to-date symlink: /home/carlos/ros2_ws/install/px4_msgs/include/px4_msgs/px4_msgs/msg/detail/vehicle_attitude_setpoint__rosidl_typesupport_introspection_cpp.hpp\n'}
[1.882108] (px4_msgs) StdoutLine: {'line': b'-- Up-to-date symlink: /home/carlos/ros2_ws/install/px4_msgs/include/px4_msgs/px4_msgs/msg/detail/vehicle_command__rosidl_typesupport_introspection_cpp.hpp\n'}
[1.882193] (px4_msgs) StdoutLine: {'line': b'-- Up-to-date symlink: /home/carlos/ros2_ws/install/px4_msgs/include/px4_msgs/px4_msgs/msg/detail/vehicle_command_ack__rosidl_typesupport_introspection_cpp.hpp\n'}
[1.882276] (px4_msgs) StdoutLine: {'line': b'-- Up-to-date symlink: /home/carlos/ros2_ws/install/px4_msgs/include/px4_msgs/px4_msgs/msg/detail/vehicle_constraints__rosidl_typesupport_introspection_cpp.hpp\n'}
[1.882360] (px4_msgs) StdoutLine: {'line': b'-- Up-to-date symlink: /home/carlos/ros2_ws/install/px4_msgs/include/px4_msgs/px4_msgs/msg/detail/vehicle_control_mode__rosidl_typesupport_introspection_cpp.hpp\n'}
[1.882456] (px4_msgs) StdoutLine: {'line': b'-- Up-to-date symlink: /home/carlos/ros2_ws/install/px4_msgs/include/px4_msgs/px4_msgs/msg/detail/vehicle_global_position__rosidl_typesupport_introspection_cpp.hpp\n'}
[1.882552] (px4_msgs) StdoutLine: {'line': b'-- Up-to-date symlink: /home/carlos/ros2_ws/install/px4_msgs/include/px4_msgs/px4_msgs/msg/detail/vehicle_imu__rosidl_typesupport_introspection_cpp.hpp\n'}
[1.882637] (px4_msgs) StdoutLine: {'line': b'-- Up-to-date symlink: /home/carlos/ros2_ws/install/px4_msgs/include/px4_msgs/px4_msgs/msg/detail/vehicle_imu_status__rosidl_typesupport_introspection_cpp.hpp\n'}
[1.882722] (px4_msgs) StdoutLine: {'line': b'-- Up-to-date symlink: /home/carlos/ros2_ws/install/px4_msgs/include/px4_msgs/px4_msgs/msg/detail/vehicle_land_detected__rosidl_typesupport_introspection_cpp.hpp\n'}
[1.882808] (px4_msgs) StdoutLine: {'line': b'-- Up-to-date symlink: /home/carlos/ros2_ws/install/px4_msgs/include/px4_msgs/px4_msgs/msg/detail/vehicle_local_position__rosidl_typesupport_introspection_cpp.hpp\n'}
[1.882893] (px4_msgs) StdoutLine: {'line': b'-- Up-to-date symlink: /home/carlos/ros2_ws/install/px4_msgs/include/px4_msgs/px4_msgs/msg/detail/vehicle_local_position_setpoint__rosidl_typesupport_introspection_cpp.hpp\n'}
[1.882978] (px4_msgs) StdoutLine: {'line': b'-- Up-to-date symlink: /home/carlos/ros2_ws/install/px4_msgs/include/px4_msgs/px4_msgs/msg/detail/vehicle_magnetometer__rosidl_typesupport_introspection_cpp.hpp\n'}
[1.883063] (px4_msgs) StdoutLine: {'line': b'-- Up-to-date symlink: /home/carlos/ros2_ws/install/px4_msgs/include/px4_msgs/px4_msgs/msg/detail/vehicle_odometry__rosidl_typesupport_introspection_cpp.hpp\n'}
[1.883150] (px4_msgs) StdoutLine: {'line': b'-- Up-to-date symlink: /home/carlos/ros2_ws/install/px4_msgs/include/px4_msgs/px4_msgs/msg/detail/vehicle_optical_flow__rosidl_typesupport_introspection_cpp.hpp\n'}
[1.883235] (px4_msgs) StdoutLine: {'line': b'-- Up-to-date symlink: /home/carlos/ros2_ws/install/px4_msgs/include/px4_msgs/px4_msgs/msg/detail/vehicle_optical_flow_vel__rosidl_typesupport_introspection_cpp.hpp\n'}
[1.883319] (px4_msgs) StdoutLine: {'line': b'-- Up-to-date symlink: /home/carlos/ros2_ws/install/px4_msgs/include/px4_msgs/px4_msgs/msg/detail/vehicle_rates_setpoint__rosidl_typesupport_introspection_cpp.hpp\n'}
[1.883405] (px4_msgs) StdoutLine: {'line': b'-- Up-to-date symlink: /home/carlos/ros2_ws/install/px4_msgs/include/px4_msgs/px4_msgs/msg/detail/vehicle_roi__rosidl_typesupport_introspection_cpp.hpp\n'}
[1.883500] (px4_msgs) StdoutLine: {'line': b'-- Up-to-date symlink: /home/carlos/ros2_ws/install/px4_msgs/include/px4_msgs/px4_msgs/msg/detail/vehicle_status__rosidl_typesupport_introspection_cpp.hpp\n'}
[1.883586] (px4_msgs) StdoutLine: {'line': b'-- Up-to-date symlink: /home/carlos/ros2_ws/install/px4_msgs/include/px4_msgs/px4_msgs/msg/detail/vehicle_thrust_setpoint__rosidl_typesupport_introspection_cpp.hpp\n'}
[1.883671] (px4_msgs) StdoutLine: {'line': b'-- Up-to-date symlink: /home/carlos/ros2_ws/install/px4_msgs/include/px4_msgs/px4_msgs/msg/detail/vehicle_torque_setpoint__rosidl_typesupport_introspection_cpp.hpp\n'}
[1.883756] (px4_msgs) StdoutLine: {'line': b'-- Up-to-date symlink: /home/carlos/ros2_ws/install/px4_msgs/include/px4_msgs/px4_msgs/msg/detail/velocity_limits__rosidl_typesupport_introspection_cpp.hpp\n'}
[1.883844] (px4_msgs) StdoutLine: {'line': b'-- Up-to-date symlink: /home/carlos/ros2_ws/install/px4_msgs/include/px4_msgs/px4_msgs/msg/detail/vtol_vehicle_status__rosidl_typesupport_introspection_cpp.hpp\n'}
[1.883926] (px4_msgs) StdoutLine: {'line': b'-- Up-to-date symlink: /home/carlos/ros2_ws/install/px4_msgs/include/px4_msgs/px4_msgs/msg/detail/wheel_encoders__rosidl_typesupport_introspection_cpp.hpp\n'}
[1.884010] (px4_msgs) StdoutLine: {'line': b'-- Up-to-date symlink: /home/carlos/ros2_ws/install/px4_msgs/include/px4_msgs/px4_msgs/msg/detail/wind__rosidl_typesupport_introspection_cpp.hpp\n'}
[1.884095] (px4_msgs) StdoutLine: {'line': b'-- Up-to-date symlink: /home/carlos/ros2_ws/install/px4_msgs/include/px4_msgs/px4_msgs/msg/detail/yaw_estimator_status__rosidl_typesupport_introspection_cpp.hpp\n'}
[1.884180] (px4_msgs) StdoutLine: {'line': b'-- Up-to-date symlink: /home/carlos/ros2_ws/install/px4_msgs/include/px4_msgs/px4_msgs/srv/detail/vehicle_command__rosidl_typesupport_introspection_cpp.hpp\n'}
[1.884319] (px4_msgs) StdoutLine: {'line': b'-- Up-to-date symlink: /home/carlos/ros2_ws/install/px4_msgs/share/px4_msgs/environment/pythonpath.sh\n'}
[1.884429] (px4_msgs) StdoutLine: {'line': b'-- Up-to-date symlink: /home/carlos/ros2_ws/install/px4_msgs/share/px4_msgs/environment/pythonpath.dsv\n'}
[1.884687] (px4_msgs) StdoutLine: {'line': b'-- Up-to-date symlink: /home/carlos/ros2_ws/install/px4_msgs/lib/python3.12/site-packages/px4_msgs-2.0.1-py3.12.egg-info/PKG-INFO\n'}
[1.884773] (px4_msgs) StdoutLine: {'line': b'-- Up-to-date symlink: /home/carlos/ros2_ws/install/px4_msgs/lib/python3.12/site-packages/px4_msgs-2.0.1-py3.12.egg-info/SOURCES.txt\n'}
[1.884872] (px4_msgs) StdoutLine: {'line': b'-- Up-to-date symlink: /home/carlos/ros2_ws/install/px4_msgs/lib/python3.12/site-packages/px4_msgs-2.0.1-py3.12.egg-info/dependency_links.txt\n'}
[1.884955] (px4_msgs) StdoutLine: {'line': b'-- Up-to-date symlink: /home/carlos/ros2_ws/install/px4_msgs/lib/python3.12/site-packages/px4_msgs-2.0.1-py3.12.egg-info/top_level.txt\n'}
[1.892183] (px4_msgs) StdoutLine: {'line': b'-- Up-to-date symlink: /home/carlos/ros2_ws/install/px4_msgs/lib/python3.12/site-packages/px4_msgs/__init__.py\n'}
[1.892444] (px4_msgs) StdoutLine: {'line': b'-- Up-to-date symlink: /home/carlos/ros2_ws/install/px4_msgs/lib/python3.12/site-packages/px4_msgs/_px4_msgs_s.ep.rosidl_typesupport_c.c\n'}
[1.892612] (px4_msgs) StdoutLine: {'line': b'-- Up-to-date symlink: /home/carlos/ros2_ws/install/px4_msgs/lib/python3.12/site-packages/px4_msgs/_px4_msgs_s.ep.rosidl_typesupport_fastrtps_c.c\n'}
[1.892821] (px4_msgs) StdoutLine: {'line': b'-- Up-to-date symlink: /home/carlos/ros2_ws/install/px4_msgs/lib/python3.12/site-packages/px4_msgs/_px4_msgs_s.ep.rosidl_typesupport_introspection_c.c\n'}
[1.892971] (px4_msgs) StdoutLine: {'line': b'-- Up-to-date symlink: /home/carlos/ros2_ws/install/px4_msgs/lib/python3.12/site-packages/px4_msgs/msg/__init__.py\n'}
[1.893074] (px4_msgs) StdoutLine: {'line': b'-- Up-to-date symlink: /home/carlos/ros2_ws/install/px4_msgs/lib/python3.12/site-packages/px4_msgs/msg/_action_request.py\n'}
[1.893141] (px4_msgs) StdoutLine: {'line': b'-- Up-to-date symlink: /home/carlos/ros2_ws/install/px4_msgs/lib/python3.12/site-packages/px4_msgs/msg/_action_request_s.c\n'}
[1.893241] (px4_msgs) StdoutLine: {'line': b'-- Up-to-date symlink: /home/carlos/ros2_ws/install/px4_msgs/lib/python3.12/site-packages/px4_msgs/msg/_actuator_armed.py\n'}
[1.893306] (px4_msgs) StdoutLine: {'line': b'-- Up-to-date symlink: /home/carlos/ros2_ws/install/px4_msgs/lib/python3.12/site-packages/px4_msgs/msg/_actuator_armed_s.c\n'}
[1.893375] (px4_msgs) StdoutLine: {'line': b'-- Up-to-date symlink: /home/carlos/ros2_ws/install/px4_msgs/lib/python3.12/site-packages/px4_msgs/msg/_actuator_controls_status.py\n'}
[1.893448] (px4_msgs) StdoutLine: {'line': b'-- Up-to-date symlink: /home/carlos/ros2_ws/install/px4_msgs/lib/python3.12/site-packages/px4_msgs/msg/_actuator_controls_status_s.c\n'}
[1.893521] (px4_msgs) StdoutLine: {'line': b'-- Up-to-date symlink: /home/carlos/ros2_ws/install/px4_msgs/lib/python3.12/site-packages/px4_msgs/msg/_actuator_motors.py\n'}
[1.893587] (px4_msgs) StdoutLine: {'line': b'-- Up-to-date symlink: /home/carlos/ros2_ws/install/px4_msgs/lib/python3.12/site-packages/px4_msgs/msg/_actuator_motors_s.c\n'}
[1.893651] (px4_msgs) StdoutLine: {'line': b'-- Up-to-date symlink: /home/carlos/ros2_ws/install/px4_msgs/lib/python3.12/site-packages/px4_msgs/msg/_actuator_outputs.py\n'}
[1.893750] (px4_msgs) StdoutLine: {'line': b'-- Up-to-date symlink: /home/carlos/ros2_ws/install/px4_msgs/lib/python3.12/site-packages/px4_msgs/msg/_actuator_outputs_s.c\n'}
[1.893805] (px4_msgs) StdoutLine: {'line': b'-- Up-to-date symlink: /home/carlos/ros2_ws/install/px4_msgs/lib/python3.12/site-packages/px4_msgs/msg/_actuator_servos.py\n'}
[1.893871] (px4_msgs) StdoutLine: {'line': b'-- Up-to-date symlink: /home/carlos/ros2_ws/install/px4_msgs/lib/python3.12/site-packages/px4_msgs/msg/_actuator_servos_s.c\n'}
[1.893937] (px4_msgs) StdoutLine: {'line': b'-- Up-to-date symlink: /home/carlos/ros2_ws/install/px4_msgs/lib/python3.12/site-packages/px4_msgs/msg/_actuator_servos_trim.py\n'}
[1.894002] (px4_msgs) StdoutLine: {'line': b'-- Up-to-date symlink: /home/carlos/ros2_ws/install/px4_msgs/lib/python3.12/site-packages/px4_msgs/msg/_actuator_servos_trim_s.c\n'}
[1.894068] (px4_msgs) StdoutLine: {'line': b'-- Up-to-date symlink: /home/carlos/ros2_ws/install/px4_msgs/lib/python3.12/site-packages/px4_msgs/msg/_actuator_test.py\n'}
[1.894162] (px4_msgs) StdoutLine: {'line': b'-- Up-to-date symlink: /home/carlos/ros2_ws/install/px4_msgs/lib/python3.12/site-packages/px4_msgs/msg/_actuator_test_s.c\n'}
[1.894215] (px4_msgs) StdoutLine: {'line': b'-- Up-to-date symlink: /home/carlos/ros2_ws/install/px4_msgs/lib/python3.12/site-packages/px4_msgs/msg/_adc_report.py\n'}
[1.894286] (px4_msgs) StdoutLine: {'line': b'-- Up-to-date symlink: /home/carlos/ros2_ws/install/px4_msgs/lib/python3.12/site-packages/px4_msgs/msg/_adc_report_s.c\n'}
[1.894384] (px4_msgs) StdoutLine: {'line': b'-- Up-to-date symlink: /home/carlos/ros2_ws/install/px4_msgs/lib/python3.12/site-packages/px4_msgs/msg/_airspeed.py\n'}
[1.894455] (px4_msgs) StdoutLine: {'line': b'-- Up-to-date symlink: /home/carlos/ros2_ws/install/px4_msgs/lib/python3.12/site-packages/px4_msgs/msg/_airspeed_s.c\n'}
[1.894515] (px4_msgs) StdoutLine: {'line': b'-- Up-to-date symlink: /home/carlos/ros2_ws/install/px4_msgs/lib/python3.12/site-packages/px4_msgs/msg/_airspeed_validated.py\n'}
[1.894580] (px4_msgs) StdoutLine: {'line': b'-- Up-to-date symlink: /home/carlos/ros2_ws/install/px4_msgs/lib/python3.12/site-packages/px4_msgs/msg/_airspeed_validated_s.c\n'}
[1.894656] (px4_msgs) StdoutLine: {'line': b'-- Up-to-date symlink: /home/carlos/ros2_ws/install/px4_msgs/lib/python3.12/site-packages/px4_msgs/msg/_airspeed_wind.py\n'}
[1.894719] (px4_msgs) StdoutLine: {'line': b'-- Up-to-date symlink: /home/carlos/ros2_ws/install/px4_msgs/lib/python3.12/site-packages/px4_msgs/msg/_airspeed_wind_s.c\n'}
[1.894785] (px4_msgs) StdoutLine: {'line': b'-- Up-to-date symlink: /home/carlos/ros2_ws/install/px4_msgs/lib/python3.12/site-packages/px4_msgs/msg/_arming_check_reply.py\n'}
[1.894850] (px4_msgs) StdoutLine: {'line': b'-- Up-to-date symlink: /home/carlos/ros2_ws/install/px4_msgs/lib/python3.12/site-packages/px4_msgs/msg/_arming_check_reply_s.c\n'}
[1.894941] (px4_msgs) StdoutLine: {'line': b'-- Up-to-date symlink: /home/carlos/ros2_ws/install/px4_msgs/lib/python3.12/site-packages/px4_msgs/msg/_arming_check_request.py\n'}
[1.895009] (px4_msgs) StdoutLine: {'line': b'-- Up-to-date symlink: /home/carlos/ros2_ws/install/px4_msgs/lib/python3.12/site-packages/px4_msgs/msg/_arming_check_request_s.c\n'}
[1.895074] (px4_msgs) StdoutLine: {'line': b'-- Up-to-date symlink: /home/carlos/ros2_ws/install/px4_msgs/lib/python3.12/site-packages/px4_msgs/msg/_autotune_attitude_control_status.py\n'}
[1.895178] (px4_msgs) StdoutLine: {'line': b'-- Up-to-date symlink: /home/carlos/ros2_ws/install/px4_msgs/lib/python3.12/site-packages/px4_msgs/msg/_autotune_attitude_control_status_s.c\n'}
[1.895235] (px4_msgs) StdoutLine: {'line': b'-- Up-to-date symlink: /home/carlos/ros2_ws/install/px4_msgs/lib/python3.12/site-packages/px4_msgs/msg/_battery_info.py\n'}
[1.895302] (px4_msgs) StdoutLine: {'line': b'-- Up-to-date symlink: /home/carlos/ros2_ws/install/px4_msgs/lib/python3.12/site-packages/px4_msgs/msg/_battery_info_s.c\n'}
[1.895400] (px4_msgs) StdoutLine: {'line': b'-- Up-to-date symlink: /home/carlos/ros2_ws/install/px4_msgs/lib/python3.12/site-packages/px4_msgs/msg/_battery_status.py\n'}
[1.895483] (px4_msgs) StdoutLine: {'line': b'-- Up-to-date symlink: /home/carlos/ros2_ws/install/px4_msgs/lib/python3.12/site-packages/px4_msgs/msg/_battery_status_s.c\n'}
[1.895575] (px4_msgs) StdoutLine: {'line': b'-- Up-to-date symlink: /home/carlos/ros2_ws/install/px4_msgs/lib/python3.12/site-packages/px4_msgs/msg/_button_event.py\n'}
[1.895676] (px4_msgs) StdoutLine: {'line': b'-- Up-to-date symlink: /home/carlos/ros2_ws/install/px4_msgs/lib/python3.12/site-packages/px4_msgs/msg/_button_event_s.c\n'}
[1.895749] (px4_msgs) StdoutLine: {'line': b'-- Up-to-date symlink: /home/carlos/ros2_ws/install/px4_msgs/lib/python3.12/site-packages/px4_msgs/msg/_camera_capture.py\n'}
[1.895847] (px4_msgs) StdoutLine: {'line': b'-- Up-to-date symlink: /home/carlos/ros2_ws/install/px4_msgs/lib/python3.12/site-packages/px4_msgs/msg/_camera_capture_s.c\n'}
[1.895900] (px4_msgs) StdoutLine: {'line': b'-- Up-to-date symlink: /home/carlos/ros2_ws/install/px4_msgs/lib/python3.12/site-packages/px4_msgs/msg/_camera_status.py\n'}
[1.895959] (px4_msgs) StdoutLine: {'line': b'-- Up-to-date symlink: /home/carlos/ros2_ws/install/px4_msgs/lib/python3.12/site-packages/px4_msgs/msg/_camera_status_s.c\n'}
[1.896049] (px4_msgs) StdoutLine: {'line': b'-- Up-to-date symlink: /home/carlos/ros2_ws/install/px4_msgs/lib/python3.12/site-packages/px4_msgs/msg/_camera_trigger.py\n'}
[1.896110] (px4_msgs) StdoutLine: {'line': b'-- Up-to-date symlink: /home/carlos/ros2_ws/install/px4_msgs/lib/python3.12/site-packages/px4_msgs/msg/_camera_trigger_s.c\n'}
[1.896203] (px4_msgs) StdoutLine: {'line': b'-- Up-to-date symlink: /home/carlos/ros2_ws/install/px4_msgs/lib/python3.12/site-packages/px4_msgs/msg/_can_interface_status.py\n'}
[1.896258] (px4_msgs) StdoutLine: {'line': b'-- Up-to-date symlink: /home/carlos/ros2_ws/install/px4_msgs/lib/python3.12/site-packages/px4_msgs/msg/_can_interface_status_s.c\n'}
[1.896350] (px4_msgs) StdoutLine: {'line': b'-- Up-to-date symlink: /home/carlos/ros2_ws/install/px4_msgs/lib/python3.12/site-packages/px4_msgs/msg/_cellular_status.py\n'}
[1.896408] (px4_msgs) StdoutLine: {'line': b'-- Up-to-date symlink: /home/carlos/ros2_ws/install/px4_msgs/lib/python3.12/site-packages/px4_msgs/msg/_cellular_status_s.c\n'}
[1.896509] (px4_msgs) StdoutLine: {'line': b'-- Up-to-date symlink: /home/carlos/ros2_ws/install/px4_msgs/lib/python3.12/site-packages/px4_msgs/msg/_collision_constraints.py\n'}
[1.896598] (px4_msgs) StdoutLine: {'line': b'-- Up-to-date symlink: /home/carlos/ros2_ws/install/px4_msgs/lib/python3.12/site-packages/px4_msgs/msg/_collision_constraints_s.c\n'}
[1.896706] (px4_msgs) StdoutLine: {'line': b'-- Up-to-date symlink: /home/carlos/ros2_ws/install/px4_msgs/lib/python3.12/site-packages/px4_msgs/msg/_config_overrides.py\n'}
[1.896760] (px4_msgs) StdoutLine: {'line': b'-- Up-to-date symlink: /home/carlos/ros2_ws/install/px4_msgs/lib/python3.12/site-packages/px4_msgs/msg/_config_overrides_s.c\n'}
[1.896846] (px4_msgs) StdoutLine: {'line': b'-- Up-to-date symlink: /home/carlos/ros2_ws/install/px4_msgs/lib/python3.12/site-packages/px4_msgs/msg/_control_allocator_status.py\n'}
[1.896914] (px4_msgs) StdoutLine: {'line': b'-- Up-to-date symlink: /home/carlos/ros2_ws/install/px4_msgs/lib/python3.12/site-packages/px4_msgs/msg/_control_allocator_status_s.c\n'}
[1.896997] (px4_msgs) StdoutLine: {'line': b'-- Up-to-date symlink: /home/carlos/ros2_ws/install/px4_msgs/lib/python3.12/site-packages/px4_msgs/msg/_cpuload.py\n'}
[1.897085] (px4_msgs) StdoutLine: {'line': b'-- Up-to-date symlink: /home/carlos/ros2_ws/install/px4_msgs/lib/python3.12/site-packages/px4_msgs/msg/_cpuload_s.c\n'}
[1.897171] (px4_msgs) StdoutLine: {'line': b'-- Up-to-date symlink: /home/carlos/ros2_ws/install/px4_msgs/lib/python3.12/site-packages/px4_msgs/msg/_dataman_request.py\n'}
[1.897239] (px4_msgs) StdoutLine: {'line': b'-- Up-to-date symlink: /home/carlos/ros2_ws/install/px4_msgs/lib/python3.12/site-packages/px4_msgs/msg/_dataman_request_s.c\n'}
[1.897304] (px4_msgs) StdoutLine: {'line': b'-- Up-to-date symlink: /home/carlos/ros2_ws/install/px4_msgs/lib/python3.12/site-packages/px4_msgs/msg/_dataman_response.py\n'}
[1.897376] (px4_msgs) StdoutLine: {'line': b'-- Up-to-date symlink: /home/carlos/ros2_ws/install/px4_msgs/lib/python3.12/site-packages/px4_msgs/msg/_dataman_response_s.c\n'}
[1.897449] (px4_msgs) StdoutLine: {'line': b'-- Up-to-date symlink: /home/carlos/ros2_ws/install/px4_msgs/lib/python3.12/site-packages/px4_msgs/msg/_debug_array.py\n'}
[1.897524] (px4_msgs) StdoutLine: {'line': b'-- Up-to-date symlink: /home/carlos/ros2_ws/install/px4_msgs/lib/python3.12/site-packages/px4_msgs/msg/_debug_array_s.c\n'}
[1.897604] (px4_msgs) StdoutLine: {'line': b'-- Up-to-date symlink: /home/carlos/ros2_ws/install/px4_msgs/lib/python3.12/site-packages/px4_msgs/msg/_debug_key_value.py\n'}
[1.897685] (px4_msgs) StdoutLine: {'line': b'-- Up-to-date symlink: /home/carlos/ros2_ws/install/px4_msgs/lib/python3.12/site-packages/px4_msgs/msg/_debug_key_value_s.c\n'}
[1.897766] (px4_msgs) StdoutLine: {'line': b'-- Up-to-date symlink: /home/carlos/ros2_ws/install/px4_msgs/lib/python3.12/site-packages/px4_msgs/msg/_debug_value.py\n'}
[1.897848] (px4_msgs) StdoutLine: {'line': b'-- Up-to-date symlink: /home/carlos/ros2_ws/install/px4_msgs/lib/python3.12/site-packages/px4_msgs/msg/_debug_value_s.c\n'}
[1.897930] (px4_msgs) StdoutLine: {'line': b'-- Up-to-date symlink: /home/carlos/ros2_ws/install/px4_msgs/lib/python3.12/site-packages/px4_msgs/msg/_debug_vect.py\n'}
[1.898015] (px4_msgs) StdoutLine: {'line': b'-- Up-to-date symlink: /home/carlos/ros2_ws/install/px4_msgs/lib/python3.12/site-packages/px4_msgs/msg/_debug_vect_s.c\n'}
[1.898098] (px4_msgs) StdoutLine: {'line': b'-- Up-to-date symlink: /home/carlos/ros2_ws/install/px4_msgs/lib/python3.12/site-packages/px4_msgs/msg/_differential_pressure.py\n'}
[1.898180] (px4_msgs) StdoutLine: {'line': b'-- Up-to-date symlink: /home/carlos/ros2_ws/install/px4_msgs/lib/python3.12/site-packages/px4_msgs/msg/_differential_pressure_s.c\n'}
[1.898262] (px4_msgs) StdoutLine: {'line': b'-- Up-to-date symlink: /home/carlos/ros2_ws/install/px4_msgs/lib/python3.12/site-packages/px4_msgs/msg/_distance_sensor.py\n'}
[1.898347] (px4_msgs) StdoutLine: {'line': b'-- Up-to-date symlink: /home/carlos/ros2_ws/install/px4_msgs/lib/python3.12/site-packages/px4_msgs/msg/_distance_sensor_mode_change_request.py\n'}
[1.898429] (px4_msgs) StdoutLine: {'line': b'-- Up-to-date symlink: /home/carlos/ros2_ws/install/px4_msgs/lib/python3.12/site-packages/px4_msgs/msg/_distance_sensor_mode_change_request_s.c\n'}
[1.898524] (px4_msgs) StdoutLine: {'line': b'-- Up-to-date symlink: /home/carlos/ros2_ws/install/px4_msgs/lib/python3.12/site-packages/px4_msgs/msg/_distance_sensor_s.c\n'}
[1.898606] (px4_msgs) StdoutLine: {'line': b'-- Up-to-date symlink: /home/carlos/ros2_ws/install/px4_msgs/lib/python3.12/site-packages/px4_msgs/msg/_dronecan_node_status.py\n'}
[1.898690] (px4_msgs) StdoutLine: {'line': b'-- Up-to-date symlink: /home/carlos/ros2_ws/install/px4_msgs/lib/python3.12/site-packages/px4_msgs/msg/_dronecan_node_status_s.c\n'}
[1.898772] (px4_msgs) StdoutLine: {'line': b'-- Up-to-date symlink: /home/carlos/ros2_ws/install/px4_msgs/lib/python3.12/site-packages/px4_msgs/msg/_ekf2_timestamps.py\n'}
[1.898854] (px4_msgs) StdoutLine: {'line': b'-- Up-to-date symlink: /home/carlos/ros2_ws/install/px4_msgs/lib/python3.12/site-packages/px4_msgs/msg/_ekf2_timestamps_s.c\n'}
[1.898939] (px4_msgs) StdoutLine: {'line': b'-- Up-to-date symlink: /home/carlos/ros2_ws/install/px4_msgs/lib/python3.12/site-packages/px4_msgs/msg/_esc_report.py\n'}
[1.899031] (px4_msgs) StdoutLine: {'line': b'-- Up-to-date symlink: /home/carlos/ros2_ws/install/px4_msgs/lib/python3.12/site-packages/px4_msgs/msg/_esc_report_s.c\n'}
[1.899114] (px4_msgs) StdoutLine: {'line': b'-- Up-to-date symlink: /home/carlos/ros2_ws/install/px4_msgs/lib/python3.12/site-packages/px4_msgs/msg/_esc_status.py\n'}
[1.899196] (px4_msgs) StdoutLine: {'line': b'-- Up-to-date symlink: /home/carlos/ros2_ws/install/px4_msgs/lib/python3.12/site-packages/px4_msgs/msg/_esc_status_s.c\n'}
[1.899278] (px4_msgs) StdoutLine: {'line': b'-- Up-to-date symlink: /home/carlos/ros2_ws/install/px4_msgs/lib/python3.12/site-packages/px4_msgs/msg/_estimator_aid_source1d.py\n'}
[1.899365] (px4_msgs) StdoutLine: {'line': b'-- Up-to-date symlink: /home/carlos/ros2_ws/install/px4_msgs/lib/python3.12/site-packages/px4_msgs/msg/_estimator_aid_source1d_s.c\n'}
[1.899454] (px4_msgs) StdoutLine: {'line': b'-- Up-to-date symlink: /home/carlos/ros2_ws/install/px4_msgs/lib/python3.12/site-packages/px4_msgs/msg/_estimator_aid_source2d.py\n'}
[1.899540] (px4_msgs) StdoutLine: {'line': b'-- Up-to-date symlink: /home/carlos/ros2_ws/install/px4_msgs/lib/python3.12/site-packages/px4_msgs/msg/_estimator_aid_source2d_s.c\n'}
[1.899621] (px4_msgs) StdoutLine: {'line': b'-- Up-to-date symlink: /home/carlos/ros2_ws/install/px4_msgs/lib/python3.12/site-packages/px4_msgs/msg/_estimator_aid_source3d.py\n'}
[1.899703] (px4_msgs) StdoutLine: {'line': b'-- Up-to-date symlink: /home/carlos/ros2_ws/install/px4_msgs/lib/python3.12/site-packages/px4_msgs/msg/_estimator_aid_source3d_s.c\n'}
[1.899785] (px4_msgs) StdoutLine: {'line': b'-- Up-to-date symlink: /home/carlos/ros2_ws/install/px4_msgs/lib/python3.12/site-packages/px4_msgs/msg/_estimator_bias.py\n'}
[1.899867] (px4_msgs) StdoutLine: {'line': b'-- Up-to-date symlink: /home/carlos/ros2_ws/install/px4_msgs/lib/python3.12/site-packages/px4_msgs/msg/_estimator_bias3d.py\n'}
[1.899949] (px4_msgs) StdoutLine: {'line': b'-- Up-to-date symlink: /home/carlos/ros2_ws/install/px4_msgs/lib/python3.12/site-packages/px4_msgs/msg/_estimator_bias3d_s.c\n'}
[1.900031] (px4_msgs) StdoutLine: {'line': b'-- Up-to-date symlink: /home/carlos/ros2_ws/install/px4_msgs/lib/python3.12/site-packages/px4_msgs/msg/_estimator_bias_s.c\n'}
[1.900113] (px4_msgs) StdoutLine: {'line': b'-- Up-to-date symlink: /home/carlos/ros2_ws/install/px4_msgs/lib/python3.12/site-packages/px4_msgs/msg/_estimator_event_flags.py\n'}
[1.900195] (px4_msgs) StdoutLine: {'line': b'-- Up-to-date symlink: /home/carlos/ros2_ws/install/px4_msgs/lib/python3.12/site-packages/px4_msgs/msg/_estimator_event_flags_s.c\n'}
[1.900278] (px4_msgs) StdoutLine: {'line': b'-- Up-to-date symlink: /home/carlos/ros2_ws/install/px4_msgs/lib/python3.12/site-packages/px4_msgs/msg/_estimator_gps_status.py\n'}
[1.900360] (px4_msgs) StdoutLine: {'line': b'-- Up-to-date symlink: /home/carlos/ros2_ws/install/px4_msgs/lib/python3.12/site-packages/px4_msgs/msg/_estimator_gps_status_s.c\n'}
[1.900457] (px4_msgs) StdoutLine: {'line': b'-- Up-to-date symlink: /home/carlos/ros2_ws/install/px4_msgs/lib/python3.12/site-packages/px4_msgs/msg/_estimator_innovations.py\n'}
[1.900543] (px4_msgs) StdoutLine: {'line': b'-- Up-to-date symlink: /home/carlos/ros2_ws/install/px4_msgs/lib/python3.12/site-packages/px4_msgs/msg/_estimator_innovations_s.c\n'}
[1.900626] (px4_msgs) StdoutLine: {'line': b'-- Up-to-date symlink: /home/carlos/ros2_ws/install/px4_msgs/lib/python3.12/site-packages/px4_msgs/msg/_estimator_selector_status.py\n'}
[1.900708] (px4_msgs) StdoutLine: {'line': b'-- Up-to-date symlink: /home/carlos/ros2_ws/install/px4_msgs/lib/python3.12/site-packages/px4_msgs/msg/_estimator_selector_status_s.c\n'}
[1.900790] (px4_msgs) StdoutLine: {'line': b'-- Up-to-date symlink: /home/carlos/ros2_ws/install/px4_msgs/lib/python3.12/site-packages/px4_msgs/msg/_estimator_sensor_bias.py\n'}
[1.900874] (px4_msgs) StdoutLine: {'line': b'-- Up-to-date symlink: /home/carlos/ros2_ws/install/px4_msgs/lib/python3.12/site-packages/px4_msgs/msg/_estimator_sensor_bias_s.c\n'}
[1.900956] (px4_msgs) StdoutLine: {'line': b'-- Up-to-date symlink: /home/carlos/ros2_ws/install/px4_msgs/lib/python3.12/site-packages/px4_msgs/msg/_estimator_states.py\n'}
[1.901040] (px4_msgs) StdoutLine: {'line': b'-- Up-to-date symlink: /home/carlos/ros2_ws/install/px4_msgs/lib/python3.12/site-packages/px4_msgs/msg/_estimator_states_s.c\n'}
[1.901121] (px4_msgs) StdoutLine: {'line': b'-- Up-to-date symlink: /home/carlos/ros2_ws/install/px4_msgs/lib/python3.12/site-packages/px4_msgs/msg/_estimator_status.py\n'}
[1.901204] (px4_msgs) StdoutLine: {'line': b'-- Up-to-date symlink: /home/carlos/ros2_ws/install/px4_msgs/lib/python3.12/site-packages/px4_msgs/msg/_estimator_status_flags.py\n'}
[1.901287] (px4_msgs) StdoutLine: {'line': b'-- Up-to-date symlink: /home/carlos/ros2_ws/install/px4_msgs/lib/python3.12/site-packages/px4_msgs/msg/_estimator_status_flags_s.c\n'}
[1.901369] (px4_msgs) StdoutLine: {'line': b'-- Up-to-date symlink: /home/carlos/ros2_ws/install/px4_msgs/lib/python3.12/site-packages/px4_msgs/msg/_estimator_status_s.c\n'}
[1.901455] (px4_msgs) StdoutLine: {'line': b'-- Up-to-date symlink: /home/carlos/ros2_ws/install/px4_msgs/lib/python3.12/site-packages/px4_msgs/msg/_event.py\n'}
[1.901541] (px4_msgs) StdoutLine: {'line': b'-- Up-to-date symlink: /home/carlos/ros2_ws/install/px4_msgs/lib/python3.12/site-packages/px4_msgs/msg/_event_s.c\n'}
[1.901673] (px4_msgs) StdoutLine: {'line': b'-- Up-to-date symlink: /home/carlos/ros2_ws/install/px4_msgs/lib/python3.12/site-packages/px4_msgs/msg/_failsafe_flags.py\n'}
[1.901753] (px4_msgs) StdoutLine: {'line': b'-- Up-to-date symlink: /home/carlos/ros2_ws/install/px4_msgs/lib/python3.12/site-packages/px4_msgs/msg/_failsafe_flags_s.c\n'}
[1.901836] (px4_msgs) StdoutLine: {'line': b'-- Up-to-date symlink: /home/carlos/ros2_ws/install/px4_msgs/lib/python3.12/site-packages/px4_msgs/msg/_failure_detector_status.py\n'}
[1.901906] (px4_msgs) StdoutLine: {'line': b'-- Up-to-date symlink: /home/carlos/ros2_ws/install/px4_msgs/lib/python3.12/site-packages/px4_msgs/msg/_failure_detector_status_s.c\n'}
[1.901979] (px4_msgs) StdoutLine: {'line': b'-- Up-to-date symlink: /home/carlos/ros2_ws/install/px4_msgs/lib/python3.12/site-packages/px4_msgs/msg/_figure_eight_status.py\n'}
[1.902045] (px4_msgs) StdoutLine: {'line': b'-- Up-to-date symlink: /home/carlos/ros2_ws/install/px4_msgs/lib/python3.12/site-packages/px4_msgs/msg/_figure_eight_status_s.c\n'}
[1.902122] (px4_msgs) StdoutLine: {'line': b'-- Up-to-date symlink: /home/carlos/ros2_ws/install/px4_msgs/lib/python3.12/site-packages/px4_msgs/msg/_fixed_wing_lateral_guidance_status.py\n'}
[1.902207] (px4_msgs) StdoutLine: {'line': b'-- Up-to-date symlink: /home/carlos/ros2_ws/install/px4_msgs/lib/python3.12/site-packages/px4_msgs/msg/_fixed_wing_lateral_guidance_status_s.c\n'}
[1.902293] (px4_msgs) StdoutLine: {'line': b'-- Up-to-date symlink: /home/carlos/ros2_ws/install/px4_msgs/lib/python3.12/site-packages/px4_msgs/msg/_fixed_wing_lateral_setpoint.py\n'}
[1.902376] (px4_msgs) StdoutLine: {'line': b'-- Up-to-date symlink: /home/carlos/ros2_ws/install/px4_msgs/lib/python3.12/site-packages/px4_msgs/msg/_fixed_wing_lateral_setpoint_s.c\n'}
[1.902461] (px4_msgs) StdoutLine: {'line': b'-- Up-to-date symlink: /home/carlos/ros2_ws/install/px4_msgs/lib/python3.12/site-packages/px4_msgs/msg/_fixed_wing_lateral_status.py\n'}
[1.902562] (px4_msgs) StdoutLine: {'line': b'-- Up-to-date symlink: /home/carlos/ros2_ws/install/px4_msgs/lib/python3.12/site-packages/px4_msgs/msg/_fixed_wing_lateral_status_s.c\n'}
[1.902644] (px4_msgs) StdoutLine: {'line': b'-- Up-to-date symlink: /home/carlos/ros2_ws/install/px4_msgs/lib/python3.12/site-packages/px4_msgs/msg/_fixed_wing_longitudinal_setpoint.py\n'}
[1.902714] (px4_msgs) StdoutLine: {'line': b'-- Up-to-date symlink: /home/carlos/ros2_ws/install/px4_msgs/lib/python3.12/site-packages/px4_msgs/msg/_fixed_wing_longitudinal_setpoint_s.c\n'}
[1.902793] (px4_msgs) StdoutLine: {'line': b'-- Up-to-date symlink: /home/carlos/ros2_ws/install/px4_msgs/lib/python3.12/site-packages/px4_msgs/msg/_fixed_wing_runway_control.py\n'}
[1.902875] (px4_msgs) StdoutLine: {'line': b'-- Up-to-date symlink: /home/carlos/ros2_ws/install/px4_msgs/lib/python3.12/site-packages/px4_msgs/msg/_fixed_wing_runway_control_s.c\n'}
[1.902971] (px4_msgs) StdoutLine: {'line': b'-- Up-to-date symlink: /home/carlos/ros2_ws/install/px4_msgs/lib/python3.12/site-packages/px4_msgs/msg/_flight_phase_estimation.py\n'}
[1.903024] (-) TimerEvent: {}
[1.903117] (px4_msgs) StdoutLine: {'line': b'-- Up-to-date symlink: /home/carlos/ros2_ws/install/px4_msgs/lib/python3.12/site-packages/px4_msgs/msg/_flight_phase_estimation_s.c\n'}
[1.903214] (px4_msgs) StdoutLine: {'line': b'-- Up-to-date symlink: /home/carlos/ros2_ws/install/px4_msgs/lib/python3.12/site-packages/px4_msgs/msg/_follow_target.py\n'}
[1.903315] (px4_msgs) StdoutLine: {'line': b'-- Up-to-date symlink: /home/carlos/ros2_ws/install/px4_msgs/lib/python3.12/site-packages/px4_msgs/msg/_follow_target_estimator.py\n'}
[1.903371] (px4_msgs) StdoutLine: {'line': b'-- Up-to-date symlink: /home/carlos/ros2_ws/install/px4_msgs/lib/python3.12/site-packages/px4_msgs/msg/_follow_target_estimator_s.c\n'}
[1.903463] (px4_msgs) StdoutLine: {'line': b'-- Up-to-date symlink: /home/carlos/ros2_ws/install/px4_msgs/lib/python3.12/site-packages/px4_msgs/msg/_follow_target_s.c\n'}
[1.903563] (px4_msgs) StdoutLine: {'line': b'-- Up-to-date symlink: /home/carlos/ros2_ws/install/px4_msgs/lib/python3.12/site-packages/px4_msgs/msg/_follow_target_status.py\n'}
[1.903617] (px4_msgs) StdoutLine: {'line': b'-- Up-to-date symlink: /home/carlos/ros2_ws/install/px4_msgs/lib/python3.12/site-packages/px4_msgs/msg/_follow_target_status_s.c\n'}
[1.903709] (px4_msgs) StdoutLine: {'line': b'-- Up-to-date symlink: /home/carlos/ros2_ws/install/px4_msgs/lib/python3.12/site-packages/px4_msgs/msg/_fuel_tank_status.py\n'}
[1.903811] (px4_msgs) StdoutLine: {'line': b'-- Up-to-date symlink: /home/carlos/ros2_ws/install/px4_msgs/lib/python3.12/site-packages/px4_msgs/msg/_fuel_tank_status_s.c\n'}
[1.903876] (px4_msgs) StdoutLine: {'line': b'-- Up-to-date symlink: /home/carlos/ros2_ws/install/px4_msgs/lib/python3.12/site-packages/px4_msgs/msg/_generator_status.py\n'}
[1.903960] (px4_msgs) StdoutLine: {'line': b'-- Up-to-date symlink: /home/carlos/ros2_ws/install/px4_msgs/lib/python3.12/site-packages/px4_msgs/msg/_generator_status_s.c\n'}
[1.904050] (px4_msgs) StdoutLine: {'line': b'-- Up-to-date symlink: /home/carlos/ros2_ws/install/px4_msgs/lib/python3.12/site-packages/px4_msgs/msg/_geofence_result.py\n'}
[1.904128] (px4_msgs) StdoutLine: {'line': b'-- Up-to-date symlink: /home/carlos/ros2_ws/install/px4_msgs/lib/python3.12/site-packages/px4_msgs/msg/_geofence_result_s.c\n'}
[1.904223] (px4_msgs) StdoutLine: {'line': b'-- Up-to-date symlink: /home/carlos/ros2_ws/install/px4_msgs/lib/python3.12/site-packages/px4_msgs/msg/_geofence_status.py\n'}
[1.904289] (px4_msgs) StdoutLine: {'line': b'-- Up-to-date symlink: /home/carlos/ros2_ws/install/px4_msgs/lib/python3.12/site-packages/px4_msgs/msg/_geofence_status_s.c\n'}
[1.904371] (px4_msgs) StdoutLine: {'line': b'-- Up-to-date symlink: /home/carlos/ros2_ws/install/px4_msgs/lib/python3.12/site-packages/px4_msgs/msg/_gimbal_controls.py\n'}
[1.904467] (px4_msgs) StdoutLine: {'line': b'-- Up-to-date symlink: /home/carlos/ros2_ws/install/px4_msgs/lib/python3.12/site-packages/px4_msgs/msg/_gimbal_controls_s.c\n'}
[1.904569] (px4_msgs) StdoutLine: {'line': b'-- Up-to-date symlink: /home/carlos/ros2_ws/install/px4_msgs/lib/python3.12/site-packages/px4_msgs/msg/_gimbal_device_attitude_status.py\n'}
[1.904668] (px4_msgs) StdoutLine: {'line': b'-- Up-to-date symlink: /home/carlos/ros2_ws/install/px4_msgs/lib/python3.12/site-packages/px4_msgs/msg/_gimbal_device_attitude_status_s.c\n'}
[1.904772] (px4_msgs) StdoutLine: {'line': b'-- Up-to-date symlink: /home/carlos/ros2_ws/install/px4_msgs/lib/python3.12/site-packages/px4_msgs/msg/_gimbal_device_information.py\n'}
[1.904878] (px4_msgs) StdoutLine: {'line': b'-- Up-to-date symlink: /home/carlos/ros2_ws/install/px4_msgs/lib/python3.12/site-packages/px4_msgs/msg/_gimbal_device_information_s.c\n'}
[1.904936] (px4_msgs) StdoutLine: {'line': b'-- Up-to-date symlink: /home/carlos/ros2_ws/install/px4_msgs/lib/python3.12/site-packages/px4_msgs/msg/_gimbal_device_set_attitude.py\n'}
[1.905029] (px4_msgs) StdoutLine: {'line': b'-- Up-to-date symlink: /home/carlos/ros2_ws/install/px4_msgs/lib/python3.12/site-packages/px4_msgs/msg/_gimbal_device_set_attitude_s.c\n'}
[1.905081] (px4_msgs) StdoutLine: {'line': b'-- Up-to-date symlink: /home/carlos/ros2_ws/install/px4_msgs/lib/python3.12/site-packages/px4_msgs/msg/_gimbal_manager_information.py\n'}
[1.905167] (px4_msgs) StdoutLine: {'line': b'-- Up-to-date symlink: /home/carlos/ros2_ws/install/px4_msgs/lib/python3.12/site-packages/px4_msgs/msg/_gimbal_manager_information_s.c\n'}
[1.905254] (px4_msgs) StdoutLine: {'line': b'-- Up-to-date symlink: /home/carlos/ros2_ws/install/px4_msgs/lib/python3.12/site-packages/px4_msgs/msg/_gimbal_manager_set_attitude.py\n'}
[1.905320] (px4_msgs) StdoutLine: {'line': b'-- Up-to-date symlink: /home/carlos/ros2_ws/install/px4_msgs/lib/python3.12/site-packages/px4_msgs/msg/_gimbal_manager_set_attitude_s.c\n'}
[1.905411] (px4_msgs) StdoutLine: {'line': b'-- Up-to-date symlink: /home/carlos/ros2_ws/install/px4_msgs/lib/python3.12/site-packages/px4_msgs/msg/_gimbal_manager_set_manual_control.py\n'}
[1.905509] (px4_msgs) StdoutLine: {'line': b'-- Up-to-date symlink: /home/carlos/ros2_ws/install/px4_msgs/lib/python3.12/site-packages/px4_msgs/msg/_gimbal_manager_set_manual_control_s.c\n'}
[1.905596] (px4_msgs) StdoutLine: {'line': b'-- Up-to-date symlink: /home/carlos/ros2_ws/install/px4_msgs/lib/python3.12/site-packages/px4_msgs/msg/_gimbal_manager_status.py\n'}
[1.905663] (px4_msgs) StdoutLine: {'line': b'-- Up-to-date symlink: /home/carlos/ros2_ws/install/px4_msgs/lib/python3.12/site-packages/px4_msgs/msg/_gimbal_manager_status_s.c\n'}
[1.905747] (px4_msgs) StdoutLine: {'line': b'-- Up-to-date symlink: /home/carlos/ros2_ws/install/px4_msgs/lib/python3.12/site-packages/px4_msgs/msg/_goto_setpoint.py\n'}
[1.905835] (px4_msgs) StdoutLine: {'line': b'-- Up-to-date symlink: /home/carlos/ros2_ws/install/px4_msgs/lib/python3.12/site-packages/px4_msgs/msg/_goto_setpoint_s.c\n'}
[1.905922] (px4_msgs) StdoutLine: {'line': b'-- Up-to-date symlink: /home/carlos/ros2_ws/install/px4_msgs/lib/python3.12/site-packages/px4_msgs/msg/_gpio_config.py\n'}
[1.906009] (px4_msgs) StdoutLine: {'line': b'-- Up-to-date symlink: /home/carlos/ros2_ws/install/px4_msgs/lib/python3.12/site-packages/px4_msgs/msg/_gpio_config_s.c\n'}
[1.906096] (px4_msgs) StdoutLine: {'line': b'-- Up-to-date symlink: /home/carlos/ros2_ws/install/px4_msgs/lib/python3.12/site-packages/px4_msgs/msg/_gpio_in.py\n'}
[1.906163] (px4_msgs) StdoutLine: {'line': b'-- Up-to-date symlink: /home/carlos/ros2_ws/install/px4_msgs/lib/python3.12/site-packages/px4_msgs/msg/_gpio_in_s.c\n'}
[1.906241] (px4_msgs) StdoutLine: {'line': b'-- Up-to-date symlink: /home/carlos/ros2_ws/install/px4_msgs/lib/python3.12/site-packages/px4_msgs/msg/_gpio_out.py\n'}
[1.906325] (px4_msgs) StdoutLine: {'line': b'-- Up-to-date symlink: /home/carlos/ros2_ws/install/px4_msgs/lib/python3.12/site-packages/px4_msgs/msg/_gpio_out_s.c\n'}
[1.906404] (px4_msgs) StdoutLine: {'line': b'-- Up-to-date symlink: /home/carlos/ros2_ws/install/px4_msgs/lib/python3.12/site-packages/px4_msgs/msg/_gpio_request.py\n'}
[1.906481] (px4_msgs) StdoutLine: {'line': b'-- Up-to-date symlink: /home/carlos/ros2_ws/install/px4_msgs/lib/python3.12/site-packages/px4_msgs/msg/_gpio_request_s.c\n'}
[1.906551] (px4_msgs) StdoutLine: {'line': b'-- Up-to-date symlink: /home/carlos/ros2_ws/install/px4_msgs/lib/python3.12/site-packages/px4_msgs/msg/_gps_dump.py\n'}
[1.906642] (px4_msgs) StdoutLine: {'line': b'-- Up-to-date symlink: /home/carlos/ros2_ws/install/px4_msgs/lib/python3.12/site-packages/px4_msgs/msg/_gps_dump_s.c\n'}
[1.906735] (px4_msgs) StdoutLine: {'line': b'-- Up-to-date symlink: /home/carlos/ros2_ws/install/px4_msgs/lib/python3.12/site-packages/px4_msgs/msg/_gps_inject_data.py\n'}
[1.906826] (px4_msgs) StdoutLine: {'line': b'-- Up-to-date symlink: /home/carlos/ros2_ws/install/px4_msgs/lib/python3.12/site-packages/px4_msgs/msg/_gps_inject_data_s.c\n'}
[1.906913] (px4_msgs) StdoutLine: {'line': b'-- Up-to-date symlink: /home/carlos/ros2_ws/install/px4_msgs/lib/python3.12/site-packages/px4_msgs/msg/_gripper.py\n'}
[1.907001] (px4_msgs) StdoutLine: {'line': b'-- Up-to-date symlink: /home/carlos/ros2_ws/install/px4_msgs/lib/python3.12/site-packages/px4_msgs/msg/_gripper_s.c\n'}
[1.907088] (px4_msgs) StdoutLine: {'line': b'-- Up-to-date symlink: /home/carlos/ros2_ws/install/px4_msgs/lib/python3.12/site-packages/px4_msgs/msg/_health_report.py\n'}
[1.907173] (px4_msgs) StdoutLine: {'line': b'-- Up-to-date symlink: /home/carlos/ros2_ws/install/px4_msgs/lib/python3.12/site-packages/px4_msgs/msg/_health_report_s.c\n'}
[1.907261] (px4_msgs) StdoutLine: {'line': b'-- Up-to-date symlink: /home/carlos/ros2_ws/install/px4_msgs/lib/python3.12/site-packages/px4_msgs/msg/_heater_status.py\n'}
[1.907349] (px4_msgs) StdoutLine: {'line': b'-- Up-to-date symlink: /home/carlos/ros2_ws/install/px4_msgs/lib/python3.12/site-packages/px4_msgs/msg/_heater_status_s.c\n'}
[1.907442] (px4_msgs) StdoutLine: {'line': b'-- Up-to-date symlink: /home/carlos/ros2_ws/install/px4_msgs/lib/python3.12/site-packages/px4_msgs/msg/_home_position.py\n'}
[1.907531] (px4_msgs) StdoutLine: {'line': b'-- Up-to-date symlink: /home/carlos/ros2_ws/install/px4_msgs/lib/python3.12/site-packages/px4_msgs/msg/_home_position_s.c\n'}
[1.907614] (px4_msgs) StdoutLine: {'line': b'-- Up-to-date symlink: /home/carlos/ros2_ws/install/px4_msgs/lib/python3.12/site-packages/px4_msgs/msg/_hover_thrust_estimate.py\n'}
[1.907698] (px4_msgs) StdoutLine: {'line': b'-- Up-to-date symlink: /home/carlos/ros2_ws/install/px4_msgs/lib/python3.12/site-packages/px4_msgs/msg/_hover_thrust_estimate_s.c\n'}
[1.907783] (px4_msgs) StdoutLine: {'line': b'-- Up-to-date symlink: /home/carlos/ros2_ws/install/px4_msgs/lib/python3.12/site-packages/px4_msgs/msg/_input_rc.py\n'}
[1.907872] (px4_msgs) StdoutLine: {'line': b'-- Up-to-date symlink: /home/carlos/ros2_ws/install/px4_msgs/lib/python3.12/site-packages/px4_msgs/msg/_input_rc_s.c\n'}
[1.907956] (px4_msgs) StdoutLine: {'line': b'-- Up-to-date symlink: /home/carlos/ros2_ws/install/px4_msgs/lib/python3.12/site-packages/px4_msgs/msg/_internal_combustion_engine_control.py\n'}
[1.908039] (px4_msgs) StdoutLine: {'line': b'-- Up-to-date symlink: /home/carlos/ros2_ws/install/px4_msgs/lib/python3.12/site-packages/px4_msgs/msg/_internal_combustion_engine_control_s.c\n'}
[1.908122] (px4_msgs) StdoutLine: {'line': b'-- Up-to-date symlink: /home/carlos/ros2_ws/install/px4_msgs/lib/python3.12/site-packages/px4_msgs/msg/_internal_combustion_engine_status.py\n'}
[1.908206] (px4_msgs) StdoutLine: {'line': b'-- Up-to-date symlink: /home/carlos/ros2_ws/install/px4_msgs/lib/python3.12/site-packages/px4_msgs/msg/_internal_combustion_engine_status_s.c\n'}
[1.908297] (px4_msgs) StdoutLine: {'line': b'-- Up-to-date symlink: /home/carlos/ros2_ws/install/px4_msgs/lib/python3.12/site-packages/px4_msgs/msg/_iridiumsbd_status.py\n'}
[1.908378] (px4_msgs) StdoutLine: {'line': b'-- Up-to-date symlink: /home/carlos/ros2_ws/install/px4_msgs/lib/python3.12/site-packages/px4_msgs/msg/_iridiumsbd_status_s.c\n'}
[1.908473] (px4_msgs) StdoutLine: {'line': b'-- Up-to-date symlink: /home/carlos/ros2_ws/install/px4_msgs/lib/python3.12/site-packages/px4_msgs/msg/_irlock_report.py\n'}
[1.908564] (px4_msgs) StdoutLine: {'line': b'-- Up-to-date symlink: /home/carlos/ros2_ws/install/px4_msgs/lib/python3.12/site-packages/px4_msgs/msg/_irlock_report_s.c\n'}
[1.908647] (px4_msgs) StdoutLine: {'line': b'-- Up-to-date symlink: /home/carlos/ros2_ws/install/px4_msgs/lib/python3.12/site-packages/px4_msgs/msg/_landing_gear.py\n'}
[1.908730] (px4_msgs) StdoutLine: {'line': b'-- Up-to-date symlink: /home/carlos/ros2_ws/install/px4_msgs/lib/python3.12/site-packages/px4_msgs/msg/_landing_gear_s.c\n'}
[1.908813] (px4_msgs) StdoutLine: {'line': b'-- Up-to-date symlink: /home/carlos/ros2_ws/install/px4_msgs/lib/python3.12/site-packages/px4_msgs/msg/_landing_gear_wheel.py\n'}
[1.908894] (px4_msgs) StdoutLine: {'line': b'-- Up-to-date symlink: /home/carlos/ros2_ws/install/px4_msgs/lib/python3.12/site-packages/px4_msgs/msg/_landing_gear_wheel_s.c\n'}
[1.908977] (px4_msgs) StdoutLine: {'line': b'-- Up-to-date symlink: /home/carlos/ros2_ws/install/px4_msgs/lib/python3.12/site-packages/px4_msgs/msg/_landing_target_innovations.py\n'}
[1.909060] (px4_msgs) StdoutLine: {'line': b'-- Up-to-date symlink: /home/carlos/ros2_ws/install/px4_msgs/lib/python3.12/site-packages/px4_msgs/msg/_landing_target_innovations_s.c\n'}
[1.909142] (px4_msgs) StdoutLine: {'line': b'-- Up-to-date symlink: /home/carlos/ros2_ws/install/px4_msgs/lib/python3.12/site-packages/px4_msgs/msg/_landing_target_pose.py\n'}
[1.909229] (px4_msgs) StdoutLine: {'line': b'-- Up-to-date symlink: /home/carlos/ros2_ws/install/px4_msgs/lib/python3.12/site-packages/px4_msgs/msg/_landing_target_pose_s.c\n'}
[1.909317] (px4_msgs) StdoutLine: {'line': b'-- Up-to-date symlink: /home/carlos/ros2_ws/install/px4_msgs/lib/python3.12/site-packages/px4_msgs/msg/_lateral_control_configuration.py\n'}
[1.909405] (px4_msgs) StdoutLine: {'line': b'-- Up-to-date symlink: /home/carlos/ros2_ws/install/px4_msgs/lib/python3.12/site-packages/px4_msgs/msg/_lateral_control_configuration_s.c\n'}
[1.909496] (px4_msgs) StdoutLine: {'line': b'-- Up-to-date symlink: /home/carlos/ros2_ws/install/px4_msgs/lib/python3.12/site-packages/px4_msgs/msg/_launch_detection_status.py\n'}
[1.909583] (px4_msgs) StdoutLine: {'line': b'-- Up-to-date symlink: /home/carlos/ros2_ws/install/px4_msgs/lib/python3.12/site-packages/px4_msgs/msg/_launch_detection_status_s.c\n'}
[1.909674] (px4_msgs) StdoutLine: {'line': b'-- Up-to-date symlink: /home/carlos/ros2_ws/install/px4_msgs/lib/python3.12/site-packages/px4_msgs/msg/_led_control.py\n'}
[1.909759] (px4_msgs) StdoutLine: {'line': b'-- Up-to-date symlink: /home/carlos/ros2_ws/install/px4_msgs/lib/python3.12/site-packages/px4_msgs/msg/_led_control_s.c\n'}
[1.909842] (px4_msgs) StdoutLine: {'line': b'-- Up-to-date symlink: /home/carlos/ros2_ws/install/px4_msgs/lib/python3.12/site-packages/px4_msgs/msg/_log_message.py\n'}
[1.909929] (px4_msgs) StdoutLine: {'line': b'-- Up-to-date symlink: /home/carlos/ros2_ws/install/px4_msgs/lib/python3.12/site-packages/px4_msgs/msg/_log_message_s.c\n'}
[1.910016] (px4_msgs) StdoutLine: {'line': b'-- Up-to-date symlink: /home/carlos/ros2_ws/install/px4_msgs/lib/python3.12/site-packages/px4_msgs/msg/_logger_status.py\n'}
[1.910096] (px4_msgs) StdoutLine: {'line': b'-- Up-to-date symlink: /home/carlos/ros2_ws/install/px4_msgs/lib/python3.12/site-packages/px4_msgs/msg/_logger_status_s.c\n'}
[1.910181] (px4_msgs) StdoutLine: {'line': b'-- Up-to-date symlink: /home/carlos/ros2_ws/install/px4_msgs/lib/python3.12/site-packages/px4_msgs/msg/_longitudinal_control_configuration.py\n'}
[1.910264] (px4_msgs) StdoutLine: {'line': b'-- Up-to-date symlink: /home/carlos/ros2_ws/install/px4_msgs/lib/python3.12/site-packages/px4_msgs/msg/_longitudinal_control_configuration_s.c\n'}
[1.910348] (px4_msgs) StdoutLine: {'line': b'-- Up-to-date symlink: /home/carlos/ros2_ws/install/px4_msgs/lib/python3.12/site-packages/px4_msgs/msg/_mag_worker_data.py\n'}
[1.910430] (px4_msgs) StdoutLine: {'line': b'-- Up-to-date symlink: /home/carlos/ros2_ws/install/px4_msgs/lib/python3.12/site-packages/px4_msgs/msg/_mag_worker_data_s.c\n'}
[1.910523] (px4_msgs) StdoutLine: {'line': b'-- Up-to-date symlink: /home/carlos/ros2_ws/install/px4_msgs/lib/python3.12/site-packages/px4_msgs/msg/_magnetometer_bias_estimate.py\n'}
[1.910604] (px4_msgs) StdoutLine: {'line': b'-- Up-to-date symlink: /home/carlos/ros2_ws/install/px4_msgs/lib/python3.12/site-packages/px4_msgs/msg/_magnetometer_bias_estimate_s.c\n'}
[1.910687] (px4_msgs) StdoutLine: {'line': b'-- Up-to-date symlink: /home/carlos/ros2_ws/install/px4_msgs/lib/python3.12/site-packages/px4_msgs/msg/_manual_control_setpoint.py\n'}
[1.910770] (px4_msgs) StdoutLine: {'line': b'-- Up-to-date symlink: /home/carlos/ros2_ws/install/px4_msgs/lib/python3.12/site-packages/px4_msgs/msg/_manual_control_setpoint_s.c\n'}
[1.910853] (px4_msgs) StdoutLine: {'line': b'-- Up-to-date symlink: /home/carlos/ros2_ws/install/px4_msgs/lib/python3.12/site-packages/px4_msgs/msg/_manual_control_switches.py\n'}
[1.910941] (px4_msgs) StdoutLine: {'line': b'-- Up-to-date symlink: /home/carlos/ros2_ws/install/px4_msgs/lib/python3.12/site-packages/px4_msgs/msg/_manual_control_switches_s.c\n'}
[1.911024] (px4_msgs) StdoutLine: {'line': b'-- Up-to-date symlink: /home/carlos/ros2_ws/install/px4_msgs/lib/python3.12/site-packages/px4_msgs/msg/_mavlink_log.py\n'}
[1.911107] (px4_msgs) StdoutLine: {'line': b'-- Up-to-date symlink: /home/carlos/ros2_ws/install/px4_msgs/lib/python3.12/site-packages/px4_msgs/msg/_mavlink_log_s.c\n'}
[1.911187] (px4_msgs) StdoutLine: {'line': b'-- Up-to-date symlink: /home/carlos/ros2_ws/install/px4_msgs/lib/python3.12/site-packages/px4_msgs/msg/_mavlink_tunnel.py\n'}
[1.911269] (px4_msgs) StdoutLine: {'line': b'-- Up-to-date symlink: /home/carlos/ros2_ws/install/px4_msgs/lib/python3.12/site-packages/px4_msgs/msg/_mavlink_tunnel_s.c\n'}
[1.911352] (px4_msgs) StdoutLine: {'line': b'-- Up-to-date symlink: /home/carlos/ros2_ws/install/px4_msgs/lib/python3.12/site-packages/px4_msgs/msg/_message_format_request.py\n'}
[1.911441] (px4_msgs) StdoutLine: {'line': b'-- Up-to-date symlink: /home/carlos/ros2_ws/install/px4_msgs/lib/python3.12/site-packages/px4_msgs/msg/_message_format_request_s.c\n'}
[1.911527] (px4_msgs) StdoutLine: {'line': b'-- Up-to-date symlink: /home/carlos/ros2_ws/install/px4_msgs/lib/python3.12/site-packages/px4_msgs/msg/_message_format_response.py\n'}
[1.911611] (px4_msgs) StdoutLine: {'line': b'-- Up-to-date symlink: /home/carlos/ros2_ws/install/px4_msgs/lib/python3.12/site-packages/px4_msgs/msg/_message_format_response_s.c\n'}
[1.911695] (px4_msgs) StdoutLine: {'line': b'-- Up-to-date symlink: /home/carlos/ros2_ws/install/px4_msgs/lib/python3.12/site-packages/px4_msgs/msg/_mission.py\n'}
[1.911778] (px4_msgs) StdoutLine: {'line': b'-- Up-to-date symlink: /home/carlos/ros2_ws/install/px4_msgs/lib/python3.12/site-packages/px4_msgs/msg/_mission_result.py\n'}
[1.911862] (px4_msgs) StdoutLine: {'line': b'-- Up-to-date symlink: /home/carlos/ros2_ws/install/px4_msgs/lib/python3.12/site-packages/px4_msgs/msg/_mission_result_s.c\n'}
[1.911945] (px4_msgs) StdoutLine: {'line': b'-- Up-to-date symlink: /home/carlos/ros2_ws/install/px4_msgs/lib/python3.12/site-packages/px4_msgs/msg/_mission_s.c\n'}
[1.912027] (px4_msgs) StdoutLine: {'line': b'-- Up-to-date symlink: /home/carlos/ros2_ws/install/px4_msgs/lib/python3.12/site-packages/px4_msgs/msg/_mode_completed.py\n'}
[1.912111] (px4_msgs) StdoutLine: {'line': b'-- Up-to-date symlink: /home/carlos/ros2_ws/install/px4_msgs/lib/python3.12/site-packages/px4_msgs/msg/_mode_completed_s.c\n'}
[1.912194] (px4_msgs) StdoutLine: {'line': b'-- Up-to-date symlink: /home/carlos/ros2_ws/install/px4_msgs/lib/python3.12/site-packages/px4_msgs/msg/_mount_orientation.py\n'}
[1.912276] (px4_msgs) StdoutLine: {'line': b'-- Up-to-date symlink: /home/carlos/ros2_ws/install/px4_msgs/lib/python3.12/site-packages/px4_msgs/msg/_mount_orientation_s.c\n'}
[1.912360] (px4_msgs) StdoutLine: {'line': b'-- Up-to-date symlink: /home/carlos/ros2_ws/install/px4_msgs/lib/python3.12/site-packages/px4_msgs/msg/_navigator_mission_item.py\n'}
[1.912450] (px4_msgs) StdoutLine: {'line': b'-- Up-to-date symlink: /home/carlos/ros2_ws/install/px4_msgs/lib/python3.12/site-packages/px4_msgs/msg/_navigator_mission_item_s.c\n'}
[1.912546] (px4_msgs) StdoutLine: {'line': b'-- Up-to-date symlink: /home/carlos/ros2_ws/install/px4_msgs/lib/python3.12/site-packages/px4_msgs/msg/_navigator_status.py\n'}
[1.912637] (px4_msgs) StdoutLine: {'line': b'-- Up-to-date symlink: /home/carlos/ros2_ws/install/px4_msgs/lib/python3.12/site-packages/px4_msgs/msg/_navigator_status_s.c\n'}
[1.912723] (px4_msgs) StdoutLine: {'line': b'-- Up-to-date symlink: /home/carlos/ros2_ws/install/px4_msgs/lib/python3.12/site-packages/px4_msgs/msg/_neural_control.py\n'}
[1.912807] (px4_msgs) StdoutLine: {'line': b'-- Up-to-date symlink: /home/carlos/ros2_ws/install/px4_msgs/lib/python3.12/site-packages/px4_msgs/msg/_neural_control_s.c\n'}
[1.912889] (px4_msgs) StdoutLine: {'line': b'-- Up-to-date symlink: /home/carlos/ros2_ws/install/px4_msgs/lib/python3.12/site-packages/px4_msgs/msg/_normalized_unsigned_setpoint.py\n'}
[1.912970] (px4_msgs) StdoutLine: {'line': b'-- Up-to-date symlink: /home/carlos/ros2_ws/install/px4_msgs/lib/python3.12/site-packages/px4_msgs/msg/_normalized_unsigned_setpoint_s.c\n'}
[1.913052] (px4_msgs) StdoutLine: {'line': b'-- Up-to-date symlink: /home/carlos/ros2_ws/install/px4_msgs/lib/python3.12/site-packages/px4_msgs/msg/_obstacle_distance.py\n'}
[1.913133] (px4_msgs) StdoutLine: {'line': b'-- Up-to-date symlink: /home/carlos/ros2_ws/install/px4_msgs/lib/python3.12/site-packages/px4_msgs/msg/_obstacle_distance_s.c\n'}
[1.913216] (px4_msgs) StdoutLine: {'line': b'-- Up-to-date symlink: /home/carlos/ros2_ws/install/px4_msgs/lib/python3.12/site-packages/px4_msgs/msg/_offboard_control_mode.py\n'}
[1.913297] (px4_msgs) StdoutLine: {'line': b'-- Up-to-date symlink: /home/carlos/ros2_ws/install/px4_msgs/lib/python3.12/site-packages/px4_msgs/msg/_offboard_control_mode_s.c\n'}
[1.913379] (px4_msgs) StdoutLine: {'line': b'-- Up-to-date symlink: /home/carlos/ros2_ws/install/px4_msgs/lib/python3.12/site-packages/px4_msgs/msg/_onboard_computer_status.py\n'}
[1.913469] (px4_msgs) StdoutLine: {'line': b'-- Up-to-date symlink: /home/carlos/ros2_ws/install/px4_msgs/lib/python3.12/site-packages/px4_msgs/msg/_onboard_computer_status_s.c\n'}
[1.913552] (px4_msgs) StdoutLine: {'line': b'-- Up-to-date symlink: /home/carlos/ros2_ws/install/px4_msgs/lib/python3.12/site-packages/px4_msgs/msg/_open_drone_id_arm_status.py\n'}
[1.913633] (px4_msgs) StdoutLine: {'line': b'-- Up-to-date symlink: /home/carlos/ros2_ws/install/px4_msgs/lib/python3.12/site-packages/px4_msgs/msg/_open_drone_id_arm_status_s.c\n'}
[1.913715] (px4_msgs) StdoutLine: {'line': b'-- Up-to-date symlink: /home/carlos/ros2_ws/install/px4_msgs/lib/python3.12/site-packages/px4_msgs/msg/_open_drone_id_operator_id.py\n'}
[1.913796] (px4_msgs) StdoutLine: {'line': b'-- Up-to-date symlink: /home/carlos/ros2_ws/install/px4_msgs/lib/python3.12/site-packages/px4_msgs/msg/_open_drone_id_operator_id_s.c\n'}
[1.913877] (px4_msgs) StdoutLine: {'line': b'-- Up-to-date symlink: /home/carlos/ros2_ws/install/px4_msgs/lib/python3.12/site-packages/px4_msgs/msg/_open_drone_id_self_id.py\n'}
[1.913959] (px4_msgs) StdoutLine: {'line': b'-- Up-to-date symlink: /home/carlos/ros2_ws/install/px4_msgs/lib/python3.12/site-packages/px4_msgs/msg/_open_drone_id_self_id_s.c\n'}
[1.914040] (px4_msgs) StdoutLine: {'line': b'-- Up-to-date symlink: /home/carlos/ros2_ws/install/px4_msgs/lib/python3.12/site-packages/px4_msgs/msg/_open_drone_id_system.py\n'}
[1.914122] (px4_msgs) StdoutLine: {'line': b'-- Up-to-date symlink: /home/carlos/ros2_ws/install/px4_msgs/lib/python3.12/site-packages/px4_msgs/msg/_open_drone_id_system_s.c\n'}
[1.914204] (px4_msgs) StdoutLine: {'line': b'-- Up-to-date symlink: /home/carlos/ros2_ws/install/px4_msgs/lib/python3.12/site-packages/px4_msgs/msg/_orb_test.py\n'}
[1.914285] (px4_msgs) StdoutLine: {'line': b'-- Up-to-date symlink: /home/carlos/ros2_ws/install/px4_msgs/lib/python3.12/site-packages/px4_msgs/msg/_orb_test_large.py\n'}
[1.914368] (px4_msgs) StdoutLine: {'line': b'-- Up-to-date symlink: /home/carlos/ros2_ws/install/px4_msgs/lib/python3.12/site-packages/px4_msgs/msg/_orb_test_large_s.c\n'}
[1.914455] (px4_msgs) StdoutLine: {'line': b'-- Up-to-date symlink: /home/carlos/ros2_ws/install/px4_msgs/lib/python3.12/site-packages/px4_msgs/msg/_orb_test_medium.py\n'}
[1.914540] (px4_msgs) StdoutLine: {'line': b'-- Up-to-date symlink: /home/carlos/ros2_ws/install/px4_msgs/lib/python3.12/site-packages/px4_msgs/msg/_orb_test_medium_s.c\n'}
[1.914622] (px4_msgs) StdoutLine: {'line': b'-- Up-to-date symlink: /home/carlos/ros2_ws/install/px4_msgs/lib/python3.12/site-packages/px4_msgs/msg/_orb_test_s.c\n'}
[1.914703] (px4_msgs) StdoutLine: {'line': b'-- Up-to-date symlink: /home/carlos/ros2_ws/install/px4_msgs/lib/python3.12/site-packages/px4_msgs/msg/_orbit_status.py\n'}
[1.914785] (px4_msgs) StdoutLine: {'line': b'-- Up-to-date symlink: /home/carlos/ros2_ws/install/px4_msgs/lib/python3.12/site-packages/px4_msgs/msg/_orbit_status_s.c\n'}
[1.914866] (px4_msgs) StdoutLine: {'line': b'-- Up-to-date symlink: /home/carlos/ros2_ws/install/px4_msgs/lib/python3.12/site-packages/px4_msgs/msg/_parameter_reset_request.py\n'}
[1.914949] (px4_msgs) StdoutLine: {'line': b'-- Up-to-date symlink: /home/carlos/ros2_ws/install/px4_msgs/lib/python3.12/site-packages/px4_msgs/msg/_parameter_reset_request_s.c\n'}
[1.915030] (px4_msgs) StdoutLine: {'line': b'-- Up-to-date symlink: /home/carlos/ros2_ws/install/px4_msgs/lib/python3.12/site-packages/px4_msgs/msg/_parameter_set_used_request.py\n'}
[1.915112] (px4_msgs) StdoutLine: {'line': b'-- Up-to-date symlink: /home/carlos/ros2_ws/install/px4_msgs/lib/python3.12/site-packages/px4_msgs/msg/_parameter_set_used_request_s.c\n'}
[1.915199] (px4_msgs) StdoutLine: {'line': b'-- Up-to-date symlink: /home/carlos/ros2_ws/install/px4_msgs/lib/python3.12/site-packages/px4_msgs/msg/_parameter_set_value_request.py\n'}
[1.915282] (px4_msgs) StdoutLine: {'line': b'-- Up-to-date symlink: /home/carlos/ros2_ws/install/px4_msgs/lib/python3.12/site-packages/px4_msgs/msg/_parameter_set_value_request_s.c\n'}
[1.915364] (px4_msgs) StdoutLine: {'line': b'-- Up-to-date symlink: /home/carlos/ros2_ws/install/px4_msgs/lib/python3.12/site-packages/px4_msgs/msg/_parameter_set_value_response.py\n'}
[1.915450] (px4_msgs) StdoutLine: {'line': b'-- Up-to-date symlink: /home/carlos/ros2_ws/install/px4_msgs/lib/python3.12/site-packages/px4_msgs/msg/_parameter_set_value_response_s.c\n'}
[1.915535] (px4_msgs) StdoutLine: {'line': b'-- Up-to-date symlink: /home/carlos/ros2_ws/install/px4_msgs/lib/python3.12/site-packages/px4_msgs/msg/_parameter_update.py\n'}
[1.915617] (px4_msgs) StdoutLine: {'line': b'-- Up-to-date symlink: /home/carlos/ros2_ws/install/px4_msgs/lib/python3.12/site-packages/px4_msgs/msg/_parameter_update_s.c\n'}
[1.915698] (px4_msgs) StdoutLine: {'line': b'-- Up-to-date symlink: /home/carlos/ros2_ws/install/px4_msgs/lib/python3.12/site-packages/px4_msgs/msg/_ping.py\n'}
[1.915780] (px4_msgs) StdoutLine: {'line': b'-- Up-to-date symlink: /home/carlos/ros2_ws/install/px4_msgs/lib/python3.12/site-packages/px4_msgs/msg/_ping_s.c\n'}
[1.915863] (px4_msgs) StdoutLine: {'line': b'-- Up-to-date symlink: /home/carlos/ros2_ws/install/px4_msgs/lib/python3.12/site-packages/px4_msgs/msg/_position_controller_landing_status.py\n'}
[1.915951] (px4_msgs) StdoutLine: {'line': b'-- Up-to-date symlink: /home/carlos/ros2_ws/install/px4_msgs/lib/python3.12/site-packages/px4_msgs/msg/_position_controller_landing_status_s.c\n'}
[1.916034] (px4_msgs) StdoutLine: {'line': b'-- Up-to-date symlink: /home/carlos/ros2_ws/install/px4_msgs/lib/python3.12/site-packages/px4_msgs/msg/_position_controller_status.py\n'}
[1.916125] (px4_msgs) StdoutLine: {'line': b'-- Up-to-date symlink: /home/carlos/ros2_ws/install/px4_msgs/lib/python3.12/site-packages/px4_msgs/msg/_position_controller_status_s.c\n'}
[1.916204] (px4_msgs) StdoutLine: {'line': b'-- Up-to-date symlink: /home/carlos/ros2_ws/install/px4_msgs/lib/python3.12/site-packages/px4_msgs/msg/_position_setpoint.py\n'}
[1.916286] (px4_msgs) StdoutLine: {'line': b'-- Up-to-date symlink: /home/carlos/ros2_ws/install/px4_msgs/lib/python3.12/site-packages/px4_msgs/msg/_position_setpoint_s.c\n'}
[1.916426] (px4_msgs) StdoutLine: {'line': b'-- Up-to-date symlink: /home/carlos/ros2_ws/install/px4_msgs/lib/python3.12/site-packages/px4_msgs/msg/_position_setpoint_triplet.py\n'}
[1.916668] (px4_msgs) StdoutLine: {'line': b'-- Up-to-date symlink: /home/carlos/ros2_ws/install/px4_msgs/lib/python3.12/site-packages/px4_msgs/msg/_position_setpoint_triplet_s.c\n'}
[1.916830] (px4_msgs) StdoutLine: {'line': b'-- Up-to-date symlink: /home/carlos/ros2_ws/install/px4_msgs/lib/python3.12/site-packages/px4_msgs/msg/_power_button_state.py\n'}
[1.916982] (px4_msgs) StdoutLine: {'line': b'-- Up-to-date symlink: /home/carlos/ros2_ws/install/px4_msgs/lib/python3.12/site-packages/px4_msgs/msg/_power_button_state_s.c\n'}
[1.917125] (px4_msgs) StdoutLine: {'line': b'-- Up-to-date symlink: /home/carlos/ros2_ws/install/px4_msgs/lib/python3.12/site-packages/px4_msgs/msg/_power_monitor.py\n'}
[1.917178] (px4_msgs) StdoutLine: {'line': b'-- Up-to-date symlink: /home/carlos/ros2_ws/install/px4_msgs/lib/python3.12/site-packages/px4_msgs/msg/_power_monitor_s.c\n'}
[1.917236] (px4_msgs) StdoutLine: {'line': b'-- Up-to-date symlink: /home/carlos/ros2_ws/install/px4_msgs/lib/python3.12/site-packages/px4_msgs/msg/_pps_capture.py\n'}
[1.917288] (px4_msgs) StdoutLine: {'line': b'-- Up-to-date symlink: /home/carlos/ros2_ws/install/px4_msgs/lib/python3.12/site-packages/px4_msgs/msg/_pps_capture_s.c\n'}
[1.917335] (px4_msgs) StdoutLine: {'line': b'-- Up-to-date symlink: /home/carlos/ros2_ws/install/px4_msgs/lib/python3.12/site-packages/px4_msgs/msg/_pure_pursuit_status.py\n'}
[1.917382] (px4_msgs) StdoutLine: {'line': b'-- Up-to-date symlink: /home/carlos/ros2_ws/install/px4_msgs/lib/python3.12/site-packages/px4_msgs/msg/_pure_pursuit_status_s.c\n'}
[1.917452] (px4_msgs) StdoutLine: {'line': b'-- Up-to-date symlink: /home/carlos/ros2_ws/install/px4_msgs/lib/python3.12/site-packages/px4_msgs/msg/_pwm_input.py\n'}
[1.917511] (px4_msgs) StdoutLine: {'line': b'-- Up-to-date symlink: /home/carlos/ros2_ws/install/px4_msgs/lib/python3.12/site-packages/px4_msgs/msg/_pwm_input_s.c\n'}
[1.917568] (px4_msgs) StdoutLine: {'line': b'-- Up-to-date symlink: /home/carlos/ros2_ws/install/px4_msgs/lib/python3.12/site-packages/px4_msgs/msg/_px4io_status.py\n'}
[1.917617] (px4_msgs) StdoutLine: {'line': b'-- Up-to-date symlink: /home/carlos/ros2_ws/install/px4_msgs/lib/python3.12/site-packages/px4_msgs/msg/_px4io_status_s.c\n'}
[1.917678] (px4_msgs) StdoutLine: {'line': b'-- Up-to-date symlink: /home/carlos/ros2_ws/install/px4_msgs/lib/python3.12/site-packages/px4_msgs/msg/_qshell_req.py\n'}
[1.917731] (px4_msgs) StdoutLine: {'line': b'-- Up-to-date symlink: /home/carlos/ros2_ws/install/px4_msgs/lib/python3.12/site-packages/px4_msgs/msg/_qshell_req_s.c\n'}
[1.917787] (px4_msgs) StdoutLine: {'line': b'-- Up-to-date symlink: /home/carlos/ros2_ws/install/px4_msgs/lib/python3.12/site-packages/px4_msgs/msg/_qshell_retval.py\n'}
[1.917852] (px4_msgs) StdoutLine: {'line': b'-- Up-to-date symlink: /home/carlos/ros2_ws/install/px4_msgs/lib/python3.12/site-packages/px4_msgs/msg/_qshell_retval_s.c\n'}
[1.917918] (px4_msgs) StdoutLine: {'line': b'-- Up-to-date symlink: /home/carlos/ros2_ws/install/px4_msgs/lib/python3.12/site-packages/px4_msgs/msg/_radio_status.py\n'}
[1.917995] (px4_msgs) StdoutLine: {'line': b'-- Up-to-date symlink: /home/carlos/ros2_ws/install/px4_msgs/lib/python3.12/site-packages/px4_msgs/msg/_radio_status_s.c\n'}
[1.918100] (px4_msgs) StdoutLine: {'line': b'-- Up-to-date symlink: /home/carlos/ros2_ws/install/px4_msgs/lib/python3.12/site-packages/px4_msgs/msg/_rate_ctrl_status.py\n'}
[1.918196] (px4_msgs) StdoutLine: {'line': b'-- Up-to-date symlink: /home/carlos/ros2_ws/install/px4_msgs/lib/python3.12/site-packages/px4_msgs/msg/_rate_ctrl_status_s.c\n'}
[1.918276] (px4_msgs) StdoutLine: {'line': b'-- Up-to-date symlink: /home/carlos/ros2_ws/install/px4_msgs/lib/python3.12/site-packages/px4_msgs/msg/_rc_channels.py\n'}
[1.918354] (px4_msgs) StdoutLine: {'line': b'-- Up-to-date symlink: /home/carlos/ros2_ws/install/px4_msgs/lib/python3.12/site-packages/px4_msgs/msg/_rc_channels_s.c\n'}
[1.918423] (px4_msgs) StdoutLine: {'line': b'-- Up-to-date symlink: /home/carlos/ros2_ws/install/px4_msgs/lib/python3.12/site-packages/px4_msgs/msg/_rc_parameter_map.py\n'}
[1.918498] (px4_msgs) StdoutLine: {'line': b'-- Up-to-date symlink: /home/carlos/ros2_ws/install/px4_msgs/lib/python3.12/site-packages/px4_msgs/msg/_rc_parameter_map_s.c\n'}
[1.918581] (px4_msgs) StdoutLine: {'line': b'-- Up-to-date symlink: /home/carlos/ros2_ws/install/px4_msgs/lib/python3.12/site-packages/px4_msgs/msg/_register_ext_component_reply.py\n'}
[1.918664] (px4_msgs) StdoutLine: {'line': b'-- Up-to-date symlink: /home/carlos/ros2_ws/install/px4_msgs/lib/python3.12/site-packages/px4_msgs/msg/_register_ext_component_reply_s.c\n'}
[1.918746] (px4_msgs) StdoutLine: {'line': b'-- Up-to-date symlink: /home/carlos/ros2_ws/install/px4_msgs/lib/python3.12/site-packages/px4_msgs/msg/_register_ext_component_request.py\n'}
[1.918829] (px4_msgs) StdoutLine: {'line': b'-- Up-to-date symlink: /home/carlos/ros2_ws/install/px4_msgs/lib/python3.12/site-packages/px4_msgs/msg/_register_ext_component_request_s.c\n'}
[1.918912] (px4_msgs) StdoutLine: {'line': b'-- Up-to-date symlink: /home/carlos/ros2_ws/install/px4_msgs/lib/python3.12/site-packages/px4_msgs/msg/_rover_attitude_setpoint.py\n'}
[1.918993] (px4_msgs) StdoutLine: {'line': b'-- Up-to-date symlink: /home/carlos/ros2_ws/install/px4_msgs/lib/python3.12/site-packages/px4_msgs/msg/_rover_attitude_setpoint_s.c\n'}
[1.919074] (px4_msgs) StdoutLine: {'line': b'-- Up-to-date symlink: /home/carlos/ros2_ws/install/px4_msgs/lib/python3.12/site-packages/px4_msgs/msg/_rover_attitude_status.py\n'}
[1.919156] (px4_msgs) StdoutLine: {'line': b'-- Up-to-date symlink: /home/carlos/ros2_ws/install/px4_msgs/lib/python3.12/site-packages/px4_msgs/msg/_rover_attitude_status_s.c\n'}
[1.919237] (px4_msgs) StdoutLine: {'line': b'-- Up-to-date symlink: /home/carlos/ros2_ws/install/px4_msgs/lib/python3.12/site-packages/px4_msgs/msg/_rover_position_setpoint.py\n'}
[1.919323] (px4_msgs) StdoutLine: {'line': b'-- Up-to-date symlink: /home/carlos/ros2_ws/install/px4_msgs/lib/python3.12/site-packages/px4_msgs/msg/_rover_position_setpoint_s.c\n'}
[1.919407] (px4_msgs) StdoutLine: {'line': b'-- Up-to-date symlink: /home/carlos/ros2_ws/install/px4_msgs/lib/python3.12/site-packages/px4_msgs/msg/_rover_rate_setpoint.py\n'}
[1.919551] (px4_msgs) StdoutLine: {'line': b'-- Up-to-date symlink: /home/carlos/ros2_ws/install/px4_msgs/lib/python3.12/site-packages/px4_msgs/msg/_rover_rate_setpoint_s.c\n'}
[1.919701] (px4_msgs) StdoutLine: {'line': b'-- Up-to-date symlink: /home/carlos/ros2_ws/install/px4_msgs/lib/python3.12/site-packages/px4_msgs/msg/_rover_rate_status.py\n'}
[1.919838] (px4_msgs) StdoutLine: {'line': b'-- Up-to-date symlink: /home/carlos/ros2_ws/install/px4_msgs/lib/python3.12/site-packages/px4_msgs/msg/_rover_rate_status_s.c\n'}
[1.919965] (px4_msgs) StdoutLine: {'line': b'-- Up-to-date symlink: /home/carlos/ros2_ws/install/px4_msgs/lib/python3.12/site-packages/px4_msgs/msg/_rover_speed_setpoint.py\n'}
[1.920112] (px4_msgs) StdoutLine: {'line': b'-- Up-to-date symlink: /home/carlos/ros2_ws/install/px4_msgs/lib/python3.12/site-packages/px4_msgs/msg/_rover_speed_setpoint_s.c\n'}
[1.920244] (px4_msgs) StdoutLine: {'line': b'-- Up-to-date symlink: /home/carlos/ros2_ws/install/px4_msgs/lib/python3.12/site-packages/px4_msgs/msg/_rover_speed_status.py\n'}
[1.920381] (px4_msgs) StdoutLine: {'line': b'-- Up-to-date symlink: /home/carlos/ros2_ws/install/px4_msgs/lib/python3.12/site-packages/px4_msgs/msg/_rover_speed_status_s.c\n'}
[1.920523] (px4_msgs) StdoutLine: {'line': b'-- Up-to-date symlink: /home/carlos/ros2_ws/install/px4_msgs/lib/python3.12/site-packages/px4_msgs/msg/_rover_steering_setpoint.py\n'}
[1.920648] (px4_msgs) StdoutLine: {'line': b'-- Up-to-date symlink: /home/carlos/ros2_ws/install/px4_msgs/lib/python3.12/site-packages/px4_msgs/msg/_rover_steering_setpoint_s.c\n'}
[1.920764] (px4_msgs) StdoutLine: {'line': b'-- Up-to-date symlink: /home/carlos/ros2_ws/install/px4_msgs/lib/python3.12/site-packages/px4_msgs/msg/_rover_throttle_setpoint.py\n'}
[1.920818] (px4_msgs) StdoutLine: {'line': b'-- Up-to-date symlink: /home/carlos/ros2_ws/install/px4_msgs/lib/python3.12/site-packages/px4_msgs/msg/_rover_throttle_setpoint_s.c\n'}
[1.920869] (px4_msgs) StdoutLine: {'line': b'-- Up-to-date symlink: /home/carlos/ros2_ws/install/px4_msgs/lib/python3.12/site-packages/px4_msgs/msg/_rpm.py\n'}
[1.920920] (px4_msgs) StdoutLine: {'line': b'-- Up-to-date symlink: /home/carlos/ros2_ws/install/px4_msgs/lib/python3.12/site-packages/px4_msgs/msg/_rpm_s.c\n'}
[1.920971] (px4_msgs) StdoutLine: {'line': b'-- Up-to-date symlink: /home/carlos/ros2_ws/install/px4_msgs/lib/python3.12/site-packages/px4_msgs/msg/_rtl_status.py\n'}
[1.921021] (px4_msgs) StdoutLine: {'line': b'-- Up-to-date symlink: /home/carlos/ros2_ws/install/px4_msgs/lib/python3.12/site-packages/px4_msgs/msg/_rtl_status_s.c\n'}
[1.921105] (px4_msgs) StdoutLine: {'line': b'-- Up-to-date symlink: /home/carlos/ros2_ws/install/px4_msgs/lib/python3.12/site-packages/px4_msgs/msg/_rtl_time_estimate.py\n'}
[1.921164] (px4_msgs) StdoutLine: {'line': b'-- Up-to-date symlink: /home/carlos/ros2_ws/install/px4_msgs/lib/python3.12/site-packages/px4_msgs/msg/_rtl_time_estimate_s.c\n'}
[1.921215] (px4_msgs) StdoutLine: {'line': b'-- Up-to-date symlink: /home/carlos/ros2_ws/install/px4_msgs/lib/python3.12/site-packages/px4_msgs/msg/_satellite_info.py\n'}
[1.921268] (px4_msgs) StdoutLine: {'line': b'-- Up-to-date symlink: /home/carlos/ros2_ws/install/px4_msgs/lib/python3.12/site-packages/px4_msgs/msg/_satellite_info_s.c\n'}
[1.921320] (px4_msgs) StdoutLine: {'line': b'-- Up-to-date symlink: /home/carlos/ros2_ws/install/px4_msgs/lib/python3.12/site-packages/px4_msgs/msg/_sensor_accel.py\n'}
[1.921391] (px4_msgs) StdoutLine: {'line': b'-- Up-to-date symlink: /home/carlos/ros2_ws/install/px4_msgs/lib/python3.12/site-packages/px4_msgs/msg/_sensor_accel_fifo.py\n'}
[1.921448] (px4_msgs) StdoutLine: {'line': b'-- Up-to-date symlink: /home/carlos/ros2_ws/install/px4_msgs/lib/python3.12/site-packages/px4_msgs/msg/_sensor_accel_fifo_s.c\n'}
[1.921499] (px4_msgs) StdoutLine: {'line': b'-- Up-to-date symlink: /home/carlos/ros2_ws/install/px4_msgs/lib/python3.12/site-packages/px4_msgs/msg/_sensor_accel_s.c\n'}
[1.921546] (px4_msgs) StdoutLine: {'line': b'-- Up-to-date symlink: /home/carlos/ros2_ws/install/px4_msgs/lib/python3.12/site-packages/px4_msgs/msg/_sensor_airflow.py\n'}
[1.921611] (px4_msgs) StdoutLine: {'line': b'-- Up-to-date symlink: /home/carlos/ros2_ws/install/px4_msgs/lib/python3.12/site-packages/px4_msgs/msg/_sensor_airflow_s.c\n'}
[1.921668] (px4_msgs) StdoutLine: {'line': b'-- Up-to-date symlink: /home/carlos/ros2_ws/install/px4_msgs/lib/python3.12/site-packages/px4_msgs/msg/_sensor_baro.py\n'}
[1.921732] (px4_msgs) StdoutLine: {'line': b'-- Up-to-date symlink: /home/carlos/ros2_ws/install/px4_msgs/lib/python3.12/site-packages/px4_msgs/msg/_sensor_baro_s.c\n'}
[1.921797] (px4_msgs) StdoutLine: {'line': b'-- Up-to-date symlink: /home/carlos/ros2_ws/install/px4_msgs/lib/python3.12/site-packages/px4_msgs/msg/_sensor_combined.py\n'}
[1.921864] (px4_msgs) StdoutLine: {'line': b'-- Up-to-date symlink: /home/carlos/ros2_ws/install/px4_msgs/lib/python3.12/site-packages/px4_msgs/msg/_sensor_combined_s.c\n'}
[1.921934] (px4_msgs) StdoutLine: {'line': b'-- Up-to-date symlink: /home/carlos/ros2_ws/install/px4_msgs/lib/python3.12/site-packages/px4_msgs/msg/_sensor_correction.py\n'}
[1.922000] (px4_msgs) StdoutLine: {'line': b'-- Up-to-date symlink: /home/carlos/ros2_ws/install/px4_msgs/lib/python3.12/site-packages/px4_msgs/msg/_sensor_correction_s.c\n'}
[1.922124] (px4_msgs) StdoutLine: {'line': b'-- Up-to-date symlink: /home/carlos/ros2_ws/install/px4_msgs/lib/python3.12/site-packages/px4_msgs/msg/_sensor_gnss_relative.py\n'}
[1.922207] (px4_msgs) StdoutLine: {'line': b'-- Up-to-date symlink: /home/carlos/ros2_ws/install/px4_msgs/lib/python3.12/site-packages/px4_msgs/msg/_sensor_gnss_relative_s.c\n'}
[1.922293] (px4_msgs) StdoutLine: {'line': b'-- Up-to-date symlink: /home/carlos/ros2_ws/install/px4_msgs/lib/python3.12/site-packages/px4_msgs/msg/_sensor_gnss_status.py\n'}
[1.922393] (px4_msgs) StdoutLine: {'line': b'-- Up-to-date symlink: /home/carlos/ros2_ws/install/px4_msgs/lib/python3.12/site-packages/px4_msgs/msg/_sensor_gnss_status_s.c\n'}
[1.922581] (px4_msgs) StdoutLine: {'line': b'-- Up-to-date symlink: /home/carlos/ros2_ws/install/px4_msgs/lib/python3.12/site-packages/px4_msgs/msg/_sensor_gps.py\n'}
[1.922723] (px4_msgs) StdoutLine: {'line': b'-- Up-to-date symlink: /home/carlos/ros2_ws/install/px4_msgs/lib/python3.12/site-packages/px4_msgs/msg/_sensor_gps_s.c\n'}
[1.922863] (px4_msgs) StdoutLine: {'line': b'-- Up-to-date symlink: /home/carlos/ros2_ws/install/px4_msgs/lib/python3.12/site-packages/px4_msgs/msg/_sensor_gyro.py\n'}
[1.922982] (px4_msgs) StdoutLine: {'line': b'-- Up-to-date symlink: /home/carlos/ros2_ws/install/px4_msgs/lib/python3.12/site-packages/px4_msgs/msg/_sensor_gyro_fft.py\n'}
[1.923107] (px4_msgs) StdoutLine: {'line': b'-- Up-to-date symlink: /home/carlos/ros2_ws/install/px4_msgs/lib/python3.12/site-packages/px4_msgs/msg/_sensor_gyro_fft_s.c\n'}
[1.923220] (px4_msgs) StdoutLine: {'line': b'-- Up-to-date symlink: /home/carlos/ros2_ws/install/px4_msgs/lib/python3.12/site-packages/px4_msgs/msg/_sensor_gyro_fifo.py\n'}
[1.923353] (px4_msgs) StdoutLine: {'line': b'-- Up-to-date symlink: /home/carlos/ros2_ws/install/px4_msgs/lib/python3.12/site-packages/px4_msgs/msg/_sensor_gyro_fifo_s.c\n'}
[1.923486] (px4_msgs) StdoutLine: {'line': b'-- Up-to-date symlink: /home/carlos/ros2_ws/install/px4_msgs/lib/python3.12/site-packages/px4_msgs/msg/_sensor_gyro_s.c\n'}
[1.923579] (px4_msgs) StdoutLine: {'line': b'-- Up-to-date symlink: /home/carlos/ros2_ws/install/px4_msgs/lib/python3.12/site-packages/px4_msgs/msg/_sensor_hygrometer.py\n'}
[1.923707] (px4_msgs) StdoutLine: {'line': b'-- Up-to-date symlink: /home/carlos/ros2_ws/install/px4_msgs/lib/python3.12/site-packages/px4_msgs/msg/_sensor_hygrometer_s.c\n'}
[1.923818] (px4_msgs) StdoutLine: {'line': b'-- Up-to-date symlink: /home/carlos/ros2_ws/install/px4_msgs/lib/python3.12/site-packages/px4_msgs/msg/_sensor_mag.py\n'}
[1.923942] (px4_msgs) StdoutLine: {'line': b'-- Up-to-date symlink: /home/carlos/ros2_ws/install/px4_msgs/lib/python3.12/site-packages/px4_msgs/msg/_sensor_mag_s.c\n'}
[1.924053] (px4_msgs) StdoutLine: {'line': b'-- Up-to-date symlink: /home/carlos/ros2_ws/install/px4_msgs/lib/python3.12/site-packages/px4_msgs/msg/_sensor_optical_flow.py\n'}
[1.924165] (px4_msgs) StdoutLine: {'line': b'-- Up-to-date symlink: /home/carlos/ros2_ws/install/px4_msgs/lib/python3.12/site-packages/px4_msgs/msg/_sensor_optical_flow_s.c\n'}
[1.924261] (px4_msgs) StdoutLine: {'line': b'-- Up-to-date symlink: /home/carlos/ros2_ws/install/px4_msgs/lib/python3.12/site-packages/px4_msgs/msg/_sensor_preflight_mag.py\n'}
[1.924309] (px4_msgs) StdoutLine: {'line': b'-- Up-to-date symlink: /home/carlos/ros2_ws/install/px4_msgs/lib/python3.12/site-packages/px4_msgs/msg/_sensor_preflight_mag_s.c\n'}
[1.924354] (px4_msgs) StdoutLine: {'line': b'-- Up-to-date symlink: /home/carlos/ros2_ws/install/px4_msgs/lib/python3.12/site-packages/px4_msgs/msg/_sensor_selection.py\n'}
[1.924400] (px4_msgs) StdoutLine: {'line': b'-- Up-to-date symlink: /home/carlos/ros2_ws/install/px4_msgs/lib/python3.12/site-packages/px4_msgs/msg/_sensor_selection_s.c\n'}
[1.924471] (px4_msgs) StdoutLine: {'line': b'-- Up-to-date symlink: /home/carlos/ros2_ws/install/px4_msgs/lib/python3.12/site-packages/px4_msgs/msg/_sensor_uwb.py\n'}
[1.924522] (px4_msgs) StdoutLine: {'line': b'-- Up-to-date symlink: /home/carlos/ros2_ws/install/px4_msgs/lib/python3.12/site-packages/px4_msgs/msg/_sensor_uwb_s.c\n'}
[1.924568] (px4_msgs) StdoutLine: {'line': b'-- Up-to-date symlink: /home/carlos/ros2_ws/install/px4_msgs/lib/python3.12/site-packages/px4_msgs/msg/_sensors_status.py\n'}
[1.924611] (px4_msgs) StdoutLine: {'line': b'-- Up-to-date symlink: /home/carlos/ros2_ws/install/px4_msgs/lib/python3.12/site-packages/px4_msgs/msg/_sensors_status_imu.py\n'}
[1.924656] (px4_msgs) StdoutLine: {'line': b'-- Up-to-date symlink: /home/carlos/ros2_ws/install/px4_msgs/lib/python3.12/site-packages/px4_msgs/msg/_sensors_status_imu_s.c\n'}
[1.924700] (px4_msgs) StdoutLine: {'line': b'-- Up-to-date symlink: /home/carlos/ros2_ws/install/px4_msgs/lib/python3.12/site-packages/px4_msgs/msg/_sensors_status_s.c\n'}
[1.924778] (px4_msgs) StdoutLine: {'line': b'-- Up-to-date symlink: /home/carlos/ros2_ws/install/px4_msgs/lib/python3.12/site-packages/px4_msgs/msg/_system_power.py\n'}
[1.924830] (px4_msgs) StdoutLine: {'line': b'-- Up-to-date symlink: /home/carlos/ros2_ws/install/px4_msgs/lib/python3.12/site-packages/px4_msgs/msg/_system_power_s.c\n'}
[1.924906] (px4_msgs) StdoutLine: {'line': b'-- Up-to-date symlink: /home/carlos/ros2_ws/install/px4_msgs/lib/python3.12/site-packages/px4_msgs/msg/_takeoff_status.py\n'}
[1.924953] (px4_msgs) StdoutLine: {'line': b'-- Up-to-date symlink: /home/carlos/ros2_ws/install/px4_msgs/lib/python3.12/site-packages/px4_msgs/msg/_takeoff_status_s.c\n'}
[1.924999] (px4_msgs) StdoutLine: {'line': b'-- Up-to-date symlink: /home/carlos/ros2_ws/install/px4_msgs/lib/python3.12/site-packages/px4_msgs/msg/_task_stack_info.py\n'}
[1.925045] (px4_msgs) StdoutLine: {'line': b'-- Up-to-date symlink: /home/carlos/ros2_ws/install/px4_msgs/lib/python3.12/site-packages/px4_msgs/msg/_task_stack_info_s.c\n'}
[1.925107] (px4_msgs) StdoutLine: {'line': b'-- Up-to-date symlink: /home/carlos/ros2_ws/install/px4_msgs/lib/python3.12/site-packages/px4_msgs/msg/_tecs_status.py\n'}
[1.925158] (px4_msgs) StdoutLine: {'line': b'-- Up-to-date symlink: /home/carlos/ros2_ws/install/px4_msgs/lib/python3.12/site-packages/px4_msgs/msg/_tecs_status_s.c\n'}
[1.925204] (px4_msgs) StdoutLine: {'line': b'-- Up-to-date symlink: /home/carlos/ros2_ws/install/px4_msgs/lib/python3.12/site-packages/px4_msgs/msg/_telemetry_status.py\n'}
[1.925264] (px4_msgs) StdoutLine: {'line': b'-- Up-to-date symlink: /home/carlos/ros2_ws/install/px4_msgs/lib/python3.12/site-packages/px4_msgs/msg/_telemetry_status_s.c\n'}
[1.925312] (px4_msgs) StdoutLine: {'line': b'-- Up-to-date symlink: /home/carlos/ros2_ws/install/px4_msgs/lib/python3.12/site-packages/px4_msgs/msg/_tiltrotor_extra_controls.py\n'}
[1.925371] (px4_msgs) StdoutLine: {'line': b'-- Up-to-date symlink: /home/carlos/ros2_ws/install/px4_msgs/lib/python3.12/site-packages/px4_msgs/msg/_tiltrotor_extra_controls_s.c\n'}
[1.925438] (px4_msgs) StdoutLine: {'line': b'-- Up-to-date symlink: /home/carlos/ros2_ws/install/px4_msgs/lib/python3.12/site-packages/px4_msgs/msg/_timesync_status.py\n'}
[1.925507] (px4_msgs) StdoutLine: {'line': b'-- Up-to-date symlink: /home/carlos/ros2_ws/install/px4_msgs/lib/python3.12/site-packages/px4_msgs/msg/_timesync_status_s.c\n'}
[1.925590] (px4_msgs) StdoutLine: {'line': b'-- Up-to-date symlink: /home/carlos/ros2_ws/install/px4_msgs/lib/python3.12/site-packages/px4_msgs/msg/_trajectory_setpoint.py\n'}
[1.925673] (px4_msgs) StdoutLine: {'line': b'-- Up-to-date symlink: /home/carlos/ros2_ws/install/px4_msgs/lib/python3.12/site-packages/px4_msgs/msg/_trajectory_setpoint6dof.py\n'}
[1.925755] (px4_msgs) StdoutLine: {'line': b'-- Up-to-date symlink: /home/carlos/ros2_ws/install/px4_msgs/lib/python3.12/site-packages/px4_msgs/msg/_trajectory_setpoint6dof_s.c\n'}
[1.925836] (px4_msgs) StdoutLine: {'line': b'-- Up-to-date symlink: /home/carlos/ros2_ws/install/px4_msgs/lib/python3.12/site-packages/px4_msgs/msg/_trajectory_setpoint_s.c\n'}
[1.925918] (px4_msgs) StdoutLine: {'line': b'-- Up-to-date symlink: /home/carlos/ros2_ws/install/px4_msgs/lib/python3.12/site-packages/px4_msgs/msg/_transponder_report.py\n'}
[1.926000] (px4_msgs) StdoutLine: {'line': b'-- Up-to-date symlink: /home/carlos/ros2_ws/install/px4_msgs/lib/python3.12/site-packages/px4_msgs/msg/_transponder_report_s.c\n'}
[1.926087] (px4_msgs) StdoutLine: {'line': b'-- Up-to-date symlink: /home/carlos/ros2_ws/install/px4_msgs/lib/python3.12/site-packages/px4_msgs/msg/_tune_control.py\n'}
[1.926169] (px4_msgs) StdoutLine: {'line': b'-- Up-to-date symlink: /home/carlos/ros2_ws/install/px4_msgs/lib/python3.12/site-packages/px4_msgs/msg/_tune_control_s.c\n'}
[1.926252] (px4_msgs) StdoutLine: {'line': b'-- Up-to-date symlink: /home/carlos/ros2_ws/install/px4_msgs/lib/python3.12/site-packages/px4_msgs/msg/_uavcan_parameter_request.py\n'}
[1.926333] (px4_msgs) StdoutLine: {'line': b'-- Up-to-date symlink: /home/carlos/ros2_ws/install/px4_msgs/lib/python3.12/site-packages/px4_msgs/msg/_uavcan_parameter_request_s.c\n'}
[1.926415] (px4_msgs) StdoutLine: {'line': b'-- Up-to-date symlink: /home/carlos/ros2_ws/install/px4_msgs/lib/python3.12/site-packages/px4_msgs/msg/_uavcan_parameter_value.py\n'}
[1.926503] (px4_msgs) StdoutLine: {'line': b'-- Up-to-date symlink: /home/carlos/ros2_ws/install/px4_msgs/lib/python3.12/site-packages/px4_msgs/msg/_uavcan_parameter_value_s.c\n'}
[1.926585] (px4_msgs) StdoutLine: {'line': b'-- Up-to-date symlink: /home/carlos/ros2_ws/install/px4_msgs/lib/python3.12/site-packages/px4_msgs/msg/_ulog_stream.py\n'}
[1.926668] (px4_msgs) StdoutLine: {'line': b'-- Up-to-date symlink: /home/carlos/ros2_ws/install/px4_msgs/lib/python3.12/site-packages/px4_msgs/msg/_ulog_stream_ack.py\n'}
[1.926761] (px4_msgs) StdoutLine: {'line': b'-- Up-to-date symlink: /home/carlos/ros2_ws/install/px4_msgs/lib/python3.12/site-packages/px4_msgs/msg/_ulog_stream_ack_s.c\n'}
[1.926843] (px4_msgs) StdoutLine: {'line': b'-- Up-to-date symlink: /home/carlos/ros2_ws/install/px4_msgs/lib/python3.12/site-packages/px4_msgs/msg/_ulog_stream_s.c\n'}
[1.926925] (px4_msgs) StdoutLine: {'line': b'-- Up-to-date symlink: /home/carlos/ros2_ws/install/px4_msgs/lib/python3.12/site-packages/px4_msgs/msg/_unregister_ext_component.py\n'}
[1.927007] (px4_msgs) StdoutLine: {'line': b'-- Up-to-date symlink: /home/carlos/ros2_ws/install/px4_msgs/lib/python3.12/site-packages/px4_msgs/msg/_unregister_ext_component_s.c\n'}
[1.927089] (px4_msgs) StdoutLine: {'line': b'-- Up-to-date symlink: /home/carlos/ros2_ws/install/px4_msgs/lib/python3.12/site-packages/px4_msgs/msg/_vehicle_acceleration.py\n'}
[1.927171] (px4_msgs) StdoutLine: {'line': b'-- Up-to-date symlink: /home/carlos/ros2_ws/install/px4_msgs/lib/python3.12/site-packages/px4_msgs/msg/_vehicle_acceleration_s.c\n'}
[1.927253] (px4_msgs) StdoutLine: {'line': b'-- Up-to-date symlink: /home/carlos/ros2_ws/install/px4_msgs/lib/python3.12/site-packages/px4_msgs/msg/_vehicle_air_data.py\n'}
[1.927335] (px4_msgs) StdoutLine: {'line': b'-- Up-to-date symlink: /home/carlos/ros2_ws/install/px4_msgs/lib/python3.12/site-packages/px4_msgs/msg/_vehicle_air_data_s.c\n'}
[1.927419] (px4_msgs) StdoutLine: {'line': b'-- Up-to-date symlink: /home/carlos/ros2_ws/install/px4_msgs/lib/python3.12/site-packages/px4_msgs/msg/_vehicle_angular_acceleration_setpoint.py\n'}
[1.927507] (px4_msgs) StdoutLine: {'line': b'-- Up-to-date symlink: /home/carlos/ros2_ws/install/px4_msgs/lib/python3.12/site-packages/px4_msgs/msg/_vehicle_angular_acceleration_setpoint_s.c\n'}
[1.927621] (px4_msgs) StdoutLine: {'line': b'-- Up-to-date symlink: /home/carlos/ros2_ws/install/px4_msgs/lib/python3.12/site-packages/px4_msgs/msg/_vehicle_angular_velocity.py\n'}
[1.927693] (px4_msgs) StdoutLine: {'line': b'-- Up-to-date symlink: /home/carlos/ros2_ws/install/px4_msgs/lib/python3.12/site-packages/px4_msgs/msg/_vehicle_angular_velocity_s.c\n'}
[1.927771] (px4_msgs) StdoutLine: {'line': b'-- Up-to-date symlink: /home/carlos/ros2_ws/install/px4_msgs/lib/python3.12/site-packages/px4_msgs/msg/_vehicle_attitude.py\n'}
[1.927844] (px4_msgs) StdoutLine: {'line': b'-- Up-to-date symlink: /home/carlos/ros2_ws/install/px4_msgs/lib/python3.12/site-packages/px4_msgs/msg/_vehicle_attitude_s.c\n'}
[1.927932] (px4_msgs) StdoutLine: {'line': b'-- Up-to-date symlink: /home/carlos/ros2_ws/install/px4_msgs/lib/python3.12/site-packages/px4_msgs/msg/_vehicle_attitude_setpoint.py\n'}
[1.928015] (px4_msgs) StdoutLine: {'line': b'-- Up-to-date symlink: /home/carlos/ros2_ws/install/px4_msgs/lib/python3.12/site-packages/px4_msgs/msg/_vehicle_attitude_setpoint_s.c\n'}
[1.928098] (px4_msgs) StdoutLine: {'line': b'-- Up-to-date symlink: /home/carlos/ros2_ws/install/px4_msgs/lib/python3.12/site-packages/px4_msgs/msg/_vehicle_command.py\n'}
[1.928179] (px4_msgs) StdoutLine: {'line': b'-- Up-to-date symlink: /home/carlos/ros2_ws/install/px4_msgs/lib/python3.12/site-packages/px4_msgs/msg/_vehicle_command_ack.py\n'}
[1.928261] (px4_msgs) StdoutLine: {'line': b'-- Up-to-date symlink: /home/carlos/ros2_ws/install/px4_msgs/lib/python3.12/site-packages/px4_msgs/msg/_vehicle_command_ack_s.c\n'}
[1.928344] (px4_msgs) StdoutLine: {'line': b'-- Up-to-date symlink: /home/carlos/ros2_ws/install/px4_msgs/lib/python3.12/site-packages/px4_msgs/msg/_vehicle_command_s.c\n'}
[1.928425] (px4_msgs) StdoutLine: {'line': b'-- Up-to-date symlink: /home/carlos/ros2_ws/install/px4_msgs/lib/python3.12/site-packages/px4_msgs/msg/_vehicle_constraints.py\n'}
[1.928515] (px4_msgs) StdoutLine: {'line': b'-- Up-to-date symlink: /home/carlos/ros2_ws/install/px4_msgs/lib/python3.12/site-packages/px4_msgs/msg/_vehicle_constraints_s.c\n'}
[1.928597] (px4_msgs) StdoutLine: {'line': b'-- Up-to-date symlink: /home/carlos/ros2_ws/install/px4_msgs/lib/python3.12/site-packages/px4_msgs/msg/_vehicle_control_mode.py\n'}
[1.928679] (px4_msgs) StdoutLine: {'line': b'-- Up-to-date symlink: /home/carlos/ros2_ws/install/px4_msgs/lib/python3.12/site-packages/px4_msgs/msg/_vehicle_control_mode_s.c\n'}
[1.928761] (px4_msgs) StdoutLine: {'line': b'-- Up-to-date symlink: /home/carlos/ros2_ws/install/px4_msgs/lib/python3.12/site-packages/px4_msgs/msg/_vehicle_global_position.py\n'}
[1.928843] (px4_msgs) StdoutLine: {'line': b'-- Up-to-date symlink: /home/carlos/ros2_ws/install/px4_msgs/lib/python3.12/site-packages/px4_msgs/msg/_vehicle_global_position_s.c\n'}
[1.928928] (px4_msgs) StdoutLine: {'line': b'-- Up-to-date symlink: /home/carlos/ros2_ws/install/px4_msgs/lib/python3.12/site-packages/px4_msgs/msg/_vehicle_imu.py\n'}
[1.929009] (px4_msgs) StdoutLine: {'line': b'-- Up-to-date symlink: /home/carlos/ros2_ws/install/px4_msgs/lib/python3.12/site-packages/px4_msgs/msg/_vehicle_imu_s.c\n'}
[1.929087] (px4_msgs) StdoutLine: {'line': b'-- Up-to-date symlink: /home/carlos/ros2_ws/install/px4_msgs/lib/python3.12/site-packages/px4_msgs/msg/_vehicle_imu_status.py\n'}
[1.929169] (px4_msgs) StdoutLine: {'line': b'-- Up-to-date symlink: /home/carlos/ros2_ws/install/px4_msgs/lib/python3.12/site-packages/px4_msgs/msg/_vehicle_imu_status_s.c\n'}
[1.929252] (px4_msgs) StdoutLine: {'line': b'-- Up-to-date symlink: /home/carlos/ros2_ws/install/px4_msgs/lib/python3.12/site-packages/px4_msgs/msg/_vehicle_land_detected.py\n'}
[1.929338] (px4_msgs) StdoutLine: {'line': b'-- Up-to-date symlink: /home/carlos/ros2_ws/install/px4_msgs/lib/python3.12/site-packages/px4_msgs/msg/_vehicle_land_detected_s.c\n'}
[1.929426] (px4_msgs) StdoutLine: {'line': b'-- Up-to-date symlink: /home/carlos/ros2_ws/install/px4_msgs/lib/python3.12/site-packages/px4_msgs/msg/_vehicle_local_position.py\n'}
[1.929515] (px4_msgs) StdoutLine: {'line': b'-- Up-to-date symlink: /home/carlos/ros2_ws/install/px4_msgs/lib/python3.12/site-packages/px4_msgs/msg/_vehicle_local_position_s.c\n'}
[1.929597] (px4_msgs) StdoutLine: {'line': b'-- Up-to-date symlink: /home/carlos/ros2_ws/install/px4_msgs/lib/python3.12/site-packages/px4_msgs/msg/_vehicle_local_position_setpoint.py\n'}
[1.929679] (px4_msgs) StdoutLine: {'line': b'-- Up-to-date symlink: /home/carlos/ros2_ws/install/px4_msgs/lib/python3.12/site-packages/px4_msgs/msg/_vehicle_local_position_setpoint_s.c\n'}
[1.929764] (px4_msgs) StdoutLine: {'line': b'-- Up-to-date symlink: /home/carlos/ros2_ws/install/px4_msgs/lib/python3.12/site-packages/px4_msgs/msg/_vehicle_magnetometer.py\n'}
[1.929846] (px4_msgs) StdoutLine: {'line': b'-- Up-to-date symlink: /home/carlos/ros2_ws/install/px4_msgs/lib/python3.12/site-packages/px4_msgs/msg/_vehicle_magnetometer_s.c\n'}
[1.929929] (px4_msgs) StdoutLine: {'line': b'-- Up-to-date symlink: /home/carlos/ros2_ws/install/px4_msgs/lib/python3.12/site-packages/px4_msgs/msg/_vehicle_odometry.py\n'}
[1.930010] (px4_msgs) StdoutLine: {'line': b'-- Up-to-date symlink: /home/carlos/ros2_ws/install/px4_msgs/lib/python3.12/site-packages/px4_msgs/msg/_vehicle_odometry_s.c\n'}
[1.930093] (px4_msgs) StdoutLine: {'line': b'-- Up-to-date symlink: /home/carlos/ros2_ws/install/px4_msgs/lib/python3.12/site-packages/px4_msgs/msg/_vehicle_optical_flow.py\n'}
[1.930184] (px4_msgs) StdoutLine: {'line': b'-- Up-to-date symlink: /home/carlos/ros2_ws/install/px4_msgs/lib/python3.12/site-packages/px4_msgs/msg/_vehicle_optical_flow_s.c\n'}
[1.930262] (px4_msgs) StdoutLine: {'line': b'-- Up-to-date symlink: /home/carlos/ros2_ws/install/px4_msgs/lib/python3.12/site-packages/px4_msgs/msg/_vehicle_optical_flow_vel.py\n'}
[1.930340] (px4_msgs) StdoutLine: {'line': b'-- Up-to-date symlink: /home/carlos/ros2_ws/install/px4_msgs/lib/python3.12/site-packages/px4_msgs/msg/_vehicle_optical_flow_vel_s.c\n'}
[1.930423] (px4_msgs) StdoutLine: {'line': b'-- Up-to-date symlink: /home/carlos/ros2_ws/install/px4_msgs/lib/python3.12/site-packages/px4_msgs/msg/_vehicle_rates_setpoint.py\n'}
[1.930512] (px4_msgs) StdoutLine: {'line': b'-- Up-to-date symlink: /home/carlos/ros2_ws/install/px4_msgs/lib/python3.12/site-packages/px4_msgs/msg/_vehicle_rates_setpoint_s.c\n'}
[1.930595] (px4_msgs) StdoutLine: {'line': b'-- Up-to-date symlink: /home/carlos/ros2_ws/install/px4_msgs/lib/python3.12/site-packages/px4_msgs/msg/_vehicle_roi.py\n'}
[1.930678] (px4_msgs) StdoutLine: {'line': b'-- Up-to-date symlink: /home/carlos/ros2_ws/install/px4_msgs/lib/python3.12/site-packages/px4_msgs/msg/_vehicle_roi_s.c\n'}
[1.930761] (px4_msgs) StdoutLine: {'line': b'-- Up-to-date symlink: /home/carlos/ros2_ws/install/px4_msgs/lib/python3.12/site-packages/px4_msgs/msg/_vehicle_status.py\n'}
[1.930844] (px4_msgs) StdoutLine: {'line': b'-- Up-to-date symlink: /home/carlos/ros2_ws/install/px4_msgs/lib/python3.12/site-packages/px4_msgs/msg/_vehicle_status_s.c\n'}
[1.930928] (px4_msgs) StdoutLine: {'line': b'-- Up-to-date symlink: /home/carlos/ros2_ws/install/px4_msgs/lib/python3.12/site-packages/px4_msgs/msg/_vehicle_thrust_setpoint.py\n'}
[1.931012] (px4_msgs) StdoutLine: {'line': b'-- Up-to-date symlink: /home/carlos/ros2_ws/install/px4_msgs/lib/python3.12/site-packages/px4_msgs/msg/_vehicle_thrust_setpoint_s.c\n'}
[1.931095] (px4_msgs) StdoutLine: {'line': b'-- Up-to-date symlink: /home/carlos/ros2_ws/install/px4_msgs/lib/python3.12/site-packages/px4_msgs/msg/_vehicle_torque_setpoint.py\n'}
[1.931177] (px4_msgs) StdoutLine: {'line': b'-- Up-to-date symlink: /home/carlos/ros2_ws/install/px4_msgs/lib/python3.12/site-packages/px4_msgs/msg/_vehicle_torque_setpoint_s.c\n'}
[1.931261] (px4_msgs) StdoutLine: {'line': b'-- Up-to-date symlink: /home/carlos/ros2_ws/install/px4_msgs/lib/python3.12/site-packages/px4_msgs/msg/_velocity_limits.py\n'}
[1.931344] (px4_msgs) StdoutLine: {'line': b'-- Up-to-date symlink: /home/carlos/ros2_ws/install/px4_msgs/lib/python3.12/site-packages/px4_msgs/msg/_velocity_limits_s.c\n'}
[1.931426] (px4_msgs) StdoutLine: {'line': b'-- Up-to-date symlink: /home/carlos/ros2_ws/install/px4_msgs/lib/python3.12/site-packages/px4_msgs/msg/_vtol_vehicle_status.py\n'}
[1.931517] (px4_msgs) StdoutLine: {'line': b'-- Up-to-date symlink: /home/carlos/ros2_ws/install/px4_msgs/lib/python3.12/site-packages/px4_msgs/msg/_vtol_vehicle_status_s.c\n'}
[1.931600] (px4_msgs) StdoutLine: {'line': b'-- Up-to-date symlink: /home/carlos/ros2_ws/install/px4_msgs/lib/python3.12/site-packages/px4_msgs/msg/_wheel_encoders.py\n'}
[1.931683] (px4_msgs) StdoutLine: {'line': b'-- Up-to-date symlink: /home/carlos/ros2_ws/install/px4_msgs/lib/python3.12/site-packages/px4_msgs/msg/_wheel_encoders_s.c\n'}
[1.931766] (px4_msgs) StdoutLine: {'line': b'-- Up-to-date symlink: /home/carlos/ros2_ws/install/px4_msgs/lib/python3.12/site-packages/px4_msgs/msg/_wind.py\n'}
[1.931849] (px4_msgs) StdoutLine: {'line': b'-- Up-to-date symlink: /home/carlos/ros2_ws/install/px4_msgs/lib/python3.12/site-packages/px4_msgs/msg/_wind_s.c\n'}
[1.931932] (px4_msgs) StdoutLine: {'line': b'-- Up-to-date symlink: /home/carlos/ros2_ws/install/px4_msgs/lib/python3.12/site-packages/px4_msgs/msg/_yaw_estimator_status.py\n'}
[1.932015] (px4_msgs) StdoutLine: {'line': b'-- Up-to-date symlink: /home/carlos/ros2_ws/install/px4_msgs/lib/python3.12/site-packages/px4_msgs/msg/_yaw_estimator_status_s.c\n'}
[1.932096] (px4_msgs) StdoutLine: {'line': b'-- Up-to-date symlink: /home/carlos/ros2_ws/install/px4_msgs/lib/python3.12/site-packages/px4_msgs/px4_msgs_s__rosidl_typesupport_c.so\n'}
[1.932175] (px4_msgs) StdoutLine: {'line': b'-- Up-to-date symlink: /home/carlos/ros2_ws/install/px4_msgs/lib/python3.12/site-packages/px4_msgs/px4_msgs_s__rosidl_typesupport_fastrtps_c.so\n'}
[1.932256] (px4_msgs) StdoutLine: {'line': b'-- Up-to-date symlink: /home/carlos/ros2_ws/install/px4_msgs/lib/python3.12/site-packages/px4_msgs/px4_msgs_s__rosidl_typesupport_introspection_c.so\n'}
[1.932340] (px4_msgs) StdoutLine: {'line': b'-- Up-to-date symlink: /home/carlos/ros2_ws/install/px4_msgs/lib/python3.12/site-packages/px4_msgs/srv/__init__.py\n'}
[1.932424] (px4_msgs) StdoutLine: {'line': b'-- Up-to-date symlink: /home/carlos/ros2_ws/install/px4_msgs/lib/python3.12/site-packages/px4_msgs/srv/_vehicle_command.py\n'}
[1.932514] (px4_msgs) StdoutLine: {'line': b'-- Up-to-date symlink: /home/carlos/ros2_ws/install/px4_msgs/lib/python3.12/site-packages/px4_msgs/srv/_vehicle_command_s.c\n'}
[1.932756] (px4_msgs) StdoutLine: {'line': b'-- Up-to-date symlink: /home/carlos/ros2_ws/install/px4_msgs/lib/python3.12/site-packages/px4_msgs/px4_msgs_s__rosidl_typesupport_fastrtps_c.so\n'}
[1.932929] (px4_msgs) StdoutLine: {'line': b'-- Up-to-date symlink: /home/carlos/ros2_ws/install/px4_msgs/lib/python3.12/site-packages/px4_msgs/px4_msgs_s__rosidl_typesupport_introspection_c.so\n'}
[1.933097] (px4_msgs) StdoutLine: {'line': b'-- Up-to-date symlink: /home/carlos/ros2_ws/install/px4_msgs/lib/python3.12/site-packages/px4_msgs/px4_msgs_s__rosidl_typesupport_c.so\n'}
[1.933230] (px4_msgs) StdoutLine: {'line': b'-- Up-to-date symlink: /home/carlos/ros2_ws/install/px4_msgs/share/px4_msgs/msg/ActionRequest.idl\n'}
[1.933343] (px4_msgs) StdoutLine: {'line': b'-- Up-to-date symlink: /home/carlos/ros2_ws/install/px4_msgs/share/px4_msgs/msg/ActuatorArmed.idl\n'}
[1.933460] (px4_msgs) StdoutLine: {'line': b'-- Up-to-date symlink: /home/carlos/ros2_ws/install/px4_msgs/share/px4_msgs/msg/ActuatorControlsStatus.idl\n'}
[1.933576] (px4_msgs) StdoutLine: {'line': b'-- Up-to-date symlink: /home/carlos/ros2_ws/install/px4_msgs/share/px4_msgs/msg/ActuatorMotors.idl\n'}
[1.933686] (px4_msgs) StdoutLine: {'line': b'-- Up-to-date symlink: /home/carlos/ros2_ws/install/px4_msgs/share/px4_msgs/msg/ActuatorOutputs.idl\n'}
[1.933795] (px4_msgs) StdoutLine: {'line': b'-- Up-to-date symlink: /home/carlos/ros2_ws/install/px4_msgs/share/px4_msgs/msg/ActuatorServos.idl\n'}
[1.933903] (px4_msgs) StdoutLine: {'line': b'-- Up-to-date symlink: /home/carlos/ros2_ws/install/px4_msgs/share/px4_msgs/msg/ActuatorServosTrim.idl\n'}
[1.934014] (px4_msgs) StdoutLine: {'line': b'-- Up-to-date symlink: /home/carlos/ros2_ws/install/px4_msgs/share/px4_msgs/msg/ActuatorTest.idl\n'}
[1.934125] (px4_msgs) StdoutLine: {'line': b'-- Up-to-date symlink: /home/carlos/ros2_ws/install/px4_msgs/share/px4_msgs/msg/AdcReport.idl\n'}
[1.934235] (px4_msgs) StdoutLine: {'line': b'-- Up-to-date symlink: /home/carlos/ros2_ws/install/px4_msgs/share/px4_msgs/msg/Airspeed.idl\n'}
[1.934342] (px4_msgs) StdoutLine: {'line': b'-- Up-to-date symlink: /home/carlos/ros2_ws/install/px4_msgs/share/px4_msgs/msg/AirspeedValidated.idl\n'}
[1.934458] (px4_msgs) StdoutLine: {'line': b'-- Up-to-date symlink: /home/carlos/ros2_ws/install/px4_msgs/share/px4_msgs/msg/AirspeedWind.idl\n'}
[1.934568] (px4_msgs) StdoutLine: {'line': b'-- Up-to-date symlink: /home/carlos/ros2_ws/install/px4_msgs/share/px4_msgs/msg/ArmingCheckReply.idl\n'}
[1.934675] (px4_msgs) StdoutLine: {'line': b'-- Up-to-date symlink: /home/carlos/ros2_ws/install/px4_msgs/share/px4_msgs/msg/ArmingCheckRequest.idl\n'}
[1.934783] (px4_msgs) StdoutLine: {'line': b'-- Up-to-date symlink: /home/carlos/ros2_ws/install/px4_msgs/share/px4_msgs/msg/AutotuneAttitudeControlStatus.idl\n'}
[1.934890] (px4_msgs) StdoutLine: {'line': b'-- Up-to-date symlink: /home/carlos/ros2_ws/install/px4_msgs/share/px4_msgs/msg/BatteryInfo.idl\n'}
[1.934997] (px4_msgs) StdoutLine: {'line': b'-- Up-to-date symlink: /home/carlos/ros2_ws/install/px4_msgs/share/px4_msgs/msg/BatteryStatus.idl\n'}
[1.935099] (px4_msgs) StdoutLine: {'line': b'-- Up-to-date symlink: /home/carlos/ros2_ws/install/px4_msgs/share/px4_msgs/msg/ButtonEvent.idl\n'}
[1.935205] (px4_msgs) StdoutLine: {'line': b'-- Up-to-date symlink: /home/carlos/ros2_ws/install/px4_msgs/share/px4_msgs/msg/CameraCapture.idl\n'}
[1.935312] (px4_msgs) StdoutLine: {'line': b'-- Up-to-date symlink: /home/carlos/ros2_ws/install/px4_msgs/share/px4_msgs/msg/CameraStatus.idl\n'}
[1.935421] (px4_msgs) StdoutLine: {'line': b'-- Up-to-date symlink: /home/carlos/ros2_ws/install/px4_msgs/share/px4_msgs/msg/CameraTrigger.idl\n'}
[1.935535] (px4_msgs) StdoutLine: {'line': b'-- Up-to-date symlink: /home/carlos/ros2_ws/install/px4_msgs/share/px4_msgs/msg/CanInterfaceStatus.idl\n'}
[1.935641] (px4_msgs) StdoutLine: {'line': b'-- Up-to-date symlink: /home/carlos/ros2_ws/install/px4_msgs/share/px4_msgs/msg/CellularStatus.idl\n'}
[1.935763] (px4_msgs) StdoutLine: {'line': b'-- Up-to-date symlink: /home/carlos/ros2_ws/install/px4_msgs/share/px4_msgs/msg/CollisionConstraints.idl\n'}
[1.935870] (px4_msgs) StdoutLine: {'line': b'-- Up-to-date symlink: /home/carlos/ros2_ws/install/px4_msgs/share/px4_msgs/msg/ConfigOverrides.idl\n'}
[1.935978] (px4_msgs) StdoutLine: {'line': b'-- Up-to-date symlink: /home/carlos/ros2_ws/install/px4_msgs/share/px4_msgs/msg/ControlAllocatorStatus.idl\n'}
[1.936088] (px4_msgs) StdoutLine: {'line': b'-- Up-to-date symlink: /home/carlos/ros2_ws/install/px4_msgs/share/px4_msgs/msg/Cpuload.idl\n'}
[1.936195] (px4_msgs) StdoutLine: {'line': b'-- Up-to-date symlink: /home/carlos/ros2_ws/install/px4_msgs/share/px4_msgs/msg/DatamanRequest.idl\n'}
[1.936309] (px4_msgs) StdoutLine: {'line': b'-- Up-to-date symlink: /home/carlos/ros2_ws/install/px4_msgs/share/px4_msgs/msg/DatamanResponse.idl\n'}
[1.936421] (px4_msgs) StdoutLine: {'line': b'-- Up-to-date symlink: /home/carlos/ros2_ws/install/px4_msgs/share/px4_msgs/msg/DebugArray.idl\n'}
[1.936539] (px4_msgs) StdoutLine: {'line': b'-- Up-to-date symlink: /home/carlos/ros2_ws/install/px4_msgs/share/px4_msgs/msg/DebugKeyValue.idl\n'}
[1.936643] (px4_msgs) StdoutLine: {'line': b'-- Up-to-date symlink: /home/carlos/ros2_ws/install/px4_msgs/share/px4_msgs/msg/DebugValue.idl\n'}
[1.936749] (px4_msgs) StdoutLine: {'line': b'-- Up-to-date symlink: /home/carlos/ros2_ws/install/px4_msgs/share/px4_msgs/msg/DebugVect.idl\n'}
[1.936856] (px4_msgs) StdoutLine: {'line': b'-- Up-to-date symlink: /home/carlos/ros2_ws/install/px4_msgs/share/px4_msgs/msg/DifferentialPressure.idl\n'}
[1.936963] (px4_msgs) StdoutLine: {'line': b'-- Up-to-date symlink: /home/carlos/ros2_ws/install/px4_msgs/share/px4_msgs/msg/DistanceSensor.idl\n'}
[1.937077] (px4_msgs) StdoutLine: {'line': b'-- Up-to-date symlink: /home/carlos/ros2_ws/install/px4_msgs/share/px4_msgs/msg/DistanceSensorModeChangeRequest.idl\n'}
[1.937189] (px4_msgs) StdoutLine: {'line': b'-- Up-to-date symlink: /home/carlos/ros2_ws/install/px4_msgs/share/px4_msgs/msg/DronecanNodeStatus.idl\n'}
[1.937304] (px4_msgs) StdoutLine: {'line': b'-- Up-to-date symlink: /home/carlos/ros2_ws/install/px4_msgs/share/px4_msgs/msg/Ekf2Timestamps.idl\n'}
[1.937399] (px4_msgs) StdoutLine: {'line': b'-- Up-to-date symlink: /home/carlos/ros2_ws/install/px4_msgs/share/px4_msgs/msg/EscReport.idl\n'}
[1.937504] (px4_msgs) StdoutLine: {'line': b'-- Up-to-date symlink: /home/carlos/ros2_ws/install/px4_msgs/share/px4_msgs/msg/EscStatus.idl\n'}
[1.937613] (px4_msgs) StdoutLine: {'line': b'-- Up-to-date symlink: /home/carlos/ros2_ws/install/px4_msgs/share/px4_msgs/msg/EstimatorAidSource1d.idl\n'}
[1.937720] (px4_msgs) StdoutLine: {'line': b'-- Up-to-date symlink: /home/carlos/ros2_ws/install/px4_msgs/share/px4_msgs/msg/EstimatorAidSource2d.idl\n'}
[1.937826] (px4_msgs) StdoutLine: {'line': b'-- Up-to-date symlink: /home/carlos/ros2_ws/install/px4_msgs/share/px4_msgs/msg/EstimatorAidSource3d.idl\n'}
[1.937933] (px4_msgs) StdoutLine: {'line': b'-- Up-to-date symlink: /home/carlos/ros2_ws/install/px4_msgs/share/px4_msgs/msg/EstimatorBias.idl\n'}
[1.938040] (px4_msgs) StdoutLine: {'line': b'-- Up-to-date symlink: /home/carlos/ros2_ws/install/px4_msgs/share/px4_msgs/msg/EstimatorBias3d.idl\n'}
[1.938145] (px4_msgs) StdoutLine: {'line': b'-- Up-to-date symlink: /home/carlos/ros2_ws/install/px4_msgs/share/px4_msgs/msg/EstimatorEventFlags.idl\n'}
[1.938252] (px4_msgs) StdoutLine: {'line': b'-- Up-to-date symlink: /home/carlos/ros2_ws/install/px4_msgs/share/px4_msgs/msg/EstimatorGpsStatus.idl\n'}
[1.938361] (px4_msgs) StdoutLine: {'line': b'-- Up-to-date symlink: /home/carlos/ros2_ws/install/px4_msgs/share/px4_msgs/msg/EstimatorInnovations.idl\n'}
[1.938482] (px4_msgs) StdoutLine: {'line': b'-- Up-to-date symlink: /home/carlos/ros2_ws/install/px4_msgs/share/px4_msgs/msg/EstimatorSelectorStatus.idl\n'}
[1.938590] (px4_msgs) StdoutLine: {'line': b'-- Up-to-date symlink: /home/carlos/ros2_ws/install/px4_msgs/share/px4_msgs/msg/EstimatorSensorBias.idl\n'}
[1.938697] (px4_msgs) StdoutLine: {'line': b'-- Up-to-date symlink: /home/carlos/ros2_ws/install/px4_msgs/share/px4_msgs/msg/EstimatorStates.idl\n'}
[1.938803] (px4_msgs) StdoutLine: {'line': b'-- Up-to-date symlink: /home/carlos/ros2_ws/install/px4_msgs/share/px4_msgs/msg/EstimatorStatus.idl\n'}
[1.938910] (px4_msgs) StdoutLine: {'line': b'-- Up-to-date symlink: /home/carlos/ros2_ws/install/px4_msgs/share/px4_msgs/msg/EstimatorStatusFlags.idl\n'}
[1.939016] (px4_msgs) StdoutLine: {'line': b'-- Up-to-date symlink: /home/carlos/ros2_ws/install/px4_msgs/share/px4_msgs/msg/Event.idl\n'}
[1.939123] (px4_msgs) StdoutLine: {'line': b'-- Up-to-date symlink: /home/carlos/ros2_ws/install/px4_msgs/share/px4_msgs/msg/FailsafeFlags.idl\n'}
[1.939230] (px4_msgs) StdoutLine: {'line': b'-- Up-to-date symlink: /home/carlos/ros2_ws/install/px4_msgs/share/px4_msgs/msg/FailureDetectorStatus.idl\n'}
[1.939337] (px4_msgs) StdoutLine: {'line': b'-- Up-to-date symlink: /home/carlos/ros2_ws/install/px4_msgs/share/px4_msgs/msg/FigureEightStatus.idl\n'}
[1.939450] (px4_msgs) StdoutLine: {'line': b'-- Up-to-date symlink: /home/carlos/ros2_ws/install/px4_msgs/share/px4_msgs/msg/FixedWingLateralGuidanceStatus.idl\n'}
[1.939559] (px4_msgs) StdoutLine: {'line': b'-- Up-to-date symlink: /home/carlos/ros2_ws/install/px4_msgs/share/px4_msgs/msg/FixedWingLateralSetpoint.idl\n'}
[1.939666] (px4_msgs) StdoutLine: {'line': b'-- Up-to-date symlink: /home/carlos/ros2_ws/install/px4_msgs/share/px4_msgs/msg/FixedWingLateralStatus.idl\n'}
[1.939772] (px4_msgs) StdoutLine: {'line': b'-- Up-to-date symlink: /home/carlos/ros2_ws/install/px4_msgs/share/px4_msgs/msg/FixedWingLongitudinalSetpoint.idl\n'}
[1.939885] (px4_msgs) StdoutLine: {'line': b'-- Up-to-date symlink: /home/carlos/ros2_ws/install/px4_msgs/share/px4_msgs/msg/FixedWingRunwayControl.idl\n'}
[1.939994] (px4_msgs) StdoutLine: {'line': b'-- Up-to-date symlink: /home/carlos/ros2_ws/install/px4_msgs/share/px4_msgs/msg/FlightPhaseEstimation.idl\n'}
[1.940100] (px4_msgs) StdoutLine: {'line': b'-- Up-to-date symlink: /home/carlos/ros2_ws/install/px4_msgs/share/px4_msgs/msg/FollowTarget.idl\n'}
[1.940208] (px4_msgs) StdoutLine: {'line': b'-- Up-to-date symlink: /home/carlos/ros2_ws/install/px4_msgs/share/px4_msgs/msg/FollowTargetEstimator.idl\n'}
[1.940313] (px4_msgs) StdoutLine: {'line': b'-- Up-to-date symlink: /home/carlos/ros2_ws/install/px4_msgs/share/px4_msgs/msg/FollowTargetStatus.idl\n'}
[1.940421] (px4_msgs) StdoutLine: {'line': b'-- Up-to-date symlink: /home/carlos/ros2_ws/install/px4_msgs/share/px4_msgs/msg/FuelTankStatus.idl\n'}
[1.940535] (px4_msgs) StdoutLine: {'line': b'-- Up-to-date symlink: /home/carlos/ros2_ws/install/px4_msgs/share/px4_msgs/msg/GeneratorStatus.idl\n'}
[1.940640] (px4_msgs) StdoutLine: {'line': b'-- Up-to-date symlink: /home/carlos/ros2_ws/install/px4_msgs/share/px4_msgs/msg/GeofenceResult.idl\n'}
[1.940745] (px4_msgs) StdoutLine: {'line': b'-- Up-to-date symlink: /home/carlos/ros2_ws/install/px4_msgs/share/px4_msgs/msg/GeofenceStatus.idl\n'}
[1.940851] (px4_msgs) StdoutLine: {'line': b'-- Up-to-date symlink: /home/carlos/ros2_ws/install/px4_msgs/share/px4_msgs/msg/GimbalControls.idl\n'}
[1.940961] (px4_msgs) StdoutLine: {'line': b'-- Up-to-date symlink: /home/carlos/ros2_ws/install/px4_msgs/share/px4_msgs/msg/GimbalDeviceAttitudeStatus.idl\n'}
[1.941067] (px4_msgs) StdoutLine: {'line': b'-- Up-to-date symlink: /home/carlos/ros2_ws/install/px4_msgs/share/px4_msgs/msg/GimbalDeviceInformation.idl\n'}
[1.941176] (px4_msgs) StdoutLine: {'line': b'-- Up-to-date symlink: /home/carlos/ros2_ws/install/px4_msgs/share/px4_msgs/msg/GimbalDeviceSetAttitude.idl\n'}
[1.941283] (px4_msgs) StdoutLine: {'line': b'-- Up-to-date symlink: /home/carlos/ros2_ws/install/px4_msgs/share/px4_msgs/msg/GimbalManagerInformation.idl\n'}
[1.941390] (px4_msgs) StdoutLine: {'line': b'-- Up-to-date symlink: /home/carlos/ros2_ws/install/px4_msgs/share/px4_msgs/msg/GimbalManagerSetAttitude.idl\n'}
[1.941504] (px4_msgs) StdoutLine: {'line': b'-- Up-to-date symlink: /home/carlos/ros2_ws/install/px4_msgs/share/px4_msgs/msg/GimbalManagerSetManualControl.idl\n'}
[1.941614] (px4_msgs) StdoutLine: {'line': b'-- Up-to-date symlink: /home/carlos/ros2_ws/install/px4_msgs/share/px4_msgs/msg/GimbalManagerStatus.idl\n'}
[1.941731] (px4_msgs) StdoutLine: {'line': b'-- Up-to-date symlink: /home/carlos/ros2_ws/install/px4_msgs/share/px4_msgs/msg/GotoSetpoint.idl\n'}
[1.941842] (px4_msgs) StdoutLine: {'line': b'-- Up-to-date symlink: /home/carlos/ros2_ws/install/px4_msgs/share/px4_msgs/msg/GpioConfig.idl\n'}
[1.941951] (px4_msgs) StdoutLine: {'line': b'-- Up-to-date symlink: /home/carlos/ros2_ws/install/px4_msgs/share/px4_msgs/msg/GpioIn.idl\n'}
[1.942058] (px4_msgs) StdoutLine: {'line': b'-- Up-to-date symlink: /home/carlos/ros2_ws/install/px4_msgs/share/px4_msgs/msg/GpioOut.idl\n'}
[1.942164] (px4_msgs) StdoutLine: {'line': b'-- Up-to-date symlink: /home/carlos/ros2_ws/install/px4_msgs/share/px4_msgs/msg/GpioRequest.idl\n'}
[1.942272] (px4_msgs) StdoutLine: {'line': b'-- Up-to-date symlink: /home/carlos/ros2_ws/install/px4_msgs/share/px4_msgs/msg/GpsDump.idl\n'}
[1.942373] (px4_msgs) StdoutLine: {'line': b'-- Up-to-date symlink: /home/carlos/ros2_ws/install/px4_msgs/share/px4_msgs/msg/GpsInjectData.idl\n'}
[1.942488] (px4_msgs) StdoutLine: {'line': b'-- Up-to-date symlink: /home/carlos/ros2_ws/install/px4_msgs/share/px4_msgs/msg/Gripper.idl\n'}
[1.942596] (px4_msgs) StdoutLine: {'line': b'-- Up-to-date symlink: /home/carlos/ros2_ws/install/px4_msgs/share/px4_msgs/msg/HealthReport.idl\n'}
[1.942702] (px4_msgs) StdoutLine: {'line': b'-- Up-to-date symlink: /home/carlos/ros2_ws/install/px4_msgs/share/px4_msgs/msg/HeaterStatus.idl\n'}
[1.942810] (px4_msgs) StdoutLine: {'line': b'-- Up-to-date symlink: /home/carlos/ros2_ws/install/px4_msgs/share/px4_msgs/msg/HomePosition.idl\n'}
[1.942916] (px4_msgs) StdoutLine: {'line': b'-- Up-to-date symlink: /home/carlos/ros2_ws/install/px4_msgs/share/px4_msgs/msg/HoverThrustEstimate.idl\n'}
[1.943023] (px4_msgs) StdoutLine: {'line': b'-- Up-to-date symlink: /home/carlos/ros2_ws/install/px4_msgs/share/px4_msgs/msg/InputRc.idl\n'}
[1.943131] (px4_msgs) StdoutLine: {'line': b'-- Up-to-date symlink: /home/carlos/ros2_ws/install/px4_msgs/share/px4_msgs/msg/InternalCombustionEngineControl.idl\n'}
[1.943244] (px4_msgs) StdoutLine: {'line': b'-- Up-to-date symlink: /home/carlos/ros2_ws/install/px4_msgs/share/px4_msgs/msg/InternalCombustionEngineStatus.idl\n'}
[1.943351] (px4_msgs) StdoutLine: {'line': b'-- Up-to-date symlink: /home/carlos/ros2_ws/install/px4_msgs/share/px4_msgs/msg/IridiumsbdStatus.idl\n'}
[1.943466] (px4_msgs) StdoutLine: {'line': b'-- Up-to-date symlink: /home/carlos/ros2_ws/install/px4_msgs/share/px4_msgs/msg/IrlockReport.idl\n'}
[1.943577] (px4_msgs) StdoutLine: {'line': b'-- Up-to-date symlink: /home/carlos/ros2_ws/install/px4_msgs/share/px4_msgs/msg/LandingGear.idl\n'}
[1.943683] (px4_msgs) StdoutLine: {'line': b'-- Up-to-date symlink: /home/carlos/ros2_ws/install/px4_msgs/share/px4_msgs/msg/LandingGearWheel.idl\n'}
[1.943790] (px4_msgs) StdoutLine: {'line': b'-- Up-to-date symlink: /home/carlos/ros2_ws/install/px4_msgs/share/px4_msgs/msg/LandingTargetInnovations.idl\n'}
[1.943896] (px4_msgs) StdoutLine: {'line': b'-- Up-to-date symlink: /home/carlos/ros2_ws/install/px4_msgs/share/px4_msgs/msg/LandingTargetPose.idl\n'}
[1.944015] (px4_msgs) StdoutLine: {'line': b'-- Up-to-date symlink: /home/carlos/ros2_ws/install/px4_msgs/share/px4_msgs/msg/LateralControlConfiguration.idl\n'}
[1.944131] (px4_msgs) StdoutLine: {'line': b'-- Up-to-date symlink: /home/carlos/ros2_ws/install/px4_msgs/share/px4_msgs/msg/LaunchDetectionStatus.idl\n'}
[1.944237] (px4_msgs) StdoutLine: {'line': b'-- Up-to-date symlink: /home/carlos/ros2_ws/install/px4_msgs/share/px4_msgs/msg/LedControl.idl\n'}
[1.944345] (px4_msgs) StdoutLine: {'line': b'-- Up-to-date symlink: /home/carlos/ros2_ws/install/px4_msgs/share/px4_msgs/msg/LogMessage.idl\n'}
[1.944463] (px4_msgs) StdoutLine: {'line': b'-- Up-to-date symlink: /home/carlos/ros2_ws/install/px4_msgs/share/px4_msgs/msg/LoggerStatus.idl\n'}
[1.944568] (px4_msgs) StdoutLine: {'line': b'-- Up-to-date symlink: /home/carlos/ros2_ws/install/px4_msgs/share/px4_msgs/msg/LongitudinalControlConfiguration.idl\n'}
[1.944684] (px4_msgs) StdoutLine: {'line': b'-- Up-to-date symlink: /home/carlos/ros2_ws/install/px4_msgs/share/px4_msgs/msg/MagWorkerData.idl\n'}
[1.944770] (px4_msgs) StdoutLine: {'line': b'-- Up-to-date symlink: /home/carlos/ros2_ws/install/px4_msgs/share/px4_msgs/msg/MagnetometerBiasEstimate.idl\n'}
[1.944878] (px4_msgs) StdoutLine: {'line': b'-- Up-to-date symlink: /home/carlos/ros2_ws/install/px4_msgs/share/px4_msgs/msg/ManualControlSetpoint.idl\n'}
[1.944983] (px4_msgs) StdoutLine: {'line': b'-- Up-to-date symlink: /home/carlos/ros2_ws/install/px4_msgs/share/px4_msgs/msg/ManualControlSwitches.idl\n'}
[1.945091] (px4_msgs) StdoutLine: {'line': b'-- Up-to-date symlink: /home/carlos/ros2_ws/install/px4_msgs/share/px4_msgs/msg/MavlinkLog.idl\n'}
[1.945193] (px4_msgs) StdoutLine: {'line': b'-- Up-to-date symlink: /home/carlos/ros2_ws/install/px4_msgs/share/px4_msgs/msg/MavlinkTunnel.idl\n'}
[1.945305] (px4_msgs) StdoutLine: {'line': b'-- Up-to-date symlink: /home/carlos/ros2_ws/install/px4_msgs/share/px4_msgs/msg/MessageFormatRequest.idl\n'}
[1.945412] (px4_msgs) StdoutLine: {'line': b'-- Up-to-date symlink: /home/carlos/ros2_ws/install/px4_msgs/share/px4_msgs/msg/MessageFormatResponse.idl\n'}
[1.945533] (px4_msgs) StdoutLine: {'line': b'-- Up-to-date symlink: /home/carlos/ros2_ws/install/px4_msgs/share/px4_msgs/msg/Mission.idl\n'}
[1.945646] (px4_msgs) StdoutLine: {'line': b'-- Up-to-date symlink: /home/carlos/ros2_ws/install/px4_msgs/share/px4_msgs/msg/MissionResult.idl\n'}
[1.945752] (px4_msgs) StdoutLine: {'line': b'-- Up-to-date symlink: /home/carlos/ros2_ws/install/px4_msgs/share/px4_msgs/msg/ModeCompleted.idl\n'}
[1.945852] (px4_msgs) StdoutLine: {'line': b'-- Up-to-date symlink: /home/carlos/ros2_ws/install/px4_msgs/share/px4_msgs/msg/MountOrientation.idl\n'}
[1.945963] (px4_msgs) StdoutLine: {'line': b'-- Up-to-date symlink: /home/carlos/ros2_ws/install/px4_msgs/share/px4_msgs/msg/NavigatorMissionItem.idl\n'}
[1.946067] (px4_msgs) StdoutLine: {'line': b'-- Up-to-date symlink: /home/carlos/ros2_ws/install/px4_msgs/share/px4_msgs/msg/NavigatorStatus.idl\n'}
[1.946178] (px4_msgs) StdoutLine: {'line': b'-- Up-to-date symlink: /home/carlos/ros2_ws/install/px4_msgs/share/px4_msgs/msg/NeuralControl.idl\n'}
[1.946288] (px4_msgs) StdoutLine: {'line': b'-- Up-to-date symlink: /home/carlos/ros2_ws/install/px4_msgs/share/px4_msgs/msg/NormalizedUnsignedSetpoint.idl\n'}
[1.946401] (px4_msgs) StdoutLine: {'line': b'-- Up-to-date symlink: /home/carlos/ros2_ws/install/px4_msgs/share/px4_msgs/msg/ObstacleDistance.idl\n'}
[1.946524] (px4_msgs) StdoutLine: {'line': b'-- Up-to-date symlink: /home/carlos/ros2_ws/install/px4_msgs/share/px4_msgs/msg/OffboardControlMode.idl\n'}
[1.946635] (px4_msgs) StdoutLine: {'line': b'-- Up-to-date symlink: /home/carlos/ros2_ws/install/px4_msgs/share/px4_msgs/msg/OnboardComputerStatus.idl\n'}
[1.946743] (px4_msgs) StdoutLine: {'line': b'-- Up-to-date symlink: /home/carlos/ros2_ws/install/px4_msgs/share/px4_msgs/msg/OpenDroneIdArmStatus.idl\n'}
[1.946849] (px4_msgs) StdoutLine: {'line': b'-- Up-to-date symlink: /home/carlos/ros2_ws/install/px4_msgs/share/px4_msgs/msg/OpenDroneIdOperatorId.idl\n'}
[1.946957] (px4_msgs) StdoutLine: {'line': b'-- Up-to-date symlink: /home/carlos/ros2_ws/install/px4_msgs/share/px4_msgs/msg/OpenDroneIdSelfId.idl\n'}
[1.947063] (px4_msgs) StdoutLine: {'line': b'-- Up-to-date symlink: /home/carlos/ros2_ws/install/px4_msgs/share/px4_msgs/msg/OpenDroneIdSystem.idl\n'}
[1.947171] (px4_msgs) StdoutLine: {'line': b'-- Up-to-date symlink: /home/carlos/ros2_ws/install/px4_msgs/share/px4_msgs/msg/OrbTest.idl\n'}
[1.947278] (px4_msgs) StdoutLine: {'line': b'-- Up-to-date symlink: /home/carlos/ros2_ws/install/px4_msgs/share/px4_msgs/msg/OrbTestLarge.idl\n'}
[1.947385] (px4_msgs) StdoutLine: {'line': b'-- Up-to-date symlink: /home/carlos/ros2_ws/install/px4_msgs/share/px4_msgs/msg/OrbTestMedium.idl\n'}
[1.947498] (px4_msgs) StdoutLine: {'line': b'-- Up-to-date symlink: /home/carlos/ros2_ws/install/px4_msgs/share/px4_msgs/msg/OrbitStatus.idl\n'}
[1.947608] (px4_msgs) StdoutLine: {'line': b'-- Up-to-date symlink: /home/carlos/ros2_ws/install/px4_msgs/share/px4_msgs/msg/ParameterResetRequest.idl\n'}
[1.947714] (px4_msgs) StdoutLine: {'line': b'-- Up-to-date symlink: /home/carlos/ros2_ws/install/px4_msgs/share/px4_msgs/msg/ParameterSetUsedRequest.idl\n'}
[1.947821] (px4_msgs) StdoutLine: {'line': b'-- Up-to-date symlink: /home/carlos/ros2_ws/install/px4_msgs/share/px4_msgs/msg/ParameterSetValueRequest.idl\n'}
[1.947928] (px4_msgs) StdoutLine: {'line': b'-- Up-to-date symlink: /home/carlos/ros2_ws/install/px4_msgs/share/px4_msgs/msg/ParameterSetValueResponse.idl\n'}
[1.948035] (px4_msgs) StdoutLine: {'line': b'-- Up-to-date symlink: /home/carlos/ros2_ws/install/px4_msgs/share/px4_msgs/msg/ParameterUpdate.idl\n'}
[1.948143] (px4_msgs) StdoutLine: {'line': b'-- Up-to-date symlink: /home/carlos/ros2_ws/install/px4_msgs/share/px4_msgs/msg/Ping.idl\n'}
[1.948252] (px4_msgs) StdoutLine: {'line': b'-- Up-to-date symlink: /home/carlos/ros2_ws/install/px4_msgs/share/px4_msgs/msg/PositionControllerLandingStatus.idl\n'}
[1.948359] (px4_msgs) StdoutLine: {'line': b'-- Up-to-date symlink: /home/carlos/ros2_ws/install/px4_msgs/share/px4_msgs/msg/PositionControllerStatus.idl\n'}
[1.948475] (px4_msgs) StdoutLine: {'line': b'-- Up-to-date symlink: /home/carlos/ros2_ws/install/px4_msgs/share/px4_msgs/msg/PositionSetpoint.idl\n'}
[1.948582] (px4_msgs) StdoutLine: {'line': b'-- Up-to-date symlink: /home/carlos/ros2_ws/install/px4_msgs/share/px4_msgs/msg/PositionSetpointTriplet.idl\n'}
[1.948688] (px4_msgs) StdoutLine: {'line': b'-- Up-to-date symlink: /home/carlos/ros2_ws/install/px4_msgs/share/px4_msgs/msg/PowerButtonState.idl\n'}
[1.948794] (px4_msgs) StdoutLine: {'line': b'-- Up-to-date symlink: /home/carlos/ros2_ws/install/px4_msgs/share/px4_msgs/msg/PowerMonitor.idl\n'}
[1.948910] (px4_msgs) StdoutLine: {'line': b'-- Up-to-date symlink: /home/carlos/ros2_ws/install/px4_msgs/share/px4_msgs/msg/PpsCapture.idl\n'}
[1.949021] (px4_msgs) StdoutLine: {'line': b'-- Up-to-date symlink: /home/carlos/ros2_ws/install/px4_msgs/share/px4_msgs/msg/PurePursuitStatus.idl\n'}
[1.949127] (px4_msgs) StdoutLine: {'line': b'-- Up-to-date symlink: /home/carlos/ros2_ws/install/px4_msgs/share/px4_msgs/msg/PwmInput.idl\n'}
[1.949233] (px4_msgs) StdoutLine: {'line': b'-- Up-to-date symlink: /home/carlos/ros2_ws/install/px4_msgs/share/px4_msgs/msg/Px4ioStatus.idl\n'}
[1.949340] (px4_msgs) StdoutLine: {'line': b'-- Up-to-date symlink: /home/carlos/ros2_ws/install/px4_msgs/share/px4_msgs/msg/QshellReq.idl\n'}
[1.949454] (px4_msgs) StdoutLine: {'line': b'-- Up-to-date symlink: /home/carlos/ros2_ws/install/px4_msgs/share/px4_msgs/msg/QshellRetval.idl\n'}
[1.949573] (px4_msgs) StdoutLine: {'line': b'-- Up-to-date symlink: /home/carlos/ros2_ws/install/px4_msgs/share/px4_msgs/msg/RadioStatus.idl\n'}
[1.949701] (px4_msgs) StdoutLine: {'line': b'-- Up-to-date symlink: /home/carlos/ros2_ws/install/px4_msgs/share/px4_msgs/msg/RateCtrlStatus.idl\n'}
[1.949798] (px4_msgs) StdoutLine: {'line': b'-- Up-to-date symlink: /home/carlos/ros2_ws/install/px4_msgs/share/px4_msgs/msg/RcChannels.idl\n'}
[1.949903] (px4_msgs) StdoutLine: {'line': b'-- Up-to-date symlink: /home/carlos/ros2_ws/install/px4_msgs/share/px4_msgs/msg/RcParameterMap.idl\n'}
[1.950013] (px4_msgs) StdoutLine: {'line': b'-- Up-to-date symlink: /home/carlos/ros2_ws/install/px4_msgs/share/px4_msgs/msg/RegisterExtComponentReply.idl\n'}
[1.950116] (px4_msgs) StdoutLine: {'line': b'-- Up-to-date symlink: /home/carlos/ros2_ws/install/px4_msgs/share/px4_msgs/msg/RegisterExtComponentRequest.idl\n'}
[1.950223] (px4_msgs) StdoutLine: {'line': b'-- Up-to-date symlink: /home/carlos/ros2_ws/install/px4_msgs/share/px4_msgs/msg/RoverAttitudeSetpoint.idl\n'}
[1.950331] (px4_msgs) StdoutLine: {'line': b'-- Up-to-date symlink: /home/carlos/ros2_ws/install/px4_msgs/share/px4_msgs/msg/RoverAttitudeStatus.idl\n'}
[1.950443] (px4_msgs) StdoutLine: {'line': b'-- Up-to-date symlink: /home/carlos/ros2_ws/install/px4_msgs/share/px4_msgs/msg/RoverPositionSetpoint.idl\n'}
[1.950553] (px4_msgs) StdoutLine: {'line': b'-- Up-to-date symlink: /home/carlos/ros2_ws/install/px4_msgs/share/px4_msgs/msg/RoverRateSetpoint.idl\n'}
[1.950657] (px4_msgs) StdoutLine: {'line': b'-- Up-to-date symlink: /home/carlos/ros2_ws/install/px4_msgs/share/px4_msgs/msg/RoverRateStatus.idl\n'}
[1.950763] (px4_msgs) StdoutLine: {'line': b'-- Up-to-date symlink: /home/carlos/ros2_ws/install/px4_msgs/share/px4_msgs/msg/RoverSpeedSetpoint.idl\n'}
[1.950868] (px4_msgs) StdoutLine: {'line': b'-- Up-to-date symlink: /home/carlos/ros2_ws/install/px4_msgs/share/px4_msgs/msg/RoverSpeedStatus.idl\n'}
[1.950976] (px4_msgs) StdoutLine: {'line': b'-- Up-to-date symlink: /home/carlos/ros2_ws/install/px4_msgs/share/px4_msgs/msg/RoverSteeringSetpoint.idl\n'}
[1.951080] (px4_msgs) StdoutLine: {'line': b'-- Up-to-date symlink: /home/carlos/ros2_ws/install/px4_msgs/share/px4_msgs/msg/RoverThrottleSetpoint.idl\n'}
[1.951187] (px4_msgs) StdoutLine: {'line': b'-- Up-to-date symlink: /home/carlos/ros2_ws/install/px4_msgs/share/px4_msgs/msg/Rpm.idl\n'}
[1.951293] (px4_msgs) StdoutLine: {'line': b'-- Up-to-date symlink: /home/carlos/ros2_ws/install/px4_msgs/share/px4_msgs/msg/RtlStatus.idl\n'}
[1.951400] (px4_msgs) StdoutLine: {'line': b'-- Up-to-date symlink: /home/carlos/ros2_ws/install/px4_msgs/share/px4_msgs/msg/RtlTimeEstimate.idl\n'}
[1.951514] (px4_msgs) StdoutLine: {'line': b'-- Up-to-date symlink: /home/carlos/ros2_ws/install/px4_msgs/share/px4_msgs/msg/SatelliteInfo.idl\n'}
[1.951620] (px4_msgs) StdoutLine: {'line': b'-- Up-to-date symlink: /home/carlos/ros2_ws/install/px4_msgs/share/px4_msgs/msg/SensorAccel.idl\n'}
[1.951725] (px4_msgs) StdoutLine: {'line': b'-- Up-to-date symlink: /home/carlos/ros2_ws/install/px4_msgs/share/px4_msgs/msg/SensorAccelFifo.idl\n'}
[1.951831] (px4_msgs) StdoutLine: {'line': b'-- Up-to-date symlink: /home/carlos/ros2_ws/install/px4_msgs/share/px4_msgs/msg/SensorAirflow.idl\n'}
[1.951939] (px4_msgs) StdoutLine: {'line': b'-- Up-to-date symlink: /home/carlos/ros2_ws/install/px4_msgs/share/px4_msgs/msg/SensorBaro.idl\n'}
[1.952047] (px4_msgs) StdoutLine: {'line': b'-- Up-to-date symlink: /home/carlos/ros2_ws/install/px4_msgs/share/px4_msgs/msg/SensorCombined.idl\n'}
[1.952151] (px4_msgs) StdoutLine: {'line': b'-- Up-to-date symlink: /home/carlos/ros2_ws/install/px4_msgs/share/px4_msgs/msg/SensorCorrection.idl\n'}
[1.952256] (px4_msgs) StdoutLine: {'line': b'-- Up-to-date symlink: /home/carlos/ros2_ws/install/px4_msgs/share/px4_msgs/msg/SensorGnssRelative.idl\n'}
[1.952364] (px4_msgs) StdoutLine: {'line': b'-- Up-to-date symlink: /home/carlos/ros2_ws/install/px4_msgs/share/px4_msgs/msg/SensorGnssStatus.idl\n'}
[1.952477] (px4_msgs) StdoutLine: {'line': b'-- Up-to-date symlink: /home/carlos/ros2_ws/install/px4_msgs/share/px4_msgs/msg/SensorGps.idl\n'}
[1.952587] (px4_msgs) StdoutLine: {'line': b'-- Up-to-date symlink: /home/carlos/ros2_ws/install/px4_msgs/share/px4_msgs/msg/SensorGyro.idl\n'}
[1.952694] (px4_msgs) StdoutLine: {'line': b'-- Up-to-date symlink: /home/carlos/ros2_ws/install/px4_msgs/share/px4_msgs/msg/SensorGyroFft.idl\n'}
[1.952796] (px4_msgs) StdoutLine: {'line': b'-- Up-to-date symlink: /home/carlos/ros2_ws/install/px4_msgs/share/px4_msgs/msg/SensorGyroFifo.idl\n'}
[1.952905] (px4_msgs) StdoutLine: {'line': b'-- Up-to-date symlink: /home/carlos/ros2_ws/install/px4_msgs/share/px4_msgs/msg/SensorHygrometer.idl\n'}
[1.953013] (px4_msgs) StdoutLine: {'line': b'-- Up-to-date symlink: /home/carlos/ros2_ws/install/px4_msgs/share/px4_msgs/msg/SensorMag.idl\n'}
[1.953122] (px4_msgs) StdoutLine: {'line': b'-- Up-to-date symlink: /home/carlos/ros2_ws/install/px4_msgs/share/px4_msgs/msg/SensorOpticalFlow.idl\n'}
[1.953236] (px4_msgs) StdoutLine: {'line': b'-- Up-to-date symlink: /home/carlos/ros2_ws/install/px4_msgs/share/px4_msgs/msg/SensorPreflightMag.idl\n'}
[1.953343] (px4_msgs) StdoutLine: {'line': b'-- Up-to-date symlink: /home/carlos/ros2_ws/install/px4_msgs/share/px4_msgs/msg/SensorSelection.idl\n'}
[1.953477] (px4_msgs) StdoutLine: {'line': b'-- Up-to-date symlink: /home/carlos/ros2_ws/install/px4_msgs/share/px4_msgs/msg/SensorUwb.idl\n'}
[1.953612] (px4_msgs) StdoutLine: {'line': b'-- Up-to-date symlink: /home/carlos/ros2_ws/install/px4_msgs/share/px4_msgs/msg/SensorsStatus.idl\n'}
[1.953722] (px4_msgs) StdoutLine: {'line': b'-- Up-to-date symlink: /home/carlos/ros2_ws/install/px4_msgs/share/px4_msgs/msg/SensorsStatusImu.idl\n'}
[1.953834] (px4_msgs) StdoutLine: {'line': b'-- Up-to-date symlink: /home/carlos/ros2_ws/install/px4_msgs/share/px4_msgs/msg/SystemPower.idl\n'}
[1.953949] (px4_msgs) StdoutLine: {'line': b'-- Up-to-date symlink: /home/carlos/ros2_ws/install/px4_msgs/share/px4_msgs/msg/TakeoffStatus.idl\n'}
[1.954060] (px4_msgs) StdoutLine: {'line': b'-- Up-to-date symlink: /home/carlos/ros2_ws/install/px4_msgs/share/px4_msgs/msg/TaskStackInfo.idl\n'}
[1.954165] (px4_msgs) StdoutLine: {'line': b'-- Up-to-date symlink: /home/carlos/ros2_ws/install/px4_msgs/share/px4_msgs/msg/TecsStatus.idl\n'}
[1.954273] (px4_msgs) StdoutLine: {'line': b'-- Up-to-date symlink: /home/carlos/ros2_ws/install/px4_msgs/share/px4_msgs/msg/TelemetryStatus.idl\n'}
[1.954381] (px4_msgs) StdoutLine: {'line': b'-- Up-to-date symlink: /home/carlos/ros2_ws/install/px4_msgs/share/px4_msgs/msg/TiltrotorExtraControls.idl\n'}
[1.954498] (px4_msgs) StdoutLine: {'line': b'-- Up-to-date symlink: /home/carlos/ros2_ws/install/px4_msgs/share/px4_msgs/msg/TimesyncStatus.idl\n'}
[1.954605] (px4_msgs) StdoutLine: {'line': b'-- Up-to-date symlink: /home/carlos/ros2_ws/install/px4_msgs/share/px4_msgs/msg/TrajectorySetpoint.idl\n'}
[1.954713] (px4_msgs) StdoutLine: {'line': b'-- Up-to-date symlink: /home/carlos/ros2_ws/install/px4_msgs/share/px4_msgs/msg/TrajectorySetpoint6dof.idl\n'}
[1.954821] (px4_msgs) StdoutLine: {'line': b'-- Up-to-date symlink: /home/carlos/ros2_ws/install/px4_msgs/share/px4_msgs/msg/TransponderReport.idl\n'}
[1.954928] (px4_msgs) StdoutLine: {'line': b'-- Up-to-date symlink: /home/carlos/ros2_ws/install/px4_msgs/share/px4_msgs/msg/TuneControl.idl\n'}
[1.955035] (px4_msgs) StdoutLine: {'line': b'-- Up-to-date symlink: /home/carlos/ros2_ws/install/px4_msgs/share/px4_msgs/msg/UavcanParameterRequest.idl\n'}
[1.955141] (px4_msgs) StdoutLine: {'line': b'-- Up-to-date symlink: /home/carlos/ros2_ws/install/px4_msgs/share/px4_msgs/msg/UavcanParameterValue.idl\n'}
[1.955247] (px4_msgs) StdoutLine: {'line': b'-- Up-to-date symlink: /home/carlos/ros2_ws/install/px4_msgs/share/px4_msgs/msg/UlogStream.idl\n'}
[1.955353] (px4_msgs) StdoutLine: {'line': b'-- Up-to-date symlink: /home/carlos/ros2_ws/install/px4_msgs/share/px4_msgs/msg/UlogStreamAck.idl\n'}
[1.955465] (px4_msgs) StdoutLine: {'line': b'-- Up-to-date symlink: /home/carlos/ros2_ws/install/px4_msgs/share/px4_msgs/msg/UnregisterExtComponent.idl\n'}
[1.955579] (px4_msgs) StdoutLine: {'line': b'-- Up-to-date symlink: /home/carlos/ros2_ws/install/px4_msgs/share/px4_msgs/msg/VehicleAcceleration.idl\n'}
[1.955686] (px4_msgs) StdoutLine: {'line': b'-- Up-to-date symlink: /home/carlos/ros2_ws/install/px4_msgs/share/px4_msgs/msg/VehicleAirData.idl\n'}
[1.955796] (px4_msgs) StdoutLine: {'line': b'-- Up-to-date symlink: /home/carlos/ros2_ws/install/px4_msgs/share/px4_msgs/msg/VehicleAngularAccelerationSetpoint.idl\n'}
[1.955912] (px4_msgs) StdoutLine: {'line': b'-- Up-to-date symlink: /home/carlos/ros2_ws/install/px4_msgs/share/px4_msgs/msg/VehicleAngularVelocity.idl\n'}
[1.956020] (px4_msgs) StdoutLine: {'line': b'-- Up-to-date symlink: /home/carlos/ros2_ws/install/px4_msgs/share/px4_msgs/msg/VehicleAttitude.idl\n'}
[1.956130] (px4_msgs) StdoutLine: {'line': b'-- Up-to-date symlink: /home/carlos/ros2_ws/install/px4_msgs/share/px4_msgs/msg/VehicleAttitudeSetpoint.idl\n'}
[1.956240] (px4_msgs) StdoutLine: {'line': b'-- Up-to-date symlink: /home/carlos/ros2_ws/install/px4_msgs/share/px4_msgs/msg/VehicleCommand.idl\n'}
[1.956345] (px4_msgs) StdoutLine: {'line': b'-- Up-to-date symlink: /home/carlos/ros2_ws/install/px4_msgs/share/px4_msgs/msg/VehicleCommandAck.idl\n'}
[1.956458] (px4_msgs) StdoutLine: {'line': b'-- Up-to-date symlink: /home/carlos/ros2_ws/install/px4_msgs/share/px4_msgs/msg/VehicleConstraints.idl\n'}
[1.956568] (px4_msgs) StdoutLine: {'line': b'-- Up-to-date symlink: /home/carlos/ros2_ws/install/px4_msgs/share/px4_msgs/msg/VehicleControlMode.idl\n'}
[1.956694] (px4_msgs) StdoutLine: {'line': b'-- Up-to-date symlink: /home/carlos/ros2_ws/install/px4_msgs/share/px4_msgs/msg/VehicleGlobalPosition.idl\n'}
[1.956785] (px4_msgs) StdoutLine: {'line': b'-- Up-to-date symlink: /home/carlos/ros2_ws/install/px4_msgs/share/px4_msgs/msg/VehicleImu.idl\n'}
[1.956898] (px4_msgs) StdoutLine: {'line': b'-- Up-to-date symlink: /home/carlos/ros2_ws/install/px4_msgs/share/px4_msgs/msg/VehicleImuStatus.idl\n'}
[1.956995] (px4_msgs) StdoutLine: {'line': b'-- Up-to-date symlink: /home/carlos/ros2_ws/install/px4_msgs/share/px4_msgs/msg/VehicleLandDetected.idl\n'}
[1.957102] (px4_msgs) StdoutLine: {'line': b'-- Up-to-date symlink: /home/carlos/ros2_ws/install/px4_msgs/share/px4_msgs/msg/VehicleLocalPosition.idl\n'}
[1.957212] (px4_msgs) StdoutLine: {'line': b'-- Up-to-date symlink: /home/carlos/ros2_ws/install/px4_msgs/share/px4_msgs/msg/VehicleLocalPositionSetpoint.idl\n'}
[1.957326] (px4_msgs) StdoutLine: {'line': b'-- Up-to-date symlink: /home/carlos/ros2_ws/install/px4_msgs/share/px4_msgs/msg/VehicleMagnetometer.idl\n'}
[1.957441] (px4_msgs) StdoutLine: {'line': b'-- Up-to-date symlink: /home/carlos/ros2_ws/install/px4_msgs/share/px4_msgs/msg/VehicleOdometry.idl\n'}
[1.957553] (px4_msgs) StdoutLine: {'line': b'-- Up-to-date symlink: /home/carlos/ros2_ws/install/px4_msgs/share/px4_msgs/msg/VehicleOpticalFlow.idl\n'}
[1.957655] (px4_msgs) StdoutLine: {'line': b'-- Up-to-date symlink: /home/carlos/ros2_ws/install/px4_msgs/share/px4_msgs/msg/VehicleOpticalFlowVel.idl\n'}
[1.957763] (px4_msgs) StdoutLine: {'line': b'-- Up-to-date symlink: /home/carlos/ros2_ws/install/px4_msgs/share/px4_msgs/msg/VehicleRatesSetpoint.idl\n'}
[1.957869] (px4_msgs) StdoutLine: {'line': b'-- Up-to-date symlink: /home/carlos/ros2_ws/install/px4_msgs/share/px4_msgs/msg/VehicleRoi.idl\n'}
[1.957974] (px4_msgs) StdoutLine: {'line': b'-- Up-to-date symlink: /home/carlos/ros2_ws/install/px4_msgs/share/px4_msgs/msg/VehicleStatus.idl\n'}
[1.958081] (px4_msgs) StdoutLine: {'line': b'-- Up-to-date symlink: /home/carlos/ros2_ws/install/px4_msgs/share/px4_msgs/msg/VehicleThrustSetpoint.idl\n'}
[1.958188] (px4_msgs) StdoutLine: {'line': b'-- Up-to-date symlink: /home/carlos/ros2_ws/install/px4_msgs/share/px4_msgs/msg/VehicleTorqueSetpoint.idl\n'}
[1.958295] (px4_msgs) StdoutLine: {'line': b'-- Up-to-date symlink: /home/carlos/ros2_ws/install/px4_msgs/share/px4_msgs/msg/VelocityLimits.idl\n'}
[1.958403] (px4_msgs) StdoutLine: {'line': b'-- Up-to-date symlink: /home/carlos/ros2_ws/install/px4_msgs/share/px4_msgs/msg/VtolVehicleStatus.idl\n'}
[1.958515] (px4_msgs) StdoutLine: {'line': b'-- Up-to-date symlink: /home/carlos/ros2_ws/install/px4_msgs/share/px4_msgs/msg/WheelEncoders.idl\n'}
[1.958623] (px4_msgs) StdoutLine: {'line': b'-- Up-to-date symlink: /home/carlos/ros2_ws/install/px4_msgs/share/px4_msgs/msg/Wind.idl\n'}
[1.958731] (px4_msgs) StdoutLine: {'line': b'-- Up-to-date symlink: /home/carlos/ros2_ws/install/px4_msgs/share/px4_msgs/msg/YawEstimatorStatus.idl\n'}
[1.958838] (px4_msgs) StdoutLine: {'line': b'-- Up-to-date symlink: /home/carlos/ros2_ws/install/px4_msgs/share/px4_msgs/srv/VehicleCommand.idl\n'}
[1.958943] (px4_msgs) StdoutLine: {'line': b'-- Up-to-date symlink: /home/carlos/ros2_ws/install/px4_msgs/share/px4_msgs/msg/ActionRequest.msg\n'}
[1.959045] (px4_msgs) StdoutLine: {'line': b'-- Up-to-date symlink: /home/carlos/ros2_ws/install/px4_msgs/share/px4_msgs/msg/ActuatorArmed.msg\n'}
[1.959151] (px4_msgs) StdoutLine: {'line': b'-- Up-to-date symlink: /home/carlos/ros2_ws/install/px4_msgs/share/px4_msgs/msg/ActuatorControlsStatus.msg\n'}
[1.959253] (px4_msgs) StdoutLine: {'line': b'-- Up-to-date symlink: /home/carlos/ros2_ws/install/px4_msgs/share/px4_msgs/msg/ActuatorMotors.msg\n'}
[1.959354] (px4_msgs) StdoutLine: {'line': b'-- Up-to-date symlink: /home/carlos/ros2_ws/install/px4_msgs/share/px4_msgs/msg/ActuatorOutputs.msg\n'}
[1.959462] (px4_msgs) StdoutLine: {'line': b'-- Up-to-date symlink: /home/carlos/ros2_ws/install/px4_msgs/share/px4_msgs/msg/ActuatorServos.msg\n'}
[1.959565] (px4_msgs) StdoutLine: {'line': b'-- Up-to-date symlink: /home/carlos/ros2_ws/install/px4_msgs/share/px4_msgs/msg/ActuatorServosTrim.msg\n'}
[1.959668] (px4_msgs) StdoutLine: {'line': b'-- Up-to-date symlink: /home/carlos/ros2_ws/install/px4_msgs/share/px4_msgs/msg/ActuatorTest.msg\n'}
[1.959770] (px4_msgs) StdoutLine: {'line': b'-- Up-to-date symlink: /home/carlos/ros2_ws/install/px4_msgs/share/px4_msgs/msg/AdcReport.msg\n'}
[1.959871] (px4_msgs) StdoutLine: {'line': b'-- Up-to-date symlink: /home/carlos/ros2_ws/install/px4_msgs/share/px4_msgs/msg/Airspeed.msg\n'}
[1.959974] (px4_msgs) StdoutLine: {'line': b'-- Up-to-date symlink: /home/carlos/ros2_ws/install/px4_msgs/share/px4_msgs/msg/AirspeedValidated.msg\n'}
[1.960075] (px4_msgs) StdoutLine: {'line': b'-- Up-to-date symlink: /home/carlos/ros2_ws/install/px4_msgs/share/px4_msgs/msg/AirspeedWind.msg\n'}
[1.960175] (px4_msgs) StdoutLine: {'line': b'-- Up-to-date symlink: /home/carlos/ros2_ws/install/px4_msgs/share/px4_msgs/msg/ArmingCheckReply.msg\n'}
[1.960279] (px4_msgs) StdoutLine: {'line': b'-- Up-to-date symlink: /home/carlos/ros2_ws/install/px4_msgs/share/px4_msgs/msg/ArmingCheckRequest.msg\n'}
[1.960382] (px4_msgs) StdoutLine: {'line': b'-- Up-to-date symlink: /home/carlos/ros2_ws/install/px4_msgs/share/px4_msgs/msg/AutotuneAttitudeControlStatus.msg\n'}
[1.960491] (px4_msgs) StdoutLine: {'line': b'-- Up-to-date symlink: /home/carlos/ros2_ws/install/px4_msgs/share/px4_msgs/msg/BatteryInfo.msg\n'}
[1.960592] (px4_msgs) StdoutLine: {'line': b'-- Up-to-date symlink: /home/carlos/ros2_ws/install/px4_msgs/share/px4_msgs/msg/BatteryStatus.msg\n'}
[1.960694] (px4_msgs) StdoutLine: {'line': b'-- Up-to-date symlink: /home/carlos/ros2_ws/install/px4_msgs/share/px4_msgs/msg/ButtonEvent.msg\n'}
[1.960795] (px4_msgs) StdoutLine: {'line': b'-- Up-to-date symlink: /home/carlos/ros2_ws/install/px4_msgs/share/px4_msgs/msg/CameraCapture.msg\n'}
[1.960894] (px4_msgs) StdoutLine: {'line': b'-- Up-to-date symlink: /home/carlos/ros2_ws/install/px4_msgs/share/px4_msgs/msg/CameraStatus.msg\n'}
[1.960994] (px4_msgs) StdoutLine: {'line': b'-- Up-to-date symlink: /home/carlos/ros2_ws/install/px4_msgs/share/px4_msgs/msg/CameraTrigger.msg\n'}
[1.961103] (px4_msgs) StdoutLine: {'line': b'-- Up-to-date symlink: /home/carlos/ros2_ws/install/px4_msgs/share/px4_msgs/msg/CanInterfaceStatus.msg\n'}
[1.961204] (px4_msgs) StdoutLine: {'line': b'-- Up-to-date symlink: /home/carlos/ros2_ws/install/px4_msgs/share/px4_msgs/msg/CellularStatus.msg\n'}
[1.961307] (px4_msgs) StdoutLine: {'line': b'-- Up-to-date symlink: /home/carlos/ros2_ws/install/px4_msgs/share/px4_msgs/msg/CollisionConstraints.msg\n'}
[1.961407] (px4_msgs) StdoutLine: {'line': b'-- Up-to-date symlink: /home/carlos/ros2_ws/install/px4_msgs/share/px4_msgs/msg/ConfigOverrides.msg\n'}
[1.961525] (px4_msgs) StdoutLine: {'line': b'-- Up-to-date symlink: /home/carlos/ros2_ws/install/px4_msgs/share/px4_msgs/msg/ControlAllocatorStatus.msg\n'}
[1.961628] (px4_msgs) StdoutLine: {'line': b'-- Up-to-date symlink: /home/carlos/ros2_ws/install/px4_msgs/share/px4_msgs/msg/Cpuload.msg\n'}
[1.961737] (px4_msgs) StdoutLine: {'line': b'-- Up-to-date symlink: /home/carlos/ros2_ws/install/px4_msgs/share/px4_msgs/msg/DatamanRequest.msg\n'}
[1.961829] (px4_msgs) StdoutLine: {'line': b'-- Up-to-date symlink: /home/carlos/ros2_ws/install/px4_msgs/share/px4_msgs/msg/DatamanResponse.msg\n'}
[1.961928] (px4_msgs) StdoutLine: {'line': b'-- Up-to-date symlink: /home/carlos/ros2_ws/install/px4_msgs/share/px4_msgs/msg/DebugArray.msg\n'}
[1.962039] (px4_msgs) StdoutLine: {'line': b'-- Up-to-date symlink: /home/carlos/ros2_ws/install/px4_msgs/share/px4_msgs/msg/DebugKeyValue.msg\n'}
[1.962137] (px4_msgs) StdoutLine: {'line': b'-- Up-to-date symlink: /home/carlos/ros2_ws/install/px4_msgs/share/px4_msgs/msg/DebugValue.msg\n'}
[1.962235] (px4_msgs) StdoutLine: {'line': b'-- Up-to-date symlink: /home/carlos/ros2_ws/install/px4_msgs/share/px4_msgs/msg/DebugVect.msg\n'}
[1.962337] (px4_msgs) StdoutLine: {'line': b'-- Up-to-date symlink: /home/carlos/ros2_ws/install/px4_msgs/share/px4_msgs/msg/DifferentialPressure.msg\n'}
[1.962442] (px4_msgs) StdoutLine: {'line': b'-- Up-to-date symlink: /home/carlos/ros2_ws/install/px4_msgs/share/px4_msgs/msg/DistanceSensor.msg\n'}
[1.962548] (px4_msgs) StdoutLine: {'line': b'-- Up-to-date symlink: /home/carlos/ros2_ws/install/px4_msgs/share/px4_msgs/msg/DistanceSensorModeChangeRequest.msg\n'}
[1.962649] (px4_msgs) StdoutLine: {'line': b'-- Up-to-date symlink: /home/carlos/ros2_ws/install/px4_msgs/share/px4_msgs/msg/DronecanNodeStatus.msg\n'}
[1.962749] (px4_msgs) StdoutLine: {'line': b'-- Up-to-date symlink: /home/carlos/ros2_ws/install/px4_msgs/share/px4_msgs/msg/Ekf2Timestamps.msg\n'}
[1.962865] (px4_msgs) StdoutLine: {'line': b'-- Up-to-date symlink: /home/carlos/ros2_ws/install/px4_msgs/share/px4_msgs/msg/EscReport.msg\n'}
[1.962965] (px4_msgs) StdoutLine: {'line': b'-- Up-to-date symlink: /home/carlos/ros2_ws/install/px4_msgs/share/px4_msgs/msg/EscStatus.msg\n'}
[1.963068] (px4_msgs) StdoutLine: {'line': b'-- Up-to-date symlink: /home/carlos/ros2_ws/install/px4_msgs/share/px4_msgs/msg/EstimatorAidSource1d.msg\n'}
[1.963170] (px4_msgs) StdoutLine: {'line': b'-- Up-to-date symlink: /home/carlos/ros2_ws/install/px4_msgs/share/px4_msgs/msg/EstimatorAidSource2d.msg\n'}
[1.963272] (px4_msgs) StdoutLine: {'line': b'-- Up-to-date symlink: /home/carlos/ros2_ws/install/px4_msgs/share/px4_msgs/msg/EstimatorAidSource3d.msg\n'}
[1.963372] (px4_msgs) StdoutLine: {'line': b'-- Up-to-date symlink: /home/carlos/ros2_ws/install/px4_msgs/share/px4_msgs/msg/EstimatorBias.msg\n'}
[1.963539] (px4_msgs) StdoutLine: {'line': b'-- Up-to-date symlink: /home/carlos/ros2_ws/install/px4_msgs/share/px4_msgs/msg/EstimatorBias3d.msg\n'}
[1.963757] (px4_msgs) StdoutLine: {'line': b'-- Up-to-date symlink: /home/carlos/ros2_ws/install/px4_msgs/share/px4_msgs/msg/EstimatorEventFlags.msg\n'}
[1.963908] (px4_msgs) StdoutLine: {'line': b'-- Up-to-date symlink: /home/carlos/ros2_ws/install/px4_msgs/share/px4_msgs/msg/EstimatorGpsStatus.msg\n'}
[1.964056] (px4_msgs) StdoutLine: {'line': b'-- Up-to-date symlink: /home/carlos/ros2_ws/install/px4_msgs/share/px4_msgs/msg/EstimatorInnovations.msg\n'}
[1.964185] (px4_msgs) StdoutLine: {'line': b'-- Up-to-date symlink: /home/carlos/ros2_ws/install/px4_msgs/share/px4_msgs/msg/EstimatorSelectorStatus.msg\n'}
[1.964310] (px4_msgs) StdoutLine: {'line': b'-- Up-to-date symlink: /home/carlos/ros2_ws/install/px4_msgs/share/px4_msgs/msg/EstimatorSensorBias.msg\n'}
[1.964467] (px4_msgs) StdoutLine: {'line': b'-- Up-to-date symlink: /home/carlos/ros2_ws/install/px4_msgs/share/px4_msgs/msg/EstimatorStates.msg\n'}
[1.964585] (px4_msgs) StdoutLine: {'line': b'-- Up-to-date symlink: /home/carlos/ros2_ws/install/px4_msgs/share/px4_msgs/msg/EstimatorStatus.msg\n'}
[1.964715] (px4_msgs) StdoutLine: {'line': b'-- Up-to-date symlink: /home/carlos/ros2_ws/install/px4_msgs/share/px4_msgs/msg/EstimatorStatusFlags.msg\n'}
[1.964856] (px4_msgs) StdoutLine: {'line': b'-- Up-to-date symlink: /home/carlos/ros2_ws/install/px4_msgs/share/px4_msgs/msg/Event.msg\n'}
[1.964980] (px4_msgs) StdoutLine: {'line': b'-- Up-to-date symlink: /home/carlos/ros2_ws/install/px4_msgs/share/px4_msgs/msg/FailsafeFlags.msg\n'}
[1.965102] (px4_msgs) StdoutLine: {'line': b'-- Up-to-date symlink: /home/carlos/ros2_ws/install/px4_msgs/share/px4_msgs/msg/FailureDetectorStatus.msg\n'}
[1.965223] (px4_msgs) StdoutLine: {'line': b'-- Up-to-date symlink: /home/carlos/ros2_ws/install/px4_msgs/share/px4_msgs/msg/FigureEightStatus.msg\n'}
[1.965348] (px4_msgs) StdoutLine: {'line': b'-- Up-to-date symlink: /home/carlos/ros2_ws/install/px4_msgs/share/px4_msgs/msg/FixedWingLateralGuidanceStatus.msg\n'}
[1.965395] (px4_msgs) StdoutLine: {'line': b'-- Up-to-date symlink: /home/carlos/ros2_ws/install/px4_msgs/share/px4_msgs/msg/FixedWingLateralSetpoint.msg\n'}
[1.965451] (px4_msgs) StdoutLine: {'line': b'-- Up-to-date symlink: /home/carlos/ros2_ws/install/px4_msgs/share/px4_msgs/msg/FixedWingLateralStatus.msg\n'}
[1.965493] (px4_msgs) StdoutLine: {'line': b'-- Up-to-date symlink: /home/carlos/ros2_ws/install/px4_msgs/share/px4_msgs/msg/FixedWingLongitudinalSetpoint.msg\n'}
[1.965536] (px4_msgs) StdoutLine: {'line': b'-- Up-to-date symlink: /home/carlos/ros2_ws/install/px4_msgs/share/px4_msgs/msg/FixedWingRunwayControl.msg\n'}
[1.965579] (px4_msgs) StdoutLine: {'line': b'-- Up-to-date symlink: /home/carlos/ros2_ws/install/px4_msgs/share/px4_msgs/msg/FlightPhaseEstimation.msg\n'}
[1.965626] (px4_msgs) StdoutLine: {'line': b'-- Up-to-date symlink: /home/carlos/ros2_ws/install/px4_msgs/share/px4_msgs/msg/FollowTarget.msg\n'}
[1.965686] (px4_msgs) StdoutLine: {'line': b'-- Up-to-date symlink: /home/carlos/ros2_ws/install/px4_msgs/share/px4_msgs/msg/FollowTargetEstimator.msg\n'}
[1.965736] (px4_msgs) StdoutLine: {'line': b'-- Up-to-date symlink: /home/carlos/ros2_ws/install/px4_msgs/share/px4_msgs/msg/FollowTargetStatus.msg\n'}
[1.965795] (px4_msgs) StdoutLine: {'line': b'-- Up-to-date symlink: /home/carlos/ros2_ws/install/px4_msgs/share/px4_msgs/msg/FuelTankStatus.msg\n'}
[1.965852] (px4_msgs) StdoutLine: {'line': b'-- Up-to-date symlink: /home/carlos/ros2_ws/install/px4_msgs/share/px4_msgs/msg/GeneratorStatus.msg\n'}
[1.965972] (px4_msgs) StdoutLine: {'line': b'-- Up-to-date symlink: /home/carlos/ros2_ws/install/px4_msgs/share/px4_msgs/msg/GeofenceResult.msg\n'}
[1.966061] (px4_msgs) StdoutLine: {'line': b'-- Up-to-date symlink: /home/carlos/ros2_ws/install/px4_msgs/share/px4_msgs/msg/GeofenceStatus.msg\n'}
[1.966177] (px4_msgs) StdoutLine: {'line': b'-- Up-to-date symlink: /home/carlos/ros2_ws/install/px4_msgs/share/px4_msgs/msg/GimbalControls.msg\n'}
[1.966271] (px4_msgs) StdoutLine: {'line': b'-- Up-to-date symlink: /home/carlos/ros2_ws/install/px4_msgs/share/px4_msgs/msg/GimbalDeviceAttitudeStatus.msg\n'}
[1.966390] (px4_msgs) StdoutLine: {'line': b'-- Up-to-date symlink: /home/carlos/ros2_ws/install/px4_msgs/share/px4_msgs/msg/GimbalDeviceInformation.msg\n'}
[1.966496] (px4_msgs) StdoutLine: {'line': b'-- Up-to-date symlink: /home/carlos/ros2_ws/install/px4_msgs/share/px4_msgs/msg/GimbalDeviceSetAttitude.msg\n'}
[1.966589] (px4_msgs) StdoutLine: {'line': b'-- Up-to-date symlink: /home/carlos/ros2_ws/install/px4_msgs/share/px4_msgs/msg/GimbalManagerInformation.msg\n'}
[1.966691] (px4_msgs) StdoutLine: {'line': b'-- Up-to-date symlink: /home/carlos/ros2_ws/install/px4_msgs/share/px4_msgs/msg/GimbalManagerSetAttitude.msg\n'}
[1.966794] (px4_msgs) StdoutLine: {'line': b'-- Up-to-date symlink: /home/carlos/ros2_ws/install/px4_msgs/share/px4_msgs/msg/GimbalManagerSetManualControl.msg\n'}
[1.966897] (px4_msgs) StdoutLine: {'line': b'-- Up-to-date symlink: /home/carlos/ros2_ws/install/px4_msgs/share/px4_msgs/msg/GimbalManagerStatus.msg\n'}
[1.966999] (px4_msgs) StdoutLine: {'line': b'-- Up-to-date symlink: /home/carlos/ros2_ws/install/px4_msgs/share/px4_msgs/msg/GotoSetpoint.msg\n'}
[1.967100] (px4_msgs) StdoutLine: {'line': b'-- Up-to-date symlink: /home/carlos/ros2_ws/install/px4_msgs/share/px4_msgs/msg/GpioConfig.msg\n'}
[1.967201] (px4_msgs) StdoutLine: {'line': b'-- Up-to-date symlink: /home/carlos/ros2_ws/install/px4_msgs/share/px4_msgs/msg/GpioIn.msg\n'}
[1.967302] (px4_msgs) StdoutLine: {'line': b'-- Up-to-date symlink: /home/carlos/ros2_ws/install/px4_msgs/share/px4_msgs/msg/GpioOut.msg\n'}
[1.967428] (px4_msgs) StdoutLine: {'line': b'-- Up-to-date symlink: /home/carlos/ros2_ws/install/px4_msgs/share/px4_msgs/msg/GpioRequest.msg\n'}
[1.967610] (px4_msgs) StdoutLine: {'line': b'-- Up-to-date symlink: /home/carlos/ros2_ws/install/px4_msgs/share/px4_msgs/msg/GpsDump.msg\n'}
[1.967747] (px4_msgs) StdoutLine: {'line': b'-- Up-to-date symlink: /home/carlos/ros2_ws/install/px4_msgs/share/px4_msgs/msg/GpsInjectData.msg\n'}
[1.967867] (px4_msgs) StdoutLine: {'line': b'-- Up-to-date symlink: /home/carlos/ros2_ws/install/px4_msgs/share/px4_msgs/msg/Gripper.msg\n'}
[1.967964] (px4_msgs) StdoutLine: {'line': b'-- Up-to-date symlink: /home/carlos/ros2_ws/install/px4_msgs/share/px4_msgs/msg/HealthReport.msg\n'}
[1.968072] (px4_msgs) StdoutLine: {'line': b'-- Up-to-date symlink: /home/carlos/ros2_ws/install/px4_msgs/share/px4_msgs/msg/HeaterStatus.msg\n'}
[1.968196] (px4_msgs) StdoutLine: {'line': b'-- Up-to-date symlink: /home/carlos/ros2_ws/install/px4_msgs/share/px4_msgs/msg/HomePosition.msg\n'}
[1.968297] (px4_msgs) StdoutLine: {'line': b'-- Up-to-date symlink: /home/carlos/ros2_ws/install/px4_msgs/share/px4_msgs/msg/HoverThrustEstimate.msg\n'}
[1.968416] (px4_msgs) StdoutLine: {'line': b'-- Up-to-date symlink: /home/carlos/ros2_ws/install/px4_msgs/share/px4_msgs/msg/InputRc.msg\n'}
[1.968527] (px4_msgs) StdoutLine: {'line': b'-- Up-to-date symlink: /home/carlos/ros2_ws/install/px4_msgs/share/px4_msgs/msg/InternalCombustionEngineControl.msg\n'}
[1.968653] (px4_msgs) StdoutLine: {'line': b'-- Up-to-date symlink: /home/carlos/ros2_ws/install/px4_msgs/share/px4_msgs/msg/InternalCombustionEngineStatus.msg\n'}
[1.968704] (px4_msgs) StdoutLine: {'line': b'-- Up-to-date symlink: /home/carlos/ros2_ws/install/px4_msgs/share/px4_msgs/msg/IridiumsbdStatus.msg\n'}
[1.968748] (px4_msgs) StdoutLine: {'line': b'-- Up-to-date symlink: /home/carlos/ros2_ws/install/px4_msgs/share/px4_msgs/msg/IrlockReport.msg\n'}
[1.968806] (px4_msgs) StdoutLine: {'line': b'-- Up-to-date symlink: /home/carlos/ros2_ws/install/px4_msgs/share/px4_msgs/msg/LandingGear.msg\n'}
[1.968868] (px4_msgs) StdoutLine: {'line': b'-- Up-to-date symlink: /home/carlos/ros2_ws/install/px4_msgs/share/px4_msgs/msg/LandingGearWheel.msg\n'}
[1.968961] (px4_msgs) StdoutLine: {'line': b'-- Up-to-date symlink: /home/carlos/ros2_ws/install/px4_msgs/share/px4_msgs/msg/LandingTargetInnovations.msg\n'}
[1.969063] (px4_msgs) StdoutLine: {'line': b'-- Up-to-date symlink: /home/carlos/ros2_ws/install/px4_msgs/share/px4_msgs/msg/LandingTargetPose.msg\n'}
[1.969167] (px4_msgs) StdoutLine: {'line': b'-- Up-to-date symlink: /home/carlos/ros2_ws/install/px4_msgs/share/px4_msgs/msg/LateralControlConfiguration.msg\n'}
[1.969272] (px4_msgs) StdoutLine: {'line': b'-- Up-to-date symlink: /home/carlos/ros2_ws/install/px4_msgs/share/px4_msgs/msg/LaunchDetectionStatus.msg\n'}
[1.969374] (px4_msgs) StdoutLine: {'line': b'-- Up-to-date symlink: /home/carlos/ros2_ws/install/px4_msgs/share/px4_msgs/msg/LedControl.msg\n'}
[1.969491] (px4_msgs) StdoutLine: {'line': b'-- Up-to-date symlink: /home/carlos/ros2_ws/install/px4_msgs/share/px4_msgs/msg/LogMessage.msg\n'}
[1.969604] (px4_msgs) StdoutLine: {'line': b'-- Up-to-date symlink: /home/carlos/ros2_ws/install/px4_msgs/share/px4_msgs/msg/LoggerStatus.msg\n'}
[1.969710] (px4_msgs) StdoutLine: {'line': b'-- Up-to-date symlink: /home/carlos/ros2_ws/install/px4_msgs/share/px4_msgs/msg/LongitudinalControlConfiguration.msg\n'}
[1.969811] (px4_msgs) StdoutLine: {'line': b'-- Up-to-date symlink: /home/carlos/ros2_ws/install/px4_msgs/share/px4_msgs/msg/MagWorkerData.msg\n'}
[1.969914] (px4_msgs) StdoutLine: {'line': b'-- Up-to-date symlink: /home/carlos/ros2_ws/install/px4_msgs/share/px4_msgs/msg/MagnetometerBiasEstimate.msg\n'}
[1.970016] (px4_msgs) StdoutLine: {'line': b'-- Up-to-date symlink: /home/carlos/ros2_ws/install/px4_msgs/share/px4_msgs/msg/ManualControlSetpoint.msg\n'}
[1.970117] (px4_msgs) StdoutLine: {'line': b'-- Up-to-date symlink: /home/carlos/ros2_ws/install/px4_msgs/share/px4_msgs/msg/ManualControlSwitches.msg\n'}
[1.970216] (px4_msgs) StdoutLine: {'line': b'-- Up-to-date symlink: /home/carlos/ros2_ws/install/px4_msgs/share/px4_msgs/msg/MavlinkLog.msg\n'}
[1.970318] (px4_msgs) StdoutLine: {'line': b'-- Up-to-date symlink: /home/carlos/ros2_ws/install/px4_msgs/share/px4_msgs/msg/MavlinkTunnel.msg\n'}
[1.970419] (px4_msgs) StdoutLine: {'line': b'-- Up-to-date symlink: /home/carlos/ros2_ws/install/px4_msgs/share/px4_msgs/msg/MessageFormatRequest.msg\n'}
[1.970613] (px4_msgs) StdoutLine: {'line': b'-- Up-to-date symlink: /home/carlos/ros2_ws/install/px4_msgs/share/px4_msgs/msg/MessageFormatResponse.msg\n'}
[1.970795] (px4_msgs) StdoutLine: {'line': b'-- Up-to-date symlink: /home/carlos/ros2_ws/install/px4_msgs/share/px4_msgs/msg/Mission.msg\n'}
[1.970918] (px4_msgs) StdoutLine: {'line': b'-- Up-to-date symlink: /home/carlos/ros2_ws/install/px4_msgs/share/px4_msgs/msg/MissionResult.msg\n'}
[1.971048] (px4_msgs) StdoutLine: {'line': b'-- Up-to-date symlink: /home/carlos/ros2_ws/install/px4_msgs/share/px4_msgs/msg/ModeCompleted.msg\n'}
[1.971157] (px4_msgs) StdoutLine: {'line': b'-- Up-to-date symlink: /home/carlos/ros2_ws/install/px4_msgs/share/px4_msgs/msg/MountOrientation.msg\n'}
[1.971298] (px4_msgs) StdoutLine: {'line': b'-- Up-to-date symlink: /home/carlos/ros2_ws/install/px4_msgs/share/px4_msgs/msg/NavigatorMissionItem.msg\n'}
[1.971415] (px4_msgs) StdoutLine: {'line': b'-- Up-to-date symlink: /home/carlos/ros2_ws/install/px4_msgs/share/px4_msgs/msg/NavigatorStatus.msg\n'}
[1.971541] (px4_msgs) StdoutLine: {'line': b'-- Up-to-date symlink: /home/carlos/ros2_ws/install/px4_msgs/share/px4_msgs/msg/NeuralControl.msg\n'}
[1.971656] (px4_msgs) StdoutLine: {'line': b'-- Up-to-date symlink: /home/carlos/ros2_ws/install/px4_msgs/share/px4_msgs/msg/NormalizedUnsignedSetpoint.msg\n'}
[1.971891] (px4_msgs) StdoutLine: {'line': b'-- Up-to-date symlink: /home/carlos/ros2_ws/install/px4_msgs/share/px4_msgs/msg/ObstacleDistance.msg\n'}
[1.972087] (px4_msgs) StdoutLine: {'line': b'-- Up-to-date symlink: /home/carlos/ros2_ws/install/px4_msgs/share/px4_msgs/msg/OffboardControlMode.msg\n'}
[1.972256] (px4_msgs) StdoutLine: {'line': b'-- Up-to-date symlink: /home/carlos/ros2_ws/install/px4_msgs/share/px4_msgs/msg/OnboardComputerStatus.msg\n'}
[1.972358] (px4_msgs) StdoutLine: {'line': b'-- Up-to-date symlink: /home/carlos/ros2_ws/install/px4_msgs/share/px4_msgs/msg/OpenDroneIdArmStatus.msg\n'}
[1.972409] (px4_msgs) StdoutLine: {'line': b'-- Up-to-date symlink: /home/carlos/ros2_ws/install/px4_msgs/share/px4_msgs/msg/OpenDroneIdOperatorId.msg\n'}
[1.972468] (px4_msgs) StdoutLine: {'line': b'-- Up-to-date symlink: /home/carlos/ros2_ws/install/px4_msgs/share/px4_msgs/msg/OpenDroneIdSelfId.msg\n'}
[1.972539] (px4_msgs) StdoutLine: {'line': b'-- Up-to-date symlink: /home/carlos/ros2_ws/install/px4_msgs/share/px4_msgs/msg/OpenDroneIdSystem.msg\n'}
[1.972592] (px4_msgs) StdoutLine: {'line': b'-- Up-to-date symlink: /home/carlos/ros2_ws/install/px4_msgs/share/px4_msgs/msg/OrbTest.msg\n'}
[1.972656] (px4_msgs) StdoutLine: {'line': b'-- Up-to-date symlink: /home/carlos/ros2_ws/install/px4_msgs/share/px4_msgs/msg/OrbTestLarge.msg\n'}
[1.972703] (px4_msgs) StdoutLine: {'line': b'-- Up-to-date symlink: /home/carlos/ros2_ws/install/px4_msgs/share/px4_msgs/msg/OrbTestMedium.msg\n'}
[1.972748] (px4_msgs) StdoutLine: {'line': b'-- Up-to-date symlink: /home/carlos/ros2_ws/install/px4_msgs/share/px4_msgs/msg/OrbitStatus.msg\n'}
[1.972795] (px4_msgs) StdoutLine: {'line': b'-- Up-to-date symlink: /home/carlos/ros2_ws/install/px4_msgs/share/px4_msgs/msg/ParameterResetRequest.msg\n'}
[1.972854] (px4_msgs) StdoutLine: {'line': b'-- Up-to-date symlink: /home/carlos/ros2_ws/install/px4_msgs/share/px4_msgs/msg/ParameterSetUsedRequest.msg\n'}
[1.972906] (px4_msgs) StdoutLine: {'line': b'-- Up-to-date symlink: /home/carlos/ros2_ws/install/px4_msgs/share/px4_msgs/msg/ParameterSetValueRequest.msg\n'}
[1.972967] (px4_msgs) StdoutLine: {'line': b'-- Up-to-date symlink: /home/carlos/ros2_ws/install/px4_msgs/share/px4_msgs/msg/ParameterSetValueResponse.msg\n'}
[1.973031] (px4_msgs) StdoutLine: {'line': b'-- Up-to-date symlink: /home/carlos/ros2_ws/install/px4_msgs/share/px4_msgs/msg/ParameterUpdate.msg\n'}
[1.973105] (px4_msgs) StdoutLine: {'line': b'-- Up-to-date symlink: /home/carlos/ros2_ws/install/px4_msgs/share/px4_msgs/msg/Ping.msg\n'}
[1.973209] (px4_msgs) StdoutLine: {'line': b'-- Up-to-date symlink: /home/carlos/ros2_ws/install/px4_msgs/share/px4_msgs/msg/PositionControllerLandingStatus.msg\n'}
[1.973312] (px4_msgs) StdoutLine: {'line': b'-- Up-to-date symlink: /home/carlos/ros2_ws/install/px4_msgs/share/px4_msgs/msg/PositionControllerStatus.msg\n'}
[1.973414] (px4_msgs) StdoutLine: {'line': b'-- Up-to-date symlink: /home/carlos/ros2_ws/install/px4_msgs/share/px4_msgs/msg/PositionSetpoint.msg\n'}
[1.973525] (px4_msgs) StdoutLine: {'line': b'-- Up-to-date symlink: /home/carlos/ros2_ws/install/px4_msgs/share/px4_msgs/msg/PositionSetpointTriplet.msg\n'}
[1.973629] (px4_msgs) StdoutLine: {'line': b'-- Up-to-date symlink: /home/carlos/ros2_ws/install/px4_msgs/share/px4_msgs/msg/PowerButtonState.msg\n'}
[1.973730] (px4_msgs) StdoutLine: {'line': b'-- Up-to-date symlink: /home/carlos/ros2_ws/install/px4_msgs/share/px4_msgs/msg/PowerMonitor.msg\n'}
[1.973830] (px4_msgs) StdoutLine: {'line': b'-- Up-to-date symlink: /home/carlos/ros2_ws/install/px4_msgs/share/px4_msgs/msg/PpsCapture.msg\n'}
[1.973957] (px4_msgs) StdoutLine: {'line': b'-- Up-to-date symlink: /home/carlos/ros2_ws/install/px4_msgs/share/px4_msgs/msg/PurePursuitStatus.msg\n'}
[1.974053] (px4_msgs) StdoutLine: {'line': b'-- Up-to-date symlink: /home/carlos/ros2_ws/install/px4_msgs/share/px4_msgs/msg/PwmInput.msg\n'}
[1.974136] (px4_msgs) StdoutLine: {'line': b'-- Up-to-date symlink: /home/carlos/ros2_ws/install/px4_msgs/share/px4_msgs/msg/Px4ioStatus.msg\n'}
[1.974236] (px4_msgs) StdoutLine: {'line': b'-- Up-to-date symlink: /home/carlos/ros2_ws/install/px4_msgs/share/px4_msgs/msg/QshellReq.msg\n'}
[1.974336] (px4_msgs) StdoutLine: {'line': b'-- Up-to-date symlink: /home/carlos/ros2_ws/install/px4_msgs/share/px4_msgs/msg/QshellRetval.msg\n'}
[1.974444] (px4_msgs) StdoutLine: {'line': b'-- Up-to-date symlink: /home/carlos/ros2_ws/install/px4_msgs/share/px4_msgs/msg/RadioStatus.msg\n'}
[1.974556] (px4_msgs) StdoutLine: {'line': b'-- Up-to-date symlink: /home/carlos/ros2_ws/install/px4_msgs/share/px4_msgs/msg/RateCtrlStatus.msg\n'}
[1.974658] (px4_msgs) StdoutLine: {'line': b'-- Up-to-date symlink: /home/carlos/ros2_ws/install/px4_msgs/share/px4_msgs/msg/RcChannels.msg\n'}
[1.974765] (px4_msgs) StdoutLine: {'line': b'-- Up-to-date symlink: /home/carlos/ros2_ws/install/px4_msgs/share/px4_msgs/msg/RcParameterMap.msg\n'}
[1.974874] (px4_msgs) StdoutLine: {'line': b'-- Up-to-date symlink: /home/carlos/ros2_ws/install/px4_msgs/share/px4_msgs/msg/RegisterExtComponentReply.msg\n'}
[1.974971] (px4_msgs) StdoutLine: {'line': b'-- Up-to-date symlink: /home/carlos/ros2_ws/install/px4_msgs/share/px4_msgs/msg/RegisterExtComponentRequest.msg\n'}
[1.975074] (px4_msgs) StdoutLine: {'line': b'-- Up-to-date symlink: /home/carlos/ros2_ws/install/px4_msgs/share/px4_msgs/msg/RoverAttitudeSetpoint.msg\n'}
[1.975175] (px4_msgs) StdoutLine: {'line': b'-- Up-to-date symlink: /home/carlos/ros2_ws/install/px4_msgs/share/px4_msgs/msg/RoverAttitudeStatus.msg\n'}
[1.975279] (px4_msgs) StdoutLine: {'line': b'-- Up-to-date symlink: /home/carlos/ros2_ws/install/px4_msgs/share/px4_msgs/msg/RoverPositionSetpoint.msg\n'}
[1.975379] (px4_msgs) StdoutLine: {'line': b'-- Up-to-date symlink: /home/carlos/ros2_ws/install/px4_msgs/share/px4_msgs/msg/RoverRateSetpoint.msg\n'}
[1.975488] (px4_msgs) StdoutLine: {'line': b'-- Up-to-date symlink: /home/carlos/ros2_ws/install/px4_msgs/share/px4_msgs/msg/RoverRateStatus.msg\n'}
[1.975590] (px4_msgs) StdoutLine: {'line': b'-- Up-to-date symlink: /home/carlos/ros2_ws/install/px4_msgs/share/px4_msgs/msg/RoverSpeedSetpoint.msg\n'}
[1.975692] (px4_msgs) StdoutLine: {'line': b'-- Up-to-date symlink: /home/carlos/ros2_ws/install/px4_msgs/share/px4_msgs/msg/RoverSpeedStatus.msg\n'}
[1.975793] (px4_msgs) StdoutLine: {'line': b'-- Up-to-date symlink: /home/carlos/ros2_ws/install/px4_msgs/share/px4_msgs/msg/RoverSteeringSetpoint.msg\n'}
[1.975894] (px4_msgs) StdoutLine: {'line': b'-- Up-to-date symlink: /home/carlos/ros2_ws/install/px4_msgs/share/px4_msgs/msg/RoverThrottleSetpoint.msg\n'}
[1.975995] (px4_msgs) StdoutLine: {'line': b'-- Up-to-date symlink: /home/carlos/ros2_ws/install/px4_msgs/share/px4_msgs/msg/Rpm.msg\n'}
[1.976097] (px4_msgs) StdoutLine: {'line': b'-- Up-to-date symlink: /home/carlos/ros2_ws/install/px4_msgs/share/px4_msgs/msg/RtlStatus.msg\n'}
[1.976197] (px4_msgs) StdoutLine: {'line': b'-- Up-to-date symlink: /home/carlos/ros2_ws/install/px4_msgs/share/px4_msgs/msg/RtlTimeEstimate.msg\n'}
[1.976289] (px4_msgs) StdoutLine: {'line': b'-- Up-to-date symlink: /home/carlos/ros2_ws/install/px4_msgs/share/px4_msgs/msg/SatelliteInfo.msg\n'}
[1.976392] (px4_msgs) StdoutLine: {'line': b'-- Up-to-date symlink: /home/carlos/ros2_ws/install/px4_msgs/share/px4_msgs/msg/SensorAccel.msg\n'}
[1.976500] (px4_msgs) StdoutLine: {'line': b'-- Up-to-date symlink: /home/carlos/ros2_ws/install/px4_msgs/share/px4_msgs/msg/SensorAccelFifo.msg\n'}
[1.976601] (px4_msgs) StdoutLine: {'line': b'-- Up-to-date symlink: /home/carlos/ros2_ws/install/px4_msgs/share/px4_msgs/msg/SensorAirflow.msg\n'}
[1.976701] (px4_msgs) StdoutLine: {'line': b'-- Up-to-date symlink: /home/carlos/ros2_ws/install/px4_msgs/share/px4_msgs/msg/SensorBaro.msg\n'}
[1.976804] (px4_msgs) StdoutLine: {'line': b'-- Up-to-date symlink: /home/carlos/ros2_ws/install/px4_msgs/share/px4_msgs/msg/SensorCombined.msg\n'}
[1.976903] (px4_msgs) StdoutLine: {'line': b'-- Up-to-date symlink: /home/carlos/ros2_ws/install/px4_msgs/share/px4_msgs/msg/SensorCorrection.msg\n'}
[1.977005] (px4_msgs) StdoutLine: {'line': b'-- Up-to-date symlink: /home/carlos/ros2_ws/install/px4_msgs/share/px4_msgs/msg/SensorGnssRelative.msg\n'}
[1.977105] (px4_msgs) StdoutLine: {'line': b'-- Up-to-date symlink: /home/carlos/ros2_ws/install/px4_msgs/share/px4_msgs/msg/SensorGnssStatus.msg\n'}
[1.977206] (px4_msgs) StdoutLine: {'line': b'-- Up-to-date symlink: /home/carlos/ros2_ws/install/px4_msgs/share/px4_msgs/msg/SensorGps.msg\n'}
[1.977318] (px4_msgs) StdoutLine: {'line': b'-- Up-to-date symlink: /home/carlos/ros2_ws/install/px4_msgs/share/px4_msgs/msg/SensorGyro.msg\n'}
[1.977474] (px4_msgs) StdoutLine: {'line': b'-- Up-to-date symlink: /home/carlos/ros2_ws/install/px4_msgs/share/px4_msgs/msg/SensorGyroFft.msg\n'}
[1.977546] (px4_msgs) StdoutLine: {'line': b'-- Up-to-date symlink: /home/carlos/ros2_ws/install/px4_msgs/share/px4_msgs/msg/SensorGyroFifo.msg\n'}
[1.977644] (px4_msgs) StdoutLine: {'line': b'-- Up-to-date symlink: /home/carlos/ros2_ws/install/px4_msgs/share/px4_msgs/msg/SensorHygrometer.msg\n'}
[1.977738] (px4_msgs) StdoutLine: {'line': b'-- Up-to-date symlink: /home/carlos/ros2_ws/install/px4_msgs/share/px4_msgs/msg/SensorMag.msg\n'}
[1.977854] (px4_msgs) StdoutLine: {'line': b'-- Up-to-date symlink: /home/carlos/ros2_ws/install/px4_msgs/share/px4_msgs/msg/SensorOpticalFlow.msg\n'}
[1.977957] (px4_msgs) StdoutLine: {'line': b'-- Up-to-date symlink: /home/carlos/ros2_ws/install/px4_msgs/share/px4_msgs/msg/SensorPreflightMag.msg\n'}
[1.978057] (px4_msgs) StdoutLine: {'line': b'-- Up-to-date symlink: /home/carlos/ros2_ws/install/px4_msgs/share/px4_msgs/msg/SensorSelection.msg\n'}
[1.978157] (px4_msgs) StdoutLine: {'line': b'-- Up-to-date symlink: /home/carlos/ros2_ws/install/px4_msgs/share/px4_msgs/msg/SensorUwb.msg\n'}
[1.978258] (px4_msgs) StdoutLine: {'line': b'-- Up-to-date symlink: /home/carlos/ros2_ws/install/px4_msgs/share/px4_msgs/msg/SensorsStatus.msg\n'}
[1.978365] (px4_msgs) StdoutLine: {'line': b'-- Up-to-date symlink: /home/carlos/ros2_ws/install/px4_msgs/share/px4_msgs/msg/SensorsStatusImu.msg\n'}
[1.978479] (px4_msgs) StdoutLine: {'line': b'-- Up-to-date symlink: /home/carlos/ros2_ws/install/px4_msgs/share/px4_msgs/msg/SystemPower.msg\n'}
[1.978587] (px4_msgs) StdoutLine: {'line': b'-- Up-to-date symlink: /home/carlos/ros2_ws/install/px4_msgs/share/px4_msgs/msg/TakeoffStatus.msg\n'}
[1.978687] (px4_msgs) StdoutLine: {'line': b'-- Up-to-date symlink: /home/carlos/ros2_ws/install/px4_msgs/share/px4_msgs/msg/TaskStackInfo.msg\n'}
[1.978786] (px4_msgs) StdoutLine: {'line': b'-- Up-to-date symlink: /home/carlos/ros2_ws/install/px4_msgs/share/px4_msgs/msg/TecsStatus.msg\n'}
[1.978887] (px4_msgs) StdoutLine: {'line': b'-- Up-to-date symlink: /home/carlos/ros2_ws/install/px4_msgs/share/px4_msgs/msg/TelemetryStatus.msg\n'}
[1.978989] (px4_msgs) StdoutLine: {'line': b'-- Up-to-date symlink: /home/carlos/ros2_ws/install/px4_msgs/share/px4_msgs/msg/TiltrotorExtraControls.msg\n'}
[1.979089] (px4_msgs) StdoutLine: {'line': b'-- Up-to-date symlink: /home/carlos/ros2_ws/install/px4_msgs/share/px4_msgs/msg/TimesyncStatus.msg\n'}
[1.979191] (px4_msgs) StdoutLine: {'line': b'-- Up-to-date symlink: /home/carlos/ros2_ws/install/px4_msgs/share/px4_msgs/msg/TrajectorySetpoint.msg\n'}
[1.979292] (px4_msgs) StdoutLine: {'line': b'-- Up-to-date symlink: /home/carlos/ros2_ws/install/px4_msgs/share/px4_msgs/msg/TrajectorySetpoint6dof.msg\n'}
[1.979392] (px4_msgs) StdoutLine: {'line': b'-- Up-to-date symlink: /home/carlos/ros2_ws/install/px4_msgs/share/px4_msgs/msg/TransponderReport.msg\n'}
[1.979523] (px4_msgs) StdoutLine: {'line': b'-- Up-to-date symlink: /home/carlos/ros2_ws/install/px4_msgs/share/px4_msgs/msg/TuneControl.msg\n'}
[1.979679] (px4_msgs) StdoutLine: {'line': b'-- Up-to-date symlink: /home/carlos/ros2_ws/install/px4_msgs/share/px4_msgs/msg/UavcanParameterRequest.msg\n'}
[1.979805] (px4_msgs) StdoutLine: {'line': b'-- Up-to-date symlink: /home/carlos/ros2_ws/install/px4_msgs/share/px4_msgs/msg/UavcanParameterValue.msg\n'}
[1.979921] (px4_msgs) StdoutLine: {'line': b'-- Up-to-date symlink: /home/carlos/ros2_ws/install/px4_msgs/share/px4_msgs/msg/UlogStream.msg\n'}
[1.980052] (px4_msgs) StdoutLine: {'line': b'-- Up-to-date symlink: /home/carlos/ros2_ws/install/px4_msgs/share/px4_msgs/msg/UlogStreamAck.msg\n'}
[1.980171] (px4_msgs) StdoutLine: {'line': b'-- Up-to-date symlink: /home/carlos/ros2_ws/install/px4_msgs/share/px4_msgs/msg/UnregisterExtComponent.msg\n'}
[1.980282] (px4_msgs) StdoutLine: {'line': b'-- Up-to-date symlink: /home/carlos/ros2_ws/install/px4_msgs/share/px4_msgs/msg/VehicleAcceleration.msg\n'}
[1.980394] (px4_msgs) StdoutLine: {'line': b'-- Up-to-date symlink: /home/carlos/ros2_ws/install/px4_msgs/share/px4_msgs/msg/VehicleAirData.msg\n'}
[1.980519] (px4_msgs) StdoutLine: {'line': b'-- Up-to-date symlink: /home/carlos/ros2_ws/install/px4_msgs/share/px4_msgs/msg/VehicleAngularAccelerationSetpoint.msg\n'}
[1.980660] (px4_msgs) StdoutLine: {'line': b'-- Up-to-date symlink: /home/carlos/ros2_ws/install/px4_msgs/share/px4_msgs/msg/VehicleAngularVelocity.msg\n'}
[1.980808] (px4_msgs) StdoutLine: {'line': b'-- Up-to-date symlink: /home/carlos/ros2_ws/install/px4_msgs/share/px4_msgs/msg/VehicleAttitude.msg\n'}
[1.980874] (px4_msgs) StdoutLine: {'line': b'-- Up-to-date symlink: /home/carlos/ros2_ws/install/px4_msgs/share/px4_msgs/msg/VehicleAttitudeSetpoint.msg\n'}
[1.980961] (px4_msgs) StdoutLine: {'line': b'-- Up-to-date symlink: /home/carlos/ros2_ws/install/px4_msgs/share/px4_msgs/msg/VehicleCommand.msg\n'}
[1.981030] (px4_msgs) StdoutLine: {'line': b'-- Up-to-date symlink: /home/carlos/ros2_ws/install/px4_msgs/share/px4_msgs/msg/VehicleCommandAck.msg\n'}
[1.981125] (px4_msgs) StdoutLine: {'line': b'-- Up-to-date symlink: /home/carlos/ros2_ws/install/px4_msgs/share/px4_msgs/msg/VehicleConstraints.msg\n'}
[1.981190] (px4_msgs) StdoutLine: {'line': b'-- Up-to-date symlink: /home/carlos/ros2_ws/install/px4_msgs/share/px4_msgs/msg/VehicleControlMode.msg\n'}
[1.981284] (px4_msgs) StdoutLine: {'line': b'-- Up-to-date symlink: /home/carlos/ros2_ws/install/px4_msgs/share/px4_msgs/msg/VehicleGlobalPosition.msg\n'}
[1.981337] (px4_msgs) StdoutLine: {'line': b'-- Up-to-date symlink: /home/carlos/ros2_ws/install/px4_msgs/share/px4_msgs/msg/VehicleImu.msg\n'}
[1.981416] (px4_msgs) StdoutLine: {'line': b'-- Up-to-date symlink: /home/carlos/ros2_ws/install/px4_msgs/share/px4_msgs/msg/VehicleImuStatus.msg\n'}
[1.981507] (px4_msgs) StdoutLine: {'line': b'-- Up-to-date symlink: /home/carlos/ros2_ws/install/px4_msgs/share/px4_msgs/msg/VehicleLandDetected.msg\n'}
[1.981588] (px4_msgs) StdoutLine: {'line': b'-- Up-to-date symlink: /home/carlos/ros2_ws/install/px4_msgs/share/px4_msgs/msg/VehicleLocalPosition.msg\n'}
[1.981690] (px4_msgs) StdoutLine: {'line': b'-- Up-to-date symlink: /home/carlos/ros2_ws/install/px4_msgs/share/px4_msgs/msg/VehicleLocalPositionSetpoint.msg\n'}
[1.981791] (px4_msgs) StdoutLine: {'line': b'-- Up-to-date symlink: /home/carlos/ros2_ws/install/px4_msgs/share/px4_msgs/msg/VehicleMagnetometer.msg\n'}
[1.981891] (px4_msgs) StdoutLine: {'line': b'-- Up-to-date symlink: /home/carlos/ros2_ws/install/px4_msgs/share/px4_msgs/msg/VehicleOdometry.msg\n'}
[1.981997] (px4_msgs) StdoutLine: {'line': b'-- Up-to-date symlink: /home/carlos/ros2_ws/install/px4_msgs/share/px4_msgs/msg/VehicleOpticalFlow.msg\n'}
[1.982098] (px4_msgs) StdoutLine: {'line': b'-- Up-to-date symlink: /home/carlos/ros2_ws/install/px4_msgs/share/px4_msgs/msg/VehicleOpticalFlowVel.msg\n'}
[1.982199] (px4_msgs) StdoutLine: {'line': b'-- Up-to-date symlink: /home/carlos/ros2_ws/install/px4_msgs/share/px4_msgs/msg/VehicleRatesSetpoint.msg\n'}
[1.982299] (px4_msgs) StdoutLine: {'line': b'-- Up-to-date symlink: /home/carlos/ros2_ws/install/px4_msgs/share/px4_msgs/msg/VehicleRoi.msg\n'}
[1.982398] (px4_msgs) StdoutLine: {'line': b'-- Up-to-date symlink: /home/carlos/ros2_ws/install/px4_msgs/share/px4_msgs/msg/VehicleStatus.msg\n'}
[1.982510] (px4_msgs) StdoutLine: {'line': b'-- Up-to-date symlink: /home/carlos/ros2_ws/install/px4_msgs/share/px4_msgs/msg/VehicleThrustSetpoint.msg\n'}
[1.982611] (px4_msgs) StdoutLine: {'line': b'-- Up-to-date symlink: /home/carlos/ros2_ws/install/px4_msgs/share/px4_msgs/msg/VehicleTorqueSetpoint.msg\n'}
[1.982716] (px4_msgs) StdoutLine: {'line': b'-- Up-to-date symlink: /home/carlos/ros2_ws/install/px4_msgs/share/px4_msgs/msg/VelocityLimits.msg\n'}
[1.982818] (px4_msgs) StdoutLine: {'line': b'-- Up-to-date symlink: /home/carlos/ros2_ws/install/px4_msgs/share/px4_msgs/msg/VtolVehicleStatus.msg\n'}
[1.982917] (px4_msgs) StdoutLine: {'line': b'-- Up-to-date symlink: /home/carlos/ros2_ws/install/px4_msgs/share/px4_msgs/msg/WheelEncoders.msg\n'}
[1.983016] (px4_msgs) StdoutLine: {'line': b'-- Up-to-date symlink: /home/carlos/ros2_ws/install/px4_msgs/share/px4_msgs/msg/Wind.msg\n'}
[1.983112] (px4_msgs) StdoutLine: {'line': b'-- Up-to-date symlink: /home/carlos/ros2_ws/install/px4_msgs/share/px4_msgs/msg/YawEstimatorStatus.msg\n'}
[1.983214] (px4_msgs) StdoutLine: {'line': b'-- Up-to-date symlink: /home/carlos/ros2_ws/install/px4_msgs/share/px4_msgs/srv/VehicleCommand.srv\n'}
[1.983343] (px4_msgs) StdoutLine: {'line': b'-- Up-to-date symlink: /home/carlos/ros2_ws/install/px4_msgs/share/ament_index/resource_index/package_run_dependencies/px4_msgs\n'}
[1.983478] (px4_msgs) StdoutLine: {'line': b'-- Up-to-date symlink: /home/carlos/ros2_ws/install/px4_msgs/share/ament_index/resource_index/parent_prefix_path/px4_msgs\n'}
[1.983600] (px4_msgs) StdoutLine: {'line': b'-- Up-to-date symlink: /home/carlos/ros2_ws/install/px4_msgs/share/px4_msgs/environment/ament_prefix_path.sh\n'}
[1.983705] (px4_msgs) StdoutLine: {'line': b'-- Up-to-date symlink: /home/carlos/ros2_ws/install/px4_msgs/share/px4_msgs/environment/ament_prefix_path.dsv\n'}
[1.983814] (px4_msgs) StdoutLine: {'line': b'-- Up-to-date symlink: /home/carlos/ros2_ws/install/px4_msgs/share/px4_msgs/environment/path.sh\n'}
[1.983917] (px4_msgs) StdoutLine: {'line': b'-- Up-to-date symlink: /home/carlos/ros2_ws/install/px4_msgs/share/px4_msgs/environment/path.dsv\n'}
[1.984020] (px4_msgs) StdoutLine: {'line': b'-- Up-to-date symlink: /home/carlos/ros2_ws/install/px4_msgs/share/px4_msgs/local_setup.bash\n'}
[1.984122] (px4_msgs) StdoutLine: {'line': b'-- Up-to-date symlink: /home/carlos/ros2_ws/install/px4_msgs/share/px4_msgs/local_setup.sh\n'}
[1.984223] (px4_msgs) StdoutLine: {'line': b'-- Up-to-date symlink: /home/carlos/ros2_ws/install/px4_msgs/share/px4_msgs/local_setup.zsh\n'}
[1.984330] (px4_msgs) StdoutLine: {'line': b'-- Up-to-date symlink: /home/carlos/ros2_ws/install/px4_msgs/share/px4_msgs/local_setup.dsv\n'}
[1.984404] (px4_msgs) StdoutLine: {'line': b'-- Symlinking: /home/carlos/ros2_ws/install/px4_msgs/share/px4_msgs/package.dsv\n'}
[1.995403] (px4_msgs) StdoutLine: {'line': b'-- Up-to-date symlink: /home/carlos/ros2_ws/install/px4_msgs/share/ament_index/resource_index/packages/px4_msgs\n'}
[1.995651] (px4_msgs) StdoutLine: {'line': b'-- Up-to-date symlink: /home/carlos/ros2_ws/install/px4_msgs/share/px4_msgs/cmake/rosidl_cmake-extras.cmake\n'}
[1.995762] (px4_msgs) StdoutLine: {'line': b'-- Up-to-date symlink: /home/carlos/ros2_ws/install/px4_msgs/share/px4_msgs/cmake/ament_cmake_export_dependencies-extras.cmake\n'}
[1.995896] (px4_msgs) StdoutLine: {'line': b'-- Up-to-date symlink: /home/carlos/ros2_ws/install/px4_msgs/share/px4_msgs/cmake/ament_cmake_export_include_directories-extras.cmake\n'}
[1.996001] (px4_msgs) StdoutLine: {'line': b'-- Up-to-date symlink: /home/carlos/ros2_ws/install/px4_msgs/share/px4_msgs/cmake/ament_cmake_export_libraries-extras.cmake\n'}
[1.996137] (px4_msgs) StdoutLine: {'line': b'-- Up-to-date symlink: /home/carlos/ros2_ws/install/px4_msgs/share/px4_msgs/cmake/ament_cmake_export_targets-extras.cmake\n'}
[1.996238] (px4_msgs) StdoutLine: {'line': b'-- Up-to-date symlink: /home/carlos/ros2_ws/install/px4_msgs/share/px4_msgs/cmake/rosidl_cmake_export_typesupport_targets-extras.cmake\n'}
[1.996334] (px4_msgs) StdoutLine: {'line': b'-- Up-to-date symlink: /home/carlos/ros2_ws/install/px4_msgs/share/px4_msgs/cmake/rosidl_cmake_export_typesupport_libraries-extras.cmake\n'}
[1.996404] (px4_msgs) StdoutLine: {'line': b'-- Up-to-date symlink: /home/carlos/ros2_ws/install/px4_msgs/share/px4_msgs/cmake/px4_msgsConfig.cmake\n'}
[1.996455] (px4_msgs) StdoutLine: {'line': b'-- Up-to-date symlink: /home/carlos/ros2_ws/install/px4_msgs/share/px4_msgs/cmake/px4_msgsConfig-version.cmake\n'}
[1.996496] (px4_msgs) StdoutLine: {'line': b'-- Up-to-date symlink: /home/carlos/ros2_ws/install/px4_msgs/share/px4_msgs/package.xml\n'}
[1.996821] (px4_msgs) StdoutLine: {'line': b'-- Up-to-date: /home/carlos/ros2_ws/install/px4_msgs/lib/libpx4_msgs__rosidl_generator_c.so\n'}
[1.997050] (px4_msgs) StdoutLine: {'line': b'-- Up-to-date: /home/carlos/ros2_ws/install/px4_msgs/lib/libpx4_msgs__rosidl_typesupport_fastrtps_c.so\n'}
[1.997271] (px4_msgs) StdoutLine: {'line': b'-- Up-to-date: /home/carlos/ros2_ws/install/px4_msgs/lib/libpx4_msgs__rosidl_typesupport_fastrtps_cpp.so\n'}
[1.997520] (px4_msgs) StdoutLine: {'line': b'-- Up-to-date: /home/carlos/ros2_ws/install/px4_msgs/lib/libpx4_msgs__rosidl_typesupport_introspection_c.so\n'}
[1.997703] (px4_msgs) StdoutLine: {'line': b'-- Up-to-date: /home/carlos/ros2_ws/install/px4_msgs/lib/libpx4_msgs__rosidl_typesupport_c.so\n'}
[1.997885] (px4_msgs) StdoutLine: {'line': b'-- Up-to-date: /home/carlos/ros2_ws/install/px4_msgs/lib/libpx4_msgs__rosidl_typesupport_introspection_cpp.so\n'}
[1.998095] (px4_msgs) StdoutLine: {'line': b'-- Up-to-date: /home/carlos/ros2_ws/install/px4_msgs/lib/libpx4_msgs__rosidl_typesupport_cpp.so\n'}
[2.003101] (-) TimerEvent: {}
[2.034104] (px4_msgs) StdoutLine: {'line': b"Listing '/home/carlos/ros2_ws/install/px4_msgs/lib/python3.12/site-packages/px4_msgs'...\n"}
[2.034329] (px4_msgs) StdoutLine: {'line': b"Listing '/home/carlos/ros2_ws/install/px4_msgs/lib/python3.12/site-packages/px4_msgs/msg'...\n"}
[2.034453] (px4_msgs) StdoutLine: {'line': b"Listing '/home/carlos/ros2_ws/install/px4_msgs/lib/python3.12/site-packages/px4_msgs/srv'...\n"}
[2.038392] (px4_msgs) StdoutLine: {'line': b'-- Up-to-date: /home/carlos/ros2_ws/install/px4_msgs/lib/libpx4_msgs__rosidl_generator_py.so\n'}
[2.038739] (px4_msgs) StdoutLine: {'line': b'-- Up-to-date: /home/carlos/ros2_ws/install/px4_msgs/share/px4_msgs/cmake/export_px4_msgs__rosidl_generator_cExport.cmake\n'}
[2.038834] (px4_msgs) StdoutLine: {'line': b'-- Up-to-date: /home/carlos/ros2_ws/install/px4_msgs/share/px4_msgs/cmake/export_px4_msgs__rosidl_generator_cExport-noconfig.cmake\n'}
[2.038954] (px4_msgs) StdoutLine: {'line': b'-- Up-to-date: /home/carlos/ros2_ws/install/px4_msgs/share/px4_msgs/cmake/export_px4_msgs__rosidl_typesupport_fastrtps_cExport.cmake\n'}
[2.039042] (px4_msgs) StdoutLine: {'line': b'-- Up-to-date: /home/carlos/ros2_ws/install/px4_msgs/share/px4_msgs/cmake/export_px4_msgs__rosidl_typesupport_fastrtps_cExport-noconfig.cmake\n'}
[2.039170] (px4_msgs) StdoutLine: {'line': b'-- Up-to-date: /home/carlos/ros2_ws/install/px4_msgs/share/px4_msgs/cmake/export_px4_msgs__rosidl_generator_cppExport.cmake\n'}
[2.039305] (px4_msgs) StdoutLine: {'line': b'-- Up-to-date: /home/carlos/ros2_ws/install/px4_msgs/share/px4_msgs/cmake/export_px4_msgs__rosidl_typesupport_fastrtps_cppExport.cmake\n'}
[2.039371] (px4_msgs) StdoutLine: {'line': b'-- Up-to-date: /home/carlos/ros2_ws/install/px4_msgs/share/px4_msgs/cmake/export_px4_msgs__rosidl_typesupport_fastrtps_cppExport-noconfig.cmake\n'}
[2.039506] (px4_msgs) StdoutLine: {'line': b'-- Up-to-date: /home/carlos/ros2_ws/install/px4_msgs/share/px4_msgs/cmake/px4_msgs__rosidl_typesupport_introspection_cExport.cmake\n'}
[2.039576] (px4_msgs) StdoutLine: {'line': b'-- Up-to-date: /home/carlos/ros2_ws/install/px4_msgs/share/px4_msgs/cmake/px4_msgs__rosidl_typesupport_introspection_cExport-noconfig.cmake\n'}
[2.039647] (px4_msgs) StdoutLine: {'line': b'-- Up-to-date: /home/carlos/ros2_ws/install/px4_msgs/share/px4_msgs/cmake/px4_msgs__rosidl_typesupport_cExport.cmake\n'}
[2.039746] (px4_msgs) StdoutLine: {'line': b'-- Up-to-date: /home/carlos/ros2_ws/install/px4_msgs/share/px4_msgs/cmake/px4_msgs__rosidl_typesupport_cExport-noconfig.cmake\n'}
[2.039814] (px4_msgs) StdoutLine: {'line': b'-- Up-to-date: /home/carlos/ros2_ws/install/px4_msgs/share/px4_msgs/cmake/px4_msgs__rosidl_typesupport_introspection_cppExport.cmake\n'}
[2.039877] (px4_msgs) StdoutLine: {'line': b'-- Up-to-date: /home/carlos/ros2_ws/install/px4_msgs/share/px4_msgs/cmake/px4_msgs__rosidl_typesupport_introspection_cppExport-noconfig.cmake\n'}
[2.039967] (px4_msgs) StdoutLine: {'line': b'-- Up-to-date: /home/carlos/ros2_ws/install/px4_msgs/share/px4_msgs/cmake/px4_msgs__rosidl_typesupport_cppExport.cmake\n'}
[2.040017] (px4_msgs) StdoutLine: {'line': b'-- Up-to-date: /home/carlos/ros2_ws/install/px4_msgs/share/px4_msgs/cmake/px4_msgs__rosidl_typesupport_cppExport-noconfig.cmake\n'}
[2.040061] (px4_msgs) StdoutLine: {'line': b'-- Up-to-date: /home/carlos/ros2_ws/install/px4_msgs/share/px4_msgs/cmake/export_px4_msgs__rosidl_generator_pyExport.cmake\n'}
[2.040103] (px4_msgs) StdoutLine: {'line': b'-- Up-to-date: /home/carlos/ros2_ws/install/px4_msgs/share/px4_msgs/cmake/export_px4_msgs__rosidl_generator_pyExport-noconfig.cmake\n'}
[2.042828] (px4_msgs) CommandEnded: {'returncode': 0}
[2.103243] (-) TimerEvent: {}
[2.105886] (px4_msgs) JobEnded: {'identifier': 'px4_msgs', 'rc': 0}
[2.106513] (control) JobStarted: {'identifier': 'control'}
[2.108892] (px4_ros_com) JobStarted: {'identifier': 'px4_ros_com'}
[2.113787] (control) JobProgress: {'identifier': 'control', 'progress': 'cmake'}
[2.118345] (control) JobProgress: {'identifier': 'control', 'progress': 'build'}
[2.118949] (control) Command: {'cmd': ['/usr/bin/cmake', '--build', '/home/carlos/ros2_ws/build/control', '--', '-j16', '-l16'], 'cwd': '/home/carlos/ros2_ws/build/control', 'env': OrderedDict({'GJS_DEBUG_TOPICS': 'JS ERROR;JS LOG', 'XDG_ACTIVATION_TOKEN': 'gnome-shell/Terminator/2877-9-carlos-Lenovo-Slim-Pro-7-14ARP8_TIME5300550', 'LESSOPEN': '| /usr/bin/lesspipe %s', 'USER': 'carlos', 'XDG_SESSION_TYPE': 'x11', 'CLUTTER_DISABLE_MIPMAPPED_TEXT': '1', 'SHLVL': '1', 'LD_LIBRARY_PATH': '/home/carlos/ros2_ws/install/px4_msgs/lib:/home/carlos/ros2_ws/install/px4_ros_com/lib:/opt/ros/jazzy/opt/zenoh_cpp_vendor/lib:/opt/ros/jazzy/opt/rviz_ogre_vendor/lib:/opt/ros/jazzy/lib/x86_64-linux-gnu:/opt/ros/jazzy/opt/gz_math_vendor/lib:/opt/ros/jazzy/opt/gz_utils_vendor/lib:/opt/ros/jazzy/opt/gz_cmake_vendor/lib:/opt/ros/jazzy/lib', 'HOME': '/home/carlos', 'OLDPWD': '/home/carlos', 'DESKTOP_SESSION': 'ubuntu', 'GIO_LAUNCHED_DESKTOP_FILE': '/usr/share/applications/terminator.desktop', 'ROS_PYTHON_VERSION': '3', 'GNOME_SHELL_SESSION_MODE': 'ubuntu', 'GTK_MODULES': 'gail:atk-bridge', 'MANAGERPID': '2400', 'SYSTEMD_EXEC_PID': '2877', 'GSM_SKIP_SSH_AGENT_WORKAROUND': 'true', 'DBUS_SESSION_BUS_ADDRESS': 'unix:path=/run/user/1000/bus', 'COLORTERM': 'truecolor', 'TERMINATOR_DBUS_NAME': 'net.tenshu.Terminator23558193cd9818af7fe4d2c2f5bd9d00f', 'GIO_LAUNCHED_DESKTOP_FILE_PID': '18200', 'DEBUGINFOD_URLS': 'https://debuginfod.ubuntu.com', 'COLCON_PREFIX_PATH': '/home/carlos/ros2_ws/install', 'ROS_DISTRO': 'jazzy', 'LOGNAME': 'carlos', 'JOURNAL_STREAM': '9:26749', '_': '/usr/bin/colcon', 'ROS_VERSION': '2', 'MEMORY_PRESSURE_WATCH': '/sys/fs/cgroup/user.slice/user-1000.slice/user@1000.service/session.slice/org.gnome.Shell@x11.service/memory.pressure', 'XDG_SESSION_CLASS': 'user', 'USERNAME': 'carlos', 'TERM': 'xterm-256color', 'GNOME_DESKTOP_SESSION_ID': 'this-is-deprecated', 'WINDOWPATH': '2', 'PATH': '/opt/ros/jazzy/bin:/home/carlos/.local/bin:/usr/local/sbin:/usr/local/bin:/usr/sbin:/usr/bin:/sbin:/bin:/usr/games:/usr/local/games:/snap/bin:/snap/bin:/opt/xtensa-esp-elf/bin/', 'SESSION_MANAGER': 'local/carlos-Lenovo-Slim-Pro-7-14ARP8:@/tmp/.ICE-unix/2819,unix/carlos-Lenovo-Slim-Pro-7-14ARP8:/tmp/.ICE-unix/2819', 'INVOCATION_ID': 'dcee714882ff4e158556c6e32b3863f8', 'XDG_MENU_PREFIX': 'gnome-', 'XDG_RUNTIME_DIR': '/run/user/1000', 'DISPLAY': ':1', 'TERMINATOR_DBUS_PATH': '/net/tenshu/Terminator2', 'LANG': 'en_US.UTF-8', 'XDG_CURRENT_DESKTOP': 'ubuntu:GNOME', 'XMODIFIERS': '@im=ibus', 'XDG_SESSION_DESKTOP': 'ubuntu', 'XAUTHORITY': '/run/user/1000/gdm/Xauthority', 'LS_COLORS': 'rs=0:di=01;34:ln=01;36:mh=00:pi=40;33:so=01;35:do=01;35:bd=40;33;01:cd=40;33;01:or=40;31;01:mi=00:su=37;41:sg=30;43:ca=00:tw=30;42:ow=34;42:st=37;44:ex=01;32:*.tar=01;31:*.tgz=01;31:*.arc=01;31:*.arj=01;31:*.taz=01;31:*.lha=01;31:*.lz4=01;31:*.lzh=01;31:*.lzma=01;31:*.tlz=01;31:*.txz=01;31:*.tzo=01;31:*.t7z=01;31:*.zip=01;31:*.z=01;31:*.dz=01;31:*.gz=01;31:*.lrz=01;31:*.lz=01;31:*.lzo=01;31:*.xz=01;31:*.zst=01;31:*.tzst=01;31:*.bz2=01;31:*.bz=01;31:*.tbz=01;31:*.tbz2=01;31:*.tz=01;31:*.deb=01;31:*.rpm=01;31:*.jar=01;31:*.war=01;31:*.ear=01;31:*.sar=01;31:*.rar=01;31:*.alz=01;31:*.ace=01;31:*.zoo=01;31:*.cpio=01;31:*.7z=01;31:*.rz=01;31:*.cab=01;31:*.wim=01;31:*.swm=01;31:*.dwm=01;31:*.esd=01;31:*.avif=01;35:*.jpg=01;35:*.jpeg=01;35:*.mjpg=01;35:*.mjpeg=01;35:*.gif=01;35:*.bmp=01;35:*.pbm=01;35:*.pgm=01;35:*.ppm=01;35:*.tga=01;35:*.xbm=01;35:*.xpm=01;35:*.tif=01;35:*.tiff=01;35:*.png=01;35:*.svg=01;35:*.svgz=01;35:*.mng=01;35:*.pcx=01;35:*.mov=01;35:*.mpg=01;35:*.mpeg=01;35:*.m2v=01;35:*.mkv=01;35:*.webm=01;35:*.webp=01;35:*.ogm=01;35:*.mp4=01;35:*.m4v=01;35:*.mp4v=01;35:*.vob=01;35:*.qt=01;35:*.nuv=01;35:*.wmv=01;35:*.asf=01;35:*.rm=01;35:*.rmvb=01;35:*.flc=01;35:*.avi=01;35:*.fli=01;35:*.flv=01;35:*.gl=01;35:*.dl=01;35:*.xcf=01;35:*.xwd=01;35:*.yuv=01;35:*.cgm=01;35:*.emf=01;35:*.ogv=01;35:*.ogx=01;35:*.aac=00;36:*.au=00;36:*.flac=00;36:*.m4a=00;36:*.mid=00;36:*.midi=00;36:*.mka=00;36:*.mp3=00;36:*.mpc=00;36:*.ogg=00;36:*.ra=00;36:*.wav=00;36:*.oga=00;36:*.opus=00;36:*.spx=00;36:*.xspf=00;36:*~=00;90:*#=00;90:*.bak=00;90:*.crdownload=00;90:*.dpkg-dist=00;90:*.dpkg-new=00;90:*.dpkg-old=00;90:*.dpkg-tmp=00;90:*.old=00;90:*.orig=00;90:*.part=00;90:*.rej=00;90:*.rpmnew=00;90:*.rpmorig=00;90:*.rpmsave=00;90:*.swp=00;90:*.tmp=00;90:*.ucf-dist=00;90:*.ucf-new=00;90:*.ucf-old=00;90:', 'SSH_AUTH_SOCK': '/run/user/1000/keyring/ssh', 'AMENT_PREFIX_PATH': '/home/carlos/ros2_ws/install/px4_ros_com:/home/carlos/ros2_ws/install/control:/home/carlos/ros2_ws/install/px4_msgs:/opt/ros/jazzy', 'SHELL': '/bin/bash', 'TERMINATOR_UUID': 'urn:uuid:a6ce0b40-75fc-4dfb-baeb-91d7a3d2f383', 'QT_ACCESSIBILITY': '1', 'GDMSESSION': 'ubuntu', 'LESSCLOSE': '/usr/bin/lesspipe %s %s', 'GPG_AGENT_INFO': '/run/user/1000/gnupg/S.gpg-agent:0:1', 'GJS_DEBUG_OUTPUT': 'stderr', 'ROS_AUTOMATIC_DISCOVERY_RANGE': 'SUBNET', 'QT_IM_MODULE': 'ibus', 'PWD': '/home/carlos/ros2_ws/build/control', 'XDG_CONFIG_DIRS': '/etc/xdg/xdg-ubuntu:/etc/xdg', 'XDG_DATA_DIRS': '/usr/share/ubuntu:/usr/share/gnome:/usr/local/share/:/usr/share/:/var/lib/snapd/desktop', 'PYTHONPATH': '/home/carlos/ros2_ws/install/px4_msgs/lib/python3.12/site-packages:/home/carlos/ros2_ws/install/px4_ros_com/lib/python3.12/site-packages:/opt/ros/jazzy/lib/python3.12/site-packages', 'COLCON': '1', 'MEMORY_PRESSURE_WRITE': 'c29tZSAyMDAwMDAgMjAwMDAwMAA=', 'VTE_VERSION': '7600', 'CMAKE_PREFIX_PATH': '/home/carlos/ros2_ws/install/px4_msgs:/home/carlos/ros2_ws/install/px4_ros_com:/home/carlos/ros2_ws/install/control:/opt/ros/jazzy/opt/gz_math_vendor:/opt/ros/jazzy/opt/gz_utils_vendor:/opt/ros/jazzy/opt/gz_cmake_vendor:/opt/ros/jazzy'}), 'shell': False}
[2.120949] (px4_ros_com) JobProgress: {'identifier': 'px4_ros_com', 'progress': 'cmake'}
[2.121172] (px4_ros_com) JobProgress: {'identifier': 'px4_ros_com', 'progress': 'build'}
[2.121308] (px4_ros_com) Command: {'cmd': ['/usr/bin/cmake', '--build', '/home/carlos/ros2_ws/build/px4_ros_com', '--', '-j16', '-l16'], 'cwd': '/home/carlos/ros2_ws/build/px4_ros_com', 'env': OrderedDict({'GJS_DEBUG_TOPICS': 'JS ERROR;JS LOG', 'XDG_ACTIVATION_TOKEN': 'gnome-shell/Terminator/2877-9-carlos-Lenovo-Slim-Pro-7-14ARP8_TIME5300550', 'LESSOPEN': '| /usr/bin/lesspipe %s', 'USER': 'carlos', 'XDG_SESSION_TYPE': 'x11', 'CLUTTER_DISABLE_MIPMAPPED_TEXT': '1', 'SHLVL': '1', 'LD_LIBRARY_PATH': '/home/carlos/ros2_ws/install/px4_msgs/lib:/home/carlos/ros2_ws/install/px4_ros_com/lib:/opt/ros/jazzy/opt/zenoh_cpp_vendor/lib:/opt/ros/jazzy/opt/rviz_ogre_vendor/lib:/opt/ros/jazzy/lib/x86_64-linux-gnu:/opt/ros/jazzy/opt/gz_math_vendor/lib:/opt/ros/jazzy/opt/gz_utils_vendor/lib:/opt/ros/jazzy/opt/gz_cmake_vendor/lib:/opt/ros/jazzy/lib', 'HOME': '/home/carlos', 'OLDPWD': '/home/carlos', 'DESKTOP_SESSION': 'ubuntu', 'GIO_LAUNCHED_DESKTOP_FILE': '/usr/share/applications/terminator.desktop', 'ROS_PYTHON_VERSION': '3', 'GNOME_SHELL_SESSION_MODE': 'ubuntu', 'GTK_MODULES': 'gail:atk-bridge', 'MANAGERPID': '2400', 'SYSTEMD_EXEC_PID': '2877', 'GSM_SKIP_SSH_AGENT_WORKAROUND': 'true', 'DBUS_SESSION_BUS_ADDRESS': 'unix:path=/run/user/1000/bus', 'COLORTERM': 'truecolor', 'TERMINATOR_DBUS_NAME': 'net.tenshu.Terminator23558193cd9818af7fe4d2c2f5bd9d00f', 'GIO_LAUNCHED_DESKTOP_FILE_PID': '18200', 'DEBUGINFOD_URLS': 'https://debuginfod.ubuntu.com', 'COLCON_PREFIX_PATH': '/home/carlos/ros2_ws/install', 'ROS_DISTRO': 'jazzy', 'LOGNAME': 'carlos', 'JOURNAL_STREAM': '9:26749', '_': '/usr/bin/colcon', 'ROS_VERSION': '2', 'MEMORY_PRESSURE_WATCH': '/sys/fs/cgroup/user.slice/user-1000.slice/user@1000.service/session.slice/org.gnome.Shell@x11.service/memory.pressure', 'XDG_SESSION_CLASS': 'user', 'USERNAME': 'carlos', 'TERM': 'xterm-256color', 'GNOME_DESKTOP_SESSION_ID': 'this-is-deprecated', 'WINDOWPATH': '2', 'PATH': '/opt/ros/jazzy/bin:/home/carlos/.local/bin:/usr/local/sbin:/usr/local/bin:/usr/sbin:/usr/bin:/sbin:/bin:/usr/games:/usr/local/games:/snap/bin:/snap/bin:/opt/xtensa-esp-elf/bin/', 'SESSION_MANAGER': 'local/carlos-Lenovo-Slim-Pro-7-14ARP8:@/tmp/.ICE-unix/2819,unix/carlos-Lenovo-Slim-Pro-7-14ARP8:/tmp/.ICE-unix/2819', 'INVOCATION_ID': 'dcee714882ff4e158556c6e32b3863f8', 'XDG_MENU_PREFIX': 'gnome-', 'XDG_RUNTIME_DIR': '/run/user/1000', 'DISPLAY': ':1', 'TERMINATOR_DBUS_PATH': '/net/tenshu/Terminator2', 'LANG': 'en_US.UTF-8', 'XDG_CURRENT_DESKTOP': 'ubuntu:GNOME', 'XMODIFIERS': '@im=ibus', 'XDG_SESSION_DESKTOP': 'ubuntu', 'XAUTHORITY': '/run/user/1000/gdm/Xauthority', 'LS_COLORS': 'rs=0:di=01;34:ln=01;36:mh=00:pi=40;33:so=01;35:do=01;35:bd=40;33;01:cd=40;33;01:or=40;31;01:mi=00:su=37;41:sg=30;43:ca=00:tw=30;42:ow=34;42:st=37;44:ex=01;32:*.tar=01;31:*.tgz=01;31:*.arc=01;31:*.arj=01;31:*.taz=01;31:*.lha=01;31:*.lz4=01;31:*.lzh=01;31:*.lzma=01;31:*.tlz=01;31:*.txz=01;31:*.tzo=01;31:*.t7z=01;31:*.zip=01;31:*.z=01;31:*.dz=01;31:*.gz=01;31:*.lrz=01;31:*.lz=01;31:*.lzo=01;31:*.xz=01;31:*.zst=01;31:*.tzst=01;31:*.bz2=01;31:*.bz=01;31:*.tbz=01;31:*.tbz2=01;31:*.tz=01;31:*.deb=01;31:*.rpm=01;31:*.jar=01;31:*.war=01;31:*.ear=01;31:*.sar=01;31:*.rar=01;31:*.alz=01;31:*.ace=01;31:*.zoo=01;31:*.cpio=01;31:*.7z=01;31:*.rz=01;31:*.cab=01;31:*.wim=01;31:*.swm=01;31:*.dwm=01;31:*.esd=01;31:*.avif=01;35:*.jpg=01;35:*.jpeg=01;35:*.mjpg=01;35:*.mjpeg=01;35:*.gif=01;35:*.bmp=01;35:*.pbm=01;35:*.pgm=01;35:*.ppm=01;35:*.tga=01;35:*.xbm=01;35:*.xpm=01;35:*.tif=01;35:*.tiff=01;35:*.png=01;35:*.svg=01;35:*.svgz=01;35:*.mng=01;35:*.pcx=01;35:*.mov=01;35:*.mpg=01;35:*.mpeg=01;35:*.m2v=01;35:*.mkv=01;35:*.webm=01;35:*.webp=01;35:*.ogm=01;35:*.mp4=01;35:*.m4v=01;35:*.mp4v=01;35:*.vob=01;35:*.qt=01;35:*.nuv=01;35:*.wmv=01;35:*.asf=01;35:*.rm=01;35:*.rmvb=01;35:*.flc=01;35:*.avi=01;35:*.fli=01;35:*.flv=01;35:*.gl=01;35:*.dl=01;35:*.xcf=01;35:*.xwd=01;35:*.yuv=01;35:*.cgm=01;35:*.emf=01;35:*.ogv=01;35:*.ogx=01;35:*.aac=00;36:*.au=00;36:*.flac=00;36:*.m4a=00;36:*.mid=00;36:*.midi=00;36:*.mka=00;36:*.mp3=00;36:*.mpc=00;36:*.ogg=00;36:*.ra=00;36:*.wav=00;36:*.oga=00;36:*.opus=00;36:*.spx=00;36:*.xspf=00;36:*~=00;90:*#=00;90:*.bak=00;90:*.crdownload=00;90:*.dpkg-dist=00;90:*.dpkg-new=00;90:*.dpkg-old=00;90:*.dpkg-tmp=00;90:*.old=00;90:*.orig=00;90:*.part=00;90:*.rej=00;90:*.rpmnew=00;90:*.rpmorig=00;90:*.rpmsave=00;90:*.swp=00;90:*.tmp=00;90:*.ucf-dist=00;90:*.ucf-new=00;90:*.ucf-old=00;90:', 'SSH_AUTH_SOCK': '/run/user/1000/keyring/ssh', 'AMENT_PREFIX_PATH': '/home/carlos/ros2_ws/install/px4_ros_com:/home/carlos/ros2_ws/install/control:/home/carlos/ros2_ws/install/px4_msgs:/opt/ros/jazzy', 'SHELL': '/bin/bash', 'TERMINATOR_UUID': 'urn:uuid:a6ce0b40-75fc-4dfb-baeb-91d7a3d2f383', 'QT_ACCESSIBILITY': '1', 'GDMSESSION': 'ubuntu', 'LESSCLOSE': '/usr/bin/lesspipe %s %s', 'GPG_AGENT_INFO': '/run/user/1000/gnupg/S.gpg-agent:0:1', 'GJS_DEBUG_OUTPUT': 'stderr', 'ROS_AUTOMATIC_DISCOVERY_RANGE': 'SUBNET', 'QT_IM_MODULE': 'ibus', 'PWD': '/home/carlos/ros2_ws/build/px4_ros_com', 'XDG_CONFIG_DIRS': '/etc/xdg/xdg-ubuntu:/etc/xdg', 'XDG_DATA_DIRS': '/usr/share/ubuntu:/usr/share/gnome:/usr/local/share/:/usr/share/:/var/lib/snapd/desktop', 'PYTHONPATH': '/home/carlos/ros2_ws/install/px4_msgs/lib/python3.12/site-packages:/home/carlos/ros2_ws/install/px4_ros_com/lib/python3.12/site-packages:/opt/ros/jazzy/lib/python3.12/site-packages', 'COLCON': '1', 'MEMORY_PRESSURE_WRITE': 'c29tZSAyMDAwMDAgMjAwMDAwMAA=', 'VTE_VERSION': '7600', 'CMAKE_PREFIX_PATH': '/home/carlos/ros2_ws/install/px4_msgs:/home/carlos/ros2_ws/install/px4_ros_com:/home/carlos/ros2_ws/install/control:/opt/ros/jazzy/opt/gz_math_vendor:/opt/ros/jazzy/opt/gz_utils_vendor:/opt/ros/jazzy/opt/gz_cmake_vendor:/opt/ros/jazzy'}), 'shell': False}
[2.161417] (control) CommandEnded: {'returncode': 0}
[2.162067] (control) JobProgress: {'identifier': 'control', 'progress': 'install'}
[2.162213] (control) Command: {'cmd': ['/usr/bin/cmake', '--install', '/home/carlos/ros2_ws/build/control'], 'cwd': '/home/carlos/ros2_ws/build/control', 'env': OrderedDict({'GJS_DEBUG_TOPICS': 'JS ERROR;JS LOG', 'XDG_ACTIVATION_TOKEN': 'gnome-shell/Terminator/2877-9-carlos-Lenovo-Slim-Pro-7-14ARP8_TIME5300550', 'LESSOPEN': '| /usr/bin/lesspipe %s', 'USER': 'carlos', 'XDG_SESSION_TYPE': 'x11', 'CLUTTER_DISABLE_MIPMAPPED_TEXT': '1', 'SHLVL': '1', 'LD_LIBRARY_PATH': '/home/carlos/ros2_ws/install/px4_msgs/lib:/home/carlos/ros2_ws/install/px4_ros_com/lib:/opt/ros/jazzy/opt/zenoh_cpp_vendor/lib:/opt/ros/jazzy/opt/rviz_ogre_vendor/lib:/opt/ros/jazzy/lib/x86_64-linux-gnu:/opt/ros/jazzy/opt/gz_math_vendor/lib:/opt/ros/jazzy/opt/gz_utils_vendor/lib:/opt/ros/jazzy/opt/gz_cmake_vendor/lib:/opt/ros/jazzy/lib', 'HOME': '/home/carlos', 'OLDPWD': '/home/carlos', 'DESKTOP_SESSION': 'ubuntu', 'GIO_LAUNCHED_DESKTOP_FILE': '/usr/share/applications/terminator.desktop', 'ROS_PYTHON_VERSION': '3', 'GNOME_SHELL_SESSION_MODE': 'ubuntu', 'GTK_MODULES': 'gail:atk-bridge', 'MANAGERPID': '2400', 'SYSTEMD_EXEC_PID': '2877', 'GSM_SKIP_SSH_AGENT_WORKAROUND': 'true', 'DBUS_SESSION_BUS_ADDRESS': 'unix:path=/run/user/1000/bus', 'COLORTERM': 'truecolor', 'TERMINATOR_DBUS_NAME': 'net.tenshu.Terminator23558193cd9818af7fe4d2c2f5bd9d00f', 'GIO_LAUNCHED_DESKTOP_FILE_PID': '18200', 'DEBUGINFOD_URLS': 'https://debuginfod.ubuntu.com', 'COLCON_PREFIX_PATH': '/home/carlos/ros2_ws/install', 'ROS_DISTRO': 'jazzy', 'LOGNAME': 'carlos', 'JOURNAL_STREAM': '9:26749', '_': '/usr/bin/colcon', 'ROS_VERSION': '2', 'MEMORY_PRESSURE_WATCH': '/sys/fs/cgroup/user.slice/user-1000.slice/user@1000.service/session.slice/org.gnome.Shell@x11.service/memory.pressure', 'XDG_SESSION_CLASS': 'user', 'USERNAME': 'carlos', 'TERM': 'xterm-256color', 'GNOME_DESKTOP_SESSION_ID': 'this-is-deprecated', 'WINDOWPATH': '2', 'PATH': '/opt/ros/jazzy/bin:/home/carlos/.local/bin:/usr/local/sbin:/usr/local/bin:/usr/sbin:/usr/bin:/sbin:/bin:/usr/games:/usr/local/games:/snap/bin:/snap/bin:/opt/xtensa-esp-elf/bin/', 'SESSION_MANAGER': 'local/carlos-Lenovo-Slim-Pro-7-14ARP8:@/tmp/.ICE-unix/2819,unix/carlos-Lenovo-Slim-Pro-7-14ARP8:/tmp/.ICE-unix/2819', 'INVOCATION_ID': 'dcee714882ff4e158556c6e32b3863f8', 'XDG_MENU_PREFIX': 'gnome-', 'XDG_RUNTIME_DIR': '/run/user/1000', 'DISPLAY': ':1', 'TERMINATOR_DBUS_PATH': '/net/tenshu/Terminator2', 'LANG': 'en_US.UTF-8', 'XDG_CURRENT_DESKTOP': 'ubuntu:GNOME', 'XMODIFIERS': '@im=ibus', 'XDG_SESSION_DESKTOP': 'ubuntu', 'XAUTHORITY': '/run/user/1000/gdm/Xauthority', 'LS_COLORS': 'rs=0:di=01;34:ln=01;36:mh=00:pi=40;33:so=01;35:do=01;35:bd=40;33;01:cd=40;33;01:or=40;31;01:mi=00:su=37;41:sg=30;43:ca=00:tw=30;42:ow=34;42:st=37;44:ex=01;32:*.tar=01;31:*.tgz=01;31:*.arc=01;31:*.arj=01;31:*.taz=01;31:*.lha=01;31:*.lz4=01;31:*.lzh=01;31:*.lzma=01;31:*.tlz=01;31:*.txz=01;31:*.tzo=01;31:*.t7z=01;31:*.zip=01;31:*.z=01;31:*.dz=01;31:*.gz=01;31:*.lrz=01;31:*.lz=01;31:*.lzo=01;31:*.xz=01;31:*.zst=01;31:*.tzst=01;31:*.bz2=01;31:*.bz=01;31:*.tbz=01;31:*.tbz2=01;31:*.tz=01;31:*.deb=01;31:*.rpm=01;31:*.jar=01;31:*.war=01;31:*.ear=01;31:*.sar=01;31:*.rar=01;31:*.alz=01;31:*.ace=01;31:*.zoo=01;31:*.cpio=01;31:*.7z=01;31:*.rz=01;31:*.cab=01;31:*.wim=01;31:*.swm=01;31:*.dwm=01;31:*.esd=01;31:*.avif=01;35:*.jpg=01;35:*.jpeg=01;35:*.mjpg=01;35:*.mjpeg=01;35:*.gif=01;35:*.bmp=01;35:*.pbm=01;35:*.pgm=01;35:*.ppm=01;35:*.tga=01;35:*.xbm=01;35:*.xpm=01;35:*.tif=01;35:*.tiff=01;35:*.png=01;35:*.svg=01;35:*.svgz=01;35:*.mng=01;35:*.pcx=01;35:*.mov=01;35:*.mpg=01;35:*.mpeg=01;35:*.m2v=01;35:*.mkv=01;35:*.webm=01;35:*.webp=01;35:*.ogm=01;35:*.mp4=01;35:*.m4v=01;35:*.mp4v=01;35:*.vob=01;35:*.qt=01;35:*.nuv=01;35:*.wmv=01;35:*.asf=01;35:*.rm=01;35:*.rmvb=01;35:*.flc=01;35:*.avi=01;35:*.fli=01;35:*.flv=01;35:*.gl=01;35:*.dl=01;35:*.xcf=01;35:*.xwd=01;35:*.yuv=01;35:*.cgm=01;35:*.emf=01;35:*.ogv=01;35:*.ogx=01;35:*.aac=00;36:*.au=00;36:*.flac=00;36:*.m4a=00;36:*.mid=00;36:*.midi=00;36:*.mka=00;36:*.mp3=00;36:*.mpc=00;36:*.ogg=00;36:*.ra=00;36:*.wav=00;36:*.oga=00;36:*.opus=00;36:*.spx=00;36:*.xspf=00;36:*~=00;90:*#=00;90:*.bak=00;90:*.crdownload=00;90:*.dpkg-dist=00;90:*.dpkg-new=00;90:*.dpkg-old=00;90:*.dpkg-tmp=00;90:*.old=00;90:*.orig=00;90:*.part=00;90:*.rej=00;90:*.rpmnew=00;90:*.rpmorig=00;90:*.rpmsave=00;90:*.swp=00;90:*.tmp=00;90:*.ucf-dist=00;90:*.ucf-new=00;90:*.ucf-old=00;90:', 'SSH_AUTH_SOCK': '/run/user/1000/keyring/ssh', 'AMENT_PREFIX_PATH': '/home/carlos/ros2_ws/install/px4_ros_com:/home/carlos/ros2_ws/install/control:/home/carlos/ros2_ws/install/px4_msgs:/opt/ros/jazzy', 'SHELL': '/bin/bash', 'TERMINATOR_UUID': 'urn:uuid:a6ce0b40-75fc-4dfb-baeb-91d7a3d2f383', 'QT_ACCESSIBILITY': '1', 'GDMSESSION': 'ubuntu', 'LESSCLOSE': '/usr/bin/lesspipe %s %s', 'GPG_AGENT_INFO': '/run/user/1000/gnupg/S.gpg-agent:0:1', 'GJS_DEBUG_OUTPUT': 'stderr', 'ROS_AUTOMATIC_DISCOVERY_RANGE': 'SUBNET', 'QT_IM_MODULE': 'ibus', 'PWD': '/home/carlos/ros2_ws/build/control', 'XDG_CONFIG_DIRS': '/etc/xdg/xdg-ubuntu:/etc/xdg', 'XDG_DATA_DIRS': '/usr/share/ubuntu:/usr/share/gnome:/usr/local/share/:/usr/share/:/var/lib/snapd/desktop', 'PYTHONPATH': '/home/carlos/ros2_ws/install/px4_msgs/lib/python3.12/site-packages:/home/carlos/ros2_ws/install/px4_ros_com/lib/python3.12/site-packages:/opt/ros/jazzy/lib/python3.12/site-packages', 'COLCON': '1', 'MEMORY_PRESSURE_WRITE': 'c29tZSAyMDAwMDAgMjAwMDAwMAA=', 'VTE_VERSION': '7600', 'CMAKE_PREFIX_PATH': '/home/carlos/ros2_ws/install/px4_msgs:/home/carlos/ros2_ws/install/px4_ros_com:/home/carlos/ros2_ws/install/control:/opt/ros/jazzy/opt/gz_math_vendor:/opt/ros/jazzy/opt/gz_utils_vendor:/opt/ros/jazzy/opt/gz_cmake_vendor:/opt/ros/jazzy'}), 'shell': False}
[2.170159] (control) StdoutLine: {'line': b'-- Install configuration: ""\n'}
[2.170469] (control) StdoutLine: {'line': b'-- Up-to-date: /home/carlos/ros2_ws/install/control/lib/control/position_controller.py\n'}
[2.170572] (control) StdoutLine: {'line': b'-- Up-to-date: /home/carlos/ros2_ws/install/control/lib/control/field.py\n'}
[2.170655] (control) StdoutLine: {'line': b'-- Up-to-date: /home/carlos/ros2_ws/install/control/lib/control/rover_monitor.py\n'}
[2.170736] (control) StdoutLine: {'line': b'-- Up-to-date: /home/carlos/ros2_ws/install/control/lib/control/temp_query.py\n'}
[2.170820] (control) StdoutLine: {'line': b'-- Up-to-date: /home/carlos/ros2_ws/install/control/lib/control/lawnmower.py\n'}
[2.170904] (control) StdoutLine: {'line': b'-- Up-to-date: /home/carlos/ros2_ws/install/control/share/control//launch\n'}
[2.170988] (control) StdoutLine: {'line': b'-- Up-to-date: /home/carlos/ros2_ws/install/control/share/control//launch/rover_bringup.launch.py\n'}
[2.171074] (control) StdoutLine: {'line': b'-- Up-to-date: /home/carlos/ros2_ws/install/control/share/control//config\n'}
[2.171159] (control) StdoutLine: {'line': b'-- Up-to-date: /home/carlos/ros2_ws/install/control/share/control//config/rover_viz.rviz\n'}
[2.171278] (control) StdoutLine: {'line': b'-- Up-to-date: /home/carlos/ros2_ws/install/control/share/control//urdf\n'}
[2.171440] (control) StdoutLine: {'line': b'-- Up-to-date: /home/carlos/ros2_ws/install/control/share/control//urdf/meshes\n'}
[2.171535] (control) StdoutLine: {'line': b'-- Up-to-date: /home/carlos/ros2_ws/install/control/share/control//urdf/meshes/wheel_link.STL\n'}
[2.171621] (control) StdoutLine: {'line': b'-- Up-to-date: /home/carlos/ros2_ws/install/control/share/control//urdf/meshes/chassis_link.STL\n'}
[2.171735] (control) StdoutLine: {'line': b'-- Up-to-date: /home/carlos/ros2_ws/install/control/share/control//urdf/meshes/top_link.STL\n'}
[2.171831] (control) StdoutLine: {'line': b'-- Up-to-date: /home/carlos/ros2_ws/install/control/share/control//urdf/meshes/battery_link.STL\n'}
[2.171923] (control) StdoutLine: {'line': b'-- Up-to-date: /home/carlos/ros2_ws/install/control/share/control//urdf/meshes/antenna_link.STL\n'}
[2.172001] (control) StdoutLine: {'line': b'-- Up-to-date: /home/carlos/ros2_ws/install/control/share/control//urdf/meshes/housing_link.STL\n'}
[2.172071] (control) StdoutLine: {'line': b'-- Up-to-date: /home/carlos/ros2_ws/install/control/share/control//urdf/meshes/wheel_link_simple.STL\n'}
[2.172141] (control) StdoutLine: {'line': b'-- Up-to-date: /home/carlos/ros2_ws/install/control/share/control//urdf/r1_rover.urdf\n'}
[2.172211] (control) StdoutLine: {'line': b'-- Up-to-date: /home/carlos/ros2_ws/install/control/share/ament_index/resource_index/package_run_dependencies/control\n'}
[2.172331] (control) StdoutLine: {'line': b'-- Up-to-date: /home/carlos/ros2_ws/install/control/share/ament_index/resource_index/parent_prefix_path/control\n'}
[2.172399] (control) StdoutLine: {'line': b'-- Up-to-date: /home/carlos/ros2_ws/install/control/share/control/environment/ament_prefix_path.sh\n'}
[2.172479] (control) StdoutLine: {'line': b'-- Up-to-date: /home/carlos/ros2_ws/install/control/share/control/environment/ament_prefix_path.dsv\n'}
[2.172547] (control) StdoutLine: {'line': b'-- Up-to-date: /home/carlos/ros2_ws/install/control/share/control/environment/path.sh\n'}
[2.172613] (control) StdoutLine: {'line': b'-- Up-to-date: /home/carlos/ros2_ws/install/control/share/control/environment/path.dsv\n'}
[2.172680] (control) StdoutLine: {'line': b'-- Up-to-date: /home/carlos/ros2_ws/install/control/share/control/local_setup.bash\n'}
[2.172745] (control) StdoutLine: {'line': b'-- Up-to-date: /home/carlos/ros2_ws/install/control/share/control/local_setup.sh\n'}
[2.172853] (control) StdoutLine: {'line': b'-- Up-to-date: /home/carlos/ros2_ws/install/control/share/control/local_setup.zsh\n'}
[2.172918] (control) StdoutLine: {'line': b'-- Up-to-date: /home/carlos/ros2_ws/install/control/share/control/local_setup.dsv\n'}
[2.172979] (control) StdoutLine: {'line': b'-- Installing: /home/carlos/ros2_ws/install/control/share/control/package.dsv\n'}
[2.173040] (control) StdoutLine: {'line': b'-- Up-to-date: /home/carlos/ros2_ws/install/control/share/ament_index/resource_index/packages/control\n'}
[2.173103] (control) StdoutLine: {'line': b'-- Up-to-date: /home/carlos/ros2_ws/install/control/share/control/cmake/controlConfig.cmake\n'}
[2.173165] (px4_ros_com) StdoutLine: {'line': b'[ 66%] Built target sensor_combined_listener\n'}
[2.173261] (px4_ros_com) StdoutLine: {'line': b'[ 66%] Built target offboard_control\n'}
[2.173325] (px4_ros_com) StdoutLine: {'line': b'[ 66%] Built target vehicle_gps_position_listener\n'}
[2.173387] (px4_ros_com) StdoutLine: {'line': b'[ 66%] Built target frame_transforms\n'}
[2.173459] (px4_ros_com) StdoutLine: {'line': b'[ 83%] Built target offboard_control_srv\n'}
[2.173515] (control) StdoutLine: {'line': b'-- Up-to-date: /home/carlos/ros2_ws/install/control/share/control/cmake/controlConfig-version.cmake\n'}
[2.173567] (control) StdoutLine: {'line': b'-- Up-to-date: /home/carlos/ros2_ws/install/control/share/control/package.xml\n'}
[2.174505] (px4_ros_com) StdoutLine: {'line': b'[100%] Built target debug_vect_advertiser\n'}
[2.174731] (control) CommandEnded: {'returncode': 0}
[2.177739] (px4_ros_com) StdoutLine: {'line': b'[100%] Built target ament_cmake_python_symlink_px4_ros_com\n'}
[2.192271] (control) JobEnded: {'identifier': 'control', 'rc': 0}
[2.203337] (-) TimerEvent: {}
[2.303652] (-) TimerEvent: {}
[2.339321] (px4_ros_com) StdoutLine: {'line': b'running egg_info\n'}
[2.353836] (px4_ros_com) StdoutLine: {'line': b'writing px4_ros_com.egg-info/PKG-INFO\n'}
[2.354062] (px4_ros_com) StdoutLine: {'line': b'writing dependency_links to px4_ros_com.egg-info/dependency_links.txt\n'}
[2.354614] (px4_ros_com) StdoutLine: {'line': b'writing top-level names to px4_ros_com.egg-info/top_level.txt\n'}
[2.397325] (px4_ros_com) StdoutLine: {'line': b"reading manifest file 'px4_ros_com.egg-info/SOURCES.txt'\n"}
[2.397640] (px4_ros_com) StdoutLine: {'line': b"writing manifest file 'px4_ros_com.egg-info/SOURCES.txt'\n"}
[2.403757] (-) TimerEvent: {}
[2.424983] (px4_ros_com) StdoutLine: {'line': b'[100%] Built target ament_cmake_python_build_px4_ros_com_egg\n'}
[2.436679] (px4_ros_com) CommandEnded: {'returncode': 0}
[2.437291] (px4_ros_com) JobProgress: {'identifier': 'px4_ros_com', 'progress': 'install'}
[2.437685] (px4_ros_com) Command: {'cmd': ['/usr/bin/cmake', '--install', '/home/carlos/ros2_ws/build/px4_ros_com'], 'cwd': '/home/carlos/ros2_ws/build/px4_ros_com', 'env': OrderedDict({'GJS_DEBUG_TOPICS': 'JS ERROR;JS LOG', 'XDG_ACTIVATION_TOKEN': 'gnome-shell/Terminator/2877-9-carlos-Lenovo-Slim-Pro-7-14ARP8_TIME5300550', 'LESSOPEN': '| /usr/bin/lesspipe %s', 'USER': 'carlos', 'XDG_SESSION_TYPE': 'x11', 'CLUTTER_DISABLE_MIPMAPPED_TEXT': '1', 'SHLVL': '1', 'LD_LIBRARY_PATH': '/home/carlos/ros2_ws/install/px4_msgs/lib:/home/carlos/ros2_ws/install/px4_ros_com/lib:/opt/ros/jazzy/opt/zenoh_cpp_vendor/lib:/opt/ros/jazzy/opt/rviz_ogre_vendor/lib:/opt/ros/jazzy/lib/x86_64-linux-gnu:/opt/ros/jazzy/opt/gz_math_vendor/lib:/opt/ros/jazzy/opt/gz_utils_vendor/lib:/opt/ros/jazzy/opt/gz_cmake_vendor/lib:/opt/ros/jazzy/lib', 'HOME': '/home/carlos', 'OLDPWD': '/home/carlos', 'DESKTOP_SESSION': 'ubuntu', 'GIO_LAUNCHED_DESKTOP_FILE': '/usr/share/applications/terminator.desktop', 'ROS_PYTHON_VERSION': '3', 'GNOME_SHELL_SESSION_MODE': 'ubuntu', 'GTK_MODULES': 'gail:atk-bridge', 'MANAGERPID': '2400', 'SYSTEMD_EXEC_PID': '2877', 'GSM_SKIP_SSH_AGENT_WORKAROUND': 'true', 'DBUS_SESSION_BUS_ADDRESS': 'unix:path=/run/user/1000/bus', 'COLORTERM': 'truecolor', 'TERMINATOR_DBUS_NAME': 'net.tenshu.Terminator23558193cd9818af7fe4d2c2f5bd9d00f', 'GIO_LAUNCHED_DESKTOP_FILE_PID': '18200', 'DEBUGINFOD_URLS': 'https://debuginfod.ubuntu.com', 'COLCON_PREFIX_PATH': '/home/carlos/ros2_ws/install', 'ROS_DISTRO': 'jazzy', 'LOGNAME': 'carlos', 'JOURNAL_STREAM': '9:26749', '_': '/usr/bin/colcon', 'ROS_VERSION': '2', 'MEMORY_PRESSURE_WATCH': '/sys/fs/cgroup/user.slice/user-1000.slice/user@1000.service/session.slice/org.gnome.Shell@x11.service/memory.pressure', 'XDG_SESSION_CLASS': 'user', 'USERNAME': 'carlos', 'TERM': 'xterm-256color', 'GNOME_DESKTOP_SESSION_ID': 'this-is-deprecated', 'WINDOWPATH': '2', 'PATH': '/opt/ros/jazzy/bin:/home/carlos/.local/bin:/usr/local/sbin:/usr/local/bin:/usr/sbin:/usr/bin:/sbin:/bin:/usr/games:/usr/local/games:/snap/bin:/snap/bin:/opt/xtensa-esp-elf/bin/', 'SESSION_MANAGER': 'local/carlos-Lenovo-Slim-Pro-7-14ARP8:@/tmp/.ICE-unix/2819,unix/carlos-Lenovo-Slim-Pro-7-14ARP8:/tmp/.ICE-unix/2819', 'INVOCATION_ID': 'dcee714882ff4e158556c6e32b3863f8', 'XDG_MENU_PREFIX': 'gnome-', 'XDG_RUNTIME_DIR': '/run/user/1000', 'DISPLAY': ':1', 'TERMINATOR_DBUS_PATH': '/net/tenshu/Terminator2', 'LANG': 'en_US.UTF-8', 'XDG_CURRENT_DESKTOP': 'ubuntu:GNOME', 'XMODIFIERS': '@im=ibus', 'XDG_SESSION_DESKTOP': 'ubuntu', 'XAUTHORITY': '/run/user/1000/gdm/Xauthority', 'LS_COLORS': 'rs=0:di=01;34:ln=01;36:mh=00:pi=40;33:so=01;35:do=01;35:bd=40;33;01:cd=40;33;01:or=40;31;01:mi=00:su=37;41:sg=30;43:ca=00:tw=30;42:ow=34;42:st=37;44:ex=01;32:*.tar=01;31:*.tgz=01;31:*.arc=01;31:*.arj=01;31:*.taz=01;31:*.lha=01;31:*.lz4=01;31:*.lzh=01;31:*.lzma=01;31:*.tlz=01;31:*.txz=01;31:*.tzo=01;31:*.t7z=01;31:*.zip=01;31:*.z=01;31:*.dz=01;31:*.gz=01;31:*.lrz=01;31:*.lz=01;31:*.lzo=01;31:*.xz=01;31:*.zst=01;31:*.tzst=01;31:*.bz2=01;31:*.bz=01;31:*.tbz=01;31:*.tbz2=01;31:*.tz=01;31:*.deb=01;31:*.rpm=01;31:*.jar=01;31:*.war=01;31:*.ear=01;31:*.sar=01;31:*.rar=01;31:*.alz=01;31:*.ace=01;31:*.zoo=01;31:*.cpio=01;31:*.7z=01;31:*.rz=01;31:*.cab=01;31:*.wim=01;31:*.swm=01;31:*.dwm=01;31:*.esd=01;31:*.avif=01;35:*.jpg=01;35:*.jpeg=01;35:*.mjpg=01;35:*.mjpeg=01;35:*.gif=01;35:*.bmp=01;35:*.pbm=01;35:*.pgm=01;35:*.ppm=01;35:*.tga=01;35:*.xbm=01;35:*.xpm=01;35:*.tif=01;35:*.tiff=01;35:*.png=01;35:*.svg=01;35:*.svgz=01;35:*.mng=01;35:*.pcx=01;35:*.mov=01;35:*.mpg=01;35:*.mpeg=01;35:*.m2v=01;35:*.mkv=01;35:*.webm=01;35:*.webp=01;35:*.ogm=01;35:*.mp4=01;35:*.m4v=01;35:*.mp4v=01;35:*.vob=01;35:*.qt=01;35:*.nuv=01;35:*.wmv=01;35:*.asf=01;35:*.rm=01;35:*.rmvb=01;35:*.flc=01;35:*.avi=01;35:*.fli=01;35:*.flv=01;35:*.gl=01;35:*.dl=01;35:*.xcf=01;35:*.xwd=01;35:*.yuv=01;35:*.cgm=01;35:*.emf=01;35:*.ogv=01;35:*.ogx=01;35:*.aac=00;36:*.au=00;36:*.flac=00;36:*.m4a=00;36:*.mid=00;36:*.midi=00;36:*.mka=00;36:*.mp3=00;36:*.mpc=00;36:*.ogg=00;36:*.ra=00;36:*.wav=00;36:*.oga=00;36:*.opus=00;36:*.spx=00;36:*.xspf=00;36:*~=00;90:*#=00;90:*.bak=00;90:*.crdownload=00;90:*.dpkg-dist=00;90:*.dpkg-new=00;90:*.dpkg-old=00;90:*.dpkg-tmp=00;90:*.old=00;90:*.orig=00;90:*.part=00;90:*.rej=00;90:*.rpmnew=00;90:*.rpmorig=00;90:*.rpmsave=00;90:*.swp=00;90:*.tmp=00;90:*.ucf-dist=00;90:*.ucf-new=00;90:*.ucf-old=00;90:', 'SSH_AUTH_SOCK': '/run/user/1000/keyring/ssh', 'AMENT_PREFIX_PATH': '/home/carlos/ros2_ws/install/px4_ros_com:/home/carlos/ros2_ws/install/control:/home/carlos/ros2_ws/install/px4_msgs:/opt/ros/jazzy', 'SHELL': '/bin/bash', 'TERMINATOR_UUID': 'urn:uuid:a6ce0b40-75fc-4dfb-baeb-91d7a3d2f383', 'QT_ACCESSIBILITY': '1', 'GDMSESSION': 'ubuntu', 'LESSCLOSE': '/usr/bin/lesspipe %s %s', 'GPG_AGENT_INFO': '/run/user/1000/gnupg/S.gpg-agent:0:1', 'GJS_DEBUG_OUTPUT': 'stderr', 'ROS_AUTOMATIC_DISCOVERY_RANGE': 'SUBNET', 'QT_IM_MODULE': 'ibus', 'PWD': '/home/carlos/ros2_ws/build/px4_ros_com', 'XDG_CONFIG_DIRS': '/etc/xdg/xdg-ubuntu:/etc/xdg', 'XDG_DATA_DIRS': '/usr/share/ubuntu:/usr/share/gnome:/usr/local/share/:/usr/share/:/var/lib/snapd/desktop', 'PYTHONPATH': '/home/carlos/ros2_ws/install/px4_msgs/lib/python3.12/site-packages:/home/carlos/ros2_ws/install/px4_ros_com/lib/python3.12/site-packages:/opt/ros/jazzy/lib/python3.12/site-packages', 'COLCON': '1', 'MEMORY_PRESSURE_WRITE': 'c29tZSAyMDAwMDAgMjAwMDAwMAA=', 'VTE_VERSION': '7600', 'CMAKE_PREFIX_PATH': '/home/carlos/ros2_ws/install/px4_msgs:/home/carlos/ros2_ws/install/px4_ros_com:/home/carlos/ros2_ws/install/control:/opt/ros/jazzy/opt/gz_math_vendor:/opt/ros/jazzy/opt/gz_utils_vendor:/opt/ros/jazzy/opt/gz_cmake_vendor:/opt/ros/jazzy'}), 'shell': False}
[2.444465] (px4_ros_com) StdoutLine: {'line': b'-- Install configuration: ""\n'}
[2.444826] (px4_ros_com) StdoutLine: {'line': b'-- Execute custom install script\n'}
[2.445036] (px4_ros_com) StdoutLine: {'line': b'-- Up-to-date symlink: /home/carlos/ros2_ws/install/px4_ros_com/lib/px4_ros_com/sensor_combined_listener\n'}
[2.445221] (px4_ros_com) StdoutLine: {'line': b'-- Up-to-date symlink: /home/carlos/ros2_ws/install/px4_ros_com/lib/px4_ros_com/vehicle_gps_position_listener\n'}
[2.445397] (px4_ros_com) StdoutLine: {'line': b'-- Up-to-date symlink: /home/carlos/ros2_ws/install/px4_ros_com/lib/px4_ros_com/debug_vect_advertiser\n'}
[2.445591] (px4_ros_com) StdoutLine: {'line': b'-- Up-to-date symlink: /home/carlos/ros2_ws/install/px4_ros_com/lib/px4_ros_com/offboard_control\n'}
[2.445748] (px4_ros_com) StdoutLine: {'line': b'-- Up-to-date symlink: /home/carlos/ros2_ws/install/px4_ros_com/lib/px4_ros_com/offboard_control_srv\n'}
[2.445869] (px4_ros_com) StdoutLine: {'line': b'-- Up-to-date symlink: /home/carlos/ros2_ws/install/px4_ros_com/share/px4_ros_com/environment/library_path.sh\n'}
[2.445999] (px4_ros_com) StdoutLine: {'line': b'-- Up-to-date symlink: /home/carlos/ros2_ws/install/px4_ros_com/share/px4_ros_com/environment/library_path.dsv\n'}
[2.446180] (px4_ros_com) StdoutLine: {'line': b'-- Up-to-date symlink: /home/carlos/ros2_ws/install/px4_ros_com/include/px4_ros_com/frame_transforms.h\n'}
[2.446374] (px4_ros_com) StdoutLine: {'line': b'-- Up-to-date symlink: /home/carlos/ros2_ws/install/px4_ros_com/share/px4_ros_com//launch/offboard_control_launch.yaml\n'}
[2.446460] (px4_ros_com) StdoutLine: {'line': b'-- Up-to-date symlink: /home/carlos/ros2_ws/install/px4_ros_com/share/px4_ros_com//launch/sensor_combined_listener.launch.py\n'}
[2.446665] (px4_ros_com) StdoutLine: {'line': b'-- Up-to-date symlink: /home/carlos/ros2_ws/install/px4_ros_com/share/px4_ros_com//test/__init__.py\n'}
[2.446743] (px4_ros_com) StdoutLine: {'line': b'-- Up-to-date symlink: /home/carlos/ros2_ws/install/px4_ros_com/share/px4_ros_com//test/pipeline_io_test.py\n'}
[2.446819] (px4_ros_com) StdoutLine: {'line': b'-- Up-to-date symlink: /home/carlos/ros2_ws/install/px4_ros_com/share/px4_ros_com//test/test_input.py\n'}
[2.446891] (px4_ros_com) StdoutLine: {'line': b'-- Up-to-date symlink: /home/carlos/ros2_ws/install/px4_ros_com/share/px4_ros_com//test/test_output.py\n'}
[2.447000] (px4_ros_com) StdoutLine: {'line': b'-- Up-to-date symlink: /home/carlos/ros2_ws/install/px4_ros_com/share/px4_ros_com/environment/pythonpath.sh\n'}
[2.447104] (px4_ros_com) StdoutLine: {'line': b'-- Up-to-date symlink: /home/carlos/ros2_ws/install/px4_ros_com/share/px4_ros_com/environment/pythonpath.dsv\n'}
[2.447314] (px4_ros_com) StdoutLine: {'line': b'-- Up-to-date symlink: /home/carlos/ros2_ws/install/px4_ros_com/lib/python3.12/site-packages/px4_ros_com-0.1.0-py3.12.egg-info/PKG-INFO\n'}
[2.447397] (px4_ros_com) StdoutLine: {'line': b'-- Up-to-date symlink: /home/carlos/ros2_ws/install/px4_ros_com/lib/python3.12/site-packages/px4_ros_com-0.1.0-py3.12.egg-info/SOURCES.txt\n'}
[2.447548] (px4_ros_com) StdoutLine: {'line': b'-- Up-to-date symlink: /home/carlos/ros2_ws/install/px4_ros_com/lib/python3.12/site-packages/px4_ros_com-0.1.0-py3.12.egg-info/dependency_links.txt\n'}
[2.447768] (px4_ros_com) StdoutLine: {'line': b'-- Up-to-date symlink: /home/carlos/ros2_ws/install/px4_ros_com/lib/python3.12/site-packages/px4_ros_com-0.1.0-py3.12.egg-info/top_level.txt\n'}
[2.448343] (px4_ros_com) StdoutLine: {'line': b'-- Up-to-date symlink: /home/carlos/ros2_ws/install/px4_ros_com/lib/python3.12/site-packages/px4_ros_com/__init__.py\n'}
[2.448586] (px4_ros_com) StdoutLine: {'line': b'-- Up-to-date symlink: /home/carlos/ros2_ws/install/px4_ros_com/lib/python3.12/site-packages/px4_ros_com/module_to_import.py\n'}
[2.448758] (px4_ros_com) StdoutLine: {'line': b'-- Up-to-date symlink: /home/carlos/ros2_ws/install/px4_ros_com/lib/px4_ros_com/offboard_control.py\n'}
[2.448917] (px4_ros_com) StdoutLine: {'line': b'-- Up-to-date symlink: /home/carlos/ros2_ws/install/px4_ros_com/share/ament_index/resource_index/package_run_dependencies/px4_ros_com\n'}
[2.449055] (px4_ros_com) StdoutLine: {'line': b'-- Up-to-date symlink: /home/carlos/ros2_ws/install/px4_ros_com/share/ament_index/resource_index/parent_prefix_path/px4_ros_com\n'}
[2.449202] (px4_ros_com) StdoutLine: {'line': b'-- Up-to-date symlink: /home/carlos/ros2_ws/install/px4_ros_com/share/px4_ros_com/environment/ament_prefix_path.sh\n'}
[2.449315] (px4_ros_com) StdoutLine: {'line': b'-- Up-to-date symlink: /home/carlos/ros2_ws/install/px4_ros_com/share/px4_ros_com/environment/ament_prefix_path.dsv\n'}
[2.449462] (px4_ros_com) StdoutLine: {'line': b'-- Up-to-date symlink: /home/carlos/ros2_ws/install/px4_ros_com/share/px4_ros_com/environment/path.sh\n'}
[2.449575] (px4_ros_com) StdoutLine: {'line': b'-- Up-to-date symlink: /home/carlos/ros2_ws/install/px4_ros_com/share/px4_ros_com/environment/path.dsv\n'}
[2.449708] (px4_ros_com) StdoutLine: {'line': b'-- Up-to-date symlink: /home/carlos/ros2_ws/install/px4_ros_com/share/px4_ros_com/local_setup.bash\n'}
[2.449838] (px4_ros_com) StdoutLine: {'line': b'-- Up-to-date symlink: /home/carlos/ros2_ws/install/px4_ros_com/share/px4_ros_com/local_setup.sh\n'}
[2.449913] (px4_ros_com) StdoutLine: {'line': b'-- Up-to-date symlink: /home/carlos/ros2_ws/install/px4_ros_com/share/px4_ros_com/local_setup.zsh\n'}
[2.449955] (px4_ros_com) StdoutLine: {'line': b'-- Up-to-date symlink: /home/carlos/ros2_ws/install/px4_ros_com/share/px4_ros_com/local_setup.dsv\n'}
[2.450012] (px4_ros_com) StdoutLine: {'line': b'-- Symlinking: /home/carlos/ros2_ws/install/px4_ros_com/share/px4_ros_com/package.dsv\n'}
[2.460660] (px4_ros_com) StdoutLine: {'line': b'-- Up-to-date symlink: /home/carlos/ros2_ws/install/px4_ros_com/share/ament_index/resource_index/packages/px4_ros_com\n'}
[2.460955] (px4_ros_com) StdoutLine: {'line': b'-- Up-to-date symlink: /home/carlos/ros2_ws/install/px4_ros_com/share/px4_ros_com/cmake/ament_cmake_export_dependencies-extras.cmake\n'}
[2.461150] (px4_ros_com) StdoutLine: {'line': b'-- Up-to-date symlink: /home/carlos/ros2_ws/install/px4_ros_com/share/px4_ros_com/cmake/ament_cmake_export_targets-extras.cmake\n'}
[2.461299] (px4_ros_com) StdoutLine: {'line': b'-- Up-to-date symlink: /home/carlos/ros2_ws/install/px4_ros_com/share/px4_ros_com/cmake/ament_cmake_export_include_directories-extras.cmake\n'}
[2.461441] (px4_ros_com) StdoutLine: {'line': b'-- Up-to-date symlink: /home/carlos/ros2_ws/install/px4_ros_com/share/px4_ros_com/cmake/ament_cmake_export_libraries-extras.cmake\n'}
[2.461695] (px4_ros_com) StdoutLine: {'line': b'-- Up-to-date symlink: /home/carlos/ros2_ws/install/px4_ros_com/share/px4_ros_com/cmake/px4_ros_comConfig.cmake\n'}
[2.461896] (px4_ros_com) StdoutLine: {'line': b'-- Up-to-date symlink: /home/carlos/ros2_ws/install/px4_ros_com/share/px4_ros_com/cmake/px4_ros_comConfig-version.cmake\n'}
[2.461980] (px4_ros_com) StdoutLine: {'line': b'-- Up-to-date symlink: /home/carlos/ros2_ws/install/px4_ros_com/share/px4_ros_com/package.xml\n'}
[2.462141] (px4_ros_com) StdoutLine: {'line': b'-- Up-to-date: /home/carlos/ros2_ws/install/px4_ros_com/lib/libframe_transforms.so\n'}
[2.489141] (px4_ros_com) StdoutLine: {'line': b"Listing '/home/carlos/ros2_ws/install/px4_ros_com/lib/python3.12/site-packages/px4_ros_com'...\n"}
[2.493462] (px4_ros_com) StdoutLine: {'line': b'-- Up-to-date: /home/carlos/ros2_ws/install/px4_ros_com/share/px4_ros_com/cmake/export_frame_transformsExport.cmake\n'}
[2.493649] (px4_ros_com) StdoutLine: {'line': b'-- Up-to-date: /home/carlos/ros2_ws/install/px4_ros_com/share/px4_ros_com/cmake/export_frame_transformsExport-noconfig.cmake\n'}
[2.496218] (px4_ros_com) CommandEnded: {'returncode': 0}
[2.503953] (-) TimerEvent: {}
[2.517422] (px4_ros_com) JobEnded: {'identifier': 'px4_ros_com', 'rc': 0}
[2.518296] (-) EventReactorShutdown: {}
